0.000000,0.000000,0.000000,0.000000,0.000000,0.000001,0.000001,0.000001,0.000001
0.009497,0.174341,-0.109966,-0.041893,0.146743,0.044754,0.044754,0.044754,0.044754
0.020064,0.174341,-0.109966,-0.041893,0.146743,0.094534,0.094534,0.094534,0.094534
0.029549,0.172383,-0.108666,-0.040724,0.144971,0.139194,0.139194,0.139194,0.139194
0.040103,0.170005,-0.106997,-0.039394,0.142851,0.188857,0.188857,0.188857,0.188857
0.049608,0.169040,-0.105164,-0.038600,0.142340,0.233538,0.233538,0.233538,0.233538
0.060123,0.168588,-0.103264,-0.037083,0.141666,0.282903,0.282903,0.282903,0.282903
0.069623,0.168513,-0.102746,-0.036248,0.141945,0.327439,0.327439,0.327439,0.327439
0.080174,0.170218,-0.100155,-0.033700,0.145994,0.376812,0.376812,0.376812,0.376812
0.089697,0.170063,-0.097521,-0.030756,0.147359,0.421288,0.421288,0.421288,0.421288
0.100226,0.171295,-0.095592,-0.029267,0.148299,0.470354,0.470354,0.470354,0.470354
0.109751,0.172075,-0.095029,-0.028914,0.148762,0.514631,0.514631,0.514631,0.514631
0.119258,0.173783,-0.091915,-0.026124,0.150532,0.558708,0.558708,0.558708,0.558708
0.129813,0.174203,-0.091796,-0.025917,0.150973,0.607500,0.607500,0.607500,0.607500
0.139275,0.177807,-0.085268,-0.020273,0.154879,0.651095,0.651095,0.651095,0.651095
0.149826,0.179330,-0.082348,-0.017930,0.156763,0.699539,0.699539,0.699539,0.699539
0.159253,0.180894,-0.079251,-0.015492,0.158740,0.742658,0.742658,0.742658,0.742658
0.169810,0.183064,-0.075644,-0.012415,0.161131,0.790755,0.790755,0.790755,0.790755
0.179276,0.185300,-0.072058,-0.009046,0.163667,0.833695,0.833695,0.833695,0.833695
0.189820,0.191251,-0.067465,-0.004667,0.169687,0.881311,0.881311,0.881311,0.881311
0.199283,0.195032,-0.062787,0.000140,0.173037,0.923836,0.923836,0.923836,0.923836
0.209801,0.198231,-0.058728,0.004253,0.176230,0.970865,0.970865,0.970865,0.970865
0.219277,0.200671,-0.054796,0.007745,0.179077,1.013006,1.013006,1.013006,1.013006
0.229826,0.203068,-0.050691,0.011106,0.181994,1.059657,1.059657,1.059657,1.059657
0.239278,0.206104,-0.045940,0.015153,0.185494,1.101209,1.101209,1.101209,1.101209
0.249783,0.208704,-0.041708,0.018743,0.188556,1.147105,1.147105,1.147105,1.147105
0.259274,0.211935,-0.036732,0.023147,0.192235,1.188302,1.188302,1.188302,1.188302
0.269824,0.214495,-0.032371,0.026916,0.195349,1.233786,1.233786,1.233786,1.233786
0.279289,0.217446,-0.027669,0.031009,0.198738,1.274307,1.274307,1.274307,1.274307
0.289802,0.220733,-0.022712,0.035547,0.202362,1.318978,1.318978,1.318978,1.318978
0.299288,0.223838,-0.018015,0.039915,0.205853,1.358983,1.358983,1.358983,1.358983
0.309844,0.227884,-0.012340,0.045350,0.210256,1.403140,1.403140,1.403140,1.403140
0.319327,0.231833,-0.006888,0.050680,0.214355,1.442482,1.442482,1.442482,1.442482
0.329879,0.234941,-0.002249,0.055008,0.217964,1.485880,1.485880,1.485880,1.485880
0.339331,0.237914,0.002570,0.059041,0.221442,1.524409,1.524409,1.524409,1.524409
0.349881,0.240873,0.007189,0.063287,0.225099,1.567019,1.567019,1.567019,1.567019
0.359330,0.243882,0.011609,0.067415,0.228806,1.604816,1.604816,1.604816,1.604816
0.369868,0.246890,0.015805,0.071336,0.232664,1.646548,1.646548,1.646548,1.646548
0.379288,0.250721,0.020774,0.075992,0.237255,1.683472,1.683472,1.683472,1.683472
0.389837,0.253404,0.024378,0.079149,0.240950,1.724387,1.724387,1.724387,1.724387
0.399350,0.257114,0.028501,0.082962,0.245150,1.760877,1.760877,1.760877,1.760877
0.409897,0.260582,0.032335,0.086623,0.249107,1.800874,1.800874,1.800874,1.800874
0.419389,0.264046,0.036358,0.090425,0.252993,1.836447,1.836447,1.836447,1.836447
0.429941,0.267813,0.040517,0.094400,0.256985,1.875512,1.875512,1.875512,1.875512
0.439433,0.270262,0.043546,0.097087,0.260186,1.910213,1.910213,1.910213,1.910213
0.449982,0.272547,0.046672,0.099637,0.263283,1.948280,1.948280,1.948280,1.948280
0.459436,0.274694,0.049683,0.102134,0.266250,1.981941,1.981941,1.981941,1.981941
0.469985,0.278001,0.053730,0.105826,0.270223,2.018986,2.018986,2.018986,2.018986
0.479441,0.279789,0.056476,0.108097,0.272866,2.051720,2.051720,2.051720,2.051720
0.489987,0.281489,0.059123,0.110247,0.275468,2.087694,2.087694,2.087694,2.087694
0.499435,0.284249,0.062758,0.113508,0.279042,2.119437,2.119437,2.119437,2.119437
0.509965,0.284941,0.064802,0.114989,0.281079,2.154265,2.154265,2.154265,2.154265
0.519437,0.286265,0.067188,0.116794,0.283351,2.185090,2.185090,2.185090,2.185090
0.529946,0.287241,0.069323,0.118465,0.285282,2.218722,2.218722,2.218722,2.218722
0.539433,0.287972,0.071232,0.119894,0.287058,2.248565,2.248565,2.248565,2.248565
0.549980,0.289058,0.073527,0.121788,0.289059,2.281157,2.281157,2.281157,2.281157
0.559439,0.290045,0.075563,0.123432,0.290919,2.309852,2.309852,2.309852,2.309852
0.569988,0.292426,0.078814,0.126429,0.294115,2.341257,2.341257,2.341257,2.341257
0.579439,0.293258,0.080698,0.127732,0.295744,2.368845,2.368845,2.368845,2.368845
0.589981,0.295564,0.083909,0.130430,0.298671,2.399000,2.399000,2.399000,2.399000
0.599434,0.296178,0.085619,0.131516,0.300068,2.425483,2.425483,2.425483,2.425483
0.609995,0.296790,0.087195,0.132714,0.301560,2.454437,2.454437,2.454437,2.454437
0.619491,0.298917,0.090092,0.135384,0.304438,2.479892,2.479892,2.479892,2.479892
0.630035,0.299498,0.091562,0.136575,0.305965,2.507513,2.507513,2.507513,2.507513
0.639453,0.299747,0.092844,0.137503,0.307188,2.531601,2.531601,2.531601,2.531601
0.650005,0.301415,0.095337,0.139620,0.309687,2.557933,2.557933,2.557933,2.557933
0.659492,0.302075,0.097036,0.141054,0.311027,2.581007,2.581007,2.581007,2.581007
0.670049,0.303048,0.098751,0.142500,0.312458,2.606009,2.606009,2.606009,2.606009
0.679538,0.304892,0.101330,0.144822,0.314947,2.627871,2.627871,2.627871,2.627871
0.690087,0.305094,0.102480,0.145388,0.315812,2.651489,2.651489,2.651489,2.651489
0.699581,0.305250,0.103617,0.146018,0.316683,2.672123,2.672123,2.672123,2.672123
0.710121,0.307050,0.106150,0.148144,0.319019,2.694333,2.694333,2.694333,2.694333
0.719618,0.297286,0.097688,0.139194,0.310136,2.713714,2.713714,2.713714,2.713714
0.730124,0.297472,0.098988,0.140004,0.311122,2.734450,2.734450,2.734450,2.734450
0.739617,0.288010,0.090720,0.131403,0.302620,2.752546,2.752546,2.752546,2.752546
0.750173,0.288799,0.092310,0.132856,0.304048,2.771951,2.771951,2.771951,2.771951
0.759706,0.290447,0.094457,0.135057,0.305938,2.788819,2.788819,2.788819,2.788819
0.769181,0.292316,0.096553,0.137355,0.307892,2.804965,2.804965,2.804965,2.804965
0.779729,0.283598,0.088374,0.129179,0.299797,2.822209,2.822209,2.822209,2.822209
0.789223,0.286072,0.091336,0.131854,0.302628,2.837069,2.837069,2.837069,2.837069
0.799765,0.287071,0.092993,0.133194,0.304146,2.852828,2.852828,2.852828,2.852828
0.809281,0.287998,0.094556,0.134454,0.305630,2.866382,2.866382,2.866382,2.866382
0.819832,0.288803,0.095993,0.135634,0.307060,2.880660,2.880660,2.880660,2.880660
0.829326,0.289275,0.097203,0.136516,0.308227,2.892833,2.892833,2.892833,2.892833
0.839868,0.289050,0.097874,0.136881,0.309053,2.905595,2.905595,2.905595,2.905595
0.849336,0.289111,0.098829,0.137488,0.309996,2.916378,2.916378,2.916378,2.916378
0.859883,0.289784,0.100188,0.138651,0.311203,2.927629,2.927629,2.927629,2.927629
0.869331,0.291891,0.102854,0.141172,0.313693,2.937027,2.937027,2.937027,2.937027
0.879881,0.292052,0.103715,0.141606,0.314421,2.946757,2.946757,2.946757,2.946757
0.889328,0.294391,0.106622,0.144133,0.316985,2.954782,2.954782,2.954782,2.954782
0.899873,0.295746,0.108208,0.145640,0.318404,2.962971,2.962971,2.962971,2.962971
0.909328,0.296509,0.109328,0.146575,0.319479,2.969623,2.969623,2.969623,2.969623
0.919884,0.298591,0.111845,0.148760,0.321884,2.976276,2.976276,2.976276,2.976276
0.929379,0.298911,0.112820,0.149293,0.322632,2.981560,2.981560,2.981560,2.981560
0.939920,0.299114,0.113753,0.149811,0.323186,2.986650,2.986650,2.986650,2.986650
0.949394,0.299195,0.114628,0.150387,0.323777,2.990526,2.990526,2.990526,2.990526
0.959944,0.299561,0.115661,0.151116,0.324535,2.994064,2.994064,2.994064,2.994064
0.969437,0.301965,0.118429,0.153536,0.326958,2.996543,2.996543,2.996543,2.996543
0.979978,0.302593,0.119525,0.154257,0.327570,2.998517,2.998517,2.998517,2.998517
0.989434,0.303235,0.120702,0.155281,0.328267,2.999587,2.999587,2.999587,2.999587
1.000044,0.304724,0.122427,0.156996,0.329449,3.000000,3.000000,3.000000,3.000000
1.009545,0.305411,0.123429,0.157892,0.330191,2.999663,2.999663,2.999663,2.999663
1.020098,0.307016,0.125534,0.159760,0.332210,2.998505,2.998505,2.998505,2.998505
1.029599,0.306783,0.126009,0.159849,0.332515,2.996758,2.996758,2.996758,2.996758
1.040121,0.306513,0.126507,0.160049,0.332813,2.994045,2.994045,2.994045,2.994045
1.049606,0.306378,0.128635,0.160217,0.333060,2.990897,2.990897,2.990897,2.990897
1.060120,0.306281,0.129089,0.160569,0.333446,2.986632,2.986632,2.986632,2.986632
1.069624,0.296398,0.119839,0.151228,0.324181,2.982077,2.982077,2.982077,2.982077
1.080129,0.296565,0.120510,0.151900,0.324861,2.976268,2.976268,2.976268,2.976268
1.089632,0.286892,0.111469,0.142935,0.315949,2.970315,2.970315,2.970315,2.970315
1.100176,0.287114,0.112239,0.143755,0.316870,2.962935,2.962935,2.962935,2.962935
1.109702,0.278750,0.103999,0.135569,0.308698,2.955570,2.955570,2.955570,2.955570
1.120183,0.279709,0.105066,0.136993,0.310100,2.946700,2.946700,2.946700,2.946700
1.129706,0.280945,0.106387,0.138450,0.311511,2.937949,2.937949,2.937949,2.937949
1.139171,0.282234,0.107767,0.139911,0.312888,2.928600,2.928600,2.928600,2.928600
1.149721,0.274009,0.099753,0.131904,0.304814,2.917416,2.917416,2.917416,2.917416
1.159237,0.275473,0.101305,0.133475,0.306450,2.906642,2.906642,2.906642,2.906642
1.169797,0.276845,0.102753,0.135072,0.308069,2.893924,2.893924,2.893924,2.893924
1.179275,0.279513,0.105568,0.137835,0.310879,2.881833,2.881833,2.881833,2.881833
1.189814,0.280355,0.106636,0.138757,0.312063,2.867636,2.867636,2.867636,2.867636
1.199311,0.282005,0.108298,0.140331,0.313711,2.854172,2.854172,2.854172,2.854172
1.209858,0.283461,0.109730,0.141822,0.315196,2.838472,2.838472,2.838472,2.838472
1.219287,0.285078,0.111337,0.143410,0.316655,2.823779,2.823779,2.823779,2.823779
1.229841,0.288559,0.114631,0.146776,0.319717,2.806597,2.806597,2.806597,2.806597
1.239331,0.289246,0.115438,0.147656,0.320654,2.790489,2.790489,2.790489,2.790489
1.249884,0.290093,0.116468,0.148578,0.321672,2.771848,2.771848,2.771848,2.771848
1.259282,0.290689,0.117447,0.149490,0.322562,2.754606,2.754606,2.754606,2.754606
1.269812,0.291326,0.118402,0.150355,0.323506,2.734574,2.734574,2.734574,2.734574
1.279274,0.291983,0.119323,0.152719,0.325928,2.715937,2.715937,2.715937,2.715937
1.289816,0.292420,0.120249,0.153528,0.326492,2.694463,2.694463,2.694463,2.694463
1.299293,0.294532,0.122657,0.155960,0.328841,2.674531,2.674531,2.674531,2.674531
1.309838,0.295692,0.123761,0.157012,0.329916,2.651654,2.651654,2.651654,2.651654
1.319338,0.296596,0.124690,0.157908,0.330822,2.630421,2.630421,2.630421,2.630421
1.329889,0.297660,0.125938,0.159041,0.331724,2.606153,2.606153,2.606153,2.606153
1.339381,0.298993,0.127392,0.160540,0.332735,2.583709,2.583709,2.583709,2.583709
1.349927,0.300574,0.129289,0.162406,0.334623,2.558101,2.558101,2.558101,2.558101
1.359384,0.300714,0.129776,0.162532,0.334961,2.534537,2.534537,2.534537,2.534537
1.369930,0.300827,0.130432,0.162921,0.335337,2.507603,2.507603,2.507603,2.507603
1.379381,0.300956,0.131014,0.163333,0.335787,2.482880,2.482880,2.482880,2.482880
1.389921,0.301129,0.131601,0.163800,0.336220,2.454663,2.454663,2.454663,2.454663
1.399382,0.301252,0.132018,0.164106,0.336624,2.428763,2.428763,2.428763,2.428763
1.409926,0.301544,0.132566,0.164614,0.337174,2.399262,2.399262,2.399262,2.399262
1.419379,0.303569,0.134866,0.166750,0.339254,2.372257,2.372257,2.372257,2.372257
1.429926,0.302905,0.134787,0.166125,0.339089,2.341509,2.341509,2.341509,2.341509
1.439380,0.302688,0.135258,0.165992,0.339197,2.313401,2.313401,2.313401,2.313401
1.449930,0.303199,0.136279,0.166902,0.339742,2.281432,2.281432,2.281432,2.281432
1.459378,0.303363,0.136761,0.167311,0.339953,2.252272,2.252272,2.252272,2.252272
1.469924,0.305059,0.138766,0.169174,0.341805,2.219135,2.219135,2.219135,2.219135
1.479384,0.304838,0.138993,0.169323,0.342020,2.188892,2.188892,2.188892,2.188892
1.489932,0.306381,0.140877,0.171047,0.343804,2.154601,2.154601,2.154601,2.154601
1.499380,0.306419,0.141200,0.170980,0.343859,2.123385,2.123385,2.123385,2.123385
1.509922,0.308044,0.143212,0.172695,0.345588,2.088003,2.088003,2.088003,2.088003
1.519385,0.307709,0.143319,0.172765,0.345532,2.055754,2.055754,2.055754,2.055754
1.529943,0.307556,0.143491,0.172889,0.345579,2.019235,2.019235,2.019235,2.019235
1.539398,0.307820,0.143923,0.173216,0.345857,1.986064,1.986064,1.986064,1.986064
1.549943,0.307977,0.144215,0.173456,0.346061,1.948547,1.948547,1.948547,1.948547
1.559438,0.308463,0.144849,0.174053,0.346382,1.914312,1.914312,1.914312,1.914312
1.569987,0.309321,0.145684,0.175069,0.346909,1.875775,1.875775,1.875775,1.875775
1.579432,0.310517,0.147071,0.176614,0.348431,1.840835,1.840835,1.840835,1.840835
1.589976,0.310015,0.147050,0.176437,0.348333,1.801352,1.801352,1.801352,1.801352
1.599390,0.309696,0.147059,0.176286,0.348296,1.765682,1.765682,1.765682,1.765682
1.609933,0.309387,0.147144,0.176228,0.348193,1.725275,1.725275,1.725275,1.725275
1.619383,0.308959,0.147183,0.176211,0.348052,1.688656,1.688656,1.688656,1.688656
1.629927,0.310237,0.148815,0.177742,0.349617,1.647357,1.647357,1.647357,1.647357
1.639421,0.309417,0.148538,0.177418,0.349332,1.609782,1.609782,1.609782,1.609782
1.649936,0.309372,0.148913,0.177792,0.349351,1.567752,1.567752,1.567752,1.567752
1.659341,0.309056,0.148902,0.177791,0.349150,1.529795,1.529795,1.529795,1.529795
1.669848,0.308908,0.149172,0.177925,0.348763,1.486996,1.486996,1.486996,1.486996
1.679288,0.309521,0.150221,0.179041,0.348722,1.448202,1.448202,1.448202,1.448202
1.689855,0.308668,0.150163,0.178929,0.347806,1.404393,1.404393,1.404393,1.404393
1.699333,0.309315,0.151795,0.180407,0.348459,1.364771,1.364771,1.364771,1.364771
1.709882,0.307958,0.151739,0.179973,0.347087,1.320317,1.320317,1.320317,1.320317
1.719386,0.306519,0.151412,0.179496,0.345666,1.279953,1.279953,1.279953,1.279953
1.729942,0.304916,0.150942,0.178841,0.344065,1.234791,1.234791,1.234791,1.234791
1.739429,0.303111,0.150207,0.177906,0.342231,1.193914,1.193914,1.193914,1.193914
1.749959,0.301071,0.149217,0.176808,0.340197,1.148231,1.148231,1.148231,1.148231
1.759432,0.299064,0.148140,0.175680,0.338081,1.106863,1.106863,1.106863,1.106863
1.769977,0.297451,0.147179,0.174645,0.336002,1.060524,1.060524,1.060524,1.060524
1.779410,0.295337,0.145783,0.173304,0.333693,1.018829,1.018829,1.018829,1.018829
1.789966,0.292932,0.144122,0.171431,0.331042,0.971902,0.971902,0.971902,0.971902
1.799441,0.292504,0.144271,0.171444,0.330098,0.929557,0.929557,0.929557,0.929557
1.809988,0.290224,0.142543,0.169743,0.327351,0.882173,0.882173,0.882173,0.882173
1.819488,0.287100,0.140056,0.167268,0.324133,0.839292,0.839292,0.839292,0.839292
1.830050,0.283846,0.137550,0.164555,0.320815,0.791392,0.791392,0.791392,0.791392
1.839547,0.280589,0.134990,0.161759,0.317348,0.748138,0.748138,0.748138,0.748138
1.850097,0.278641,0.133670,0.160298,0.318283,0.699892,0.699892,0.699892,0.699892
1.859595,0.274734,0.130358,0.156948,0.314145,0.656290,0.656290,0.656290,0.656290
1.870124,0.270563,0.126861,0.153444,0.309983,0.607790,0.607790,0.607790,0.607790
1.879614,0.263296,0.118856,0.146107,0.302701,0.563929,0.563929,0.563929,0.563929
1.890119,0.260139,0.115702,0.143447,0.299030,0.515234,0.515234,0.515234,0.515234
1.899618,0.256808,0.112496,0.140527,0.295036,0.471084,0.471084,0.471084,0.471084
1.910122,0.254137,0.109838,0.138279,0.291370,0.422136,0.422136,0.422136,0.422136
1.919533,0.248441,0.102851,0.132345,0.284877,0.378185,0.378185,0.378185,0.378185
1.930076,0.244549,0.098962,0.128796,0.280462,0.328845,0.328845,0.328845,0.328845
1.939537,0.238385,0.091756,0.122012,0.273918,0.284495,0.284495,0.284495,0.284495
1.950081,0.236658,0.091087,0.121288,0.271455,0.234995,0.234995,0.234995,0.234995
1.959536,0.232692,0.087154,0.115127,0.265501,0.190552,0.190552,0.190552,0.190552
1.970039,0.228495,0.082861,0.111018,0.260594,0.141135,0.141135,0.141135,0.141135
1.979494,0.222322,0.078401,0.104508,0.253955,0.096617,0.096617,0.096617,0.096617
1.990047,0.217028,0.074150,0.100626,0.248117,0.046900,0.046900,0.046900,0.046900
1.999609,0.212334,0.071357,0.098133,0.242891,0.001844,0.001844,0.001844,0.001844
2.010119,0.207188,0.066484,0.093963,0.235273,-0.047685,-0.047685,-0.047685,-0.047685
2.019617,0.201895,0.061388,0.089576,0.228598,-0.092429,-0.092429,-0.092429,-0.092429
2.030128,0.197028,0.056050,0.084905,0.221919,-0.141919,-0.141919,-0.141919,-0.141919
2.039633,0.192412,0.050151,0.078201,0.216407,-0.186646,-0.186646,-0.186646,-0.186646
2.050174,0.186879,0.044404,0.073769,0.209943,-0.236194,-0.236194,-0.236194,-0.236194
2.059695,0.183089,0.036781,0.067855,0.205469,-0.280893,-0.280893,-0.280893,-0.280893
2.069172,0.178279,0.028993,0.062714,0.199726,-0.325326,-0.325326,-0.325326,-0.325326
2.079727,0.175132,0.023197,0.058303,0.195635,-0.374723,-0.374723,-0.374723,-0.374723
2.089225,0.170390,0.017164,0.053298,0.190054,-0.419087,-0.419087,-0.419087,-0.419087
2.099770,0.165432,0.010990,0.048002,0.184395,-0.468232,-0.468232,-0.468232,-0.468232
2.109221,0.160356,0.004722,0.042316,0.178570,-0.512173,-0.512173,-0.512173,-0.512173
2.119770,0.155589,-0.001354,0.035011,0.170162,-0.561079,-0.561079,-0.561079,-0.561079
2.129225,0.150880,-0.007605,0.029844,0.164873,-0.604784,-0.604784,-0.604784,-0.604784
2.139775,0.146019,-0.016027,0.022177,0.159515,-0.653394,-0.653394,-0.653394,-0.653394
2.149225,0.142273,-0.021655,0.017458,0.154121,-0.696785,-0.696785,-0.696785,-0.696785
2.159770,0.138249,-0.027251,0.013083,0.148870,-0.745018,-0.745018,-0.745018,-0.745018
2.169229,0.134236,-0.033019,0.008543,0.143786,-0.788113,-0.788113,-0.788113,-0.788113
2.179775,0.130185,-0.038894,0.003862,0.138632,-0.835954,-0.835954,-0.835954,-0.835954
2.189226,0.126117,-0.044781,-0.000930,0.133477,-0.878636,-0.878636,-0.878636,-0.878636
2.199776,0.122605,-0.050192,-0.005127,0.128601,-0.926049,-0.926049,-0.926049,-0.926049
2.209224,0.118704,-0.055631,-0.009525,0.123540,-0.968293,-0.968293,-0.968293,-0.968293
2.219774,0.114725,-0.061771,-0.014715,0.118462,-1.015212,-1.015212,-1.015212,-1.015212
2.229275,0.110775,-0.067697,-0.019782,0.113350,-1.057226,-1.057226,-1.057226,-1.057226
2.239823,0.106915,-0.073689,-0.024812,0.108202,-1.103598,-1.103598,-1.103598,-1.103598
2.249279,0.103230,-0.079455,-0.029546,0.103231,-1.144910,-1.144910,-1.144910,-1.144910
2.259824,0.099775,-0.084989,-0.033803,0.098509,-1.190680,-1.190680,-1.190680,-1.190680
2.269276,0.096114,-0.090811,-0.038390,0.093651,-1.231432,-1.231432,-1.231432,-1.231432
2.279818,0.091447,-0.097033,-0.043574,0.088096,-1.276562,-1.276562,-1.276562,-1.276562
2.289278,0.087508,-0.102920,-0.048256,0.083303,-1.316761,-1.316761,-1.316761,-1.316761
2.299823,0.082676,-0.109245,-0.053709,0.077713,-1.361228,-1.361228,-1.361228,-1.361228
2.309278,0.079076,-0.114777,-0.058292,0.072881,-1.400784,-1.400784,-1.400784,-1.400784
2.319820,0.075323,-0.120636,-0.063074,0.067916,-1.444519,-1.444519,-1.444519,-1.444519
2.329275,0.071357,-0.126800,-0.068232,0.062976,-1.483407,-1.483407,-1.483407,-1.483407
2.339816,0.067741,-0.132687,-0.073291,0.058379,-1.526379,-1.526379,-1.526379,-1.526379
2.349280,0.064489,-0.138538,-0.078013,0.054230,-1.564600,-1.564600,-1.564600,-1.564600
2.359826,0.061600,-0.144382,-0.082754,0.050254,-1.606788,-1.606788,-1.606788,-1.606788
2.369277,0.058008,-0.150686,-0.087968,0.045587,-1.644220,-1.644220,-1.644220,-1.644220
2.379804,0.055694,-0.156478,-0.091976,0.042110,-1.685486,-1.685486,-1.685486,-1.685486
2.389277,0.053402,-0.162270,-0.096046,0.038636,-1.722226,-1.722226,-1.722226,-1.722226
2.399821,0.049985,-0.168436,-0.100930,0.034321,-1.762673,-1.762673,-1.762673,-1.762673
2.409278,0.048038,-0.173739,-0.104743,0.031254,-1.798538,-1.798538,-1.798538,-1.798538
2.419819,0.046348,-0.178851,-0.108386,0.028312,-1.838048,-1.838048,-1.838048,-1.838048
2.429283,0.045139,-0.183420,-0.111422,0.025694,-1.873089,-1.873089,-1.873089,-1.873089
2.439836,0.044353,-0.187717,-0.113974,0.023447,-1.911675,-1.911675,-1.911675,-1.911675
2.449331,0.041638,-0.193310,-0.118214,0.019849,-1.945945,-1.945945,-1.945945,-1.945945
2.459837,0.040748,-0.197656,-0.121156,0.017711,-1.983358,-1.983358,-1.983358,-1.983358
2.469329,0.039561,-0.202194,-0.124321,0.015430,-2.016697,-2.016697,-2.016697,-2.016697
2.479866,0.037470,-0.207305,-0.128592,0.012594,-2.053182,-2.053182,-2.053182,-2.053182
2.489332,0.036312,-0.211320,-0.131621,0.010373,-2.085479,-2.085479,-2.085479,-2.085479
2.499877,0.033925,-0.216168,-0.135356,0.007014,-2.120911,-2.120911,-2.120911,-2.120911
2.509330,0.033233,-0.219984,-0.137664,0.005347,-2.152180,-2.152180,-2.152180,-2.152180
2.519877,0.032727,-0.223679,-0.139849,0.003789,-2.186509,-2.186509,-2.186509,-2.186509
2.529333,0.032359,-0.227317,-0.142063,0.002346,-2.216776,-2.216776,-2.216776,-2.216776
2.539875,0.032356,-0.230615,-0.143783,0.001205,-2.249944,-2.249944,-2.249944,-2.249944
2.549326,0.031124,-0.234638,-0.146486,-0.001101,-2.279153,-2.279153,-2.279153,-2.279153
2.559861,0.030752,-0.238440,-0.148782,-0.002385,-2.311121,-2.311121,-2.311121,-2.311121
2.569330,0.030506,-0.241836,-0.150986,-0.003573,-2.339314,-2.339314,-2.339314,-2.339314
2.579870,0.029990,-0.245301,-0.153584,-0.005069,-2.370088,-2.370088,-2.370088,-2.370088
2.589328,0.029014,-0.248865,-0.156550,-0.006895,-2.397152,-2.397152,-2.397152,-2.397152
2.599880,0.027261,-0.252523,-0.159523,-0.009462,-2.426717,-2.426717,-2.426717,-2.426717
2.609328,0.027370,-0.255176,-0.160847,-0.010179,-2.452627,-2.452627,-2.452627,-2.452627
2.619868,0.027641,-0.257854,-0.162399,-0.010854,-2.480893,-2.480893,-2.480893,-2.480893
2.629328,0.026081,-0.261749,-0.165316,-0.013141,-2.505683,-2.505683,-2.505683,-2.505683
2.639876,0.026250,-0.264424,-0.166683,-0.013810,-2.532670,-2.532670,-2.532670,-2.532670
2.649335,0.024910,-0.268068,-0.169268,-0.015912,-2.556282,-2.556282,-2.556282,-2.556282
2.659878,0.025737,-0.270187,-0.169885,-0.016142,-2.581934,-2.581934,-2.581934,-2.581934
2.669330,0.026018,-0.272965,-0.171290,-0.016555,-2.604328,-2.604328,-2.604328,-2.604328
2.679879,0.026680,-0.275133,-0.172309,-0.016789,-2.628646,-2.628646,-2.628646,-2.628646
2.689331,0.027649,-0.277018,-0.172794,-0.016770,-2.649819,-2.649819,-2.649819,-2.649819
2.699879,0.026206,-0.280661,-0.175511,-0.018730,-2.672761,-2.672761,-2.672761,-2.672761
2.709326,0.026240,-0.283081,-0.177241,-0.019202,-2.692685,-2.692685,-2.692685,-2.692685
2.719831,0.026801,-0.285082,-0.178292,-0.019505,-2.714142,-2.714142,-2.714142,-2.714142
2.729275,0.027287,-0.286922,-0.179040,-0.019718,-2.732803,-2.732803,-2.732803,-2.732803
2.739822,0.027703,-0.288896,-0.179928,-0.019808,-2.752932,-2.752932,-2.752932,-2.752932
2.749277,0.028218,-0.290927,-0.180892,-0.019861,-2.770333,-2.770333,-2.770333,-2.770333
2.759833,0.028855,-0.292757,-0.181759,-0.020047,-2.789040,-2.789040,-2.789040,-2.789040
2.769325,0.029530,-0.294429,-0.182388,-0.020191,-2.805206,-2.805206,-2.805206,-2.805206
2.779872,0.029943,-0.296192,-0.183302,-0.020403,-2.822438,-2.822438,-2.822438,-2.822438
2.789327,0.029934,-0.298249,-0.184788,-0.020838,-2.837227,-2.837227,-2.837227,-2.837227
2.799858,0.030324,-0.299883,-0.185817,-0.020989,-2.852963,-2.852963,-2.852963,-2.852963
2.809326,0.030756,-0.301663,-0.186695,-0.021058,-2.866444,-2.866444,-2.866444,-2.866444
2.819866,0.030492,-0.303959,-0.188254,-0.023333,-2.880705,-2.880705,-2.880705,-2.880705
2.829331,0.031253,-0.305004,-0.188582,-0.023318,-2.892839,-2.892839,-2.892839,-2.892839
2.839886,0.030123,-0.307966,-0.190846,-0.024958,-2.905617,-2.905617,-2.905617,-2.905617
2.849384,0.030961,-0.309102,-0.191114,-0.024734,-2.916430,-2.916430,-2.916430,-2.916430
2.859939,0.031898,-0.310308,-0.191447,-0.024412,-2.927688,-2.927688,-2.927688,-2.927688
2.869440,0.032782,-0.311559,-0.191837,-0.024026,-2.937132,-2.937132,-2.937132,-2.937132
2.879987,0.033832,-0.312559,-0.191976,-0.023698,-2.946850,-2.946850,-2.946850,-2.946850
2.889440,0.034830,-0.313567,-0.192129,-0.023357,-2.954873,-2.954873,-2.954873,-2.954873
2.899983,0.034869,-0.315319,-0.193378,-0.023521,-2.963053,-2.963053,-2.963053,-2.963053
2.909431,0.033334,-0.318151,-0.195984,-0.025320,-2.969692,-2.969692,-2.969692,-2.969692
2.919976,0.034128,-0.319081,-0.196169,-0.025092,-2.976330,-2.976330,-2.976330,-2.976330
2.929436,0.034699,-0.320318,-0.196794,-0.024936,-2.981590,-2.981590,-2.981590,-2.981590
2.939980,0.035065,-0.321703,-0.197694,-0.024874,-2.986677,-2.986677,-2.986677,-2.986677
2.949441,0.035814,-0.322665,-0.198093,-0.024711,-2.990544,-2.990544,-2.990544,-2.990544
2.959929,0.036477,-0.323705,-0.198353,-0.024540,-2.994059,-2.994059,-2.994059,-2.994059
2.969333,0.037197,-0.324712,-0.198585,-0.024298,-2.996520,-2.996520,-2.996520,-2.996520
2.979853,0.037777,-0.325695,-0.198913,-0.024043,-2.998498,-2.998498,-2.998498,-2.998498
2.989285,0.038395,-0.326588,-0.199301,-0.023886,-2.999575,-2.999575,-2.999575,-2.999575
2.999882,0.037294,-0.328906,-0.201185,-0.025361,-3.000000,-3.000000,-3.000000,-3.000000
3.009328,0.038411,-0.329512,-0.201133,-0.024960,-2.999678,-2.999678,-2.999678,-2.999678
3.019877,0.038794,-0.330767,-0.201955,-0.024908,-2.998538,-2.998538,-2.998538,-2.998538
3.029278,0.039516,-0.331406,-0.202311,-0.024645,-2.996828,-2.996828,-2.996828,-2.996828
3.039834,0.040430,-0.331981,-0.202295,-0.024190,-2.994129,-2.994129,-2.994129,-2.994129
3.049334,0.038871,-0.334845,-0.204897,-0.025886,-2.990997,-2.990997,-2.990997,-2.990997
3.059881,0.039374,-0.335646,-0.205879,-0.025774,-2.986738,-2.986738,-2.986738,-2.986738
3.069379,0.039967,-0.336295,-0.206442,-0.025512,-2.982203,-2.982203,-2.982203,-2.982203
3.079910,0.040656,-0.336796,-0.206724,-0.027064,-2.976398,-2.976398,-2.976398,-2.976398
3.089389,0.041365,-0.337415,-0.206890,-0.026688,-2.970475,-2.970475,-2.970475,-2.970475
3.099941,0.040201,-0.339592,-0.208680,-0.028128,-2.963109,-2.963109,-2.963109,-2.963109
3.109436,0.040778,-0.340222,-0.208809,-0.027669,-2.955784,-2.955784,-2.955784,-2.955784
3.119971,0.041331,-0.340867,-0.209155,-0.027291,-2.946887,-2.946887,-2.946887,-2.946887
3.129441,0.040014,-0.343112,-0.211191,-0.028748,-2.938202,-2.938202,-2.938202,-2.938202
3.139961,0.040432,-0.343720,-0.211428,-0.028502,-2.927791,-2.927791,-2.927791,-2.927791
3.149433,0.040926,-0.344313,-0.211559,-0.028266,-2.917733,-2.917733,-2.917733,-2.917733
3.159977,0.039530,-0.346662,-0.213466,-0.029642,-2.905776,-2.905776,-2.905776,-2.905776
3.169493,0.039909,-0.347088,-0.213595,-0.029305,-2.894302,-2.894302,-2.894302,-2.894302
3.180037,0.040440,-0.347646,-0.213872,-0.028897,-2.880832,-2.880832,-2.880832,-2.880832
3.189496,0.039308,-0.349658,-0.215647,-0.030341,-2.868076,-2.868076,-2.868076,-2.868076
3.199999,0.039936,-0.349970,-0.215352,-0.030014,-2.853171,-2.853171,-2.853171,-2.853171
3.209488,0.038857,-0.351810,-0.216857,-0.031258,-2.839037,-2.839037,-2.839037,-2.839037
3.220022,0.039893,-0.351937,-0.216443,-0.030449,-2.822607,-2.822607,-2.822607,-2.822607
3.229486,0.041203,-0.351994,-0.215866,-0.029579,-2.807188,-2.807188,-2.807188,-2.807188
3.239989,0.039857,-0.354312,-0.217939,-0.031038,-2.789349,-2.789349,-2.789349,-2.789349
3.249462,0.040505,-0.354609,-0.218255,-0.030713,-2.772607,-2.772607,-2.772607,-2.772607
3.260012,0.041263,-0.354801,-0.218061,-0.030203,-2.753242,-2.753242,-2.753242,-2.753242
3.269434,0.041882,-0.355130,-0.217937,-0.029566,-2.735307,-2.735307,-2.735307,-2.735307
3.279988,0.042528,-0.355399,-0.217832,-0.028998,-2.714506,-2.714506,-2.714506,-2.714506
3.289490,0.040910,-0.357559,-0.219584,-0.030413,-2.695138,-2.695138,-2.695138,-2.695138
3.300044,0.041565,-0.357904,-0.219816,-0.030003,-2.672925,-2.672925,-2.672925,-2.672925
3.309497,0.042335,-0.358113,-0.219699,-0.029548,-2.652405,-2.652405,-2.652405,-2.652405
3.320034,0.041188,-0.359903,-0.221077,-0.030809,-2.628844,-2.628844,-2.628844,-2.628844
3.329545,0.051754,-0.350493,-0.211084,-0.020409,-2.606956,-2.606956,-2.606956,-2.606956
3.340095,0.052500,-0.350631,-0.210713,-0.019955,-2.581998,-2.581998,-2.581998,-2.581998
3.349596,0.051720,-0.352222,-0.211864,-0.021138,-2.558914,-2.558914,-2.558914,-2.558914
3.360121,0.051845,-0.353075,-0.212529,-0.021120,-2.532678,-2.532678,-2.532678,-2.532678
3.369614,0.061969,-0.343804,-0.203355,-0.011160,-2.508421,-2.508421,-2.508421,-2.508421
3.380120,0.061905,-0.344362,-0.203781,-0.011140,-2.480925,-2.480925,-2.480925,-2.480925
3.390680,0.061039,-0.345408,-0.205001,-0.011776,-2.452606,-2.452606,-2.452606,-2.452606
3.400172,0.060749,-0.345983,-0.205838,-0.012126,-2.426573,-2.426573,-2.426573,-2.426573
3.410701,0.060433,-0.346643,-0.206509,-0.012533,-2.397069,-2.397069,-2.397069,-2.397069
3.421185,0.058578,-0.348769,-0.208648,-0.014493,-2.367039,-2.367039,-2.367039,-2.367039
3.430690,0.058441,-0.349358,-0.209156,-0.014669,-2.339257,-2.339257,-2.339257,-2.339257
3.440171,0.056700,-0.351477,-0.211265,-0.016601,-2.311027,-2.311027,-2.311027,-2.311027
3.450708,0.066395,-0.342458,-0.202005,-0.007006,-2.279050,-2.279050,-2.279050,-2.279050
3.461225,0.064306,-0.344731,-0.204369,-0.009122,-2.246512,-2.246512,-2.246512,-2.246512
3.470739,0.063391,-0.345840,-0.205765,-0.009795,-2.216549,-2.216549,-2.216549,-2.216549
3.480180,0.062678,-0.346744,-0.206919,-0.010327,-2.186324,-2.186324,-2.186324,-2.186324
3.490715,0.062064,-0.347496,-0.208016,-0.011054,-2.152033,-2.152033,-2.152033,-2.152033
3.500171,0.060787,-0.348743,-0.209908,-0.012048,-2.120751,-2.120751,-2.120751,-2.120751
3.510703,0.060231,-0.349349,-0.210806,-0.012359,-2.085359,-2.085359,-2.085359,-2.085359
3.521175,0.059799,-0.349984,-0.211296,-0.012709,-2.049602,-2.049602,-2.049602,-2.049602
3.530643,0.059581,-0.350610,-0.211720,-0.012988,-2.016796,-2.016796,-2.016796,-2.016796
3.541175,0.057830,-0.352727,-0.213868,-0.014812,-1.979779,-1.979779,-1.979779,-1.979779
3.550652,0.067266,-0.343653,-0.204779,-0.005387,-1.946008,-1.946008,-1.946008,-1.946008
3.561175,0.066711,-0.344601,-0.205636,-0.005854,-1.908004,-1.908004,-1.908004,-1.908004
3.570693,0.066207,-0.345620,-0.206659,-0.006358,-1.873180,-1.873180,-1.873180,-1.873180
3.580172,0.065753,-0.346324,-0.207516,-0.006949,-1.838082,-1.838082,-1.838082,-1.838082
3.590713,0.074948,-0.337496,-0.198788,0.002055,-1.798572,-1.798572,-1.798572,-1.798572
3.600172,0.073835,-0.338798,-0.200266,0.000955,-1.762702,-1.762702,-1.762702,-1.762702
3.610722,0.072197,-0.340388,-0.202502,-0.000452,-1.722231,-1.722231,-1.722231,-1.722231
3.620170,0.071228,-0.341225,-0.203970,-0.001517,-1.685586,-1.685586,-1.685586,-1.685586
3.630716,0.068984,-0.343401,-0.206198,-0.003772,-1.644249,-1.644249,-1.644249,-1.644249
3.641181,0.068227,-0.344283,-0.207197,-0.004446,-1.602778,-1.602778,-1.602778,-1.602778
3.650600,0.067602,-0.345088,-0.208207,-0.005036,-1.565082,-1.565082,-1.565082,-1.565082
3.661122,0.066989,-0.345919,-0.209197,-0.005655,-1.522570,-1.522570,-1.522570,-1.522570
3.670614,0.075899,-0.337208,-0.200506,0.003225,-1.483863,-1.483863,-1.483863,-1.483863
3.681121,0.073668,-0.339163,-0.202937,0.000854,-1.440631,-1.440631,-1.440631,-1.440631
3.690619,0.083135,-0.330156,-0.193573,0.009919,-1.401212,-1.401212,-1.401212,-1.401212
3.701123,0.082156,-0.330582,-0.194657,0.008996,-1.357252,-1.357252,-1.357252,-1.357252
3.710634,0.080978,-0.330860,-0.195791,0.007948,-1.317132,-1.317132,-1.317132,-1.317132
3.721171,0.079905,-0.330605,-0.196570,0.006844,-1.272343,-1.272343,-1.272343,-1.272343
3.730690,0.088496,-0.322339,-0.188289,0.015424,-1.231578,-1.231578,-1.231578,-1.231578
3.741227,0.087102,-0.321948,-0.188745,0.014126,-1.186136,-1.186136,-1.186136,-1.186136
3.750759,0.094833,-0.314418,-0.181392,0.021973,-1.144746,-1.144746,-1.144746,-1.144746
3.760299,0.091566,-0.315138,-0.183237,0.019048,-1.103062,-1.103062,-1.103062,-1.103062
3.770861,0.098904,-0.307547,-0.176187,0.026471,-1.056627,-1.056627,-1.056627,-1.056627
3.780329,0.096987,-0.306684,-0.176485,0.025133,-1.014757,-1.014757,-1.014757,-1.014757
3.790880,0.094027,-0.307017,-0.177886,0.022742,-0.967830,-0.967830,-0.967830,-0.967830
3.800298,0.092535,-0.305817,-0.177818,0.021855,-0.925717,-0.925717,-0.925717,-0.925717
3.810839,0.090918,-0.304590,-0.177685,0.021090,-0.878340,-0.878340,-0.878340,-0.878340
3.820275,0.088566,-0.304137,-0.178401,0.019416,-0.835728,-0.835728,-0.835728,-0.835728
3.830817,0.088214,-0.301918,-0.177128,0.019678,-0.787902,-0.787902,-0.787902,-0.787902
3.840281,0.088277,-0.299572,-0.175532,0.020196,-0.744790,-0.744790,-0.744790,-0.744790
3.850829,0.087453,-0.301268,-0.174864,0.019702,-0.696539,-0.696539,-0.696539,-0.696539
3.860284,0.088034,-0.298470,-0.172957,0.020678,-0.653125,-0.653125,-0.653125,-0.653125
3.870830,0.089012,-0.295386,-0.170783,0.021921,-0.604531,-0.604531,-0.604531,-0.604531
3.880286,0.088897,-0.295738,-0.172702,0.022189,-0.560823,-0.560823,-0.560823,-0.560823
3.890841,0.090289,-0.292164,-0.170096,0.023920,-0.511882,-0.511882,-0.511882,-0.511882
3.900337,0.090558,-0.291532,-0.171168,0.024555,-0.467734,-0.467734,-0.467734,-0.467734
3.910888,0.092093,-0.287718,-0.168285,0.026592,-0.418559,-0.418559,-0.418559,-0.418559
3.920340,0.093313,-0.284059,-0.165648,0.028490,-0.374413,-0.374413,-0.374413,-0.374413
3.930893,0.094964,-0.279988,-0.162625,0.030717,-0.325021,-0.325021,-0.325021,-0.325021
3.940393,0.096848,-0.275877,-0.159452,0.033131,-0.280481,-0.280481,-0.280481,-0.280481
3.950939,0.094605,-0.273755,-0.159012,0.031864,-0.230965,-0.230965,-0.230965,-0.230965
3.960414,0.097204,-0.268912,-0.155325,0.034801,-0.186422,-0.186422,-0.186422,-0.186422
3.970973,0.100098,-0.263694,-0.151252,0.037956,-0.136741,-0.136741,-0.136741,-0.136741
3.980430,0.103079,-0.258076,-0.146958,0.041270,-0.092206,-0.092206,-0.092206,-0.092206
3.990982,0.106104,-0.252251,-0.142500,0.044784,-0.042494,-0.042494,-0.042494,-0.042494
4.001544,0.109222,-0.246168,-0.137825,0.048377,0.007275,0.007275,0.007275,0.007275
4.011076,0.112510,-0.239098,-0.132848,0.052009,0.052191,0.052191,0.052191,0.052191
4.021605,0.113967,-0.229007,-0.128112,0.054082,0.101789,0.101789,0.101789,0.101789
4.031179,0.120193,-0.221856,-0.121623,0.059845,0.146870,0.146870,0.146870,0.146870
4.041728,0.122780,-0.214710,-0.114979,0.063217,0.196495,0.196495,0.196495,0.196495
4.051310,0.127842,-0.208896,-0.110456,0.068778,0.241532,0.241532,0.241532,0.241532
4.061862,0.130771,-0.202372,-0.104755,0.073227,0.291057,0.291057,0.291057,0.291057
4.071398,0.135649,-0.196440,-0.099453,0.075972,0.335750,0.335750,0.335750,0.335750
4.081940,0.145010,-0.190597,-0.094468,0.086853,0.385066,0.385066,0.385066,0.385066
4.091516,0.147554,-0.185646,-0.089660,0.091141,0.429773,0.429773,0.429773,0.429773
4.102091,0.152794,-0.179283,-0.084022,0.096163,0.479033,0.479033,0.479033,0.479033
4.111646,0.156707,-0.175214,-0.080298,0.100383,0.523426,0.523426,0.523426,0.523426
4.122181,0.161714,-0.165987,-0.072509,0.106477,0.572237,0.572237,0.572237,0.572237
4.131699,0.164555,-0.162683,-0.069806,0.109823,0.616198,0.616198,0.616198,0.616198
4.142223,0.168542,-0.156126,-0.064268,0.114600,0.664651,0.664651,0.664651,0.664651
4.151756,0.171225,-0.152897,-0.061612,0.117643,0.708381,0.708381,0.708381,0.708381
4.161228,0.175922,-0.145870,-0.055474,0.122912,0.751674,0.751674,0.751674,0.751674
4.171750,0.180727,-0.138757,-0.048991,0.128324,0.799571,0.799571,0.799571,0.799571
4.181221,0.185956,-0.131552,-0.042116,0.134188,0.842500,0.842500,0.842500,0.842500
4.191730,0.190438,-0.125107,-0.036178,0.139483,0.889912,0.889912,0.889912,0.889912
4.201227,0.197211,-0.118928,-0.030987,0.144134,0.932550,0.932550,0.932550,0.932550
4.211775,0.200699,-0.112565,-0.025973,0.148701,0.979663,0.979663,0.979663,0.979663
4.221282,0.204182,-0.106081,-0.020865,0.153299,1.021895,1.021895,1.021895,1.021895
4.231839,0.207716,-0.099633,-0.015804,0.157932,1.068529,1.068529,1.068529,1.068529
4.241330,0.211151,-0.093212,-0.010744,0.162390,1.110197,1.110197,1.110197,1.110197
4.251843,0.214951,-0.086504,-0.005206,0.167118,1.156069,1.156069,1.156069,1.156069
4.261334,0.218123,-0.080161,-0.000141,0.171461,1.197213,1.197213,1.197213,1.197213
4.271883,0.221343,-0.073607,0.004944,0.175865,1.242625,1.242625,1.242625,1.242625
4.281310,0.225124,-0.066683,0.010550,0.180653,1.282919,1.282919,1.282919,1.282919
4.291872,0.228449,-0.060239,0.015747,0.185068,1.327732,1.327732,1.327732,1.327732
4.301382,0.232249,-0.053689,0.021250,0.189805,1.367772,1.367772,1.367772,1.367772
4.311885,0.236569,-0.046832,0.027286,0.195135,1.411634,1.411634,1.411634,1.411634
4.321384,0.239754,-0.040821,0.032224,0.199427,1.450972,1.450972,1.450972,1.450972
4.331939,0.242937,-0.034781,0.037245,0.203843,1.494305,1.494305,1.494305,1.494305
4.341391,0.246101,-0.028942,0.042344,0.208286,1.532760,1.532760,1.532760,1.532760
4.351909,0.249235,-0.023366,0.047342,0.212680,1.575160,1.575160,1.575160,1.575160
4.361356,0.253457,-0.017229,0.052869,0.217805,1.612870,1.612870,1.612870,1.612870
4.371907,0.256816,-0.011913,0.057716,0.222357,1.654574,1.654574,1.654574,1.654574
4.381391,0.260580,-0.006435,0.062793,0.227066,1.691667,1.691667,1.691667,1.691667
4.391943,0.264174,-0.001400,0.067416,0.231767,1.732499,1.732499,1.732499,1.732499
4.401422,0.268151,0.003710,0.071932,0.236541,1.768773,1.768773,1.768773,1.768773
4.411922,0.273756,0.010111,0.077960,0.242305,1.808498,1.808498,1.808498,1.808498
4.421387,0.277123,0.014482,0.081883,0.246443,1.843881,1.843881,1.843881,1.843881
4.431885,0.279596,0.018471,0.085251,0.250309,1.882652,1.882652,1.882652,1.882652
4.441394,0.283144,0.023226,0.089444,0.254990,1.917329,1.917329,1.917329,1.917329
4.451948,0.285333,0.026827,0.092351,0.258412,1.955314,1.955314,1.955314,1.955314
4.461432,0.288701,0.031502,0.096486,0.262782,1.988993,1.988993,1.988993,1.988993
4.471968,0.290268,0.034823,0.098942,0.265688,2.025888,2.025888,2.025888,2.025888
4.481410,0.291369,0.037861,0.100971,0.268268,2.058478,2.058478,2.058478,2.058478
4.491936,0.292891,0.041222,0.103304,0.270934,2.094280,2.094280,2.094280,2.094280
4.501387,0.294182,0.044365,0.105566,0.273457,2.125936,2.125936,2.125936,2.125936
4.511932,0.296651,0.048373,0.108934,0.277083,2.160706,2.160706,2.160706,2.160706
4.521382,0.298393,0.051722,0.111688,0.279890,2.191359,2.191359,2.191359,2.191359
4.531897,0.300272,0.054949,0.114411,0.282648,2.224898,2.224898,2.224898,2.224898
4.541384,0.301356,0.057521,0.116356,0.284917,2.254642,2.254642,2.254642,2.254642
4.551943,0.302265,0.060036,0.118185,0.287146,2.287155,2.287155,2.287155,2.287155
4.561431,0.303044,0.062466,0.119919,0.289182,2.315834,2.315834,2.315834,2.315834
4.571972,0.303680,0.064856,0.121653,0.291126,2.347091,2.347091,2.347091,2.347091
4.581431,0.305576,0.068365,0.124543,0.294203,2.374593,2.374593,2.374593,2.374593
4.591967,0.305360,0.070199,0.125432,0.295537,2.404608,2.404608,2.404608,2.404608
4.601436,0.306050,0.072530,0.126994,0.297289,2.431021,2.431021,2.431021,2.431021
4.611985,0.307117,0.075054,0.129156,0.299175,2.459815,2.459815,2.459815,2.459815
4.621446,0.307991,0.077333,0.131095,0.300960,2.485065,2.485065,2.485065,2.485065
4.631998,0.310024,0.080521,0.133937,0.303938,2.512579,2.512579,2.512579,2.512579
4.641486,0.310743,0.082661,0.135594,0.305670,2.536728,2.536728,2.536728,2.536728
4.652053,0.311724,0.084891,0.137331,0.307379,2.562963,2.562963,2.562963,2.562963
4.661541,0.311969,0.086549,0.138382,0.308595,2.585914,2.585914,2.585914,2.585914
4.672080,0.312098,0.088184,0.139285,0.309680,2.610736,2.610736,2.610736,2.610736
4.681541,0.313847,0.089772,0.140217,0.310749,2.632412,2.632412,2.632412,2.632412
4.692092,0.313995,0.091410,0.141158,0.311816,2.655896,2.655896,2.655896,2.655896
4.701553,0.304366,0.083549,0.132711,0.303425,2.676334,2.676334,2.676334,2.676334
4.712116,0.306298,0.086624,0.135401,0.306276,2.698455,2.698455,2.698455,2.698455
4.721625,0.297253,0.079101,0.127284,0.298245,2.717733,2.717733,2.717733,2.717733
4.732171,0.298067,0.081093,0.128816,0.299893,2.738403,2.738403,2.738403,2.738403
4.741695,0.289371,0.073720,0.121059,0.292226,2.756427,2.756427,2.756427,2.756427
4.751178,0.290574,0.075904,0.123011,0.294127,2.773759,2.773759,2.773759,2.773759
4.761716,0.291687,0.078001,0.124939,0.296075,2.792296,2.792296,2.792296,2.792296
4.771171,0.292759,0.080021,0.126726,0.298078,2.808278,2.808278,2.808278,2.808278
4.781715,0.293803,0.081888,0.128278,0.299810,2.825369,2.825369,2.825369,2.825369
4.792182,0.296246,0.085080,0.131219,0.302838,2.841571,2.841571,2.841571,2.841571
4.801590,0.297130,0.087023,0.132732,0.304237,2.855476,2.855476,2.855476,2.855476
4.812119,0.297550,0.088614,0.133958,0.305465,2.870299,2.870299,2.870299,2.870299
4.821617,0.297212,0.089718,0.134607,0.306374,2.882997,2.882997,2.882997,2.882997
4.832172,0.296824,0.090866,0.135322,0.307386,2.896357,2.896357,2.896357,2.896357
4.841685,0.287053,0.082697,0.126666,0.298914,2.907714,2.907714,2.907714,2.907714
4.852229,0.289754,0.086136,0.129806,0.301918,2.919544,2.919544,2.919544,2.919544
4.861740,0.282706,0.079813,0.123858,0.294893,2.929528,2.929528,2.929528,2.929528
4.871222,0.286192,0.083639,0.127953,0.298490,2.938831,2.938831,2.938831,2.938831
4.881749,0.278103,0.076205,0.120456,0.290950,2.948395,2.948395,2.948395,2.948395
4.891226,0.279689,0.078436,0.122435,0.293024,2.956316,2.956316,2.956316,2.956316
4.901727,0.282693,0.081796,0.125643,0.296349,2.964327,2.964327,2.964327,2.964327
4.912224,0.284120,0.083845,0.127492,0.298263,2.971529,2.971529,2.971529,2.971529
4.921710,0.285467,0.085802,0.129271,0.300079,2.977343,2.977343,2.977343,2.977343
4.932224,0.286481,0.087655,0.130638,0.301512,2.983015,2.983015,2.983015,2.983015
4.941701,0.277126,0.079702,0.122054,0.293130,2.987430,2.987430,2.987430,2.987430
4.952226,0.279168,0.082736,0.124791,0.296051,2.991557,2.991557,2.991557,2.991557
4.961679,0.279766,0.084334,0.126129,0.297600,2.994567,2.994567,2.994567,2.994567
4.972225,0.281202,0.086484,0.128141,0.299491,2.997145,2.997145,2.997145,2.997145
4.981714,0.283978,0.089512,0.131435,0.301978,2.998762,2.998762,2.998762,2.998762
4.992229,0.286089,0.091750,0.134055,0.304056,2.999776,2.999776,2.999776,2.999776
5.001781,0.287390,0.093463,0.135708,0.305628,2.999988,2.999988,2.999988,2.999988
5.012332,0.288427,0.095103,0.137215,0.307149,2.999437,2.999437,2.999437,2.999437
5.021809,0.290949,0.098118,0.140043,0.309956,2.998240,2.998240,2.998240,2.998240
5.032337,0.291916,0.099745,0.141415,0.311355,2.996131,2.996131,2.996131,2.996131
5.041798,0.292444,0.101065,0.142365,0.312406,2.993536,2.993536,2.993536,2.993536
5.052332,0.292636,0.102070,0.143063,0.313378,2.989870,2.989870,2.989870,2.989870
5.061815,0.293492,0.103600,0.144303,0.314726,2.985869,2.985869,2.985869,2.985869
5.072331,0.294135,0.104883,0.145441,0.315950,2.980657,2.980657,2.980657,2.980657
5.081813,0.295081,0.106500,0.146917,0.317250,2.975261,2.975261,2.975261,2.975261
5.092330,0.298396,0.110066,0.150473,0.320314,2.968504,2.968504,2.968504,2.968504
5.101818,0.298687,0.111009,0.151247,0.321097,2.961713,2.961713,2.961713,2.961713
5.112328,0.299405,0.112305,0.152034,0.322109,2.953422,2.953422,2.953422,2.953422
5.121809,0.299876,0.113466,0.152881,0.323020,2.945253,2.945253,2.945253,2.945253
5.132388,0.300225,0.114400,0.153621,0.323914,2.935366,2.935366,2.935366,2.935366
5.141881,0.300559,0.115507,0.154439,0.324693,2.925804,2.925804,2.925804,2.925804
5.152385,0.300600,0.116406,0.155033,0.325311,2.914466,2.914466,2.914466,2.914466
5.161882,0.301982,0.118540,0.156894,0.327357,2.903531,2.903531,2.903531,2.903531
5.172386,0.302271,0.119576,0.157496,0.327953,2.890685,2.890685,2.890685,2.890685
5.181882,0.302679,0.120635,0.158165,0.328546,2.878395,2.878395,2.878395,2.878395
5.192383,0.304877,0.123306,0.160641,0.330880,2.864057,2.864057,2.864057,2.864057
5.201877,0.306611,0.125184,0.162611,0.332276,2.850425,2.850425,2.850425,2.850425
5.212384,0.307603,0.126412,0.163960,0.333237,2.834597,2.834597,2.834597,2.834597
5.221870,0.307581,0.126945,0.164216,0.333621,2.819645,2.819645,2.819645,2.819645
5.232385,0.307550,0.127592,0.164399,0.333930,2.802339,2.802339,2.802339,2.802339
5.241880,0.309169,0.129763,0.166324,0.335925,2.786055,2.786055,2.786055,2.786055
5.252381,0.309024,0.130376,0.166611,0.336288,2.767326,2.767326,2.767326,2.767326
5.261862,0.308958,0.130951,0.166862,0.336583,2.749768,2.749768,2.749768,2.749768
5.272329,0.308793,0.131516,0.167121,0.336862,2.729674,2.729674,2.729674,2.729674
5.281822,0.308680,0.132133,0.167339,0.337119,2.710814,2.710814,2.710814,2.710814
5.292281,0.308632,0.132697,0.167669,0.337377,2.689336,2.689336,2.689336,2.689336
5.301732,0.308508,0.133313,0.168100,0.337619,2.669305,2.669305,2.669305,2.669305
5.312226,0.308336,0.133881,0.168516,0.337870,2.646373,2.646373,2.646373,2.646373
5.321712,0.308178,0.134377,0.168725,0.338096,2.625025,2.625025,2.625025,2.625025
5.332228,0.307925,0.134733,0.168752,0.338214,2.600677,2.600677,2.600677,2.600677
5.341701,0.307808,0.135155,0.169079,0.338535,2.578136,2.578136,2.578136,2.578136
5.352195,0.307703,0.135638,0.169509,0.338939,2.552500,2.552500,2.552500,2.552500
5.362700,0.309363,0.137648,0.171397,0.340923,2.526144,2.526144,2.526144,2.526144
5.372092,0.309224,0.137975,0.171533,0.341113,2.501996,2.501996,2.501996,2.501996
5.382595,0.308993,0.138363,0.171761,0.341277,2.474347,2.474347,2.474347,2.474347
5.392076,0.298753,0.128873,0.161952,0.331570,2.448812,2.448812,2.448812,2.448812
5.402603,0.298130,0.128985,0.161753,0.331646,2.419821,2.419821,2.419821,2.419821
5.412096,0.299337,0.130820,0.163442,0.333576,2.393112,2.393112,2.393112,2.393112
5.422661,0.299049,0.131178,0.163651,0.334042,2.362760,2.362760,2.362760,2.362760
5.432119,0.299648,0.132102,0.164554,0.334733,2.335035,2.335035,2.335035,2.335035
5.442649,0.300660,0.133172,0.165784,0.335521,2.303561,2.303561,2.303561,2.303561
5.452118,0.301064,0.133744,0.166316,0.335948,2.274724,2.274724,2.274724,2.274724
5.462659,0.302923,0.135988,0.168391,0.337908,2.242027,2.242027,2.242027,2.242027
5.472119,0.303181,0.136636,0.168728,0.328563,2.212162,2.212162,2.212162,2.212162
5.482683,0.303373,0.137256,0.169104,0.329143,2.178231,2.178231,2.178231,2.178231
5.492121,0.303697,0.128310,0.159642,0.319903,2.147410,2.147410,2.147410,2.147410
5.502667,0.303426,0.128849,0.160031,0.320557,2.112413,2.112413,2.112413,2.112413
5.512119,0.292992,0.119412,0.150201,0.311273,2.080557,2.080557,2.080557,2.080557
5.522664,0.294339,0.121484,0.152108,0.313580,2.044474,2.044474,2.044474,2.044474
5.532118,0.294024,0.122015,0.152588,0.314474,2.011643,2.011643,2.011643,2.011643
5.542653,0.294621,0.123242,0.153953,0.315833,1.974541,1.974541,1.974541,1.974541
5.552118,0.296355,0.125029,0.155996,0.317533,1.940744,1.940744,1.940744,1.940744
5.562670,0.296810,0.125693,0.156891,0.318586,1.902560,1.902560,1.902560,1.902560
5.572131,0.298933,0.128153,0.159270,0.321134,1.867880,1.867880,1.867880,1.867880
5.582677,0.299550,0.129052,0.160053,0.322124,1.828736,1.828736,1.828736,1.828736
5.592118,0.300002,0.129951,0.160801,0.323004,1.793268,1.793268,1.793268,1.793268
5.602655,0.300534,0.130776,0.161566,0.323993,1.753218,1.753218,1.753218,1.753218
5.612118,0.300606,0.131388,0.162172,0.324674,1.716839,1.716839,1.716839,1.716839
5.622660,0.301916,0.133290,0.164029,0.326711,1.675870,1.675870,1.675870,1.675870
5.632118,0.302248,0.133997,0.164650,0.327412,1.638716,1.638716,1.638716,1.638716
5.642651,0.302543,0.134751,0.165437,0.328075,1.596918,1.596918,1.596918,1.596918
5.652119,0.302738,0.135398,0.166127,0.328729,1.558973,1.558973,1.558973,1.558973
5.662667,0.303202,0.136238,0.167007,0.329500,1.516294,1.516294,1.516294,1.516294
5.672122,0.303902,0.137158,0.169693,0.331749,1.477682,1.477682,1.477682,1.477682
5.682677,0.303841,0.137683,0.170206,0.331901,1.434194,1.434194,1.434194,1.434194
5.692119,0.303455,0.138204,0.170579,0.331756,1.394957,1.394957,1.394957,1.394957
5.702650,0.302857,0.138774,0.170906,0.331353,1.350835,1.350835,1.350835,1.350835
5.712126,0.302100,0.139437,0.171113,0.330753,1.310814,1.310814,1.310814,1.310814
5.722683,0.301087,0.139689,0.171010,0.329940,1.265884,1.265884,1.265884,1.265884
5.732129,0.299874,0.139842,0.170782,0.328873,1.225392,1.225392,1.225392,1.225392
5.742692,0.298397,0.139726,0.170269,0.327555,1.179792,1.179792,1.179792,1.179792
5.752172,0.296821,0.139358,0.169438,0.325997,1.138585,1.138585,1.138585,1.138585
5.762734,0.295154,0.138747,0.168462,0.324248,1.092384,1.092384,1.092384,1.092384
5.772228,0.293372,0.137933,0.167617,0.322468,1.050597,1.050597,1.050597,1.050597
5.782812,0.291181,0.136793,0.166432,0.320428,1.003735,1.003735,1.003735,1.003735
5.792278,0.288788,0.135369,0.165117,0.318349,0.961589,0.961589,0.961589,0.961589
5.802835,0.286358,0.133839,0.163560,0.315992,0.914336,0.914336,0.914336,0.914336
5.812333,0.285159,0.133674,0.163308,0.314853,0.871607,0.871607,0.871607,0.871607
5.822890,0.282358,0.131718,0.161152,0.311988,0.823886,0.823886,0.823886,0.823886
5.832384,0.279297,0.129501,0.158874,0.308966,0.780778,0.780778,0.780778,0.780778
5.842942,0.277513,0.128567,0.157903,0.307225,0.732635,0.732635,0.732635,0.732635
5.852476,0.269449,0.120189,0.149631,0.299294,0.688987,0.688987,0.688987,0.688987
5.861975,0.266354,0.117663,0.147158,0.295997,0.645344,0.645344,0.645344,0.645344
5.872489,0.263198,0.115064,0.144743,0.292735,0.596869,0.596869,0.596869,0.596869
5.881996,0.259864,0.112263,0.141933,0.289226,0.552904,0.552904,0.552904,0.552904
5.892540,0.256483,0.109344,0.138949,0.285624,0.503992,0.503992,0.503992,0.503992
5.902039,0.256465,0.110737,0.140090,0.285181,0.459813,0.459813,0.459813,0.459813
5.912594,0.252699,0.107323,0.136893,0.281312,0.410598,0.410598,0.410598,0.410598
5.922090,0.248966,0.103721,0.133442,0.277386,0.366229,0.366229,0.366229,0.366229
5.932644,0.247533,0.103570,0.133241,0.275662,0.316815,0.316815,0.316815,0.316815
5.942119,0.243532,0.099560,0.129391,0.271320,0.272382,0.272382,0.272382,0.272382
5.952664,0.239319,0.095406,0.125528,0.266885,0.222859,0.222859,0.222859,0.222859
5.962120,0.235037,0.091172,0.121647,0.262370,0.178401,0.178401,0.178401,0.178401
5.972662,0.230635,0.086884,0.117724,0.257454,0.128788,0.128788,0.128788,0.128788
5.982119,0.226028,0.082541,0.113752,0.252349,0.084250,0.084250,0.084250,0.084250
5.992677,0.222327,0.080182,0.111394,0.247800,0.034510,0.034510,0.034510,0.034510
6.002225,0.217997,0.076059,0.107612,0.242428,-0.010488,-0.010488,-0.010488,-0.010488
6.012786,0.210543,0.070976,0.102980,0.235234,-0.060249,-0.060249,-0.060249,-0.060249
6.022224,0.204259,0.065628,0.097865,0.227750,-0.104706,-0.104706,-0.104706,-0.104706
6.032770,0.197456,0.060918,0.093150,0.220490,-0.154357,-0.154357,-0.154357,-0.154357
6.042227,0.192456,0.054144,0.087026,0.215404,-0.198845,-0.198845,-0.198845,-0.198845
6.052777,0.187043,0.046725,0.080162,0.209517,-0.248419,-0.248419,-0.248419,-0.248419
6.062225,0.182409,0.040353,0.075160,0.204016,-0.292763,-0.292763,-0.292763,-0.292763
6.072771,0.176609,0.031482,0.069294,0.197154,-0.342179,-0.342179,-0.342179,-0.342179
6.082231,0.171988,0.025266,0.064130,0.191573,-0.386427,-0.386427,-0.386427,-0.386427
6.092772,0.167312,0.019057,0.058837,0.186019,-0.435634,-0.435634,-0.435634,-0.435634
6.102225,0.162333,0.012621,0.053272,0.180483,-0.479657,-0.479657,-0.479657,-0.479657
6.112782,0.157401,0.006204,0.047566,0.174962,-0.528695,-0.528695,-0.528695,-0.528695
6.122276,0.150257,-0.001205,0.040378,0.166737,-0.572676,-0.572676,-0.572676,-0.572676
6.132818,0.146353,-0.006997,0.035579,0.161615,-0.621361,-0.621361,-0.621361,-0.621361
6.142277,0.142217,-0.012905,0.030601,0.156266,-0.664898,-0.664898,-0.664898,-0.664898
6.152826,0.138010,-0.018794,0.025621,0.150904,-0.713280,-0.713280,-0.713280,-0.713280
6.162282,0.133856,-0.024753,0.020649,0.145736,-0.756482,-0.756482,-0.756482,-0.756482
6.172838,0.129752,-0.030716,0.015657,0.140565,-0.804509,-0.804509,-0.804509,-0.804509
6.182328,0.126286,-0.036243,0.011308,0.135726,-0.847502,-0.847502,-0.847502,-0.847502
6.192862,0.122869,-0.041913,0.007002,0.131047,-0.895002,-0.895002,-0.895002,-0.895002
6.202331,0.118823,-0.048205,0.001816,0.126076,-0.937493,-0.937493,-0.937493,-0.937493
6.212875,0.114960,-0.054188,-0.003337,0.121031,-0.984560,-0.984560,-0.984560,-0.984560
6.222342,0.110129,-0.060418,-0.009072,0.115236,-1.026588,-1.026588,-1.026588,-1.026588
6.232891,0.105286,-0.066956,-0.015030,0.109720,-1.073158,-1.073158,-1.073158,-1.073158
6.242381,0.101335,-0.072824,-0.020037,0.104778,-1.114799,-1.114799,-1.114799,-1.114799
6.252926,0.096900,-0.078943,-0.025244,0.099290,-1.160779,-1.160779,-1.160779,-1.160779
6.262330,0.093375,-0.084666,-0.029884,0.094524,-1.201510,-1.201510,-1.201510,-1.201510
6.272836,0.089783,-0.090492,-0.034510,0.089780,-1.246711,-1.246711,-1.246711,-1.246711
6.282332,0.094009,-0.090350,-0.032572,0.092414,-1.287275,-1.287275,-1.287275,-1.287275
6.292885,0.090092,-0.096435,-0.037500,0.087352,-1.332014,-1.332014,-1.332014,-1.332014
6.302388,0.085183,-0.102958,-0.043103,0.081554,-1.371989,-1.371989,-1.371989,-1.371989
6.312933,0.081111,-0.109020,-0.048080,0.076376,-1.415992,-1.415992,-1.415992,-1.415992
6.322382,0.076984,-0.115170,-0.053059,0.071210,-1.455087,-1.455087,-1.455087,-1.455087
6.332931,0.072645,-0.122019,-0.058945,0.065971,-1.498356,-1.498356,-1.498356,-1.498356
6.342438,0.068182,-0.128505,-0.065017,0.060728,-1.537001,-1.537001,-1.537001,-1.537001
6.352983,0.063785,-0.134800,-0.070800,0.055438,-1.579463,-1.579463,-1.579463,-1.579463
6.362440,0.060598,-0.140776,-0.075513,0.051200,-1.617175,-1.617175,-1.617175,-1.617175
6.372971,0.057706,-0.146717,-0.080068,0.047318,-1.658752,-1.658752,-1.658752,-1.658752
6.382432,0.064322,-0.144156,-0.075512,0.052623,-1.695718,-1.695718,-1.695718,-1.695718
6.392965,0.061601,-0.150128,-0.079997,0.048769,-1.736427,-1.736427,-1.736427,-1.736427
6.402433,0.068137,-0.147697,-0.075771,0.054105,-1.772619,-1.772619,-1.772619,-1.772619
6.412970,0.065379,-0.153637,-0.080452,0.050183,-1.812433,-1.812433,-1.812433,-1.812433
6.422433,0.071967,-0.150765,-0.076111,0.055311,-1.847768,-1.847768,-1.847768,-1.847768
6.432968,0.068979,-0.156718,-0.080987,0.051252,-1.886621,-1.886621,-1.886621,-1.886621
6.442434,0.074832,-0.154237,-0.077505,0.056089,-1.921097,-1.921097,-1.921097,-1.921097
6.452978,0.071901,-0.159892,-0.082353,0.052218,-1.958995,-1.958995,-1.958995,-1.958995
6.462521,0.078273,-0.156836,-0.078100,0.057372,-1.992832,-1.992832,-1.992832,-1.992832
6.473063,0.075132,-0.162488,-0.082937,0.053253,-2.029690,-2.029690,-2.029690,-2.029690
6.482604,0.081176,-0.159619,-0.087645,0.049284,-2.062568,-2.062568,-2.062568,-2.062568
6.492096,0.078138,-0.165266,-0.092064,0.045554,-2.094820,-2.094820,-2.094820,-2.094820
6.502645,0.075169,-0.170912,-0.096443,0.042003,-2.130115,-2.130115,-2.130115,-2.130115
6.512118,0.072459,-0.176021,-0.100586,0.038500,-2.161314,-2.161314,-2.161314,-2.161314
6.522665,0.070283,-0.180769,-0.104221,0.035388,-2.195482,-2.195482,-2.195482,-2.195482
6.532118,0.068528,-0.185387,-0.107215,0.032730,-2.225598,-2.225598,-2.225598,-2.225598
6.542657,0.066158,-0.190539,-0.110807,0.029842,-2.258595,-2.258595,-2.258595,-2.258595
6.553171,0.062759,-0.196071,-0.115306,0.025947,-2.290894,-2.290894,-2.290894,-2.290894
6.562690,0.061175,-0.200206,-0.117914,0.023602,-2.319599,-2.319599,-2.319599,-2.319599
6.572184,0.059475,-0.204462,-0.120686,0.021234,-2.347711,-2.347711,-2.347711,-2.347711
6.582731,0.067453,-0.199565,-0.114268,0.028419,-2.378331,-2.378331,-2.378331,-2.378331
6.592182,0.065651,-0.204077,-0.117742,0.025866,-2.405215,-2.405215,-2.405215,-2.405215
6.602697,0.062475,-0.209272,-0.122263,0.022105,-2.434500,-2.434500,-2.434500,-2.434500
6.612128,0.060854,-0.213364,-0.125407,0.019770,-2.460202,-2.460202,-2.460202,-2.460202
6.622669,0.059184,-0.217360,-0.128419,0.017502,-2.488289,-2.488289,-2.488289,-2.488289
6.632120,0.056352,-0.222144,-0.132368,0.014142,-2.512892,-2.512892,-2.512892,-2.512892
6.642670,0.055671,-0.225460,-0.134162,0.012466,-2.539704,-2.539704,-2.539704,-2.539704
6.652118,0.054429,-0.229235,-0.136351,0.010584,-2.563121,-2.563121,-2.563121,-2.563121
6.662653,0.053529,-0.232585,-0.138396,0.008991,-2.588567,-2.588567,-2.588567,-2.588567
6.672117,0.052981,-0.235698,-0.140259,0.007650,-2.610824,-2.610824,-2.610824,-2.610824
6.682648,0.050456,-0.240181,-0.143783,0.004654,-2.634909,-2.634909,-2.634909,-2.634909
6.692118,0.049497,-0.243385,-0.146096,0.003140,-2.655952,-2.655952,-2.655952,-2.655952
6.702653,0.048778,-0.246510,-0.148233,0.001708,-2.678673,-2.678673,-2.678673,-2.678673
6.712118,0.048193,-0.249405,-0.150162,0.000382,-2.698459,-2.698459,-2.698459,-2.698459
6.722661,0.047805,-0.252189,-0.152023,-0.000809,-2.719797,-2.719797,-2.719797,-2.719797
6.732118,0.047364,-0.255033,-0.153760,-0.003386,-2.738301,-2.738301,-2.738301,-2.738301
6.742670,0.046843,-0.257867,-0.155534,-0.004421,-2.758236,-2.758236,-2.758236,-2.758236
6.752128,0.046351,-0.260669,-0.157282,-0.005393,-2.775461,-2.775461,-2.775461,-2.775461
6.762679,0.046061,-0.263197,-0.158857,-0.006283,-2.793951,-2.793951,-2.793951,-2.793951
6.772176,0.045811,-0.265729,-0.160620,-0.007211,-2.809941,-2.809941,-2.809941,-2.809941
6.782755,0.044080,-0.269258,-0.163522,-0.009550,-2.827014,-2.827014,-2.827014,-2.827014
6.792224,0.044431,-0.271253,-0.164370,-0.010004,-2.841634,-2.841634,-2.841634,-2.841634
6.802775,0.044399,-0.273695,-0.165660,-0.010578,-2.857183,-2.857183,-2.857183,-2.857183
6.812224,0.044279,-0.275943,-0.167125,-0.011215,-2.870444,-2.870444,-2.870444,-2.870444
6.822761,0.044017,-0.278245,-0.168657,-0.011924,-2.884483,-2.884483,-2.884483,-2.884483
6.832224,0.043916,-0.280443,-0.170014,-0.012567,-2.896420,-2.896420,-2.896420,-2.896420
6.842777,0.043814,-0.282564,-0.171290,-0.013198,-2.908976,-2.908976,-2.908976,-2.908976
6.852228,0.043749,-0.284554,-0.172454,-0.013737,-2.919543,-2.919543,-2.919543,-2.919543
6.862772,0.042172,-0.287693,-0.174921,-0.015678,-2.930572,-2.930572,-2.930572,-2.930572
6.872225,0.042695,-0.289408,-0.175568,-0.015795,-2.939777,-2.939777,-2.939777,-2.939777
6.882775,0.042571,-0.291715,-0.176914,-0.016233,-2.949284,-2.949284,-2.949284,-2.949284
6.892233,0.041008,-0.294792,-0.179473,-0.018219,-2.957119,-2.957119,-2.957119,-2.957119
6.902772,0.041765,-0.296116,-0.179548,-0.018023,-2.965081,-2.965081,-2.965081,-2.965081
6.912187,0.040344,-0.299289,-0.181717,-0.019781,-2.971505,-2.971505,-2.971505,-2.971505
6.922757,0.040740,-0.300834,-0.182362,-0.019806,-2.977944,-2.977944,-2.977944,-2.977944
6.932231,0.040928,-0.302391,-0.183232,-0.019992,-2.983018,-2.983018,-2.983018,-2.983018
6.942804,0.039544,-0.305168,-0.185547,-0.021747,-2.987900,-2.987900,-2.987900,-2.987900
6.952279,0.040056,-0.306570,-0.186155,-0.021681,-2.991575,-2.991575,-2.991575,-2.991575
6.962842,0.038781,-0.309447,-0.188373,-0.023228,-2.994891,-2.994891,-2.994891,-2.994891
6.972335,0.039675,-0.310567,-0.188647,-0.022929,-2.997168,-2.997168,-2.997168,-2.997168
6.982895,0.040787,-0.311542,-0.188501,-0.022472,-2.998917,-2.998917,-2.998917,-2.998917
6.992380,0.040848,-0.313128,-0.188992,-0.022469,-2.999785,-2.999785,-2.999785,-2.999785
7.002988,0.041253,-0.314403,-0.189447,-0.022301,-2.999967,-2.999967,-2.999967,-2.999967
7.012495,0.042143,-0.315479,-0.189498,-0.021882,-2.999422,-2.999422,-2.999422,-2.999422
7.023036,0.042371,-0.316982,-0.190179,-0.021818,-2.998036,-2.998036,-2.998036,-2.998036
7.032492,0.040545,-0.320004,-0.192761,-0.023494,-2.996094,-2.996094,-2.996094,-2.996094
7.043040,0.041146,-0.321057,-0.193284,-0.023401,-2.993146,-2.993146,-2.993146,-2.993146
7.052547,0.041863,-0.321972,-0.193430,-0.023236,-2.989787,-2.989787,-2.989787,-2.989787
7.063102,0.042465,-0.322898,-0.193537,-0.022972,-2.985275,-2.985275,-2.985275,-2.985275
7.072599,0.042947,-0.323870,-0.193768,-0.022683,-2.980514,-2.980514,-2.980514,-2.980514
7.083128,0.043861,-0.324669,-0.193960,-0.022174,-2.974461,-2.974461,-2.974461,-2.974461
7.092610,0.055125,-0.315624,-0.183927,-0.011762,-2.968313,-2.968313,-2.968313,-2.968313
7.103126,0.053539,-0.318417,-0.186184,-0.013635,-2.960725,-2.960725,-2.960725,-2.960725
7.112647,0.062905,-0.310545,-0.178040,-0.004456,-2.953158,-2.953158,-2.953158,-2.953158
7.123174,0.062390,-0.311935,-0.179374,-0.005144,-2.944023,-2.944023,-2.944023,-2.944023
7.132657,0.071059,-0.304101,-0.171689,0.003474,-2.935104,-2.935104,-2.935104,-2.935104
7.143170,0.069429,-0.306312,-0.174459,0.001905,-2.924455,-2.924455,-2.924455,-2.924455
7.152688,0.068612,-0.307657,-0.176219,0.000847,-2.914128,-2.914128,-2.914128,-2.914128
7.162171,0.068067,-0.308978,-0.177539,-0.000044,-2.903188,-2.903188,-2.903188,-2.903188
7.172717,0.077003,-0.301068,-0.169448,0.008638,-2.890268,-2.890268,-2.890268,-2.890268
7.183223,0.075965,-0.302785,-0.171170,0.007533,-2.876606,-2.876606,-2.876606,-2.876606
7.192727,0.074935,-0.304624,-0.172984,0.006365,-2.863574,-2.863574,-2.863574,-2.863574
7.203242,0.073983,-0.306367,-0.174556,0.005267,-2.848411,-2.848411,-2.848411,-2.848411
7.212756,0.082887,-0.298452,-0.166217,0.013852,-2.834023,-2.834023,-2.834023,-2.834023
7.222235,0.081037,-0.301063,-0.168547,0.011440,-2.819058,-2.819058,-2.819058,-2.819058
7.232752,0.090022,-0.293270,-0.160125,0.020016,-2.801722,-2.801722,-2.801722,-2.801722
7.242225,0.086879,-0.296934,-0.163716,0.016975,-2.785453,-2.785453,-2.785453,-2.785453
7.252742,0.084529,-0.299478,-0.166819,0.014953,-2.766669,-2.766669,-2.766669,-2.766669
7.262227,0.082741,-0.301459,-0.169387,0.013078,-2.749079,-2.749079,-2.749079,-2.749079
7.272754,0.081388,-0.303122,-0.171225,0.011487,-2.728844,-2.728844,-2.728844,-2.728844
7.282224,0.080097,-0.304771,-0.172816,0.010095,-2.710003,-2.710003,-2.710003,-2.710003
7.292769,0.077324,-0.307894,-0.175975,0.007320,-2.688317,-2.688317,-2.688317,-2.688317
7.302223,0.076088,-0.309603,-0.177687,0.006053,-2.668247,-2.668247,-2.668247,-2.668247
7.312778,0.075020,-0.311172,-0.179214,0.004860,-2.645147,-2.645147,-2.645147,-2.645147
7.322226,0.074029,-0.312693,-0.180499,0.003838,-2.623852,-2.623852,-2.623852,-2.623852
7.332750,0.073071,-0.314311,-0.181754,0.002842,-2.599450,-2.599450,-2.599450,-2.599450
7.342224,0.070717,-0.317150,-0.184314,0.000479,-2.576876,-2.576876,-2.576876,-2.576876
7.352761,0.070284,-0.318431,-0.185337,-0.000090,-2.551098,-2.551098,-2.551098,-2.551098
7.362228,0.067959,-0.321537,-0.188234,-0.002510,-2.527342,-2.527342,-2.527342,-2.527342
7.372777,0.067323,-0.322874,-0.189517,-0.003316,-2.500212,-2.500212,-2.500212,-2.500212
7.382182,0.066038,-0.324592,-0.191261,-0.004392,-2.475448,-2.475448,-2.475448,-2.475448
7.392730,0.065087,-0.325792,-0.192416,-0.005166,-2.447030,-2.447030,-2.447030,-2.447030
7.402227,0.064444,-0.326997,-0.193481,-0.005901,-2.420868,-2.420868,-2.420868,-2.420868
7.412772,0.062421,-0.329664,-0.195929,-0.008063,-2.391188,-2.391188,-2.391188,-2.391188
7.422223,0.061880,-0.330699,-0.196681,-0.008616,-2.364031,-2.364031,-2.364031,-2.364031
7.432755,0.061674,-0.331554,-0.197260,-0.009001,-2.333150,-2.333150,-2.333150,-2.333150
7.442224,0.061826,-0.332265,-0.197532,-0.009203,-2.304846,-2.304846,-2.304846,-2.304846
7.452773,0.061578,-0.333348,-0.198269,-0.009708,-2.272710,-2.272710,-2.272710,-2.272710
7.462225,0.059852,-0.335627,-0.200442,-0.011707,-2.243386,-2.243386,-2.243386,-2.243386
7.472769,0.060078,-0.336266,-0.200755,-0.011795,-2.210090,-2.210090,-2.210090,-2.210090
7.482228,0.060063,-0.337286,-0.201564,-0.012122,-2.179706,-2.179706,-2.179706,-2.179706
7.492782,0.058611,-0.339452,-0.203593,-0.013921,-2.145236,-2.145236,-2.145236,-2.145236
7.502277,0.058623,-0.340232,-0.203948,-0.014017,-2.113718,-2.113718,-2.113718,-2.113718
7.512842,0.058684,-0.341041,-0.204461,-0.014065,-2.078101,-2.078101,-2.078101,-2.078101
7.522346,0.058631,-0.341918,-0.204963,-0.014125,-2.045568,-2.045568,-2.045568,-2.045568
7.532911,0.058489,-0.342750,-0.205425,-0.014261,-2.008872,-2.008872,-2.008872,-2.008872
7.542387,0.056728,-0.345017,-0.207484,-0.016161,-1.975485,-1.975485,-1.975485,-1.975485
7.552945,0.056720,-0.345612,-0.207799,-0.016314,-1.937769,-1.937769,-1.937769,-1.937769
7.562436,0.054599,-0.348028,-0.210288,-0.018404,-1.903412,-1.903412,-1.903412,-1.903412
7.572978,0.054363,-0.348702,-0.211050,-0.018701,-1.864756,-1.864756,-1.864756,-1.864756
7.582408,0.054546,-0.349124,-0.211190,-0.018767,-1.829741,-1.829741,-1.829741,-1.829741
7.592969,0.052963,-0.351240,-0.212959,-0.020420,-1.790053,-1.790053,-1.790053,-1.790053
7.602436,0.053469,-0.351603,-0.212967,-0.020142,-1.754055,-1.754055,-1.754055,-1.754055
7.612987,0.052030,-0.353723,-0.214851,-0.021744,-1.713481,-1.713481,-1.713481,-1.713481
7.622488,0.052356,-0.354032,-0.215015,-0.021597,-1.676539,-1.676539,-1.676539,-1.676539
7.633029,0.052669,-0.354449,-0.215043,-0.021400,-1.635121,-1.635121,-1.635121,-1.635121
7.642450,0.053047,-0.354756,-0.214943,-0.021196,-1.597718,-1.597718,-1.597718,-1.597718
7.652996,0.053474,-0.354985,-0.214676,-0.020886,-1.555440,-1.555440,-1.555440,-1.555440
7.662488,0.052169,-0.356608,-0.216234,-0.022353,-1.517022,-1.517022,-1.517022,-1.517022
7.673026,0.052271,-0.356533,-0.216485,-0.022274,-1.473972,-1.473972,-1.473972,-1.473972
7.682482,0.052500,-0.356149,-0.216741,-0.022134,-1.434999,-1.434999,-1.434999,-1.434999
7.693020,0.052737,-0.355579,-0.216841,-0.021856,-1.391197,-1.391197,-1.391197,-1.391197
7.702486,0.052906,-0.354832,-0.216986,-0.021762,-1.351525,-1.351525,-1.351525,-1.351525
7.713002,0.051444,-0.355337,-0.218375,-0.023338,-1.307101,-1.307101,-1.307101,-1.307101
7.722484,0.051871,-0.354091,-0.217586,-0.023053,-1.266737,-1.266737,-1.266737,-1.266737
7.733024,0.052413,-0.352523,-0.216218,-0.022710,-1.221542,-1.221542,-1.221542,-1.221542
7.742490,0.052787,-0.350807,-0.214770,-0.022359,-1.180664,-1.180664,-1.180664,-1.180664
7.753035,0.053097,-0.348919,-0.213208,-0.021731,-1.134825,-1.134825,-1.134825,-1.134825
7.762536,0.051799,-0.348312,-0.213127,-0.022665,-1.093256,-1.093256,-1.093256,-1.093256
7.773076,0.052682,-0.345856,-0.211169,-0.021567,-1.046855,-1.046855,-1.046855,-1.046855
7.782531,0.053741,-0.343231,-0.208951,-0.020339,-1.004983,-1.004983,-1.004983,-1.004983
7.793064,0.054952,-0.340387,-0.206615,-0.018917,-0.958081,-0.958081,-0.958081,-0.958081
7.802543,0.065087,-0.331282,-0.197124,-0.009210,-0.915646,-0.915646,-0.915646,-0.915646
7.813066,0.064936,-0.329618,-0.195984,-0.009200,-0.868302,-0.868302,-0.868302,-0.868302
7.822539,0.073202,-0.322068,-0.188483,-0.000612,-0.825478,-0.825478,-0.825478,-0.825478
7.833041,0.074124,-0.319167,-0.186907,0.000675,-0.777788,-0.777788,-0.777788,-0.777788
7.842495,0.083022,-0.310634,-0.178618,0.009249,-0.734676,-0.734676,-0.734676,-0.734676
7.853023,0.084263,-0.307291,-0.176283,0.010823,-0.686478,-0.686478,-0.686478,-0.686478
7.862485,0.085461,-0.304030,-0.173986,0.012513,-0.642995,-0.642995,-0.642995,-0.642995
7.873013,0.086917,-0.300432,-0.171463,0.014317,-0.594451,-0.594451,-0.594451,-0.594451
7.882461,0.087190,-0.300305,-0.172990,0.015031,-0.550748,-0.550748,-0.550748,-0.550748
7.893015,0.089060,-0.296528,-0.170131,0.017289,-0.501787,-0.501787,-0.501787,-0.501787
7.902441,0.090887,-0.292817,-0.167501,0.019524,-0.457941,-0.457941,-0.457941,-0.457941
7.912955,0.093044,-0.288618,-0.164337,0.022090,-0.408911,-0.408911,-0.408911,-0.408911
7.922438,0.095229,-0.284272,-0.160924,0.024703,-0.364600,-0.364600,-0.364600,-0.364600
7.932985,0.095845,-0.282423,-0.160636,0.023112,-0.315219,-0.315219,-0.315219,-0.315219
7.942438,0.098788,-0.277396,-0.156529,0.026547,-0.270884,-0.270884,-0.270884,-0.270884
7.952968,0.101746,-0.272486,-0.152410,0.029983,-0.221431,-0.221431,-0.221431,-0.221431
7.962389,0.104510,-0.267592,-0.148265,0.033387,-0.177136,-0.177136,-0.177136,-0.177136
7.972938,0.107435,-0.262273,-0.144124,0.036892,-0.127491,-0.127491,-0.127491,-0.127491
7.982433,0.107317,-0.257630,-0.141553,0.037708,-0.082770,-0.082770,-0.082770,-0.082770
7.992976,0.110560,-0.251545,-0.136962,0.041380,-0.033100,-0.033100,-0.033100,-0.033100
8.002483,0.113920,-0.245129,-0.131929,0.045270,0.011704,0.011704,0.011704,0.011704
8.013004,0.117320,-0.238598,-0.126573,0.049304,0.061276,0.061276,0.061276,0.061276
8.022494,0.120629,-0.230857,-0.121125,0.053328,0.105980,0.105980,0.105980,0.105980
8.033055,0.123957,-0.222952,-0.114308,0.057529,0.155702,0.155702,0.155702,0.155702
8.042551,0.127290,-0.216357,-0.108849,0.061777,0.200368,0.200368,0.200368,0.200368
8.053098,0.131552,-0.209275,-0.098962,0.066489,0.249928,0.249928,0.249928,0.249928
8.062598,0.135144,-0.201586,-0.092549,0.071296,0.294512,0.294512,0.294512,0.294512
8.073121,0.140042,-0.194523,-0.086983,0.079016,0.343817,0.343817,0.343817,0.343817
8.082616,0.143514,-0.189276,-0.082267,0.084728,0.388227,0.388227,0.388227,0.388227
8.093122,0.148623,-0.182837,-0.077198,0.090478,0.437260,0.437260,0.437260,0.437260
8.102618,0.152841,-0.178665,-0.073728,0.095267,0.481485,0.481485,0.481485,0.481485
8.113118,0.157696,-0.169801,-0.066509,0.101132,0.530255,0.530255,0.530255,0.530255
8.122609,0.161189,-0.166279,-0.063582,0.105039,0.574218,0.574218,0.574218,0.574218
8.133121,0.165542,-0.159693,-0.058209,0.110191,0.622754,0.622754,0.622754,0.622754
8.142626,0.168474,-0.156590,-0.055632,0.113683,0.666501,0.666501,0.666501,0.666501
8.153120,0.173054,-0.149837,-0.049921,0.118813,0.714624,0.714624,0.714624,0.714624
8.162592,0.177912,-0.142875,-0.044000,0.124016,0.757895,0.757895,0.757895,0.757895
8.173120,0.182192,-0.136102,-0.038467,0.128896,0.805788,0.805788,0.805788,0.805788
8.182611,0.183781,-0.133781,-0.037113,0.130955,0.848778,0.848778,0.848778,0.848778
8.193121,0.187970,-0.126871,-0.031596,0.135974,0.896167,0.896167,0.896167,0.896167
8.202622,0.188919,-0.124996,-0.030502,0.137593,0.938795,0.938795,0.938795,0.938795
8.213120,0.193039,-0.118092,-0.024778,0.142829,0.985650,0.985650,0.985650,0.985650
8.222611,0.193574,-0.116882,-0.024189,0.144281,1.027785,1.027785,1.027785,1.027785
8.233120,0.198510,-0.109573,-0.017974,0.149915,1.074164,1.074164,1.074164,1.074164
8.242611,0.199435,-0.107999,-0.017017,0.150912,1.115803,1.115803,1.115803,1.115803
8.253119,0.204371,-0.100482,-0.010537,0.156582,1.161617,1.161617,1.161617,1.161617
8.262612,0.204243,-0.099781,-0.010412,0.157195,1.202732,1.202732,1.202732,1.202732
8.273119,0.209206,-0.092303,-0.003973,0.163018,1.247925,1.247925,1.247925,1.247925
8.282613,0.208472,-0.092225,-0.004571,0.163094,1.288468,1.288468,1.288468,1.288468
8.293120,0.213326,-0.084667,0.001695,0.168802,1.333005,1.333005,1.333005,1.333005
8.302606,0.218252,-0.076998,0.008152,0.174626,1.372901,1.372901,1.372901,1.372901
8.313120,0.223015,-0.069533,0.014445,0.180307,1.416766,1.416766,1.416766,1.416766
8.322616,0.221033,-0.070390,0.012886,0.179212,1.456051,1.456051,1.456051,1.456051
8.333119,0.225738,-0.063046,0.019308,0.185071,1.499127,1.499127,1.499127,1.499127
8.342618,0.223517,-0.064124,0.017392,0.183739,1.537732,1.537732,1.537732,1.537732
8.353121,0.228870,-0.056884,0.024060,0.190014,1.580017,1.580017,1.580017,1.580017
8.362637,0.226936,-0.058151,0.022391,0.188846,1.617955,1.617955,1.617955,1.617955
8.373119,0.233457,-0.050596,0.029713,0.196142,1.659334,1.659334,1.659334,1.659334
8.382616,0.230925,-0.052135,0.027726,0.194398,1.696432,1.696432,1.696432,1.696432
8.393119,0.236417,-0.045710,0.033536,0.200633,1.737021,1.737021,1.737021,1.737021
8.402610,0.233428,-0.047444,0.030716,0.198226,1.773291,1.773291,1.773291,1.773291
8.413121,0.238936,-0.040796,0.036493,0.204315,1.813000,1.813000,1.813000,1.813000
8.422589,0.235524,-0.042807,0.033484,0.201714,1.848349,1.848349,1.848349,1.848349
8.433121,0.240684,-0.036484,0.039212,0.207515,1.887183,1.887183,1.887183,1.887183
8.442590,0.236998,-0.038779,0.036411,0.213396,1.921660,1.921660,1.921660,1.921660
8.453120,0.242024,-0.032700,0.041889,0.218831,1.959501,1.959501,1.959501,1.959501
8.462628,0.246857,-0.026895,0.047068,0.224196,1.993210,1.993210,1.993210,1.993210
8.473172,0.250490,-0.021786,0.051260,0.228746,2.030068,2.030068,2.030068,2.030068
8.482696,0.245270,-0.025058,0.046662,0.224467,2.062881,2.062881,2.062881,2.062881
8.492171,0.250241,-0.018745,0.052535,0.229830,2.095074,2.095074,2.095074,2.095074
8.502725,0.246938,-0.020994,0.050133,0.226652,2.130378,2.130378,2.130378,2.130378
8.513228,0.252442,-0.014838,0.056055,0.232428,2.164938,2.164938,2.164938,2.164938
8.522705,0.256958,-0.009432,0.060809,0.237213,2.195611,2.195611,2.195611,2.195611
8.532176,0.262055,-0.003422,0.066367,0.242612,2.225781,2.225781,2.225781,2.225781
8.542730,0.256991,-0.007143,0.061839,0.238074,2.258822,2.258822,2.258822,2.258822
8.552233,0.260855,-0.002064,0.066353,0.242543,2.288037,2.288037,2.288037,2.288037
8.562716,0.264684,0.002711,0.070740,0.247029,2.319676,2.319676,2.319676,2.319676
8.573226,0.268253,0.007366,0.074918,0.251205,2.350766,2.350766,2.350766,2.350766
8.582693,0.271694,0.011889,0.078896,0.255104,2.378222,2.378222,2.378222,2.378222
8.592172,0.274787,0.016242,0.082582,0.258798,2.405184,2.405184,2.405184,2.405184
8.602723,0.277777,0.020479,0.086218,0.262600,2.434573,2.434573,2.434573,2.434573
8.613226,0.282420,0.025801,0.091393,0.267064,2.463160,2.463160,2.463160,2.463160
8.622741,0.286489,0.030438,0.095966,0.271002,2.488479,2.488479,2.488479,2.488479
8.632227,0.289478,0.034399,0.099365,0.274315,2.513168,2.513168,2.513168,2.513168
8.642781,0.282469,0.028982,0.092983,0.268250,2.539983,2.539983,2.539983,2.539983
8.652199,0.286091,0.033681,0.097026,0.272427,2.563318,2.563318,2.563318,2.563318
8.662753,0.288321,0.037394,0.100059,0.275470,2.588806,2.588806,2.588806,2.588806
8.672227,0.290538,0.040974,0.102968,0.278416,2.611077,2.611077,2.611077,2.611077
8.682778,0.292431,0.044174,0.105454,0.281097,2.635203,2.635203,2.635203,2.635203
8.692279,0.294124,0.047303,0.107717,0.283643,2.656305,2.656305,2.656305,2.656305
8.702825,0.297703,0.051973,0.111930,0.287693,2.679037,2.679037,2.679037,2.679037
8.712244,0.299598,0.055119,0.114573,0.290231,2.698718,2.698718,2.698718,2.698718
8.722802,0.302258,0.059040,0.117943,0.293646,2.720078,2.720078,2.720078,2.720078
8.732279,0.304307,0.062388,0.120692,0.296127,2.738612,2.738612,2.738612,2.738612
8.742828,0.306267,0.065636,0.123397,0.298531,2.758530,2.758530,2.758530,2.758530
8.752335,0.307416,0.068134,0.125272,0.300423,2.775829,2.775829,2.775829,2.775829
8.762877,0.308385,0.070623,0.127119,0.302262,2.794293,2.794293,2.794293,2.794293
8.772335,0.309285,0.073045,0.128993,0.304054,2.810202,2.810202,2.810202,2.810202
8.782901,0.310146,0.075396,0.130853,0.305855,2.827244,2.827244,2.827244,2.827244
8.792393,0.312271,0.078833,0.133900,0.308872,2.841888,2.841888,2.841888,2.841888
8.802949,0.312346,0.080717,0.135191,0.310162,2.857433,2.857433,2.857433,2.857433
8.812444,0.313342,0.083137,0.137123,0.311944,2.870744,2.870744,2.870744,2.870744
8.822992,0.314169,0.085301,0.138897,0.313454,2.884783,2.884783,2.884783,2.884783
8.832488,0.315356,0.087708,0.140848,0.314997,2.896744,2.896744,2.896744,2.896744
8.843040,0.316943,0.090389,0.143362,0.316745,2.909279,2.909279,2.909279,2.909279
8.852546,0.317135,0.091938,0.144569,0.317822,2.919887,2.919887,2.919887,2.919887
8.863092,0.319040,0.095003,0.147071,0.320390,2.930895,2.930895,2.930895,2.930895
8.872547,0.319248,0.096640,0.148119,0.321379,2.940079,2.940079,2.940079,2.940079
8.883091,0.319442,0.098347,0.149140,0.322363,2.949556,2.949556,2.949556,2.949556
8.892515,0.309946,0.090518,0.140594,0.313884,2.957342,2.957342,2.957342,2.957342
8.903056,0.310121,0.092128,0.141503,0.314879,2.965284,2.965284,2.965284,2.965284
8.912553,0.299972,0.083992,0.132515,0.306013,2.971742,2.971742,2.971742,2.971742
8.923060,0.299926,0.085620,0.133597,0.307200,2.978117,2.978117,2.978117,2.978117
8.932494,0.300033,0.087266,0.134845,0.308465,2.983150,2.983150,2.983150,2.983150
8.943021,0.300570,0.088996,0.136252,0.309831,2.987992,2.987992,2.987992,2.987992
8.952492,0.303011,0.092282,0.139336,0.312721,2.991650,2.991650,2.991650,2.991650
8.963026,0.303844,0.094028,0.140856,0.314140,2.994942,2.994942,2.994942,2.994942
8.972483,0.304766,0.095956,0.142440,0.315529,2.997198,2.997198,2.997198,2.997198
8.982974,0.305590,0.097697,0.143950,0.316947,2.998927,2.998927,2.998927,2.998927
8.992431,0.306305,0.099332,0.145353,0.318214,2.999788,2.999788,2.999788,2.999788
9.003003,0.308560,0.102376,0.148090,0.320800,2.999967,2.999967,2.999967,2.999967
9.012489,0.309200,0.103889,0.149371,0.321884,2.999423,2.999423,2.999423,2.999423
9.023017,0.309700,0.105358,0.150578,0.322935,2.998039,2.998039,2.998039,2.998039
9.032482,0.310372,0.106951,0.151881,0.324110,2.996096,2.996096,2.996096,2.996096
9.042985,0.311384,0.108879,0.153440,0.325390,2.993164,2.993164,2.993164,2.993164
9.052430,0.313690,0.111830,0.156036,0.327869,2.989832,2.989832,2.989832,2.989832
9.062959,0.313530,0.112738,0.156350,0.328281,2.985342,2.985342,2.985342,2.985342
9.072384,0.315462,0.115522,0.158779,0.330612,2.980629,2.980629,2.980629,2.980629
9.082920,0.315781,0.116852,0.159802,0.331419,2.974588,2.974588,2.974588,2.974588
9.092387,0.315983,0.117954,0.160565,0.332096,2.968465,2.968465,2.968465,2.968465
9.102930,0.316105,0.119010,0.161324,0.332692,2.960874,2.960874,2.960874,2.960874
9.112379,0.316283,0.120128,0.162134,0.333309,2.953380,2.953380,2.953380,2.953380
9.122920,0.318056,0.122655,0.164390,0.335481,2.944252,2.944252,2.944252,2.944252
9.132378,0.317775,0.123423,0.164804,0.335932,2.935376,2.935376,2.935376,2.935376
9.142883,0.317126,0.123909,0.164743,0.336121,2.924756,2.924756,2.924756,2.924756
9.152328,0.317110,0.124830,0.165173,0.336541,2.914529,2.914529,2.914529,2.914529
9.162862,0.317107,0.125723,0.165795,0.336948,2.902366,2.902366,2.902366,2.902366
9.172330,0.318803,0.128151,0.167988,0.338906,2.890756,2.890756,2.890756,2.890756
9.182858,0.319230,0.129318,0.168967,0.339553,2.877095,2.877095,2.877095,2.877095
9.192327,0.319922,0.130635,0.170124,0.340264,2.864135,2.864135,2.864135,2.864135
9.202865,0.319693,0.132863,0.172277,0.342174,2.848969,2.848969,2.848969,2.848969
9.212327,0.319598,0.133546,0.172440,0.342346,2.834686,2.834686,2.834686,2.834686
9.222840,0.321183,0.135876,0.174415,0.344137,2.818081,2.818081,2.818081,2.818081
9.232331,0.320942,0.136406,0.174773,0.344437,2.802430,2.802430,2.802430,2.802430
9.242885,0.320731,0.137017,0.175215,0.344707,2.784297,2.784297,2.784297,2.784297
9.252384,0.320120,0.137232,0.175248,0.344784,2.767319,2.767319,2.767319,2.767319
9.262929,0.319466,0.137444,0.175012,0.344759,2.747754,2.747754,2.747754,2.747754
9.272386,0.321443,0.140121,0.177351,0.346829,2.729565,2.729565,2.729565,2.729565
9.282931,0.321391,0.140820,0.177834,0.346929,2.708572,2.708572,2.708572,2.708572
9.292417,0.321398,0.141414,0.178221,0.347069,2.689054,2.689054,2.689054,2.689054
9.302963,0.322481,0.142788,0.179815,0.347910,2.666650,2.666650,2.666650,2.666650
9.312436,0.322780,0.143261,0.180527,0.348421,2.645906,2.645906,2.645906,2.645906
9.322963,0.324164,0.145060,0.182319,0.350321,2.622165,2.622165,2.622165,2.622165
9.332439,0.323781,0.145453,0.182286,0.350246,2.600180,2.600180,2.600180,2.600180
9.342992,0.325212,0.147374,0.183949,0.351850,2.575022,2.575022,2.575022,2.575022
9.352481,0.324844,0.147698,0.184023,0.351789,2.551793,2.551793,2.551793,2.551793
9.363015,0.324009,0.147692,0.183761,0.351547,2.525343,2.525343,2.525343,2.525343
9.372482,0.323205,0.147629,0.183392,0.351334,2.500981,2.500981,2.500981,2.500981
9.383019,0.323469,0.148445,0.183895,0.351538,2.473216,2.473216,2.473216,2.473216
9.392493,0.325239,0.150571,0.185981,0.353353,2.447674,2.447674,2.447674,2.447674
9.403039,0.324516,0.150534,0.185758,0.353124,2.418605,2.418605,2.418605,2.418605
9.412492,0.324442,0.151078,0.186135,0.353300,2.391984,2.391984,2.391984,2.391984
9.423006,0.324873,0.151867,0.186886,0.353572,2.361756,2.361756,2.361756,2.361756
9.432485,0.324450,0.151881,0.186868,0.353474,2.333953,2.333953,2.333953,2.333953
9.443017,0.325796,0.153706,0.188493,0.355109,2.302450,2.302450,2.302450,2.302450
9.452492,0.325320,0.153906,0.188331,0.354964,2.273575,2.273575,2.273575,2.273575
9.463046,0.324897,0.154050,0.188061,0.354758,2.240816,2.240816,2.240816,2.240816
9.472503,0.326252,0.155937,0.189730,0.356251,2.210938,2.210938,2.210938,2.210938
9.483054,0.325863,0.155994,0.189705,0.356157,2.177027,2.177027,2.177027,2.177027
9.492541,0.325473,0.156125,0.189504,0.355999,2.146027,2.146027,2.146027,2.146027
9.503083,0.326755,0.157844,0.190878,0.357396,2.111022,2.111022,2.111022,2.111022
9.512544,0.315875,0.147942,0.180459,0.346943,2.079115,2.079115,2.079115,2.079115
9.523085,0.315694,0.148407,0.180597,0.347021,2.043022,2.043022,2.043022,2.043022
9.532521,0.306332,0.139423,0.171406,0.337652,2.010233,2.010233,2.010233,2.010233
9.543057,0.306605,0.140035,0.172163,0.338162,1.973107,1.973107,1.973107,1.973107
9.552543,0.306926,0.140710,0.172936,0.338646,1.939217,1.939217,1.939217,1.939217
9.563073,0.307415,0.141548,0.173670,0.339145,1.901091,1.901091,1.901091,1.901091
9.572556,0.307919,0.142238,0.174379,0.339658,1.866311,1.866311,1.866311,1.866311
9.583103,0.308430,0.142934,0.174948,0.340075,1.827143,1.827143,1.827143,1.827143
9.592613,0.308495,0.143427,0.165835,0.330819,1.791398,1.791398,1.791398,1.791398
9.603121,0.310030,0.145372,0.167958,0.332988,1.751437,1.751437,1.751437,1.751437
9.612612,0.301029,0.136389,0.159292,0.323876,1.714931,1.714931,1.714931,1.714931
9.623129,0.303354,0.138910,0.162159,0.326177,1.674037,1.674037,1.674037,1.674037
9.632609,0.295136,0.130696,0.154715,0.317837,1.636777,1.636777,1.636777,1.636777
9.643118,0.296414,0.131876,0.156512,0.319262,1.595054,1.595054,1.595054,1.595054
9.652595,0.288559,0.123788,0.148920,0.311326,1.557057,1.557057,1.557057,1.557057
9.663118,0.290068,0.125170,0.150701,0.312950,1.514458,1.514458,1.514458,1.514458
9.672596,0.291684,0.126629,0.152640,0.314609,1.475737,1.475737,1.475737,1.475737
9.683118,0.293113,0.128073,0.154349,0.315853,1.432367,1.432367,1.432367,1.432367
9.692631,0.285155,0.119956,0.146556,0.307951,1.392821,1.392821,1.392821,1.392821
9.703119,0.287280,0.122806,0.149576,0.309967,1.348859,1.348859,1.348859,1.348859
9.712606,0.278286,0.114165,0.141071,0.301575,1.308776,1.308776,1.308776,1.308776
9.723120,0.278008,0.115261,0.142062,0.301756,1.264019,1.264019,1.264019,1.264019
9.732613,0.269655,0.107151,0.134148,0.294047,1.223311,1.223311,1.223311,1.223311
9.743119,0.270172,0.108611,0.135779,0.294624,1.177940,1.177940,1.177940,1.177940
9.752607,0.271496,0.110198,0.137740,0.295391,1.136689,1.136689,1.136689,1.136689
9.763120,0.271768,0.110858,0.138759,0.295391,1.090694,1.090694,1.090694,1.090694
9.772623,0.271719,0.111467,0.139507,0.295096,1.048854,1.048854,1.048854,1.048854
9.783171,0.271484,0.111915,0.140201,0.294619,1.002144,1.002144,1.002144,1.002144
9.792686,0.264692,0.104641,0.133422,0.287650,0.959772,0.959772,0.959772,0.959772
9.803171,0.264233,0.104697,0.133648,0.286881,0.912829,0.912829,0.912829,0.912829
9.812686,0.257934,0.097689,0.127195,0.280369,0.870016,0.870016,0.870016,0.870016
9.823187,0.258491,0.098775,0.128428,0.280540,0.822541,0.822541,0.822541,0.822541
9.832688,0.253165,0.092557,0.122989,0.274614,0.779394,0.779394,0.779394,0.779394
9.843182,0.252579,0.092254,0.123226,0.273526,0.731539,0.731539,0.731539,0.731539
9.852689,0.251564,0.091485,0.123076,0.272255,0.688010,0.688010,0.688010,0.688010
9.863173,0.250745,0.090986,0.123044,0.270808,0.639834,0.639834,0.639834,0.639834
9.872698,0.245675,0.084586,0.117733,0.265240,0.595908,0.595908,0.595908,0.595908
9.882177,0.247682,0.084357,0.117741,0.266809,0.552063,0.552063,0.552063,0.552063
9.892725,0.242401,0.078200,0.112177,0.261180,0.503133,0.503133,0.503133,0.503133
9.902169,0.240480,0.076601,0.110921,0.258870,0.459203,0.459203,0.459203,0.459203
9.912703,0.241261,0.078823,0.113279,0.259279,0.410089,0.410089,0.410089,0.410089
9.922175,0.239022,0.076677,0.111557,0.256645,0.365826,0.365826,0.365826,0.365826
9.932724,0.236590,0.074378,0.109556,0.253776,0.316440,0.316440,0.316440,0.316440
9.943227,0.236034,0.075112,0.110326,0.252802,0.267185,0.267185,0.267185,0.267185
9.952744,0.233752,0.072782,0.108345,0.249748,0.222480,0.222480,0.222480,0.222480
9.962223,0.231098,0.070082,0.106077,0.246469,0.177914,0.177914,0.177914,0.177914
9.972766,0.226833,0.064607,0.101564,0.241828,0.128297,0.128297,0.128297,0.128297
9.982224,0.223666,0.061652,0.099053,0.237949,0.083756,0.083756,0.083756,0.083756
9.992754,0.220542,0.060105,0.097485,0.234059,0.034143,0.034143,0.034143,0.034143
10.002275,0.216280,0.056556,0.094287,0.229301,-0.010723,-0.010723,-0.010723,-0.010723
10.012811,0.212077,0.052606,0.090585,0.223274,-0.060366,-0.060366,-0.060366,-0.060366
10.022282,0.207282,0.048513,0.086510,0.217634,-0.104979,-0.104979,-0.104979,-0.104979
10.032828,0.202658,0.044043,0.082312,0.212444,-0.154633,-0.154633,-0.154633,-0.154633
10.042278,0.197319,0.039884,0.077852,0.206399,-0.199087,-0.199087,-0.199087,-0.199087
10.052825,0.192686,0.033395,0.072862,0.201410,-0.248648,-0.248648,-0.248648,-0.248648
10.062277,0.187400,0.024961,0.068284,0.196378,-0.293005,-0.293005,-0.293005,-0.293005
10.072821,0.182521,0.019002,0.063531,0.191194,-0.342413,-0.342413,-0.342413,-0.342413
10.082233,0.178034,0.013574,0.059040,0.186077,-0.386439,-0.386439,-0.386439,-0.386439
10.092777,0.171720,0.007603,0.053550,0.179105,-0.435656,-0.435656,-0.435656,-0.435656
10.102223,0.167956,0.002695,0.049726,0.174407,-0.479651,-0.479651,-0.479651,-0.479651
10.112764,0.164053,-0.002721,0.045325,0.169560,-0.528614,-0.528614,-0.528614,-0.528614
10.122225,0.160243,-0.007979,0.040951,0.164707,-0.572441,-0.572441,-0.572441,-0.572441
10.132771,0.156339,-0.013354,0.036566,0.159928,-0.621141,-0.621141,-0.621141,-0.621141
10.142222,0.152161,-0.020879,0.029353,0.154904,-0.664645,-0.664645,-0.664645,-0.664645
10.152747,0.148757,-0.025885,0.025493,0.150482,-0.712918,-0.712918,-0.712918,-0.712918
10.162184,0.145537,-0.030920,0.021600,0.146089,-0.756034,-0.756034,-0.756034,-0.756034
10.172731,0.141379,-0.039435,0.016706,0.141012,-0.804027,-0.804027,-0.804027,-0.804027
10.182222,0.137737,-0.044663,0.011942,0.136145,-0.847026,-0.847026,-0.847026,-0.847026
10.192761,0.133315,-0.050548,0.006637,0.130874,-0.894548,-0.894548,-0.894548,-0.894548
10.202226,0.128521,-0.056572,0.001097,0.125633,-0.937021,-0.937021,-0.937021,-0.937021
10.212773,0.124648,-0.061869,-0.003542,0.120939,-0.984106,-0.984106,-0.984106,-0.984106
10.222224,0.120524,-0.067291,-0.008263,0.115767,-1.026068,-1.026068,-1.026068,-1.026068
10.232770,0.117133,-0.072599,-0.012448,0.111184,-1.072626,-1.072626,-1.072626,-1.072626
10.242225,0.113557,-0.078106,-0.016717,0.106587,-1.114115,-1.114115,-1.114115,-1.114115
10.252804,0.109814,-0.083648,-0.021135,0.102001,-1.160246,-1.160246,-1.160246,-1.160246
10.262280,0.106124,-0.089144,-0.025611,0.097462,-1.201295,-1.201295,-1.201295,-1.201295
10.272829,0.102461,-0.094527,-0.029999,0.092843,-1.246683,-1.246683,-1.246683,-1.246683
10.282277,0.098961,-0.100022,-0.034227,0.088276,-1.287039,-1.287039,-1.287039,-1.287039
10.292826,0.094377,-0.106051,-0.039263,0.082852,-1.331764,-1.331764,-1.331764,-1.331764
10.302335,0.090578,-0.111653,-0.043568,0.078303,-1.371764,-1.371764,-1.371764,-1.371764
10.312891,0.086555,-0.117437,-0.048148,0.073653,-1.415813,-1.415813,-1.415813,-1.415813
10.322388,0.082878,-0.123051,-0.052868,0.068942,-1.455112,-1.455112,-1.455112,-1.455112
10.332950,0.079655,-0.128499,-0.057371,0.064483,-1.498432,-1.498432,-1.498432,-1.498432
10.342445,0.075280,-0.134751,-0.062656,0.059311,-1.537033,-1.537033,-1.537033,-1.537033
10.352963,0.072409,-0.140176,-0.067140,0.055292,-1.579386,-1.579386,-1.579386,-1.579386
10.362440,0.069764,-0.145642,-0.071529,0.051478,-1.617179,-1.617179,-1.617179,-1.617179
10.373002,0.067284,-0.151215,-0.075773,0.047825,-1.658875,-1.658875,-1.658875,-1.658875
10.382492,0.065026,-0.156815,-0.079789,0.044403,-1.695952,-1.695952,-1.695952,-1.695952
10.393038,0.062883,-0.162169,-0.083597,0.041181,-1.736706,-1.736706,-1.736706,-1.736706
10.402490,0.060431,-0.167565,-0.087671,0.037799,-1.772833,-1.772833,-1.772833,-1.772833
10.413048,0.058391,-0.172557,-0.091590,0.034564,-1.812725,-1.812725,-1.812725,-1.812725
10.422543,0.056188,-0.177800,-0.095640,0.031429,-1.848173,-1.848173,-1.848173,-1.848173
10.433084,0.053307,-0.183447,-0.100370,0.028174,-1.887051,-1.887051,-1.887051,-1.887051
10.442538,0.050112,-0.188893,-0.105142,0.024331,-1.921472,-1.921472,-1.921472,-1.921472
10.453068,0.049050,-0.193238,-0.108050,0.022071,-1.959315,-1.959315,-1.959315,-1.959315
10.462542,0.048104,-0.197632,-0.110788,0.019867,-1.992905,-1.992905,-1.992905,-1.992905
10.473080,0.047234,-0.201658,-0.113316,0.017729,-2.029746,-2.029746,-2.029746,-2.029746
10.482535,0.046438,-0.205592,-0.115733,0.015852,-2.062334,-2.062334,-2.062334,-2.062334
10.493069,0.045720,-0.209504,-0.118161,0.014135,-2.098099,-2.098099,-2.098099,-2.098099
10.502534,0.054768,-0.204345,-0.111357,0.021858,-2.129747,-2.129747,-2.129747,-2.129747
10.513067,0.052229,-0.209397,-0.115244,0.018591,-2.164412,-2.164412,-2.164412,-2.164412
10.522534,0.050757,-0.213616,-0.118491,0.016490,-2.195063,-2.195063,-2.195063,-2.195063
10.533065,0.049503,-0.217580,-0.121502,0.014405,-2.228586,-2.228586,-2.228586,-2.228586
10.542539,0.048683,-0.221233,-0.123898,0.012585,-2.258226,-2.258226,-2.258226,-2.258226
10.553082,0.048137,-0.224681,-0.125972,0.011092,-2.290626,-2.290626,-2.290626,-2.290626
10.562539,0.047912,-0.227777,-0.127676,0.009733,-2.319148,-2.319148,-2.319148,-2.319148
10.573081,0.047535,-0.231065,-0.129701,0.008345,-2.350341,-2.350341,-2.350341,-2.350341
10.582539,0.045578,-0.235391,-0.133058,0.007007,-2.377778,-2.377778,-2.377778,-2.377778
10.593083,0.045306,-0.238435,-0.135024,0.005753,-2.407751,-2.407751,-2.407751,-2.407751
10.602536,0.045119,-0.241377,-0.127667,0.014068,-2.434057,-2.434057,-2.434057,-2.434057
10.613064,0.044864,-0.244315,-0.129725,0.012729,-2.462722,-2.462722,-2.462722,-2.462722
10.622537,0.044632,-0.247223,-0.122352,0.021135,-2.487940,-2.487940,-2.487940,-2.487940
10.633066,0.042912,-0.251257,-0.125894,0.018652,-2.515326,-2.515326,-2.515326,-2.515326
10.642496,0.043132,-0.245090,-0.119032,0.026861,-2.539268,-2.539268,-2.539268,-2.539268
10.653036,0.043232,-0.248151,-0.121427,0.024863,-2.565368,-2.565368,-2.565368,-2.565368
10.662488,0.040906,-0.252612,-0.124108,0.022713,-2.588175,-2.588175,-2.588175,-2.588175
10.673024,0.040712,-0.254953,-0.126296,0.020794,-2.612926,-2.612926,-2.612926,-2.612926
10.682486,0.038889,-0.258679,-0.129593,0.017786,-2.634542,-2.634542,-2.634542,-2.634542
10.693027,0.038826,-0.261129,-0.131638,0.016507,-2.657940,-2.657940,-2.657940,-2.657940
10.702493,0.038885,-0.263530,-0.133657,0.015233,-2.678332,-2.678332,-2.678332,-2.678332
10.713037,0.038927,-0.265966,-0.135860,0.013912,-2.700349,-2.700349,-2.700349,-2.700349
10.722443,0.038946,-0.268326,-0.137849,0.012632,-2.719363,-2.719363,-2.719363,-2.719363
10.732979,0.037300,-0.271894,-0.141183,0.009865,-2.739956,-2.739956,-2.739956,-2.739956
10.742433,0.037279,-0.274280,-0.143204,0.008601,-2.757797,-2.757797,-2.757797,-2.757797
10.752969,0.037445,-0.276442,-0.144965,0.007627,-2.776963,-2.776963,-2.776963,-2.776963
10.762436,0.037294,-0.278713,-0.146880,0.006604,-2.793535,-2.793535,-2.793535,-2.793535
10.772975,0.036822,-0.281188,-0.149275,0.005294,-2.811257,-2.811257,-2.811257,-2.811257
10.782436,0.035261,-0.284284,-0.152216,0.002833,-2.826511,-2.826511,-2.826511,-2.826511
10.792973,0.035709,-0.286079,-0.153480,0.002025,-2.842762,-2.842762,-2.842762,-2.842762
10.802435,0.034397,-0.289277,-0.156081,-0.000157,-2.856695,-2.856695,-2.856695,-2.856695
10.812980,0.034839,-0.290955,-0.157156,-0.000794,-2.871476,-2.871476,-2.871476,-2.871476
10.822433,0.035340,-0.292560,-0.158289,-0.001395,-2.884058,-2.884058,-2.884058,-2.884058
10.832960,0.034265,-0.295388,-0.160746,-0.003408,-2.897322,-2.897322,-2.897322,-2.897322
10.842431,0.035508,-0.296510,-0.161089,-0.003548,-2.908577,-2.908577,-2.908577,-2.908577
10.852957,0.036178,-0.298143,-0.161967,-0.003937,-2.920331,-2.920331,-2.920331,-2.920331
10.862433,0.034930,-0.301040,-0.164539,-0.005942,-2.930231,-2.930231,-2.930231,-2.930231
10.872970,0.035458,-0.302452,-0.165533,-0.006335,-2.940474,-2.940474,-2.940474,-2.940474
10.882444,0.036018,-0.303920,-0.166490,-0.006674,-2.948998,-2.948998,-2.948998,-2.948998
10.892999,0.036390,-0.305506,-0.167523,-0.006938,-2.957725,-2.957725,-2.957725,-2.957725
10.902491,0.036894,-0.306840,-0.168541,-0.007233,-2.964879,-2.964879,-2.964879,-2.964879
10.913039,0.035694,-0.309649,-0.171035,-0.009140,-2.972055,-2.972055,-2.972055,-2.972055
10.922486,0.036528,-0.310706,-0.171768,-0.009371,-2.977790,-2.977790,-2.977790,-2.977790
10.933027,0.037314,-0.311738,-0.172446,-0.009571,-2.983415,-2.983415,-2.983415,-2.983415
10.942488,0.038092,-0.312866,-0.173161,-0.009692,-2.987766,-2.987766,-2.987766,-2.987766
10.953031,0.038815,-0.313879,-0.173795,-0.009870,-2.991838,-2.991838,-2.991838,-2.991838
10.962487,0.039345,-0.314949,-0.174569,-0.010074,-2.994793,-2.994793,-2.994793,-2.994793
10.973039,0.039520,-0.316193,-0.175661,-0.010438,-2.997310,-2.997310,-2.997310,-2.997310
10.982491,0.038094,-0.318745,-0.178048,-0.012323,-2.998865,-2.998865,-2.998865,-2.998865
10.993072,0.039219,-0.319366,-0.178110,-0.012167,-2.999822,-2.999822,-2.999822,-2.999822
11.002681,0.039992,-0.320396,-0.178603,-0.012160,-2.999973,-2.999973,-2.999973,-2.999973
11.012172,0.038859,-0.322828,-0.180714,-0.013851,-2.999452,-2.999452,-2.999452,-2.999452
11.022727,0.049498,-0.314091,-0.171502,-0.004140,-2.998089,-2.998089,-2.998089,-2.998089
11.032227,0.049982,-0.315149,-0.172267,-0.004407,-2.996157,-2.996157,-2.996157,-2.996157
11.042780,0.050342,-0.316256,-0.173059,-0.004798,-2.993229,-2.993229,-2.993229,-2.993229
11.052222,0.050707,-0.317279,-0.173857,-0.005134,-2.989912,-2.989912,-2.989912,-2.989912
11.062747,0.049394,-0.319641,-0.176025,-0.006976,-2.985440,-2.985440,-2.985440,-2.985440
11.072225,0.050366,-0.320191,-0.176084,-0.006932,-2.980714,-2.980714,-2.980714,-2.980714
11.082759,0.050815,-0.321357,-0.177013,-0.007156,-2.974687,-2.974687,-2.974687,-2.974687
11.092227,0.049460,-0.323837,-0.179423,-0.009048,-2.968575,-2.968575,-2.968575,-2.968575
11.102741,0.050007,-0.324606,-0.179859,-0.009200,-2.961017,-2.961017,-2.961017,-2.961017
11.112192,0.050508,-0.325447,-0.180297,-0.009161,-2.953534,-2.953534,-2.953534,-2.953534
11.122715,0.051193,-0.326168,-0.180701,-0.009092,-2.944438,-2.944438,-2.944438,-2.944438
11.133174,0.051871,-0.327123,-0.181116,-0.008951,-2.934598,-2.934598,-2.934598,-2.934598
11.142740,0.052357,-0.328051,-0.181721,-0.008969,-2.924906,-2.924906,-2.924906,-2.924906
11.152225,0.052809,-0.328806,-0.182382,-0.009151,-2.914645,-2.914645,-2.914645,-2.914645
11.162764,0.053256,-0.329571,-0.182977,-0.009325,-2.902484,-2.902484,-2.902484,-2.902484
11.172228,0.053505,-0.330292,-0.183447,-0.009478,-2.890885,-2.890885,-2.890885,-2.890885
11.182769,0.053966,-0.330958,-0.183942,-0.009502,-2.877214,-2.877214,-2.877214,-2.877214
11.192224,0.054420,-0.331767,-0.184394,-0.009456,-2.864280,-2.864280,-2.864280,-2.864280
11.202768,0.054659,-0.332670,-0.184994,-0.009459,-2.849112,-2.849112,-2.849112,-2.849112
11.212223,0.055036,-0.333372,-0.185395,-0.009422,-2.834845,-2.834845,-2.834845,-2.834845
11.222726,0.055540,-0.334025,-0.185629,-0.009358,-2.818266,-2.818266,-2.818266,-2.818266
11.232171,0.054009,-0.336428,-0.187788,-0.011250,-2.802699,-2.802699,-2.802699,-2.802699
11.242705,0.054590,-0.336925,-0.188041,-0.011171,-2.784611,-2.784611,-2.784611,-2.784611
11.252172,0.055044,-0.337436,-0.188451,-0.011193,-2.767704,-2.767704,-2.767704,-2.767704
11.262715,0.055476,-0.337973,-0.188894,-0.011271,-2.748158,-2.748158,-2.748158,-2.748158
11.272173,0.055945,-0.338504,-0.189280,-0.011191,-2.729980,-2.729980,-2.729980,-2.729980
11.282720,0.054507,-0.340591,-0.191252,-0.012862,-2.709000,-2.709000,-2.709000,-2.709000
11.292173,0.054967,-0.341079,-0.191566,-0.012754,-2.689562,-2.689562,-2.689562,-2.689562
11.302697,0.055593,-0.341456,-0.191790,-0.012617,-2.667225,-2.667225,-2.667225,-2.667225
11.313171,0.056128,-0.341838,-0.192019,-0.012504,-2.644270,-2.644270,-2.644270,-2.644270
11.322699,0.056648,-0.342256,-0.192363,-0.012416,-2.622771,-2.622771,-2.622771,-2.622771
11.332172,0.054992,-0.344488,-0.194624,-0.014216,-2.600808,-2.600808,-2.600808,-2.600808
11.342703,0.063272,-0.336448,-0.187285,-0.005407,-2.575719,-2.575719,-2.575719,-2.575719
11.352172,0.062775,-0.337271,-0.188546,-0.005967,-2.552558,-2.552558,-2.552558,-2.552558
11.362717,0.062759,-0.337778,-0.188906,-0.006298,-2.526100,-2.526100,-2.526100,-2.526100
11.373223,0.062801,-0.338344,-0.189386,-0.006513,-2.499051,-2.499051,-2.499051,-2.499051
11.382756,0.061176,-0.340594,-0.191550,-0.008290,-2.473917,-2.473917,-2.473917,-2.473917
11.392226,0.061215,-0.341261,-0.192153,-0.008470,-2.448401,-2.448401,-2.448401,-2.448401
11.402775,0.070957,-0.332279,-0.183221,0.000916,-2.419343,-2.419343,-2.419343,-2.419343
11.412223,0.070834,-0.333104,-0.184091,0.000515,-2.392749,-2.392749,-2.392749,-2.392749
11.422780,0.070564,-0.334003,-0.185024,0.000007,-2.362414,-2.362414,-2.362414,-2.362414
11.432275,0.070234,-0.334843,-0.185873,-0.000470,-2.334574,-2.334574,-2.334574,-2.334574
11.442815,0.069769,-0.335659,-0.186653,-0.001042,-2.303063,-2.303063,-2.303063,-2.303063
11.452275,0.069272,-0.336535,-0.187661,-0.001711,-2.274240,-2.274240,-2.274240,-2.274240
11.462823,0.067246,-0.338876,-0.190210,-0.003804,-2.241513,-2.241513,-2.241513,-2.241513
11.472281,0.066957,-0.339551,-0.190907,-0.004206,-2.211642,-2.211642,-2.211642,-2.211642
11.482830,0.066731,-0.340288,-0.191585,-0.004521,-2.177754,-2.177754,-2.177754,-2.177754
11.492332,0.064876,-0.342497,-0.193759,-0.006554,-2.146717,-2.146717,-2.146717,-2.146717
11.502874,0.064856,-0.343083,-0.194133,-0.006856,-2.111720,-2.111720,-2.111720,-2.111720
11.512441,0.064943,-0.343516,-0.194455,-0.007073,-2.079463,-2.079463,-2.079463,-2.079463
11.522995,0.065047,-0.343907,-0.194832,-0.007243,-2.043331,-2.043331,-2.043331,-2.043331
11.532488,0.065224,-0.344386,-0.195235,-0.007337,-2.010352,-2.010352,-2.010352,-2.010352
11.543025,0.063525,-0.346538,-0.197300,-0.009202,-1.973220,-1.973220,-1.973220,-1.973220
11.552484,0.063579,-0.347002,-0.197655,-0.009309,-1.939429,-1.939429,-1.939429,-1.939429
11.563033,0.063195,-0.347873,-0.198573,-0.009653,-1.901238,-1.901238,-1.901238,-1.901238
11.572489,0.062325,-0.348950,-0.200133,-0.010318,-1.866559,-1.866559,-1.866559,-1.866559
11.583035,0.062417,-0.349100,-0.200697,-0.010426,-1.827399,-1.827399,-1.827399,-1.827399
11.592488,0.062493,-0.349415,-0.201068,-0.010552,-1.791870,-1.791870,-1.791870,-1.791870
11.603035,0.062516,-0.349803,-0.201275,-0.010598,-1.751764,-1.751764,-1.751764,-1.751764
11.612491,0.062532,-0.350175,-0.201666,-0.010745,-1.715400,-1.715400,-1.715400,-1.715400
11.623039,0.060880,-0.352226,-0.203732,-0.012509,-1.674385,-1.674385,-1.674385,-1.674385
11.632486,0.061017,-0.352568,-0.203878,-0.012510,-1.637264,-1.637264,-1.637264,-1.637264
11.643000,0.061130,-0.352971,-0.204125,-0.012655,-1.595528,-1.595528,-1.595528,-1.595528
11.652453,0.061145,-0.353451,-0.204778,-0.012942,-1.557628,-1.557628,-1.557628,-1.557628
11.662997,0.061403,-0.353315,-0.204990,-0.012974,-1.514948,-1.514948,-1.514948,-1.514948
11.672463,0.060107,-0.354398,-0.206486,-0.014515,-1.476280,-1.476280,-1.476280,-1.476280
11.683000,0.059754,-0.354500,-0.207130,-0.014589,-1.432859,-1.432859,-1.432859,-1.432859
11.692472,0.059385,-0.354051,-0.207626,-0.014786,-1.393486,-1.393486,-1.393486,-1.393486
11.702991,0.059742,-0.353114,-0.207472,-0.014626,-1.349402,-1.349402,-1.349402,-1.349402
11.712490,0.060109,-0.351974,-0.206850,-0.014498,-1.309269,-1.309269,-1.309269,-1.309269
11.723035,0.058740,-0.352189,-0.207688,-0.016048,-1.264382,-1.264382,-1.264382,-1.264382
11.732485,0.059117,-0.350531,-0.206791,-0.015838,-1.223862,-1.223862,-1.223862,-1.223862
11.743049,0.059388,-0.348757,-0.205784,-0.015699,-1.178244,-1.178244,-1.178244,-1.178244
11.752542,0.060001,-0.348245,-0.205998,-0.017019,-1.136974,-1.136974,-1.136974,-1.136974
11.763097,0.061016,-0.345623,-0.203778,-0.015989,-1.090794,-1.090794,-1.090794,-1.090794
11.772583,0.059586,-0.345011,-0.203702,-0.016827,-1.049027,-1.049027,-1.049027,-1.049027
11.783120,0.060347,-0.342409,-0.201923,-0.015665,-1.002366,-1.002366,-1.002366,-1.002366
11.792622,0.070561,-0.333284,-0.192459,-0.005790,-0.960058,-0.960058,-0.960058,-0.960058
11.803125,0.071440,-0.330495,-0.190208,-0.004589,-0.913034,-0.913034,-0.913034,-0.913034
11.812628,0.080830,-0.321768,-0.181269,0.004539,-0.870276,-0.870276,-0.870276,-0.870276
11.823176,0.080300,-0.320230,-0.180535,0.004283,-0.822591,-0.822591,-0.822591,-0.822591
11.832654,0.088886,-0.312187,-0.172332,0.012960,-0.779549,-0.779549,-0.779549,-0.779549
11.843171,0.089657,-0.309165,-0.170221,0.014330,-0.731585,-0.731585,-0.731585,-0.731585
11.852688,0.097782,-0.301551,-0.162810,0.022499,-0.688014,-0.688014,-0.688014,-0.688014
11.863225,0.098675,-0.298315,-0.160621,0.023812,-0.639590,-0.639590,-0.639590,-0.639590
11.872713,0.099724,-0.294963,-0.158203,0.025328,-0.595837,-0.595837,-0.595837,-0.595837
11.883224,0.100897,-0.291563,-0.155572,0.027125,-0.547212,-0.547212,-0.547212,-0.547212
11.892738,0.108179,-0.284655,-0.148554,0.034623,-0.503068,-0.503068,-0.503068,-0.503068
11.902225,0.109022,-0.281322,-0.146310,0.036251,-0.458944,-0.458944,-0.458944,-0.458944
11.912773,0.114741,-0.275363,-0.141004,0.042448,-0.409761,-0.409761,-0.409761,-0.409761
11.922223,0.115121,-0.273755,-0.141433,0.043285,-0.365603,-0.365603,-0.365603,-0.365603
11.932771,0.116605,-0.269616,-0.138301,0.045377,-0.316221,-0.316221,-0.316221,-0.316221
11.942224,0.118223,-0.265548,-0.135125,0.047768,-0.271889,-0.271889,-0.271889,-0.271889
11.952765,0.120074,-0.261307,-0.131924,0.050267,-0.222383,-0.222383,-0.222383,-0.222383
11.962217,0.122146,-0.256776,-0.128588,0.052843,-0.177944,-0.177944,-0.177944,-0.177944
11.972775,0.124756,-0.251578,-0.124745,0.055765,-0.128259,-0.128259,-0.128259,-0.128259
11.982224,0.127654,-0.246062,-0.120462,0.058970,-0.083752,-0.083752,-0.083752,-0.083752
11.992776,0.126997,-0.241437,-0.118138,0.059383,-0.034040,-0.034040,-0.034040,-0.034040
12.002275,0.129491,-0.235612,-0.114225,0.062431,0.010716,0.010716,0.010716,0.010716
12.012817,0.132000,-0.230305,-0.109965,0.065522,0.060397,0.060397,0.060397,0.060397
12.022238,0.132440,-0.219424,-0.106207,0.066976,0.104770,0.104770,0.104770,0.104770
12.032752,0.135813,-0.210290,-0.100134,0.070727,0.154273,0.154273,0.154273,0.154273
12.042227,0.139295,-0.203828,-0.095841,0.075042,0.198844,0.198844,0.198844,0.198844
12.052758,0.142618,-0.197435,-0.091185,0.079363,0.248335,0.248335,0.248335,0.248335
12.062225,0.145898,-0.191138,-0.086057,0.083468,0.292763,0.292763,0.292763,0.292763
12.072771,0.148998,-0.183400,-0.079639,0.089078,0.342180,0.342180,0.342180,0.342180
12.082224,0.153858,-0.176999,-0.073952,0.096024,0.386394,0.386394,0.386394,0.386394
12.092777,0.156000,-0.170803,-0.068000,0.102543,0.435654,0.435654,0.435654,0.435654
12.102275,0.161209,-0.162452,-0.060739,0.108067,0.479888,0.479888,0.479888,0.479888
12.112814,0.165479,-0.156410,-0.055572,0.112810,0.528846,0.528846,0.528846,0.528846
12.122275,0.169695,-0.150303,-0.050488,0.117337,0.572673,0.572673,0.572673,0.572673
12.132771,0.174159,-0.143888,-0.044910,0.122191,0.621146,0.621146,0.621146,0.621146
12.142223,0.178440,-0.137774,-0.039577,0.126957,0.664652,0.664652,0.664652,0.664652
12.152774,0.182387,-0.131980,-0.034945,0.131236,0.713041,0.713041,0.713041,0.713041
12.162224,0.186370,-0.125781,-0.029871,0.135785,0.756214,0.756214,0.756214,0.756214
12.172790,0.192592,-0.119635,-0.024747,0.142888,0.804291,0.804291,0.804291,0.804291
12.182276,0.196330,-0.113562,-0.019909,0.147138,0.847264,0.847264,0.847264,0.847264
12.192824,0.202834,-0.107391,-0.014827,0.154476,0.894835,0.894835,0.894835,0.894835
12.202287,0.205839,-0.101579,-0.010412,0.158257,0.937292,0.937292,0.937292,0.937292
12.212831,0.208939,-0.095622,-0.005770,0.162412,0.984367,0.984367,0.984367,0.984367
12.222333,0.212902,-0.089120,-0.000186,0.167213,1.026551,1.026551,1.026551,1.026551
12.232879,0.216644,-0.083083,0.005064,0.171733,1.073102,1.073102,1.073102,1.073102
12.242331,0.220543,-0.076796,0.010487,0.176362,1.114576,1.114576,1.114576,1.114576
12.252873,0.224344,-0.070424,0.016006,0.180750,1.160550,1.160550,1.160550,1.160550
12.262327,0.227922,-0.064366,0.021267,0.185057,1.201502,1.201502,1.201502,1.201502
12.272875,0.231119,-0.058456,0.026161,0.189201,1.246876,1.246876,1.246876,1.246876
12.282328,0.234344,-0.052540,0.031073,0.193380,1.287254,1.287254,1.287254,1.287254
12.292873,0.238196,-0.045952,0.036692,0.198114,1.331962,1.331962,1.331962,1.331962
12.302329,0.241304,-0.039994,0.041436,0.202221,1.371742,1.371742,1.371742,1.371742
12.312881,0.244501,-0.034019,0.046196,0.206334,1.415776,1.415776,1.415776,1.415776
12.322328,0.247876,-0.027778,0.051228,0.210569,1.454865,1.454865,1.454865,1.454865
12.332872,0.251756,-0.021414,0.056606,0.215088,1.498119,1.498119,1.498119,1.498119
12.342330,0.255339,-0.015591,0.061829,0.219440,1.536566,1.536566,1.536566,1.536566
12.352869,0.259049,-0.009789,0.067275,0.223921,1.579009,1.579009,1.579009,1.579009
12.362330,0.264209,-0.003077,0.073864,0.229512,1.616741,1.616741,1.616741,1.616741
12.372859,0.268364,0.002179,0.079001,0.234244,1.658311,1.658311,1.658311,1.658311
12.382331,0.272287,0.007437,0.084058,0.239017,1.695324,1.695324,1.695324,1.695324
12.392887,0.276413,0.012749,0.089052,0.244170,1.736130,1.736130,1.736130,1.736130
12.402380,0.279576,0.017244,0.092620,0.248274,1.772418,1.772418,1.772418,1.772418
12.415052,0.282749,0.021582,0.096057,0.252185,1.820243,1.820243,1.820243,1.820243
12.425602,0.285566,0.025835,0.099526,0.255919,1.859507,1.859507,1.859507,1.859507
12.435120,0.288247,0.029886,0.102791,0.259546,1.894496,1.894496,1.894496,1.894496
12.445682,0.290904,0.033940,0.106153,0.263123,1.932826,1.932826,1.932826,1.932826
12.455172,0.284501,0.029318,0.100772,0.257710,1.966812,1.966812,1.966812,1.966812
12.465718,0.287512,0.033624,0.104424,0.261365,2.004070,2.004070,2.004070,2.004070
12.475233,0.290391,0.037633,0.107914,0.264986,2.037209,2.037209,2.037209,2.037209
12.485780,0.292727,0.041152,0.110997,0.268392,2.073412,2.073412,2.073412,2.073412
12.495276,0.294763,0.044523,0.113658,0.271482,2.105524,2.105524,2.105524,2.105524
12.505824,0.296904,0.047995,0.116306,0.274501,2.140638,2.140638,2.140638,2.140638
12.515279,0.298970,0.051336,0.118935,0.277424,2.171617,2.171617,2.171617,2.171617
12.525836,0.300807,0.054626,0.121492,0.280194,2.205640,2.205640,2.205640,2.205640
12.535332,0.302537,0.057850,0.123952,0.282792,2.235725,2.235725,2.235725,2.235725
12.545887,0.305386,0.061998,0.127546,0.286510,2.268583,2.268583,2.268583,2.268583
12.555387,0.306226,0.064594,0.129338,0.288589,2.297622,2.297622,2.297622,2.297622
12.565934,0.309257,0.068898,0.133117,0.292418,2.329263,2.329263,2.329263,2.329263
12.575393,0.310423,0.071511,0.135276,0.294538,2.357095,2.357095,2.357095,2.357095
12.585889,0.311535,0.074079,0.137329,0.296655,2.387372,2.387372,2.387372,2.387372
12.595384,0.312559,0.076496,0.139086,0.298656,2.414199,2.414199,2.414199,2.414199
12.605838,0.313238,0.078713,0.140541,0.300466,2.443120,2.443120,2.443120,2.443120
12.615328,0.315640,0.082376,0.143595,0.303641,2.468798,2.468798,2.468798,2.468798
12.625859,0.316364,0.084504,0.145179,0.305321,2.496657,2.496657,2.496657,2.496657
12.635331,0.316959,0.086583,0.146644,0.306987,2.521128,2.521128,2.521128,2.521128
12.645844,0.317489,0.088578,0.148059,0.308538,2.547632,2.547632,2.547632,2.547632
12.655224,0.317924,0.090466,0.149355,0.310005,2.570697,2.570697,2.570697,2.570697
12.665769,0.318338,0.092322,0.150722,0.311451,2.595957,2.595957,2.595957,2.595957
12.675225,0.318835,0.094194,0.151967,0.312772,2.618006,2.618006,2.618006,2.618006
12.685749,0.320735,0.097300,0.154592,0.315462,2.641865,2.641865,2.641865,2.641865
12.695222,0.320854,0.099061,0.155689,0.316605,2.662721,2.662721,2.662721,2.662721
12.705764,0.321666,0.101181,0.157268,0.318012,2.685241,2.685241,2.685241,2.685241
12.715223,0.322006,0.102906,0.158526,0.319163,2.704821,2.704821,2.704821,2.704821
12.725761,0.321993,0.104378,0.159517,0.320142,2.725929,2.725929,2.725929,2.725929
12.735198,0.322074,0.105678,0.160328,0.321128,2.744198,2.744198,2.744198,2.744198
12.745739,0.322133,0.107160,0.161227,0.322021,2.763893,2.763893,2.763893,2.763893
12.755224,0.322274,0.108648,0.162154,0.322891,2.780966,2.780966,2.780966,2.780966
12.765769,0.322349,0.110089,0.163095,0.323761,2.799222,2.799222,2.799222,2.799222
12.775226,0.322040,0.111302,0.163746,0.324451,2.814942,2.814942,2.814942,2.814942
12.785761,0.321457,0.112225,0.164057,0.324995,2.831722,2.831722,2.831722,2.831722
12.795228,0.321576,0.113624,0.164729,0.325767,2.846140,2.846140,2.846140,2.846140
12.805768,0.323311,0.116363,0.166979,0.328000,2.861452,2.861452,2.861452,2.861452
12.815224,0.322894,0.117382,0.167467,0.328472,2.874520,2.874520,2.874520,2.874520
12.825728,0.322942,0.118694,0.168273,0.329285,2.888296,2.888296,2.888296,2.888296
12.835172,0.324879,0.121525,0.170617,0.331557,2.900008,2.900008,2.900008,2.900008
12.845654,0.324860,0.122498,0.171148,0.332292,2.912260,2.912260,2.912260,2.912260
12.856118,0.324736,0.123497,0.171544,0.332771,2.923706,2.923706,2.923706,2.923706
12.865520,0.326282,0.125950,0.173541,0.334738,2.933314,2.933314,2.933314,2.933314
12.875988,0.325972,0.126791,0.174006,0.335108,2.943261,2.943261,2.943261,2.943261
12.885433,0.315937,0.118052,0.164870,0.325911,2.951552,2.951552,2.951552,2.951552
12.895963,0.317636,0.120651,0.167224,0.328159,2.960030,2.960030,2.960030,2.960030
12.905438,0.317676,0.121638,0.168089,0.328932,2.966966,2.966966,2.966966,2.966966
12.915976,0.317856,0.122576,0.168863,0.329654,2.973907,2.973907,2.973907,2.973907
12.925433,0.319968,0.125212,0.171481,0.332056,2.979445,2.979445,2.979445,2.979445
12.935975,0.321664,0.127290,0.173694,0.333488,2.984841,2.984841,2.984841,2.984841
12.945437,0.322662,0.128713,0.175306,0.334545,2.988988,2.988988,2.988988,2.988988
12.955985,0.322602,0.129433,0.175608,0.335003,2.992833,2.992833,2.992833,2.992833
12.965432,0.322494,0.130110,0.175784,0.335507,2.995579,2.995579,2.995579,2.995579
12.975976,0.323967,0.132319,0.177745,0.337635,2.997864,2.997864,2.997864,2.997864
12.985439,0.323752,0.132975,0.178065,0.338061,2.999215,2.999215,2.999215,2.999215
12.995935,0.323536,0.133682,0.178489,0.338427,2.999939,2.999939,2.999939,2.999939
13.005497,0.322996,0.134071,0.178512,0.338568,2.999888,2.999888,2.999888,2.999888
13.016003,0.322430,0.134567,0.178437,0.338740,2.999052,2.999052,2.999052,2.999052
13.025439,0.322778,0.135788,0.179376,0.339434,2.997605,2.997605,2.997605,2.997605
13.035978,0.322750,0.136530,0.179976,0.339807,2.995210,2.995210,2.995210,2.995210
13.045393,0.322230,0.136898,0.180031,0.339894,2.992377,2.992377,2.992377,2.992377
13.055947,0.322032,0.137571,0.180356,0.340247,2.988423,2.988423,2.988423,2.988423
13.065432,0.321629,0.138114,0.180607,0.340389,2.984169,2.984169,2.984169,2.984169
13.075989,0.321295,0.138672,0.180963,0.340612,2.978654,2.978654,2.978654,2.978654
13.085485,0.321019,0.139166,0.181237,0.340850,2.972995,2.972995,2.972995,2.972995
13.096034,0.320872,0.139731,0.181517,0.341115,2.965931,2.965931,2.965931,2.965931
13.105489,0.322450,0.141890,0.183348,0.342985,2.958909,2.958909,2.958909,2.958909
13.116036,0.322108,0.142411,0.183740,0.343136,2.950304,2.950304,2.950304,2.950304
13.125488,0.321958,0.142925,0.184141,0.343422,2.941906,2.941906,2.941906,2.941906
13.136037,0.322301,0.143703,0.184611,0.343832,2.931768,2.931768,2.931768,2.931768
13.145494,0.322396,0.144381,0.185096,0.344174,2.921994,2.921994,2.921994,2.921994
13.156042,0.323939,0.146424,0.186903,0.346030,2.910332,2.910332,2.910332,2.910332
13.165528,0.324406,0.137573,0.177758,0.336930,2.899161,2.899161,2.899161,2.899161
13.176076,0.324977,0.138678,0.178886,0.337766,2.885985,2.885985,2.885985,2.885985
13.185542,0.324858,0.139149,0.179317,0.338292,2.873486,2.873486,2.873486,2.873486
13.196090,0.324719,0.139743,0.179625,0.338661,2.858810,2.858810,2.858810,2.858810
13.205536,0.314882,0.130789,0.170269,0.329347,2.845000,2.845000,2.845000,2.845000
13.216066,0.315036,0.131805,0.171035,0.329954,2.828868,2.828868,2.828868,2.828868
13.225515,0.315425,0.132781,0.171909,0.330790,2.813732,2.813732,2.813732,2.813732
13.236063,0.315659,0.133778,0.172784,0.331466,2.796105,2.796105,2.796105,2.796105
13.245539,0.315846,0.125195,0.163943,0.322545,2.779616,2.779616,2.779616,2.779616
13.256084,0.317576,0.127796,0.166361,0.324887,2.760540,2.760540,2.760540,2.760540
13.265546,0.307545,0.119055,0.157642,0.316015,2.742780,2.742780,2.742780,2.742780
13.276100,0.308167,0.120294,0.158773,0.317086,2.722256,2.722256,2.722256,2.722256
13.285595,0.309028,0.121816,0.160288,0.318370,2.703151,2.703151,2.703151,2.703151
13.296121,0.309787,0.123221,0.161846,0.319627,2.681268,2.681268,2.681268,2.681268
13.306684,0.310504,0.124538,0.163207,0.320886,2.658574,2.658574,2.658574,2.658574
13.316241,0.311210,0.125783,0.164382,0.322078,2.637408,2.637408,2.637408,2.637408
13.326797,0.311867,0.126982,0.165376,0.323132,2.613339,2.613339,2.613339,2.613339
13.336275,0.302817,0.118679,0.156877,0.314570,2.591116,2.591116,2.591116,2.591116
13.346829,0.303319,0.119837,0.157925,0.315700,2.565696,2.565696,2.565696,2.565696
13.356335,0.303728,0.121008,0.159084,0.307374,2.542197,2.542197,2.542197,2.542197
13.366890,0.304833,0.122756,0.161105,0.309057,2.515439,2.515439,2.515439,2.515439
13.376390,0.307271,0.125640,0.164408,0.312070,2.490765,2.490765,2.490765,2.490765
13.386904,0.308166,0.126757,0.165816,0.313690,2.462810,2.462810,2.462810,2.462810
13.396392,0.309427,0.128309,0.167650,0.315368,2.437006,2.437006,2.437006,2.437006
13.406945,0.310769,0.130000,0.169384,0.316842,2.407670,2.407670,2.407670,2.407670
13.416433,0.311380,0.131227,0.170479,0.318031,2.380729,2.380729,2.380729,2.380729
13.426948,0.313526,0.133815,0.172816,0.320671,2.350258,2.350258,2.350258,2.350258
13.436434,0.313935,0.134775,0.173523,0.321680,2.322217,2.322217,2.322217,2.322217
13.446974,0.314330,0.135705,0.174313,0.322635,2.290454,2.290454,2.290454,2.290454
13.456433,0.316255,0.138090,0.176741,0.325118,2.261413,2.261413,2.261413,2.261413
13.466973,0.316429,0.138828,0.177450,0.325956,2.228466,2.228466,2.228466,2.228466
13.476393,0.316570,0.139525,0.178171,0.326762,2.198507,2.198507,2.198507,2.198507
13.486940,0.316740,0.140181,0.178966,0.327732,2.164387,2.164387,2.164387,2.164387
13.496378,0.317540,0.141338,0.180338,0.328999,2.133356,2.133356,2.133356,2.133356
13.506912,0.320645,0.142940,0.182261,0.332050,2.098165,2.098165,2.098165,2.098165
13.516379,0.321293,0.143900,0.183400,0.333027,2.066045,2.066045,2.066045,2.066045
13.526927,0.323021,0.146025,0.185455,0.335234,2.029726,2.029726,2.029726,2.029726
13.536380,0.322860,0.146515,0.185746,0.335726,1.996699,1.996699,1.996699,1.996699
13.546933,0.322721,0.146970,0.186109,0.336297,1.959312,1.959312,1.959312,1.959312
13.556380,0.322597,0.147516,0.186548,0.336910,1.925385,1.925385,1.925385,1.925385
13.566920,0.322559,0.147988,0.187003,0.337544,1.887031,1.887031,1.887031,1.887031
13.576385,0.322477,0.148539,0.187418,0.338001,1.852154,1.852154,1.852154,1.852154
13.586938,0.322491,0.148992,0.187688,0.338519,1.812779,1.812779,1.812779,1.812779
13.596393,0.322256,0.149334,0.187764,0.338864,1.777080,1.777080,1.777080,1.777080
13.606934,0.321804,0.149649,0.187789,0.339138,1.736819,1.736819,1.736819,1.736819
13.616432,0.323620,0.151902,0.189836,0.341351,1.700131,1.700131,1.700131,1.700131
13.626976,0.323698,0.152539,0.190395,0.341797,1.658960,1.658960,1.658960,1.658960
13.636438,0.324265,0.153495,0.191395,0.342433,1.621626,1.621626,1.621626,1.621626
13.646981,0.324155,0.153852,0.191692,0.342721,1.579606,1.579606,1.579606,1.579606
13.656451,0.324024,0.154077,0.191809,0.343110,1.541495,1.541495,1.541495,1.541495
13.667008,0.325466,0.155991,0.193643,0.344926,1.498607,1.498607,1.498607,1.498607
13.676505,0.324926,0.156226,0.193687,0.344716,1.459671,1.459671,1.459671,1.459671
13.687063,0.323776,0.156299,0.193431,0.344047,1.416006,1.416006,1.416006,1.416006
13.696503,0.322076,0.156128,0.192889,0.342987,1.376634,1.376634,1.376634,1.376634
13.707067,0.320785,0.156450,0.192877,0.342086,1.332216,1.332216,1.332216,1.332216
13.716553,0.319327,0.147009,0.183615,0.332839,1.292020,1.292020,1.292020,1.292020
13.727105,0.318227,0.147368,0.183905,0.332115,1.246962,1.246962,1.246962,1.246962
13.736607,0.317672,0.148022,0.184460,0.331483,1.206102,1.206102,1.206102,1.206102
13.747118,0.315815,0.147632,0.183847,0.330013,1.160584,1.160584,1.160584,1.160584
13.756594,0.306250,0.138623,0.174738,0.321164,1.119281,1.119281,1.119281,1.119281
13.767121,0.304419,0.138227,0.174069,0.319781,1.073102,1.073102,1.073102,1.073102
13.776597,0.295774,0.129712,0.165663,0.311662,1.031287,1.031287,1.031287,1.031287
13.787119,0.294059,0.129255,0.165051,0.310077,0.984585,0.984585,0.984585,0.984585
13.796548,0.285947,0.121245,0.157390,0.302303,0.942507,0.942507,0.942507,0.942507
13.807075,0.285552,0.121966,0.158123,0.301956,0.895287,0.895287,0.895287,0.895287
13.816536,0.278597,0.114744,0.151449,0.294978,0.852637,0.852637,0.852637,0.852637
13.827072,0.277106,0.113988,0.150897,0.293294,0.804918,0.804918,0.804918,0.804918
13.836548,0.270202,0.106724,0.144127,0.286389,0.761816,0.761816,0.761816,0.761816
13.847077,0.268587,0.105944,0.143392,0.284608,0.713723,0.713723,0.713723,0.713723
13.856540,0.262157,0.098988,0.136911,0.278112,0.670334,0.670334,0.670334,0.670334
13.867066,0.260186,0.097602,0.135536,0.275853,0.621890,0.621890,0.621890,0.621890
13.876541,0.261969,0.096101,0.134148,0.273622,0.578147,0.578147,0.578147,0.578147
13.887092,0.259536,0.094405,0.132687,0.271182,0.529285,0.529285,0.529285,0.529285
13.896496,0.257022,0.092430,0.130962,0.268622,0.485605,0.485605,0.485605,0.485605
13.906972,0.254065,0.090030,0.128750,0.265819,0.436826,0.436826,0.436826,0.436826
13.916438,0.247508,0.083018,0.122071,0.259851,0.392647,0.392647,0.392647,0.392647
13.926975,0.243916,0.080149,0.119078,0.256522,0.343368,0.343368,0.343368,0.343368
13.936437,0.240621,0.077397,0.116370,0.253247,0.299040,0.299040,0.299040,0.299040
13.946983,0.239879,0.078020,0.117066,0.252048,0.249546,0.249546,0.249546,0.249546
13.956409,0.238004,0.075937,0.115962,0.249316,0.205261,0.205261,0.205261,0.205261
13.966957,0.236720,0.075626,0.116114,0.247375,0.155640,0.155640,0.155640,0.155640
13.976403,0.232888,0.072081,0.112893,0.243102,0.111170,0.111170,0.111170,0.111170
13.986944,0.228740,0.068468,0.109506,0.238592,0.061521,0.061521,0.061521,0.061521
13.996442,0.224329,0.064785,0.106145,0.233881,0.016766,0.016766,0.016766,0.016766
14.007030,0.218950,0.060942,0.102347,0.226943,-0.033124,-0.033124,-0.033124,-0.033124
14.016493,0.213983,0.058015,0.099087,0.221742,-0.077712,-0.077712,-0.077712,-0.077712
14.027045,0.210181,0.053810,0.095170,0.216242,-0.127408,-0.127408,-0.127408,-0.127408
14.036537,0.205385,0.049189,0.088778,0.211065,-0.172083,-0.172083,-0.172083,-0.172083
14.047086,0.198967,0.044069,0.080479,0.204958,-0.221686,-0.221686,-0.221686,-0.221686
14.056547,0.193744,0.038035,0.074456,0.199603,-0.266121,-0.266121,-0.266121,-0.266121
14.067089,0.189189,0.032668,0.069418,0.194117,-0.315567,-0.315567,-0.315567,-0.315567
14.076540,0.186502,0.027606,0.065619,0.190299,-0.359820,-0.359820,-0.359820,-0.359820
14.087094,0.182290,0.022264,0.061257,0.185065,-0.409144,-0.409144,-0.409144,-0.409144
14.096545,0.178001,0.016786,0.056836,0.179862,-0.453218,-0.453218,-0.453218,-0.453218
14.107097,0.173656,0.011254,0.052413,0.174803,-0.502303,-0.502303,-0.502303,-0.502303
14.116606,0.172231,0.007050,0.049704,0.172467,-0.546424,-0.546424,-0.546424,-0.546424
14.127120,0.167835,0.001319,0.044834,0.167277,-0.595066,-0.595066,-0.595066,-0.595066
14.136620,0.166939,-0.002525,0.042559,0.165526,-0.638873,-0.638873,-0.638873,-0.638873
14.147120,0.162108,-0.008600,0.037420,0.160027,-0.687132,-0.687132,-0.687132,-0.687132
14.156624,0.160971,-0.012376,0.034801,0.158210,-0.730649,-0.730649,-0.730649,-0.730649
14.167172,0.155833,-0.018490,0.029542,0.152588,-0.778759,-0.778759,-0.778759,-0.778759
14.176702,0.155046,-0.021787,0.027626,0.151291,-0.822036,-0.822036,-0.822036,-0.822036
14.187183,0.149608,-0.028237,0.021952,0.145477,-0.869426,-0.869426,-0.869426,-0.869426
14.196693,0.150515,-0.030065,0.021515,0.140048,-0.912217,-0.912217,-0.912217,-0.912217
14.206172,0.145724,-0.036313,0.016476,0.134736,-0.954667,-0.954667,-0.954667,-0.954667
14.216702,0.140916,-0.042763,0.011067,0.129300,-1.001574,-1.001574,-1.001574,-1.001574
14.226171,0.136202,-0.049129,0.005777,0.123962,-1.043524,-1.043524,-1.043524,-1.043524
14.236718,0.131613,-0.055378,0.000536,0.118636,-1.089979,-1.089979,-1.089979,-1.089979
14.246170,0.127219,-0.061495,-0.004550,0.113317,-1.131356,-1.131356,-1.131356,-1.131356
14.256712,0.123063,-0.067290,-0.008897,0.108447,-1.177208,-1.177208,-1.177208,-1.177208
14.266173,0.118492,-0.073304,-0.013800,0.103013,-1.218084,-1.218084,-1.218084,-1.218084
14.276726,0.114033,-0.079793,-0.018955,0.097972,-1.263361,-1.263361,-1.263361,-1.263361
14.287226,0.109694,-0.085953,-0.023908,0.092923,-1.308063,-1.308063,-1.308063,-1.308063
14.296739,0.105500,-0.092125,-0.028743,0.087944,-1.348261,-1.348261,-1.348261,-1.348261
14.306171,0.101180,-0.098288,-0.033720,0.082871,-1.387821,-1.387821,-1.387821,-1.387821
14.316698,0.106169,-0.097287,-0.030842,0.086477,-1.431605,-1.431605,-1.431605,-1.431605
14.326176,0.101849,-0.103717,-0.036050,0.081280,-1.470695,-1.470695,-1.470695,-1.470695
14.336719,0.097626,-0.110666,-0.042184,0.075450,-1.513793,-1.513793,-1.513793,-1.513793
14.346171,0.093682,-0.117029,-0.047654,0.070617,-1.552086,-1.552086,-1.552086,-1.552086
14.356722,0.089004,-0.123975,-0.053690,0.065184,-1.594417,-1.594417,-1.594417,-1.594417
14.366173,0.085667,-0.130052,-0.058574,0.060896,-1.631966,-1.631966,-1.631966,-1.631966
14.376724,0.082298,-0.136494,-0.063543,0.056700,-1.673460,-1.673460,-1.673460,-1.673460
14.387228,0.078682,-0.143011,-0.068864,0.052410,-1.714311,-1.714311,-1.714311,-1.714311
14.396792,0.075509,-0.148938,-0.073705,0.048479,-1.751103,-1.751103,-1.751103,-1.751103
14.406276,0.072783,-0.154642,-0.078012,0.045027,-1.787195,-1.787195,-1.787195,-1.787195
14.416782,0.079217,-0.152004,-0.073651,0.050750,-1.826718,-1.826718,-1.826718,-1.826718
14.426280,0.075441,-0.158198,-0.078717,0.046311,-1.862015,-1.862015,-1.862015,-1.862015
14.436820,0.073087,-0.163454,-0.082580,0.043013,-1.900702,-1.900702,-1.900702,-1.900702
14.446231,0.070922,-0.168581,-0.086475,0.039772,-1.934803,-1.934803,-1.934803,-1.934803
14.456785,0.068936,-0.173568,-0.090233,0.036689,-1.972546,-1.972546,-1.972546,-1.972546
14.466280,0.067082,-0.178332,-0.093788,0.033785,-2.006037,-2.006037,-2.006037,-2.006037
14.476833,0.065369,-0.182971,-0.097092,0.031057,-2.042739,-2.042739,-2.042739,-2.042739
14.486331,0.063680,-0.187594,-0.100485,0.028427,-2.075287,-2.075287,-2.075287,-2.075287
14.496880,0.061845,-0.192288,-0.104192,0.025740,-2.110896,-2.110896,-2.110896,-2.110896
14.506334,0.060205,-0.196605,-0.107510,0.023206,-2.142323,-2.142323,-2.142323,-2.142323
14.516881,0.057369,-0.201678,-0.111571,0.019660,-2.176819,-2.176819,-2.176819,-2.176819
14.526282,0.055551,-0.206134,-0.115086,0.017281,-2.207064,-2.207064,-2.207064,-2.207064
14.536827,0.053940,-0.210352,-0.118385,0.015038,-2.240418,-2.240418,-2.240418,-2.240418
14.546277,0.053077,-0.213932,-0.120749,0.013223,-2.269785,-2.269785,-2.269785,-2.269785
14.556804,0.052328,-0.217499,-0.122913,0.011600,-2.301909,-2.301909,-2.301909,-2.301909
14.566275,0.051572,-0.221100,-0.125120,0.010097,-2.330276,-2.330276,-2.330276,-2.330276
14.576826,0.050840,-0.224641,-0.127333,0.008579,-2.361270,-2.361270,-2.361270,-2.361270
14.586288,0.050647,-0.227703,-0.129123,0.007229,-2.388510,-2.388510,-2.388510,-2.388510
14.596848,0.051094,-0.230227,-0.130095,0.006349,-2.418290,-2.418290,-2.418290,-2.418290
14.606311,0.049543,-0.234340,-0.132754,0.003966,-2.444412,-2.444412,-2.444412,-2.444412
14.616857,0.048812,-0.237862,-0.135278,0.002633,-2.472886,-2.472886,-2.472886,-2.472886
14.626279,0.048289,-0.241043,-0.137663,0.001345,-2.497753,-2.497753,-2.497753,-2.497753
14.636826,0.046147,-0.245304,-0.141180,-0.001441,-2.524937,-2.524937,-2.524937,-2.524937
14.646278,0.044672,-0.248930,-0.144081,-0.003062,-2.548715,-2.548715,-2.548715,-2.548715
14.656821,0.044029,-0.251693,-0.145967,-0.004203,-2.574569,-2.574569,-2.574569,-2.574569
14.666232,0.042347,-0.255388,-0.148656,-0.006579,-2.597053,-2.597053,-2.597053,-2.597053
14.676781,0.042481,-0.257784,-0.149551,-0.007146,-2.621577,-2.621577,-2.621577,-2.621577
14.686280,0.042665,-0.260223,-0.150666,-0.007601,-2.643050,-2.643050,-2.643050,-2.643050
14.696834,0.042844,-0.262730,-0.151861,-0.008092,-2.666211,-2.666211,-2.666211,-2.666211
14.706326,0.043457,-0.264899,-0.152649,-0.008338,-2.686421,-2.686421,-2.686421,-2.686421
14.716874,0.044420,-0.266735,-0.152923,-0.008375,-2.708176,-2.708176,-2.708176,-2.708176
14.726328,0.044763,-0.269139,-0.153950,-0.008785,-2.727044,-2.727044,-2.727044,-2.727044
14.736866,0.045257,-0.271184,-0.154830,-0.008996,-2.747365,-2.747365,-2.747365,-2.747365
14.746327,0.045273,-0.273504,-0.156214,-0.009527,-2.764969,-2.764969,-2.764969,-2.764969
14.756876,0.044402,-0.276412,-0.158677,-0.010606,-2.783876,-2.783876,-2.783876,-2.783876
14.766330,0.042997,-0.279422,-0.161388,-0.012594,-2.800171,-2.800171,-2.800171,-2.800171
14.776883,0.043317,-0.281260,-0.162168,-0.012895,-2.817633,-2.817633,-2.817633,-2.817633
14.786381,0.041961,-0.284446,-0.164564,-0.014704,-2.832686,-2.832686,-2.832686,-2.832686
14.796927,0.042282,-0.286192,-0.165266,-0.014927,-2.848663,-2.848663,-2.848663,-2.848663
14.806334,0.042782,-0.287959,-0.165948,-0.015074,-2.862253,-2.862253,-2.862253,-2.862253
14.816881,0.043363,-0.289609,-0.166409,-0.015089,-2.876746,-2.876746,-2.876746,-2.876746
14.826336,0.044061,-0.291120,-0.166811,-0.015005,-2.889068,-2.889068,-2.889068,-2.889068
14.836884,0.044758,-0.292742,-0.167363,-0.014877,-2.902062,-2.902062,-2.902062,-2.902062
14.846384,0.045396,-0.294244,-0.167985,-0.014831,-2.913085,-2.913085,-2.913085,-2.913085
14.856885,0.043838,-0.297298,-0.170520,-0.016688,-2.924513,-2.924513,-2.924513,-2.924513
14.866380,0.042954,-0.299575,-0.172732,-0.017535,-2.934162,-2.934162,-2.934162,-2.934162
14.876909,0.041013,-0.302581,-0.175779,-0.019657,-2.944098,-2.944098,-2.944098,-2.944098
14.886383,0.041480,-0.303759,-0.176264,-0.019598,-2.952350,-2.952350,-2.952350,-2.952350
14.896882,0.042053,-0.305046,-0.176497,-0.019510,-2.960731,-2.960731,-2.960731,-2.960731
14.906396,0.042633,-0.306318,-0.176778,-0.019393,-2.967631,-2.967631,-2.967631,-2.967631
14.916950,0.043221,-0.307573,-0.177106,-0.019209,-2.974509,-2.974509,-2.974509,-2.974509
14.926461,0.041956,-0.310269,-0.179090,-0.020743,-2.980007,-2.980007,-2.980007,-2.980007
14.936997,0.042969,-0.311253,-0.179171,-0.020301,-2.985321,-2.985321,-2.985321,-2.985321
14.946434,0.042516,-0.313452,-0.180455,-0.021433,-2.989387,-2.989387,-2.989387,-2.989387
14.956967,0.042953,-0.314698,-0.180895,-0.021272,-2.993149,-2.993149,-2.993149,-2.993149
14.966435,0.043392,-0.315770,-0.181516,-0.021107,-2.995831,-2.995831,-2.995831,-2.995831
14.976963,0.043807,-0.317022,-0.182193,-0.020898,-2.998036,-2.998036,-2.998036,-2.998036
14.986431,0.044005,-0.318451,-0.183299,-0.020999,-2.999319,-2.999319,-2.999319,-2.999319
14.996959,0.044358,-0.319425,-0.183960,-0.020990,-2.999966,-2.999966,-2.999966,-2.999966
15.006482,0.045135,-0.320074,-0.184042,-0.020689,-2.999845,-2.999845,-2.999845,-2.999845
15.017011,0.043957,-0.322376,-0.185882,-0.022227,-2.998929,-2.998929,-2.998929,-2.998929
15.026483,0.044602,-0.323223,-0.186146,-0.021950,-2.997405,-2.997405,-2.997405,-2.997405
15.037010,0.045282,-0.324086,-0.186383,-0.021598,-2.994932,-2.994932,-2.994932,-2.994932
15.046484,0.044189,-0.326410,-0.188223,-0.022956,-2.992006,-2.992006,-2.992006,-2.992006
15.057014,0.045068,-0.327160,-0.188256,-0.022387,-2.987977,-2.987977,-2.987977,-2.987977
15.066482,0.045807,-0.328026,-0.188462,-0.021883,-2.983657,-2.983657,-2.983657,-2.983657
15.077005,0.046542,-0.328865,-0.188620,-0.021422,-2.978080,-2.978080,-2.978080,-2.978080
15.086431,0.047367,-0.329646,-0.188750,-0.021054,-2.972394,-2.972394,-2.972394,-2.972394
15.096964,0.047934,-0.330433,-0.188811,-0.020698,-2.965270,-2.965270,-2.965270,-2.965270
15.106434,0.048689,-0.331043,-0.188777,-0.020291,-2.958171,-2.958171,-2.958171,-2.958171
15.116978,0.047473,-0.333207,-0.190539,-0.021838,-2.949497,-2.949497,-2.949497,-2.949497
15.126433,0.048140,-0.333695,-0.190676,-0.021493,-2.941031,-2.941031,-2.941031,-2.941031
15.136956,0.048845,-0.334200,-0.190808,-0.021184,-2.930845,-2.930845,-2.930845,-2.930845
15.146434,0.047774,-0.336308,-0.192664,-0.022531,-2.920987,-2.920987,-2.920987,-2.920987
15.156960,0.048537,-0.336806,-0.192831,-0.022162,-2.909280,-2.909280,-2.909280,-2.909280
15.166432,0.049071,-0.337382,-0.193173,-0.021893,-2.898063,-2.898063,-2.898063,-2.898063
15.176961,0.047407,-0.339648,-0.195595,-0.023656,-2.884844,-2.884844,-2.884844,-2.884844
15.186433,0.047691,-0.340108,-0.196251,-0.023666,-2.872277,-2.872277,-2.872277,-2.872277
15.196961,0.048286,-0.340398,-0.196253,-0.023434,-2.857561,-2.857561,-2.857561,-2.857561
15.206448,0.047055,-0.342476,-0.197981,-0.024776,-2.843634,-2.843634,-2.843634,-2.843634
15.216988,0.048023,-0.342760,-0.197677,-0.024164,-2.827419,-2.827419,-2.827419,-2.827419
15.227483,0.048850,-0.343201,-0.197727,-0.023680,-2.810503,-2.810503,-2.810503,-2.810503
15.236976,0.049603,-0.343545,-0.197740,-0.023170,-2.794545,-2.794545,-2.794545,-2.794545
15.247486,0.050381,-0.343840,-0.197761,-0.022742,-2.776150,-2.776150,-2.776150,-2.776150
15.256966,0.060917,-0.334683,-0.188085,-0.012450,-2.758912,-2.758912,-2.758912,-2.758912
15.267486,0.061204,-0.335321,-0.188354,-0.012430,-2.739064,-2.739064,-2.739064,-2.739064
15.276982,0.061680,-0.335776,-0.188512,-0.012250,-2.720505,-2.720505,-2.720505,-2.720505
15.287486,0.062343,-0.336099,-0.188435,-0.012023,-2.699273,-2.699273,-2.699273,-2.699273
15.298018,0.062396,-0.336778,-0.188828,-0.012088,-2.677247,-2.677247,-2.677247,-2.677247
15.307445,0.062365,-0.337482,-0.189387,-0.012121,-2.656910,-2.656910,-2.656910,-2.656910
15.317975,0.062313,-0.338094,-0.191627,-0.013971,-2.633503,-2.633503,-2.633503,-2.633503
15.327435,0.071671,-0.329567,-0.182932,-0.004660,-2.611864,-2.611864,-2.611864,-2.611864
15.337964,0.069624,-0.332144,-0.185582,-0.006976,-2.587096,-2.587096,-2.587096,-2.587096
15.347433,0.069507,-0.332479,-0.185866,-0.007131,-2.564221,-2.564221,-2.564221,-2.564221
15.357960,0.069342,-0.333061,-0.186466,-0.007317,-2.538122,-2.538122,-2.538122,-2.538122
15.367433,0.069094,-0.333717,-0.187215,-0.007621,-2.514044,-2.514044,-2.514044,-2.514044
15.377957,0.068749,-0.334485,-0.188042,-0.007947,-2.486638,-2.486638,-2.486638,-2.486638
15.387432,0.066826,-0.336714,-0.190251,-0.009878,-2.461388,-2.461388,-2.461388,-2.461388
15.397958,0.067061,-0.337127,-0.190320,-0.009850,-2.432696,-2.432696,-2.432696,-2.432696
15.407389,0.066832,-0.337914,-0.190858,-0.010152,-2.406421,-2.406421,-2.406421,-2.406421
15.417923,0.066591,-0.338604,-0.191414,-0.010383,-2.376451,-2.376451,-2.376451,-2.376451
15.427381,0.066250,-0.339340,-0.191955,-0.010667,-2.348990,-2.348990,-2.348990,-2.348990
15.437913,0.064273,-0.341666,-0.194205,-0.012720,-2.317797,-2.317797,-2.317797,-2.317797
15.447381,0.064140,-0.342177,-0.194699,-0.012861,-2.289213,-2.289213,-2.289213,-2.289213
15.457912,0.064264,-0.342554,-0.194990,-0.012987,-2.256826,-2.256826,-2.256826,-2.256826
15.467381,0.064359,-0.343027,-0.195276,-0.012974,-2.227180,-2.227180,-2.227180,-2.227180
15.477910,0.064470,-0.343505,-0.195652,-0.012936,-2.193637,-2.193637,-2.193637,-2.193637
15.487338,0.062820,-0.345706,-0.197741,-0.014518,-2.163089,-2.163089,-2.163089,-2.163089
15.497880,0.062741,-0.346233,-0.198168,-0.014492,-2.128374,-2.128374,-2.128374,-2.128374
15.507332,0.063186,-0.346494,-0.198065,-0.014271,-2.096749,-2.096749,-2.096749,-2.096749
15.517870,0.063750,-0.346636,-0.197744,-0.014040,-2.060947,-2.060947,-2.060947,-2.060947
15.527329,0.063363,-0.347501,-0.198525,-0.014362,-2.028329,-2.028329,-2.028329,-2.028329
15.537871,0.061485,-0.349639,-0.200886,-0.016254,-1.991449,-1.991449,-1.991449,-1.991449
15.547330,0.061709,-0.349988,-0.201110,-0.016108,-1.957895,-1.957895,-1.957895,-1.957895
15.557860,0.061971,-0.350307,-0.201193,-0.015973,-1.920031,-1.920031,-1.920031,-1.920031
15.567234,0.062264,-0.350680,-0.201173,-0.015689,-1.885881,-1.885881,-1.885881,-1.885881
15.577758,0.062288,-0.351063,-0.201276,-0.015599,-1.847058,-1.847058,-1.847058,-1.847058
15.587222,0.062459,-0.351281,-0.201430,-0.017253,-1.811712,-1.811712,-1.811712,-1.811712
15.597756,0.062751,-0.351620,-0.201599,-0.017053,-1.771898,-1.771898,-1.771898,-1.771898
15.607224,0.062990,-0.351902,-0.201667,-0.016976,-1.735706,-1.735706,-1.735706,-1.735706
15.617759,0.063484,-0.352086,-0.201373,-0.016651,-1.694974,-1.694974,-1.694974,-1.694974
15.627224,0.064220,-0.352206,-0.201024,-0.016088,-1.657986,-1.657986,-1.657986,-1.657986
15.637760,0.064391,-0.352671,-0.201504,-0.015876,-1.616384,-1.616384,-1.616384,-1.616384
15.647225,0.064685,-0.352858,-0.201724,-0.015556,-1.578629,-1.578629,-1.578629,-1.578629
15.657758,0.063257,-0.354478,-0.203420,-0.017086,-1.536208,-1.536208,-1.536208,-1.536208
15.667225,0.062255,-0.355218,-0.204890,-0.017591,-1.497723,-1.497723,-1.497723,-1.497723
15.677771,0.062011,-0.354792,-0.205324,-0.017659,-1.454457,-1.454457,-1.454457,-1.454457
15.687224,0.062388,-0.355619,-0.207021,-0.019217,-1.415335,-1.415335,-1.415335,-1.415335
15.697762,0.062446,-0.354760,-0.206761,-0.019030,-1.371363,-1.371363,-1.371363,-1.371363
15.707225,0.062417,-0.353750,-0.206381,-0.018872,-1.331547,-1.331547,-1.331547,-1.331547
15.717805,0.062541,-0.352526,-0.205683,-0.018682,-1.286690,-1.286690,-1.286690,-1.286690
15.727278,0.063177,-0.350812,-0.204329,-0.018288,-1.246224,-1.246224,-1.246224,-1.246224
15.737817,0.062318,-0.350287,-0.204035,-0.019383,-1.200881,-1.200881,-1.200881,-1.200881
15.747277,0.062587,-0.348343,-0.202438,-0.018981,-1.159894,-1.159894,-1.159894,-1.159894
15.757814,0.062840,-0.346098,-0.200859,-0.018362,-1.113945,-1.113945,-1.113945,-1.113945
15.767277,0.063236,-0.343794,-0.199268,-0.017492,-1.072418,-1.072418,-1.072418,-1.072418
15.777820,0.063658,-0.341469,-0.197804,-0.016532,-1.025874,-1.025874,-1.025874,-1.025874
15.787277,0.062547,-0.340344,-0.197605,-0.017176,-0.983880,-0.983880,-0.983880,-0.983880
15.797810,0.063705,-0.337223,-0.195189,-0.015657,-0.936864,-0.936864,-0.936864,-0.936864
15.807274,0.064923,-0.334119,-0.192667,-0.013946,-0.894390,-0.894390,-0.894390,-0.894390
15.817808,0.066234,-0.330878,-0.190124,-0.012042,-0.846888,-0.846888,-0.846888,-0.846888
15.827233,0.067790,-0.327570,-0.187424,-0.010006,-0.804187,-0.804187,-0.804187,-0.804187
15.837768,0.069551,-0.323994,-0.184365,-0.007860,-0.756255,-0.756255,-0.756255,-0.756255
15.847223,0.071589,-0.320240,-0.181204,-0.005483,-0.713053,-0.713053,-0.713053,-0.713053
15.857761,0.073661,-0.316378,-0.178033,-0.003018,-0.664720,-0.664720,-0.664720,-0.664720
15.867225,0.075485,-0.312590,-0.175092,-0.000564,-0.621163,-0.621163,-0.621163,-0.621163
15.877756,0.077576,-0.308579,-0.171925,0.002125,-0.572529,-0.572529,-0.572529,-0.572529
15.887225,0.078319,-0.307907,-0.172748,0.003479,-0.528665,-0.528665,-0.528665,-0.528665
15.897777,0.080086,-0.303912,-0.169667,0.006207,-0.479650,-0.479650,-0.479650,-0.479650
15.907184,0.082446,-0.299432,-0.166140,0.009315,-0.435841,-0.435841,-0.435841,-0.435841
15.917722,0.083963,-0.297320,-0.165445,0.007980,-0.386647,-0.386647,-0.386647,-0.386647
15.928226,0.087038,-0.292378,-0.161097,0.011604,-0.337514,-0.337514,-0.337514,-0.337514
15.937749,0.090301,-0.287300,-0.156729,0.015377,-0.292883,-0.292883,-0.292883,-0.292883
15.947225,0.089296,-0.284129,-0.155045,0.015426,-0.248415,-0.248415,-0.248415,-0.248415
15.957765,0.096914,-0.277212,-0.148096,0.023090,-0.198884,-0.198884,-0.198884,-0.198884
15.967224,0.100463,-0.271506,-0.143375,0.027168,-0.154387,-0.154387,-0.154387,-0.154387
15.977772,0.103866,-0.265628,-0.138618,0.031211,-0.104726,-0.104726,-0.104726,-0.104726
15.987226,0.107340,-0.259448,-0.133893,0.035216,-0.060192,-0.060192,-0.060192,-0.060192
15.997777,0.108016,-0.253568,-0.130288,0.036835,-0.010475,-0.010475,-0.010475,-0.010475
16.007290,0.111290,-0.246230,-0.125637,0.040903,-2.978133,-2.978133,-2.978133,-2.978133
16.017839,0.112459,-0.234640,-0.121338,0.043004,-2.946482,-2.946482,-2.946482,-2.946482
16.027330,0.116385,-0.227170,-0.115243,0.047480,-2.918010,-2.918010,-2.918010,-2.918010
16.037868,0.120248,-0.220029,-0.108593,0.051992,-2.886395,-2.886395,-2.886395,-2.886395
16.047333,0.115532,-0.225457,-0.113804,0.047480,-2.858004,-2.858004,-2.858004,-2.858004
16.057871,0.111850,-0.229682,-0.118007,0.044056,-2.826386,-2.826386,-2.826386,-2.826386
16.067329,0.108361,-0.233710,-0.121882,0.040731,-2.798013,-2.798013,-2.798013,-2.798013
16.077871,0.103855,-0.238570,-0.126570,0.036244,-2.766385,-2.766385,-2.766385,-2.766385
16.087301,0.100482,-0.242508,-0.130576,0.032905,-2.738099,-2.738099,-2.738099,-2.738099
16.097843,0.097405,-0.246004,-0.134119,0.029807,-2.706471,-2.706471,-2.706471,-2.706471
16.107330,0.094733,-0.249229,-0.137107,0.027110,-2.678011,-2.678011,-2.678011,-2.678011
16.117863,0.092217,-0.252595,-0.139975,0.024616,-2.646411,-2.646411,-2.646411,-2.646411
16.127289,0.088613,-0.256877,-0.143791,0.020962,-2.618132,-2.618132,-2.618132,-2.618132
16.137835,0.085846,-0.260442,-0.146912,0.018557,-2.586494,-2.586494,-2.586494,-2.586494
16.147238,0.083852,-0.263410,-0.149494,0.016364,-2.558290,-2.558290,-2.558290,-2.558290
16.157782,0.081999,-0.266257,-0.151668,0.014306,-2.526656,-2.526656,-2.526656,-2.526656
16.167225,0.080269,-0.269044,-0.153757,0.012403,-2.498322,-2.498322,-2.498322,-2.498322
16.177763,0.077212,-0.272959,-0.157093,0.009268,-2.466712,-2.466712,-2.466712,-2.466712
16.187223,0.075747,-0.275548,-0.159029,0.007651,-2.438332,-2.438332,-2.438332,-2.438332
16.197762,0.074326,-0.278102,-0.160922,0.006044,-2.406716,-2.406716,-2.406716,-2.406716
16.207226,0.071293,-0.282082,-0.164471,0.003074,-2.378321,-2.378321,-2.378321,-2.378321
16.217779,0.069848,-0.284675,-0.166509,0.001689,-2.346664,-2.346664,-2.346664,-2.346664
16.227282,0.066920,-0.288500,-0.169806,-0.001151,-2.318153,-2.318153,-2.318153,-2.318153
16.237827,0.064431,-0.291719,-0.172839,-0.003150,-2.286517,-2.286517,-2.286517,-2.286517
16.247276,0.062719,-0.294121,-0.175168,-0.004682,-2.258170,-2.258170,-2.258170,-2.258170
16.257818,0.062037,-0.295887,-0.176280,-0.005684,-2.226543,-2.226543,-2.226543,-2.226543
16.267275,0.061449,-0.297875,-0.177232,-0.006515,-2.198177,-2.198177,-2.198177,-2.198177
16.277824,0.059388,-0.301076,-0.179802,-0.008843,-2.166527,-2.166527,-2.166527,-2.166527
16.287275,0.058981,-0.302966,-0.180833,-0.009493,-2.138174,-2.138174,-2.138174,-2.138174
16.297815,0.058580,-0.304791,-0.181769,-0.010191,-2.106552,-2.106552,-2.106552,-2.106552
16.307285,0.058194,-0.306465,-0.182567,-0.010752,-2.078145,-2.078145,-2.078145,-2.078145
16.317835,0.057810,-0.308191,-0.183540,-0.011388,-2.046497,-2.046497,-2.046497,-2.046497
16.327333,0.055899,-0.311112,-0.185868,-0.013502,-2.018001,-2.018001,-2.018001,-2.018001
16.337875,0.055933,-0.312498,-0.186385,-0.013765,-1.986372,-1.986372,-1.986372,-1.986372
16.347330,0.055821,-0.314174,-0.187391,-0.014258,-1.958012,-1.958012,-1.958012,-1.958012
16.357861,0.054227,-0.316900,-0.189588,-0.016201,-1.926420,-1.926420,-1.926420,-1.926420
16.367329,0.054029,-0.318310,-0.190241,-0.016616,-1.898015,-1.898015,-1.898015,-1.898015
16.377880,0.053892,-0.319617,-0.190981,-0.016915,-1.866361,-1.866361,-1.866361,-1.866361
16.387329,0.053900,-0.320873,-0.191766,-0.017202,-1.838014,-1.838014,-1.838014,-1.838014
16.397861,0.053882,-0.322111,-0.192443,-0.017568,-1.806414,-1.806414,-1.806414,-1.806414
16.407328,0.052301,-0.324628,-0.194434,-0.019427,-1.778020,-1.778020,-1.778020,-1.778020
16.417866,0.052837,-0.325494,-0.194298,-0.019231,-1.746401,-1.746401,-1.746401,-1.746401
16.427334,0.052838,-0.326936,-0.194826,-0.019429,-1.718000,-1.718000,-1.718000,-1.718000
16.437880,0.053003,-0.328000,-0.195059,-0.019387,-1.686363,-1.686363,-1.686363,-1.686363
16.447285,0.053277,-0.329122,-0.195429,-0.019264,-1.658143,-1.658143,-1.658143,-1.658143
16.457830,0.051315,-0.332162,-0.198167,-0.021263,-1.626509,-1.626509,-1.626509,-1.626509
16.467276,0.051328,-0.332992,-0.198650,-0.021542,-1.598171,-1.598171,-1.598171,-1.598171
16.477825,0.051409,-0.333921,-0.198777,-0.021580,-1.566526,-1.566526,-1.566526,-1.566526
16.487276,0.049884,-0.336129,-0.200621,-0.023253,-1.538172,-1.538172,-1.538172,-1.538172
16.497812,0.050099,-0.336557,-0.200727,-0.023167,-1.506564,-1.506564,-1.506564,-1.506564
16.507236,0.050440,-0.336734,-0.200889,-0.023008,-1.478293,-1.478293,-1.478293,-1.478293
16.517773,0.049040,-0.338291,-0.202838,-0.024636,-1.446683,-1.446683,-1.446683,-1.446683
16.527229,0.049426,-0.337843,-0.202659,-0.024511,-1.418310,-1.418310,-1.418310,-1.418310
16.537775,0.050374,-0.336850,-0.201753,-0.024049,-1.386674,-1.386674,-1.386674,-1.386674
16.547224,0.050825,-0.336370,-0.201342,-0.023882,-1.358327,-1.358327,-1.358327,-1.358327
16.557766,0.050903,-0.335929,-0.201405,-0.023984,-1.326704,-1.326704,-1.326704,-1.326704
16.567226,0.050898,-0.335214,-0.201171,-0.024038,-1.298324,-1.298324,-1.298324,-1.298324
16.577784,0.050045,-0.335121,-0.201829,-0.024562,-1.266651,-1.266651,-1.266651,-1.266651
16.587278,0.050021,-0.333909,-0.201339,-0.024613,-1.238165,-1.238165,-1.238165,-1.238165
16.597824,0.050282,-0.332523,-0.200183,-0.024422,-1.206527,-1.206527,-1.206527,-1.206527
16.607277,0.050459,-0.331163,-0.198909,-0.024016,-1.178172,-1.178172,-1.178172,-1.178172
16.617807,0.050705,-0.329704,-0.197523,-0.023355,-1.146576,-1.146576,-1.146576,-1.146576
16.627279,0.051171,-0.328040,-0.196037,-0.022620,-1.118163,-1.118163,-1.118163,-1.118163
16.637819,0.051832,-0.326297,-0.194396,-0.021675,-1.086544,-1.086544,-1.086544,-1.086544
16.647278,0.050800,-0.325813,-0.194217,-0.022325,-1.058164,-1.058164,-1.058164,-1.058164
16.657820,0.051690,-0.323707,-0.192258,-0.021229,-1.026541,-1.026541,-1.026541,-1.026541
16.667276,0.052657,-0.321431,-0.190151,-0.019954,-0.998172,-0.998172,-0.998172,-0.998172
16.677820,0.051892,-0.320658,-0.189740,-0.020180,-0.966537,-0.966537,-0.966537,-0.966537
16.687275,0.052048,-0.319031,-0.188914,-0.019267,-0.938174,-0.938174,-0.938174,-0.938174
16.697805,0.052756,-0.316519,-0.187416,-0.018103,-0.906584,-0.906584,-0.906584,-0.906584
16.707277,0.054346,-0.314907,-0.186479,-0.018016,-0.878170,-0.878170,-0.878170,-0.878170
16.717808,0.055901,-0.312051,-0.183659,-0.015984,-0.846577,-0.846577,-0.846577,-0.846577
16.727289,0.057426,-0.309337,-0.180910,-0.013870,-0.818131,-0.818131,-0.818131,-0.818131
16.737825,0.059096,-0.306561,-0.178225,-0.011716,-0.786526,-0.786526,-0.786526,-0.786526
16.747278,0.060910,-0.303629,-0.175447,-0.009505,-0.758167,-0.758167,-0.758167,-0.758167
16.757814,0.061357,-0.304816,-0.174004,-0.008743,-0.726559,-0.726559,-0.726559,-0.726559
16.767275,0.063537,-0.301471,-0.171021,-0.006307,-0.698175,-0.698175,-0.698175,-0.698175
16.777802,0.065586,-0.298131,-0.168135,-0.003857,-0.666593,-0.666593,-0.666593,-0.666593
16.787275,0.067684,-0.294775,-0.165242,-0.001367,-0.638176,-0.638176,-0.638176,-0.638176
16.797804,0.069481,-0.291700,-0.162796,0.000854,-0.606591,-0.606591,-0.606591,-0.606591
16.807276,0.070827,-0.288615,-0.160719,0.002820,-0.578175,-0.578175,-0.578175,-0.578175
16.817808,0.073200,-0.284679,-0.157660,0.005428,-0.546577,-0.546577,-0.546577,-0.546577
16.827274,0.074173,-0.284051,-0.158229,0.006699,-0.518177,-0.518177,-0.518177,-0.518177
16.837801,0.076576,-0.280240,-0.154874,0.009539,-0.486599,-0.486599,-0.486599,-0.486599
16.847181,0.078966,-0.276468,-0.151549,0.012386,-0.458456,-0.458456,-0.458456,-0.458456
16.857723,0.080157,-0.275189,-0.151642,0.010773,-0.426833,-0.426833,-0.426833,-0.426833
16.868221,0.082921,-0.271059,-0.148059,0.013809,-0.395333,-0.395333,-0.395333,-0.395333
16.877735,0.085777,-0.266960,-0.144483,0.016913,-0.366796,-0.366796,-0.366796,-0.366796
16.888231,0.084180,-0.265090,-0.144099,0.015999,-0.335307,-0.335307,-0.335307,-0.335307
16.897736,0.091328,-0.259052,-0.137956,0.023092,-0.306792,-0.306792,-0.306792,-0.306792
16.907171,0.093833,-0.254907,-0.134475,0.026176,-0.278487,-0.278487,-0.278487,-0.278487
16.917698,0.095890,-0.251281,-0.131568,0.029164,-0.246907,-0.246907,-0.246907,-0.246907
16.928173,0.098661,-0.246668,-0.127885,0.032345,-0.215483,-0.215483,-0.215483,-0.215483
16.937696,0.101713,-0.241969,-0.124056,0.035650,-0.186908,-0.186908,-0.186908,-0.186908
16.948250,0.104619,-0.237278,-0.120294,0.038959,-0.155251,-0.155251,-0.155251,-0.155251
16.957783,0.110513,-0.231715,-0.115252,0.044984,-0.126651,-0.126651,-0.126651,-0.126651
16.967222,0.110279,-0.227420,-0.113092,0.045708,-0.098331,-0.098331,-0.098331,-0.098331
16.977757,0.115564,-0.221811,-0.108305,0.051069,-0.066729,-0.066729,-0.066729,-0.066729
16.987223,0.115597,-0.218959,-0.105730,0.051947,-0.038330,-0.038330,-0.038330,-0.038330
16.997766,0.117764,-0.212272,-0.102660,0.054842,-0.006702,-0.006702,-0.006702,-0.006702
17.007273,0.120086,-0.203771,-0.098979,0.057780,0.021820,0.021820,0.021820,0.021820
17.017809,0.122486,-0.198901,-0.094719,0.060801,0.053426,0.053426,0.053426,0.053426
17.027277,0.125054,-0.190610,-0.089138,0.063958,0.081832,0.081832,0.081832,0.081832
17.037821,0.126533,-0.184703,-0.085203,0.066383,0.113460,0.113460,0.113460,0.113460
17.047274,0.129449,-0.179559,-0.081520,0.070022,0.141821,0.141821,0.141821,0.141821
17.057814,0.132034,-0.174942,-0.077911,0.073661,0.173441,0.173441,0.173441,0.173441
17.067297,0.135015,-0.169977,-0.072405,0.077281,0.201891,0.201891,0.201891,0.201891
17.077829,0.138056,-0.164691,-0.067574,0.081120,0.233491,0.233491,0.233491,0.233491
17.087276,0.140297,-0.158525,-0.062493,0.084984,0.261831,0.261831,0.261831,0.261831
17.097813,0.143143,-0.154124,-0.058459,0.088376,0.293436,0.293436,0.293436,0.293436
17.107277,0.146140,-0.147518,-0.053052,0.093281,0.321833,0.321833,0.321833,0.321833
17.117809,0.149200,-0.142800,-0.048634,0.098124,0.353430,0.353430,0.353430,0.353430
17.127275,0.153416,-0.138075,-0.044197,0.102913,0.381824,0.381824,0.381824,0.381824
17.137806,0.159398,-0.133303,-0.039668,0.107163,0.413418,0.413418,0.413418,0.413418
17.147234,0.162746,-0.128743,-0.035639,0.110976,0.441700,0.441700,0.441700,0.441700
17.157772,0.165648,-0.124413,-0.032084,0.114500,0.473314,0.473314,0.473314,0.473314
17.167221,0.168656,-0.119768,-0.028253,0.118127,0.501665,0.501665,0.501665,0.501665
17.177757,0.172680,-0.112319,-0.022173,0.123046,0.533272,0.533272,0.533272,0.533272
17.187235,0.175345,-0.107876,-0.018726,0.126358,0.561706,0.561706,0.561706,0.561706
17.197762,0.177980,-0.103423,-0.015360,0.129577,0.593282,0.593282,0.593282,0.593282
17.207222,0.180206,-0.099366,-0.012350,0.132546,0.621663,0.621663,0.621663,0.621663
17.217749,0.182258,-0.095375,-0.009458,0.135559,0.653244,0.653244,0.653244,0.653244
17.228220,0.184773,-0.091091,-0.006061,0.139036,0.684663,0.684663,0.684663,0.684663
17.237732,0.187226,-0.087002,-0.002574,0.142333,0.713193,0.713193,0.713193,0.713193
17.247169,0.192190,-0.082478,0.001498,0.148270,0.741508,0.741508,0.741508,0.741508
17.257692,0.192927,-0.081945,0.002276,0.149271,0.773079,0.773079,0.773079,0.773079
17.268223,0.196184,-0.077454,0.006607,0.153017,0.804667,0.804667,0.804667,0.804667
17.277708,0.198630,-0.073163,0.010264,0.156316,0.833127,0.833127,0.833127,0.833127
17.288130,0.201002,-0.068860,0.013652,0.159616,0.864388,0.864388,0.864388,0.864388
17.297623,0.200032,-0.069637,0.012314,0.159273,0.892865,0.892865,0.892865,0.892865
17.308128,0.202534,-0.065018,0.015936,0.162568,0.924385,0.924385,0.924385,0.924385
17.317604,0.201339,-0.065885,0.014686,0.161981,0.952815,0.952815,0.952815,0.952815
17.328110,0.204175,-0.061106,0.018666,0.165505,0.984332,0.984332,0.984332,0.984332
17.337599,0.207293,-0.056093,0.023005,0.169151,1.012798,1.012798,1.012798,1.012798
17.348118,0.210625,-0.050873,0.027774,0.173081,1.044355,1.044355,1.044355,1.044355
17.357599,0.209402,-0.051909,0.026769,0.172290,1.072797,1.072797,1.072797,1.072797
17.368120,0.212356,-0.047064,0.030956,0.176025,1.104359,1.104359,1.104359,1.104359
17.377600,0.210195,-0.049032,0.028689,0.174546,1.132800,1.132800,1.132800,1.132800
17.388119,0.213166,-0.043924,0.032911,0.178244,1.164356,1.164356,1.164356,1.164356
17.397602,0.210804,-0.045593,0.030855,0.176603,1.192808,1.192808,1.192808,1.192808
17.408119,0.214034,-0.040289,0.035326,0.180602,1.224359,1.224359,1.224359,1.224359
17.417595,0.217393,-0.034902,0.039993,0.184720,1.252786,1.252786,1.252786,1.252786
17.428120,0.220796,-0.029583,0.044628,0.188825,1.284362,1.284362,1.284362,1.284362
17.437620,0.224186,-0.024370,0.049199,0.193042,1.312861,1.312861,1.312861,1.312861
17.448118,0.227347,-0.019308,0.053551,0.197054,1.344356,1.344356,1.344356,1.344356
17.457607,0.223970,-0.022218,0.050153,0.194415,1.372820,1.372820,1.372820,1.372820
17.468119,0.228137,-0.016136,0.055348,0.199141,1.404355,1.404355,1.404355,1.404355
17.477602,0.225073,-0.018714,0.052333,0.196361,1.432804,1.432804,1.432804,1.432804
17.488121,0.229193,-0.012749,0.057761,0.200957,1.464361,1.464361,1.464361,1.464361
17.497610,0.225611,-0.016079,0.054251,0.198018,1.492832,1.492832,1.492832,1.492832
17.508118,0.229506,-0.010603,0.059513,0.202777,1.524354,1.524354,1.524354,1.524354
17.517593,0.233579,-0.005275,0.064719,0.207645,1.552780,1.552780,1.552780,1.552780
17.528118,0.237500,-0.000109,0.069511,0.212236,1.584356,1.584356,1.584356,1.584356
17.537642,0.241476,0.004937,0.074051,0.216818,1.612926,1.612926,1.612926,1.612926
17.548178,0.244914,0.009549,0.078243,0.221053,1.644535,1.644535,1.644535,1.644535
17.557690,0.239389,0.004955,0.073059,0.216684,1.673071,1.673071,1.673071,1.673071
17.568224,0.243423,0.009780,0.077549,0.221526,1.704673,1.704673,1.704673,1.704673
17.577705,0.238675,0.005628,0.073223,0.217496,1.733119,1.733119,1.733119,1.733119
17.587172,0.244013,0.011391,0.078823,0.223171,1.761515,1.761515,1.761515,1.761515
17.597734,0.240641,0.008206,0.075901,0.219843,1.793203,1.793203,1.793203,1.793203
17.607224,0.245696,0.013287,0.081262,0.225076,1.821670,1.821670,1.821670,1.821670
17.617767,0.249916,0.017670,0.085469,0.229716,1.853302,1.853302,1.853302,1.853302
17.627224,0.253868,0.022227,0.089463,0.234085,1.881670,1.881670,1.881670,1.881670
17.637774,0.257649,0.026560,0.093190,0.238271,1.913322,1.913322,1.913322,1.913322
17.647282,0.261126,0.030657,0.096819,0.242324,1.941843,1.941843,1.941843,1.941843
17.657846,0.265270,0.035367,0.101112,0.247037,1.973538,1.973538,1.973538,1.973538
17.667328,0.267880,0.038834,0.103878,0.250503,2.001982,2.001982,2.001982,2.001982
17.677837,0.271255,0.042802,0.107323,0.254355,2.033509,2.033509,2.033509,2.033509
17.687336,0.273994,0.046257,0.110388,0.257804,2.062009,2.062009,2.062009,2.062009
17.697855,0.276024,0.049413,0.112940,0.260838,2.093563,2.093563,2.093563,2.093563
17.707333,0.278676,0.052891,0.115834,0.264153,2.121996,2.121996,2.121996,2.121996
17.717857,0.280827,0.055978,0.118566,0.267147,2.153572,2.153572,2.153572,2.153572
17.727331,0.284099,0.060019,0.122259,0.271129,2.181993,2.181993,2.181993,2.181993
17.737873,0.285860,0.062812,0.124634,0.273729,2.213617,2.213617,2.213617,2.213617
17.747334,0.287502,0.065576,0.126887,0.276246,2.242000,2.242000,2.242000,2.242000
17.757885,0.289031,0.068209,0.129017,0.278593,2.273654,2.273654,2.273654,2.273654
17.767380,0.290500,0.070874,0.131179,0.280813,2.302142,2.302142,2.302142,2.302142
17.777931,0.291618,0.073155,0.132885,0.282915,2.333792,2.333792,2.333792,2.333792
17.787382,0.292622,0.075403,0.134376,0.284930,2.362147,2.362147,2.362147,2.362147
17.797911,0.295721,0.079497,0.138122,0.288567,2.393732,2.393732,2.393732,2.393732
17.807381,0.296827,0.081636,0.140044,0.290534,2.422142,2.422142,2.422142,2.422142
17.817913,0.297762,0.083649,0.141760,0.292419,2.453740,2.453740,2.453740,2.453740
17.827381,0.299637,0.086320,0.144307,0.294818,2.482143,2.482143,2.482143,2.482143
17.837914,0.300256,0.088013,0.145850,0.296479,2.513738,2.513738,2.513738,2.513738
17.847391,0.302518,0.091182,0.148560,0.299444,2.542173,2.542173,2.542173,2.542173
17.857925,0.303174,0.092960,0.149861,0.300954,2.573777,2.573777,2.573777,2.573777
17.867340,0.305335,0.096054,0.152617,0.303882,2.602018,2.602018,2.602018,2.602018
17.877878,0.305950,0.097762,0.153850,0.305348,2.633637,2.633637,2.633637,2.633637
17.887283,0.306110,0.099125,0.154721,0.306498,2.661853,2.661853,2.661853,2.661853
17.897814,0.305830,0.100250,0.155238,0.307447,2.693440,2.693440,2.693440,2.693440
17.907284,0.306083,0.101849,0.156231,0.308698,2.721854,2.721854,2.721854,2.721854
17.917816,0.306269,0.103213,0.156980,0.309664,2.753449,2.753449,2.753449,2.753449
17.927275,0.306313,0.104381,0.157545,0.310547,2.781826,2.781826,2.781826,2.781826
17.937824,0.308429,0.107411,0.160216,0.313227,2.813471,2.813471,2.813471,2.813471
17.947273,0.309334,0.109023,0.161652,0.314583,2.841822,2.841822,2.841822,2.841822
17.957802,0.311406,0.111726,0.164103,0.317189,2.873406,2.873406,2.873406,2.873406
17.967274,0.311711,0.112993,0.164811,0.318115,2.901818,2.901818,2.901818,2.901818
17.977814,0.311875,0.114207,0.165390,0.318954,2.933442,2.933442,2.933442,2.933442
17.987272,0.311875,0.115275,0.165934,0.319713,2.961819,2.961819,2.961819,2.961819
17.997799,0.311848,0.116267,0.166502,0.320474,2.993399,2.993399,2.993399,2.993399
18.007336,0.311562,0.117081,0.166696,0.320965,2.977996,2.977996,2.977996,2.977996
18.017887,0.311008,0.117647,0.166641,0.321332,2.946341,2.946341,2.946341,2.946341
18.027382,0.312640,0.120183,0.168811,0.323553,2.917854,2.917854,2.917854,2.917854
18.037922,0.312132,0.120749,0.169249,0.324102,2.886234,2.886234,2.886234,2.886234
18.047382,0.313127,0.122720,0.170891,0.325987,2.857854,2.857854,2.857854,2.857854
18.057899,0.313463,0.123913,0.171720,0.326721,2.826299,2.826299,2.826299,2.826299
18.067383,0.314047,0.125315,0.172923,0.327438,2.797854,2.797854,2.797854,2.797854
18.077927,0.313861,0.126038,0.173425,0.327800,2.766220,2.766220,2.766220,2.766220
18.087381,0.313611,0.126804,0.173692,0.328145,2.737855,2.737855,2.737855,2.737855
18.097889,0.313341,0.127662,0.174007,0.328499,2.706334,2.706334,2.706334,2.706334
18.107357,0.313132,0.128348,0.174297,0.328870,2.677928,2.677928,2.677928,2.677928
18.117859,0.314493,0.130509,0.176000,0.330684,2.646425,2.646425,2.646425,2.646425
18.127335,0.313728,0.130775,0.175776,0.330767,2.617999,2.617999,2.617999,2.617999
18.137884,0.313759,0.131672,0.176348,0.331345,2.586347,2.586347,2.586347,2.586347
18.147335,0.313852,0.132397,0.176878,0.331911,2.557996,2.557996,2.557996,2.557996
18.157885,0.314193,0.133459,0.177732,0.332534,2.526344,2.526344,2.526344,2.526344
18.167381,0.314845,0.134593,0.178838,0.333288,2.497858,2.497858,2.497858,2.497858
18.177864,0.314395,0.134773,0.178795,0.333389,2.466410,2.466410,2.466410,2.466410
18.187328,0.315833,0.136852,0.180411,0.335140,2.438016,2.438016,2.438016,2.438016
18.197878,0.315433,0.137337,0.180574,0.335293,2.406365,2.406365,2.406365,2.406365
18.207327,0.315060,0.137689,0.180643,0.335481,2.378017,2.378017,2.378017,2.378017
18.217882,0.314689,0.138112,0.180815,0.335698,2.346356,2.346356,2.346356,2.346356
18.227333,0.314405,0.138512,0.180952,0.335978,2.318001,2.318001,2.318001,2.318001
18.237886,0.314092,0.138984,0.181087,0.336040,2.286343,2.286343,2.286343,2.286343
18.247387,0.313886,0.139473,0.181195,0.336132,2.257840,2.257840,2.257840,2.257840
18.257940,0.315325,0.141493,0.182842,0.337791,2.226177,2.226177,2.226177,2.226177
18.267443,0.314428,0.141536,0.182501,0.337607,2.197673,2.197673,2.197673,2.197673
18.277990,0.314076,0.141999,0.182623,0.337813,2.166027,2.166027,2.166027,2.166027
18.287443,0.313870,0.142476,0.182832,0.337936,2.137671,2.137671,2.137671,2.137671
18.297993,0.313434,0.142795,0.182902,0.337876,2.106019,2.106019,2.106019,2.106019
18.307444,0.314759,0.144591,0.184588,0.339591,2.077668,2.077668,2.077668,2.077668
18.317989,0.314339,0.144839,0.184649,0.339550,2.046029,2.046029,2.046029,2.046029
18.327488,0.315748,0.146748,0.186421,0.341280,2.017534,2.017534,2.017534,2.017534
18.338043,0.315357,0.146939,0.186477,0.341306,1.985872,1.985872,1.985872,1.985872
18.347490,0.315132,0.147106,0.186432,0.341360,1.957528,1.957528,1.957528,1.957528
18.358036,0.314742,0.147322,0.186532,0.341376,1.925890,1.925890,1.925890,1.925890
18.367498,0.314461,0.147534,0.186489,0.331603,1.897503,1.897503,1.897503,1.897503
18.378048,0.315944,0.149450,0.188188,0.333475,1.865854,1.865854,1.865854,1.865854
18.387539,0.315585,0.149707,0.188177,0.333665,1.837383,1.837383,1.837383,1.837383
18.398090,0.317045,0.151579,0.189861,0.335505,1.805728,1.805728,1.805728,1.805728
18.407597,0.316785,0.151874,0.190015,0.335643,1.777212,1.777212,1.777212,1.777212
18.418123,0.316303,0.151943,0.190008,0.335773,1.745629,1.745629,1.745629,1.745629
18.427633,0.305995,0.142314,0.180098,0.326135,1.717101,1.717101,1.717101,1.717101
18.438171,0.305858,0.142684,0.180296,0.326501,1.685484,1.685484,1.685484,1.685484
18.447693,0.305883,0.143185,0.180714,0.326949,1.656923,1.656923,1.656923,1.656923
18.458231,0.305673,0.143361,0.180923,0.327365,1.625307,1.625307,1.625307,1.625307
18.467741,0.304879,0.143130,0.180664,0.327565,1.596779,1.596779,1.596779,1.596779
18.478344,0.304193,0.143020,0.180256,0.327768,1.564966,1.564966,1.564966,1.564966
18.487879,0.294011,0.133486,0.170377,0.318337,1.536366,1.536366,1.536366,1.536366
18.497330,0.294777,0.134571,0.171474,0.318982,1.508009,1.508009,1.508009,1.508009
18.507862,0.286779,0.126276,0.163759,0.310797,1.476416,1.476416,1.476416,1.476416
18.517330,0.288548,0.128545,0.166388,0.312701,1.448011,1.448011,1.448011,1.448011
18.527857,0.288877,0.129653,0.167469,0.313029,1.416430,1.416430,1.416430,1.416430
18.537327,0.289029,0.130619,0.168492,0.313144,1.388018,1.388018,1.388018,1.388018
18.547859,0.288855,0.131618,0.169326,0.313131,1.356422,1.356422,1.356422,1.356422
18.557327,0.288521,0.132432,0.169924,0.312848,1.328019,1.328019,1.328019,1.328019
18.567854,0.287729,0.132735,0.169958,0.312285,1.296436,1.296436,1.296436,1.296436
18.577286,0.286711,0.132892,0.169701,0.311475,1.268140,1.268140,1.268140,1.268140
18.587862,0.287870,0.134988,0.171499,0.312328,1.236411,1.236411,1.236411,1.236411
18.597332,0.287052,0.135044,0.171563,0.311477,1.208005,1.208005,1.208005,1.208005
18.607891,0.286047,0.134870,0.171399,0.310543,1.176326,1.176326,1.176326,1.176326
18.617384,0.286046,0.135331,0.172065,0.310045,1.147849,1.147849,1.147849,1.147849
18.627939,0.285145,0.134884,0.171981,0.308993,1.116185,1.116185,1.116185,1.116185
18.637440,0.284976,0.135428,0.172451,0.308830,1.087683,1.087683,1.087683,1.087683
18.647991,0.283137,0.134386,0.171179,0.307056,1.056026,1.056026,1.056026,1.056026
18.657434,0.282573,0.134731,0.171333,0.306519,1.027696,1.027696,1.027696,1.027696
18.667974,0.280547,0.133591,0.169974,0.304449,0.996078,0.996078,0.996078,0.996078
18.677443,0.278441,0.132272,0.168520,0.302265,0.967673,0.967673,0.967673,0.967673
18.688002,0.275879,0.130540,0.166575,0.299771,0.935993,0.935993,0.935993,0.935993
18.697451,0.272906,0.128484,0.164279,0.297153,0.907650,0.907650,0.907650,0.907650
18.707964,0.270520,0.126913,0.162504,0.294852,0.876106,0.876106,0.876106,0.876106
18.717438,0.269437,0.126503,0.162028,0.293683,0.847684,0.847684,0.847684,0.847684
18.727991,0.266819,0.124398,0.159937,0.290938,0.816026,0.816026,0.816026,0.816026
18.737490,0.264441,0.122459,0.158010,0.288356,0.787529,0.787529,0.787529,0.787529
18.748037,0.263231,0.121724,0.157315,0.290174,0.755886,0.755886,0.755886,0.755886
18.757484,0.260596,0.119552,0.155126,0.287245,0.727546,0.727546,0.727546,0.727546
18.768023,0.257878,0.117186,0.152809,0.284198,0.695934,0.695934,0.695934,0.695934
18.777487,0.255109,0.114756,0.150528,0.281154,0.667542,0.667542,0.667542,0.667542
18.788021,0.252336,0.112139,0.148165,0.278146,0.635935,0.635935,0.635935,0.635935
18.797493,0.249220,0.109312,0.145548,0.274961,0.607520,0.607520,0.607520,0.607520
18.808046,0.245918,0.106317,0.142878,0.271785,0.575863,0.575863,0.575863,0.575863
18.817541,0.243541,0.103832,0.140769,0.268951,0.547376,0.547376,0.547376,0.547376
18.828096,0.241021,0.101064,0.138509,0.265910,0.515713,0.515713,0.515713,0.515713
18.837597,0.238610,0.098360,0.136143,0.262832,0.487208,0.487208,0.487208,0.487208
18.848120,0.236565,0.096021,0.134203,0.259894,0.455642,0.455642,0.455642,0.455642
18.857630,0.234003,0.093097,0.131741,0.256734,0.427109,0.427109,0.427109,0.427109
18.868172,0.230990,0.090007,0.128878,0.253370,0.395482,0.395482,0.395482,0.395482
18.877693,0.225869,0.083435,0.122744,0.247829,0.366920,0.366920,0.366920,0.366920
18.887173,0.223018,0.080425,0.119857,0.244527,0.338483,0.338483,0.338483,0.338483
18.897713,0.218431,0.074378,0.114372,0.239425,0.306860,0.306860,0.306860,0.306860
18.908182,0.215395,0.071158,0.111358,0.235877,0.275456,0.275456,0.275456,0.275456
18.917692,0.212023,0.067759,0.108172,0.232242,0.246923,0.246923,0.246923,0.246923
18.928179,0.209039,0.064656,0.105624,0.228913,0.215465,0.215465,0.215465,0.215465
18.937704,0.205054,0.059100,0.101174,0.224417,0.186885,0.186885,0.186885,0.186885
18.947176,0.203488,0.058171,0.100458,0.221818,0.158473,0.158473,0.158473,0.158473
18.957739,0.201032,0.053829,0.097402,0.217940,0.126786,0.126786,0.126786,0.126786
18.967224,0.198189,0.050559,0.094805,0.214079,0.098326,0.098326,0.098326,0.098326
18.977777,0.194597,0.047276,0.091845,0.210110,0.066669,0.066669,0.066669,0.066669
18.987280,0.191526,0.044015,0.088622,0.204723,0.038163,0.038163,0.038163,0.038163
18.997852,0.188015,0.040661,0.085209,0.199853,0.006442,0.006442,0.006442,0.006442
19.007399,0.183923,0.037139,0.081893,0.195012,-0.022195,-0.022195,-0.022195,-0.022195
19.017981,0.180375,0.033295,0.078463,0.190084,-0.053942,-0.053942,-0.053942,-0.053942
19.027485,0.177471,0.029735,0.076337,0.185911,-0.082452,-0.082452,-0.082452,-0.082452
19.038034,0.174694,0.026183,0.076004,0.182060,-0.114105,-0.114105,-0.114105,-0.114105
19.047531,0.171309,0.021018,0.070585,0.178362,-0.142593,-0.142593,-0.142593,-0.142593
19.057991,0.166679,0.014356,0.062495,0.173389,-0.173976,-0.173976,-0.173976,-0.173976
19.067516,0.163345,0.009945,0.057953,0.169581,-0.202547,-0.202547,-0.202547,-0.202547
19.078043,0.160751,0.005887,0.054071,0.165833,-0.234127,-0.234127,-0.234127,-0.234127
19.087498,0.158413,0.000393,0.050561,0.162176,-0.262493,-0.262493,-0.262493,-0.262493
19.098036,0.155714,-0.004022,0.047121,0.158466,-0.294106,-0.294106,-0.294106,-0.294106
19.107487,0.150929,-0.008927,0.043549,0.154678,-0.322458,-0.322458,-0.322458,-0.322458
19.118017,0.148341,-0.013298,0.040081,0.151104,-0.354054,-0.354054,-0.354054,-0.354054
19.127493,0.145706,-0.017578,0.036481,0.147476,-0.382480,-0.382480,-0.382480,-0.382480
19.138046,0.143191,-0.021836,0.032972,0.143973,-0.414140,-0.414140,-0.414140,-0.414140
19.147566,0.140792,-0.026006,0.029551,0.140503,-0.442695,-0.442695,-0.442695,-0.442695
19.158110,0.135321,-0.031697,0.024055,0.134222,-0.474331,-0.474331,-0.474331,-0.474331
19.167603,0.133128,-0.035781,0.020670,0.130944,-0.502805,-0.502805,-0.502805,-0.502805
19.178120,0.130921,-0.039924,0.017297,0.127661,-0.534358,-0.534358,-0.534358,-0.534358
19.187599,0.132449,-0.042061,0.016737,0.127983,-0.562796,-0.562796,-0.562796,-0.562796
19.198118,0.130324,-0.046268,0.013587,0.124830,-0.594353,-0.594353,-0.594353,-0.594353
19.207596,0.131801,-0.048498,0.013007,0.125216,-0.622785,-0.622785,-0.622785,-0.622785
19.218119,0.129085,-0.052978,0.009396,0.121585,-0.654355,-0.654355,-0.654355,-0.654355
19.227623,0.126311,-0.057376,0.005777,0.117926,-0.682870,-0.682870,-0.682870,-0.682870
19.238119,0.123804,-0.061517,0.002180,0.114339,-0.714358,-0.714358,-0.714358,-0.714358
19.247618,0.126035,-0.062776,0.002190,0.115321,-0.742855,-0.742855,-0.742855,-0.742855
19.258120,0.123527,-0.066887,-0.001062,0.111860,-0.774357,-0.774357,-0.774357,-0.774357
19.267597,0.126967,-0.067256,0.000546,0.113838,-0.802789,-0.802789,-0.802789,-0.802789
19.278118,0.124729,-0.071461,-0.002187,0.110699,-0.834356,-0.834356,-0.834356,-0.834356
19.287594,0.127826,-0.072350,-0.001278,0.112461,-0.862781,-0.862781,-0.862781,-0.862781
19.298128,0.123712,-0.077665,-0.006177,0.107673,-0.894384,-0.894384,-0.894384,-0.894384
19.307634,0.125944,-0.078597,-0.006231,0.109035,-0.922904,-0.922904,-0.922904,-0.922904
19.318119,0.122292,-0.083501,-0.010794,0.104679,-0.954356,-0.954356,-0.954356,-0.954356
19.327595,0.125143,-0.083769,-0.010119,0.106307,-0.982784,-0.982784,-0.982784,-0.982784
19.338118,0.121343,-0.088801,-0.014613,0.101836,-1.014355,-1.014355,-1.014355,-1.014355
19.347599,0.117404,-0.093902,-0.019216,0.097360,-1.042798,-1.042798,-1.042798,-1.042798
19.358118,0.113618,-0.098980,-0.023741,0.093089,-1.074356,-1.074356,-1.074356,-1.074356
19.367598,0.117102,-0.098756,-0.022268,0.095551,-1.102794,-1.102794,-1.102794,-1.102794
19.378119,0.113286,-0.103809,-0.026614,0.091126,-1.134356,-1.134356,-1.134356,-1.134356
19.387598,0.117108,-0.103285,-0.024783,0.094015,-1.162793,-1.162793,-1.162793,-1.162793
19.398119,0.112778,-0.108784,-0.029775,0.089213,-1.194357,-1.194357,-1.194357,-1.194357
19.407639,0.115597,-0.108620,-0.028913,0.091250,-1.222917,-1.222917,-1.222917,-1.222917
19.418175,0.110515,-0.113990,-0.034379,0.085722,-1.254525,-1.254525,-1.254525,-1.254525
19.427715,0.114361,-0.112691,-0.032305,0.088735,-1.283145,-1.283145,-1.283145,-1.283145
19.438225,0.109696,-0.118289,-0.037561,0.083517,-1.314675,-1.314675,-1.314675,-1.314675
19.447746,0.104963,-0.123898,-0.042793,0.078155,-1.343239,-1.343239,-1.343239,-1.343239
19.458233,0.100393,-0.129321,-0.047609,0.072986,-1.374701,-1.374701,-1.374701,-1.374701
19.467737,0.104893,-0.127755,-0.044559,0.076827,-1.403212,-1.403212,-1.403212,-1.403212
19.477171,0.100863,-0.133068,-0.049337,0.072092,-1.431515,-1.431515,-1.431515,-1.431515
19.487703,0.106497,-0.130917,-0.045601,0.076647,-1.463109,-1.463109,-1.463109,-1.463109
19.497171,0.101435,-0.137586,-0.051777,0.071087,-1.491515,-1.491515,-1.491515,-1.491515
19.507719,0.097539,-0.143323,-0.057205,0.066446,-1.523158,-1.523158,-1.523158,-1.523158
19.518194,0.093958,-0.148942,-0.062203,0.062021,-1.554584,-1.554584,-1.554584,-1.554584
19.527695,0.089967,-0.154947,-0.067537,0.057508,-1.583086,-1.583086,-1.583086,-1.583086
19.537174,0.086269,-0.160777,-0.072820,0.053285,-1.611524,-1.611524,-1.611524,-1.611524
19.547722,0.092202,-0.157722,-0.068498,0.058443,-1.643165,-1.643165,-1.643165,-1.643165
19.557173,0.088821,-0.163451,-0.073203,0.054534,-1.671520,-1.671520,-1.671520,-1.671520
19.567711,0.084444,-0.169788,-0.078803,0.049610,-1.703130,-1.703130,-1.703130,-1.703130
19.577169,0.081525,-0.175180,-0.083324,0.045950,-1.731509,-1.731509,-1.731509,-1.731509
19.587696,0.078731,-0.180314,-0.087448,0.042426,-1.763089,-1.763089,-1.763089,-1.763089
19.597179,0.076204,-0.185211,-0.091263,0.039165,-1.791537,-1.791537,-1.791537,-1.791537
19.607710,0.073612,-0.190247,-0.095216,0.035997,-1.823131,-1.823131,-1.823131,-1.823131
19.617174,0.070573,-0.195354,-0.099592,0.032503,-1.851521,-1.851521,-1.851521,-1.851521
19.627718,0.067820,-0.200071,-0.103593,0.029288,-1.883152,-1.883152,-1.883152,-1.883152
19.638226,0.064988,-0.204984,-0.107669,0.026069,-1.914674,-1.914674,-1.914674,-1.914674
19.647717,0.060521,-0.211097,-0.113218,0.021496,-1.943147,-1.943147,-1.943147,-1.943147
19.657171,0.058817,-0.214821,-0.116011,0.019138,-1.971515,-1.971515,-1.971515,-1.971515
19.667713,0.066801,-0.209852,-0.109428,0.026176,-2.003142,-2.003142,-2.003142,-2.003142
19.678223,0.065209,-0.213872,-0.112277,0.023749,-2.034668,-2.034668,-2.034668,-2.034668
19.687702,0.063512,-0.217913,-0.115390,0.021330,-2.063105,-2.063105,-2.063105,-2.063105
19.697172,0.060508,-0.222756,-0.119622,0.017753,-2.091515,-2.091515,-2.091515,-2.091515
19.707701,0.068475,-0.217616,-0.113460,0.024885,-2.123102,-2.123102,-2.123102,-2.123102
19.717171,0.066601,-0.221766,-0.116784,0.022469,-2.151515,-2.151515,-2.151515,-2.151515
19.727732,0.063007,-0.226918,-0.121478,0.018482,-2.183195,-2.183195,-2.183195,-2.183195
19.737232,0.061165,-0.230511,-0.124523,0.016009,-2.211696,-2.211696,-2.211696,-2.211696
19.747778,0.059933,-0.233774,-0.126802,0.013987,-2.243333,-2.243333,-2.243333,-2.243333
19.757223,0.057091,-0.238421,-0.130511,0.010685,-2.271672,-2.271672,-2.271672,-2.271672
19.767748,0.056094,-0.241693,-0.132622,0.009104,-2.303241,-2.303241,-2.303241,-2.303241
19.777227,0.055050,-0.245036,-0.134853,0.007463,-2.331682,-2.331682,-2.331682,-2.331682
19.787775,0.054081,-0.248217,-0.137251,0.004407,-2.363326,-2.363326,-2.363326,-2.363326
19.797224,0.053169,-0.251420,-0.139409,0.003043,-2.391669,-2.391669,-2.391669,-2.391669
19.807718,0.052223,-0.254506,-0.141444,0.001634,-2.423155,-2.423155,-2.423155,-2.423155
19.817175,0.051872,-0.257242,-0.143004,0.000524,-2.451523,-2.451523,-2.451523,-2.451523
19.827711,0.051926,-0.259752,-0.144106,-0.000334,-2.483131,-2.483131,-2.483131,-2.483131
19.837173,0.049538,-0.263977,-0.147318,-0.003078,-2.511519,-2.511519,-2.511519,-2.511519
19.847704,0.048893,-0.266629,-0.149179,-0.004187,-2.543112,-2.543112,-2.543112,-2.543112
19.858225,0.047949,-0.269470,-0.151246,-0.005407,-2.574674,-2.574674,-2.574674,-2.574674
19.867743,0.046498,-0.272593,-0.153895,-0.006857,-2.603226,-2.603226,-2.603226,-2.603226
19.877222,0.046144,-0.274875,-0.155523,-0.007620,-2.631668,-2.631668,-2.631668,-2.631668
19.887743,0.055285,-0.268290,-0.147646,0.001177,-2.663226,-2.663226,-2.663226,-2.663226
19.897175,0.054522,-0.271052,-0.149511,0.000053,-2.691524,-2.691524,-2.691524,-2.691524
19.907732,0.053873,-0.273607,-0.151320,-0.001138,-2.723197,-2.723197,-2.723197,-2.723197
19.917200,0.051810,-0.277275,-0.154370,-0.003680,-2.751602,-2.751602,-2.751602,-2.751602
19.927744,0.051380,-0.279535,-0.155708,-0.004602,-2.783232,-2.783232,-2.783232,-2.783232
19.938278,0.051084,-0.281777,-0.157046,-0.005420,-2.814832,-2.814832,-2.814832,-2.814832
19.947792,0.050849,-0.283928,-0.158311,-0.006193,-2.843374,-2.843374,-2.843374,-2.843374
19.958284,0.050598,-0.286042,-0.159495,-0.007024,-2.874855,-2.874855,-2.874855,-2.874855
19.967781,0.050469,-0.287970,-0.160585,-0.007771,-2.903346,-2.903346,-2.903346,-2.903346
19.978277,0.050528,-0.289708,-0.161584,-0.008254,-2.934829,-2.934829,-2.934829,-2.934829
19.988831,0.048444,-0.293147,-0.164497,-0.010567,-2.966492,-2.966492,-2.966492,-2.966492
19.998329,0.048057,-0.295241,-0.166128,-0.011292,-2.994985,-2.994985,-2.994985,-2.994985
20.008940,0.045970,-0.298639,-0.168990,-0.013466,-2.973178,-2.973178,-2.973178,-2.973178
20.018438,0.045997,-0.300501,-0.170151,-0.013983,-2.944687,-2.944687,-2.944687,-2.944687
20.028976,0.046002,-0.302170,-0.170909,-0.014488,-2.913070,-2.913070,-2.913070,-2.913070
20.038439,0.045997,-0.303781,-0.171623,-0.014855,-2.884686,-2.884686,-2.884686,-2.884686
20.048983,0.044587,-0.306671,-0.173910,-0.016654,-2.853050,-2.853050,-2.853050,-2.853050
20.058437,0.045493,-0.307753,-0.173849,-0.016540,-2.824689,-2.824689,-2.824689,-2.824689
20.068981,0.045895,-0.309357,-0.174447,-0.016661,-2.793055,-2.793055,-2.793055,-2.793055
20.078432,0.044730,-0.312121,-0.176643,-0.018351,-2.764704,-2.764704,-2.764704,-2.764704
20.088982,0.045492,-0.313155,-0.176767,-0.018176,-2.733055,-2.733055,-2.733055,-2.733055
20.098438,0.045787,-0.314494,-0.177348,-0.018244,-2.704686,-2.704686,-2.704686,-2.704686
20.108986,0.044403,-0.317113,-0.179526,-0.019984,-2.673045,-2.673045,-2.673045,-2.673045
20.118441,0.044556,-0.318438,-0.180246,-0.020060,-2.644680,-2.644680,-2.644680,-2.644680
20.128996,0.044681,-0.319711,-0.180920,-0.020058,-2.613011,-2.613011,-2.613011,-2.613011
20.138489,0.044885,-0.321004,-0.181612,-0.020079,-2.584536,-2.584536,-2.584536,-2.584536
20.149042,0.045195,-0.322145,-0.182179,-0.020122,-2.552876,-2.552876,-2.552876,-2.552876
20.158541,0.043832,-0.324685,-0.184328,-0.021913,-2.524381,-2.524381,-2.524381,-2.524381
20.169085,0.044182,-0.325686,-0.184821,-0.021971,-2.492746,-2.492746,-2.492746,-2.492746
20.178537,0.044546,-0.326624,-0.185183,-0.021971,-2.464390,-2.464390,-2.464390,-2.464390
20.189085,0.045209,-0.327419,-0.185323,-0.021825,-2.432745,-2.432745,-2.432745,-2.432745
20.198540,0.055978,-0.318493,-0.175497,-0.011828,-2.404379,-2.404379,-2.404379,-2.404379
20.209059,0.054331,-0.321355,-0.177828,-0.013654,-2.372823,-2.372823,-2.372823,-2.372823
20.218498,0.064163,-0.313069,-0.169170,-0.004213,-2.344505,-2.344505,-2.344505,-2.344505
20.229063,0.063794,-0.314491,-0.170296,-0.004868,-2.312809,-2.312809,-2.312809,-2.312809
20.238550,0.063316,-0.315974,-0.171636,-0.005508,-2.284350,-2.284350,-2.284350,-2.284350
20.249107,0.063083,-0.317251,-0.172875,-0.006203,-2.252675,-2.252675,-2.252675,-2.252675
20.258612,0.062732,-0.318423,-0.173995,-0.006939,-2.224163,-2.224163,-2.224163,-2.224163
20.269121,0.062358,-0.319685,-0.175203,-0.007561,-2.192638,-2.192638,-2.192638,-2.192638
20.278633,0.071558,-0.311536,-0.166989,0.001495,-2.164102,-2.164102,-2.164102,-2.164102
20.289173,0.070567,-0.313248,-0.168663,0.000495,-2.132481,-2.132481,-2.132481,-2.132481
20.298698,0.078516,-0.305816,-0.161473,0.008583,-2.103902,-2.103902,-2.103902,-2.103902
20.308178,0.077035,-0.307677,-0.163556,0.007101,-2.075465,-2.075465,-2.075465,-2.075465
20.318727,0.085056,-0.300293,-0.156366,0.014943,-2.043816,-2.043816,-2.043816,-2.043816
20.328173,0.081518,-0.304029,-0.160516,0.011420,-2.015482,-2.015482,-2.015482,-2.015482
20.338701,0.080615,-0.305239,-0.161808,0.010341,-1.983897,-1.983897,-1.983897,-1.983897
20.348173,0.079558,-0.306918,-0.163130,0.009201,-1.955483,-1.955483,-1.955483,-1.955483
20.358723,0.078240,-0.308777,-0.164771,0.007951,-1.923832,-1.923832,-1.923832,-1.923832
20.369228,0.077074,-0.310622,-0.166480,0.006751,-1.892315,-1.892315,-1.892315,-1.892315
20.378700,0.075903,-0.312231,-0.168112,0.005476,-1.863900,-1.863900,-1.863900,-1.863900
20.389225,0.074822,-0.313772,-0.169698,0.004332,-1.832325,-1.832325,-1.832325,-1.832325
20.398718,0.073971,-0.315210,-0.171141,0.003343,-1.803844,-1.803844,-1.803844,-1.803844
20.409227,0.074119,-0.316082,-0.171550,0.002824,-1.772318,-1.772318,-1.772318,-1.772318
20.418751,0.083793,-0.307840,-0.162620,0.011878,-1.743750,-1.743750,-1.743750,-1.743750
20.428223,0.082204,-0.310015,-0.164872,0.010365,-1.715331,-1.715331,-1.715331,-1.715331
20.438770,0.089334,-0.303000,-0.158623,0.017787,-1.683689,-1.683689,-1.683689,-1.683689
20.448227,0.087828,-0.304765,-0.160792,0.016098,-1.655319,-1.655319,-1.655319,-1.655319
20.458782,0.086387,-0.306604,-0.162660,0.014498,-1.623652,-1.623652,-1.623652,-1.623652
20.468273,0.083485,-0.309791,-0.165757,0.011640,-1.595179,-1.595179,-1.595179,-1.595179
20.478800,0.081954,-0.311512,-0.167526,0.010250,-1.563599,-1.563599,-1.563599,-1.563599
20.488279,0.080551,-0.313143,-0.169220,0.008923,-1.535160,-1.535160,-1.535160,-1.535160
20.498920,0.079336,-0.314558,-0.170915,0.007669,-1.503239,-1.503239,-1.503239,-1.503239
20.508385,0.078254,-0.315678,-0.172440,0.006429,-1.474847,-1.474847,-1.474847,-1.474847
20.518938,0.077274,-0.316425,-0.173697,0.005284,-1.443184,-1.443184,-1.443184,-1.443184
20.528399,0.074759,-0.318501,-0.176360,0.002779,-1.414805,-1.414805,-1.414805,-1.414805
20.538940,0.073961,-0.318930,-0.177414,0.001869,-1.383176,-1.383176,-1.383176,-1.383176
20.548386,0.072853,-0.319422,-0.178746,0.000759,-1.354844,-1.354844,-1.354844,-1.354844
20.558908,0.071121,-0.319896,-0.180433,-0.000651,-1.323273,-1.323273,-1.323273,-1.323273
20.568388,0.070236,-0.319497,-0.180954,-0.001627,-1.294837,-1.294837,-1.294837,-1.294837
20.578924,0.069384,-0.319040,-0.181063,-0.002511,-1.263227,-1.263227,-1.263227,-1.263227
20.588387,0.068645,-0.318552,-0.181105,-0.003305,-1.234842,-1.234842,-1.234842,-1.234842
20.598911,0.068009,-0.317766,-0.180984,-0.004050,-1.203269,-1.203269,-1.203269,-1.203269
20.608387,0.067311,-0.316912,-0.180651,-0.004580,-1.174839,-1.174839,-1.174839,-1.174839
20.618917,0.066698,-0.315800,-0.180075,-0.004883,-1.143249,-1.143249,-1.143249,-1.143249
20.628382,0.064675,-0.315952,-0.180791,-0.006566,-1.114852,-1.114852,-1.114852,-1.114852
20.638840,0.064095,-0.314928,-0.180239,-0.006594,-1.083480,-1.083480,-1.083480,-1.083480
20.648195,0.064031,-0.313464,-0.179241,-0.006275,-1.055414,-1.055414,-1.055414,-1.055414
20.658714,0.062826,-0.312871,-0.179161,-0.007305,-1.023854,-1.023854,-1.023854,-1.023854
20.669170,0.062488,-0.311566,-0.178364,-0.007063,-0.992487,-0.992487,-0.992487,-0.992487
20.678686,0.062417,-0.309782,-0.177475,-0.006569,-0.963940,-0.963940,-0.963940,-0.963940
20.689171,0.063109,-0.307432,-0.175701,-0.005589,-0.932488,-0.932488,-0.932488,-0.932488
20.698689,0.072124,-0.299691,-0.167244,0.003224,-0.903935,-0.903935,-0.903935,-0.903935
20.708199,0.071374,-0.298777,-0.166817,0.002784,-0.875405,-0.875405,-0.875405,-0.875405
20.718708,0.080070,-0.291488,-0.159014,0.011172,-0.843879,-0.843879,-0.843879,-0.843879
20.728172,0.081099,-0.289054,-0.157124,0.012279,-0.815484,-0.815484,-0.815484,-0.815484
20.738705,0.080855,-0.287744,-0.156286,0.012158,-0.783888,-0.783888,-0.783888,-0.783888
20.748171,0.081535,-0.285573,-0.154451,0.013286,-0.755486,-0.755486,-0.755486,-0.755486
20.758722,0.082495,-0.283099,-0.152582,0.014526,-0.723834,-0.723834,-0.723834,-0.723834
20.769211,0.083389,-0.280583,-0.150813,0.015665,-0.692368,-0.692368,-0.692368,-0.692368
20.778738,0.083927,-0.278251,-0.149392,0.016713,-0.663788,-0.663788,-0.663788,-0.663788
20.788225,0.084989,-0.275388,-0.147403,0.018261,-0.635326,-0.635326,-0.635326,-0.635326
20.798769,0.092665,-0.268690,-0.140616,0.025580,-0.603690,-0.603690,-0.603690,-0.603690
20.808228,0.093989,-0.265843,-0.138410,0.027084,-0.575315,-0.575315,-0.575315,-0.575315
20.818752,0.093909,-0.266222,-0.140191,0.027393,-0.543742,-0.543742,-0.543742,-0.543742
20.828224,0.095323,-0.263260,-0.137806,0.029168,-0.515325,-0.515325,-0.515325,-0.515325
20.838753,0.097208,-0.259874,-0.134972,0.031194,-0.483744,-0.483744,-0.483744,-0.483744
20.848225,0.098369,-0.258827,-0.135124,0.032370,-0.455326,-0.455326,-0.455326,-0.455326
20.858768,0.100705,-0.255305,-0.131691,0.034722,-0.423696,-0.423696,-0.423696,-0.423696
20.868223,0.102499,-0.252082,-0.128926,0.036860,-0.395330,-0.395330,-0.395330,-0.395330
20.878750,0.103223,-0.250827,-0.129157,0.034957,-0.363748,-0.363748,-0.363748,-0.363748
20.888172,0.105174,-0.247165,-0.126295,0.037303,-0.335484,-0.335484,-0.335484,-0.335484
20.898668,0.107267,-0.243369,-0.123243,0.039730,-0.303995,-0.303995,-0.303995,-0.303995
20.909174,0.109511,-0.239560,-0.119989,0.042300,-0.272479,-0.272479,-0.272479,-0.272479
20.918661,0.111573,-0.235856,-0.116824,0.044820,-0.244019,-0.244019,-0.244019,-0.244019
20.929173,0.110016,-0.233369,-0.115691,0.044177,-0.212480,-0.212480,-0.212480,-0.212480
20.938688,0.115620,-0.228099,-0.110500,0.049806,-0.183933,-0.183933,-0.183933,-0.183933
20.948174,0.117812,-0.223819,-0.107271,0.052513,-0.155479,-0.155479,-0.155479,-0.155479
20.958717,0.119886,-0.219512,-0.104236,0.055205,-0.123851,-0.123851,-0.123851,-0.123851
20.968174,0.121999,-0.215030,-0.101069,0.057939,-0.095478,-0.095478,-0.095478,-0.095478
20.978729,0.124128,-0.210420,-0.097746,0.060606,-0.063813,-0.063813,-0.063813,-0.063813
20.988222,0.126177,-0.205201,-0.094200,0.063274,-0.035336,-0.035336,-0.035336,-0.035336
20.998766,0.128303,-0.200053,-0.090611,0.065968,-0.003700,-0.003700,-0.003700,-0.003700
21.008280,0.128398,-0.192978,-0.087496,0.066978,0.024841,0.024841,0.024841,0.024841
21.018829,0.131401,-0.185642,-0.083084,0.070140,0.056490,0.056490,0.056490,0.056490
21.028337,0.134061,-0.182056,-0.078548,0.073376,0.085010,0.085010,0.085010,0.085010
21.038887,0.136340,-0.177120,-0.073603,0.076226,0.116662,0.116662,0.116662,0.116662
21.048365,0.138521,-0.172526,-0.068968,0.079481,0.145096,0.145096,0.145096,0.145096
21.058916,0.139687,-0.166610,-0.063625,0.081814,0.176750,0.176750,0.176750,0.176750
21.068388,0.142611,-0.161817,-0.059771,0.085301,0.205166,0.205166,0.205166,0.205166
21.078936,0.146233,-0.156484,-0.053075,0.088876,0.236807,0.236807,0.236807,0.236807
21.088383,0.149203,-0.150800,-0.047814,0.092761,0.265147,0.265147,0.265147,0.265147
21.098940,0.149575,-0.146353,-0.043770,0.094678,0.296821,0.296821,0.296821,0.296821
21.108389,0.155301,-0.141846,-0.040062,0.102271,0.325170,0.325170,0.325170,0.325170
21.118942,0.159455,-0.137423,-0.036199,0.103072,0.356829,0.356829,0.356829,0.356829
21.128345,0.163813,-0.131168,-0.031236,0.106960,0.385034,0.385034,0.385034,0.385034
21.138889,0.165749,-0.126215,-0.026991,0.110676,0.416667,0.416667,0.416667,0.416667
21.148384,0.168726,-0.121622,-0.023098,0.114541,0.445153,0.445153,0.445153,0.445153
21.158930,0.171593,-0.117215,-0.019473,0.118347,0.476788,0.476788,0.476788,0.476788
21.168388,0.174339,-0.112828,-0.015963,0.121940,0.505164,0.505164,0.505164,0.505164
21.178936,0.178015,-0.105654,-0.010121,0.126779,0.536806,0.536806,0.536806,0.536806
21.188437,0.180018,-0.101813,-0.007386,0.129775,0.565309,0.565309,0.565309,0.565309
21.198986,0.181911,-0.097853,-0.004648,0.132756,0.596955,0.596955,0.596955,0.596955
21.208387,0.184442,-0.093428,-0.001148,0.136183,0.625163,0.625163,0.625163,0.625163
21.218924,0.186976,-0.089183,0.002413,0.139570,0.656770,0.656770,0.656770,0.656770
21.228382,0.191543,-0.084749,0.009061,0.145163,0.685146,0.685146,0.685146,0.685146
21.238924,0.194310,-0.080427,0.012547,0.148604,0.716772,0.716772,0.716772,0.716772
21.248379,0.196925,-0.076242,0.015970,0.151839,0.745137,0.745137,0.745137,0.745137
21.258917,0.199121,-0.072195,0.019244,0.154956,0.776750,0.776750,0.776750,0.776750
21.268385,0.201401,-0.068036,0.022475,0.158138,0.805155,0.805155,0.805155,0.805155
21.278927,0.206687,-0.063522,0.026018,0.164379,0.836781,0.836781,0.836781,0.836781
21.288380,0.208788,-0.059374,0.029048,0.167190,0.865139,0.865139,0.865139,0.865139
21.298925,0.210500,-0.055571,0.031694,0.169910,0.896774,0.896774,0.896774,0.896774
21.308380,0.212310,-0.051598,0.034590,0.172827,0.925138,0.925138,0.925138,0.925138
21.318907,0.215099,-0.047004,0.038333,0.176260,0.956722,0.956722,0.956722,0.956722
21.328339,0.218177,-0.042219,0.042351,0.179818,0.985019,0.985019,0.985019,0.985019
21.338894,0.220198,-0.038383,0.045305,0.182644,1.016684,1.016684,1.016684,1.016684
21.348381,0.222038,-0.034628,0.048152,0.185389,1.045144,1.045144,1.045144,1.045144
21.358931,0.223863,-0.030668,0.051040,0.188072,1.076791,1.076791,1.076791,1.076791
21.368385,0.225792,-0.026517,0.054162,0.190884,1.105155,1.105155,1.105155,1.105155
21.378935,0.227815,-0.022425,0.057267,0.193715,1.136806,1.136806,1.136806,1.136806
21.388439,0.229954,-0.018273,0.060463,0.196543,1.165318,1.165318,1.165318,1.165318
21.398941,0.231976,-0.014087,0.063726,0.199407,1.196826,1.196826,1.196826,1.196826
21.408388,0.234700,-0.009374,0.067558,0.202856,1.225167,1.225167,1.225167,1.225167
21.418962,0.236321,-0.005600,0.070237,0.205492,1.256886,1.256886,1.256886,1.256886
21.428432,0.238366,-0.001222,0.073649,0.208487,1.285295,1.285295,1.285295,1.285295
21.438986,0.240270,0.002854,0.076873,0.211349,1.316957,1.316957,1.316957,1.316957
21.448439,0.242167,0.006932,0.079966,0.214115,1.345315,1.345315,1.345315,1.345315
21.458986,0.245359,0.012083,0.084412,0.217975,1.376956,1.376956,1.376956,1.376956
21.468472,0.247543,0.016312,0.087844,0.220858,1.405412,1.405412,1.405412,1.405412
21.479017,0.249709,0.020514,0.091305,0.223915,1.437050,1.437050,1.437050,1.437050
21.488489,0.252729,0.025617,0.095739,0.227868,1.465465,1.465465,1.465465,1.465465
21.499025,0.254815,0.029776,0.098967,0.230812,1.497075,1.497075,1.497075,1.497075
21.508482,0.257044,0.033878,0.102282,0.233797,1.525446,1.525446,1.525446,1.525446
21.518997,0.259322,0.037872,0.105830,0.236900,1.556989,1.556989,1.556989,1.556989
21.528461,0.261506,0.041689,0.109404,0.240077,1.585385,1.585385,1.585385,1.585385
21.538961,0.264944,0.046447,0.113879,0.244296,1.616883,1.616883,1.616883,1.616883
21.548409,0.267795,0.050283,0.117400,0.247821,1.645226,1.645226,1.645226,1.645226
21.558964,0.270244,0.053811,0.120501,0.251074,1.676889,1.676889,1.676889,1.676889
21.568441,0.272250,0.056948,0.123045,0.254114,1.705322,1.705322,1.705322,1.705322
21.578962,0.274618,0.060155,0.125759,0.257384,1.736885,1.736885,1.736885,1.736885
21.589481,0.278061,0.064206,0.129427,0.261543,1.768445,1.768445,1.768445,1.768445
21.598974,0.280428,0.067188,0.131956,0.264627,1.796923,1.796923,1.796923,1.796923
21.609484,0.283869,0.071186,0.135544,0.268610,1.828451,1.828451,1.828451,1.828451
21.620029,0.285829,0.073887,0.137918,0.271449,1.860089,1.860089,1.860089,1.860089
21.629553,0.287693,0.076611,0.141444,0.275287,1.888658,1.888658,1.888658,1.888658
21.640099,0.289073,0.078841,0.143085,0.277588,1.920298,1.920298,1.920298,1.920298
21.649534,0.280177,0.071253,0.134766,0.270216,1.948605,1.948605,1.948605,1.948605
21.660076,0.281847,0.073915,0.136863,0.272837,1.980227,1.980227,1.980227,1.980227
21.669542,0.283638,0.076518,0.139041,0.275397,2.008626,2.008626,2.008626,2.008626
21.680120,0.285030,0.078859,0.140935,0.277688,2.040364,2.040364,2.040364,2.040364
21.689615,0.277200,0.072054,0.133778,0.270899,2.068844,2.068844,2.068844,2.068844
21.700119,0.279043,0.074660,0.135874,0.273498,2.100358,2.100358,2.100358,2.100358
21.709608,0.271923,0.068181,0.128777,0.266936,2.128827,2.128827,2.128827,2.128827
21.720119,0.275477,0.072163,0.132471,0.270780,2.160360,2.160360,2.160360,2.160360
21.729605,0.268493,0.065904,0.125773,0.264312,2.188817,2.188817,2.188817,2.188817
21.740118,0.271007,0.068912,0.128481,0.267219,2.220354,2.220354,2.220354,2.220354
21.749601,0.264319,0.062690,0.122074,0.261004,2.248803,2.248803,2.248803,2.248803
21.760122,0.267030,0.065699,0.125050,0.264140,2.280367,2.280367,2.280367,2.280367
21.769621,0.269733,0.068637,0.127968,0.267303,2.308862,2.308862,2.308862,2.308862
21.780121,0.272306,0.071415,0.130548,0.270319,2.340362,2.340362,2.340362,2.340362
21.789612,0.274789,0.074182,0.133042,0.273205,2.368838,2.368838,2.368838,2.368838
21.800137,0.277150,0.076895,0.135585,0.275999,2.400411,2.400411,2.400411,2.400411
21.809608,0.270005,0.070307,0.128635,0.269382,2.428823,2.428823,2.428823,2.428823
21.820120,0.272224,0.072969,0.130941,0.272138,2.460358,2.460358,2.460358,2.460358
21.829575,0.265581,0.066550,0.124210,0.265846,2.488724,2.488724,2.488724,2.488724
21.840103,0.268245,0.069535,0.127130,0.268890,2.520309,2.520309,2.520309,2.520309
21.849611,0.261624,0.063310,0.120953,0.262772,2.548836,2.548836,2.548836,2.548836
21.860123,0.264598,0.066380,0.123984,0.265952,2.580368,2.580368,2.580368,2.580368
21.869625,0.258404,0.060352,0.118023,0.260008,2.608873,2.608873,2.608873,2.608873
21.880177,0.262578,0.064667,0.122330,0.264394,2.640529,2.640529,2.640529,2.640529
21.889702,0.256496,0.058724,0.116334,0.258585,2.669103,2.669103,2.669103,2.669103
21.899172,0.259912,0.062136,0.119721,0.262068,2.697518,2.697518,2.697518,2.697518
21.909702,0.254493,0.056629,0.114234,0.256538,2.729109,2.729109,2.729109,2.729109
21.919174,0.257857,0.059934,0.117534,0.259995,2.757524,2.757524,2.757524,2.757524
21.929686,0.262202,0.063179,0.121755,0.264435,2.789057,2.789057,2.789057,2.789057
21.939171,0.265301,0.066426,0.124820,0.267565,2.817513,2.817513,2.817513,2.817513
21.949701,0.269276,0.070560,0.129000,0.271762,2.849105,2.849105,2.849105,2.849105
21.959183,0.271891,0.073425,0.131746,0.274707,2.877547,2.877547,2.877547,2.877547
21.969696,0.274385,0.076297,0.134359,0.277494,2.909088,2.909088,2.909088,2.909088
21.979170,0.276535,0.078767,0.136426,0.279966,2.937512,2.937512,2.937512,2.937512
21.989719,0.278428,0.081126,0.138174,0.282230,2.969157,2.969157,2.969157,2.969157
21.999172,0.282164,0.085313,0.142112,0.286111,2.997515,2.997515,2.997515,2.997515
22.009783,0.284073,0.087596,0.144313,0.288369,2.970654,2.970654,2.970654,2.970654
22.019274,0.285891,0.089845,0.146429,0.290601,2.942179,2.942179,2.942179,2.942179
22.029814,0.288606,0.092825,0.149418,0.293325,2.910557,2.910557,2.910557,2.910557
22.039286,0.290013,0.094624,0.151172,0.295224,2.882146,2.882146,2.882146,2.882146
22.049847,0.292862,0.097854,0.154165,0.298478,2.850461,2.850461,2.850461,2.850461
22.059298,0.294386,0.099919,0.155752,0.300220,2.822107,2.822107,2.822107,2.822107
22.069811,0.297155,0.103170,0.158683,0.303263,2.790568,2.790568,2.790568,2.790568
22.079279,0.298247,0.104920,0.160102,0.304723,2.762164,2.762164,2.762164,2.762164
22.089806,0.298925,0.106363,0.161202,0.306083,2.730584,2.730584,2.730584,2.730584
22.099283,0.298974,0.107286,0.161646,0.307135,2.702151,2.702151,2.702151,2.702151
22.109831,0.299233,0.108599,0.162460,0.308338,2.670509,2.670509,2.670509,2.670509
22.119328,0.301743,0.111650,0.165099,0.311160,2.642017,2.642017,2.642017,2.642017
22.129875,0.302424,0.113107,0.166150,0.312284,2.610373,2.610373,2.610373,2.610373
22.139301,0.304622,0.115993,0.168663,0.314862,2.582097,2.582097,2.582097,2.582097
22.149853,0.307039,0.118644,0.171193,0.316866,2.550442,2.550442,2.550442,2.550442
22.159327,0.308701,0.120431,0.173091,0.318431,2.522021,2.522021,2.522021,2.522021
22.169872,0.309252,0.121411,0.173717,0.319330,2.490384,2.490384,2.490384,2.490384
22.179337,0.309712,0.122542,0.174227,0.320169,2.461988,2.461988,2.461988,2.461988
22.189850,0.311748,0.125215,0.176472,0.322532,2.430452,2.430452,2.430452,2.430452
22.199306,0.312043,0.126179,0.177084,0.323310,2.402082,2.402082,2.402082,2.402082
22.209845,0.312019,0.126999,0.177522,0.323988,2.370464,2.370464,2.370464,2.370464
22.219330,0.311780,0.127590,0.177803,0.324628,2.342010,2.342010,2.342010,2.342010
22.229872,0.312543,0.128824,0.178781,0.325758,2.310385,2.310385,2.310385,2.310385
22.239338,0.314755,0.131367,0.181154,0.328192,2.281986,2.281986,2.281986,2.281986
22.249895,0.314498,0.131941,0.181340,0.328607,2.250316,2.250316,2.250316,2.250316
22.259380,0.316196,0.134204,0.183360,0.330833,2.221859,2.221859,2.221859,2.221859
22.269939,0.316226,0.135027,0.183936,0.331432,2.190183,2.190183,2.190183,2.190183
22.279432,0.316313,0.135752,0.184253,0.331910,2.161702,2.161702,2.161702,2.161702
22.289976,0.318005,0.138005,0.186160,0.333973,2.130069,2.130069,2.130069,2.130069
22.299433,0.317978,0.138733,0.186344,0.334292,2.101702,2.101702,2.101702,2.101702
22.309982,0.317919,0.139459,0.186625,0.334656,2.070051,2.070051,2.070051,2.070051
22.319408,0.317769,0.140172,0.186928,0.334985,2.041775,2.041775,2.041775,2.041775
22.329969,0.317909,0.140899,0.187339,0.335412,2.010089,2.010089,2.010089,2.010089
22.339436,0.320035,0.143378,0.189575,0.337536,1.981692,1.981692,1.981692,1.981692
22.349985,0.320054,0.143982,0.190019,0.337872,1.950045,1.950045,1.950045,1.950045
22.359434,0.321489,0.145962,0.191801,0.339705,1.921696,1.921696,1.921696,1.921696
22.369961,0.322681,0.147495,0.193393,0.340686,1.890117,1.890117,1.890117,1.890117
22.379433,0.323225,0.148224,0.194200,0.341314,1.861703,1.861703,1.861703,1.861703
22.389973,0.322998,0.148439,0.194150,0.341479,1.830080,1.830080,1.830080,1.830080
22.399439,0.322584,0.148682,0.193964,0.341502,1.801684,1.801684,1.801684,1.801684
22.409971,0.323961,0.150576,0.195600,0.343280,1.770084,1.770084,1.770084,1.770084
22.419436,0.323609,0.150910,0.195521,0.343273,1.741693,1.741693,1.741693,1.741693
22.430000,0.323324,0.151201,0.195485,0.343328,1.710002,1.710002,1.710002,1.710002
22.439487,0.322646,0.151230,0.195235,0.343163,1.681539,1.681539,1.681539,1.681539
22.450037,0.321780,0.151163,0.194808,0.343003,1.649887,1.649887,1.649887,1.649887
22.459486,0.321939,0.151952,0.195247,0.343367,1.621539,1.621539,1.621539,1.621539
22.470018,0.321838,0.152360,0.195415,0.343484,1.589948,1.589948,1.589948,1.589948
22.479490,0.321077,0.152440,0.195091,0.344744,1.561531,1.561531,1.561531,1.561531
22.490055,0.320478,0.152625,0.195035,0.344474,1.529837,1.529837,1.529837,1.529837
22.499542,0.321382,0.154431,0.196662,0.345580,1.501372,1.501372,1.501372,1.501372
22.510080,0.320623,0.154672,0.196636,0.344839,1.469760,1.469760,1.469760,1.469760
22.519545,0.319651,0.155017,0.196668,0.335157,1.441367,1.441367,1.441367,1.441367
22.530088,0.320209,0.156915,0.198197,0.336041,1.409734,1.409734,1.409734,1.409734
22.539539,0.318953,0.147651,0.188589,0.326615,1.381384,1.381384,1.381384,1.381384
22.550089,0.317550,0.148060,0.188507,0.325816,1.349733,1.349733,1.349733,1.349733
22.559546,0.307484,0.138714,0.178949,0.316737,1.321363,1.321363,1.321363,1.321363
22.570103,0.305397,0.138598,0.178025,0.315456,1.289691,1.289691,1.289691,1.289691
22.579607,0.295391,0.129467,0.168410,0.306506,1.261181,1.261181,1.261181,1.261181
22.590120,0.294221,0.129946,0.168504,0.305878,1.229639,1.229639,1.229639,1.229639
22.599623,0.293896,0.130823,0.169309,0.305675,1.201133,1.201133,1.201133,1.201133
22.610121,0.293392,0.131300,0.170044,0.305314,1.169637,1.169637,1.169637,1.169637
22.619625,0.285747,0.123184,0.162312,0.297700,1.141126,1.141126,1.141126,1.141126
22.630171,0.284703,0.123078,0.162051,0.296727,1.109486,1.109486,1.109486,1.109486
22.639688,0.276957,0.115093,0.154290,0.289281,1.080932,1.080932,1.080932,1.080932
22.649176,0.277285,0.116356,0.155449,0.289713,1.052474,1.052474,1.052474,1.052474
22.659729,0.269948,0.108750,0.148209,0.282668,1.020814,1.020814,1.020814,1.020814
22.669224,0.269021,0.108628,0.148253,0.281861,0.992328,0.992328,0.992328,0.992328
22.679775,0.268213,0.108429,0.148229,0.281042,0.960675,0.960675,0.960675,0.960675
22.689224,0.267125,0.107946,0.147940,0.279965,0.932325,0.932325,0.932325,0.932325
22.699774,0.266155,0.107582,0.147852,0.278854,0.900680,0.900680,0.900680,0.900680
22.709223,0.266003,0.107643,0.148444,0.278140,0.872329,0.872329,0.872329,0.872329
22.719769,0.265058,0.106886,0.148170,0.276956,0.840692,0.840692,0.840692,0.840692
22.729223,0.263444,0.105656,0.147138,0.275384,0.812330,0.812330,0.812330,0.812330
22.739758,0.261640,0.104283,0.145886,0.273649,0.780726,0.780726,0.780726,0.780726
22.749222,0.264123,0.104145,0.145762,0.272928,0.752332,0.752332,0.752332,0.752332
22.759760,0.262074,0.102642,0.144295,0.270916,0.720722,0.720722,0.720722,0.720722
22.769228,0.259858,0.100994,0.142847,0.268778,0.692317,0.692317,0.692317,0.692317
22.779764,0.257098,0.098953,0.140984,0.266341,0.660709,0.660709,0.660709,0.660709
22.789223,0.253958,0.096689,0.138647,0.263647,0.632332,0.632332,0.632332,0.632332
22.799765,0.255043,0.096065,0.141222,0.264886,0.600706,0.600706,0.600706,0.600706
22.809225,0.252534,0.093978,0.139308,0.262403,0.572326,0.572326,0.572326,0.572326
22.819767,0.250265,0.092001,0.137620,0.260003,0.540699,0.540699,0.540699,0.540699
22.829224,0.248596,0.090327,0.136279,0.257802,0.512328,0.512328,0.512328,0.512328
22.839806,0.246243,0.087909,0.134205,0.255199,0.480581,0.480581,0.480581,0.480581
22.849279,0.243478,0.085434,0.131889,0.252411,0.452164,0.452164,0.452164,0.452164
22.859827,0.240663,0.083003,0.129485,0.249574,0.420521,0.420521,0.420521,0.420521
22.869278,0.237866,0.080474,0.127051,0.246677,0.392166,0.392166,0.392166,0.392166
22.879816,0.236991,0.081122,0.127434,0.245729,0.360554,0.360554,0.360554,0.360554
22.889278,0.234028,0.078221,0.124612,0.242566,0.332166,0.332166,0.332166,0.332166
22.899818,0.231050,0.075413,0.121734,0.239379,0.300547,0.300547,0.300547,0.300547
22.909273,0.229701,0.075324,0.121129,0.237701,0.272178,0.272178,0.272178,0.272178
22.919802,0.226729,0.072286,0.118028,0.234241,0.240592,0.240592,0.240592,0.240592
22.929224,0.223809,0.069253,0.115272,0.230786,0.212330,0.212330,0.212330,0.212330
22.939766,0.221794,0.068467,0.114419,0.228282,0.180700,0.180700,0.180700,0.180700
22.949232,0.218192,0.065158,0.111367,0.224272,0.152303,0.152303,0.152303,0.152303
22.959749,0.214593,0.061815,0.108164,0.220239,0.120752,0.120752,0.120752,0.120752
22.969223,0.210889,0.058368,0.105001,0.216217,0.092331,0.092331,0.092331,0.092331
22.979769,0.207513,0.054929,0.101626,0.211425,0.060695,0.060695,0.060695,0.060695
22.989227,0.203229,0.052869,0.099036,0.206801,0.032319,0.032319,0.032319,0.032319
22.999777,0.198476,0.049040,0.095599,0.202056,0.000669,0.000669,0.000669,0.000669
23.009333,0.194324,0.045223,0.091962,0.197382,-0.027996,-0.027996,-0.027996,-0.027996
23.019882,0.190012,0.041751,0.088653,0.193003,-0.059646,-0.059646,-0.059646,-0.059646
23.029325,0.186407,0.037393,0.083979,0.188979,-0.087977,-0.087977,-0.087977,-0.087977
23.039864,0.182623,0.032821,0.078688,0.184582,-0.119588,-0.119588,-0.119588,-0.119588
23.049330,0.178635,0.027990,0.075862,0.180329,-0.147987,-0.147987,-0.147987,-0.147987
23.059877,0.175497,0.023071,0.071672,0.176678,-0.179635,-0.179635,-0.179635,-0.179635
23.069332,0.171512,0.019113,0.067491,0.171910,-0.207998,-0.207998,-0.207998,-0.207998
23.079884,0.169179,0.014135,0.063954,0.168281,-0.239653,-0.239653,-0.239653,-0.239653
23.089382,0.166503,0.008048,0.060437,0.164631,-0.268146,-0.268146,-0.268146,-0.268146
23.099930,0.163377,0.003387,0.056662,0.160839,-0.299790,-0.299790,-0.299790,-0.299790
23.109383,0.160316,-0.001133,0.052808,0.157126,-0.328146,-0.328146,-0.328146,-0.328146
23.119919,0.157502,-0.005579,0.047708,0.151390,-0.359759,-0.359759,-0.359759,-0.359759
23.129387,0.154553,-0.010302,0.043861,0.147890,-0.388163,-0.388163,-0.388163,-0.388163
23.139936,0.148664,-0.016385,0.037868,0.141617,-0.419811,-0.419811,-0.419811,-0.419811
23.149384,0.145804,-0.020712,0.034077,0.138053,-0.448151,-0.448151,-0.448151,-0.448151
23.159925,0.142718,-0.025238,0.030303,0.134452,-0.479778,-0.479778,-0.479778,-0.479778
23.169378,0.139552,-0.030060,0.026432,0.131077,-0.508135,-0.508135,-0.508135,-0.508135
23.179926,0.137128,-0.034333,0.023100,0.127963,-0.539779,-0.539779,-0.539779,-0.539779
23.189381,0.134409,-0.040604,0.017313,0.121401,-0.568140,-0.568140,-0.568140,-0.568140
23.199928,0.132208,-0.044883,0.014358,0.118468,-0.599785,-0.599785,-0.599785,-0.599785
23.209389,0.130022,-0.049081,0.011362,0.115588,-0.628168,-0.628168,-0.628168,-0.628168
23.219934,0.127916,-0.053271,0.008275,0.112651,-0.659802,-0.659802,-0.659802,-0.659802
23.229385,0.126264,-0.057082,0.005851,0.110049,-0.688154,-0.688154,-0.688154,-0.688154
23.239929,0.124048,-0.063843,0.003016,0.106956,-0.719786,-0.719786,-0.719786,-0.719786
23.249380,0.121658,-0.068245,-0.000605,0.103804,-0.748141,-0.748141,-0.748141,-0.748141
23.259920,0.118673,-0.075380,-0.004411,0.100136,-0.779760,-0.779760,-0.779760,-0.779760
23.269381,0.116365,-0.079059,-0.007423,0.097120,-0.808139,-0.808139,-0.808139,-0.808139
23.279922,0.113728,-0.083157,-0.010626,0.094146,-0.839769,-0.839769,-0.839769,-0.839769
23.289328,0.111363,-0.087155,-0.013852,0.091398,-0.867982,-0.867982,-0.867982,-0.867982
23.299829,0.109210,-0.091176,-0.017076,0.088578,-0.899490,-0.899490,-0.899490,-0.899490
23.309277,0.106303,-0.095493,-0.020751,0.084992,-0.927830,-0.927830,-0.927830,-0.927830
23.319815,0.104199,-0.099399,-0.023652,0.082169,-0.959446,-0.959446,-0.959446,-0.959446
23.329287,0.102089,-0.103328,-0.026475,0.079324,-0.987857,-0.987857,-0.987857,-0.987857
23.339827,0.100286,-0.106861,-0.028957,0.076681,-1.019479,-1.019479,-1.019479,-1.019479
23.349276,0.098751,-0.110435,-0.031148,0.074281,-1.047824,-1.047824,-1.047824,-1.047824
23.359821,0.095601,-0.114976,-0.034861,0.070628,-1.079464,-1.079464,-1.079464,-1.079464
23.369276,0.093283,-0.119045,-0.038135,0.067687,-1.107829,-1.107829,-1.107829,-1.107829
23.379776,0.090982,-0.122964,-0.041321,0.064635,-1.139330,-1.139330,-1.139330,-1.139330
23.389227,0.088697,-0.126946,-0.044410,0.061612,-1.167683,-1.167683,-1.167683,-1.167683
23.399782,0.086283,-0.131009,-0.047739,0.058559,-1.199344,-1.199344,-1.199344,-1.199344
23.409275,0.082945,-0.135497,-0.051601,0.054605,-1.227828,-1.227828,-1.227828,-1.227828
23.419823,0.080539,-0.139555,-0.054779,0.051600,-1.259471,-1.259471,-1.259471,-1.259471
23.429276,0.078143,-0.143611,-0.057988,0.048557,-1.287825,-1.287825,-1.287825,-1.287825
23.439802,0.075684,-0.147720,-0.061131,0.045505,-1.319408,-1.319408,-1.319408,-1.319408
23.449245,0.073298,-0.151821,-0.064380,0.042509,-1.347736,-1.347736,-1.347736,-1.347736
23.459784,0.069680,-0.156554,-0.068473,0.038400,-1.379349,-1.379349,-1.379349,-1.379349
23.469278,0.067580,-0.160485,-0.071524,0.035365,-1.407838,-1.407838,-1.407838,-1.407838
23.479826,0.065525,-0.164665,-0.074825,0.032390,-1.439478,-1.439478,-1.439478,-1.439478
23.490332,0.063540,-0.168828,-0.078169,0.029499,-1.470996,-1.470996,-1.470996,-1.470996
23.499842,0.061171,-0.173479,-0.082244,0.026300,-1.499524,-1.499524,-1.499524,-1.499524
23.510334,0.057242,-0.179141,-0.087797,0.021874,-1.531003,-1.531003,-1.531003,-1.531003
23.519785,0.065067,-0.174696,-0.081886,0.028560,-1.559355,-1.559355,-1.559355,-1.559355
23.530277,0.062152,-0.179926,-0.086345,0.024736,-1.590834,-1.590834,-1.590834,-1.590834
23.540827,0.060608,-0.184330,-0.089483,0.022294,-1.622482,-1.622482,-1.622482,-1.622482
23.550280,0.059120,-0.188736,-0.092667,0.018705,-1.650837,-1.650837,-1.650837,-1.650837
23.560831,0.057664,-0.193236,-0.095643,0.016545,-1.682494,-1.682494,-1.682494,-1.682494
23.570280,0.056411,-0.197528,-0.098537,0.014487,-1.710839,-1.710839,-1.710839,-1.710839
23.580832,0.055262,-0.201765,-0.101359,0.012496,-1.742494,-1.742494,-1.742494,-1.742494
23.590342,0.052646,-0.206855,-0.105196,0.009251,-1.771026,-1.771026,-1.771026,-1.771026
23.600864,0.051586,-0.210896,-0.107667,0.007636,-1.802590,-1.802590,-1.802590,-1.802590
23.610329,0.048870,-0.215997,-0.111772,0.004531,-1.830989,-1.830989,-1.830989,-1.830989
23.620863,0.046853,-0.220567,-0.115773,0.002243,-1.862592,-1.862592,-1.862592,-1.862592
23.630329,0.045858,-0.224092,-0.118560,0.000653,-1.890986,-1.890986,-1.890986,-1.890986
23.640831,0.045475,-0.227471,-0.120526,-0.000461,-1.922492,-1.922492,-1.922492,-1.922492
23.650278,0.044930,-0.230956,-0.122491,-0.001665,-1.950836,-1.950836,-1.950836,-1.950836
23.660837,0.042914,-0.235347,-0.125807,-0.004232,-1.982514,-1.982514,-1.982514,-1.982514
23.670330,0.042756,-0.238601,-0.127703,-0.005148,-2.010988,-2.010988,-2.010988,-2.010988
23.680859,0.042647,-0.241743,-0.129483,-0.005993,-2.042578,-2.042578,-2.042578,-2.042578
23.690325,0.042624,-0.244715,-0.131142,-0.006890,-2.070977,-2.070977,-2.070977,-2.070977
23.700832,0.042678,-0.247603,-0.132841,-0.007697,-2.102498,-2.102498,-2.102498,-2.102498
23.710276,0.041025,-0.251688,-0.135979,-0.009906,-2.130829,-2.130829,-2.130829,-2.130829
23.720816,0.041364,-0.254304,-0.137394,-0.010421,-2.162444,-2.162444,-2.162444,-2.162444
23.730278,0.041349,-0.257176,-0.139096,-0.011190,-2.190833,-2.190833,-2.190833,-2.190833
23.740782,0.038798,-0.261878,-0.143172,-0.013928,-2.222347,-2.222347,-2.222347,-2.222347
23.750286,0.039006,-0.264035,-0.144534,-0.014410,-2.250859,-2.250859,-2.250859,-2.250859
23.760805,0.039298,-0.266491,-0.145490,-0.014757,-2.282417,-2.282417,-2.282417,-2.282417
23.770277,0.039779,-0.268787,-0.146534,-0.014966,-2.310832,-2.310832,-2.310832,-2.310832
23.780779,0.040262,-0.271051,-0.147625,-0.015261,-2.342334,-2.342334,-2.342334,-2.342334
23.790224,0.038877,-0.274578,-0.150218,-0.017200,-2.370672,-2.370672,-2.370672,-2.370672
23.800751,0.039438,-0.276649,-0.151164,-0.017419,-2.402250,-2.402250,-2.402250,-2.402250
23.811224,0.040008,-0.278699,-0.152209,-0.017567,-2.433672,-2.433672,-2.433672,-2.433672
23.820698,0.038401,-0.282300,-0.155132,-0.019512,-2.462094,-2.462094,-2.462094,-2.462094
23.830177,0.038619,-0.284362,-0.156461,-0.019724,-2.490532,-2.490532,-2.490532,-2.490532
23.840700,0.048373,-0.277205,-0.148455,-0.010483,-2.522101,-2.522101,-2.522101,-2.522101
23.850172,0.047566,-0.280051,-0.150692,-0.011352,-2.550518,-2.550518,-2.550518,-2.550518
23.860716,0.047589,-0.281931,-0.151889,-0.011856,-2.582150,-2.582150,-2.582150,-2.582150
23.870173,0.045968,-0.285226,-0.154277,-0.013867,-2.610516,-2.610516,-2.610516,-2.610516
23.880697,0.046247,-0.287112,-0.155177,-0.014032,-2.642090,-2.642090,-2.642090,-2.642090
23.891224,0.046595,-0.288993,-0.156202,-0.014208,-2.673675,-2.673675,-2.673675,-2.673675
23.900747,0.045156,-0.292131,-0.158727,-0.016067,-2.702242,-2.702242,-2.702242,-2.702242
23.910223,0.045676,-0.293615,-0.159343,-0.016097,-2.730669,-2.730669,-2.730669,-2.730669
23.920767,0.056752,-0.285209,-0.149607,-0.006021,-2.762300,-2.762300,-2.762300,-2.762300
23.930229,0.057208,-0.287101,-0.150332,-0.006193,-2.790685,-2.790685,-2.790685,-2.790685
23.940773,0.057096,-0.289195,-0.151761,-0.006785,-2.822321,-2.822321,-2.822321,-2.822321
23.951286,0.056992,-0.291136,-0.153286,-0.007431,-2.853857,-2.853857,-2.853857,-2.853857
23.960783,0.056525,-0.293366,-0.155109,-0.008130,-2.882348,-2.882348,-2.882348,-2.882348
23.971331,0.056409,-0.294930,-0.156208,-0.008640,-2.913993,-2.913993,-2.913993,-2.913993
23.980806,0.065956,-0.287130,-0.147805,0.000435,-2.942420,-2.942420,-2.942420,-2.942420
23.991329,0.065537,-0.289017,-0.149327,-0.000402,-2.973987,-2.973987,-2.973987,-2.973987
24.000824,0.074627,-0.281503,-0.141489,0.008105,-2.997530,-2.997530,-2.997530,-2.997530
24.011383,0.073741,-0.283616,-0.143301,0.006935,-2.965852,-2.965852,-2.965852,-2.965852
24.020838,0.072716,-0.285725,-0.145163,0.005694,-2.937485,-2.937485,-2.937485,-2.937485
24.031384,0.070427,-0.289044,-0.148154,0.003274,-2.905849,-2.905849,-2.905849,-2.905849
24.040890,0.070339,-0.290665,-0.149260,0.002675,-2.877333,-2.877333,-2.877333,-2.877333
24.051439,0.068204,-0.294045,-0.152203,0.000334,-2.845682,-2.845682,-2.845682,-2.845682
24.060936,0.067949,-0.295576,-0.153190,-0.000196,-2.817193,-2.817193,-2.817193,-2.817193
24.071461,0.067488,-0.297425,-0.154420,-0.000866,-2.785615,-2.785615,-2.785615,-2.785615
24.080935,0.066773,-0.299418,-0.155946,-0.001702,-2.757197,-2.757197,-2.757197,-2.757197
24.091434,0.066324,-0.301046,-0.157042,-0.002306,-2.725694,-2.725694,-2.725694,-2.725694
24.100918,0.065911,-0.302785,-0.158237,-0.002944,-2.697249,-2.697249,-2.697249,-2.697249
24.111435,0.065541,-0.304313,-0.159452,-0.003740,-2.665695,-2.665695,-2.665695,-2.665695
24.120916,0.065233,-0.305748,-0.160566,-0.004409,-2.637252,-2.637252,-2.637252,-2.637252
24.131432,0.064988,-0.307098,-0.161654,-0.005016,-2.605708,-2.605708,-2.605708,-2.605708
24.140882,0.065005,-0.308407,-0.162459,-0.007008,-2.577352,-2.577352,-2.577352,-2.577352
24.151392,0.065390,-0.309514,-0.163045,-0.007120,-2.545825,-2.545825,-2.545825,-2.545825
24.160887,0.063636,-0.312424,-0.165714,-0.009089,-2.517341,-2.517341,-2.517341,-2.517341
24.171389,0.063522,-0.313611,-0.166732,-0.009378,-2.485837,-2.485837,-2.485837,-2.485837
24.181910,0.063515,-0.314670,-0.167466,-0.009662,-2.454272,-2.454272,-2.454272,-2.454272
24.191446,0.063263,-0.316025,-0.168452,-0.010122,-2.425661,-2.425661,-2.425661,-2.425661
24.200943,0.063101,-0.317210,-0.169294,-0.010391,-2.397173,-2.397173,-2.397173,-2.397173
24.211489,0.072615,-0.309025,-0.160828,-0.001207,-2.365535,-2.365535,-2.365535,-2.365535
24.220943,0.072102,-0.310485,-0.161993,-0.001935,-2.337169,-2.337169,-2.337169,-2.337169
24.231489,0.071469,-0.312001,-0.163257,-0.002562,-2.305530,-2.305530,-2.305530,-2.305530
24.240997,0.070939,-0.313462,-0.164501,-0.003215,-2.277010,-2.277010,-2.277010,-2.277010
24.251493,0.068790,-0.316306,-0.167127,-0.005460,-2.245519,-2.245519,-2.245519,-2.245519
24.260963,0.068419,-0.317555,-0.168012,-0.005911,-2.217111,-2.217111,-2.217111,-2.217111
24.271488,0.066515,-0.320223,-0.170479,-0.007914,-2.185533,-2.185533,-2.185533,-2.185533
24.280983,0.066129,-0.321424,-0.171346,-0.008284,-2.157049,-2.157049,-2.157049,-2.157049
24.291496,0.065841,-0.322636,-0.172229,-0.008624,-2.125512,-2.125512,-2.125512,-2.125512
24.300999,0.065197,-0.324196,-0.173638,-0.009298,-2.097002,-2.097002,-2.097002,-2.097002
24.311544,0.064150,-0.325782,-0.175514,-0.010271,-2.065367,-2.065367,-2.065367,-2.065367
24.321039,0.064131,-0.326291,-0.176221,-0.010576,-2.036882,-2.036882,-2.036882,-2.036882
24.331543,0.063996,-0.327233,-0.176728,-0.010722,-2.005370,-2.005370,-2.005370,-2.005370
24.341022,0.062138,-0.329723,-0.178999,-0.012559,-1.976931,-1.976931,-1.976931,-1.976931
24.351545,0.062031,-0.330742,-0.179778,-0.012734,-1.945364,-1.945364,-1.945364,-1.945364
24.361036,0.061900,-0.331659,-0.180529,-0.012988,-1.916891,-1.916891,-1.916891,-1.916891
24.371546,0.062215,-0.332255,-0.180852,-0.013040,-1.885365,-1.885365,-1.885365,-1.885365
24.381042,0.062791,-0.332691,-0.180804,-0.012876,-1.856873,-1.856873,-1.856873,-1.856873
24.391548,0.062757,-0.333718,-0.181408,-0.012930,-1.825358,-1.825358,-1.825358,-1.825358
24.401052,0.062577,-0.334641,-0.182161,-0.013076,-1.796844,-1.796844,-1.796844,-1.796844
24.411598,0.060553,-0.337122,-0.184509,-0.014993,-1.765205,-1.765205,-1.765205,-1.765205
24.421089,0.059778,-0.338267,-0.185629,-0.015585,-1.736731,-1.736731,-1.736731,-1.736731
24.431597,0.059177,-0.339258,-0.186735,-0.015934,-1.705212,-1.705212,-1.705212,-1.705212
24.441080,0.059174,-0.339760,-0.187135,-0.015971,-1.676762,-1.676762,-1.676762,-1.676762
24.451597,0.059370,-0.340375,-0.187381,-0.016000,-1.645208,-1.645208,-1.645208,-1.645208
24.461094,0.057860,-0.342459,-0.189166,-0.017750,-1.616718,-1.616718,-1.616718,-1.616718
24.471622,0.058101,-0.342992,-0.189398,-0.017679,-1.585134,-1.585134,-1.585134,-1.585134
24.481092,0.058389,-0.343282,-0.189696,-0.017649,-1.556725,-1.556725,-1.556725,-1.556725
24.491594,0.058587,-0.343668,-0.190188,-0.017599,-1.525218,-1.525218,-1.525218,-1.525218
24.501097,0.058439,-0.344045,-0.191069,-0.017819,-1.496708,-1.496708,-1.496708,-1.496708
24.511656,0.058691,-0.343706,-0.191455,-0.017777,-1.465033,-1.465033,-1.465033,-1.465033
24.521120,0.059085,-0.343102,-0.191291,-0.017518,-1.436642,-1.436642,-1.436642,-1.436642
24.531675,0.058929,-0.343011,-0.191631,-0.017514,-1.404973,-1.404973,-1.404973,-1.404973
24.541174,0.059209,-0.342361,-0.191594,-0.017304,-1.376481,-1.376481,-1.376481,-1.376481
24.551754,0.057751,-0.343098,-0.193074,-0.018944,-1.344739,-1.344739,-1.344739,-1.344739
24.561224,0.058193,-0.341912,-0.192483,-0.018778,-1.316331,-1.316331,-1.316331,-1.316331
24.571779,0.056896,-0.342261,-0.193441,-0.020262,-1.284664,-1.284664,-1.284664,-1.284664
24.581223,0.057160,-0.340827,-0.192686,-0.020133,-1.256332,-1.256332,-1.256332,-1.256332
24.591761,0.057524,-0.339233,-0.191835,-0.019979,-1.224716,-1.224716,-1.224716,-1.224716
24.601229,0.057829,-0.337636,-0.190764,-0.019595,-1.196314,-1.196314,-1.196314,-1.196314
24.611755,0.058089,-0.335973,-0.189514,-0.019044,-1.164733,-1.164733,-1.164733,-1.164733
24.621229,0.058304,-0.334202,-0.188091,-0.018435,-1.136312,-1.136312,-1.136312,-1.136312
24.631760,0.058833,-0.332204,-0.186396,-0.017555,-1.104724,-1.104724,-1.104724,-1.104724
24.641228,0.057874,-0.331433,-0.186122,-0.018245,-1.076316,-1.076316,-1.076316,-1.076316
24.651762,0.058032,-0.329539,-0.184763,-0.017368,-1.044715,-1.044715,-1.044715,-1.044715
24.661175,0.058386,-0.327524,-0.183517,-0.016388,-1.016475,-1.016475,-1.016475,-1.016475
24.671686,0.059341,-0.324873,-0.181394,-0.015100,-0.984940,-0.984940,-0.984940,-0.984940
24.681171,0.060526,-0.322166,-0.179103,-0.013645,-0.956487,-0.956487,-0.956487,-0.956487
24.691717,0.061889,-0.319437,-0.176874,-0.011996,-0.924850,-0.924850,-0.924850,-0.924850
24.701172,0.063369,-0.316649,-0.174670,-0.010299,-0.896483,-0.896483,-0.896483,-0.896483
24.711708,0.065037,-0.313700,-0.172263,-0.008466,-0.864874,-0.864874,-0.864874,-0.864874
24.721132,0.066792,-0.310701,-0.169746,-0.006487,-0.836604,-0.836604,-0.836604,-0.836604
24.731684,0.068310,-0.307739,-0.167311,-0.004610,-0.804948,-0.804948,-0.804948,-0.804948
24.741175,0.069829,-0.304581,-0.164756,-0.002678,-0.776475,-0.776475,-0.776475,-0.776475
24.751726,0.069826,-0.305854,-0.163748,-0.002258,-0.744821,-0.744821,-0.744821,-0.744821
24.761169,0.070188,-0.303427,-0.162478,-0.000854,-0.716489,-0.716489,-0.716489,-0.716489
24.771706,0.069778,-0.304352,-0.161903,-0.000459,-0.684881,-0.684881,-0.684881,-0.684881
24.781118,0.071924,-0.300222,-0.158553,0.001837,-0.656644,-0.656644,-0.656644,-0.656644
24.791660,0.074170,-0.296313,-0.154961,0.004439,-0.625021,-0.625021,-0.625021,-0.625021
24.801119,0.076490,-0.292541,-0.151754,0.007186,-0.596642,-0.596642,-0.596642,-0.596642
24.811665,0.078796,-0.288741,-0.148713,0.009834,-0.565005,-0.565005,-0.565005,-0.565005
24.821106,0.081583,-0.284648,-0.145294,0.012671,-0.536684,-0.536684,-0.536684,-0.536684
24.831654,0.084582,-0.280420,-0.141552,0.015764,-0.505037,-0.505037,-0.505037,-0.505037
24.841122,0.086706,-0.276809,-0.138744,0.018370,-0.476634,-0.476634,-0.476634,-0.476634
24.851667,0.088985,-0.272883,-0.135972,0.020981,-0.444997,-0.444997,-0.444997,-0.444997
24.861118,0.089937,-0.271447,-0.136457,0.019096,-0.416644,-0.416644,-0.416644,-0.416644
24.871655,0.091363,-0.268016,-0.134236,0.021502,-0.385039,-0.385039,-0.385039,-0.385039
24.881121,0.093666,-0.263903,-0.131199,0.024467,-0.356640,-0.356640,-0.356640,-0.356640
24.891680,0.096488,-0.259518,-0.127469,0.027585,-0.324962,-0.324962,-0.324962,-0.324962
24.901173,0.099254,-0.255245,-0.123647,0.030688,-0.296483,-0.296483,-0.296483,-0.296483
24.911720,0.098114,-0.252561,-0.122401,0.030331,-0.264839,-0.264839,-0.264839,-0.264839
24.921169,0.100965,-0.248082,-0.118688,0.033608,-0.236490,-0.236490,-0.236490,-0.236490
24.931696,0.103932,-0.243430,-0.115059,0.036962,-0.204909,-0.204909,-0.204909,-0.204909
24.941170,0.107143,-0.238496,-0.111034,0.040491,-0.176488,-0.176488,-0.176488,-0.176488
24.951714,0.110573,-0.233299,-0.106720,0.044146,-0.144857,-0.144857,-0.144857,-0.144857
24.961172,0.113326,-0.228501,-0.103175,0.047573,-0.116483,-0.116483,-0.116483,-0.116483
24.971716,0.116070,-0.223494,-0.099791,0.050848,-0.084853,-0.084853,-0.084853,-0.084853
24.981171,0.116142,-0.218757,-0.097369,0.051732,-0.056487,-0.056487,-0.056487,-0.056487
24.991714,0.118757,-0.213775,-0.093885,0.054824,-0.024854,-0.024854,-0.024854,-0.024854
25.001173,0.121351,-0.204110,-0.090366,0.057838,0.003521,0.003521,0.003521,0.003521
25.011744,0.124281,-0.198461,-0.085986,0.061112,0.035229,0.035229,0.035229,0.035229
25.021200,0.127209,-0.192816,-0.081533,0.064475,0.063598,0.063598,0.063598,0.063598
25.031805,0.130076,-0.186296,-0.076955,0.067654,0.095416,0.095416,0.095416,0.095416
25.041275,0.132930,-0.181050,-0.072219,0.071203,0.123823,0.123823,0.123823,0.123823
25.051823,0.134282,-0.174978,-0.065861,0.073581,0.155465,0.155465,0.155465,0.155465
25.061327,0.137309,-0.170430,-0.062389,0.077684,0.183979,0.183979,0.183979,0.183979
25.071871,0.138909,-0.164434,-0.057605,0.080681,0.215610,0.215610,0.215610,0.215610
25.081329,0.141953,-0.159592,-0.053415,0.084820,0.243989,0.243989,0.243989,0.243989
25.091867,0.145046,-0.154444,-0.048829,0.087930,0.275604,0.275604,0.275604,0.275604
25.101337,0.148914,-0.149600,-0.044271,0.094795,0.304010,0.304010,0.304010,0.304010
25.111870,0.152194,-0.144766,-0.039870,0.096148,0.335610,0.335610,0.335610,0.335610
25.121344,0.154564,-0.138204,-0.034750,0.103150,0.364028,0.364028,0.364028,0.364028
25.131887,0.158182,-0.133158,-0.030751,0.107277,0.395663,0.395663,0.395663,0.395663
25.141287,0.161894,-0.128372,-0.027064,0.111332,0.423859,0.423859,0.423859,0.423859
25.151842,0.165163,-0.123824,-0.023469,0.115245,0.455527,0.455527,0.455527,0.455527
25.161337,0.168317,-0.119290,-0.019819,0.118959,0.484012,0.484012,0.484012,0.484012
25.171881,0.172260,-0.112090,-0.013837,0.123806,0.515644,0.515644,0.515644,0.515644
25.181337,0.175242,-0.107769,-0.010035,0.127312,0.544014,0.544014,0.544014,0.544014
25.191887,0.178275,-0.103320,-0.006296,0.130980,0.575658,0.575658,0.575658,0.575658
25.201344,0.181362,-0.098737,-0.002568,0.134679,0.604028,0.604028,0.604028,0.604028
25.211893,0.184334,-0.094277,0.001044,0.138176,0.635682,0.635682,0.635682,0.635682
25.221392,0.188858,-0.089787,0.007441,0.143526,0.664176,0.664176,0.664176,0.664176
25.231928,0.191498,-0.085339,0.010697,0.146687,0.695784,0.695784,0.695784,0.695784
25.241383,0.196165,-0.080657,0.017464,0.152275,0.724150,0.724150,0.724150,0.724150
25.251928,0.198490,-0.076334,0.020499,0.155412,0.755787,0.755787,0.755787,0.755787
25.261387,0.200747,-0.072169,0.023506,0.158455,0.784162,0.784162,0.784162,0.784162
25.271902,0.203132,-0.067885,0.026543,0.161417,0.815704,0.815704,0.815704,0.815704
25.281385,0.205054,-0.063795,0.029200,0.164138,0.844154,0.844154,0.844154,0.844154
25.291935,0.206967,-0.059544,0.032117,0.167006,0.875807,0.875807,0.875807,0.875807
25.301388,0.209794,-0.054757,0.035973,0.170458,0.904162,0.904162,0.904162,0.904162
25.311932,0.215961,-0.049929,0.040090,0.174100,0.935797,0.935797,0.935797,0.935797
25.321384,0.218267,-0.045853,0.043183,0.177137,0.964155,0.964155,0.964155,0.964155
25.331936,0.220867,-0.041430,0.046497,0.180300,0.995808,0.995808,0.995808,0.995808
25.341511,0.223423,-0.037153,0.049836,0.183425,1.024532,1.024532,1.024532,1.024532
25.352055,0.225533,-0.033072,0.052994,0.186427,1.056162,1.056162,1.056162,1.056162
25.361532,0.228118,-0.028290,0.056736,0.189905,1.084596,1.084596,1.084596,1.084596
25.372065,0.230063,-0.024247,0.059748,0.192841,1.116192,1.116192,1.116192,1.116192
25.381538,0.231951,-0.020085,0.062787,0.190708,1.144617,1.144617,1.144617,1.144617
25.392094,0.233604,-0.016250,0.065480,0.193499,1.176284,1.176284,1.176284,1.176284
25.401606,0.229403,-0.019568,0.061389,0.190632,1.204816,1.204816,1.204816,1.204816
25.412121,0.232429,-0.014288,0.065688,0.194608,1.236363,1.236363,1.236363,1.236363
25.421623,0.229179,-0.017019,0.062657,0.192194,1.264872,1.264872,1.264872,1.264872
25.432173,0.232620,-0.011739,0.067184,0.196294,1.296519,1.296519,1.296519,1.296519
25.441692,0.230470,-0.014068,0.064780,0.194490,1.325079,1.325079,1.325079,1.325079
25.452183,0.233611,-0.009196,0.069039,0.198508,1.356550,1.356550,1.356550,1.356550
25.461695,0.236692,-0.004144,0.073281,0.202574,1.385085,1.385085,1.385085,1.385085
25.472172,0.239709,0.000817,0.077343,0.206456,1.416517,1.416517,1.416517,1.416517
25.481678,0.235842,-0.002629,0.073268,0.203247,1.445035,1.445035,1.445035,1.445035
25.491171,0.239186,0.002706,0.077773,0.207351,1.473513,1.473513,1.473513,1.473513
25.501720,0.235250,-0.000869,0.073899,0.204193,1.505164,1.505164,1.505164,1.505164
25.511171,0.239456,0.004920,0.079427,0.209289,1.533513,1.533513,1.533513,1.533513
25.521708,0.242644,0.009618,0.083647,0.213474,1.565123,1.565123,1.565123,1.565123
25.531170,0.247505,0.015681,0.089419,0.218781,1.593512,1.593512,1.593512,1.593512
25.541723,0.251099,0.020262,0.094012,0.223217,1.625169,1.625169,1.625169,1.625169
25.551174,0.254645,0.024786,0.098380,0.227734,1.653524,1.653524,1.653524,1.653524
25.561718,0.258511,0.029448,0.102775,0.232371,1.685154,1.685154,1.685154,1.685154
25.572174,0.262492,0.033919,0.107028,0.236925,1.716523,1.716523,1.716523,1.716523
25.581688,0.265823,0.037826,0.110724,0.241235,1.745066,1.745066,1.745066,1.745066
25.592228,0.269049,0.041678,0.114066,0.245381,1.776684,1.776684,1.776684,1.776684
25.601740,0.272202,0.045475,0.117229,0.249321,1.805222,1.805222,1.805222,1.805222
25.611223,0.275120,0.049036,0.120253,0.253005,1.833672,1.833672,1.833672,1.833672
25.621780,0.268715,0.043381,0.113973,0.247475,1.865340,1.865340,1.865340,1.865340
25.631281,0.271824,0.047179,0.117363,0.251287,1.893842,1.893842,1.893842,1.893842
25.641840,0.275421,0.051191,0.121079,0.255292,1.925520,1.925520,1.925520,1.925520
25.651329,0.279908,0.055959,0.125596,0.260023,1.953986,1.953986,1.953986,1.953986
25.661882,0.282589,0.059288,0.128522,0.263301,1.985647,1.985647,1.985647,1.985647
25.671385,0.286279,0.063566,0.132424,0.267564,2.014153,2.014153,2.014153,2.014153
25.681885,0.288343,0.066532,0.134758,0.270395,2.045654,2.045654,2.045654,2.045654
25.691286,0.290655,0.069635,0.137162,0.273275,2.073860,2.073860,2.073860,2.073860
25.701843,0.292681,0.072480,0.139601,0.276104,2.105528,2.105528,2.105528,2.105528
25.711349,0.294526,0.075254,0.141837,0.278816,2.134049,2.134049,2.134049,2.134049
25.721903,0.296248,0.077844,0.143853,0.281391,2.165709,2.165709,2.165709,2.165709
25.731382,0.297850,0.080361,0.145703,0.283697,2.194149,2.194149,2.194149,2.194149
25.741938,0.300676,0.084054,0.148870,0.287130,2.225814,2.225814,2.225814,2.225814
25.751379,0.301991,0.086421,0.150678,0.289186,2.254138,2.254138,2.254138,2.254138
25.761919,0.303177,0.088695,0.152526,0.291264,2.285759,2.285759,2.285759,2.285759
25.771332,0.304346,0.090923,0.154351,0.293347,2.313994,2.313994,2.313994,2.313994
25.781857,0.305435,0.093004,0.155847,0.295286,2.345567,2.345567,2.345567,2.345567
25.791330,0.306211,0.094811,0.157015,0.296898,2.373989,2.373989,2.373989,2.373989
25.801819,0.307018,0.096797,0.158499,0.298634,2.405456,2.405456,2.405456,2.405456
25.811277,0.307931,0.098727,0.161347,0.301784,2.433831,2.433831,2.433831,2.433831
25.821819,0.308764,0.100626,0.162339,0.303122,2.465457,2.465457,2.465457,2.465457
25.831280,0.309561,0.102398,0.163292,0.304567,2.493838,2.493838,2.493838,2.493838
25.841810,0.310343,0.104149,0.164394,0.306138,2.525430,2.525430,2.525430,2.525430
25.851276,0.310590,0.105558,0.165224,0.307372,2.553832,2.553832,2.553832,2.553832
25.861809,0.310447,0.106778,0.165754,0.308283,2.585427,2.585427,2.585427,2.585427
25.871275,0.311097,0.108501,0.166836,0.309567,2.613823,2.613823,2.613823,2.613823
25.881819,0.311513,0.110005,0.167866,0.310713,2.645455,2.645455,2.645455,2.645455
25.891275,0.311645,0.111314,0.168695,0.311774,2.673826,2.673826,2.673826,2.673826
25.901827,0.313728,0.114234,0.171302,0.314554,2.705480,2.705480,2.705480,2.705480
25.911278,0.313899,0.115408,0.172149,0.315585,2.733835,2.733835,2.733835,2.733835
25.921818,0.314383,0.116699,0.172925,0.316685,2.765453,2.765453,2.765453,2.765453
25.931274,0.314730,0.118032,0.173709,0.317697,2.793825,2.793825,2.793825,2.793825
25.941811,0.315008,0.119340,0.174422,0.318587,2.825431,2.825431,2.825431,2.825431
25.951281,0.315213,0.120585,0.175115,0.319414,2.853844,2.853844,2.853844,2.853844
25.961826,0.315160,0.121579,0.175556,0.320128,2.885479,2.885479,2.885479,2.885479
25.971279,0.314665,0.122303,0.175716,0.320616,2.913840,2.913840,2.913840,2.913840
25.981810,0.314844,0.123577,0.176337,0.321404,2.945430,2.945430,2.945430,2.945430
25.991276,0.316562,0.126192,0.178585,0.323653,2.973829,2.973829,2.973829,2.973829
26.001801,0.316288,0.126932,0.178973,0.324322,2.994600,2.994600,2.994600,2.994600
26.011333,0.316722,0.128128,0.179749,0.325261,2.966000,2.966000,2.966000,2.966000
26.021849,0.317418,0.129419,0.180841,0.326236,2.934454,2.934454,2.934454,2.934454
26.031330,0.317366,0.130162,0.181402,0.326805,2.906012,2.906012,2.906012,2.906012
26.041883,0.317280,0.132498,0.183458,0.328950,2.874352,2.874352,2.874352,2.874352
26.051390,0.317380,0.133285,0.183743,0.329495,2.845831,2.845831,2.845831,2.845831
26.061939,0.319143,0.135633,0.185690,0.331568,2.814183,2.814183,2.814183,2.814183
26.071402,0.319168,0.136365,0.185940,0.331876,2.785798,2.785798,2.785798,2.785798
26.081955,0.318985,0.137064,0.186276,0.332160,2.754138,2.754138,2.754138,2.754138
26.091434,0.318860,0.137805,0.186741,0.332507,2.725696,2.725696,2.725696,2.725696
26.101959,0.318824,0.138440,0.187127,0.332936,2.694123,2.694123,2.694123,2.694123
26.111439,0.320707,0.140782,0.189306,0.335106,2.665684,2.665684,2.665684,2.665684
26.121986,0.322257,0.142562,0.191111,0.336343,2.634041,2.634041,2.634041,2.634041
26.131430,0.325039,0.145415,0.193973,0.338793,2.605710,2.605710,2.605710,2.605710
26.141973,0.324794,0.145677,0.193830,0.338850,2.574079,2.574079,2.574079,2.574079
26.151436,0.324626,0.146195,0.193780,0.339072,2.545691,2.545691,2.545691,2.545691
26.161983,0.324259,0.146582,0.193813,0.339303,2.514051,2.514051,2.514051,2.514051
26.171450,0.323896,0.146999,0.193911,0.339562,2.485653,2.485653,2.485653,2.485653
26.182013,0.323433,0.147266,0.193884,0.339737,2.453960,2.453960,2.453960,2.453960
26.191463,0.322644,0.147264,0.193455,0.339615,2.425607,2.425607,2.425607,2.425607
26.202015,0.323212,0.148707,0.194440,0.340930,2.393955,2.393955,2.393955,2.393955
26.211498,0.322704,0.149214,0.194578,0.341080,2.365507,2.365507,2.365507,2.365507
26.222050,0.322469,0.149570,0.194708,0.341223,2.333851,2.333851,2.333851,2.333851
26.231501,0.322572,0.150247,0.195135,0.341424,2.305498,2.305498,2.305498,2.305498
26.242029,0.322573,0.150954,0.195687,0.341643,2.273912,2.273912,2.273912,2.273912
26.251492,0.323771,0.150849,0.195444,0.341618,2.245527,2.245527,2.245527,2.245527
26.262035,0.323556,0.151250,0.195575,0.341928,2.213892,2.213892,2.213892,2.213892
26.271496,0.323438,0.151659,0.195612,0.342130,2.185515,2.185515,2.185515,2.185515
26.282038,0.323283,0.151961,0.195567,0.342199,2.153887,2.153887,2.153887,2.153887
26.291491,0.322983,0.152221,0.195595,0.342232,2.125530,2.125530,2.125530,2.125530
26.302036,0.322699,0.152504,0.195622,0.342196,2.093893,2.093893,2.093893,2.093893
26.311466,0.322375,0.152812,0.195804,0.342228,2.065604,2.065604,2.065604,2.065604
26.322020,0.322091,0.153144,0.195883,0.342281,2.033938,2.033938,2.033938,2.033938
26.331488,0.323615,0.155129,0.197609,0.344035,2.005538,2.005538,2.005538,2.005538
26.342039,0.323417,0.155471,0.197576,0.344080,1.973880,1.973880,1.973880,1.973880
26.351538,0.323412,0.155908,0.197939,0.344261,1.945388,1.945388,1.945388,1.945388
26.362093,0.325408,0.158149,0.200023,0.346138,1.913721,1.913721,1.913721,1.913721
26.371595,0.325030,0.158332,0.199932,0.346086,1.885212,1.885212,1.885212,1.885212
26.382120,0.324622,0.158479,0.199816,0.346097,1.853641,1.853641,1.853641,1.853641
26.391615,0.314270,0.148825,0.189863,0.336231,1.825158,1.825158,1.825158,1.825158
26.402122,0.314078,0.149123,0.190000,0.336477,1.793634,1.793634,1.793634,1.793634
26.411615,0.314131,0.149579,0.190398,0.336931,1.765154,1.765154,1.765154,1.765154
26.422121,0.314570,0.150225,0.191023,0.337430,1.733634,1.733634,1.733634,1.733634
26.431620,0.305709,0.141658,0.182452,0.328527,1.705143,1.705143,1.705143,1.705143
26.442131,0.308181,0.144189,0.185023,0.330896,1.673606,1.673606,1.673606,1.673606
26.451626,0.299392,0.135447,0.176340,0.321981,1.645123,1.645123,1.645123,1.645123
26.462118,0.301693,0.137886,0.178684,0.324211,1.613643,1.613643,1.613643,1.613643
26.471609,0.293276,0.129468,0.170294,0.315695,1.585172,1.585172,1.585172,1.585172
26.482121,0.294487,0.130837,0.171718,0.316853,1.553640,1.553640,1.553640,1.553640
26.491613,0.286155,0.122631,0.163652,0.308738,1.525162,1.525162,1.525162,1.525162
26.502119,0.287350,0.124139,0.165140,0.309836,1.493644,1.493644,1.493644,1.493644
26.511616,0.279454,0.116301,0.157440,0.310721,1.465152,1.465152,1.465152,1.465152
26.522120,0.280849,0.118092,0.159323,0.311520,1.433642,1.433642,1.433642,1.433642
26.531618,0.273558,0.110473,0.151921,0.303778,1.405144,1.405144,1.405144,1.405144
26.542122,0.275036,0.112562,0.154124,0.304609,1.373634,1.373634,1.373634,1.373634
26.551617,0.268777,0.105626,0.147460,0.297508,1.345150,1.345150,1.345150,1.345150
26.562120,0.270555,0.107935,0.149831,0.298486,1.313637,1.313637,1.313637,1.313637
26.571615,0.264367,0.100957,0.143539,0.291749,1.285155,1.285155,1.285155,1.285155
26.582119,0.265969,0.103113,0.145746,0.292583,1.253645,1.253645,1.253645,1.253645
26.591623,0.259701,0.095999,0.138787,0.285620,1.225132,1.225132,1.225132,1.225132
26.602179,0.260695,0.097715,0.140324,0.286030,1.193463,1.193463,1.193463,1.193463
26.611645,0.261605,0.099264,0.141788,0.286326,1.165066,1.165066,1.165066,1.165066
26.622175,0.262239,0.100666,0.143076,0.286314,1.133477,1.133477,1.133477,1.133477
26.631697,0.256087,0.093822,0.136548,0.279613,1.104910,1.104910,1.104910,1.104910
26.641171,0.257444,0.096034,0.138638,0.280712,1.076490,1.076490,1.076490,1.076490
26.651707,0.250709,0.088778,0.131524,0.273965,1.044881,1.044881,1.044881,1.044881
26.661171,0.251163,0.089830,0.132401,0.273787,1.016486,1.016486,1.016486,1.016486
26.671713,0.252485,0.091716,0.134400,0.274671,0.984864,0.984864,0.984864,0.984864
26.682222,0.252517,0.092220,0.135062,0.274100,0.953332,0.953332,0.953332,0.953332
26.691713,0.252589,0.092665,0.135683,0.273587,0.924860,0.924860,0.924860,0.924860
26.702236,0.252548,0.093015,0.136210,0.272969,0.893294,0.893294,0.893294,0.893294
26.711744,0.247049,0.086526,0.130163,0.266835,0.864767,0.864767,0.864767,0.864767
26.721224,0.246703,0.086532,0.130243,0.265898,0.836326,0.836326,0.836326,0.836326
26.731777,0.241511,0.080377,0.124587,0.260171,0.804666,0.804666,0.804666,0.804666
26.741226,0.241034,0.080330,0.124685,0.259257,0.776323,0.776323,0.776323,0.776323
26.751778,0.241413,0.081156,0.125651,0.259255,0.744665,0.744665,0.744665,0.744665
26.761259,0.240669,0.080575,0.125283,0.258044,0.716224,0.716224,0.716224,0.716224
26.771816,0.239794,0.080005,0.124781,0.256701,0.684552,0.684552,0.684552,0.684552
26.781281,0.238883,0.079273,0.124088,0.255144,0.656158,0.656158,0.656158,0.656158
26.791834,0.237741,0.078448,0.123286,0.253440,0.624500,0.624500,0.624500,0.624500
26.801340,0.239814,0.078522,0.126642,0.255045,0.595982,0.595982,0.595982,0.595982
26.811892,0.238530,0.077412,0.125722,0.253152,0.564327,0.564327,0.564327,0.564327
26.821388,0.237162,0.076036,0.124567,0.251251,0.535835,0.535835,0.535835,0.535835
26.831938,0.235493,0.074526,0.123141,0.249169,0.504189,0.504189,0.504189,0.504189
26.841393,0.233607,0.072888,0.121558,0.247005,0.475822,0.475822,0.475822,0.475822
26.851946,0.234131,0.074843,0.123126,0.247221,0.444161,0.444161,0.444161,0.444161
26.861437,0.231996,0.072774,0.121053,0.244634,0.415690,0.415690,0.415690,0.415690
26.871988,0.229811,0.070647,0.118864,0.241860,0.384034,0.384034,0.384034,0.384034
26.881489,0.227665,0.068656,0.116970,0.239095,0.355535,0.355535,0.355535,0.355535
26.892057,0.225700,0.066738,0.115326,0.236524,0.323830,0.323830,0.323830,0.323830
26.901545,0.225176,0.067428,0.115870,0.235468,0.295369,0.295369,0.295369,0.295369
26.912094,0.222641,0.064803,0.113399,0.232456,0.263719,0.263719,0.263719,0.263719
26.921598,0.220012,0.062175,0.110826,0.229292,0.235203,0.235203,0.235203,0.235203
26.932117,0.217143,0.059347,0.108278,0.225993,0.203645,0.203645,0.203645,0.203645
26.941605,0.213497,0.054402,0.104122,0.221797,0.175188,0.175188,0.175188,0.175188
26.952120,0.211394,0.053598,0.103165,0.219089,0.143640,0.143640,0.143640,0.143640
26.961592,0.207968,0.049013,0.099352,0.214894,0.115223,0.115223,0.115223,0.115223
26.972118,0.204655,0.046181,0.096741,0.211162,0.083643,0.083643,0.083643,0.083643
26.981607,0.201499,0.041868,0.093069,0.206400,0.055178,0.055178,0.055178,0.055178
26.992121,0.195665,0.038844,0.090102,0.201604,0.023636,0.023636,0.023636,0.023636
27.001621,0.190839,0.034603,0.086391,0.196619,-0.004862,-0.004862,-0.004862,-0.004862
27.012182,0.189118,0.031176,0.083212,0.193282,-0.036549,-0.036549,-0.036549,-0.036549
27.021696,0.184849,0.027718,0.079058,0.187104,-0.065088,-0.065088,-0.065088,-0.065088
27.031172,0.180985,0.023380,0.077617,0.182912,-0.093517,-0.093517,-0.093517,-0.093517
27.041725,0.178986,0.019307,0.073341,0.179962,-0.125176,-0.125176,-0.125176,-0.125176
27.051226,0.176487,0.015647,0.070193,0.176607,-0.153678,-0.153678,-0.153678,-0.153678
27.061781,0.173628,0.010769,0.065036,0.172894,-0.185342,-0.185342,-0.185342,-0.185342
27.071285,0.170727,0.006177,0.061303,0.169063,-0.213857,-0.213857,-0.213857,-0.213857
27.081827,0.167775,0.000654,0.057724,0.165455,-0.245483,-0.245483,-0.245483,-0.245483
27.091278,0.163335,-0.003382,0.053545,0.160284,-0.273834,-0.273834,-0.273834,-0.273834
27.101826,0.161660,-0.006987,0.050938,0.157475,-0.305477,-0.305477,-0.305477,-0.305477
27.111275,0.159707,-0.010903,0.048089,0.154475,-0.333825,-0.333825,-0.333825,-0.333825
27.121807,0.157158,-0.015190,0.044620,0.151142,-0.365423,-0.365423,-0.365423,-0.365423
27.131273,0.154523,-0.019417,0.041076,0.147651,-0.393821,-0.393821,-0.393821,-0.393821
27.141804,0.151771,-0.023630,0.037554,0.144086,-0.425413,-0.425413,-0.425413,-0.425413
27.151274,0.149399,-0.027541,0.034365,0.140824,-0.453819,-0.453819,-0.453819,-0.453819
27.161808,0.144072,-0.032886,0.029252,0.134719,-0.485423,-0.485423,-0.485423,-0.485423
27.171274,0.141753,-0.036834,0.026176,0.131574,-0.513821,-0.513821,-0.513821,-0.513821
27.181807,0.139393,-0.040912,0.022967,0.128461,-0.545422,-0.545422,-0.545422,-0.545422
27.191278,0.137035,-0.044986,0.019680,0.125398,-0.573838,-0.573838,-0.573838,-0.573838
27.201824,0.134733,-0.049016,0.016473,0.122257,-0.605472,-0.605472,-0.605472,-0.605472
27.211275,0.132226,-0.055151,0.010636,0.118853,-0.633826,-0.633826,-0.633826,-0.633826
27.221806,0.130631,-0.058735,0.008357,0.116253,-0.665419,-0.665419,-0.665419,-0.665419
27.231274,0.128454,-0.062871,0.005350,0.113321,-0.693822,-0.693822,-0.693822,-0.693822
27.241806,0.125487,-0.069843,-0.001362,0.109822,-0.725418,-0.725418,-0.725418,-0.725418
27.251274,0.123281,-0.073839,-0.004365,0.106953,-0.753823,-0.753823,-0.753823,-0.753823
27.261806,0.121180,-0.077794,-0.007246,0.103991,-0.785419,-0.785419,-0.785419,-0.785419
27.271276,0.118434,-0.081839,-0.010411,0.100400,-0.813830,-0.813830,-0.813830,-0.813830
27.281826,0.116542,-0.085578,-0.012949,0.097749,-0.845480,-0.845480,-0.845480,-0.845480
27.291275,0.114624,-0.089268,-0.015599,0.095077,-0.873825,-0.873825,-0.873825,-0.873825
27.301823,0.112501,-0.093056,-0.018540,0.092199,-0.905469,-0.905469,-0.905469,-0.905469
27.311275,0.110325,-0.096857,-0.021552,0.089308,-0.933827,-0.933827,-0.933827,-0.933827
27.321766,0.107458,-0.100821,-0.024898,0.085777,-0.965298,-0.965298,-0.965298,-0.965298
27.331226,0.105631,-0.104719,-0.027537,0.083249,-0.993679,-0.993679,-0.993679,-0.993679
27.341778,0.102897,-0.109388,-0.031366,0.080077,-1.025331,-1.025331,-1.025331,-1.025331
27.351274,0.100290,-0.113512,-0.034798,0.076939,-1.053824,-1.053824,-1.053824,-1.053824
27.361822,0.097989,-0.117326,-0.037656,0.073969,-1.085467,-1.085467,-1.085467,-1.085467
27.371286,0.095766,-0.121057,-0.040418,0.071066,-1.113861,-1.113861,-1.113861,-1.113861
27.381834,0.093571,-0.124892,-0.043045,0.068244,-1.145499,-1.145499,-1.145499,-1.145499
27.391327,0.091210,-0.128917,-0.046065,0.065223,-1.173983,-1.173983,-1.173983,-1.173983
27.401823,0.087808,-0.133451,-0.049917,0.061248,-1.205470,-1.205470,-1.205470,-1.205470
27.411276,0.085433,-0.137363,-0.053063,0.058218,-1.233825,-1.233825,-1.233825,-1.233825
27.421818,0.083016,-0.141390,-0.056182,0.055245,-1.265455,-1.265455,-1.265455,-1.265455
27.431276,0.080671,-0.145293,-0.059303,0.052098,-1.293826,-1.293826,-1.293826,-1.293826
27.441820,0.078145,-0.149191,-0.062465,0.048872,-1.325461,-1.325461,-1.325461,-1.325461
27.451273,0.075573,-0.153171,-0.065680,0.045685,-1.353820,-1.353820,-1.353820,-1.353820
27.461819,0.072792,-0.157354,-0.069188,0.042324,-1.385454,-1.385454,-1.385454,-1.385454
27.471277,0.069988,-0.161616,-0.072937,0.038789,-1.413834,-1.413834,-1.413834,-1.413834
27.481829,0.066204,-0.166751,-0.077656,0.034210,-1.445485,-1.445485,-1.445485,-1.445485
27.491278,0.062834,-0.171493,-0.082171,0.030412,-1.473834,-1.473834,-1.473834,-1.473834
27.501818,0.060698,-0.175488,-0.085499,0.027649,-1.505454,-1.505454,-1.505454,-1.505454
27.511240,0.059058,-0.179469,-0.088338,0.025157,-1.533722,-1.533722,-1.533722,-1.533722
27.521788,0.057449,-0.183695,-0.091349,0.022842,-1.565361,-1.565361,-1.565361,-1.565361
27.531221,0.054542,-0.188764,-0.095516,0.019337,-1.593666,-1.593666,-1.593666,-1.593666
27.541756,0.053209,-0.193127,-0.098474,0.017324,-1.625269,-1.625269,-1.625269,-1.625269
27.551222,0.052070,-0.197377,-0.101212,0.015307,-1.653664,-1.653664,-1.653664,-1.653664
27.561760,0.049520,-0.202547,-0.105169,0.012012,-1.685277,-1.685277,-1.685277,-1.685277
27.571222,0.048480,-0.206863,-0.108273,0.010038,-1.713668,-1.713668,-1.713668,-1.713668
27.581770,0.046071,-0.211796,-0.112274,0.006840,-1.745310,-1.745310,-1.745310,-1.745310
27.591223,0.045212,-0.215605,-0.114773,0.005147,-1.773671,-1.773671,-1.773671,-1.773671
27.601772,0.044170,-0.219510,-0.117421,0.003482,-1.805318,-1.805318,-1.805318,-1.805318
27.611176,0.043710,-0.222943,-0.119629,0.002117,-1.833524,-1.833524,-1.833524,-1.833524
27.621723,0.043273,-0.226486,-0.121745,0.000824,-1.865169,-1.865169,-1.865169,-1.865169
27.631224,0.041317,-0.231018,-0.125095,-0.001850,-1.893671,-1.893671,-1.893671,-1.893671
27.641773,0.041133,-0.234233,-0.127040,-0.002977,-1.925320,-1.925320,-1.925320,-1.925320
27.651222,0.040839,-0.237506,-0.128857,-0.004044,-1.953664,-1.953664,-1.953664,-1.953664
27.661766,0.040967,-0.240461,-0.130227,-0.004893,-1.985298,-1.985298,-1.985298,-1.985298
27.671228,0.041501,-0.243163,-0.131285,-0.005400,-2.013687,-2.013687,-2.013687,-2.013687
27.681778,0.039913,-0.247338,-0.134329,-0.007752,-2.045333,-2.045333,-2.045333,-2.045333
27.691183,0.039957,-0.250251,-0.135965,-0.008489,-2.073547,-2.073547,-2.073547,-2.073547
27.701725,0.040007,-0.253170,-0.137599,-0.009188,-2.105173,-2.105173,-2.105173,-2.105173
27.711180,0.040186,-0.255981,-0.139200,-0.009695,-2.133539,-2.133539,-2.133539,-2.133539
27.721710,0.040530,-0.258504,-0.140387,-0.010178,-2.165133,-2.165133,-2.165133,-2.165133
27.731173,0.038944,-0.262403,-0.143175,-0.012324,-2.193520,-2.193520,-2.193520,-2.193520
27.741730,0.039076,-0.264733,-0.144357,-0.012867,-2.225192,-2.225192,-2.225192,-2.225192
27.751169,0.039240,-0.267101,-0.145605,-0.013211,-2.253507,-2.253507,-2.253507,-2.253507
27.761702,0.039430,-0.269480,-0.146873,-0.013628,-2.285102,-2.285102,-2.285102,-2.285102
27.771172,0.039691,-0.271787,-0.148109,-0.014052,-2.313513,-2.313513,-2.313513,-2.313513
27.781706,0.038399,-0.275093,-0.150501,-0.016020,-2.345117,-2.345117,-2.345117,-2.345117
27.791170,0.039206,-0.276930,-0.151050,-0.016097,-2.373513,-2.373513,-2.373513,-2.373513
27.801706,0.039361,-0.279486,-0.152484,-0.016410,-2.405117,-2.405117,-2.405117,-2.405117
27.811171,0.038006,-0.282872,-0.155245,-0.018260,-2.433511,-2.433511,-2.433511,-2.433511
27.821703,0.039069,-0.284371,-0.155754,-0.018090,-2.465111,-2.465111,-2.465111,-2.465111
27.831171,0.039758,-0.286130,-0.156573,-0.018220,-2.493512,-2.493512,-2.493512,-2.493512
27.841705,0.038496,-0.289195,-0.159086,-0.020046,-2.525113,-2.525113,-2.525113,-2.525113
27.852196,0.038945,-0.291002,-0.160084,-0.020096,-2.556589,-2.556589,-2.556589,-2.556589
27.862722,0.039411,-0.292758,-0.160901,-0.020142,-2.588165,-2.588165,-2.588165,-2.588165
27.872171,0.039951,-0.294432,-0.161681,-0.020178,-2.616515,-2.616515,-2.616515,-2.616515
27.882715,0.040385,-0.296106,-0.162315,-0.020143,-2.648145,-2.648145,-2.648145,-2.648145
27.892172,0.039226,-0.298983,-0.164320,-0.021792,-2.676516,-2.676516,-2.676516,-2.676516
27.902716,0.040330,-0.300142,-0.164361,-0.021391,-2.708149,-2.708149,-2.708149,-2.708149
27.913221,0.040709,-0.301955,-0.165405,-0.021401,-2.739664,-2.739664,-2.739664,-2.739664
27.922737,0.041472,-0.303324,-0.166201,-0.021203,-2.768209,-2.768209,-2.768209,-2.768209
27.932171,0.042498,-0.304565,-0.166677,-0.020849,-2.796515,-2.796515,-2.796515,-2.796515
27.942719,0.042545,-0.306711,-0.168141,-0.021017,-2.828156,-2.828156,-2.828156,-2.828156
27.952271,0.042567,-0.308253,-0.169337,-0.021205,-2.856809,-2.856809,-2.856809,-2.856809
27.962814,0.043242,-0.309369,-0.169869,-0.021197,-2.888444,-2.888444,-2.888444,-2.888444
27.972279,0.042150,-0.311917,-0.171873,-0.022839,-2.916838,-2.916838,-2.916838,-2.916838
27.982828,0.042830,-0.312935,-0.172128,-0.022717,-2.948484,-2.948484,-2.948484,-2.948484
27.992279,0.043607,-0.313970,-0.172397,-0.022454,-2.976835,-2.976835,-2.976835,-2.976835
28.002823,0.044290,-0.315009,-0.172879,-0.022250,-2.991530,-2.991530,-2.991530,-2.991530
28.012327,0.044899,-0.316138,-0.173445,-0.021986,-2.963017,-2.963017,-2.963017,-2.963017
28.022869,0.045516,-0.317231,-0.174111,-0.021711,-2.931395,-2.931395,-2.931395,-2.931395
28.032330,0.045924,-0.318519,-0.175067,-0.021636,-2.903012,-2.903012,-2.903012,-2.903012
28.042875,0.046166,-0.319831,-0.176059,-0.021693,-2.871374,-2.871374,-2.871374,-2.871374
28.052359,0.046739,-0.320757,-0.176444,-0.023269,-2.842924,-2.842924,-2.842924,-2.842924
28.062895,0.047029,-0.321823,-0.176981,-0.023131,-2.811314,-2.811314,-2.811314,-2.811314
28.072351,0.045642,-0.324337,-0.179158,-0.024672,-2.782943,-2.782943,-2.782943,-2.782943
28.082899,0.046113,-0.325223,-0.179596,-0.024473,-2.751301,-2.751301,-2.751301,-2.751301
28.092384,0.046677,-0.326120,-0.179936,-0.024194,-2.722846,-2.722846,-2.722846,-2.722846
28.102930,0.047295,-0.326921,-0.180272,-0.023981,-2.691212,-2.691212,-2.691212,-2.691212
28.112411,0.047935,-0.327691,-0.180684,-0.023764,-2.662763,-2.662763,-2.662763,-2.662763
28.122955,0.046873,-0.329921,-0.182574,-0.025122,-2.631135,-2.631135,-2.631135,-2.631135
28.132435,0.048154,-0.330286,-0.182345,-0.024494,-2.602697,-2.602697,-2.602697,-2.602697
28.142982,0.048815,-0.331187,-0.182746,-0.024120,-2.571052,-2.571052,-2.571052,-2.571052
28.152445,0.049655,-0.331770,-0.183043,-0.023667,-2.542668,-2.542668,-2.542668,-2.542668
28.162981,0.050488,-0.332384,-0.183317,-0.023275,-2.511055,-2.511055,-2.511055,-2.511055
28.172436,0.048802,-0.335218,-0.185940,-0.025056,-2.482693,-2.482693,-2.482693,-2.482693
28.182980,0.049127,-0.335839,-0.186256,-0.024791,-2.451063,-2.451063,-2.451063,-2.451063
28.192432,0.049690,-0.336496,-0.186445,-0.024439,-2.422702,-2.422702,-2.422702,-2.422702
28.202972,0.050256,-0.337112,-0.186611,-0.024037,-2.391083,-2.391083,-2.391083,-2.391083
28.212433,0.050834,-0.337784,-0.186771,-0.023616,-2.362701,-2.362701,-2.362701,-2.362701
28.222971,0.049437,-0.339927,-0.188560,-0.025106,-2.331084,-2.331084,-2.331084,-2.331084
28.232435,0.049956,-0.340419,-0.188561,-0.024751,-2.302694,-2.302694,-2.302694,-2.302694
28.242979,0.050562,-0.340889,-0.188537,-0.024317,-2.271063,-2.271063,-2.271063,-2.271063
28.252432,0.051012,-0.341482,-0.188647,-0.023927,-2.242702,-2.242702,-2.242702,-2.242702
28.262955,0.051405,-0.342098,-0.188762,-0.023602,-2.211133,-2.211133,-2.211133,-2.211133
28.272404,0.050058,-0.344310,-0.190499,-0.025030,-2.182791,-2.182791,-2.182791,-2.182791
28.282938,0.050031,-0.345037,-0.191080,-0.024945,-2.151186,-2.151186,-2.151186,-2.151186
28.292376,0.049927,-0.345755,-0.192014,-0.024938,-2.122871,-2.122871,-2.122871,-2.122871
28.302910,0.050553,-0.345938,-0.191987,-0.024548,-2.091269,-2.091269,-2.091269,-2.091269
28.312458,0.051234,-0.346210,-0.191842,-0.024136,-2.062624,-2.062624,-2.062624,-2.062624
28.323002,0.050057,-0.348073,-0.193530,-0.025522,-2.030994,-2.030994,-2.030994,-2.030994
28.332485,0.050587,-0.348481,-0.193562,-0.025034,-2.002544,-2.002544,-2.002544,-2.002544
28.343025,0.051549,-0.348587,-0.193122,-0.024428,-1.970923,-1.970923,-1.970923,-1.970923
28.352448,0.052925,-0.348487,-0.192186,-0.023510,-1.942659,-1.942659,-1.942659,-1.942659
28.362991,0.053671,-0.348911,-0.191850,-0.022908,-1.911026,-1.911026,-1.911026,-1.911026
28.372391,0.054343,-0.349256,-0.191876,-0.022483,-1.882826,-1.882826,-1.882826,-1.882826
28.382933,0.055156,-0.349240,-0.191598,-0.022058,-1.851202,-1.851202,-1.851202,-1.851202
28.392376,0.054027,-0.351026,-0.193080,-0.023384,-1.822871,-1.822871,-1.822871,-1.822871
28.402908,0.053124,-0.352220,-0.194558,-0.023630,-1.791274,-1.791274,-1.791274,-1.791274
28.412401,0.053069,-0.352594,-0.195369,-0.023570,-1.762795,-1.762795,-1.762795,-1.762795
28.422945,0.051878,-0.354244,-0.196939,-0.024984,-1.731167,-1.731167,-1.731167,-1.731167
28.432384,0.052461,-0.354384,-0.196643,-0.024501,-1.702848,-1.702848,-1.702848,-1.702848
28.442928,0.053162,-0.354576,-0.196483,-0.023961,-1.671217,-1.671217,-1.671217,-1.671217
28.452394,0.051974,-0.356380,-0.198118,-0.025242,-1.642818,-1.642818,-1.642818,-1.642818
28.462938,0.052804,-0.356377,-0.197650,-0.024559,-1.611187,-1.611187,-1.611187,-1.611187
28.472378,0.053984,-0.356127,-0.196797,-0.023750,-1.582865,-1.582865,-1.582865,-1.582865
28.482920,0.052716,-0.357857,-0.198406,-0.025136,-1.551241,-1.551241,-1.551241,-1.551241
28.492382,0.053597,-0.357350,-0.198079,-0.024579,-1.522854,-1.522854,-1.522854,-1.522854
28.502937,0.054780,-0.356547,-0.197418,-0.023828,-1.491189,-1.491189,-1.491189,-1.491189
28.512394,0.053616,-0.357654,-0.199036,-0.025074,-1.462819,-1.462819,-1.462819,-1.462819
28.522942,0.054330,-0.356677,-0.198917,-0.024554,-1.431175,-1.431175,-1.431175,-1.431175
28.532436,0.054952,-0.355685,-0.198858,-0.024101,-1.402690,-1.402690,-1.402690,-1.402690
28.542986,0.053871,-0.356166,-0.200283,-0.025427,-1.371042,-1.371042,-1.371042,-1.371042
28.552437,0.054470,-0.354768,-0.199505,-0.024956,-1.342689,-1.342689,-1.342689,-1.342689
28.562981,0.055097,-0.353214,-0.198558,-0.024456,-1.311059,-1.311059,-1.311059,-1.311059
28.572432,0.055826,-0.351470,-0.197540,-0.023928,-1.282707,-1.282707,-1.282707,-1.282707
28.582966,0.056449,-0.349606,-0.196304,-0.023537,-1.251103,-1.251103,-1.251103,-1.251103
28.592442,0.057003,-0.347622,-0.195092,-0.023135,-1.222678,-1.222678,-1.222678,-1.222678
28.602985,0.057621,-0.345468,-0.193592,-0.022461,-1.191046,-1.191046,-1.191046,-1.191046
28.612436,0.058079,-0.343264,-0.191951,-0.021670,-1.162691,-1.162691,-1.162691,-1.162691
28.622976,0.056112,-0.342880,-0.192416,-0.022787,-1.131074,-1.131074,-1.131074,-1.131074
28.632435,0.055966,-0.341080,-0.191706,-0.022076,-1.102697,-1.102697,-1.102697,-1.102697
28.642973,0.056387,-0.338764,-0.190123,-0.021089,-1.071084,-1.071084,-1.071084,-1.071084
28.652435,0.055652,-0.337568,-0.189523,-0.021515,-1.042695,-1.042695,-1.042695,-1.042695
28.662987,0.056964,-0.334746,-0.186973,-0.019937,-1.011039,-1.011039,-1.011039,-1.011039
28.672394,0.058412,-0.331809,-0.184446,-0.018169,-0.982821,-0.982821,-0.982821,-0.982821
28.682856,0.059824,-0.328835,-0.182045,-0.016356,-0.951434,-0.951434,-0.951434,-0.951434
28.692329,0.061270,-0.325836,-0.179557,-0.014545,-0.923011,-0.923011,-0.923011,-0.923011
28.702879,0.061141,-0.324177,-0.178581,-0.014326,-0.891361,-0.891361,-0.891361,-0.891361
28.712332,0.062591,-0.321021,-0.175970,-0.012342,-0.863007,-0.863007,-0.863007,-0.863007
28.722879,0.064243,-0.317795,-0.173330,-0.010246,-0.831361,-0.831361,-0.831361,-0.831361
28.732340,0.065789,-0.314608,-0.170876,-0.008342,-0.802979,-0.802979,-0.802979,-0.802979
28.742865,0.067336,-0.311356,-0.168421,-0.006443,-0.771406,-0.771406,-0.771406,-0.771406
28.752354,0.069475,-0.307598,-0.165157,-0.003941,-0.742940,-0.742940,-0.742940,-0.742940
28.762884,0.071602,-0.304182,-0.162106,-0.001538,-0.711346,-0.711346,-0.711346,-0.711346
28.772341,0.072116,-0.304614,-0.160357,-0.000653,-0.682981,-0.682981,-0.682981,-0.682981
28.782881,0.074314,-0.300743,-0.157287,0.001862,-0.651360,-0.651360,-0.651360,-0.651360
28.792324,0.076475,-0.296992,-0.154239,0.004475,-0.623027,-0.623027,-0.623027,-0.623027
28.802879,0.078702,-0.293155,-0.151074,0.007098,-0.591362,-0.591362,-0.591362,-0.591362
28.812326,0.081016,-0.289298,-0.147919,0.009829,-0.563022,-0.563022,-0.563022,-0.563022
28.822863,0.081848,-0.288571,-0.148817,0.011119,-0.531412,-0.531412,-0.531412,-0.531412
28.832331,0.084250,-0.284547,-0.145531,0.013880,-0.503010,-0.503010,-0.503010,-0.503010
28.842878,0.086586,-0.280540,-0.142304,0.016597,-0.471363,-0.471363,-0.471363,-0.471363
28.852339,0.088928,-0.276480,-0.139179,0.019368,-0.442985,-0.442985,-0.442985,-0.442985
28.862896,0.091744,-0.272118,-0.135585,0.022397,-0.411312,-0.411312,-0.411312,-0.411312
28.872383,0.093115,-0.270234,-0.135115,0.021085,-0.382849,-0.382849,-0.382849,-0.382849
28.882935,0.095858,-0.265812,-0.131429,0.024330,-0.351195,-0.351195,-0.351195,-0.351195
28.892439,0.098598,-0.261427,-0.127881,0.027504,-0.322685,-0.322685,-0.322685,-0.322685
28.902988,0.101308,-0.257041,-0.124335,0.030591,-0.291035,-0.291035,-0.291035,-0.291035
28.912394,0.104105,-0.252517,-0.120649,0.033703,-0.262817,-0.262817,-0.262817,-0.262817
28.922932,0.106876,-0.247918,-0.116866,0.036938,-0.231205,-0.231205,-0.231205,-0.231205
28.932384,0.109551,-0.243377,-0.113182,0.040129,-0.202846,-0.202846,-0.202846,-0.202846
28.942938,0.108844,-0.239723,-0.111405,0.040403,-0.171189,-0.171189,-0.171189,-0.171189
28.952438,0.111769,-0.234672,-0.107761,0.043836,-0.142683,-0.142683,-0.142683,-0.142683
28.963001,0.114695,-0.229451,-0.104095,0.047100,-0.110995,-0.110995,-0.110995,-0.110995
28.972494,0.117679,-0.224097,-0.100377,0.050383,-0.082516,-0.082516,-0.082516,-0.082516
28.983046,0.120681,-0.218457,-0.096404,0.053720,-0.050864,-0.050864,-0.050864,-0.050864
28.992542,0.121079,-0.212684,-0.093403,0.054937,-0.022372,-0.022372,-0.022372,-0.022372
29.003090,0.124048,-0.206242,-0.089277,0.058407,0.009270,0.009270,0.009270,0.009270
29.012655,0.126952,-0.199112,-0.085042,0.061842,0.037967,0.037967,0.037967,0.037967
29.023182,0.129820,-0.192073,-0.080631,0.065106,0.069545,0.069545,0.069545,0.069545
29.032692,0.134321,-0.185749,-0.075567,0.069502,0.098079,0.098079,0.098079,0.098079
29.042171,0.136874,-0.180375,-0.071043,0.072945,0.126514,0.126514,0.126514,0.126514
29.052729,0.140454,-0.176088,-0.066224,0.077404,0.158185,0.158185,0.158185,0.158185
29.063238,0.141536,-0.170219,-0.060130,0.080124,0.189716,0.189716,0.189716,0.189716
29.072741,0.143793,-0.165200,-0.055681,0.083631,0.218223,0.218223,0.218223,0.218223
29.082226,0.146168,-0.160604,-0.051639,0.087034,0.246677,0.246677,0.246677,0.246677
29.092752,0.150147,-0.156683,-0.047944,0.094540,0.278255,0.278255,0.278255,0.278255
29.102243,0.153968,-0.150890,-0.042704,0.097275,0.306728,0.306728,0.306728,0.306728
29.112803,0.158371,-0.143717,-0.037114,0.102300,0.338405,0.338405,0.338405,0.338405
29.122284,0.159120,-0.138710,-0.032843,0.106420,0.366853,0.366853,0.366853,0.366853
29.132832,0.162321,-0.131751,-0.027415,0.110835,0.398493,0.398493,0.398493,0.398493
29.142334,0.165255,-0.127297,-0.023869,0.114601,0.427002,0.427002,0.427002,0.427002
29.152893,0.168316,-0.122854,-0.020304,0.118281,0.458679,0.458679,0.458679,0.458679
29.162384,0.171501,-0.118257,-0.016483,0.121967,0.487153,0.487153,0.487153,0.487153
29.172937,0.174649,-0.113675,-0.012549,0.125728,0.518810,0.518810,0.518810,0.518810
29.182383,0.179157,-0.105901,-0.005868,0.131072,0.547148,0.547148,0.547148,0.547148
29.192924,0.183387,-0.100606,-0.000687,0.135462,0.578772,0.578772,0.578772,0.578772
29.202383,0.186808,-0.096081,0.003611,0.139241,0.607147,0.607147,0.607147,0.607147
29.212894,0.189452,-0.092012,0.006768,0.142476,0.638684,0.638684,0.638684,0.638684
29.222387,0.192037,-0.087703,0.009712,0.145562,0.667160,0.667160,0.667160,0.667160
29.232935,0.194533,-0.083351,0.012871,0.148584,0.698802,0.698802,0.698802,0.698802
29.242388,0.197046,-0.078911,0.016215,0.151653,0.727166,0.727166,0.727166,0.727166
29.252935,0.199584,-0.074498,0.019654,0.154876,0.758805,0.758805,0.758805,0.758805
29.262436,0.204594,-0.070079,0.023415,0.160942,0.787307,0.787307,0.787307,0.787307
29.272995,0.206968,-0.065955,0.026611,0.163981,0.818983,0.818983,0.818983,0.818983
29.282494,0.209459,-0.061709,0.029898,0.167107,0.847478,0.847478,0.847478,0.847478
29.293047,0.215026,-0.057074,0.033622,0.173542,0.879143,0.879143,0.879143,0.879143
29.302544,0.217096,-0.052760,0.036935,0.176355,0.907629,0.907629,0.907629,0.907629
29.313082,0.219205,-0.048498,0.040334,0.179258,0.939246,0.939246,0.939246,0.939246
29.322493,0.221811,-0.043824,0.044056,0.182526,0.967480,0.967480,0.967480,0.967480
29.333036,0.223822,-0.039705,0.047090,0.185293,0.999110,0.999110,0.999110,0.999110
29.342489,0.221663,-0.041421,0.044800,0.183775,1.027468,1.027468,1.027468,1.027468
29.353037,0.224489,-0.036444,0.048676,0.187316,1.059111,1.059111,1.059111,1.059111
29.362450,0.226732,-0.032204,0.051852,0.190310,1.087350,1.087350,1.087350,1.087350
29.373005,0.228572,-0.028116,0.054797,0.192883,1.119017,1.119017,1.119017,1.119017
29.382452,0.230041,-0.030893,0.051121,0.190281,1.147355,1.147355,1.147355,1.147355
29.393002,0.232082,-0.026342,0.054451,0.193508,1.179007,1.179007,1.179007,1.179007
29.402485,0.234332,-0.021861,0.057907,0.196729,1.207456,1.207456,1.207456,1.207456
29.413029,0.236962,-0.016992,0.061912,0.200252,1.239089,1.239089,1.239089,1.239089
29.422483,0.239952,-0.011968,0.066241,0.203885,1.267449,1.267449,1.267449,1.267449
29.433023,0.242585,-0.007407,0.070036,0.207183,1.299070,1.299070,1.299070,1.299070
29.442484,0.245099,-0.002732,0.073783,0.210516,1.327451,1.327451,1.327451,1.327451
29.453020,0.248367,0.002675,0.078299,0.214469,1.359058,1.359058,1.359058,1.359058
29.462484,0.250775,0.007139,0.081852,0.217654,1.387453,1.387453,1.387453,1.387453
29.473032,0.253185,0.011800,0.085564,0.220927,1.419096,1.419096,1.419096,1.419096
29.482487,0.255471,0.016349,0.089275,0.224130,1.447459,1.447459,1.447459,1.447459
29.493027,0.257905,0.021022,0.093078,0.227366,1.479082,1.479082,1.479082,1.479082
29.502445,0.261659,0.026720,0.098122,0.231656,1.507334,1.507334,1.507334,1.507334
29.512987,0.264128,0.031153,0.102035,0.234931,1.538962,1.538962,1.538962,1.538962
29.522432,0.266692,0.035515,0.106071,0.238410,1.567299,1.567299,1.567299,1.567299
29.532963,0.271123,0.041224,0.111823,0.243329,1.598887,1.598887,1.598887,1.598887
29.542440,0.273672,0.044946,0.115417,0.246728,1.627324,1.627324,1.627324,1.627324
29.552996,0.275858,0.048543,0.118528,0.249938,1.658987,1.658987,1.658987,1.658987
29.562452,0.278073,0.052062,0.121535,0.253276,1.687354,1.687354,1.687354,1.687354
29.572989,0.280336,0.055459,0.124419,0.256599,1.718963,1.718963,1.718963,1.718963
29.582443,0.283825,0.059847,0.128419,0.260980,1.747330,1.747330,1.747330,1.747330
29.593010,0.285713,0.062745,0.130743,0.263954,1.779030,1.779030,1.779030,1.779030
29.602503,0.286707,0.065170,0.132382,0.266377,1.807507,1.807507,1.807507,1.807507
29.613054,0.288014,0.067861,0.134372,0.269060,1.839163,1.839163,1.839163,1.839163
29.622543,0.289883,0.070877,0.136994,0.271957,1.867631,1.867631,1.867631,1.867631
29.633095,0.291705,0.073623,0.139554,0.274756,1.899286,1.899286,1.899286,1.899286
29.642595,0.293643,0.076348,0.141863,0.277451,1.927784,1.927784,1.927784,1.927784
29.653120,0.296826,0.080317,0.145381,0.281218,1.959359,1.959359,1.959359,1.959359
29.662622,0.288791,0.073347,0.137695,0.274176,1.987867,1.987867,1.987867,1.987867
29.673174,0.290640,0.076292,0.140017,0.276768,2.019520,2.019520,2.019520,2.019520
29.682695,0.283094,0.069853,0.132957,0.270033,2.048084,2.048084,2.048084,2.048084
29.692175,0.285165,0.072696,0.135501,0.272876,2.076526,2.076526,2.076526,2.076526
29.702713,0.277977,0.066212,0.128761,0.266590,2.108137,2.108137,2.108137,2.108137
29.713230,0.279934,0.068962,0.131141,0.269407,2.139692,2.139692,2.139692,2.139692
29.722734,0.281702,0.071525,0.133336,0.272128,2.168205,2.168205,2.168205,2.168205
29.732224,0.283969,0.074582,0.136086,0.274968,2.196669,2.196669,2.196669,2.196669
29.742765,0.276915,0.068265,0.129525,0.268537,2.228298,2.228298,2.228298,2.228298
29.752230,0.280737,0.072523,0.133574,0.272673,2.256689,2.256689,2.256689,2.256689
29.762770,0.284389,0.076299,0.137415,0.276179,2.288307,2.288307,2.288307,2.288307
29.772232,0.287339,0.079482,0.140694,0.279257,2.316694,2.316694,2.316694,2.316694
29.782785,0.289302,0.081917,0.142665,0.281657,2.348358,2.348358,2.348358,2.348358
29.792278,0.291181,0.084412,0.144461,0.283902,2.376837,2.376837,2.376837,2.376837
29.802818,0.292933,0.086921,0.146567,0.286269,2.408454,2.408454,2.408454,2.408454
29.812277,0.294519,0.089334,0.148599,0.288492,2.436833,2.436833,2.436833,2.436833
29.822832,0.297370,0.092899,0.151848,0.291934,2.468495,2.468495,2.468495,2.468495
29.832277,0.298744,0.095025,0.153556,0.293932,2.496832,2.496832,2.496832,2.496832
29.842831,0.300060,0.097013,0.155209,0.295918,2.528491,2.528491,2.528491,2.528491
29.852327,0.301015,0.098757,0.156573,0.297703,2.556984,2.556984,2.556984,2.556984
29.862873,0.302162,0.100731,0.158310,0.299701,2.588622,2.588622,2.588622,2.588622
29.872328,0.304237,0.103280,0.160722,0.301964,2.616986,2.616986,2.616986,2.616986
29.882875,0.304817,0.104559,0.161799,0.303366,2.648624,2.648624,2.648624,2.648624
29.892340,0.306916,0.107440,0.164131,0.306097,2.677017,2.677017,2.677017,2.677017
29.902901,0.307648,0.109114,0.165379,0.307517,2.708700,2.708700,2.708700,2.708700
29.912388,0.308370,0.110681,0.166640,0.308899,2.737161,2.737161,2.737161,2.737161
29.922916,0.309174,0.112298,0.167733,0.310250,2.768747,2.768747,2.768747,2.768747
29.932337,0.309773,0.113801,0.168864,0.311584,2.797011,2.797011,2.797011,2.797011
29.942892,0.310021,0.115055,0.169588,0.312597,2.828675,2.828675,2.828675,2.828675
29.952389,0.310096,0.116133,0.170047,0.313515,2.857169,2.857169,2.857169,2.857169
29.962944,0.312573,0.119274,0.172846,0.316415,2.888833,2.888833,2.888833,2.888833
29.972437,0.313069,0.120507,0.173914,0.317594,2.917312,2.917312,2.917312,2.917312
29.982985,0.313526,0.121752,0.174892,0.318699,2.948954,2.948954,2.948954,2.948954
29.992432,0.315083,0.123797,0.176900,0.320361,2.977295,2.977295,2.977295,2.977295
30.002972,0.315555,0.124903,0.177943,0.321377,2.991084,2.991084,2.991084,2.991084
30.012503,0.315846,0.125903,0.178416,0.322235,2.962492,2.962492,2.962492,2.962492
30.023045,0.316073,0.127022,0.178965,0.322946,2.930865,2.930865,2.930865,2.930865
30.032543,0.318016,0.129528,0.181123,0.325338,2.902369,2.902369,2.902369,2.902369
30.043097,0.318122,0.130544,0.181876,0.326073,2.870709,2.870709,2.870709,2.870709
30.052599,0.317852,0.131093,0.182073,0.326597,2.842203,2.842203,2.842203,2.842203
30.063120,0.317275,0.131541,0.181840,0.326903,2.810638,2.810638,2.810638,2.810638
30.072622,0.307620,0.122957,0.172682,0.318023,2.782131,2.782131,2.782131,2.782131
30.083120,0.308015,0.124109,0.173554,0.318935,2.750641,2.750641,2.750641,2.750641
30.092569,0.298879,0.115756,0.165057,0.310406,2.722292,2.722292,2.722292,2.722292
30.103045,0.301188,0.118627,0.167803,0.313063,2.690866,2.690866,2.690866,2.690866
30.112549,0.292444,0.110504,0.159649,0.304825,2.662354,2.662354,2.662354,2.662354
30.123116,0.293585,0.112051,0.161072,0.306286,2.630656,2.630656,2.630656,2.630656
30.132614,0.294829,0.113768,0.162663,0.307793,2.602157,2.602157,2.602157,2.602157
30.143124,0.296008,0.115381,0.164233,0.309326,2.570627,2.570627,2.570627,2.570627
30.152641,0.297131,0.116854,0.165589,0.310683,2.542075,2.542075,2.542075,2.542075
30.163172,0.297907,0.118102,0.166620,0.311873,2.510486,2.510486,2.510486,2.510486
30.172712,0.288404,0.109441,0.157311,0.303212,2.481863,2.481863,2.481863,2.481863
30.183224,0.289196,0.110922,0.158285,0.304600,2.450327,2.450327,2.450327,2.450327
30.192738,0.281284,0.103508,0.150743,0.297005,2.421790,2.421790,2.421790,2.421790
30.202173,0.283116,0.105517,0.152995,0.298985,2.393482,2.393482,2.393482,2.393482
30.212698,0.276140,0.098667,0.146451,0.291925,2.361908,2.361908,2.361908,2.361908
30.222174,0.278822,0.101158,0.149220,0.294396,2.333479,2.333479,2.333479,2.333479
30.232731,0.281056,0.103185,0.151313,0.296498,2.301808,2.301808,2.301808,2.301808
30.243221,0.284303,0.106509,0.154657,0.299748,2.270334,2.270334,2.270334,2.270334
30.252754,0.286055,0.108386,0.156542,0.301565,2.241740,2.241740,2.241740,2.241740
30.263285,0.287805,0.110264,0.158371,0.303303,2.210145,2.210145,2.210145,2.210145
30.272840,0.280132,0.102861,0.150805,0.295655,2.181477,2.181477,2.181477,2.181477
30.282328,0.281674,0.104669,0.152382,0.297440,2.153017,2.153017,2.153017,2.153017
30.292870,0.272900,0.096430,0.143772,0.289406,2.121389,2.121389,2.121389,2.121389
30.302330,0.274188,0.098214,0.145338,0.291336,2.093007,2.093007,2.093007,2.093007
30.312874,0.276330,0.100479,0.147723,0.293715,2.061377,2.061377,2.061377,2.061377
30.322334,0.280039,0.104116,0.151684,0.297381,2.032997,2.032997,2.032997,2.032997
30.332891,0.283495,0.107114,0.155379,0.300182,2.001323,2.001323,2.001323,2.001323
30.342379,0.287561,0.110662,0.159464,0.303883,1.972866,1.972866,1.972866,1.972866
30.352922,0.289192,0.112228,0.161169,0.305632,1.941234,1.941234,1.941234,1.941234
30.362385,0.290667,0.113956,0.162607,0.307163,1.912843,1.912843,1.912843,1.912843
30.372940,0.292031,0.115640,0.164073,0.308607,1.881181,1.881181,1.881181,1.881181
30.382393,0.293402,0.117294,0.165521,0.310037,1.852819,1.852819,1.852819,1.852819
30.392933,0.294732,0.118906,0.166961,0.311520,1.821204,1.821204,1.821204,1.821204
30.402384,0.296240,0.120542,0.168504,0.313011,1.792849,1.792849,1.792849,1.792849
30.412880,0.299621,0.123941,0.171795,0.316048,1.761360,1.761360,1.761360,1.761360
30.422335,0.301043,0.125386,0.173228,0.317301,1.732995,1.732995,1.732995,1.732995
30.432861,0.303385,0.128008,0.175671,0.319661,1.701417,1.701417,1.701417,1.701417
30.442282,0.305903,0.130378,0.178329,0.321632,1.673152,1.673152,1.673152,1.673152
30.452820,0.307473,0.131897,0.180285,0.323138,1.641543,1.641543,1.641543,1.641543
30.462276,0.308230,0.132826,0.181055,0.324064,1.613171,1.613171,1.613171,1.613171
30.472754,0.308878,0.133922,0.181732,0.324802,1.581737,1.581737,1.581737,1.581737
30.482172,0.309405,0.134967,0.182480,0.325549,1.553483,1.553483,1.553483,1.553483
30.492701,0.309668,0.135917,0.183197,0.326094,1.521896,1.521896,1.521896,1.521896
30.502172,0.311309,0.138342,0.185421,0.327890,1.493482,1.493482,1.493482,1.493482
30.512699,0.310959,0.139089,0.186121,0.327981,1.461900,1.461900,1.461900,1.461900
30.522175,0.310286,0.139794,0.186698,0.327726,1.433474,1.433474,1.433474,1.433474
30.532715,0.311127,0.142018,0.188725,0.328853,1.401853,1.401853,1.401853,1.401853
30.542171,0.310154,0.142648,0.188814,0.328187,1.373484,1.373484,1.373484,1.373484
30.552719,0.309335,0.143392,0.189175,0.327604,1.341843,1.341843,1.341843,1.341843
30.563223,0.309208,0.144512,0.190114,0.327226,1.310330,1.310330,1.310330,1.310330
30.572735,0.307947,0.144590,0.189826,0.326108,1.281794,1.281794,1.281794,1.281794
30.582222,0.306524,0.144661,0.189229,0.324787,1.253332,1.253332,1.253332,1.253332
30.592772,0.297435,0.135897,0.180178,0.315882,1.221686,1.221686,1.221686,1.221686
30.602228,0.297436,0.137322,0.181254,0.316111,1.193314,1.193314,1.193314,1.193314
30.612785,0.295864,0.137076,0.180741,0.314799,1.161645,1.161645,1.161645,1.161645
30.622240,0.293761,0.136434,0.179793,0.313167,1.133282,1.133282,1.133282,1.133282
30.632793,0.291306,0.135421,0.178289,0.311280,1.101621,1.101621,1.101621,1.101621
30.642277,0.289438,0.134747,0.177173,0.309478,1.073167,1.073167,1.073167,1.073167
30.652819,0.288984,0.135388,0.177566,0.309002,1.041542,1.041542,1.041542,1.041542
30.662283,0.287404,0.134724,0.176599,0.307088,1.013150,1.013150,1.013150,1.013150
30.672838,0.285763,0.134043,0.175778,0.305216,0.981484,0.981484,0.981484,0.981484
30.682331,0.283721,0.132950,0.174576,0.303111,0.953007,0.953007,0.953007,0.953007
30.692881,0.281475,0.131474,0.172955,0.300866,0.921360,0.921360,0.921360,0.921360
30.702330,0.279281,0.129976,0.171347,0.298638,0.893014,0.893014,0.893014,0.893014
30.712879,0.276949,0.128465,0.169700,0.296247,0.861364,0.861364,0.861364,0.861364
30.722340,0.275815,0.128193,0.169298,0.295121,0.832984,0.832984,0.832984,0.832984
30.732889,0.273351,0.126375,0.167299,0.292496,0.801335,0.801335,0.801335,0.801335
30.742401,0.270817,0.124499,0.165251,0.289899,0.772799,0.772799,0.772799,0.772799
30.752928,0.268356,0.122450,0.163045,0.287243,0.741216,0.741216,0.741216,0.741216
30.762386,0.265824,0.120338,0.160850,0.284424,0.712840,0.712840,0.712840,0.712840
30.772926,0.263640,0.118446,0.159028,0.281694,0.681221,0.681221,0.681221,0.681221
30.782339,0.261952,0.116747,0.157693,0.279343,0.652980,0.652980,0.652980,0.652980
30.792891,0.263109,0.115696,0.160160,0.280131,0.621331,0.621331,0.621331,0.621331
30.802383,0.256632,0.108151,0.153040,0.273522,0.592852,0.592852,0.592852,0.592852
30.812937,0.253754,0.105683,0.150288,0.270337,0.561192,0.561192,0.561192,0.561192
30.822384,0.250962,0.103189,0.147687,0.267298,0.532847,0.532847,0.532847,0.532847
30.832937,0.248072,0.100621,0.145104,0.264236,0.501187,0.501187,0.501187,0.501187
30.842348,0.247737,0.101791,0.145913,0.263743,0.472954,0.472954,0.472954,0.472954
30.852919,0.243651,0.098250,0.142084,0.259799,0.441244,0.441244,0.441244,0.441244
30.862391,0.239930,0.095056,0.138806,0.256231,0.412827,0.412827,0.412827,0.412827
30.872952,0.237332,0.092577,0.136581,0.253285,0.381148,0.381148,0.381148,0.381148
30.882446,0.234623,0.089582,0.134134,0.250165,0.352663,0.352663,0.352663,0.352663
30.892998,0.233554,0.089447,0.134018,0.248651,0.321006,0.321006,0.321006,0.321006
30.902494,0.231144,0.086527,0.131604,0.245535,0.292515,0.292515,0.292515,0.292515
30.913046,0.228059,0.083113,0.128594,0.241990,0.260865,0.260865,0.260865,0.260865
30.922504,0.224804,0.079755,0.125371,0.238236,0.232487,0.232487,0.232487,0.232487
30.933058,0.221346,0.076403,0.122032,0.234178,0.200828,0.200828,0.200828,0.200828
30.942499,0.217871,0.073047,0.118841,0.230020,0.172505,0.172505,0.172505,0.172505
30.953007,0.214293,0.069661,0.115733,0.225874,0.140981,0.140981,0.140981,0.140981
30.962442,0.210222,0.066028,0.112316,0.221450,0.112676,0.112676,0.112676,0.112676
30.972950,0.207369,0.063819,0.109757,0.217340,0.081149,0.081149,0.081149,0.081149
30.982430,0.204512,0.060781,0.106940,0.212811,0.052711,0.052711,0.052711,0.052711
30.992971,0.198308,0.057202,0.103800,0.206123,0.021084,0.021084,0.021084,0.021084
31.002438,0.194065,0.053311,0.100531,0.201770,-0.007311,-0.007311,-0.007311,-0.007311
31.013023,0.190600,0.049648,0.097154,0.197751,-0.039073,-0.039073,-0.039073,-0.039073
31.022444,0.186623,0.046228,0.093475,0.192985,-0.067331,-0.067331,-0.067331,-0.067331
31.032997,0.183961,0.041607,0.088472,0.188993,-0.098989,-0.098989,-0.098989,-0.098989
31.042496,0.181664,0.037866,0.088355,0.185166,-0.127485,-0.127485,-0.127485,-0.127485
31.053038,0.178692,0.029919,0.082762,0.181486,-0.159115,-0.159115,-0.159115,-0.159115
31.062496,0.175084,0.022779,0.077174,0.177789,-0.187487,-0.187487,-0.187487,-0.187487
31.073057,0.171734,0.017430,0.072822,0.173864,-0.219171,-0.219171,-0.219171,-0.219171
31.082541,0.166655,0.010436,0.067764,0.168257,-0.247622,-0.247622,-0.247622,-0.247622
31.093096,0.162800,0.004987,0.063199,0.164034,-0.279288,-0.279288,-0.279288,-0.279288
31.102545,0.159330,0.000672,0.059871,0.161772,-0.307637,-0.307637,-0.307637,-0.307637
31.113094,0.153783,-0.004653,0.054637,0.155725,-0.339283,-0.339283,-0.339283,-0.339283
31.122591,0.152471,-0.008741,0.051882,0.153989,-0.367774,-0.367774,-0.367774,-0.367774
31.133120,0.149505,-0.013106,0.048229,0.150298,-0.399357,-0.399357,-0.399357,-0.399357
31.142605,0.149593,-0.016395,0.046466,0.149342,-0.427817,-0.427817,-0.427817,-0.427817
31.153130,0.146926,-0.020935,0.042942,0.145790,-0.459390,-0.459390,-0.459390,-0.459390
31.162603,0.144215,-0.025422,0.039420,0.142206,-0.487813,-0.487813,-0.487813,-0.487813
31.173122,0.141660,-0.029790,0.035977,0.138769,-0.519367,-0.519367,-0.519367,-0.519367
31.182623,0.142655,-0.032367,0.034857,0.138606,-0.547870,-0.547870,-0.547870,-0.547870
31.193119,0.140071,-0.036686,0.028331,0.134530,-0.579357,-0.579357,-0.579357,-0.579357
31.202589,0.141306,-0.038895,0.027689,0.134718,-0.607768,-0.607768,-0.607768,-0.607768
31.213120,0.137848,-0.045774,0.020901,0.130454,-0.639361,-0.639361,-0.639361,-0.639361
31.222616,0.139425,-0.047446,0.020569,0.130771,-0.667848,-0.667848,-0.667848,-0.667848
31.233118,0.136608,-0.051892,0.016926,0.126989,-0.699356,-0.699356,-0.699356,-0.699356
31.242609,0.133488,-0.056539,0.013233,0.123111,-0.727828,-0.727828,-0.727828,-0.727828
31.253128,0.130801,-0.060852,0.009746,0.119427,-0.759382,-0.759382,-0.759382,-0.759382
31.262621,0.133480,-0.061638,0.010531,0.120651,-0.787864,-0.787864,-0.787864,-0.787864
31.273119,0.130345,-0.066237,0.006821,0.116718,-0.819359,-0.819359,-0.819359,-0.819359
31.282614,0.132601,-0.067376,0.007059,0.118121,-0.847841,-0.847841,-0.847841,-0.847841
31.293119,0.128556,-0.072386,0.002443,0.113442,-0.879358,-0.879358,-0.879358,-0.879358
31.302608,0.131238,-0.072980,0.003010,0.114947,-0.907825,-0.907825,-0.907825,-0.907825
31.313120,0.126974,-0.078056,-0.001902,0.110023,-0.939362,-0.939362,-0.939362,-0.939362
31.322617,0.129179,-0.078934,-0.001776,0.111466,-0.967848,-0.967848,-0.967848,-0.967848
31.333118,0.125107,-0.084257,-0.006826,0.106734,-0.999355,-0.999355,-0.999355,-0.999355
31.342590,0.121121,-0.089472,-0.011697,0.102054,-1.027771,-1.027771,-1.027771,-1.027771
31.353096,0.116651,-0.094844,-0.016756,0.097301,-1.059287,-1.059287,-1.059287,-1.059287
31.362564,0.118926,-0.095125,-0.016339,0.099041,-1.087695,-1.087695,-1.087695,-1.087695
31.373110,0.114481,-0.100094,-0.021156,0.094007,-1.119328,-1.119328,-1.119328,-1.119328
31.382593,0.118548,-0.099615,-0.019048,0.096967,-1.147778,-1.147778,-1.147778,-1.147778
31.393120,0.114564,-0.104775,-0.023479,0.092387,-1.179359,-1.179359,-1.179359,-1.179359
31.402601,0.118572,-0.104084,-0.021486,0.095353,-1.207801,-1.207801,-1.207801,-1.207801
31.413120,0.114591,-0.109096,-0.025819,0.090590,-1.239360,-1.239360,-1.239360,-1.239360
31.422604,0.119365,-0.107901,-0.022719,0.094159,-1.267811,-1.267811,-1.267811,-1.267811
31.433119,0.114132,-0.113917,-0.028048,0.088538,-1.299354,-1.299354,-1.299354,-1.299354
31.442606,0.118996,-0.112288,-0.024936,0.092176,-1.327820,-1.327820,-1.327820,-1.327820
31.453119,0.114428,-0.118216,-0.030434,0.086819,-1.359356,-1.359356,-1.359356,-1.359356
31.462616,0.109160,-0.124555,-0.036702,0.081099,-1.387848,-1.387848,-1.387848,-1.387848
31.473120,0.104932,-0.130027,-0.041772,0.076202,-1.419358,-1.419358,-1.419358,-1.419358
31.482615,0.109836,-0.128291,-0.038658,0.080269,-1.447844,-1.447844,-1.447844,-1.447844
31.493118,0.105798,-0.134011,-0.044011,0.075426,-1.479355,-1.479355,-1.479355,-1.479355
31.502607,0.110835,-0.131993,-0.040859,0.079351,-1.507820,-1.507820,-1.507820,-1.507820
31.513121,0.105712,-0.138517,-0.046881,0.073689,-1.539362,-1.539362,-1.539362,-1.539362
31.522612,0.110630,-0.136352,-0.043482,0.077853,-1.567837,-1.567837,-1.567837,-1.567837
31.533121,0.106555,-0.142451,-0.048842,0.073194,-1.599362,-1.599362,-1.599362,-1.599362
31.542599,0.111909,-0.139888,-0.045189,0.077643,-1.627794,-1.627794,-1.627794,-1.627794
31.553112,0.108778,-0.145443,-0.049594,0.073425,-1.659335,-1.659335,-1.659335,-1.659335
31.562630,0.105712,-0.151066,-0.053996,0.069252,-1.687890,-1.687890,-1.687890,-1.687890
31.573172,0.102723,-0.156621,-0.058443,0.065353,-1.719513,-1.719513,-1.719513,-1.719513
31.582697,0.109019,-0.153508,-0.053864,0.070522,-1.748093,-1.748093,-1.748093,-1.748093
31.592175,0.105495,-0.159209,-0.058627,0.066195,-1.776523,-1.776523,-1.776523,-1.776523
31.602724,0.110932,-0.156593,-0.054988,0.070849,-1.808172,-1.808172,-1.808172,-1.808172
31.613228,0.106177,-0.163001,-0.060819,0.065556,-1.839683,-1.839683,-1.839683,-1.839683
31.622736,0.102599,-0.168349,-0.065667,0.061377,-1.868210,-1.868210,-1.868210,-1.868210
31.632181,0.099250,-0.173581,-0.070311,0.057364,-1.896543,-1.896543,-1.896543,-1.896543
31.642725,0.096038,-0.178750,-0.074722,0.053540,-1.928172,-1.928172,-1.928172,-1.928172
31.652222,0.093017,-0.183741,-0.078923,0.049968,-1.956668,-1.956668,-1.956668,-1.956668
31.662754,0.090137,-0.188582,-0.083096,0.046531,-1.988261,-1.988261,-1.988261,-1.988261
31.672226,0.086228,-0.194121,-0.088078,0.042154,-2.016675,-2.016675,-2.016675,-2.016675
31.682772,0.083607,-0.198799,-0.091929,0.039080,-2.048318,-2.048318,-2.048318,-2.048318
31.692225,0.080791,-0.203709,-0.096213,0.036046,-2.076674,-2.076674,-2.076674,-2.076674
31.702774,0.078214,-0.208300,-0.100075,0.033168,-2.108320,-2.108320,-2.108320,-2.108320
31.712225,0.076199,-0.212329,-0.103173,0.030479,-2.136672,-2.136672,-2.136672,-2.136672
31.722755,0.073001,-0.217282,-0.107240,0.026764,-2.168266,-2.168266,-2.168266,-2.168266
31.732225,0.071451,-0.221021,-0.109916,0.024452,-2.196675,-2.196675,-2.196675,-2.196675
31.742771,0.069936,-0.224748,-0.112481,0.022356,-2.228314,-2.228314,-2.228314,-2.228314
31.752220,0.068536,-0.228474,-0.115174,0.020361,-2.256662,-2.256662,-2.256662,-2.256662
31.762760,0.067548,-0.231753,-0.117523,0.018597,-2.288279,-2.288279,-2.288279,-2.288279
31.772226,0.065453,-0.235801,-0.120669,0.015674,-2.316677,-2.316677,-2.316677,-2.316677
31.782776,0.064457,-0.239269,-0.122948,0.013956,-2.348330,-2.348330,-2.348330,-2.348330
31.792223,0.063496,-0.242473,-0.125149,0.012402,-2.376667,-2.376667,-2.376667,-2.376667
31.802757,0.061988,-0.246029,-0.127956,0.010567,-2.408270,-2.408270,-2.408270,-2.408270
31.812223,0.060170,-0.249706,-0.131327,0.008471,-2.436669,-2.436669,-2.436669,-2.436669
31.822756,0.057876,-0.253462,-0.134798,0.005700,-2.468270,-2.468270,-2.468270,-2.468270
31.832226,0.057222,-0.256157,-0.136515,0.004430,-2.496675,-2.496675,-2.496675,-2.496675
31.842775,0.056662,-0.258877,-0.138268,0.003190,-2.528326,-2.528326,-2.528326,-2.528326
31.852222,0.056296,-0.261499,-0.139886,0.002136,-2.556668,-2.556668,-2.556668,-2.556668
31.862757,0.055872,-0.264090,-0.141400,0.001207,-2.588272,-2.588272,-2.588272,-2.588272
31.873234,0.055421,-0.266651,-0.142899,0.000273,-2.619702,-2.619702,-2.619702,-2.619702
31.882736,0.053469,-0.270279,-0.145738,-0.002176,-2.648208,-2.648208,-2.648208,-2.648208
31.893282,0.053169,-0.272636,-0.146955,-0.002969,-2.679846,-2.679846,-2.679846,-2.679846
31.903786,0.062818,-0.265542,-0.138507,0.005940,-2.711358,-2.711358,-2.711358,-2.711358
31.913279,0.062593,-0.268037,-0.140163,0.004936,-2.739838,-2.739838,-2.739838,-2.739838
31.923828,0.061488,-0.270891,-0.142618,0.003463,-2.771483,-2.771483,-2.771483,-2.771483
31.934336,0.070464,-0.263784,-0.135171,0.011876,-2.803005,-2.803005,-2.803005,-2.803005
31.944880,0.068192,-0.267413,-0.138416,0.009088,-2.834636,-2.834636,-2.834636,-2.834636
31.955393,0.067479,-0.269941,-0.140179,0.007894,-2.866176,-2.866176,-2.866176,-2.866176
31.964872,0.065153,-0.273627,-0.143276,0.005273,-2.894618,-2.894618,-2.894618,-2.894618
31.975380,0.064439,-0.275937,-0.144927,0.004132,-2.926138,-2.926138,-2.926138,-2.926138
31.985838,0.062300,-0.279383,-0.147940,0.001635,-2.957515,-2.957515,-2.957515,-2.957515
31.995275,0.061615,-0.281586,-0.149647,0.000531,-2.985829,-2.985829,-2.985829,-2.985829
32.005814,0.059164,-0.285165,-0.152933,-0.002198,3.000000,3.000000,3.000000,3.000000
32.015331,0.058492,-0.287151,-0.154493,-0.003221,3.000000,3.000000,3.000000,3.000000
32.025887,0.056207,-0.290486,-0.157337,-0.005699,3.000000,3.000000,3.000000,3.000000
32.035381,0.054623,-0.293082,-0.159838,-0.007042,3.000000,3.000000,3.000000,3.000000
32.045937,0.072575,-0.294865,-0.161379,0.010665,3.000000,3.000000,3.000000,3.000000
32.055435,0.090725,-0.296407,-0.162469,0.028168,3.000000,3.000000,3.000000,3.000000
32.065979,0.107636,-0.298300,-0.163664,0.044782,3.000000,3.000000,3.000000,3.000000
32.075439,0.123116,-0.301799,-0.166957,0.060008,3.000000,3.000000,3.000000,3.000000
32.085957,0.138600,-0.303418,-0.168480,0.075396,3.000000,3.000000,3.000000,3.000000
32.095432,0.153856,-0.305441,-0.170422,0.090473,3.000000,3.000000,3.000000,3.000000
32.105968,0.168149,-0.307511,-0.172646,0.104609,3.000000,3.000000,3.000000,3.000000
32.115402,0.181480,-0.309738,-0.174902,0.118034,3.000000,3.000000,3.000000,3.000000
32.125946,0.194789,-0.313211,-0.178540,0.131155,3.000000,3.000000,3.000000,3.000000
32.135433,0.207644,-0.314900,-0.180527,0.144067,3.000000,3.000000,3.000000,3.000000
32.145973,0.221269,-0.317011,-0.183235,0.156651,3.000000,3.000000,3.000000,3.000000
32.155434,0.234603,-0.320438,-0.187292,0.168716,3.000000,3.000000,3.000000,3.000000
32.165974,0.246268,-0.321225,-0.189109,0.180240,3.000000,3.000000,3.000000,3.000000
32.175438,0.256299,-0.323101,-0.192003,0.191183,3.000000,3.000000,3.000000,3.000000
32.185966,0.266257,-0.327082,-0.197015,0.201665,3.000000,3.000000,3.000000,3.000000
32.195442,0.276713,-0.328971,-0.200314,0.211671,3.000000,3.000000,3.000000,3.000000
32.206013,0.287016,-0.331017,-0.203157,0.221584,3.000000,3.000000,3.000000,3.000000
32.215485,0.296092,-0.332939,-0.206183,0.230582,3.000000,3.000000,3.000000,3.000000
32.226017,0.304773,-0.335137,-0.209009,0.240141,3.000000,3.000000,3.000000,3.000000
32.235443,0.314955,-0.336532,-0.211452,0.249990,3.000000,3.000000,3.000000,3.000000
32.245941,0.324391,-0.338392,-0.214211,0.259045,3.000000,3.000000,3.000000,3.000000
32.255386,0.333369,-0.340524,-0.217906,0.267230,3.000000,3.000000,3.000000,3.000000
32.265923,0.343041,-0.343837,-0.222411,0.276093,3.000000,3.000000,3.000000,3.000000
32.275391,0.351381,-0.344546,-0.224237,0.284247,3.000000,3.000000,3.000000,3.000000
32.285934,0.359153,-0.345595,-0.226947,0.291979,3.000000,3.000000,3.000000,3.000000
32.295429,0.366123,-0.347244,-0.230322,0.299450,3.000000,3.000000,3.000000,3.000000
32.305954,0.372623,-0.348780,-0.233734,0.306235,3.000000,3.000000,3.000000,3.000000
32.315434,0.379812,-0.351755,-0.238295,0.313383,3.000000,3.000000,3.000000,3.000000
32.325962,0.385277,-0.353645,-0.241816,0.319304,3.000000,3.000000,3.000000,3.000000
32.335438,0.389805,-0.356097,-0.246069,0.324350,3.000000,3.000000,3.000000,3.000000
32.345940,0.394638,-0.358277,-0.249932,0.329664,3.000000,3.000000,3.000000,3.000000
32.355434,0.399373,-0.359794,-0.252930,0.335214,3.000000,3.000000,3.000000,3.000000
32.365978,0.405061,-0.362516,-0.256598,0.341939,3.000000,3.000000,3.000000,3.000000
32.375435,0.411521,-0.364709,-0.260247,0.347568,3.000000,3.000000,3.000000,3.000000
32.385967,0.417292,-0.365656,-0.262375,0.353184,3.000000,3.000000,3.000000,3.000000
32.395439,0.423299,-0.368266,-0.266105,0.359493,3.000000,3.000000,3.000000,3.000000
32.405991,0.428261,-0.369799,-0.269205,0.364739,3.000000,3.000000,3.000000,3.000000
32.415485,0.432953,-0.371151,-0.272292,0.369697,3.000000,3.000000,3.000000,3.000000
32.426029,0.438347,-0.373779,-0.276376,0.375281,3.000000,3.000000,3.000000,3.000000
32.435482,0.442956,-0.375014,-0.279431,0.379843,3.000000,3.000000,3.000000,3.000000
32.446030,0.446395,-0.376235,-0.282097,0.384071,3.000000,3.000000,3.000000,3.000000
32.455482,0.449277,-0.377515,-0.284614,0.387995,3.000000,3.000000,3.000000,3.000000
32.466019,0.453201,-0.379424,-0.287716,0.392035,3.000000,3.000000,3.000000,3.000000
32.475491,0.458470,-0.382134,-0.291349,0.397181,3.000000,3.000000,3.000000,3.000000
32.486027,0.463126,-0.383340,-0.293651,0.401538,3.000000,3.000000,3.000000,3.000000
32.495487,0.467329,-0.384925,-0.296385,0.405537,3.000000,3.000000,3.000000,3.000000
32.506039,0.471350,-0.385913,-0.298621,0.409575,3.000000,3.000000,3.000000,3.000000
32.515488,0.475372,-0.386689,-0.301060,0.413339,3.000000,3.000000,3.000000,3.000000
32.526031,0.479189,-0.387574,-0.303432,0.417061,3.000000,3.000000,3.000000,3.000000
32.535488,0.482350,-0.388691,-0.305998,0.420496,3.000000,3.000000,3.000000,3.000000
32.546032,0.485536,-0.389896,-0.308809,0.423904,3.000000,3.000000,3.000000,3.000000
32.555450,0.489521,-0.392123,-0.312462,0.428114,3.000000,3.000000,3.000000,3.000000
32.565964,0.491520,-0.393229,-0.314524,0.431072,3.000000,3.000000,3.000000,3.000000
32.575382,0.494370,-0.394989,-0.317202,0.433950,3.000000,3.000000,3.000000,3.000000
32.585918,0.497738,-0.395872,-0.319135,0.437009,3.000000,3.000000,3.000000,3.000000
32.595379,0.501449,-0.396983,-0.320917,0.440382,3.000000,3.000000,3.000000,3.000000
32.605915,0.505398,-0.398448,-0.323211,0.443336,3.000000,3.000000,3.000000,3.000000
32.615376,0.509970,-0.400094,-0.325901,0.447564,3.000000,3.000000,3.000000,3.000000
32.625858,0.512784,-0.400768,-0.327959,0.450734,3.000000,3.000000,3.000000,3.000000
32.635277,0.514751,-0.401979,-0.330996,0.453129,3.000000,3.000000,3.000000,3.000000
32.645779,0.517056,-0.403225,-0.333829,0.455532,3.000000,3.000000,3.000000,3.000000
32.655224,0.519511,-0.404245,-0.336139,0.457986,3.000000,3.000000,3.000000,3.000000
32.665764,0.522680,-0.406640,-0.339358,0.461680,3.000000,3.000000,3.000000,3.000000
32.675224,0.524304,-0.406902,-0.340649,0.464075,3.000000,3.000000,3.000000,3.000000
32.685749,0.527660,-0.407474,-0.342121,0.467000,3.000000,3.000000,3.000000,3.000000
32.695221,0.531529,-0.407901,-0.343293,0.470076,3.000000,3.000000,3.000000,3.000000
32.705757,0.534985,-0.408470,-0.344511,0.472899,3.000000,3.000000,3.000000,3.000000
32.715221,0.539636,-0.410969,-0.348031,0.476215,3.000000,3.000000,3.000000,3.000000
32.725758,0.541575,-0.412026,-0.350138,0.478074,3.000000,3.000000,3.000000,3.000000
32.735222,0.542631,-0.412927,-0.352437,0.479728,3.000000,3.000000,3.000000,3.000000
32.745758,0.545630,-0.415887,-0.356472,0.482981,3.000000,3.000000,3.000000,3.000000
32.755226,0.547520,-0.416857,-0.358791,0.484721,3.000000,3.000000,3.000000,3.000000
32.765762,0.551309,-0.418826,-0.361916,0.487931,3.000000,3.000000,3.000000,3.000000
32.775223,0.553221,-0.419333,-0.363554,0.489711,3.000000,3.000000,3.000000,3.000000
32.785763,0.554410,-0.420231,-0.365602,0.490898,3.000000,3.000000,3.000000,3.000000
32.795181,0.555130,-0.421233,-0.367482,0.492267,3.000000,3.000000,3.000000,3.000000
32.805740,0.556077,-0.421309,-0.368720,0.493989,3.000000,3.000000,3.000000,3.000000
32.815182,0.558282,-0.423566,-0.371456,0.496997,3.000000,3.000000,3.000000,3.000000
32.825729,0.559691,-0.424430,-0.373170,0.498392,3.000000,3.000000,3.000000,3.000000
32.836185,0.562109,-0.425033,-0.374352,0.500384,3.000000,3.000000,3.000000,3.000000
32.845692,0.565583,-0.427232,-0.376819,0.503543,3.000000,3.000000,3.000000,3.000000
32.855171,0.567874,-0.427642,-0.378157,0.505242,3.000000,3.000000,3.000000,3.000000
32.865715,0.560401,-0.418365,-0.369860,0.497746,3.000000,3.000000,3.000000,3.000000
32.875172,0.562157,-0.418806,-0.371328,0.499643,3.000000,3.000000,3.000000,3.000000
32.885719,0.563952,-0.419195,-0.372769,0.501356,3.000000,3.000000,3.000000,3.000000
32.895233,0.566605,-0.421097,-0.375620,0.504032,3.000000,3.000000,3.000000,3.000000
32.905785,0.567349,-0.421457,-0.376714,0.505357,3.000000,3.000000,3.000000,3.000000
32.915234,0.568637,-0.422353,-0.378575,0.506403,3.000000,3.000000,3.000000,3.000000
32.925789,0.571362,-0.424873,-0.381433,0.509132,3.000000,3.000000,3.000000,3.000000
32.935276,0.572970,-0.425450,-0.382570,0.510507,3.000000,3.000000,3.000000,3.000000
32.945812,0.575454,-0.425417,-0.383074,0.512307,3.000000,3.000000,3.000000,3.000000
32.955276,0.578246,-0.425439,-0.383594,0.513897,3.000000,3.000000,3.000000,3.000000
32.965813,0.580252,-0.425386,-0.384270,0.515336,3.000000,3.000000,3.000000,3.000000
32.975281,0.581584,-0.425579,-0.385101,0.516915,3.000000,3.000000,3.000000,3.000000
32.985836,0.582707,-0.426005,-0.386368,0.518322,3.000000,3.000000,3.000000,3.000000
32.995331,0.583740,-0.426274,-0.387717,0.519439,3.000000,3.000000,3.000000,3.000000
33.005886,0.584476,-0.426770,-0.388796,0.520642,3.000000,3.000000,3.000000,3.000000
33.015434,0.584792,-0.426940,-0.389696,0.521504,3.000000,3.000000,3.000000,3.000000
33.025990,0.583943,-0.427011,-0.389982,0.522259,3.000000,3.000000,3.000000,3.000000
33.035435,0.583523,-0.427603,-0.390874,0.522733,3.000000,3.000000,3.000000,3.000000
33.045982,0.584053,-0.428893,-0.392130,0.523410,3.000000,3.000000,3.000000,3.000000
33.055439,0.586839,-0.431151,-0.394657,0.525709,3.000000,3.000000,3.000000,3.000000
33.065941,0.589369,-0.432067,-0.395235,0.527435,3.000000,3.000000,3.000000,3.000000
33.075436,0.592320,-0.434432,-0.397631,0.530305,3.000000,3.000000,3.000000,3.000000
33.085983,0.594322,-0.434292,-0.398357,0.531539,3.000000,3.000000,3.000000,3.000000
33.095440,0.595826,-0.434415,-0.399395,0.532651,3.000000,3.000000,3.000000,3.000000
33.105995,0.597133,-0.434568,-0.400621,0.533661,3.000000,3.000000,3.000000,3.000000
33.115490,0.597939,-0.434713,-0.401622,0.534630,3.000000,3.000000,3.000000,3.000000
33.126038,0.598160,-0.434646,-0.402449,0.535281,3.000000,3.000000,3.000000,3.000000
33.135483,0.597804,-0.434704,-0.403115,0.535805,3.000000,3.000000,3.000000,3.000000
33.145988,0.600248,-0.436969,-0.406114,0.537795,3.000000,3.000000,3.000000,3.000000
33.155434,0.601182,-0.437598,-0.407030,0.538328,3.000000,3.000000,3.000000,3.000000
33.165974,0.601582,-0.438443,-0.408148,0.538792,3.000000,3.000000,3.000000,3.000000
33.175438,0.602258,-0.439537,-0.409774,0.539661,3.000000,3.000000,3.000000,3.000000
33.185986,0.602922,-0.439854,-0.410704,0.540492,3.000000,3.000000,3.000000,3.000000
33.195438,0.605289,-0.442060,-0.413302,0.542880,3.000000,3.000000,3.000000,3.000000
33.205990,0.606452,-0.441746,-0.413859,0.543417,3.000000,3.000000,3.000000,3.000000
33.215439,0.609423,-0.443158,-0.415587,0.545781,3.000000,3.000000,3.000000,3.000000
33.225994,0.610833,-0.443305,-0.415811,0.546765,3.000000,3.000000,3.000000,3.000000
33.235485,0.610805,-0.442978,-0.415745,0.547580,3.000000,3.000000,3.000000,3.000000
33.246029,0.610292,-0.442885,-0.416062,0.547989,3.000000,3.000000,3.000000,3.000000
33.255486,0.610874,-0.443530,-0.417131,0.548345,3.000000,3.000000,3.000000,3.000000
33.266033,0.611403,-0.444001,-0.417625,0.548786,3.000000,3.000000,3.000000,3.000000
33.275486,0.612575,-0.444299,-0.418168,0.549322,3.000000,3.000000,3.000000,3.000000
33.286030,0.614687,-0.444565,-0.418218,0.550594,3.000000,3.000000,3.000000,3.000000
33.295490,0.615802,-0.444506,-0.418050,0.551561,3.000000,3.000000,3.000000,3.000000
33.306057,0.618182,-0.446250,-0.420114,0.553959,3.000000,3.000000,3.000000,3.000000
33.315552,0.619035,-0.445955,-0.420503,0.554619,3.000000,3.000000,3.000000,3.000000
33.326103,0.619915,-0.445216,-0.420310,0.555151,3.000000,3.000000,3.000000,3.000000
33.335567,0.611325,-0.435156,-0.410870,0.546202,3.000000,3.000000,3.000000,3.000000
33.346107,0.612119,-0.435615,-0.411702,0.547125,3.000000,3.000000,3.000000,3.000000
33.355606,0.603074,-0.426618,-0.403244,0.537977,3.000000,3.000000,3.000000,3.000000
33.366119,0.604297,-0.427634,-0.404531,0.538852,3.000000,3.000000,3.000000,3.000000
33.375610,0.596579,-0.418966,-0.396197,0.530529,3.000000,3.000000,3.000000,3.000000
33.386120,0.598488,-0.420006,-0.397320,0.532056,3.000000,3.000000,3.000000,3.000000
33.395592,0.590610,-0.411559,-0.388965,0.523956,3.000000,3.000000,3.000000,3.000000
33.406124,0.594518,-0.414483,-0.391656,0.527102,3.000000,3.000000,3.000000,3.000000
33.415619,0.587417,-0.404751,-0.381539,0.519332,3.000000,3.000000,3.000000,3.000000
33.426117,0.589416,-0.405290,-0.382217,0.521149,3.000000,3.000000,3.000000,3.000000
33.435596,0.581490,-0.396788,-0.374202,0.513458,3.000000,3.000000,3.000000,3.000000
33.446121,0.582529,-0.398327,-0.376163,0.515164,3.000000,3.000000,3.000000,3.000000
33.455601,0.583250,-0.399905,-0.378032,0.516567,3.000000,3.000000,3.000000,3.000000
33.466122,0.583709,-0.401043,-0.379444,0.517425,3.000000,3.000000,3.000000,3.000000
33.475616,0.574367,-0.392308,-0.370423,0.509354,3.000000,3.000000,3.000000,3.000000
33.486118,0.577332,-0.395607,-0.373457,0.512668,3.000000,3.000000,3.000000,3.000000
33.495598,0.569363,-0.388065,-0.365624,0.504761,3.000000,3.000000,3.000000,3.000000
33.506119,0.572448,-0.391681,-0.368913,0.507762,3.000000,3.000000,3.000000,3.000000
33.515606,0.566463,-0.383920,-0.360315,0.499836,3.000000,3.000000,3.000000,3.000000
33.526119,0.569649,-0.385379,-0.360330,0.501970,3.000000,3.000000,3.000000,3.000000
33.535618,0.562845,-0.377137,-0.351898,0.495205,3.000000,3.000000,3.000000,3.000000
33.546120,0.564561,-0.379148,-0.354269,0.497310,3.000000,3.000000,3.000000,3.000000
33.555618,0.565526,-0.381112,-0.356865,0.498782,3.000000,3.000000,3.000000,3.000000
33.566120,0.567471,-0.382621,-0.359442,0.500452,3.000000,3.000000,3.000000,3.000000
33.575603,0.559696,-0.375033,-0.352367,0.492866,3.000000,3.000000,3.000000,3.000000
33.586117,0.561222,-0.377061,-0.354759,0.494457,3.000000,3.000000,3.000000,3.000000
33.595600,0.554140,-0.370216,-0.347568,0.487151,3.000000,3.000000,3.000000,3.000000
33.606121,0.556781,-0.372584,-0.349653,0.489477,3.000000,3.000000,3.000000,3.000000
33.615604,0.550546,-0.365061,-0.342199,0.482515,3.000000,3.000000,3.000000,3.000000
33.626122,0.554811,-0.368538,-0.345399,0.486065,3.000000,3.000000,3.000000,3.000000
33.635586,0.547628,-0.361793,-0.338884,0.479104,3.000000,3.000000,3.000000,3.000000
33.646118,0.551091,-0.364276,-0.342310,0.481575,3.000000,3.000000,3.000000,3.000000
33.655621,0.544162,-0.356720,-0.335389,0.474434,3.000000,3.000000,3.000000,3.000000
33.666122,0.546307,-0.359108,-0.338455,0.476646,3.000000,3.000000,3.000000,3.000000
33.675602,0.539060,-0.352284,-0.341495,0.478756,3.000000,3.000000,3.000000,3.000000
33.686123,0.541007,-0.354970,-0.344088,0.480905,3.000000,3.000000,3.000000,3.000000
33.695599,0.533774,-0.348537,-0.337491,0.473746,3.000000,3.000000,3.000000,3.000000
33.706123,0.536379,-0.351421,-0.339902,0.476333,3.000000,3.000000,3.000000,3.000000
33.715595,0.531302,-0.344870,-0.332715,0.470170,3.000000,3.000000,3.000000,3.000000
33.726097,0.536738,-0.348363,-0.335956,0.474328,3.000000,3.000000,3.000000,3.000000
33.735596,0.532202,-0.341417,-0.328333,0.468187,3.000000,3.000000,3.000000,3.000000
33.746120,0.535833,-0.344078,-0.330553,0.470905,3.000000,3.000000,3.000000,3.000000
33.755596,0.538294,-0.346701,-0.333060,0.473510,3.000000,3.000000,3.000000,3.000000
33.766117,0.540836,-0.349337,-0.336049,0.475839,3.000000,3.000000,3.000000,3.000000
33.775593,0.534350,-0.342916,-0.329910,0.468856,3.000000,3.000000,3.000000,3.000000
33.786118,0.538444,-0.346652,-0.334078,0.472446,3.000000,3.000000,3.000000,3.000000
33.795593,0.531667,-0.340291,-0.327685,0.465440,3.000000,3.000000,3.000000,3.000000
33.806118,0.534183,-0.343339,-0.330822,0.467816,3.000000,3.000000,3.000000,3.000000
33.815605,0.527407,-0.337000,-0.324541,0.461044,3.000000,3.000000,3.000000,3.000000
33.826118,0.529809,-0.340355,-0.327595,0.463590,3.000000,3.000000,3.000000,3.000000
33.835587,0.532023,-0.343545,-0.330537,0.466029,3.000000,3.000000,3.000000,3.000000
33.846119,0.533898,-0.346703,-0.333225,0.468435,3.000000,3.000000,3.000000,3.000000
33.855618,0.526378,-0.340377,-0.326551,0.461302,3.000000,3.000000,3.000000,3.000000
33.866123,0.530166,-0.344522,-0.330322,0.465003,3.000000,3.000000,3.000000,3.000000
33.875629,0.522852,-0.338910,-0.324187,0.458015,3.000000,3.000000,3.000000,3.000000
33.886173,0.524954,-0.342646,-0.327544,0.460596,3.000000,3.000000,3.000000,3.000000
33.895699,0.518019,-0.336946,-0.321826,0.453839,3.000000,3.000000,3.000000,3.000000
33.905170,0.520952,-0.340341,-0.324981,0.456598,3.000000,3.000000,3.000000,3.000000
33.915726,0.514865,-0.334599,-0.318841,0.450034,3.000000,3.000000,3.000000,3.000000
33.925175,0.518326,-0.337954,-0.321993,0.452952,3.000000,3.000000,3.000000,3.000000
33.935734,0.523002,-0.342622,-0.326032,0.457350,3.000000,3.000000,3.000000,3.000000
33.945225,0.526109,-0.345354,-0.328511,0.460273,3.000000,3.000000,3.000000,3.000000
33.955780,0.529027,-0.347895,-0.330849,0.463006,3.000000,3.000000,3.000000,3.000000
33.965260,0.532712,-0.350635,-0.333102,0.465717,3.000000,3.000000,3.000000,3.000000
33.975815,0.535786,-0.353143,-0.335461,0.468427,3.000000,3.000000,3.000000,3.000000
33.985283,0.538463,-0.355638,-0.338133,0.471005,3.000000,3.000000,3.000000,3.000000
33.995834,0.541013,-0.358314,-0.341218,0.473435,3.000000,3.000000,3.000000,3.000000
34.005333,0.544999,-0.361856,-0.345253,0.476918,-3.000000,-3.000000,-3.000000,-3.000000
34.015949,0.547426,-0.364585,-0.348106,0.479072,-3.000000,-3.000000,-3.000000,-3.000000
34.025440,0.549406,-0.367162,-0.350779,0.480979,-3.000000,-3.000000,-3.000000,-3.000000
34.035984,0.552578,-0.370510,-0.354382,0.484189,-3.000000,-3.000000,-3.000000,-3.000000
34.045433,0.553562,-0.372404,-0.356131,0.486123,-3.000000,-3.000000,-3.000000,-3.000000
34.055984,0.555566,-0.374973,-0.358770,0.488059,-3.000000,-3.000000,-3.000000,-3.000000
34.065487,0.558752,-0.378810,-0.362256,0.491374,-3.000000,-3.000000,-3.000000,-3.000000
34.076038,0.560894,-0.380910,-0.364201,0.493299,-3.000000,-3.000000,-3.000000,-3.000000
34.085487,0.563798,-0.382827,-0.365833,0.495815,-3.000000,-3.000000,-3.000000,-3.000000
34.096035,0.566324,-0.385094,-0.367662,0.498209,-3.000000,-3.000000,-3.000000,-3.000000
34.105492,0.569071,-0.386716,-0.369605,0.500317,-3.000000,-3.000000,-3.000000,-3.000000
34.116009,0.572747,-0.389844,-0.372572,0.503836,-3.000000,-3.000000,-3.000000,-3.000000
34.125500,0.574790,-0.391390,-0.374283,0.505858,-3.000000,-3.000000,-3.000000,-3.000000
34.136047,0.576892,-0.392980,-0.376024,0.507858,-3.000000,-3.000000,-3.000000,-3.000000
34.145493,0.578110,-0.394484,-0.377738,0.509396,-3.000000,-3.000000,-3.000000,-3.000000
34.156040,0.578695,-0.396068,-0.379316,0.510704,-3.000000,-3.000000,-3.000000,-3.000000
34.165535,0.581626,-0.399685,-0.383023,0.513510,-3.000000,-3.000000,-3.000000,-3.000000
34.176086,0.582880,-0.401744,-0.384699,0.514904,-3.000000,-3.000000,-3.000000,-3.000000
34.185539,0.584918,-0.403718,-0.386290,0.516545,-3.000000,-3.000000,-3.000000,-3.000000
34.196079,0.587991,-0.405853,-0.387575,0.518756,-3.000000,-3.000000,-3.000000,-3.000000
34.205547,0.581598,-0.397152,-0.378454,0.511690,-3.000000,-3.000000,-3.000000,-3.000000
34.216099,0.583753,-0.398339,-0.379893,0.513769,-3.000000,-3.000000,-3.000000,-3.000000
34.225605,0.575232,-0.390873,-0.373062,0.505855,-3.000000,-3.000000,-3.000000,-3.000000
34.236122,0.576600,-0.392929,-0.375712,0.507519,-3.000000,-3.000000,-3.000000,-3.000000
34.245628,0.568744,-0.385526,-0.368884,0.499729,-3.000000,-3.000000,-3.000000,-3.000000
34.256176,0.571941,-0.388865,-0.372421,0.502985,-3.000000,-3.000000,-3.000000,-3.000000
34.265690,0.564781,-0.381912,-0.365416,0.495680,-3.000000,-3.000000,-3.000000,-3.000000
34.275177,0.567067,-0.384149,-0.367787,0.497593,-3.000000,-3.000000,-3.000000,-3.000000
34.285732,0.560100,-0.377527,-0.370360,0.499384,-3.000000,-3.000000,-3.000000,-3.000000
34.295227,0.562352,-0.379949,-0.372382,0.500989,-3.000000,-3.000000,-3.000000,-3.000000
34.305779,0.565747,-0.383830,-0.375668,0.504023,-3.000000,-3.000000,-3.000000,-3.000000
34.315239,0.569103,-0.385784,-0.376517,0.506071,-3.000000,-3.000000,-3.000000,-3.000000
34.325783,0.572223,-0.386962,-0.376316,0.508524,-3.000000,-3.000000,-3.000000,-3.000000
34.335274,0.574498,-0.388699,-0.377643,0.511241,-3.000000,-3.000000,-3.000000,-3.000000
34.345806,0.576998,-0.390018,-0.379780,0.513325,-3.000000,-3.000000,-3.000000,-3.000000
34.355247,0.580467,-0.393034,-0.383081,0.516734,-3.000000,-3.000000,-3.000000,-3.000000
34.365776,0.582376,-0.394744,-0.385117,0.518237,-3.000000,-3.000000,-3.000000,-3.000000
34.375225,0.585335,-0.398073,-0.388369,0.520967,-3.000000,-3.000000,-3.000000,-3.000000
34.385773,0.586480,-0.400018,-0.390459,0.521952,-3.000000,-3.000000,-3.000000,-3.000000
34.395222,0.588186,-0.401582,-0.391977,0.523344,-3.000000,-3.000000,-3.000000,-3.000000
34.405769,0.589490,-0.403243,-0.393179,0.524746,-3.000000,-3.000000,-3.000000,-3.000000
34.415226,0.591264,-0.405117,-0.394827,0.526170,-3.000000,-3.000000,-3.000000,-3.000000
34.425774,0.595751,-0.407973,-0.397593,0.529391,-3.000000,-3.000000,-3.000000,-3.000000
34.435226,0.597507,-0.409242,-0.397978,0.531076,-3.000000,-3.000000,-3.000000,-3.000000
34.445759,0.598446,-0.410706,-0.399649,0.532530,-3.000000,-3.000000,-3.000000,-3.000000
34.455227,0.600144,-0.411876,-0.401434,0.533780,-3.000000,-3.000000,-3.000000,-3.000000
34.465771,0.601747,-0.413266,-0.402969,0.535039,-3.000000,-3.000000,-3.000000,-3.000000
34.475224,0.603380,-0.414604,-0.404504,0.536283,-3.000000,-3.000000,-3.000000,-3.000000
34.485756,0.603980,-0.415435,-0.405524,0.537284,-3.000000,-3.000000,-3.000000,-3.000000
34.495224,0.605277,-0.417945,-0.407824,0.539617,-3.000000,-3.000000,-3.000000,-3.000000
34.505772,0.606500,-0.419647,-0.409348,0.540547,-3.000000,-3.000000,-3.000000,-3.000000
34.515224,0.608210,-0.421018,-0.410257,0.541782,-3.000000,-3.000000,-3.000000,-3.000000
34.525772,0.610327,-0.422177,-0.410849,0.543329,-3.000000,-3.000000,-3.000000,-3.000000
34.535233,0.612377,-0.423311,-0.411792,0.544668,-3.000000,-3.000000,-3.000000,-3.000000
34.545776,0.613936,-0.424151,-0.412747,0.545922,-3.000000,-3.000000,-3.000000,-3.000000
34.555225,0.614778,-0.425264,-0.413860,0.547019,-3.000000,-3.000000,-3.000000,-3.000000
34.565758,0.615540,-0.426429,-0.415148,0.548050,-3.000000,-3.000000,-3.000000,-3.000000
34.575237,0.616547,-0.427262,-0.416475,0.548952,-3.000000,-3.000000,-3.000000,-3.000000
34.585777,0.618759,-0.429885,-0.419108,0.551413,-3.000000,-3.000000,-3.000000,-3.000000
34.595222,0.619707,-0.430577,-0.419701,0.552606,-3.000000,-3.000000,-3.000000,-3.000000
34.605774,0.621948,-0.432064,-0.421089,0.555227,-3.000000,-3.000000,-3.000000,-3.000000
34.615227,0.622265,-0.432457,-0.421385,0.555865,-3.000000,-3.000000,-3.000000,-3.000000
34.625782,0.622179,-0.433406,-0.422073,0.556433,-3.000000,-3.000000,-3.000000,-3.000000
34.635277,0.621994,-0.434306,-0.422487,0.556994,-3.000000,-3.000000,-3.000000,-3.000000
34.645824,0.622497,-0.435608,-0.423319,0.557562,-3.000000,-3.000000,-3.000000,-3.000000
34.655281,0.624384,-0.437348,-0.424271,0.558600,-3.000000,-3.000000,-3.000000,-3.000000
34.665829,0.625774,-0.438222,-0.424176,0.559680,-3.000000,-3.000000,-3.000000,-3.000000
34.675278,0.628470,-0.440672,-0.426144,0.562349,-3.000000,-3.000000,-3.000000,-3.000000
34.685818,0.629847,-0.441031,-0.426545,0.563470,-3.000000,-3.000000,-3.000000,-3.000000
34.695274,0.631277,-0.440848,-0.426488,0.564460,-3.000000,-3.000000,-3.000000,-3.000000
34.705788,0.634054,-0.442751,-0.428268,0.567071,-3.000000,-3.000000,-3.000000,-3.000000
34.715275,0.634637,-0.443075,-0.428655,0.567990,-3.000000,-3.000000,-3.000000,-3.000000
34.725807,0.634412,-0.443430,-0.428918,0.568615,-3.000000,-3.000000,-3.000000,-3.000000
34.735271,0.635238,-0.444518,-0.430023,0.569089,-3.000000,-3.000000,-3.000000,-3.000000
34.745808,0.635955,-0.445423,-0.430546,0.569630,-3.000000,-3.000000,-3.000000,-3.000000
34.755276,0.638449,-0.447679,-0.432753,0.571636,-3.000000,-3.000000,-3.000000,-3.000000
34.765800,0.640599,-0.448668,-0.433292,0.572983,-3.000000,-3.000000,-3.000000,-3.000000
34.775230,0.641304,-0.449479,-0.434159,0.573837,-3.000000,-3.000000,-3.000000,-3.000000
34.785789,0.641985,-0.450042,-0.435481,0.574546,-3.000000,-3.000000,-3.000000,-3.000000
34.795277,0.642266,-0.450578,-0.436719,0.575091,-3.000000,-3.000000,-3.000000,-3.000000
34.805820,0.644117,-0.452827,-0.439134,0.577251,-3.000000,-3.000000,-3.000000,-3.000000
34.815235,0.645224,-0.452784,-0.439585,0.577699,-3.000000,-3.000000,-3.000000,-3.000000
34.825790,0.648143,-0.454395,-0.441395,0.579998,-3.000000,-3.000000,-3.000000,-3.000000
34.835278,0.648872,-0.455319,-0.442015,0.580707,-3.000000,-3.000000,-3.000000,-3.000000
34.845837,0.650330,-0.456057,-0.442602,0.581567,-3.000000,-3.000000,-3.000000,-3.000000
34.855328,0.651685,-0.456500,-0.442741,0.582443,-3.000000,-3.000000,-3.000000,-3.000000
34.865887,0.653032,-0.457355,-0.443007,0.583390,-3.000000,-3.000000,-3.000000,-3.000000
34.875336,0.655056,-0.457809,-0.443214,0.584133,-3.000000,-3.000000,-3.000000,-3.000000
34.885880,0.655805,-0.457625,-0.442587,0.585161,-3.000000,-3.000000,-3.000000,-3.000000
34.895332,0.656279,-0.457927,-0.443289,0.585924,-3.000000,-3.000000,-3.000000,-3.000000
34.905880,0.656978,-0.457940,-0.443834,0.586461,-3.000000,-3.000000,-3.000000,-3.000000
34.915333,0.657485,-0.458017,-0.444448,0.586808,-3.000000,-3.000000,-3.000000,-3.000000
34.925880,0.659330,-0.459924,-0.446520,0.588921,-3.000000,-3.000000,-3.000000,-3.000000
34.935337,0.659611,-0.460054,-0.446812,0.589413,-3.000000,-3.000000,-3.000000,-3.000000
34.945889,0.659754,-0.459705,-0.446577,0.589758,-3.000000,-3.000000,-3.000000,-3.000000
34.955383,0.659752,-0.459636,-0.446494,0.590126,-3.000000,-3.000000,-3.000000,-3.000000
34.965931,0.660169,-0.460512,-0.447554,0.590330,-3.000000,-3.000000,-3.000000,-3.000000
34.975388,0.660945,-0.461150,-0.448101,0.590768,-3.000000,-3.000000,-3.000000,-3.000000
34.985943,0.662265,-0.461758,-0.448533,0.591076,-3.000000,-3.000000,-3.000000,-3.000000
34.995438,0.665556,-0.464294,-0.450345,0.593199,-3.000000,-3.000000,-3.000000,-3.000000
35.005985,0.666293,-0.463753,-0.449470,0.593871,-3.000000,-3.000000,-3.000000,-3.000000
35.015556,0.667179,-0.463413,-0.449522,0.594549,-3.000000,-3.000000,-3.000000,-3.000000
35.026108,0.667763,-0.463409,-0.449950,0.595020,-3.000000,-3.000000,-3.000000,-3.000000
35.035614,0.668034,-0.463440,-0.450302,0.595519,-3.000000,-3.000000,-3.000000,-3.000000
35.046120,0.668276,-0.463796,-0.450690,0.596078,-3.000000,-3.000000,-3.000000,-3.000000
35.055622,0.658890,-0.454622,-0.441647,0.586834,-3.000000,-3.000000,-3.000000,-3.000000
35.066174,0.659536,-0.455182,-0.442223,0.587456,-3.000000,-3.000000,-3.000000,-3.000000
35.075649,0.651265,-0.446117,-0.432956,0.578853,-3.000000,-3.000000,-3.000000,-3.000000
35.086174,0.653685,-0.446053,-0.432922,0.580313,-3.000000,-3.000000,-3.000000,-3.000000
35.095688,0.646848,-0.437433,-0.423673,0.572291,-3.000000,-3.000000,-3.000000,-3.000000
35.105171,0.648561,-0.438548,-0.424345,0.573029,-3.000000,-3.000000,-3.000000,-3.000000
35.115738,0.649339,-0.438396,-0.424096,0.573975,-3.000000,-3.000000,-3.000000,-3.000000
35.125225,0.650303,-0.439131,-0.425153,0.575162,-3.000000,-3.000000,-3.000000,-3.000000
35.135773,0.651021,-0.439569,-0.426259,0.575848,-3.000000,-3.000000,-3.000000,-3.000000
35.145229,0.651529,-0.440070,-0.427027,0.576731,-3.000000,-3.000000,-3.000000,-3.000000
35.155777,0.651885,-0.440717,-0.428083,0.577377,-3.000000,-3.000000,-3.000000,-3.000000
35.165226,0.653350,-0.443051,-0.430404,0.579592,-3.000000,-3.000000,-3.000000,-3.000000
35.175770,0.652924,-0.443344,-0.430589,0.580156,-3.000000,-3.000000,-3.000000,-3.000000
35.185223,0.654340,-0.443902,-0.430928,0.581301,-3.000000,-3.000000,-3.000000,-3.000000
35.195766,0.657922,-0.445911,-0.432857,0.584021,-3.000000,-3.000000,-3.000000,-3.000000
35.205223,0.659163,-0.446388,-0.433101,0.584888,-3.000000,-3.000000,-3.000000,-3.000000
35.215752,0.660037,-0.447642,-0.434426,0.585101,-3.000000,-3.000000,-3.000000,-3.000000
35.225224,0.662098,-0.450232,-0.436970,0.587120,-3.000000,-3.000000,-3.000000,-3.000000
35.235714,0.662807,-0.450934,-0.437518,0.587609,-3.000000,-3.000000,-3.000000,-3.000000
35.245171,0.663577,-0.451244,-0.437890,0.588092,-3.000000,-3.000000,-3.000000,-3.000000
35.255699,0.664193,-0.451581,-0.438196,0.588827,-3.000000,-3.000000,-3.000000,-3.000000
35.265171,0.664538,-0.452042,-0.438710,0.589523,-3.000000,-3.000000,-3.000000,-3.000000
35.275700,0.666568,-0.453901,-0.441059,0.591561,-3.000000,-3.000000,-3.000000,-3.000000
35.285172,0.666359,-0.454648,-0.442070,0.591756,-3.000000,-3.000000,-3.000000,-3.000000
35.295712,0.665220,-0.456017,-0.443458,0.591115,-3.000000,-3.000000,-3.000000,-3.000000
35.306225,0.665936,-0.459169,-0.446046,0.592388,-3.000000,-3.000000,-3.000000,-3.000000
35.315697,0.665233,-0.460142,-0.446185,0.592546,-3.000000,-3.000000,-3.000000,-3.000000
35.326225,0.666105,-0.460585,-0.446235,0.593557,-3.000000,-3.000000,-3.000000,-3.000000
35.335732,0.658619,-0.451822,-0.436702,0.585095,-3.000000,-3.000000,-3.000000,-3.000000
35.345169,0.659920,-0.451946,-0.436523,0.586399,-3.000000,-3.000000,-3.000000,-3.000000
35.355724,0.651110,-0.442337,-0.427707,0.577728,-3.000000,-3.000000,-3.000000,-3.000000
35.365173,0.651247,-0.443112,-0.429280,0.578265,-3.000000,-3.000000,-3.000000,-3.000000
35.375710,0.651344,-0.443883,-0.430817,0.578635,-3.000000,-3.000000,-3.000000,-3.000000
35.385170,0.653109,-0.446402,-0.433396,0.580832,-3.000000,-3.000000,-3.000000,-3.000000
35.395710,0.653583,-0.446954,-0.433805,0.581805,-3.000000,-3.000000,-3.000000,-3.000000
35.405170,0.654504,-0.446922,-0.433660,0.583014,-3.000000,-3.000000,-3.000000,-3.000000
35.415710,0.655991,-0.447549,-0.434391,0.583990,-3.000000,-3.000000,-3.000000,-3.000000
35.425171,0.657152,-0.447887,-0.435022,0.584629,-3.000000,-3.000000,-3.000000,-3.000000
35.435696,0.659615,-0.450467,-0.437361,0.586830,-3.000000,-3.000000,-3.000000,-3.000000
35.445171,0.661619,-0.451912,-0.437787,0.587142,-3.000000,-3.000000,-3.000000,-3.000000
35.455704,0.663233,-0.452288,-0.436471,0.588006,-3.000000,-3.000000,-3.000000,-3.000000
35.465172,0.664081,-0.452604,-0.436392,0.589114,-3.000000,-3.000000,-3.000000,-3.000000
35.475708,0.665215,-0.452762,-0.436848,0.590208,-3.000000,-3.000000,-3.000000,-3.000000
35.485172,0.667780,-0.454581,-0.439314,0.592544,-3.000000,-3.000000,-3.000000,-3.000000
35.495712,0.667986,-0.455029,-0.440462,0.592918,-3.000000,-3.000000,-3.000000,-3.000000
35.506176,0.667632,-0.455903,-0.441669,0.593015,-3.000000,-3.000000,-3.000000,-3.000000
35.515678,0.667311,-0.457019,-0.442913,0.593274,-3.000000,-3.000000,-3.000000,-3.000000
35.526173,0.667819,-0.457820,-0.443580,0.594045,-3.000000,-3.000000,-3.000000,-3.000000
35.535648,0.668859,-0.458411,-0.444059,0.595011,-3.000000,-3.000000,-3.000000,-3.000000
35.546169,0.669878,-0.458952,-0.444585,0.595939,-3.000000,-3.000000,-3.000000,-3.000000
35.555702,0.660683,-0.449781,-0.435769,0.586914,-3.000000,-3.000000,-3.000000,-3.000000
35.566223,0.661606,-0.450739,-0.436916,0.587583,-3.000000,-3.000000,-3.000000,-3.000000
35.575729,0.652558,-0.441977,-0.428071,0.578627,-3.000000,-3.000000,-3.000000,-3.000000
35.585171,0.654965,-0.444569,-0.430575,0.581203,-3.000000,-3.000000,-3.000000,-3.000000
35.595707,0.645693,-0.435887,-0.421795,0.572385,-3.000000,-3.000000,-3.000000,-3.000000
35.606171,0.646343,-0.436621,-0.422746,0.573330,-3.000000,-3.000000,-3.000000,-3.000000
35.615665,0.647443,-0.437478,-0.423752,0.574491,-3.000000,-3.000000,-3.000000,-3.000000
35.626179,0.648119,-0.438716,-0.425065,0.575286,-3.000000,-3.000000,-3.000000,-3.000000
35.635693,0.647901,-0.440002,-0.426129,0.575733,-3.000000,-3.000000,-3.000000,-3.000000
35.645172,0.647010,-0.440479,-0.426434,0.576304,-3.000000,-3.000000,-3.000000,-3.000000
35.655720,0.636137,-0.431772,-0.417134,0.567241,-3.000000,-3.000000,-3.000000,-3.000000
35.665173,0.638775,-0.435202,-0.419818,0.570034,-3.000000,-3.000000,-3.000000,-3.000000
35.675697,0.640966,-0.436945,-0.420688,0.571114,-3.000000,-3.000000,-3.000000,-3.000000
35.685173,0.642380,-0.437938,-0.420966,0.572317,-3.000000,-3.000000,-3.000000,-3.000000
35.695717,0.643708,-0.438937,-0.422134,0.573522,-3.000000,-3.000000,-3.000000,-3.000000
35.705173,0.644976,-0.439924,-0.423360,0.574572,-3.000000,-3.000000,-3.000000,-3.000000
35.715721,0.647827,-0.442036,-0.426042,0.576932,-3.000000,-3.000000,-3.000000,-3.000000
35.726231,0.648652,-0.442728,-0.427180,0.577739,-3.000000,-3.000000,-3.000000,-3.000000
35.735729,0.648365,-0.443528,-0.428241,0.578138,-3.000000,-3.000000,-3.000000,-3.000000
35.745171,0.647454,-0.444387,-0.429213,0.578419,-3.000000,-3.000000,-3.000000,-3.000000
35.755672,0.638800,-0.436238,-0.421468,0.569473,-3.000000,-3.000000,-3.000000,-3.000000
35.766178,0.641409,-0.438908,-0.424073,0.571863,-3.000000,-3.000000,-3.000000,-3.000000
35.775688,0.642938,-0.440232,-0.424840,0.572918,-3.000000,-3.000000,-3.000000,-3.000000
35.786224,0.643723,-0.441658,-0.425811,0.573881,-3.000000,-3.000000,-3.000000,-3.000000
35.795792,0.634522,-0.433779,-0.417725,0.565593,-3.000000,-3.000000,-3.000000,-3.000000
35.805222,0.635805,-0.434761,-0.419261,0.566892,-3.000000,-3.000000,-3.000000,-3.000000
35.815758,0.637583,-0.435308,-0.420233,0.568324,-3.000000,-3.000000,-3.000000,-3.000000
35.825226,0.639003,-0.436123,-0.421091,0.569504,-3.000000,-3.000000,-3.000000,-3.000000
35.835781,0.640787,-0.437054,-0.421866,0.570832,-3.000000,-3.000000,-3.000000,-3.000000
35.845181,0.642090,-0.437938,-0.422190,0.572436,-3.000000,-3.000000,-3.000000,-3.000000
35.855724,0.642757,-0.438381,-0.422425,0.574025,-3.000000,-3.000000,-3.000000,-3.000000
35.865173,0.644028,-0.440421,-0.424645,0.576091,-3.000000,-3.000000,-3.000000,-3.000000
35.875702,0.643783,-0.441612,-0.425952,0.576427,-3.000000,-3.000000,-3.000000,-3.000000
35.885174,0.643571,-0.442988,-0.426976,0.576924,-3.000000,-3.000000,-3.000000,-3.000000
35.895744,0.644615,-0.444643,-0.428139,0.577729,-3.000000,-3.000000,-3.000000,-3.000000
35.905220,0.646896,-0.445910,-0.428546,0.579131,-3.000000,-3.000000,-3.000000,-3.000000
35.915764,0.649646,-0.448364,-0.430192,0.581860,-3.000000,-3.000000,-3.000000,-3.000000
35.926281,0.651142,-0.448668,-0.430669,0.583031,-3.000000,-3.000000,-3.000000,-3.000000
35.935783,0.652562,-0.448573,-0.430841,0.583971,-3.000000,-3.000000,-3.000000,-3.000000
35.945225,0.655531,-0.450735,-0.432940,0.586600,-3.000000,-3.000000,-3.000000,-3.000000
35.955757,0.647282,-0.441839,-0.423861,0.578180,-3.000000,-3.000000,-3.000000,-3.000000
35.965225,0.648411,-0.442660,-0.424929,0.579529,-3.000000,-3.000000,-3.000000,-3.000000
35.975769,0.651338,-0.445394,-0.427718,0.582297,-3.000000,-3.000000,-3.000000,-3.000000
35.985222,0.653008,-0.446671,-0.428907,0.583433,-3.000000,-3.000000,-3.000000,-3.000000
35.995754,0.654390,-0.447696,-0.429705,0.584696,-3.000000,-3.000000,-3.000000,-3.000000
36.005230,0.656177,-0.448752,-0.431028,0.585799,3.000000,3.000000,3.000000,3.000000
36.015835,0.658616,-0.450278,-0.432299,0.586869,3.000000,3.000000,3.000000,3.000000
36.025303,0.659619,-0.452269,-0.433810,0.589424,3.000000,3.000000,3.000000,3.000000
36.035854,0.660221,-0.452612,-0.434547,0.590408,3.000000,3.000000,3.000000,3.000000
36.045330,0.662521,-0.454605,-0.437287,0.592600,3.000000,3.000000,3.000000,3.000000
36.055878,0.663140,-0.455148,-0.438241,0.593348,3.000000,3.000000,3.000000,3.000000
36.065327,0.663790,-0.455506,-0.439256,0.594011,3.000000,3.000000,3.000000,3.000000
36.075878,0.663772,-0.455762,-0.439836,0.594630,3.000000,3.000000,3.000000,3.000000
36.085331,0.663265,-0.456090,-0.440491,0.594738,3.000000,3.000000,3.000000,3.000000
36.095882,0.665032,-0.458967,-0.443082,0.596802,3.000000,3.000000,3.000000,3.000000
36.105381,0.665823,-0.459665,-0.443477,0.597539,3.000000,3.000000,3.000000,3.000000
36.115932,0.667487,-0.459930,-0.443371,0.598302,3.000000,3.000000,3.000000,3.000000
36.125446,0.670450,-0.460475,-0.442845,0.599653,3.000000,3.000000,3.000000,3.000000
36.136009,0.672251,-0.460613,-0.442624,0.601355,3.000000,3.000000,3.000000,3.000000
36.145493,0.672872,-0.461192,-0.443662,0.602060,3.000000,3.000000,3.000000,3.000000
36.156040,0.673393,-0.461711,-0.445023,0.602435,3.000000,3.000000,3.000000,3.000000
36.165485,0.675671,-0.463910,-0.447516,0.604462,3.000000,3.000000,3.000000,3.000000
36.176037,0.676414,-0.464348,-0.448374,0.604935,3.000000,3.000000,3.000000,3.000000
36.185501,0.676737,-0.464631,-0.449044,0.605342,3.000000,3.000000,3.000000,3.000000
36.197132,0.676264,-0.464895,-0.449385,0.605735,3.000000,3.000000,3.000000,3.000000
36.206627,0.675525,-0.465132,-0.449742,0.605795,3.000000,3.000000,3.000000,3.000000
36.217117,0.677220,-0.467945,-0.452208,0.607766,3.000000,3.000000,3.000000,3.000000
36.227673,0.677903,-0.468498,-0.452345,0.608407,3.000000,3.000000,3.000000,3.000000
36.237118,0.679454,-0.468663,-0.451934,0.609192,3.000000,3.000000,3.000000,3.000000
36.247669,0.682191,-0.469146,-0.451153,0.610444,3.000000,3.000000,3.000000,3.000000
36.258175,0.683602,-0.468967,-0.450576,0.611926,3.000000,3.000000,3.000000,3.000000
36.267704,0.683769,-0.469262,-0.451218,0.612509,3.000000,3.000000,3.000000,3.000000
36.278240,0.684017,-0.469680,-0.452379,0.612728,3.000000,3.000000,3.000000,3.000000
36.287739,0.674926,-0.460459,-0.443761,0.603419,3.000000,3.000000,3.000000,3.000000
36.297226,0.675618,-0.461258,-0.444639,0.604133,3.000000,3.000000,3.000000,3.000000
36.307770,0.666154,-0.452263,-0.435980,0.595016,3.000000,3.000000,3.000000,3.000000
36.317226,0.666758,-0.453335,-0.437147,0.595674,3.000000,3.000000,3.000000,3.000000
36.327755,0.667886,-0.453902,-0.437798,0.596542,3.000000,3.000000,3.000000,3.000000
36.337227,0.670171,-0.456350,-0.439924,0.599012,3.000000,3.000000,3.000000,3.000000
36.347786,0.670729,-0.457184,-0.440882,0.599742,3.000000,3.000000,3.000000,3.000000
36.357277,0.672386,-0.457494,-0.441369,0.600776,3.000000,3.000000,3.000000,3.000000
36.367805,0.674129,-0.457957,-0.441489,0.601883,3.000000,3.000000,3.000000,3.000000
36.377281,0.675106,-0.458413,-0.441808,0.602934,3.000000,3.000000,3.000000,3.000000
36.387829,0.677329,-0.460213,-0.443885,0.605062,3.000000,3.000000,3.000000,3.000000
36.397278,0.678005,-0.460691,-0.444577,0.605818,3.000000,3.000000,3.000000,3.000000
36.407822,0.678591,-0.461431,-0.445437,0.606523,3.000000,3.000000,3.000000,3.000000
36.417274,0.678866,-0.461828,-0.446205,0.606930,3.000000,3.000000,3.000000,3.000000
36.427818,0.678045,-0.461981,-0.446616,0.607028,3.000000,3.000000,3.000000,3.000000
36.437229,0.678391,-0.462978,-0.447924,0.607151,3.000000,3.000000,3.000000,3.000000
36.447750,0.678645,-0.463845,-0.448690,0.607400,3.000000,3.000000,3.000000,3.000000
36.457222,0.680892,-0.466034,-0.451068,0.609249,3.000000,3.000000,3.000000,3.000000
36.467720,0.682650,-0.467048,-0.451711,0.610253,3.000000,3.000000,3.000000,3.000000
36.477177,0.683028,-0.467820,-0.452622,0.610780,3.000000,3.000000,3.000000,3.000000
36.487698,0.683386,-0.468342,-0.453868,0.611187,3.000000,3.000000,3.000000,3.000000
36.497173,0.683474,-0.468866,-0.455058,0.611502,3.000000,3.000000,3.000000,3.000000
36.507679,0.685260,-0.470795,-0.457538,0.613249,3.000000,3.000000,3.000000,3.000000
36.518223,0.685694,-0.471101,-0.458153,0.613636,3.000000,3.000000,3.000000,3.000000
36.527744,0.686125,-0.471244,-0.458704,0.614007,3.000000,3.000000,3.000000,3.000000
36.537228,0.685852,-0.471280,-0.458788,0.614395,3.000000,3.000000,3.000000,3.000000
36.547787,0.674432,-0.461254,-0.448783,0.604663,3.000000,3.000000,3.000000,3.000000
36.557281,0.672917,-0.461739,-0.448849,0.604851,3.000000,3.000000,3.000000,3.000000
36.567829,0.671590,-0.462708,-0.449182,0.604846,3.000000,3.000000,3.000000,3.000000
36.577278,0.672934,-0.465947,-0.451507,0.606845,3.000000,3.000000,3.000000,3.000000
36.587833,0.674701,-0.467880,-0.452659,0.607448,3.000000,3.000000,3.000000,3.000000
36.597301,0.678751,-0.470271,-0.454113,0.609760,3.000000,3.000000,3.000000,3.000000
36.607758,0.679352,-0.470703,-0.453601,0.610557,3.000000,3.000000,3.000000,3.000000
36.617229,0.679273,-0.471173,-0.454322,0.611211,3.000000,3.000000,3.000000,3.000000
36.627796,0.681187,-0.473247,-0.456659,0.613473,3.000000,3.000000,3.000000,3.000000
36.637276,0.682301,-0.473146,-0.457289,0.613883,3.000000,3.000000,3.000000,3.000000
36.647812,0.683498,-0.473295,-0.457705,0.614577,3.000000,3.000000,3.000000,3.000000
36.657276,0.684061,-0.473828,-0.458380,0.615006,3.000000,3.000000,3.000000,3.000000
36.667828,0.684706,-0.474374,-0.458822,0.615491,3.000000,3.000000,3.000000,3.000000
36.677330,0.686746,-0.476367,-0.460760,0.617473,3.000000,3.000000,3.000000,3.000000
36.687878,0.686911,-0.476829,-0.461243,0.617801,3.000000,3.000000,3.000000,3.000000
36.697338,0.689292,-0.478711,-0.463256,0.619735,3.000000,3.000000,3.000000,3.000000
36.707893,0.689984,-0.478601,-0.462917,0.620166,3.000000,3.000000,3.000000,3.000000
36.717384,0.690184,-0.478921,-0.463182,0.620724,3.000000,3.000000,3.000000,3.000000
36.727928,0.690628,-0.478844,-0.463750,0.620972,3.000000,3.000000,3.000000,3.000000
36.737389,0.691254,-0.478876,-0.464081,0.621441,3.000000,3.000000,3.000000,3.000000
36.747894,0.691710,-0.479337,-0.464620,0.621936,3.000000,3.000000,3.000000,3.000000
36.757328,0.692113,-0.479678,-0.465077,0.622427,3.000000,3.000000,3.000000,3.000000
36.767826,0.691935,-0.479903,-0.465190,0.622769,3.000000,3.000000,3.000000,3.000000
36.777283,0.691809,-0.479995,-0.465582,0.622855,3.000000,3.000000,3.000000,3.000000
36.787830,0.692621,-0.480962,-0.466479,0.623168,3.000000,3.000000,3.000000,3.000000
36.797279,0.693232,-0.481681,-0.466691,0.623545,3.000000,3.000000,3.000000,3.000000
36.807800,0.694061,-0.482088,-0.467033,0.623813,3.000000,3.000000,3.000000,3.000000
36.817276,0.695660,-0.482462,-0.468700,0.626314,3.000000,3.000000,3.000000,3.000000
36.827827,0.696250,-0.482127,-0.468321,0.626828,3.000000,3.000000,3.000000,3.000000
36.837276,0.698511,-0.483736,-0.470050,0.629029,3.000000,3.000000,3.000000,3.000000
36.847828,0.699030,-0.483906,-0.470746,0.629288,3.000000,3.000000,3.000000,3.000000
36.857273,0.699130,-0.483905,-0.471238,0.629385,3.000000,3.000000,3.000000,3.000000
36.867821,0.698992,-0.484139,-0.471568,0.629657,3.000000,3.000000,3.000000,3.000000
36.877277,0.698610,-0.483852,-0.471611,0.629763,3.000000,3.000000,3.000000,3.000000
36.887840,0.697840,-0.483874,-0.471569,0.629796,3.000000,3.000000,3.000000,3.000000
36.897278,0.697923,-0.484729,-0.472177,0.629838,3.000000,3.000000,3.000000,3.000000
36.907822,0.699981,-0.486931,-0.473992,0.631735,3.000000,3.000000,3.000000,3.000000
36.917282,0.700611,-0.487284,-0.474045,0.632095,3.000000,3.000000,3.000000,3.000000
36.927837,0.701639,-0.487847,-0.474215,0.632517,3.000000,3.000000,3.000000,3.000000
36.937332,0.702469,-0.487784,-0.473797,0.633119,3.000000,3.000000,3.000000,3.000000
36.947880,0.703210,-0.488097,-0.473896,0.633634,3.000000,3.000000,3.000000,3.000000
36.957329,0.704171,-0.488051,-0.474127,0.633976,3.000000,3.000000,3.000000,3.000000
36.967869,0.704583,-0.487793,-0.473916,0.634392,3.000000,3.000000,3.000000,3.000000
36.977329,0.706347,-0.489355,-0.475883,0.636180,3.000000,3.000000,3.000000,3.000000
36.987877,0.705861,-0.489862,-0.476584,0.636049,3.000000,3.000000,3.000000,3.000000
36.997334,0.704514,-0.490922,-0.477753,0.635108,3.000000,3.000000,3.000000,3.000000
37.007877,0.703264,-0.492296,-0.478524,0.634518,3.000000,3.000000,3.000000,3.000000
37.017342,0.702584,-0.493055,-0.478469,0.634603,3.000000,3.000000,3.000000,3.000000
37.027859,0.704334,-0.494499,-0.479670,0.636766,3.000000,3.000000,3.000000,3.000000
37.037285,0.705919,-0.495406,-0.479436,0.637284,3.000000,3.000000,3.000000,3.000000
37.047821,0.706945,-0.495569,-0.478295,0.637859,3.000000,3.000000,3.000000,3.000000
37.057278,0.707285,-0.495011,-0.477452,0.638497,3.000000,3.000000,3.000000,3.000000
37.067833,0.707643,-0.494459,-0.477443,0.639005,3.000000,3.000000,3.000000,3.000000
37.077290,0.707747,-0.494182,-0.477967,0.639095,3.000000,3.000000,3.000000,3.000000
37.087837,0.707521,-0.494149,-0.478362,0.639185,3.000000,3.000000,3.000000,3.000000
37.097336,0.706867,-0.493829,-0.478527,0.638969,3.000000,3.000000,3.000000,3.000000
37.107883,0.707042,-0.495089,-0.479829,0.640370,3.000000,3.000000,3.000000,3.000000
37.117329,0.705741,-0.494863,-0.480086,0.639571,3.000000,3.000000,3.000000,3.000000
37.127876,0.705809,-0.495506,-0.480744,0.639301,3.000000,3.000000,3.000000,3.000000
37.137329,0.707531,-0.497772,-0.482432,0.641038,3.000000,3.000000,3.000000,3.000000
37.147861,0.707693,-0.498068,-0.482267,0.641175,3.000000,3.000000,3.000000,3.000000
37.157330,0.709013,-0.497858,-0.481652,0.641850,3.000000,3.000000,3.000000,3.000000
37.167862,0.712024,-0.499232,-0.482680,0.643953,3.000000,3.000000,3.000000,3.000000
37.177330,0.712263,-0.498958,-0.482483,0.644186,3.000000,3.000000,3.000000,3.000000
37.187862,0.711564,-0.499029,-0.482701,0.644279,3.000000,3.000000,3.000000,3.000000
37.197330,0.713092,-0.500888,-0.484688,0.646120,3.000000,3.000000,3.000000,3.000000
37.207882,0.713385,-0.500322,-0.484621,0.645919,3.000000,3.000000,3.000000,3.000000
37.217331,0.714110,-0.499918,-0.484389,0.645983,3.000000,3.000000,3.000000,3.000000
37.227875,0.714235,-0.500029,-0.484367,0.647714,3.000000,3.000000,3.000000,3.000000
37.237328,0.714666,-0.500005,-0.484482,0.647694,3.000000,3.000000,3.000000,3.000000
37.247875,0.714790,-0.500105,-0.484446,0.647735,3.000000,3.000000,3.000000,3.000000
37.257332,0.715405,-0.500270,-0.484660,0.647754,3.000000,3.000000,3.000000,3.000000
37.267891,0.716783,-0.500315,-0.484156,0.648351,3.000000,3.000000,3.000000,3.000000
37.277382,0.718711,-0.501815,-0.485016,0.650329,3.000000,3.000000,3.000000,3.000000
37.287910,0.719344,-0.501130,-0.484477,0.650688,3.000000,3.000000,3.000000,3.000000
37.297398,0.720089,-0.500170,-0.483895,0.650781,3.000000,3.000000,3.000000,3.000000
37.307953,0.722532,-0.501181,-0.485402,0.652479,3.000000,3.000000,3.000000,3.000000
37.317436,0.722366,-0.500896,-0.485300,0.652524,3.000000,3.000000,3.000000,3.000000
37.327984,0.720861,-0.500739,-0.485284,0.652234,3.000000,3.000000,3.000000,3.000000
37.337433,0.719252,-0.500498,-0.485103,0.651821,3.000000,3.000000,3.000000,3.000000
37.347931,0.718976,-0.501183,-0.485656,0.651642,3.000000,3.000000,3.000000,3.000000
37.357388,0.719173,-0.501258,-0.485571,0.651615,3.000000,3.000000,3.000000,3.000000
37.367943,0.719699,-0.501519,-0.485254,0.651821,3.000000,3.000000,3.000000,3.000000
37.377380,0.720562,-0.502238,-0.485470,0.651572,3.000000,3.000000,3.000000,3.000000
37.387928,0.722232,-0.503690,-0.486342,0.653438,3.000000,3.000000,3.000000,3.000000
37.397427,0.722696,-0.503007,-0.485801,0.653715,3.000000,3.000000,3.000000,3.000000
37.407963,0.723491,-0.502102,-0.485045,0.653898,3.000000,3.000000,3.000000,3.000000
37.417439,0.725547,-0.503466,-0.486284,0.655750,3.000000,3.000000,3.000000,3.000000
37.427979,0.725346,-0.503375,-0.486225,0.655913,3.000000,3.000000,3.000000,3.000000
37.437428,0.725072,-0.503209,-0.486346,0.655814,3.000000,3.000000,3.000000,3.000000
37.447968,0.726516,-0.504958,-0.488107,0.657445,3.000000,3.000000,3.000000,3.000000
37.457432,0.725541,-0.504874,-0.488042,0.657144,3.000000,3.000000,3.000000,3.000000
37.467983,0.724511,-0.504492,-0.487835,0.656989,3.000000,3.000000,3.000000,3.000000
37.477436,0.723141,-0.504122,-0.487478,0.656660,3.000000,3.000000,3.000000,3.000000
37.487984,0.722291,-0.504061,-0.487368,0.656251,3.000000,3.000000,3.000000,3.000000
37.497433,0.724887,-0.506449,-0.489538,0.657936,3.000000,3.000000,3.000000,3.000000
37.507977,0.725268,-0.506290,-0.488463,0.657920,3.000000,3.000000,3.000000,3.000000
37.517433,0.725671,-0.506021,-0.487975,0.658151,3.000000,3.000000,3.000000,3.000000
37.527973,0.727930,-0.507471,-0.489770,0.659892,3.000000,3.000000,3.000000,3.000000
37.537434,0.727886,-0.507349,-0.489943,0.659688,3.000000,3.000000,3.000000,3.000000
37.547955,0.727199,-0.507412,-0.490350,0.659194,3.000000,3.000000,3.000000,3.000000
37.557396,0.725724,-0.507024,-0.490294,0.658643,3.000000,3.000000,3.000000,3.000000
37.567913,0.724770,-0.506520,-0.490030,0.658284,3.000000,3.000000,3.000000,3.000000
37.577412,0.726499,-0.508344,-0.492181,0.659622,3.000000,3.000000,3.000000,3.000000
37.587955,0.726418,-0.508570,-0.492305,0.659277,3.000000,3.000000,3.000000,3.000000
37.597431,0.725904,-0.509023,-0.492882,0.658779,3.000000,3.000000,3.000000,3.000000
37.607967,0.725462,-0.509659,-0.493706,0.658687,3.000000,3.000000,3.000000,3.000000
37.617432,0.725901,-0.509524,-0.493909,0.658669,3.000000,3.000000,3.000000,3.000000
37.627972,0.727790,-0.511177,-0.495411,0.660376,3.000000,3.000000,3.000000,3.000000
37.637432,0.728005,-0.510666,-0.494949,0.660346,3.000000,3.000000,3.000000,3.000000
37.647964,0.728675,-0.509631,-0.494125,0.660458,3.000000,3.000000,3.000000,3.000000
37.657433,0.730699,-0.510916,-0.495268,0.662261,3.000000,3.000000,3.000000,3.000000
37.667973,0.729983,-0.510666,-0.494885,0.662058,3.000000,3.000000,3.000000,3.000000
37.677433,0.728350,-0.509863,-0.494348,0.661456,3.000000,3.000000,3.000000,3.000000
37.687935,0.727015,-0.509856,-0.494323,0.660997,3.000000,3.000000,3.000000,3.000000
37.697430,0.725977,-0.509803,-0.494112,0.660640,3.000000,3.000000,3.000000,3.000000
37.707973,0.727678,-0.511608,-0.495677,0.662251,3.000000,3.000000,3.000000,3.000000
37.717434,0.729122,-0.512608,-0.495256,0.662298,3.000000,3.000000,3.000000,3.000000
37.727905,0.730126,-0.512579,-0.493528,0.662357,3.000000,3.000000,3.000000,3.000000
37.737381,0.731941,-0.513700,-0.493834,0.664426,3.000000,3.000000,3.000000,3.000000
37.747925,0.732362,-0.512768,-0.493279,0.664687,3.000000,3.000000,3.000000,3.000000
37.757381,0.732965,-0.511636,-0.492658,0.664734,3.000000,3.000000,3.000000,3.000000
37.767921,0.734846,-0.512804,-0.493975,0.666440,3.000000,3.000000,3.000000,3.000000
37.777378,0.734430,-0.512563,-0.493939,0.666382,3.000000,3.000000,3.000000,3.000000
37.787899,0.733512,-0.512385,-0.493764,0.666138,3.000000,3.000000,3.000000,3.000000
37.797348,0.734397,-0.513663,-0.495379,0.667363,3.000000,3.000000,3.000000,3.000000
37.807892,0.734640,-0.514084,-0.495941,0.667008,3.000000,3.000000,3.000000,3.000000
37.817383,0.735072,-0.513989,-0.495913,0.666753,3.000000,3.000000,3.000000,3.000000
37.827885,0.734975,-0.514274,-0.495687,0.666635,3.000000,3.000000,3.000000,3.000000
37.837276,0.735009,-0.515123,-0.495789,0.666240,3.000000,3.000000,3.000000,3.000000
37.847775,0.736681,-0.516195,-0.496884,0.667840,3.000000,3.000000,3.000000,3.000000
37.857220,0.736617,-0.515728,-0.496719,0.667902,3.000000,3.000000,3.000000,3.000000
37.867760,0.735338,-0.515461,-0.497104,0.667311,3.000000,3.000000,3.000000,3.000000
37.878273,0.734502,-0.515903,-0.497926,0.666964,3.000000,3.000000,3.000000,3.000000
37.887787,0.734259,-0.515999,-0.498711,0.666531,3.000000,3.000000,3.000000,3.000000
37.897182,0.735666,-0.517109,-0.500336,0.667684,3.000000,3.000000,3.000000,3.000000
37.907742,0.723923,-0.506721,-0.490269,0.656858,3.000000,3.000000,3.000000,3.000000
37.917221,0.722244,-0.507599,-0.491433,0.655611,3.000000,3.000000,3.000000,3.000000
37.927761,0.720887,-0.508571,-0.491747,0.655297,3.000000,3.000000,3.000000,3.000000
37.937225,0.721724,-0.508788,-0.491512,0.656165,3.000000,3.000000,3.000000,3.000000
37.947762,0.725195,-0.510750,-0.492933,0.658943,3.000000,3.000000,3.000000,3.000000
37.957222,0.725568,-0.510316,-0.492169,0.659074,3.000000,3.000000,3.000000,3.000000
37.967762,0.725580,-0.510105,-0.492109,0.659146,3.000000,3.000000,3.000000,3.000000
37.977230,0.725712,-0.510030,-0.492481,0.659046,3.000000,3.000000,3.000000,3.000000
37.987770,0.725658,-0.510019,-0.492528,0.659109,3.000000,3.000000,3.000000,3.000000
37.997234,0.725608,-0.509858,-0.492657,0.659097,3.000000,3.000000,3.000000,3.000000
38.007778,0.725409,-0.509801,-0.492740,0.659273,-3.000000,-3.000000,-3.000000,-3.000000
38.017326,0.726901,-0.511262,-0.494548,0.660849,-3.000000,-3.000000,-3.000000,-3.000000
38.027866,0.725760,-0.511277,-0.494809,0.660328,-3.000000,-3.000000,-3.000000,-3.000000
38.037331,0.725058,-0.512337,-0.495866,0.659361,-3.000000,-3.000000,-3.000000,-3.000000
38.047867,0.724376,-0.513412,-0.496023,0.658746,-3.000000,-3.000000,-3.000000,-3.000000
38.057331,0.723361,-0.513927,-0.495896,0.657907,-3.000000,-3.000000,-3.000000,-3.000000
38.067875,0.725422,-0.516192,-0.497632,0.659490,-3.000000,-3.000000,-3.000000,-3.000000
38.077328,0.725104,-0.515930,-0.497020,0.659817,-3.000000,-3.000000,-3.000000,-3.000000
38.087879,0.724446,-0.515729,-0.497155,0.659908,-3.000000,-3.000000,-3.000000,-3.000000
38.097332,0.725934,-0.517189,-0.499197,0.661466,-3.000000,-3.000000,-3.000000,-3.000000
38.107880,0.725957,-0.516992,-0.499453,0.661344,-3.000000,-3.000000,-3.000000,-3.000000
38.117340,0.725911,-0.516861,-0.499543,0.661284,-3.000000,-3.000000,-3.000000,-3.000000
38.127888,0.725615,-0.516635,-0.499410,0.661202,-3.000000,-3.000000,-3.000000,-3.000000
38.137344,0.724638,-0.515933,-0.499159,0.660734,-3.000000,-3.000000,-3.000000,-3.000000
38.147888,0.724740,-0.516286,-0.499636,0.662249,-3.000000,-3.000000,-3.000000,-3.000000
38.157326,0.724656,-0.516389,-0.499759,0.661850,-3.000000,-3.000000,-3.000000,-3.000000
38.167866,0.726277,-0.518320,-0.501677,0.663070,-3.000000,-3.000000,-3.000000,-3.000000
38.177326,0.726789,-0.519392,-0.502108,0.662928,-3.000000,-3.000000,-3.000000,-3.000000
38.187855,0.726503,-0.519530,-0.502303,0.663021,-3.000000,-3.000000,-3.000000,-3.000000
38.197330,0.727933,-0.521029,-0.504020,0.664807,-3.000000,-3.000000,-3.000000,-3.000000
38.207832,0.727720,-0.520916,-0.504456,0.664730,-3.000000,-3.000000,-3.000000,-3.000000
38.217281,0.727688,-0.520683,-0.504691,0.664467,-3.000000,-3.000000,-3.000000,-3.000000
38.227840,0.727663,-0.520649,-0.504786,0.664398,-3.000000,-3.000000,-3.000000,-3.000000
38.237328,0.727080,-0.520087,-0.504509,0.664121,-3.000000,-3.000000,-3.000000,-3.000000
38.247868,0.727613,-0.520943,-0.505651,0.665326,-3.000000,-3.000000,-3.000000,-3.000000
38.257332,0.726451,-0.520945,-0.505539,0.664905,-3.000000,-3.000000,-3.000000,-3.000000
38.267879,0.725816,-0.520777,-0.505378,0.664561,-3.000000,-3.000000,-3.000000,-3.000000
38.277332,0.726229,-0.521201,-0.505432,0.664491,-3.000000,-3.000000,-3.000000,-3.000000
38.287876,0.726682,-0.522369,-0.505578,0.664312,-3.000000,-3.000000,-3.000000,-3.000000
38.297337,0.728322,-0.523983,-0.506941,0.665911,-3.000000,-3.000000,-3.000000,-3.000000
38.307831,0.729014,-0.523500,-0.506450,0.666232,-3.000000,-3.000000,-3.000000,-3.000000
38.317329,0.729375,-0.523022,-0.506378,0.666161,-3.000000,-3.000000,-3.000000,-3.000000
38.327877,0.729337,-0.522744,-0.506284,0.666172,-3.000000,-3.000000,-3.000000,-3.000000
38.337280,0.729287,-0.522394,-0.506407,0.666060,-3.000000,-3.000000,-3.000000,-3.000000
38.347778,0.728552,-0.521865,-0.506116,0.665933,-3.000000,-3.000000,-3.000000,-3.000000
38.357224,0.729122,-0.522597,-0.507296,0.667138,-3.000000,-3.000000,-3.000000,-3.000000
38.367748,0.727454,-0.522904,-0.507522,0.666290,-3.000000,-3.000000,-3.000000,-3.000000
38.377224,0.726801,-0.524581,-0.508583,0.665377,-3.000000,-3.000000,-3.000000,-3.000000
38.387764,0.726539,-0.525333,-0.508386,0.664809,-3.000000,-3.000000,-3.000000,-3.000000
38.397228,0.726802,-0.525161,-0.507412,0.665124,-3.000000,-3.000000,-3.000000,-3.000000
38.407780,0.729151,-0.526735,-0.508582,0.667189,-3.000000,-3.000000,-3.000000,-3.000000
38.417278,0.729642,-0.526205,-0.508165,0.667368,-3.000000,-3.000000,-3.000000,-3.000000
38.427826,0.730013,-0.525823,-0.508079,0.667495,-3.000000,-3.000000,-3.000000,-3.000000
38.437275,0.731778,-0.527081,-0.509711,0.669084,-3.000000,-3.000000,-3.000000,-3.000000
38.447826,0.731934,-0.526935,-0.509672,0.669092,-3.000000,-3.000000,-3.000000,-3.000000
38.457275,0.731950,-0.526771,-0.509593,0.669060,-3.000000,-3.000000,-3.000000,-3.000000
38.467800,0.731412,-0.526104,-0.509258,0.668847,-3.000000,-3.000000,-3.000000,-3.000000
38.477287,0.730142,-0.525406,-0.508875,0.668418,-3.000000,-3.000000,-3.000000,-3.000000
38.487846,0.730978,-0.527069,-0.510588,0.669778,-3.000000,-3.000000,-3.000000,-3.000000
38.497334,0.730186,-0.527024,-0.510346,0.669533,-3.000000,-3.000000,-3.000000,-3.000000
38.507854,0.730750,-0.527546,-0.510384,0.669544,-3.000000,-3.000000,-3.000000,-3.000000
38.517330,0.733663,-0.530026,-0.512024,0.671289,-3.000000,-3.000000,-3.000000,-3.000000
38.527866,0.734056,-0.529331,-0.510647,0.671436,-3.000000,-3.000000,-3.000000,-3.000000
38.537327,0.734584,-0.528807,-0.510231,0.671574,-3.000000,-3.000000,-3.000000,-3.000000
38.547859,0.734871,-0.528498,-0.510109,0.671637,-3.000000,-3.000000,-3.000000,-3.000000
38.557327,0.734787,-0.527902,-0.510077,0.671529,-3.000000,-3.000000,-3.000000,-3.000000
38.567852,0.736409,-0.529066,-0.511862,0.673025,-3.000000,-3.000000,-3.000000,-3.000000
38.577305,0.735719,-0.528492,-0.511521,0.672681,-3.000000,-3.000000,-3.000000,-3.000000
38.587856,0.734709,-0.527664,-0.511221,0.672105,-3.000000,-3.000000,-3.000000,-3.000000
38.597332,0.736271,-0.529366,-0.513303,0.673329,-3.000000,-3.000000,-3.000000,-3.000000
38.607880,0.736123,-0.529553,-0.513220,0.673041,-3.000000,-3.000000,-3.000000,-3.000000
38.617332,0.736370,-0.529718,-0.513220,0.672770,-3.000000,-3.000000,-3.000000,-3.000000
38.627876,0.737568,-0.529805,-0.512588,0.673242,-3.000000,-3.000000,-3.000000,-3.000000
38.637329,0.737819,-0.529369,-0.511634,0.673450,-3.000000,-3.000000,-3.000000,-3.000000
38.647888,0.738159,-0.528877,-0.511254,0.673692,-3.000000,-3.000000,-3.000000,-3.000000
38.657383,0.738443,-0.528436,-0.511364,0.673619,-3.000000,-3.000000,-3.000000,-3.000000
38.667934,0.738298,-0.528172,-0.511344,0.673560,-3.000000,-3.000000,-3.000000,-3.000000
38.677380,0.738175,-0.527844,-0.511471,0.673368,-3.000000,-3.000000,-3.000000,-3.000000
38.687920,0.737814,-0.527630,-0.511455,0.673308,-3.000000,-3.000000,-3.000000,-3.000000
38.697380,0.737055,-0.527107,-0.511329,0.672932,-3.000000,-3.000000,-3.000000,-3.000000
38.707912,0.737436,-0.528371,-0.512575,0.674286,-3.000000,-3.000000,-3.000000,-3.000000
38.717381,0.737227,-0.528785,-0.512830,0.674033,-3.000000,-3.000000,-3.000000,-3.000000
38.727917,0.737600,-0.528832,-0.512571,0.673941,-3.000000,-3.000000,-3.000000,-3.000000
38.737381,0.738544,-0.528696,-0.511706,0.674397,-3.000000,-3.000000,-3.000000,-3.000000
38.747925,0.739531,-0.528695,-0.510917,0.675050,-3.000000,-3.000000,-3.000000,-3.000000
38.757378,0.739873,-0.528457,-0.510707,0.675093,-3.000000,-3.000000,-3.000000,-3.000000
38.767914,0.740018,-0.528109,-0.510492,0.675158,-3.000000,-3.000000,-3.000000,-3.000000
38.777378,0.741931,-0.529353,-0.512243,0.676730,-3.000000,-3.000000,-3.000000,-3.000000
38.787922,0.741781,-0.529240,-0.512272,0.676533,-3.000000,-3.000000,-3.000000,-3.000000
38.797375,0.740741,-0.529129,-0.512415,0.675958,-3.000000,-3.000000,-3.000000,-3.000000
38.807911,0.739219,-0.529137,-0.512462,0.675594,-3.000000,-3.000000,-3.000000,-3.000000
38.817379,0.737627,-0.528583,-0.512250,0.674983,-3.000000,-3.000000,-3.000000,-3.000000
38.827911,0.738352,-0.530083,-0.514071,0.676128,-3.000000,-3.000000,-3.000000,-3.000000
38.837376,0.736959,-0.530318,-0.514026,0.675484,-3.000000,-3.000000,-3.000000,-3.000000
38.847919,0.736445,-0.531424,-0.514274,0.674941,-3.000000,-3.000000,-3.000000,-3.000000
38.857376,0.738765,-0.534024,-0.516024,0.676249,-3.000000,-3.000000,-3.000000,-3.000000
38.867908,0.738537,-0.533790,-0.514976,0.676412,-3.000000,-3.000000,-3.000000,-3.000000
38.877380,0.737595,-0.533467,-0.514928,0.676199,-3.000000,-3.000000,-3.000000,-3.000000
38.887936,0.738808,-0.535364,-0.517077,0.677728,-3.000000,-3.000000,-3.000000,-3.000000
38.897427,0.738778,-0.535377,-0.517773,0.677372,-3.000000,-3.000000,-3.000000,-3.000000
38.907970,0.738794,-0.534933,-0.517724,0.677057,-3.000000,-3.000000,-3.000000,-3.000000
38.917389,0.738272,-0.534292,-0.517494,0.676693,-3.000000,-3.000000,-3.000000,-3.000000
38.927933,0.737320,-0.533563,-0.517171,0.676208,-3.000000,-3.000000,-3.000000,-3.000000
38.937431,0.738770,-0.535669,-0.519115,0.677747,-3.000000,-3.000000,-3.000000,-3.000000
38.947968,0.738871,-0.535596,-0.518758,0.677744,-3.000000,-3.000000,-3.000000,-3.000000
38.957439,0.739813,-0.535171,-0.517843,0.677878,-3.000000,-3.000000,-3.000000,-3.000000
38.967972,0.741322,-0.535223,-0.516284,0.678147,-3.000000,-3.000000,-3.000000,-3.000000
38.977394,0.741879,-0.534489,-0.514854,0.678234,-3.000000,-3.000000,-3.000000,-3.000000
38.987953,0.743835,-0.535505,-0.515831,0.680026,-3.000000,-3.000000,-3.000000,-3.000000
38.997437,0.743842,-0.535034,-0.515702,0.680057,-3.000000,-3.000000,-3.000000,-3.000000
39.007977,0.745575,-0.536255,-0.517411,0.681644,-3.000000,-3.000000,-3.000000,-3.000000
39.017490,0.745257,-0.535985,-0.517541,0.681341,-3.000000,-3.000000,-3.000000,-3.000000
39.028023,0.744263,-0.535981,-0.517696,0.680779,-3.000000,-3.000000,-3.000000,-3.000000
39.037487,0.745039,-0.537100,-0.519318,0.681954,-3.000000,-3.000000,-3.000000,-3.000000
39.048035,0.744072,-0.536386,-0.518935,0.681556,-3.000000,-3.000000,-3.000000,-3.000000
39.057487,0.743976,-0.536518,-0.519278,0.681121,-3.000000,-3.000000,-3.000000,-3.000000
39.068027,0.743635,-0.536700,-0.519159,0.680787,-3.000000,-3.000000,-3.000000,-3.000000
39.077442,0.743887,-0.536808,-0.519085,0.680461,-3.000000,-3.000000,-3.000000,-3.000000
39.087986,0.746563,-0.538711,-0.520229,0.682535,-3.000000,-3.000000,-3.000000,-3.000000
39.097431,0.746982,-0.537639,-0.519128,0.682277,-3.000000,-3.000000,-3.000000,-3.000000
39.107971,0.747511,-0.536395,-0.518243,0.682188,-3.000000,-3.000000,-3.000000,-3.000000
39.117428,0.747323,-0.535859,-0.517954,0.682176,-3.000000,-3.000000,-3.000000,-3.000000
39.127964,0.747143,-0.535437,-0.518175,0.681911,-3.000000,-3.000000,-3.000000,-3.000000
39.137436,0.746759,-0.535146,-0.518164,0.681714,-3.000000,-3.000000,-3.000000,-3.000000
39.147976,0.748108,-0.536373,-0.519823,0.683061,-3.000000,-3.000000,-3.000000,-3.000000
39.157433,0.746374,-0.536162,-0.519863,0.682186,-3.000000,-3.000000,-3.000000,-3.000000
39.167973,0.745054,-0.537493,-0.520993,0.680910,-3.000000,-3.000000,-3.000000,-3.000000
39.177437,0.743463,-0.538798,-0.521098,0.679963,-3.000000,-3.000000,-3.000000,-3.000000
39.187988,0.742631,-0.539431,-0.520769,0.679608,-3.000000,-3.000000,-3.000000,-3.000000
39.197430,0.744633,-0.541533,-0.522119,0.681636,-3.000000,-3.000000,-3.000000,-3.000000
39.207962,0.744406,-0.540980,-0.521634,0.681859,-3.000000,-3.000000,-3.000000,-3.000000
39.217430,0.744824,-0.540487,-0.521730,0.681891,-3.000000,-3.000000,-3.000000,-3.000000
39.227962,0.746580,-0.542025,-0.523442,0.683429,-3.000000,-3.000000,-3.000000,-3.000000
39.237434,0.746309,-0.541581,-0.523275,0.683229,-3.000000,-3.000000,-3.000000,-3.000000
39.247982,0.746141,-0.541320,-0.523240,0.683008,-3.000000,-3.000000,-3.000000,-3.000000
39.257431,0.747653,-0.542801,-0.524790,0.684611,-3.000000,-3.000000,-3.000000,-3.000000
39.267971,0.746850,-0.542175,-0.524304,0.684363,-3.000000,-3.000000,-3.000000,-3.000000
39.277435,0.745450,-0.541293,-0.523738,0.683840,-3.000000,-3.000000,-3.000000,-3.000000
39.287979,0.746280,-0.542738,-0.525386,0.685193,-3.000000,-3.000000,-3.000000,-3.000000
39.297432,0.745338,-0.542544,-0.525153,0.684843,-3.000000,-3.000000,-3.000000,-3.000000
39.307976,0.745662,-0.542981,-0.525135,0.684621,-3.000000,-3.000000,-3.000000,-3.000000
39.317436,0.748381,-0.545409,-0.526570,0.686209,-3.000000,-3.000000,-3.000000,-3.000000
39.327965,0.748625,-0.544707,-0.525139,0.686319,-3.000000,-3.000000,-3.000000,-3.000000
39.337437,0.749091,-0.544146,-0.524654,0.686437,-3.000000,-3.000000,-3.000000,-3.000000
39.347988,0.750953,-0.545509,-0.526082,0.688069,-3.000000,-3.000000,-3.000000,-3.000000
39.357391,0.750705,-0.544945,-0.525829,0.687933,-3.000000,-3.000000,-3.000000,-3.000000
39.367901,0.750490,-0.544573,-0.525805,0.687681,-3.000000,-3.000000,-3.000000,-3.000000
39.377380,0.749994,-0.544394,-0.525780,0.687341,-3.000000,-3.000000,-3.000000,-3.000000
39.387917,0.749030,-0.543950,-0.525709,0.686758,-3.000000,-3.000000,-3.000000,-3.000000
39.397385,0.749765,-0.544922,-0.527118,0.688026,-3.000000,-3.000000,-3.000000,-3.000000
39.407928,0.748235,-0.544199,-0.526524,0.687504,-3.000000,-3.000000,-3.000000,-3.000000
39.417381,0.747446,-0.543725,-0.526240,0.687024,-3.000000,-3.000000,-3.000000,-3.000000
39.427929,0.749984,-0.545811,-0.528361,0.688643,-3.000000,-3.000000,-3.000000,-3.000000
39.437378,0.750163,-0.545728,-0.527495,0.688603,-3.000000,-3.000000,-3.000000,-3.000000
39.447937,0.750296,-0.545346,-0.527076,0.688445,-3.000000,-3.000000,-3.000000,-3.000000
39.457382,0.750256,-0.544996,-0.526736,0.688395,-3.000000,-3.000000,-3.000000,-3.000000
39.467926,0.750234,-0.544592,-0.526687,0.688215,-3.000000,-3.000000,-3.000000,-3.000000
39.477383,0.751510,-0.546185,-0.528247,0.689787,-3.000000,-3.000000,-3.000000,-3.000000
39.487923,0.750890,-0.545132,-0.527932,0.689172,-3.000000,-3.000000,-3.000000,-3.000000
39.497383,0.750168,-0.544136,-0.527353,0.688705,-3.000000,-3.000000,-3.000000,-3.000000
39.507885,0.750086,-0.546103,-0.529138,0.690203,-3.000000,-3.000000,-3.000000,-3.000000
39.517380,0.750140,-0.545543,-0.528622,0.689848,-3.000000,-3.000000,-3.000000,-3.000000
39.527927,0.750636,-0.545495,-0.527999,0.689920,-3.000000,-3.000000,-3.000000,-3.000000
39.537380,0.751383,-0.545986,-0.527772,0.689519,-3.000000,-3.000000,-3.000000,-3.000000
39.547901,0.751254,-0.545330,-0.526609,0.689506,-3.000000,-3.000000,-3.000000,-3.000000
39.557327,0.752966,-0.546590,-0.527863,0.691324,-3.000000,-3.000000,-3.000000,-3.000000
39.567871,0.753276,-0.545473,-0.527573,0.690977,-3.000000,-3.000000,-3.000000,-3.000000
39.577332,0.753601,-0.544337,-0.527041,0.690785,-3.000000,-3.000000,-3.000000,-3.000000
39.587837,0.753267,-0.543869,-0.526789,0.690702,-3.000000,-3.000000,-3.000000,-3.000000
39.597336,0.752477,-0.543201,-0.526503,0.690296,-3.000000,-3.000000,-3.000000,-3.000000
39.607883,0.750533,-0.542253,-0.525590,0.689711,-3.000000,-3.000000,-3.000000,-3.000000
39.617344,0.749037,-0.541975,-0.525491,0.688911,-3.000000,-3.000000,-3.000000,-3.000000
39.627876,0.748629,-0.542533,-0.525699,0.688478,-3.000000,-3.000000,-3.000000,-3.000000
39.637325,0.748844,-0.542436,-0.525289,0.688285,-3.000000,-3.000000,-3.000000,-3.000000
39.647869,0.749364,-0.542573,-0.524699,0.688386,-3.000000,-3.000000,-3.000000,-3.000000
39.657330,0.751848,-0.544988,-0.526559,0.689663,-3.000000,-3.000000,-3.000000,-3.000000
39.667873,0.751589,-0.544586,-0.525722,0.689657,-3.000000,-3.000000,-3.000000,-3.000000
39.677330,0.750626,-0.544094,-0.525855,0.689264,-3.000000,-3.000000,-3.000000,-3.000000
39.687870,0.750174,-0.544339,-0.526609,0.689001,-3.000000,-3.000000,-3.000000,-3.000000
39.697330,0.750215,-0.544271,-0.527297,0.688624,-3.000000,-3.000000,-3.000000,-3.000000
39.707878,0.750242,-0.543746,-0.527182,0.688297,-3.000000,-3.000000,-3.000000,-3.000000
39.717327,0.749641,-0.543116,-0.526908,0.687954,-3.000000,-3.000000,-3.000000,-3.000000
39.727859,0.750355,-0.543969,-0.528272,0.689172,-3.000000,-3.000000,-3.000000,-3.000000
39.737331,0.750167,-0.544389,-0.528664,0.688895,-3.000000,-3.000000,-3.000000,-3.000000
39.747871,0.750241,-0.544541,-0.528504,0.688826,-3.000000,-3.000000,-3.000000,-3.000000
39.757324,0.750867,-0.544860,-0.528282,0.688762,-3.000000,-3.000000,-3.000000,-3.000000
39.767853,0.751878,-0.545414,-0.527588,0.688812,-3.000000,-3.000000,-3.000000,-3.000000
39.777325,0.753688,-0.546458,-0.528015,0.690599,-3.000000,-3.000000,-3.000000,-3.000000
39.787819,0.754213,-0.545838,-0.527737,0.690832,-3.000000,-3.000000,-3.000000,-3.000000
39.797276,0.754372,-0.545455,-0.527782,0.690781,-3.000000,-3.000000,-3.000000,-3.000000
39.807812,0.755844,-0.547160,-0.529544,0.692423,-3.000000,-3.000000,-3.000000,-3.000000
39.817272,0.755622,-0.546417,-0.529635,0.691923,-3.000000,-3.000000,-3.000000,-3.000000
39.827805,0.755241,-0.545359,-0.529201,0.691606,-3.000000,-3.000000,-3.000000,-3.000000
39.837276,0.754111,-0.544656,-0.528672,0.691217,-3.000000,-3.000000,-3.000000,-3.000000
39.847801,0.753880,-0.545002,-0.529200,0.690803,-3.000000,-3.000000,-3.000000,-3.000000
39.857224,0.755194,-0.547051,-0.530907,0.692276,-3.000000,-3.000000,-3.000000,-3.000000
39.867764,0.755015,-0.546773,-0.530962,0.691674,-3.000000,-3.000000,-3.000000,-3.000000
39.877224,0.755941,-0.546363,-0.530275,0.691826,-3.000000,-3.000000,-3.000000,-3.000000
39.887730,0.756445,-0.546055,-0.529116,0.691915,-3.000000,-3.000000,-3.000000,-3.000000
39.897171,0.756531,-0.545707,-0.528710,0.691903,-3.000000,-3.000000,-3.000000,-3.000000
39.907715,0.756560,-0.545385,-0.528429,0.692032,-3.000000,-3.000000,-3.000000,-3.000000
39.917171,0.756517,-0.545060,-0.528475,0.691877,-3.000000,-3.000000,-3.000000,-3.000000
39.927723,0.757887,-0.546637,-0.530127,0.693525,-3.000000,-3.000000,-3.000000,-3.000000
39.937172,0.757772,-0.545943,-0.530120,0.693150,-3.000000,-3.000000,-3.000000,-3.000000
39.947712,0.757426,-0.545056,-0.529604,0.692954,-3.000000,-3.000000,-3.000000,-3.000000
39.957172,0.756380,-0.544399,-0.528984,0.692627,-3.000000,-3.000000,-3.000000,-3.000000
39.967720,0.756204,-0.544692,-0.529397,0.692184,-3.000000,-3.000000,-3.000000,-3.000000
39.977173,0.757559,-0.546684,-0.531001,0.693626,-3.000000,-3.000000,-3.000000,-3.000000
39.987713,0.757376,-0.546395,-0.530997,0.693003,-3.000000,-3.000000,-3.000000,-3.000000
39.997181,0.758314,-0.545925,-0.530369,0.693133,-3.000000,-3.000000,-3.000000,-3.000000
40.007702,0.758802,-0.545635,-0.529347,0.693286,3.000000,3.000000,3.000000,3.000000
40.017223,0.758732,-0.545311,-0.529052,0.693225,3.000000,3.000000,3.000000,3.000000
40.027771,0.760258,-0.546827,-0.530514,0.695022,3.000000,3.000000,3.000000,3.000000
40.037224,0.760305,-0.545891,-0.530320,0.694678,3.000000,3.000000,3.000000,3.000000
40.047768,0.760459,-0.544906,-0.529853,0.694509,3.000000,3.000000,3.000000,3.000000
40.057228,0.759553,-0.544315,-0.529441,0.694284,3.000000,3.000000,3.000000,3.000000
40.067780,0.758385,-0.543842,-0.529350,0.693691,3.000000,3.000000,3.000000,3.000000
40.077274,0.758046,-0.544288,-0.529685,0.693440,3.000000,3.000000,3.000000,3.000000
40.087811,0.758125,-0.544230,-0.529468,0.693297,3.000000,3.000000,3.000000,3.000000
40.097237,0.758435,-0.544348,-0.528999,0.693320,3.000000,3.000000,3.000000,3.000000
40.107784,0.759052,-0.544943,-0.529032,0.692857,3.000000,3.000000,3.000000,3.000000
40.117287,0.758952,-0.544485,-0.528033,0.692944,3.000000,3.000000,3.000000,3.000000
40.127827,0.760709,-0.545907,-0.529358,0.694905,3.000000,3.000000,3.000000,3.000000
40.137276,0.760984,-0.544886,-0.529123,0.694640,3.000000,3.000000,3.000000,3.000000
40.147812,0.761315,-0.543915,-0.528597,0.694548,3.000000,3.000000,3.000000,3.000000
40.157284,0.762646,-0.545472,-0.530072,0.696224,3.000000,3.000000,3.000000,3.000000
40.167812,0.762068,-0.544530,-0.529842,0.695714,3.000000,3.000000,3.000000,3.000000
40.177277,0.763084,-0.545232,-0.531054,0.696975,3.000000,3.000000,3.000000,3.000000
40.187809,0.763054,-0.545591,-0.531430,0.696699,3.000000,3.000000,3.000000,3.000000
40.197277,0.762705,-0.545627,-0.531225,0.696284,3.000000,3.000000,3.000000,3.000000
40.207779,0.764117,-0.548029,-0.532816,0.697693,3.000000,3.000000,3.000000,3.000000
40.217224,0.764245,-0.549467,-0.532705,0.696884,3.000000,3.000000,3.000000,3.000000
40.227749,0.764587,-0.549490,-0.531189,0.696995,3.000000,3.000000,3.000000,3.000000
40.237232,0.765862,-0.550543,-0.531288,0.699056,3.000000,3.000000,3.000000,3.000000
40.247787,0.766144,-0.549903,-0.530976,0.699451,3.000000,3.000000,3.000000,3.000000
40.257275,0.766182,-0.549230,-0.530978,0.699357,3.000000,3.000000,3.000000,3.000000
40.267811,0.765785,-0.548807,-0.530978,0.699214,3.000000,3.000000,3.000000,3.000000
40.277279,0.765351,-0.548405,-0.531148,0.698889,3.000000,3.000000,3.000000,3.000000
40.287781,0.766181,-0.549942,-0.532780,0.700385,3.000000,3.000000,3.000000,3.000000
40.297226,0.764918,-0.549107,-0.532702,0.699501,3.000000,3.000000,3.000000,3.000000
40.307774,0.764652,-0.549313,-0.533099,0.698953,3.000000,3.000000,3.000000,3.000000
40.317223,0.764204,-0.549533,-0.532852,0.698610,3.000000,3.000000,3.000000,3.000000
40.327766,0.764345,-0.549725,-0.532676,0.698356,3.000000,3.000000,3.000000,3.000000
40.337227,0.765308,-0.549844,-0.531919,0.698764,3.000000,3.000000,3.000000,3.000000
40.347748,0.765469,-0.549460,-0.530949,0.698998,3.000000,3.000000,3.000000,3.000000
40.357235,0.765707,-0.548926,-0.530527,0.699240,3.000000,3.000000,3.000000,3.000000
40.367752,0.767534,-0.550097,-0.532263,0.700808,3.000000,3.000000,3.000000,3.000000
40.377224,0.767227,-0.549914,-0.532491,0.700459,3.000000,3.000000,3.000000,3.000000
40.387768,0.766122,-0.549758,-0.532730,0.699755,3.000000,3.000000,3.000000,3.000000
40.397224,0.764554,-0.549725,-0.532728,0.699296,3.000000,3.000000,3.000000,3.000000
40.407772,0.762920,-0.549084,-0.532556,0.698628,3.000000,3.000000,3.000000,3.000000
40.417179,0.763540,-0.550582,-0.534484,0.699629,3.000000,3.000000,3.000000,3.000000
40.427662,0.761976,-0.551023,-0.534911,0.698606,3.000000,3.000000,3.000000,3.000000
40.438171,0.761429,-0.551801,-0.535239,0.697772,3.000000,3.000000,3.000000,3.000000
40.447701,0.763210,-0.554682,-0.536681,0.699164,3.000000,3.000000,3.000000,3.000000
40.457172,0.763344,-0.553726,-0.535148,0.699104,3.000000,3.000000,3.000000,3.000000
40.467712,0.754369,-0.542624,-0.523790,0.689907,3.000000,3.000000,3.000000,3.000000
40.477173,0.754698,-0.542413,-0.523913,0.690244,3.000000,3.000000,3.000000,3.000000
40.487717,0.754455,-0.541994,-0.524224,0.690195,3.000000,3.000000,3.000000,3.000000
40.497173,0.755770,-0.543670,-0.526070,0.692059,3.000000,3.000000,3.000000,3.000000
40.507717,0.755530,-0.543941,-0.526505,0.692147,3.000000,3.000000,3.000000,3.000000
40.517170,0.754846,-0.543623,-0.526591,0.691897,3.000000,3.000000,3.000000,3.000000
40.527721,0.753736,-0.543351,-0.526385,0.691687,3.000000,3.000000,3.000000,3.000000
40.537228,0.753763,-0.543921,-0.527031,0.691463,3.000000,3.000000,3.000000,3.000000
40.547771,0.755314,-0.546123,-0.528826,0.693074,3.000000,3.000000,3.000000,3.000000
40.557182,0.755385,-0.546021,-0.529045,0.692638,3.000000,3.000000,3.000000,3.000000
40.567726,0.756538,-0.545739,-0.528669,0.692956,3.000000,3.000000,3.000000,3.000000
40.577171,0.757294,-0.545580,-0.527877,0.693270,3.000000,3.000000,3.000000,3.000000
40.587704,0.757539,-0.545377,-0.527858,0.693401,3.000000,3.000000,3.000000,3.000000
40.598225,0.759254,-0.547004,-0.529562,0.695295,3.000000,3.000000,3.000000,3.000000
40.607738,0.759528,-0.546211,-0.529601,0.695095,3.000000,3.000000,3.000000,3.000000
40.617226,0.759986,-0.545375,-0.529278,0.695178,3.000000,3.000000,3.000000,3.000000
40.627766,0.750016,-0.535355,-0.519614,0.685624,3.000000,3.000000,3.000000,3.000000
40.637226,0.750363,-0.535940,-0.520372,0.685970,3.000000,3.000000,3.000000,3.000000
40.647758,0.752585,-0.538360,-0.522680,0.687840,3.000000,3.000000,3.000000,3.000000
40.657223,0.753203,-0.538729,-0.522747,0.688082,3.000000,3.000000,3.000000,3.000000
40.667767,0.754066,-0.539150,-0.522859,0.688339,3.000000,3.000000,3.000000,3.000000
40.677174,0.755399,-0.539765,-0.522804,0.688683,3.000000,3.000000,3.000000,3.000000
40.687721,0.755780,-0.539216,-0.522088,0.689055,3.000000,3.000000,3.000000,3.000000
40.697174,0.757919,-0.540538,-0.523866,0.690976,3.000000,3.000000,3.000000,3.000000
40.707695,0.758053,-0.540471,-0.524037,0.691131,3.000000,3.000000,3.000000,3.000000
40.717175,0.758204,-0.540216,-0.524249,0.691329,3.000000,3.000000,3.000000,3.000000
40.727718,0.757892,-0.540103,-0.524552,0.691221,3.000000,3.000000,3.000000,3.000000
40.737179,0.757256,-0.540345,-0.524817,0.691053,3.000000,3.000000,3.000000,3.000000
40.747734,0.757950,-0.541365,-0.526363,0.692349,3.000000,3.000000,3.000000,3.000000
40.757229,0.757944,-0.541925,-0.527086,0.692264,3.000000,3.000000,3.000000,3.000000
40.767769,0.758069,-0.542476,-0.527416,0.692226,3.000000,3.000000,3.000000,3.000000
40.777222,0.758271,-0.543926,-0.528048,0.691980,3.000000,3.000000,3.000000,3.000000
40.787766,0.758052,-0.545262,-0.528386,0.691428,3.000000,3.000000,3.000000,3.000000
40.797222,0.758835,-0.546840,-0.529371,0.693482,3.000000,3.000000,3.000000,3.000000
40.807758,0.758932,-0.546715,-0.529667,0.693736,3.000000,3.000000,3.000000,3.000000
40.817230,0.759260,-0.546881,-0.530062,0.693901,3.000000,3.000000,3.000000,3.000000
40.827766,0.761017,-0.548278,-0.531991,0.695395,3.000000,3.000000,3.000000,3.000000
40.837223,0.761155,-0.548037,-0.531948,0.695519,3.000000,3.000000,3.000000,3.000000
40.847767,0.760807,-0.548219,-0.532160,0.695419,3.000000,3.000000,3.000000,3.000000
40.857227,0.761715,-0.549903,-0.534008,0.696692,3.000000,3.000000,3.000000,3.000000
40.867767,0.760366,-0.549480,-0.533649,0.696540,3.000000,3.000000,3.000000,3.000000
40.877232,0.759376,-0.549678,-0.533690,0.696452,3.000000,3.000000,3.000000,3.000000
40.887783,0.758647,-0.549821,-0.533634,0.696366,3.000000,3.000000,3.000000,3.000000
40.897278,0.759239,-0.550541,-0.533855,0.696503,3.000000,3.000000,3.000000,3.000000
40.907814,0.762120,-0.553206,-0.535606,0.698321,3.000000,3.000000,3.000000,3.000000
40.917274,0.762422,-0.552767,-0.534402,0.698548,3.000000,3.000000,3.000000,3.000000
40.927814,0.762945,-0.552444,-0.534146,0.698823,3.000000,3.000000,3.000000,3.000000
40.937275,0.763194,-0.552264,-0.534200,0.698910,3.000000,3.000000,3.000000,3.000000
40.947803,0.763220,-0.551872,-0.534313,0.698984,3.000000,3.000000,3.000000,3.000000
40.957275,0.764858,-0.553355,-0.536188,0.700649,3.000000,3.000000,3.000000,3.000000
40.967815,0.764129,-0.553027,-0.535971,0.700447,3.000000,3.000000,3.000000,3.000000
40.977238,0.763073,-0.552402,-0.535789,0.699951,3.000000,3.000000,3.000000,3.000000
40.987999,0.764517,-0.554319,-0.537968,0.701203,3.000000,3.000000,3.000000,3.000000
40.997490,0.764310,-0.554658,-0.537911,0.701028,3.000000,3.000000,3.000000,3.000000
41.008034,0.764641,-0.554879,-0.537958,0.700886,3.000000,3.000000,3.000000,3.000000
41.017540,0.767272,-0.557069,-0.539396,0.702993,3.000000,3.000000,3.000000,3.000000
41.028084,0.767686,-0.556225,-0.538490,0.702870,3.000000,3.000000,3.000000,3.000000
41.037548,0.768299,-0.555193,-0.537654,0.702982,3.000000,3.000000,3.000000,3.000000
41.049118,0.768168,-0.554880,-0.537395,0.703126,3.000000,3.000000,3.000000,3.000000
41.058620,0.758105,-0.544966,-0.527830,0.693370,3.000000,3.000000,3.000000,3.000000
41.069118,0.759852,-0.546957,-0.529872,0.695390,3.000000,3.000000,3.000000,3.000000
41.079670,0.759870,-0.547070,-0.530384,0.695383,3.000000,3.000000,3.000000,3.000000
41.089172,0.759903,-0.547697,-0.531139,0.695049,3.000000,3.000000,3.000000,3.000000
41.099678,0.759418,-0.548896,-0.531416,0.694591,3.000000,3.000000,3.000000,3.000000
41.110172,0.759280,-0.549693,-0.531124,0.694666,3.000000,3.000000,3.000000,3.000000
41.119675,0.760497,-0.549405,-0.530686,0.695617,3.000000,3.000000,3.000000,3.000000
41.130177,0.762380,-0.549111,-0.530549,0.696745,3.000000,3.000000,3.000000,3.000000
41.139713,0.753213,-0.539079,-0.521113,0.687250,3.000000,3.000000,3.000000,3.000000
41.149170,0.755197,-0.541193,-0.523688,0.689257,3.000000,3.000000,3.000000,3.000000
41.159714,0.745708,-0.531567,-0.514805,0.679677,3.000000,3.000000,3.000000,3.000000
41.169174,0.745988,-0.531998,-0.515490,0.679987,3.000000,3.000000,3.000000,3.000000
41.179718,0.748194,-0.534462,-0.517907,0.682200,3.000000,3.000000,3.000000,3.000000
41.189171,0.748365,-0.534887,-0.518406,0.682673,3.000000,3.000000,3.000000,3.000000
41.199715,0.748330,-0.534849,-0.518795,0.682811,3.000000,3.000000,3.000000,3.000000
41.209179,0.749125,-0.536356,-0.520241,0.684636,3.000000,3.000000,3.000000,3.000000
41.219719,0.749494,-0.537404,-0.521357,0.684796,3.000000,3.000000,3.000000,3.000000
41.229172,0.749542,-0.538290,-0.521875,0.684923,3.000000,3.000000,3.000000,3.000000
41.239716,0.750224,-0.539103,-0.522446,0.685076,3.000000,3.000000,3.000000,3.000000
41.250183,0.751747,-0.539738,-0.522365,0.685953,3.000000,3.000000,3.000000,3.000000
41.259674,0.753845,-0.541728,-0.523680,0.688221,3.000000,3.000000,3.000000,3.000000
41.269173,0.754627,-0.541504,-0.523643,0.688782,3.000000,3.000000,3.000000,3.000000
41.279728,0.746195,-0.531092,-0.513621,0.679623,3.000000,3.000000,3.000000,3.000000
41.290180,0.747098,-0.531101,-0.513794,0.680209,3.000000,3.000000,3.000000,3.000000
41.299698,0.747241,-0.531687,-0.514311,0.680726,3.000000,3.000000,3.000000,3.000000
41.309170,0.748665,-0.533462,-0.516549,0.682410,3.000000,3.000000,3.000000,3.000000
41.319702,0.737243,-0.523343,-0.506723,0.672845,3.000000,3.000000,3.000000,3.000000
41.329170,0.735781,-0.523895,-0.507066,0.673082,3.000000,3.000000,3.000000,3.000000
41.339706,0.734527,-0.524944,-0.507753,0.673141,3.000000,3.000000,3.000000,3.000000
41.349171,0.734421,-0.526795,-0.509055,0.673546,3.000000,3.000000,3.000000,3.000000
41.359703,0.736778,-0.529902,-0.511899,0.675551,3.000000,3.000000,3.000000,3.000000
41.370228,0.737964,-0.530545,-0.511910,0.676058,3.000000,3.000000,3.000000,3.000000
41.379719,0.739169,-0.530858,-0.512153,0.676772,3.000000,3.000000,3.000000,3.000000
41.389175,0.739798,-0.531277,-0.512697,0.677192,3.000000,3.000000,3.000000,3.000000
41.399715,0.730493,-0.522572,-0.504124,0.667988,3.000000,3.000000,3.000000,3.000000
41.409172,0.732883,-0.525014,-0.506623,0.670517,3.000000,3.000000,3.000000,3.000000
41.419712,0.733632,-0.525654,-0.507567,0.671232,3.000000,3.000000,3.000000,3.000000
41.429169,0.734654,-0.526516,-0.508464,0.671983,3.000000,3.000000,3.000000,3.000000
41.439709,0.735251,-0.527653,-0.509166,0.672712,3.000000,3.000000,3.000000,3.000000
41.449169,0.736062,-0.529076,-0.510132,0.673403,3.000000,3.000000,3.000000,3.000000
41.459709,0.739123,-0.531223,-0.512126,0.676127,3.000000,3.000000,3.000000,3.000000
41.469170,0.741437,-0.531753,-0.512534,0.677651,3.000000,3.000000,3.000000,3.000000
41.479706,0.742730,-0.532114,-0.512646,0.678570,3.000000,3.000000,3.000000,3.000000
41.489182,0.743654,-0.532305,-0.513220,0.679204,3.000000,3.000000,3.000000,3.000000
41.499718,0.744526,-0.532941,-0.514322,0.679754,3.000000,3.000000,3.000000,3.000000
41.509171,0.746998,-0.535367,-0.516684,0.682121,3.000000,3.000000,3.000000,3.000000
41.519714,0.747493,-0.535667,-0.517081,0.682779,3.000000,3.000000,3.000000,3.000000
41.529171,0.748170,-0.535615,-0.517570,0.683374,3.000000,3.000000,3.000000,3.000000
41.539719,0.749679,-0.537586,-0.519667,0.685435,3.000000,3.000000,3.000000,3.000000
41.549179,0.748830,-0.537510,-0.520087,0.685306,3.000000,3.000000,3.000000,3.000000
41.559715,0.749249,-0.538430,-0.521268,0.685358,3.000000,3.000000,3.000000,3.000000
41.569168,0.750994,-0.540854,-0.523282,0.687196,3.000000,3.000000,3.000000,3.000000
41.579704,0.751349,-0.541405,-0.523691,0.687539,3.000000,3.000000,3.000000,3.000000
41.590229,0.752828,-0.541412,-0.523592,0.688234,3.000000,3.000000,3.000000,3.000000
41.599751,0.754224,-0.541107,-0.522942,0.688899,3.000000,3.000000,3.000000,3.000000
41.609180,0.755286,-0.541152,-0.523061,0.689743,3.000000,3.000000,3.000000,3.000000
41.619720,0.755731,-0.541170,-0.523593,0.690090,3.000000,3.000000,3.000000,3.000000
41.629169,0.756160,-0.541689,-0.524189,0.690676,3.000000,3.000000,3.000000,3.000000
41.639706,0.756497,-0.541969,-0.524855,0.691057,3.000000,3.000000,3.000000,3.000000
41.649181,0.756138,-0.542010,-0.525040,0.691430,3.000000,3.000000,3.000000,3.000000
41.659710,0.755533,-0.542028,-0.525322,0.691446,3.000000,3.000000,3.000000,3.000000
41.669174,0.757298,-0.544596,-0.527652,0.693405,3.000000,3.000000,3.000000,3.000000
41.679718,0.757877,-0.545037,-0.527729,0.693933,3.000000,3.000000,3.000000,3.000000
41.689232,0.759320,-0.545183,-0.527253,0.694620,3.000000,3.000000,3.000000,3.000000
41.699787,0.761294,-0.545712,-0.526187,0.695339,3.000000,3.000000,3.000000,3.000000
41.709282,0.762178,-0.545957,-0.525321,0.696350,3.000000,3.000000,3.000000,3.000000
41.719803,0.764536,-0.547490,-0.527136,0.698483,3.000000,3.000000,3.000000,3.000000
41.729279,0.764715,-0.547553,-0.527820,0.698766,3.000000,3.000000,3.000000,3.000000
41.739838,0.763674,-0.547838,-0.528775,0.698502,3.000000,3.000000,3.000000,3.000000
41.749329,0.763293,-0.548668,-0.529910,0.698644,3.000000,3.000000,3.000000,3.000000
41.759865,0.762629,-0.549044,-0.530463,0.698616,3.000000,3.000000,3.000000,3.000000
41.769329,0.761721,-0.549374,-0.532460,0.700268,3.000000,3.000000,3.000000,3.000000
41.779869,0.760920,-0.549124,-0.532510,0.699999,3.000000,3.000000,3.000000,3.000000
41.789326,0.762581,-0.551625,-0.534706,0.701830,3.000000,3.000000,3.000000,3.000000
41.799870,0.763076,-0.551946,-0.534723,0.702183,3.000000,3.000000,3.000000,3.000000
41.809326,0.764577,-0.551875,-0.534157,0.702688,3.000000,3.000000,3.000000,3.000000
41.819870,0.766538,-0.552298,-0.532807,0.703330,3.000000,3.000000,3.000000,3.000000
41.829334,0.767392,-0.552299,-0.531719,0.704106,3.000000,3.000000,3.000000,3.000000
41.839878,0.769640,-0.553703,-0.533178,0.706096,3.000000,3.000000,3.000000,3.000000
41.849285,0.770107,-0.553549,-0.533234,0.706396,3.000000,3.000000,3.000000,3.000000
41.859829,0.770423,-0.553162,-0.533511,0.706525,3.000000,3.000000,3.000000,3.000000
41.869278,0.770484,-0.552981,-0.533633,0.706809,3.000000,3.000000,3.000000,3.000000
41.879776,0.770024,-0.552701,-0.533841,0.706738,3.000000,3.000000,3.000000,3.000000
41.889225,0.770605,-0.554185,-0.535426,0.708325,3.000000,3.000000,3.000000,3.000000
41.899765,0.770670,-0.554598,-0.536308,0.707952,3.000000,3.000000,3.000000,3.000000
41.910233,0.771065,-0.554771,-0.536463,0.708006,3.000000,3.000000,3.000000,3.000000
41.919739,0.773151,-0.556757,-0.537862,0.710127,3.000000,3.000000,3.000000,3.000000
41.929237,0.774486,-0.557770,-0.537380,0.710109,3.000000,3.000000,3.000000,3.000000
41.939774,0.766363,-0.548276,-0.525317,0.701138,3.000000,3.000000,3.000000,3.000000
41.949226,0.767055,-0.547915,-0.524834,0.701830,3.000000,3.000000,3.000000,3.000000
41.959770,0.767623,-0.547627,-0.525007,0.702493,3.000000,3.000000,3.000000,3.000000
41.969223,0.769766,-0.549063,-0.527327,0.704380,3.000000,3.000000,3.000000,3.000000
41.979717,0.769825,-0.549229,-0.528147,0.704436,3.000000,3.000000,3.000000,3.000000
41.989170,0.768563,-0.549266,-0.528823,0.703887,3.000000,3.000000,3.000000,3.000000
41.999706,0.766846,-0.549743,-0.529444,0.703486,3.000000,3.000000,3.000000,3.000000
42.009171,0.766200,-0.550841,-0.530717,0.703061,-3.000000,-3.000000,-3.000000,-3.000000
42.019672,0.767051,-0.552914,-0.532773,0.704382,-3.000000,-3.000000,-3.000000,-3.000000
42.030174,0.765739,-0.553021,-0.532581,0.704332,-3.000000,-3.000000,-3.000000,-3.000000
42.039692,0.765778,-0.554049,-0.533466,0.704250,-3.000000,-3.000000,-3.000000,-3.000000
42.049171,0.765913,-0.554578,-0.533416,0.704636,-3.000000,-3.000000,-3.000000,-3.000000
42.059704,0.756594,-0.545224,-0.523942,0.695347,-3.000000,-3.000000,-3.000000,-3.000000
42.070225,0.757407,-0.545660,-0.524529,0.695973,-3.000000,-3.000000,-3.000000,-3.000000
42.079742,0.757743,-0.546016,-0.525231,0.696417,-3.000000,-3.000000,-3.000000,-3.000000
42.089226,0.757407,-0.546540,-0.525954,0.696745,-3.000000,-3.000000,-3.000000,-3.000000
42.099766,0.747941,-0.537795,-0.517539,0.687566,-3.000000,-3.000000,-3.000000,-3.000000
42.109177,0.748086,-0.538027,-0.518410,0.687824,-3.000000,-3.000000,-3.000000,-3.000000
42.119724,0.749362,-0.539995,-0.520433,0.689716,-3.000000,-3.000000,-3.000000,-3.000000
42.129169,0.750051,-0.540870,-0.521538,0.690000,-3.000000,-3.000000,-3.000000,-3.000000
42.139709,0.750881,-0.541683,-0.522291,0.690360,-3.000000,-3.000000,-3.000000,-3.000000
42.149170,0.751804,-0.542405,-0.522691,0.690926,-3.000000,-3.000000,-3.000000,-3.000000
42.159698,0.752960,-0.543012,-0.522883,0.691699,-3.000000,-3.000000,-3.000000,-3.000000
42.169170,0.753981,-0.543691,-0.523200,0.692549,-3.000000,-3.000000,-3.000000,-3.000000
42.179718,0.755392,-0.544128,-0.523794,0.693351,-3.000000,-3.000000,-3.000000,-3.000000
42.189220,0.756589,-0.543827,-0.523747,0.694217,-3.000000,-3.000000,-3.000000,-3.000000
42.199772,0.758800,-0.545763,-0.525593,0.696633,-3.000000,-3.000000,-3.000000,-3.000000
42.209229,0.759263,-0.545744,-0.526421,0.696849,-3.000000,-3.000000,-3.000000,-3.000000
42.219776,0.759626,-0.545382,-0.526710,0.697195,-3.000000,-3.000000,-3.000000,-3.000000
42.229237,0.759285,-0.545331,-0.526885,0.697412,-3.000000,-3.000000,-3.000000,-3.000000
42.239780,0.759809,-0.546293,-0.527967,0.697630,-3.000000,-3.000000,-3.000000,-3.000000
42.249241,0.761612,-0.548808,-0.529993,0.699621,-3.000000,-3.000000,-3.000000,-3.000000
42.259747,0.762184,-0.549393,-0.530396,0.700044,-3.000000,-3.000000,-3.000000,-3.000000
42.269226,0.763832,-0.549378,-0.530238,0.700779,-3.000000,-3.000000,-3.000000,-3.000000
42.279774,0.765287,-0.549134,-0.529544,0.701426,-3.000000,-3.000000,-3.000000,-3.000000
42.289227,0.766442,-0.549127,-0.529623,0.702217,-3.000000,-3.000000,-3.000000,-3.000000
42.299767,0.768987,-0.551024,-0.531753,0.704358,-3.000000,-3.000000,-3.000000,-3.000000
42.309227,0.769398,-0.551244,-0.532198,0.704599,-3.000000,-3.000000,-3.000000,-3.000000
42.319756,0.769144,-0.551706,-0.532522,0.704847,-3.000000,-3.000000,-3.000000,-3.000000
42.329224,0.768673,-0.551423,-0.532801,0.704882,-3.000000,-3.000000,-3.000000,-3.000000
42.339771,0.768536,-0.551314,-0.532822,0.705344,-3.000000,-3.000000,-3.000000,-3.000000
42.349224,0.771128,-0.553310,-0.535097,0.707371,-3.000000,-3.000000,-3.000000,-3.000000
42.359753,0.772153,-0.553707,-0.535269,0.707873,-3.000000,-3.000000,-3.000000,-3.000000
42.369225,0.772879,-0.554324,-0.535474,0.708217,-3.000000,-3.000000,-3.000000,-3.000000
42.379761,0.773648,-0.554269,-0.535530,0.708357,-3.000000,-3.000000,-3.000000,-3.000000
42.389225,0.774361,-0.554206,-0.535289,0.708711,-3.000000,-3.000000,-3.000000,-3.000000
42.399746,0.776533,-0.556140,-0.536947,0.710714,-3.000000,-3.000000,-3.000000,-3.000000
42.410225,0.777136,-0.556210,-0.536828,0.710994,-3.000000,-3.000000,-3.000000,-3.000000
42.419701,0.777644,-0.556171,-0.536990,0.711309,-3.000000,-3.000000,-3.000000,-3.000000
42.430172,0.778109,-0.556137,-0.537330,0.711559,-3.000000,-3.000000,-3.000000,-3.000000
42.439690,0.768851,-0.546627,-0.528124,0.702243,-3.000000,-3.000000,-3.000000,-3.000000
42.450172,0.769464,-0.547053,-0.528788,0.702802,-3.000000,-3.000000,-3.000000,-3.000000
42.459682,0.759880,-0.538090,-0.520129,0.693117,-3.000000,-3.000000,-3.000000,-3.000000
42.470169,0.761165,-0.541116,-0.522928,0.694636,-3.000000,-3.000000,-3.000000,-3.000000
42.479691,0.750466,-0.532590,-0.514223,0.684841,-3.000000,-3.000000,-3.000000,-3.000000
42.489182,0.751110,-0.533492,-0.515226,0.685792,-3.000000,-3.000000,-3.000000,-3.000000
42.499695,0.743407,-0.525698,-0.507122,0.677515,-3.000000,-3.000000,-3.000000,-3.000000
42.510170,0.744877,-0.526556,-0.507702,0.678775,-3.000000,-3.000000,-3.000000,-3.000000
42.519691,0.747380,-0.528864,-0.510017,0.681398,-3.000000,-3.000000,-3.000000,-3.000000
42.530170,0.747999,-0.529782,-0.511351,0.682194,-3.000000,-3.000000,-3.000000,-3.000000
42.539692,0.739658,-0.521359,-0.503363,0.673593,-3.000000,-3.000000,-3.000000,-3.000000
42.550220,0.740722,-0.522301,-0.504847,0.674422,-3.000000,-3.000000,-3.000000,-3.000000
42.559723,0.732019,-0.513670,-0.496654,0.665882,-3.000000,-3.000000,-3.000000,-3.000000
42.569168,0.733426,-0.515079,-0.498401,0.667185,-3.000000,-3.000000,-3.000000,-3.000000
42.579666,0.726012,-0.507382,-0.490942,0.658974,-3.000000,-3.000000,-3.000000,-3.000000
42.590172,0.729463,-0.510406,-0.493931,0.661810,-3.000000,-3.000000,-3.000000,-3.000000
42.599697,0.730858,-0.511855,-0.495290,0.663000,-3.000000,-3.000000,-3.000000,-3.000000
42.609173,0.731852,-0.513365,-0.496733,0.664182,-3.000000,-3.000000,-3.000000,-3.000000
42.619713,0.723631,-0.505083,-0.488880,0.656009,-3.000000,-3.000000,-3.000000,-3.000000
42.629169,0.725399,-0.506195,-0.490453,0.657277,-3.000000,-3.000000,-3.000000,-3.000000
42.639706,0.728027,-0.509181,-0.493316,0.660113,-3.000000,-3.000000,-3.000000,-3.000000
42.649174,0.729275,-0.510458,-0.494724,0.661605,-3.000000,-3.000000,-3.000000,-3.000000
42.659718,0.730904,-0.511415,-0.495875,0.663010,-3.000000,-3.000000,-3.000000,-3.000000
42.669170,0.732731,-0.512561,-0.497023,0.664505,-3.000000,-3.000000,-3.000000,-3.000000
42.679710,0.734141,-0.514168,-0.498589,0.665898,-3.000000,-3.000000,-3.000000,-3.000000
42.689171,0.736823,-0.517160,-0.501678,0.668492,-3.000000,-3.000000,-3.000000,-3.000000
42.699722,0.738014,-0.518740,-0.503152,0.669727,-3.000000,-3.000000,-3.000000,-3.000000
42.710232,0.739706,-0.519992,-0.504552,0.670792,-3.000000,-3.000000,-3.000000,-3.000000
42.719753,0.742037,-0.521401,-0.505341,0.672349,-3.000000,-3.000000,-3.000000,-3.000000
42.729229,0.743407,-0.522296,-0.505759,0.673689,-3.000000,-3.000000,-3.000000,-3.000000
42.739788,0.744465,-0.522976,-0.506510,0.674961,-3.000000,-3.000000,-3.000000,-3.000000
42.749283,0.746328,-0.523842,-0.507716,0.676006,-3.000000,-3.000000,-3.000000,-3.000000
42.759830,0.747741,-0.524650,-0.508256,0.677315,-3.000000,-3.000000,-3.000000,-3.000000
42.769257,0.748628,-0.525411,-0.509365,0.678403,-3.000000,-3.000000,-3.000000,-3.000000
42.779800,0.749283,-0.526314,-0.510451,0.679516,-3.000000,-3.000000,-3.000000,-3.000000
42.789280,0.749464,-0.526857,-0.511464,0.680175,-3.000000,-3.000000,-3.000000,-3.000000
42.799824,0.749124,-0.527407,-0.512328,0.680736,-3.000000,-3.000000,-3.000000,-3.000000
42.809280,0.751497,-0.530137,-0.515404,0.682892,-3.000000,-3.000000,-3.000000,-3.000000
42.819782,0.751882,-0.531359,-0.516350,0.683408,-3.000000,-3.000000,-3.000000,-3.000000
42.829281,0.752483,-0.533188,-0.517321,0.683945,-3.000000,-3.000000,-3.000000,-3.000000
42.839821,0.753753,-0.534997,-0.517929,0.684574,-3.000000,-3.000000,-3.000000,-3.000000
42.849289,0.754499,-0.535501,-0.517712,0.685627,-3.000000,-3.000000,-3.000000,-3.000000
42.859840,0.756854,-0.537781,-0.519775,0.688416,-3.000000,-3.000000,-3.000000,-3.000000
42.869331,0.757945,-0.538062,-0.520309,0.689499,-3.000000,-3.000000,-3.000000,-3.000000
42.879902,0.759379,-0.538014,-0.520535,0.690542,-3.000000,-3.000000,-3.000000,-3.000000
42.889381,0.760719,-0.538332,-0.520895,0.691663,-3.000000,-3.000000,-3.000000,-3.000000
42.899929,0.760845,-0.538560,-0.521030,0.692461,-3.000000,-3.000000,-3.000000,-3.000000
42.909382,0.762137,-0.540282,-0.523068,0.694476,-3.000000,-3.000000,-3.000000,-3.000000
42.919941,0.762771,-0.541588,-0.524307,0.695096,-3.000000,-3.000000,-3.000000,-3.000000
42.929432,0.763492,-0.542700,-0.525204,0.695596,-3.000000,-3.000000,-3.000000,-3.000000
42.939976,0.764097,-0.544433,-0.526311,0.695879,-3.000000,-3.000000,-3.000000,-3.000000
42.949432,0.764452,-0.546230,-0.527156,0.696088,-3.000000,-3.000000,-3.000000,-3.000000
42.959965,0.766007,-0.548376,-0.528778,0.698571,-3.000000,-3.000000,-3.000000,-3.000000
42.969433,0.767071,-0.548300,-0.528893,0.699672,-3.000000,-3.000000,-3.000000,-3.000000
42.979973,0.768418,-0.547991,-0.528797,0.700514,-3.000000,-3.000000,-3.000000,-3.000000
42.989399,0.770831,-0.549726,-0.530556,0.702807,-3.000000,-3.000000,-3.000000,-3.000000
42.999947,0.771138,-0.550273,-0.531104,0.703604,-3.000000,-3.000000,-3.000000,-3.000000
43.009441,0.771389,-0.550709,-0.531905,0.704083,-3.000000,-3.000000,-3.000000,-3.000000
43.020054,0.771597,-0.551362,-0.532667,0.704500,-3.000000,-3.000000,-3.000000,-3.000000
43.029495,0.771322,-0.551783,-0.533288,0.704713,-3.000000,-3.000000,-3.000000,-3.000000
43.039997,0.772625,-0.553434,-0.535329,0.706634,-3.000000,-3.000000,-3.000000,-3.000000
43.049496,0.771840,-0.553392,-0.535534,0.706853,-3.000000,-3.000000,-3.000000,-3.000000
43.060047,0.771361,-0.553883,-0.535918,0.707093,-3.000000,-3.000000,-3.000000,-3.000000
43.069561,0.774145,-0.556827,-0.538711,0.709133,-3.000000,-3.000000,-3.000000,-3.000000
43.080067,0.774472,-0.557371,-0.538712,0.709588,-3.000000,-3.000000,-3.000000,-3.000000
43.089546,0.774560,-0.558072,-0.539425,0.709983,-3.000000,-3.000000,-3.000000,-3.000000
43.100094,0.776682,-0.560712,-0.542008,0.712222,-3.000000,-3.000000,-3.000000,-3.000000
43.109600,0.776935,-0.551665,-0.533479,0.702914,-3.000000,-3.000000,-3.000000,-3.000000
43.120121,0.778887,-0.553812,-0.535768,0.705125,-3.000000,-3.000000,-3.000000,-3.000000
43.129616,0.769498,-0.544524,-0.526776,0.696085,-3.000000,-3.000000,-3.000000,-3.000000
43.140175,0.770769,-0.544910,-0.527246,0.697419,-3.000000,-3.000000,-3.000000,-3.000000
43.149700,0.772694,-0.545172,-0.527501,0.698816,-3.000000,-3.000000,-3.000000,-3.000000
43.160229,0.774467,-0.545328,-0.527473,0.700249,-3.000000,-3.000000,-3.000000,-3.000000
43.169754,0.766629,-0.536004,-0.518379,0.691923,-3.000000,-3.000000,-3.000000,-3.000000
43.179226,0.768983,-0.537284,-0.519513,0.693102,-3.000000,-3.000000,-3.000000,-3.000000
43.189777,0.760099,-0.528241,-0.510399,0.684208,-3.000000,-3.000000,-3.000000,-3.000000
43.199230,0.762453,-0.530810,-0.513166,0.686829,-3.000000,-3.000000,-3.000000,-3.000000
43.209751,0.763297,-0.531434,-0.514462,0.687622,-3.000000,-3.000000,-3.000000,-3.000000
43.219223,0.763894,-0.532165,-0.515675,0.688234,-3.000000,-3.000000,-3.000000,-3.000000
43.229782,0.765544,-0.534801,-0.518114,0.690529,-3.000000,-3.000000,-3.000000,-3.000000
43.239285,0.765178,-0.535513,-0.519032,0.691091,-3.000000,-3.000000,-3.000000,-3.000000
43.249832,0.766671,-0.537528,-0.521085,0.693349,-3.000000,-3.000000,-3.000000,-3.000000
43.259293,0.768120,-0.538553,-0.521896,0.694714,-3.000000,-3.000000,-3.000000,-3.000000
43.269814,0.771063,-0.540943,-0.524081,0.697341,-3.000000,-3.000000,-3.000000,-3.000000
43.279293,0.771741,-0.541937,-0.524949,0.698034,-3.000000,-3.000000,-3.000000,-3.000000
43.289856,0.772874,-0.542577,-0.525607,0.698702,-3.000000,-3.000000,-3.000000,-3.000000
43.299332,0.773506,-0.543344,-0.525985,0.699350,-3.000000,-3.000000,-3.000000,-3.000000
43.309883,0.773679,-0.544119,-0.527184,0.699941,-3.000000,-3.000000,-3.000000,-3.000000
43.319336,0.774266,-0.544730,-0.528057,0.700806,-3.000000,-3.000000,-3.000000,-3.000000
43.329891,0.774796,-0.545361,-0.529002,0.701481,-3.000000,-3.000000,-3.000000,-3.000000
43.339382,0.776645,-0.547644,-0.531334,0.703805,-3.000000,-3.000000,-3.000000,-3.000000
43.349991,0.777105,-0.548001,-0.531699,0.704743,-3.000000,-3.000000,-3.000000,-3.000000
43.359493,0.779396,-0.549180,-0.533242,0.707170,-3.000000,-3.000000,-3.000000,-3.000000
43.370014,0.779272,-0.549456,-0.533478,0.707470,-3.000000,-3.000000,-3.000000,-3.000000
43.379490,0.779544,-0.550625,-0.534682,0.707672,-3.000000,-3.000000,-3.000000,-3.000000
43.390041,0.779680,-0.551692,-0.535250,0.708073,-3.000000,-3.000000,-3.000000,-3.000000
43.399551,0.780453,-0.552694,-0.535750,0.708574,-3.000000,-3.000000,-3.000000,-3.000000
43.410114,0.783317,-0.555377,-0.537451,0.711250,-3.000000,-3.000000,-3.000000,-3.000000
43.419624,0.784046,-0.555502,-0.537195,0.702483,-3.000000,-3.000000,-3.000000,-3.000000
43.430172,0.785301,-0.555273,-0.537005,0.703484,-3.000000,-3.000000,-3.000000,-3.000000
43.439709,0.776517,-0.546288,-0.528061,0.694936,-3.000000,-3.000000,-3.000000,-3.000000
43.450230,0.776957,-0.546533,-0.528637,0.695785,-3.000000,-3.000000,-3.000000,-3.000000
43.459743,0.777263,-0.546546,-0.529151,0.696437,-3.000000,-3.000000,-3.000000,-3.000000
43.469238,0.777275,-0.546836,-0.529655,0.697440,-3.000000,-3.000000,-3.000000,-3.000000
43.479805,0.766150,-0.536808,-0.520111,0.688172,-3.000000,-3.000000,-3.000000,-3.000000
43.489281,0.764915,-0.537337,-0.520491,0.688797,-3.000000,-3.000000,-3.000000,-3.000000
43.499832,0.763710,-0.538361,-0.521031,0.689367,-3.000000,-3.000000,-3.000000,-3.000000
43.509285,0.765824,-0.541381,-0.523828,0.691643,-3.000000,-3.000000,-3.000000,-3.000000
43.519836,0.767621,-0.543407,-0.524677,0.692925,-3.000000,-3.000000,-3.000000,-3.000000
43.529297,0.768848,-0.544806,-0.525329,0.694111,-3.000000,-3.000000,-3.000000,-3.000000
43.539841,0.771835,-0.546616,-0.527192,0.696656,-3.000000,-3.000000,-3.000000,-3.000000
43.549328,0.772813,-0.547035,-0.527687,0.697629,-3.000000,-3.000000,-3.000000,-3.000000
43.559891,0.773813,-0.547182,-0.528352,0.698651,-3.000000,-3.000000,-3.000000,-3.000000
43.569389,0.775923,-0.549329,-0.530693,0.701070,-3.000000,-3.000000,-3.000000,-3.000000
43.579945,0.775790,-0.549453,-0.531405,0.701442,-3.000000,-3.000000,-3.000000,-3.000000
43.589436,0.775702,-0.549308,-0.531907,0.701931,-3.000000,-3.000000,-3.000000,-3.000000
43.599983,0.776480,-0.550219,-0.533168,0.702594,-3.000000,-3.000000,-3.000000,-3.000000
43.609440,0.776750,-0.551175,-0.533888,0.703227,-3.000000,-3.000000,-3.000000,-3.000000
43.619987,0.778691,-0.553888,-0.536175,0.705415,-3.000000,-3.000000,-3.000000,-3.000000
43.629433,0.781023,-0.554592,-0.535695,0.706612,-3.000000,-3.000000,-3.000000,-3.000000
43.639988,0.782740,-0.554930,-0.534262,0.707696,-3.000000,-3.000000,-3.000000,-3.000000
43.649437,0.783807,-0.555204,-0.534164,0.708826,-3.000000,-3.000000,-3.000000,-3.000000
43.659977,0.784735,-0.555511,-0.534660,0.709842,-3.000000,-3.000000,-3.000000,-3.000000
43.669437,0.786474,-0.557393,-0.536840,0.712111,-3.000000,-3.000000,-3.000000,-3.000000
43.679977,0.786488,-0.557679,-0.537711,0.712730,-3.000000,-3.000000,-3.000000,-3.000000
43.689434,0.786844,-0.558203,-0.538744,0.713238,-3.000000,-3.000000,-3.000000,-3.000000
43.699974,0.787374,-0.558919,-0.539537,0.713933,-3.000000,-3.000000,-3.000000,-3.000000
43.709385,0.787728,-0.559849,-0.540462,0.714170,-3.000000,-3.000000,-3.000000,-3.000000
43.719910,0.787599,-0.561369,-0.541056,0.715932,-3.000000,-3.000000,-3.000000,-3.000000
43.729382,0.787805,-0.562386,-0.541077,0.716287,-3.000000,-3.000000,-3.000000,-3.000000
43.739906,0.788919,-0.563044,-0.540878,0.717382,-3.000000,-3.000000,-3.000000,-3.000000
43.749386,0.792426,-0.565592,-0.542900,0.719932,-3.000000,-3.000000,-3.000000,-3.000000
43.759926,0.793008,-0.565075,-0.542045,0.720806,-3.000000,-3.000000,-3.000000,-3.000000
43.769382,0.793334,-0.564833,-0.542283,0.721497,-3.000000,-3.000000,-3.000000,-3.000000
43.779926,0.793741,-0.564904,-0.543135,0.721896,-3.000000,-3.000000,-3.000000,-3.000000
43.789379,0.793597,-0.565269,-0.543607,0.722310,-3.000000,-3.000000,-3.000000,-3.000000
43.799908,0.795087,-0.567484,-0.545774,0.724334,-3.000000,-3.000000,-3.000000,-3.000000
43.809383,0.794837,-0.567010,-0.546037,0.724411,-3.000000,-3.000000,-3.000000,-3.000000
43.819935,0.794499,-0.566634,-0.546169,0.724497,-3.000000,-3.000000,-3.000000,-3.000000
43.829437,0.794752,-0.567363,-0.546969,0.724728,-3.000000,-3.000000,-3.000000,-3.000000
43.839989,0.795333,-0.567637,-0.547249,0.725098,-3.000000,-3.000000,-3.000000,-3.000000
43.849438,0.797379,-0.569640,-0.548699,0.727364,-3.000000,-3.000000,-3.000000,-3.000000
43.859985,0.798779,-0.570828,-0.548571,0.727544,-3.000000,-3.000000,-3.000000,-3.000000
43.869392,0.800205,-0.570609,-0.546568,0.728078,-3.000000,-3.000000,-3.000000,-3.000000
43.879890,0.801235,-0.570167,-0.545381,0.729024,-3.000000,-3.000000,-3.000000,-3.000000
43.889381,0.801465,-0.569790,-0.545414,0.729583,-3.000000,-3.000000,-3.000000,-3.000000
43.899971,0.803457,-0.571239,-0.547674,0.731398,-3.000000,-3.000000,-3.000000,-3.000000
43.909439,0.803101,-0.571199,-0.548207,0.731472,-3.000000,-3.000000,-3.000000,-3.000000
43.919979,0.802337,-0.571089,-0.548692,0.731265,-3.000000,-3.000000,-3.000000,-3.000000
43.929436,0.801160,-0.570796,-0.548634,0.731334,-3.000000,-3.000000,-3.000000,-3.000000
43.939980,0.801104,-0.571664,-0.549289,0.731560,-3.000000,-3.000000,-3.000000,-3.000000
43.949444,0.801396,-0.571993,-0.549456,0.731848,-3.000000,-3.000000,-3.000000,-3.000000
43.959953,0.802027,-0.572498,-0.549502,0.732380,-3.000000,-3.000000,-3.000000,-3.000000
43.969379,0.804644,-0.575183,-0.551781,0.734035,-3.000000,-3.000000,-3.000000,-3.000000
43.979923,0.804081,-0.575006,-0.551141,0.734119,-3.000000,-3.000000,-3.000000,-3.000000
43.989326,0.803733,-0.574922,-0.551451,0.734378,-3.000000,-3.000000,-3.000000,-3.000000
43.999863,0.804227,-0.574749,-0.552003,0.734639,-3.000000,-3.000000,-3.000000,-3.000000
44.009331,0.804121,-0.574804,-0.552263,0.734900,3.000000,3.000000,3.000000,3.000000
44.019890,0.803929,-0.575079,-0.552652,0.735081,3.000000,3.000000,3.000000,3.000000
44.029381,0.803992,-0.575025,-0.552957,0.735282,3.000000,3.000000,3.000000,3.000000
44.039932,0.805331,-0.576662,-0.554717,0.737229,3.000000,3.000000,3.000000,3.000000
44.049381,0.804475,-0.576124,-0.555042,0.736696,3.000000,3.000000,3.000000,3.000000
44.059925,0.806367,-0.578134,-0.557511,0.738199,3.000000,3.000000,3.000000,3.000000
44.069389,0.806195,-0.578593,-0.557618,0.738089,3.000000,3.000000,3.000000,3.000000
44.079937,0.806517,-0.579346,-0.557826,0.738048,3.000000,3.000000,3.000000,3.000000
44.089436,0.807888,-0.580140,-0.557580,0.738542,3.000000,3.000000,3.000000,3.000000
44.100002,0.807997,-0.579546,-0.556684,0.738891,3.000000,3.000000,3.000000,3.000000
44.109489,0.808135,-0.579312,-0.556939,0.739370,3.000000,3.000000,3.000000,3.000000
44.120026,0.808549,-0.578990,-0.557400,0.739539,3.000000,3.000000,3.000000,3.000000
44.129482,0.809927,-0.580777,-0.559232,0.741356,3.000000,3.000000,3.000000,3.000000
44.140026,0.809663,-0.580499,-0.559620,0.741086,3.000000,3.000000,3.000000,3.000000
44.149490,0.809438,-0.579691,-0.559311,0.741148,3.000000,3.000000,3.000000,3.000000
44.160046,0.808722,-0.579170,-0.560672,0.742707,3.000000,3.000000,3.000000,3.000000
44.170597,0.808589,-0.579623,-0.561439,0.742465,3.000000,3.000000,3.000000,3.000000
44.180096,0.808571,-0.580020,-0.561531,0.742604,3.000000,3.000000,3.000000,3.000000
44.190651,0.809172,-0.580612,-0.561685,0.742642,3.000000,3.000000,3.000000,3.000000
44.201172,0.810455,-0.581648,-0.561428,0.742953,3.000000,3.000000,3.000000,3.000000
44.210651,0.812164,-0.582836,-0.562026,0.744814,3.000000,3.000000,3.000000,3.000000
44.221172,0.811763,-0.582773,-0.562390,0.745025,3.000000,3.000000,3.000000,3.000000
44.231750,0.801111,-0.573201,-0.553537,0.735244,3.000000,3.000000,3.000000,3.000000
44.241302,0.801182,-0.573570,-0.554461,0.735335,3.000000,3.000000,3.000000,3.000000
44.251854,0.801073,-0.573766,-0.556435,0.737177,3.000000,3.000000,3.000000,3.000000
44.261330,0.791537,-0.564583,-0.547328,0.727818,3.000000,3.000000,3.000000,3.000000
44.271862,0.793573,-0.566815,-0.549549,0.729936,3.000000,3.000000,3.000000,3.000000
44.281330,0.784831,-0.557797,-0.540540,0.720721,3.000000,3.000000,3.000000,3.000000
44.291874,0.787102,-0.560031,-0.542742,0.722846,3.000000,3.000000,3.000000,3.000000
44.301331,0.787849,-0.560887,-0.543463,0.723346,3.000000,3.000000,3.000000,3.000000
44.311878,0.789932,-0.564020,-0.545829,0.725369,3.000000,3.000000,3.000000,3.000000
44.321331,0.789957,-0.565751,-0.546084,0.725180,3.000000,3.000000,3.000000,3.000000
44.331882,0.790240,-0.565989,-0.545599,0.725845,3.000000,3.000000,3.000000,3.000000
44.341328,0.791099,-0.566196,-0.545772,0.726800,3.000000,3.000000,3.000000,3.000000
44.351868,0.791476,-0.566205,-0.546242,0.727417,3.000000,3.000000,3.000000,3.000000
44.361328,0.793625,-0.567950,-0.548689,0.729399,3.000000,3.000000,3.000000,3.000000
44.371876,0.793767,-0.568527,-0.549631,0.729656,3.000000,3.000000,3.000000,3.000000
44.381329,0.793265,-0.570980,-0.552089,0.731165,3.000000,3.000000,3.000000,3.000000
44.391884,0.792821,-0.571782,-0.552960,0.730904,3.000000,3.000000,3.000000,3.000000
44.401386,0.793071,-0.572322,-0.553014,0.731396,3.000000,3.000000,3.000000,3.000000
44.411934,0.793759,-0.572527,-0.553024,0.731971,3.000000,3.000000,3.000000,3.000000
44.421379,0.794606,-0.573116,-0.553265,0.732559,3.000000,3.000000,3.000000,3.000000
44.431931,0.797261,-0.575888,-0.555729,0.734118,3.000000,3.000000,3.000000,3.000000
44.441395,0.796880,-0.575910,-0.555474,0.734300,3.000000,3.000000,3.000000,3.000000
44.451942,0.796801,-0.576039,-0.556153,0.734477,3.000000,3.000000,3.000000,3.000000
44.461437,0.797161,-0.576187,-0.556697,0.734775,3.000000,3.000000,3.000000,3.000000
44.471973,0.797411,-0.576471,-0.557294,0.734927,3.000000,3.000000,3.000000,3.000000
44.481438,0.798896,-0.578585,-0.559176,0.736855,3.000000,3.000000,3.000000,3.000000
44.491993,0.798383,-0.578303,-0.559384,0.736640,3.000000,3.000000,3.000000,3.000000
44.502541,0.799748,-0.579337,-0.560832,0.738355,3.000000,3.000000,3.000000,3.000000
44.512070,0.800260,-0.580190,-0.561587,0.738494,3.000000,3.000000,3.000000,3.000000
44.522602,0.800396,-0.580716,-0.561814,0.738416,3.000000,3.000000,3.000000,3.000000
44.532097,0.790904,-0.572805,-0.552613,0.728715,3.000000,3.000000,3.000000,3.000000
44.542652,0.791249,-0.574638,-0.552930,0.728690,3.000000,3.000000,3.000000,3.000000
44.552120,0.791366,-0.574560,-0.552572,0.729333,3.000000,3.000000,3.000000,3.000000
44.562668,0.791571,-0.574666,-0.553264,0.729846,3.000000,3.000000,3.000000,3.000000
44.572117,0.791631,-0.575176,-0.554403,0.730110,3.000000,3.000000,3.000000,3.000000
44.582657,0.791854,-0.575576,-0.555275,0.730407,3.000000,3.000000,3.000000,3.000000
44.592117,0.791859,-0.575893,-0.556085,0.730439,3.000000,3.000000,3.000000,3.000000
44.602661,0.791350,-0.576024,-0.556393,0.730670,3.000000,3.000000,3.000000,3.000000
44.613129,0.790146,-0.575679,-0.556383,0.730518,3.000000,3.000000,3.000000,3.000000
44.622669,0.789068,-0.576070,-0.556857,0.730415,3.000000,3.000000,3.000000,3.000000
44.633175,0.789301,-0.577188,-0.558016,0.730403,3.000000,3.000000,3.000000,3.000000
44.642735,0.779836,-0.568483,-0.549026,0.720715,3.000000,3.000000,3.000000,3.000000
44.652222,0.780672,-0.569844,-0.549767,0.721171,3.000000,3.000000,3.000000,3.000000
44.662758,0.782104,-0.570906,-0.550263,0.721722,3.000000,3.000000,3.000000,3.000000
44.672226,0.782970,-0.571372,-0.550091,0.722653,3.000000,3.000000,3.000000,3.000000
44.682774,0.783931,-0.571449,-0.550644,0.723334,3.000000,3.000000,3.000000,3.000000
44.692223,0.784607,-0.571734,-0.551266,0.724049,3.000000,3.000000,3.000000,3.000000
44.702770,0.785220,-0.572096,-0.552191,0.724513,3.000000,3.000000,3.000000,3.000000
44.712223,0.785569,-0.572509,-0.552851,0.725057,3.000000,3.000000,3.000000,3.000000
44.722767,0.785504,-0.572618,-0.553417,0.725347,3.000000,3.000000,3.000000,3.000000
44.732224,0.786466,-0.574410,-0.555279,0.727244,3.000000,3.000000,3.000000,3.000000
44.742760,0.786964,-0.575107,-0.556454,0.727174,3.000000,3.000000,3.000000,3.000000
44.752228,0.787761,-0.575538,-0.556899,0.727535,3.000000,3.000000,3.000000,3.000000
44.762772,0.788939,-0.576265,-0.557180,0.728171,3.000000,3.000000,3.000000,3.000000
44.772224,0.789660,-0.577887,-0.557751,0.728441,3.000000,3.000000,3.000000,3.000000
44.782776,0.789995,-0.578402,-0.559480,0.730694,3.000000,3.000000,3.000000,3.000000
44.792225,0.790944,-0.578248,-0.559354,0.731452,3.000000,3.000000,3.000000,3.000000
44.802773,0.791735,-0.578295,-0.559719,0.731866,3.000000,3.000000,3.000000,3.000000
44.812225,0.792061,-0.578481,-0.560185,0.732284,3.000000,3.000000,3.000000,3.000000
44.822754,0.792467,-0.578638,-0.560839,0.732644,3.000000,3.000000,3.000000,3.000000
44.832222,0.793989,-0.580615,-0.562802,0.734696,3.000000,3.000000,3.000000,3.000000
44.842758,0.793475,-0.580296,-0.563171,0.734426,3.000000,3.000000,3.000000,3.000000
44.852230,0.793954,-0.581049,-0.564090,0.734517,3.000000,3.000000,3.000000,3.000000
44.862778,0.794319,-0.581751,-0.564437,0.734673,3.000000,3.000000,3.000000,3.000000
44.872231,0.794471,-0.582869,-0.564657,0.734746,3.000000,3.000000,3.000000,3.000000
44.882786,0.797077,-0.585595,-0.566763,0.736427,3.000000,3.000000,3.000000,3.000000
44.892281,0.797309,-0.585955,-0.566407,0.736997,3.000000,3.000000,3.000000,3.000000
44.902828,0.797466,-0.586462,-0.567070,0.737679,3.000000,3.000000,3.000000,3.000000
44.912277,0.798087,-0.586486,-0.567604,0.738059,3.000000,3.000000,3.000000,3.000000
44.922821,0.798989,-0.586698,-0.568028,0.738477,3.000000,3.000000,3.000000,3.000000
44.932274,0.799420,-0.586831,-0.568282,0.738887,3.000000,3.000000,3.000000,3.000000
44.942802,0.800124,-0.587178,-0.568681,0.739419,3.000000,3.000000,3.000000,3.000000
44.952278,0.800022,-0.587476,-0.569139,0.739432,3.000000,3.000000,3.000000,3.000000
44.962791,0.800837,-0.589843,-0.571126,0.740770,3.000000,3.000000,3.000000,3.000000
44.972275,0.800010,-0.590635,-0.571336,0.740509,3.000000,3.000000,3.000000,3.000000
44.982800,0.799065,-0.591024,-0.571012,0.740558,3.000000,3.000000,3.000000,3.000000
44.992275,0.800045,-0.592158,-0.572218,0.742223,3.000000,3.000000,3.000000,3.000000
45.002804,0.801402,-0.593348,-0.572149,0.742552,3.000000,3.000000,3.000000,3.000000
45.013275,0.803861,-0.596322,-0.573254,0.744527,3.000000,3.000000,3.000000,3.000000
45.022827,0.804405,-0.595493,-0.571782,0.744799,3.000000,3.000000,3.000000,3.000000
45.033329,0.805561,-0.594312,-0.570943,0.745417,3.000000,3.000000,3.000000,3.000000
45.042809,0.796247,-0.584047,-0.561243,0.736258,3.000000,3.000000,3.000000,3.000000
45.053329,0.796660,-0.584363,-0.561969,0.736824,3.000000,3.000000,3.000000,3.000000
45.062813,0.787033,-0.575110,-0.553199,0.727495,3.000000,3.000000,3.000000,3.000000
45.073338,0.787719,-0.576300,-0.554108,0.728128,3.000000,3.000000,3.000000,3.000000
45.082817,0.779055,-0.567760,-0.545177,0.719376,3.000000,3.000000,3.000000,3.000000
45.093330,0.780447,-0.568890,-0.545803,0.720478,3.000000,3.000000,3.000000,3.000000
45.102806,0.781687,-0.569881,-0.546308,0.721473,3.000000,3.000000,3.000000,3.000000
45.113331,0.783338,-0.571009,-0.547013,0.722420,3.000000,3.000000,3.000000,3.000000
45.122803,0.786008,-0.572663,-0.548746,0.724707,3.000000,3.000000,3.000000,3.000000
45.133324,0.786912,-0.572878,-0.549213,0.725475,3.000000,3.000000,3.000000,3.000000
45.142799,0.786384,-0.573741,-0.550681,0.725770,3.000000,3.000000,3.000000,3.000000
45.153275,0.786263,-0.574856,-0.552561,0.726124,3.000000,3.000000,3.000000,3.000000
45.162750,0.786590,-0.575870,-0.554195,0.726518,3.000000,3.000000,3.000000,3.000000
45.173275,0.787359,-0.576404,-0.555003,0.727061,3.000000,3.000000,3.000000,3.000000
45.182751,0.788066,-0.577030,-0.555516,0.727988,3.000000,3.000000,3.000000,3.000000
45.193233,0.790610,-0.579335,-0.558153,0.730027,3.000000,3.000000,3.000000,3.000000
45.202713,0.791151,-0.580191,-0.559015,0.730386,3.000000,3.000000,3.000000,3.000000
45.213226,0.790957,-0.581055,-0.560092,0.730411,3.000000,3.000000,3.000000,3.000000
45.222702,0.791269,-0.583056,-0.561803,0.730672,3.000000,3.000000,3.000000,3.000000
45.233223,0.791181,-0.584423,-0.562686,0.730366,3.000000,3.000000,3.000000,3.000000
45.242714,0.791604,-0.584318,-0.562596,0.731082,3.000000,3.000000,3.000000,3.000000
45.253223,0.792693,-0.584092,-0.562397,0.731946,3.000000,3.000000,3.000000,3.000000
45.262703,0.794727,-0.586229,-0.564600,0.734075,3.000000,3.000000,3.000000,3.000000
45.273170,0.795158,-0.586434,-0.565344,0.734549,3.000000,3.000000,3.000000,3.000000
45.283703,0.795639,-0.586819,-0.566205,0.734899,3.000000,3.000000,3.000000,3.000000
45.293171,0.797806,-0.589147,-0.568545,0.737107,3.000000,3.000000,3.000000,3.000000
45.303699,0.797894,-0.589637,-0.569088,0.737478,3.000000,3.000000,3.000000,3.000000
45.313179,0.788646,-0.580974,-0.560568,0.728364,3.000000,3.000000,3.000000,3.000000
45.323681,0.789415,-0.581922,-0.561425,0.729111,3.000000,3.000000,3.000000,3.000000
45.333118,0.781637,-0.573556,-0.552563,0.720164,3.000000,3.000000,3.000000,3.000000
45.343605,0.783402,-0.575076,-0.552641,0.721097,3.000000,3.000000,3.000000,3.000000
45.353081,0.774357,-0.565761,-0.542868,0.712449,3.000000,3.000000,3.000000,3.000000
45.363586,0.775452,-0.566280,-0.544044,0.713680,3.000000,3.000000,3.000000,3.000000
45.373062,0.776229,-0.566943,-0.545462,0.714551,3.000000,3.000000,3.000000,3.000000
45.383591,0.776156,-0.568035,-0.546824,0.715250,3.000000,3.000000,3.000000,3.000000
45.393066,0.777879,-0.570559,-0.549619,0.717445,3.000000,3.000000,3.000000,3.000000
45.403591,0.777903,-0.570998,-0.550596,0.717940,3.000000,3.000000,3.000000,3.000000
45.413074,0.777491,-0.571634,-0.551331,0.718466,3.000000,3.000000,3.000000,3.000000
45.423588,0.778159,-0.572972,-0.552796,0.719039,3.000000,3.000000,3.000000,3.000000
45.433067,0.778485,-0.574244,-0.553854,0.719389,3.000000,3.000000,3.000000,3.000000
45.443588,0.779692,-0.575615,-0.554931,0.720006,3.000000,3.000000,3.000000,3.000000
45.453064,0.781445,-0.576714,-0.555281,0.721200,3.000000,3.000000,3.000000,3.000000
45.463589,0.784052,-0.578761,-0.557116,0.723538,3.000000,3.000000,3.000000,3.000000
45.473068,0.784550,-0.579359,-0.557710,0.724328,3.000000,3.000000,3.000000,3.000000
45.483585,0.784672,-0.580295,-0.558889,0.725014,3.000000,3.000000,3.000000,3.000000
45.493061,0.785570,-0.580628,-0.559906,0.725642,3.000000,3.000000,3.000000,3.000000
45.503590,0.786570,-0.580807,-0.560356,0.726467,3.000000,3.000000,3.000000,3.000000
45.513069,0.788990,-0.582783,-0.562671,0.728721,3.000000,3.000000,3.000000,3.000000
45.523605,0.788971,-0.583734,-0.563785,0.728932,3.000000,3.000000,3.000000,3.000000
45.533092,0.788419,-0.584718,-0.565035,0.728680,3.000000,3.000000,3.000000,3.000000
45.543587,0.788860,-0.585431,-0.565511,0.729451,3.000000,3.000000,3.000000,3.000000
45.553070,0.789726,-0.585770,-0.565762,0.730262,3.000000,3.000000,3.000000,3.000000
45.563591,0.790709,-0.586513,-0.566134,0.731065,3.000000,3.000000,3.000000,3.000000
45.573074,0.791797,-0.588094,-0.566867,0.731468,3.000000,3.000000,3.000000,3.000000
45.583588,0.792315,-0.588444,-0.566593,0.732264,3.000000,3.000000,3.000000,3.000000
45.593063,0.793107,-0.588660,-0.566729,0.733170,3.000000,3.000000,3.000000,3.000000
45.603588,0.795474,-0.590374,-0.568907,0.735278,3.000000,3.000000,3.000000,3.000000
45.613064,0.795848,-0.590905,-0.569725,0.735718,3.000000,3.000000,3.000000,3.000000
45.623596,0.797015,-0.592851,-0.572082,0.737256,3.000000,3.000000,3.000000,3.000000
45.633083,0.795827,-0.593372,-0.572770,0.737282,3.000000,3.000000,3.000000,3.000000
45.643589,0.795098,-0.593652,-0.573692,0.737045,3.000000,3.000000,3.000000,3.000000
45.653065,0.795048,-0.595193,-0.575250,0.736964,3.000000,3.000000,3.000000,3.000000
45.663589,0.795318,-0.596281,-0.576073,0.737004,3.000000,3.000000,3.000000,3.000000
45.673061,0.795969,-0.596745,-0.576091,0.737631,3.000000,3.000000,3.000000,3.000000
45.683586,0.796893,-0.596978,-0.576239,0.738274,3.000000,3.000000,3.000000,3.000000
45.693096,0.797865,-0.597202,-0.576494,0.738808,3.000000,3.000000,3.000000,3.000000
45.703587,0.798487,-0.597513,-0.576802,0.739292,3.000000,3.000000,3.000000,3.000000
45.713062,0.798862,-0.597558,-0.577136,0.739699,3.000000,3.000000,3.000000,3.000000
45.723587,0.799460,-0.597803,-0.577736,0.740093,3.000000,3.000000,3.000000,3.000000
45.733059,0.801507,-0.599762,-0.579739,0.742128,3.000000,3.000000,3.000000,3.000000
45.743587,0.801321,-0.599630,-0.579858,0.742323,3.000000,3.000000,3.000000,3.000000
45.753059,0.800516,-0.599347,-0.579991,0.742268,3.000000,3.000000,3.000000,3.000000
45.763546,0.800137,-0.599883,-0.580587,0.742486,3.000000,3.000000,3.000000,3.000000
45.773033,0.799743,-0.600422,-0.581146,0.742545,3.000000,3.000000,3.000000,3.000000
45.783539,0.801135,-0.602817,-0.583080,0.744625,3.000000,3.000000,3.000000,3.000000
45.793045,0.802245,-0.604229,-0.583973,0.745000,3.000000,3.000000,3.000000,3.000000
45.803593,0.803803,-0.605036,-0.583207,0.745366,3.000000,3.000000,3.000000,3.000000
45.813099,0.805630,-0.606888,-0.583810,0.747448,3.000000,3.000000,3.000000,3.000000
45.823666,0.806416,-0.605963,-0.583456,0.747811,3.000000,3.000000,3.000000,3.000000
45.833126,0.808969,-0.606781,-0.584844,0.749786,3.000000,3.000000,3.000000,3.000000
45.843689,0.808847,-0.606743,-0.585168,0.749951,3.000000,3.000000,3.000000,3.000000
45.853172,0.808042,-0.606950,-0.585707,0.749740,3.000000,3.000000,3.000000,3.000000
45.863705,0.808620,-0.607055,-0.587502,0.751329,3.000000,3.000000,3.000000,3.000000
45.873173,0.808778,-0.607713,-0.588264,0.751451,3.000000,3.000000,3.000000,3.000000
45.883774,0.809275,-0.608573,-0.588687,0.751660,3.000000,3.000000,3.000000,3.000000
45.893223,0.809255,-0.608963,-0.588607,0.751800,3.000000,3.000000,3.000000,3.000000
45.903778,0.809956,-0.609204,-0.588764,0.752166,3.000000,3.000000,3.000000,3.000000
45.913280,0.801770,-0.600179,-0.579238,0.743220,3.000000,3.000000,3.000000,3.000000
45.923805,0.802426,-0.600669,-0.579241,0.743847,3.000000,3.000000,3.000000,3.000000
45.933277,0.793267,-0.591003,-0.570042,0.734749,3.000000,3.000000,3.000000,3.000000
45.943810,0.795100,-0.593039,-0.572725,0.736634,3.000000,3.000000,3.000000,3.000000
45.953285,0.784850,-0.584564,-0.564570,0.727226,3.000000,3.000000,3.000000,3.000000
45.963806,0.784875,-0.585622,-0.566045,0.727612,3.000000,3.000000,3.000000,3.000000
45.973278,0.776047,-0.576896,-0.557632,0.718618,3.000000,3.000000,3.000000,3.000000
45.983822,0.777103,-0.578123,-0.558894,0.719606,3.000000,3.000000,3.000000,3.000000
45.993279,0.769031,-0.570222,-0.550850,0.710854,3.000000,3.000000,3.000000,3.000000
46.003834,0.770521,-0.571812,-0.551919,0.712063,-3.000000,-3.000000,-3.000000,-3.000000
46.013283,0.762259,-0.563528,-0.543427,0.703574,-3.000000,-3.000000,-3.000000,-3.000000
46.023895,0.765848,-0.566989,-0.546225,0.706455,-3.000000,-3.000000,-3.000000,-3.000000
46.033474,0.757599,-0.558105,-0.537309,0.698174,-3.000000,-3.000000,-3.000000,-3.000000
46.042976,0.758622,-0.559073,-0.538635,0.699553,-3.000000,-3.000000,-3.000000,-3.000000
46.053490,0.759157,-0.560281,-0.540662,0.700424,-3.000000,-3.000000,-3.000000,-3.000000
46.062988,0.760432,-0.561738,-0.542736,0.701423,-3.000000,-3.000000,-3.000000,-3.000000
46.073498,0.763054,-0.565099,-0.545992,0.704054,-3.000000,-3.000000,-3.000000,-3.000000
46.083019,0.763617,-0.566785,-0.547456,0.704765,-3.000000,-3.000000,-3.000000,-3.000000
46.093552,0.763793,-0.568847,-0.549169,0.705413,-3.000000,-3.000000,-3.000000,-3.000000
46.103069,0.765823,-0.572344,-0.552593,0.707315,-3.000000,-3.000000,-3.000000,-3.000000
46.113598,0.765365,-0.574278,-0.553566,0.707872,-3.000000,-3.000000,-3.000000,-3.000000
46.123089,0.765449,-0.576785,-0.554848,0.708473,-3.000000,-3.000000,-3.000000,-3.000000
46.133595,0.765465,-0.579230,-0.556142,0.709071,-3.000000,-3.000000,-3.000000,-3.000000
46.143089,0.765875,-0.579933,-0.556596,0.710646,-3.000000,-3.000000,-3.000000,-3.000000
46.153603,0.769004,-0.581873,-0.558949,0.713447,-3.000000,-3.000000,-3.000000,-3.000000
46.163094,0.769871,-0.582906,-0.560371,0.714395,-3.000000,-3.000000,-3.000000,-3.000000
46.173592,0.769914,-0.584199,-0.562295,0.714951,-3.000000,-3.000000,-3.000000,-3.000000
46.183086,0.770420,-0.585766,-0.563979,0.715790,-3.000000,-3.000000,-3.000000,-3.000000
46.193596,0.771517,-0.586825,-0.565088,0.716843,-3.000000,-3.000000,-3.000000,-3.000000
46.203075,0.772133,-0.587248,-0.565850,0.717747,-3.000000,-3.000000,-3.000000,-3.000000
46.213562,0.772107,-0.587639,-0.566593,0.718309,-3.000000,-3.000000,-3.000000,-3.000000
46.223053,0.772322,-0.588788,-0.567827,0.719064,-3.000000,-3.000000,-3.000000,-3.000000
46.233593,0.773998,-0.591385,-0.570333,0.721245,-3.000000,-3.000000,-3.000000,-3.000000
46.243065,0.774410,-0.592619,-0.571420,0.722065,-3.000000,-3.000000,-3.000000,-3.000000
46.253601,0.775431,-0.594082,-0.572796,0.722759,-3.000000,-3.000000,-3.000000,-3.000000
46.263096,0.776665,-0.595120,-0.573381,0.723500,-3.000000,-3.000000,-3.000000,-3.000000
46.273647,0.777819,-0.595777,-0.573639,0.724247,-3.000000,-3.000000,-3.000000,-3.000000
46.283119,0.780301,-0.597904,-0.575495,0.726772,-3.000000,-3.000000,-3.000000,-3.000000
46.293655,0.781006,-0.598384,-0.576012,0.727669,-3.000000,-3.000000,-3.000000,-3.000000
46.303120,0.783260,-0.600292,-0.578255,0.730017,-3.000000,-3.000000,-3.000000,-3.000000
46.313625,0.783533,-0.600927,-0.579208,0.730574,-3.000000,-3.000000,-3.000000,-3.000000
46.323097,0.782813,-0.602066,-0.580288,0.730447,-3.000000,-3.000000,-3.000000,-3.000000
46.333641,0.782552,-0.602984,-0.581092,0.730378,-3.000000,-3.000000,-3.000000,-3.000000
46.343094,0.782309,-0.603479,-0.581291,0.730788,-3.000000,-3.000000,-3.000000,-3.000000
46.353569,0.783862,-0.605189,-0.582996,0.733234,-3.000000,-3.000000,-3.000000,-3.000000
46.363064,0.785325,-0.606628,-0.584035,0.734058,-3.000000,-3.000000,-3.000000,-3.000000
46.373596,0.786543,-0.607198,-0.583570,0.734802,-3.000000,-3.000000,-3.000000,-3.000000
46.383121,0.787842,-0.607318,-0.583350,0.735712,-3.000000,-3.000000,-3.000000,-3.000000
46.393658,0.789084,-0.607395,-0.583514,0.736815,-3.000000,-3.000000,-3.000000,-3.000000
46.403118,0.789801,-0.607523,-0.583921,0.737657,-3.000000,-3.000000,-3.000000,-3.000000
46.413635,0.790553,-0.607237,-0.584350,0.738257,-3.000000,-3.000000,-3.000000,-3.000000
46.423119,0.790762,-0.607516,-0.584607,0.738941,-3.000000,-3.000000,-3.000000,-3.000000
46.433674,0.790839,-0.607910,-0.585155,0.739317,-3.000000,-3.000000,-3.000000,-3.000000
46.443119,0.791725,-0.609061,-0.586204,0.739742,-3.000000,-3.000000,-3.000000,-3.000000
46.453659,0.792468,-0.609975,-0.586560,0.740148,-3.000000,-3.000000,-3.000000,-3.000000
46.463120,0.792771,-0.611158,-0.586827,0.740424,-3.000000,-3.000000,-3.000000,-3.000000
46.473663,0.793766,-0.612402,-0.587168,0.740641,-3.000000,-3.000000,-3.000000,-3.000000
46.483120,0.795601,-0.614314,-0.588231,0.742909,-3.000000,-3.000000,-3.000000,-3.000000
46.493664,0.796671,-0.613642,-0.588068,0.743472,-3.000000,-3.000000,-3.000000,-3.000000
46.503117,0.797939,-0.612951,-0.587823,0.744122,-3.000000,-3.000000,-3.000000,-3.000000
46.513638,0.798594,-0.612932,-0.588147,0.744745,-3.000000,-3.000000,-3.000000,-3.000000
46.523121,0.798631,-0.613235,-0.588542,0.745248,-3.000000,-3.000000,-3.000000,-3.000000
46.533619,0.800270,-0.615450,-0.590641,0.747335,-3.000000,-3.000000,-3.000000,-3.000000
46.543091,0.800185,-0.615080,-0.590816,0.747488,-3.000000,-3.000000,-3.000000,-3.000000
46.553593,0.800050,-0.614742,-0.590916,0.747712,-3.000000,-3.000000,-3.000000,-3.000000
46.563080,0.800485,-0.615609,-0.591763,0.748080,-3.000000,-3.000000,-3.000000,-3.000000
46.573570,0.801165,-0.615977,-0.592148,0.748439,-3.000000,-3.000000,-3.000000,-3.000000
46.583012,0.802195,-0.616506,-0.592314,0.748922,-3.000000,-3.000000,-3.000000,-3.000000
46.593540,0.803152,-0.617885,-0.592491,0.749286,-3.000000,-3.000000,-3.000000,-3.000000
46.603035,0.805088,-0.619851,-0.593553,0.751634,-3.000000,-3.000000,-3.000000,-3.000000
46.613541,0.806172,-0.619083,-0.593255,0.752095,-3.000000,-3.000000,-3.000000,-3.000000
46.623024,0.807235,-0.618341,-0.592898,0.752500,-3.000000,-3.000000,-3.000000,-3.000000
46.633545,0.807628,-0.618237,-0.593098,0.752892,-3.000000,-3.000000,-3.000000,-3.000000
46.643036,0.807407,-0.618452,-0.593370,0.753264,-3.000000,-3.000000,-3.000000,-3.000000
46.653542,0.806837,-0.618407,-0.593510,0.753510,-3.000000,-3.000000,-3.000000,-3.000000
46.663036,0.806278,-0.618220,-0.593732,0.753598,-3.000000,-3.000000,-3.000000,-3.000000
46.673542,0.808057,-0.620707,-0.595994,0.755599,-3.000000,-3.000000,-3.000000,-3.000000
46.683037,0.808663,-0.620723,-0.596207,0.755762,-3.000000,-3.000000,-3.000000,-3.000000
46.693542,0.810160,-0.620662,-0.596135,0.756464,-3.000000,-3.000000,-3.000000,-3.000000
46.703041,0.811900,-0.621143,-0.596003,0.757089,-3.000000,-3.000000,-3.000000,-3.000000
46.713543,0.812321,-0.621071,-0.595700,0.757353,-3.000000,-3.000000,-3.000000,-3.000000
46.723042,0.812669,-0.621047,-0.595867,0.757852,-3.000000,-3.000000,-3.000000,-3.000000
46.733540,0.813111,-0.620866,-0.596281,0.758058,-3.000000,-3.000000,-3.000000,-3.000000
46.744087,0.813224,-0.620905,-0.596528,0.758361,-3.000000,-3.000000,-3.000000,-3.000000
46.753647,0.813415,-0.620915,-0.596954,0.758636,-3.000000,-3.000000,-3.000000,-3.000000
46.763123,0.813424,-0.621094,-0.597175,0.759053,-3.000000,-3.000000,-3.000000,-3.000000
46.773651,0.803640,-0.611540,-0.587788,0.749649,-3.000000,-3.000000,-3.000000,-3.000000
46.783119,0.804265,-0.612252,-0.588467,0.750274,-3.000000,-3.000000,-3.000000,-3.000000
46.793674,0.806684,-0.614756,-0.590611,0.752416,-3.000000,-3.000000,-3.000000,-3.000000
46.803169,0.807435,-0.615240,-0.590596,0.752931,-3.000000,-3.000000,-3.000000,-3.000000
46.813717,0.808524,-0.615866,-0.590873,0.753457,-3.000000,-3.000000,-3.000000,-3.000000
46.823170,0.810164,-0.617083,-0.591049,0.754051,-3.000000,-3.000000,-3.000000,-3.000000
46.833714,0.810318,-0.617084,-0.590538,0.754438,-3.000000,-3.000000,-3.000000,-3.000000
46.843174,0.810260,-0.616906,-0.590692,0.755127,-3.000000,-3.000000,-3.000000,-3.000000
46.853725,0.810585,-0.617237,-0.591420,0.755644,-3.000000,-3.000000,-3.000000,-3.000000
46.863174,0.812936,-0.619150,-0.593816,0.757567,-3.000000,-3.000000,-3.000000,-3.000000
46.873726,0.815068,-0.620870,-0.595482,0.759561,-3.000000,-3.000000,-3.000000,-3.000000
46.883236,0.815285,-0.621194,-0.595739,0.759704,-3.000000,-3.000000,-3.000000,-3.000000
46.893780,0.815365,-0.621385,-0.595814,0.759871,-3.000000,-3.000000,-3.000000,-3.000000
46.903229,0.815638,-0.621688,-0.595796,0.760169,-3.000000,-3.000000,-3.000000,-3.000000
46.913780,0.816050,-0.621647,-0.595775,0.760470,-3.000000,-3.000000,-3.000000,-3.000000
46.923279,0.816691,-0.621909,-0.596003,0.760783,-3.000000,-3.000000,-3.000000,-3.000000
46.933815,0.817269,-0.623150,-0.596500,0.760869,-3.000000,-3.000000,-3.000000,-3.000000
46.943287,0.817435,-0.623126,-0.596256,0.761175,-3.000000,-3.000000,-3.000000,-3.000000
46.953842,0.817759,-0.622980,-0.596093,0.761761,-3.000000,-3.000000,-3.000000,-3.000000
46.963333,0.817994,-0.622888,-0.596388,0.761991,-3.000000,-3.000000,-3.000000,-3.000000
46.973850,0.818106,-0.622864,-0.596832,0.762130,-3.000000,-3.000000,-3.000000,-3.000000
46.983330,0.817808,-0.622978,-0.597055,0.762355,-3.000000,-3.000000,-3.000000,-3.000000
46.993832,0.818939,-0.624926,-0.598913,0.764188,-3.000000,-3.000000,-3.000000,-3.000000
47.003338,0.818061,-0.624448,-0.599239,0.763804,-3.000000,-3.000000,-3.000000,-3.000000
47.013882,0.818283,-0.624940,-0.600098,0.763729,-3.000000,-3.000000,-3.000000,-3.000000
47.023384,0.820100,-0.626874,-0.602074,0.765332,-3.000000,-3.000000,-3.000000,-3.000000
47.033932,0.819539,-0.627284,-0.602422,0.764892,-3.000000,-3.000000,-3.000000,-3.000000
47.043430,0.819497,-0.627900,-0.602602,0.764955,-3.000000,-3.000000,-3.000000,-3.000000
47.053982,0.821427,-0.629499,-0.604112,0.766755,-3.000000,-3.000000,-3.000000,-3.000000
47.063492,0.821193,-0.629553,-0.604262,0.766873,-3.000000,-3.000000,-3.000000,-3.000000
47.074039,0.820776,-0.629791,-0.604891,0.766888,-3.000000,-3.000000,-3.000000,-3.000000
47.083485,0.821079,-0.629859,-0.605226,0.767099,-3.000000,-3.000000,-3.000000,-3.000000
47.094032,0.821122,-0.629861,-0.605433,0.767176,-3.000000,-3.000000,-3.000000,-3.000000
47.103508,0.822514,-0.631353,-0.607129,0.768803,-3.000000,-3.000000,-3.000000,-3.000000
47.114048,0.821151,-0.630614,-0.606619,0.768614,-3.000000,-3.000000,-3.000000,-3.000000
47.123512,0.820210,-0.630304,-0.606814,0.768239,-3.000000,-3.000000,-3.000000,-3.000000
47.134068,0.820263,-0.631018,-0.607505,0.768082,-3.000000,-3.000000,-3.000000,-3.000000
47.143543,0.810613,-0.631562,-0.607664,0.767910,-3.000000,-3.000000,-3.000000,-3.000000
47.154068,0.812215,-0.633494,-0.609218,0.769307,-3.000000,-3.000000,-3.000000,-3.000000
47.163536,0.803944,-0.624494,-0.599380,0.759987,-3.000000,-3.000000,-3.000000,-3.000000
47.174076,0.805395,-0.625378,-0.599351,0.760656,-3.000000,-3.000000,-3.000000,-3.000000
47.183537,0.806058,-0.625107,-0.598658,0.761325,-3.000000,-3.000000,-3.000000,-3.000000
47.194046,0.806802,-0.624834,-0.598650,0.761997,-3.000000,-3.000000,-3.000000,-3.000000
47.203503,0.797699,-0.614937,-0.589396,0.752833,-3.000000,-3.000000,-3.000000,-3.000000
47.214054,0.798521,-0.615238,-0.590159,0.753523,-3.000000,-3.000000,-3.000000,-3.000000
47.223545,0.800335,-0.617183,-0.592527,0.755385,-3.000000,-3.000000,-3.000000,-3.000000
47.234093,0.799746,-0.618516,-0.593674,0.755065,-3.000000,-3.000000,-3.000000,-3.000000
47.243591,0.789572,-0.610342,-0.584949,0.745429,-3.000000,-3.000000,-3.000000,-3.000000
47.254120,0.790084,-0.611241,-0.585563,0.746005,-3.000000,-3.000000,-3.000000,-3.000000
47.263615,0.781568,-0.602328,-0.576731,0.737373,-3.000000,-3.000000,-3.000000,-3.000000
47.274120,0.783030,-0.603779,-0.578119,0.738579,-3.000000,-3.000000,-3.000000,-3.000000
47.283623,0.774791,-0.594544,-0.569273,0.729998,-3.000000,-3.000000,-3.000000,-3.000000
47.294121,0.777800,-0.597107,-0.571914,0.732732,-3.000000,-3.000000,-3.000000,-3.000000
47.303627,0.769589,-0.588276,-0.563694,0.724119,-3.000000,-3.000000,-3.000000,-3.000000
47.314175,0.772115,-0.590507,-0.566208,0.726570,-3.000000,-3.000000,-3.000000,-3.000000
47.323692,0.764076,-0.582162,-0.558213,0.718202,-3.000000,-3.000000,-3.000000,-3.000000
47.334194,0.765538,-0.583501,-0.559638,0.719609,-3.000000,-3.000000,-3.000000,-3.000000
47.343739,0.756822,-0.574784,-0.551304,0.711195,-3.000000,-3.000000,-3.000000,-3.000000
47.353176,0.756825,-0.575395,-0.552483,0.712142,-3.000000,-3.000000,-3.000000,-3.000000
47.363678,0.756336,-0.576320,-0.553881,0.712802,-3.000000,-3.000000,-3.000000,-3.000000
47.373169,0.757492,-0.578376,-0.555830,0.714040,-3.000000,-3.000000,-3.000000,-3.000000
47.383713,0.758947,-0.579993,-0.557310,0.715290,-3.000000,-3.000000,-3.000000,-3.000000
47.393181,0.760893,-0.582055,-0.558776,0.716666,-3.000000,-3.000000,-3.000000,-3.000000
47.403728,0.762820,-0.583057,-0.559804,0.717798,-3.000000,-3.000000,-3.000000,-3.000000
47.413227,0.764742,-0.584143,-0.560643,0.719078,-3.000000,-3.000000,-3.000000,-3.000000
47.423763,0.766446,-0.585515,-0.561871,0.720514,-3.000000,-3.000000,-3.000000,-3.000000
47.433224,0.768006,-0.586060,-0.563156,0.721617,-3.000000,-3.000000,-3.000000,-3.000000
47.443764,0.770839,-0.588220,-0.565712,0.724156,-3.000000,-3.000000,-3.000000,-3.000000
47.453228,0.771432,-0.588992,-0.566669,0.725128,-3.000000,-3.000000,-3.000000,-3.000000
47.463737,0.771850,-0.589598,-0.567722,0.725972,-3.000000,-3.000000,-3.000000,-3.000000
47.473225,0.773008,-0.591193,-0.569319,0.726883,-3.000000,-3.000000,-3.000000,-3.000000
47.483772,0.774510,-0.592264,-0.570394,0.727912,-3.000000,-3.000000,-3.000000,-3.000000
47.493240,0.777206,-0.594971,-0.572723,0.730651,-3.000000,-3.000000,-3.000000,-3.000000
47.503792,0.779467,-0.596860,-0.573336,0.731386,-3.000000,-3.000000,-3.000000,-3.000000
47.513279,0.783038,-0.599205,-0.574139,0.733758,-3.000000,-3.000000,-3.000000,-3.000000
47.523792,0.783658,-0.599871,-0.574240,0.734960,-3.000000,-3.000000,-3.000000,-3.000000
47.533276,0.784269,-0.600955,-0.575731,0.736118,-3.000000,-3.000000,-3.000000,-3.000000
47.543835,0.785067,-0.601459,-0.577201,0.737047,-3.000000,-3.000000,-3.000000,-3.000000
47.553280,0.786220,-0.601971,-0.578501,0.737828,-3.000000,-3.000000,-3.000000,-3.000000
47.563831,0.786454,-0.602467,-0.579395,0.738495,-3.000000,-3.000000,-3.000000,-3.000000
47.573277,0.786485,-0.602925,-0.580358,0.738940,-3.000000,-3.000000,-3.000000,-3.000000
47.583824,0.788731,-0.605882,-0.583185,0.741260,-3.000000,-3.000000,-3.000000,-3.000000
47.593285,0.789798,-0.606501,-0.584009,0.741764,-3.000000,-3.000000,-3.000000,-3.000000
47.603844,0.791596,-0.607154,-0.584469,0.742784,-3.000000,-3.000000,-3.000000,-3.000000
47.613338,0.793794,-0.608299,-0.584688,0.743995,-3.000000,-3.000000,-3.000000,-3.000000
47.623894,0.794895,-0.608844,-0.584613,0.744932,-3.000000,-3.000000,-3.000000,-3.000000
47.633389,0.797740,-0.610672,-0.586829,0.747286,-3.000000,-3.000000,-3.000000,-3.000000
47.643944,0.798198,-0.611363,-0.587792,0.747950,-3.000000,-3.000000,-3.000000,-3.000000
47.653442,0.798292,-0.612208,-0.589044,0.748524,-3.000000,-3.000000,-3.000000,-3.000000
47.663998,0.799161,-0.612845,-0.590179,0.749126,-3.000000,-3.000000,-3.000000,-3.000000
47.673496,0.799713,-0.613765,-0.590968,0.749684,-3.000000,-3.000000,-3.000000,-3.000000
47.684044,0.801377,-0.616133,-0.593287,0.751524,-3.000000,-3.000000,-3.000000,-3.000000
47.693451,0.801318,-0.616549,-0.593785,0.752200,-3.000000,-3.000000,-3.000000,-3.000000
47.703999,0.802717,-0.618092,-0.595845,0.754046,-3.000000,-3.000000,-3.000000,-3.000000
47.713444,0.802029,-0.618597,-0.596344,0.754232,-3.000000,-3.000000,-3.000000,-3.000000
47.723991,0.802304,-0.620135,-0.597929,0.754358,-3.000000,-3.000000,-3.000000,-3.000000
47.733482,0.802734,-0.621125,-0.598760,0.754840,-3.000000,-3.000000,-3.000000,-3.000000
47.744015,0.803371,-0.621664,-0.598823,0.755547,-3.000000,-3.000000,-3.000000,-3.000000
47.753525,0.805483,-0.624048,-0.600846,0.757818,-3.000000,-3.000000,-3.000000,-3.000000
47.764069,0.806615,-0.623857,-0.601080,0.758169,-3.000000,-3.000000,-3.000000,-3.000000
47.773544,0.807782,-0.623505,-0.600926,0.758779,-3.000000,-3.000000,-3.000000,-3.000000
47.784088,0.808371,-0.623774,-0.601260,0.760963,-3.000000,-3.000000,-3.000000,-3.000000
47.793537,0.808117,-0.623729,-0.601635,0.761192,-3.000000,-3.000000,-3.000000,-3.000000
47.804066,0.806921,-0.623406,-0.601749,0.761060,-3.000000,-3.000000,-3.000000,-3.000000
47.813534,0.796016,-0.614106,-0.592597,0.751345,-3.000000,-3.000000,-3.000000,-3.000000
47.824070,0.796846,-0.615705,-0.593765,0.751960,-3.000000,-3.000000,-3.000000,-3.000000
47.833542,0.799149,-0.618477,-0.595918,0.754152,-3.000000,-3.000000,-3.000000,-3.000000
47.844082,0.800461,-0.620021,-0.596936,0.754906,-3.000000,-3.000000,-3.000000,-3.000000
47.853493,0.803657,-0.622535,-0.599037,0.757059,-3.000000,-3.000000,-3.000000,-3.000000
47.864017,0.804574,-0.622608,-0.598559,0.757604,-3.000000,-3.000000,-3.000000,-3.000000
47.873440,0.805575,-0.622657,-0.589035,0.748979,-3.000000,-3.000000,-3.000000,-3.000000
47.883961,0.806093,-0.622737,-0.589648,0.749887,-3.000000,-3.000000,-3.000000,-3.000000
47.893471,0.806512,-0.622928,-0.590694,0.750517,-3.000000,-3.000000,-3.000000,-3.000000
47.904037,0.806329,-0.622891,-0.591553,0.750998,-3.000000,-3.000000,-3.000000,-3.000000
47.913544,0.805667,-0.622920,-0.592087,0.751396,-3.000000,-3.000000,-3.000000,-3.000000
47.924103,0.806043,-0.624027,-0.593325,0.751899,-3.000000,-3.000000,-3.000000,-3.000000
47.933620,0.806759,-0.624537,-0.593993,0.752457,-3.000000,-3.000000,-3.000000,-3.000000
47.944176,0.807926,-0.625185,-0.594540,0.753232,-3.000000,-3.000000,-3.000000,-3.000000
47.953697,0.799564,-0.617822,-0.586173,0.744208,-3.000000,-3.000000,-3.000000,-3.000000
47.963173,0.800066,-0.617956,-0.586640,0.744859,-3.000000,-3.000000,-3.000000,-3.000000
47.973732,0.801495,-0.618046,-0.586570,0.746145,-3.000000,-3.000000,-3.000000,-3.000000
47.983231,0.802558,-0.618352,-0.587273,0.747039,-3.000000,-3.000000,-3.000000,-3.000000
47.993767,0.803715,-0.618481,-0.587879,0.748023,-3.000000,-3.000000,-3.000000,-3.000000
48.003227,0.804228,-0.618774,-0.588760,0.748885,-3.000000,-3.000000,-3.000000,-3.000000
48.013744,0.804330,-0.619269,-0.589709,0.749709,-3.000000,-3.000000,-3.000000,-3.000000
48.023277,0.805796,-0.621619,-0.592322,0.751835,-3.000000,-3.000000,-3.000000,-3.000000
48.033829,0.805455,-0.621519,-0.593244,0.751895,-3.000000,-3.000000,-3.000000,-3.000000
48.043331,0.806202,-0.622412,-0.594714,0.752289,-3.000000,-3.000000,-3.000000,-3.000000
48.053871,0.806787,-0.623290,-0.595606,0.752726,-3.000000,-3.000000,-3.000000,-3.000000
48.063335,0.807080,-0.624651,-0.596246,0.753053,-3.000000,-3.000000,-3.000000,-3.000000
48.073891,0.807990,-0.626098,-0.596676,0.753508,-3.000000,-3.000000,-3.000000,-3.000000
48.083328,0.808580,-0.626279,-0.596330,0.754530,-3.000000,-3.000000,-3.000000,-3.000000
48.093830,0.811085,-0.627960,-0.598166,0.757145,-3.000000,-3.000000,-3.000000,-3.000000
48.103283,0.811822,-0.628118,-0.598807,0.757919,-3.000000,-3.000000,-3.000000,-3.000000
48.113804,0.812266,-0.628392,-0.599351,0.758596,-3.000000,-3.000000,-3.000000,-3.000000
48.123226,0.812810,-0.628643,-0.600058,0.759201,-3.000000,-3.000000,-3.000000,-3.000000
48.133724,0.812756,-0.628458,-0.600525,0.759656,-3.000000,-3.000000,-3.000000,-3.000000
48.143173,0.812172,-0.628412,-0.602319,0.761584,-3.000000,-3.000000,-3.000000,-3.000000
48.153721,0.812547,-0.629229,-0.603353,0.761855,-3.000000,-3.000000,-3.000000,-3.000000
48.164173,0.812823,-0.629857,-0.603724,0.762285,-3.000000,-3.000000,-3.000000,-3.000000
48.173683,0.814786,-0.631814,-0.605504,0.764395,-3.000000,-3.000000,-3.000000,-3.000000
48.184174,0.816702,-0.633229,-0.605904,0.765105,-3.000000,-3.000000,-3.000000,-3.000000
48.193695,0.808809,-0.625343,-0.595571,0.756052,-3.000000,-3.000000,-3.000000,-3.000000
48.204231,0.809151,-0.625415,-0.594588,0.757073,-3.000000,-3.000000,-3.000000,-3.000000
48.213741,0.800662,-0.615382,-0.584959,0.748800,-3.000000,-3.000000,-3.000000,-3.000000
48.223175,0.801820,-0.615454,-0.585732,0.749785,-3.000000,-3.000000,-3.000000,-3.000000
48.233677,0.793423,-0.606344,-0.576939,0.741450,-3.000000,-3.000000,-3.000000,-3.000000
48.243172,0.796231,-0.608784,-0.579648,0.744301,-3.000000,-3.000000,-3.000000,-3.000000
48.253712,0.797500,-0.609373,-0.580591,0.745385,-3.000000,-3.000000,-3.000000,-3.000000
48.264175,0.799476,-0.610140,-0.581121,0.746858,-3.000000,-3.000000,-3.000000,-3.000000
48.273766,0.801167,-0.610626,-0.581332,0.748331,-3.000000,-3.000000,-3.000000,-3.000000
48.283230,0.802886,-0.611267,-0.582028,0.749736,-3.000000,-3.000000,-3.000000,-3.000000
48.293766,0.805227,-0.612284,-0.583364,0.750720,-3.000000,-3.000000,-3.000000,-3.000000
48.303230,0.806126,-0.613080,-0.583962,0.751670,-3.000000,-3.000000,-3.000000,-3.000000
48.313786,0.807018,-0.613638,-0.584796,0.752665,-3.000000,-3.000000,-3.000000,-3.000000
48.323235,0.807897,-0.614100,-0.585856,0.753388,-3.000000,-3.000000,-3.000000,-3.000000
48.333748,0.808516,-0.614756,-0.586933,0.754014,-3.000000,-3.000000,-3.000000,-3.000000
48.343227,0.810236,-0.617189,-0.589352,0.756316,-3.000000,-3.000000,-3.000000,-3.000000
48.353779,0.810144,-0.617266,-0.590321,0.756528,-3.000000,-3.000000,-3.000000,-3.000000
48.363228,0.811575,-0.618375,-0.592177,0.758519,-3.000000,-3.000000,-3.000000,-3.000000
48.373756,0.810795,-0.619086,-0.593323,0.758401,-3.000000,-3.000000,-3.000000,-3.000000
48.383236,0.810066,-0.621768,-0.595536,0.757870,-3.000000,-3.000000,-3.000000,-3.000000
48.393776,0.809277,-0.623698,-0.596510,0.757628,-3.000000,-3.000000,-3.000000,-3.000000
48.403221,0.808397,-0.624536,-0.597064,0.757987,-3.000000,-3.000000,-3.000000,-3.000000
48.413746,0.809315,-0.625465,-0.598276,0.758949,-3.000000,-3.000000,-3.000000,-3.000000
48.423225,0.811754,-0.627705,-0.600036,0.761416,-3.000000,-3.000000,-3.000000,-3.000000
48.433765,0.812642,-0.627645,-0.600335,0.761717,-3.000000,-3.000000,-3.000000,-3.000000
48.443222,0.813729,-0.627361,-0.600284,0.762233,-3.000000,-3.000000,-3.000000,-3.000000
48.453766,0.815953,-0.629104,-0.602336,0.764380,-3.000000,-3.000000,-3.000000,-3.000000
48.463226,0.816012,-0.629539,-0.602946,0.764704,-3.000000,-3.000000,-3.000000,-3.000000
48.473770,0.815596,-0.629910,-0.603281,0.764996,-3.000000,-3.000000,-3.000000,-3.000000
48.483223,0.815206,-0.629816,-0.603677,0.765324,-3.000000,-3.000000,-3.000000,-3.000000
48.493729,0.815666,-0.630751,-0.604512,0.765888,-3.000000,-3.000000,-3.000000,-3.000000
48.503170,0.818017,-0.632888,-0.606653,0.767935,-2.980979,-2.980979,-2.980979,-2.980979
48.513695,0.818627,-0.633307,-0.606909,0.768570,-2.917823,-2.917823,-2.917823,-2.917823
48.523170,0.819364,-0.634206,-0.607615,0.768894,-2.860981,-2.860981,-2.860981,-2.860981
48.533718,0.820038,-0.634710,-0.607577,0.769570,-2.797680,-2.797680,-2.797680,-2.797680
48.544235,0.820704,-0.634649,-0.607672,0.770052,-2.734581,-2.734581,-2.734581,-2.734581
48.553734,0.822713,-0.636530,-0.609312,0.772387,-2.677606,-2.677606,-2.677606,-2.677606
48.563232,0.823448,-0.636378,-0.609412,0.773051,-2.620613,-2.620613,-2.620613,-2.620613
48.573792,0.814990,-0.626174,-0.599724,0.764128,-2.557244,-2.557244,-2.557244,-2.557244
48.583179,0.816697,-0.628060,-0.601705,0.766311,-2.500923,-2.500923,-2.500923,-2.500923
48.593723,0.816388,-0.627725,-0.602296,0.766266,-2.437657,-2.437657,-2.437657,-2.437657
48.603172,0.817048,-0.628601,-0.603516,0.766520,-2.380966,-2.380966,-2.380966,-2.380966
48.613724,0.817508,-0.629427,-0.604159,0.766807,-2.317662,-2.317662,-2.317662,-2.317662
48.623226,0.817746,-0.630635,-0.604709,0.767016,-2.260644,-2.260644,-2.260644,-2.260644
48.633778,0.820116,-0.633857,-0.606798,0.769067,-2.197329,-2.197329,-2.197329,-2.197329
48.643276,0.821134,-0.633722,-0.606012,0.769540,-2.140336,-2.140336,-2.140336,-2.140336
48.653812,0.804816,-0.633789,-0.604813,0.752074,-2.077127,-2.077127,-2.077127,-2.077127
48.663227,0.788155,-0.633957,-0.604128,0.735163,-2.020636,-2.020636,-2.020636,-2.020636
48.673763,0.771596,-0.633728,-0.604054,0.718912,-1.957416,-1.957416,-1.957416,-1.957416
48.683224,0.756586,-0.635082,-0.605959,0.703761,-1.900667,-1.900667,-1.900667,-1.900667
48.693752,0.741532,-0.635016,-0.606101,0.688408,-1.837475,-1.837475,-1.837475,-1.837475
48.703197,0.727239,-0.634945,-0.605940,0.673652,-1.780818,-1.780818,-1.780818,-1.780818
48.713741,0.713558,-0.634799,-0.605464,0.659554,-1.717556,-1.717556,-1.717556,-1.717556
48.723225,0.700406,-0.634763,-0.605039,0.645858,-1.660657,-1.660657,-1.660657,-1.660657
48.733768,0.688238,-0.634504,-0.604383,0.632920,-1.597400,-1.597400,-1.597400,-1.597400
48.743221,0.676182,-0.634136,-0.603712,0.620121,-1.540672,-1.540672,-1.540672,-1.540672
48.753757,0.664137,-0.633656,-0.603194,0.607529,-1.477444,-1.477444,-1.477444,-1.477444
48.763222,0.652880,-0.633860,-0.603436,0.596038,-1.420665,-1.420665,-1.420665,-1.420665
48.773762,0.642562,-0.631971,-0.601368,0.584989,-1.357433,-1.357433,-1.357433,-1.357433
48.783222,0.632598,-0.629698,-0.598912,0.574064,-1.300659,-1.300659,-1.300659,-1.300659
48.793781,0.622737,-0.628824,-0.597965,0.563520,-1.237307,-1.237307,-1.237307,-1.237307
48.803284,0.613194,-0.625845,-0.594881,0.553337,-1.180289,-1.180289,-1.180289,-1.180289
48.813824,0.604027,-0.622485,-0.591569,0.543363,-1.117049,-1.117049,-1.117049,-1.117049
48.823238,0.595155,-0.619092,-0.588036,0.533632,-1.060571,-1.060571,-1.060571,-1.060571
48.833759,0.586429,-0.615591,-0.584255,0.524008,-0.997434,-0.997434,-0.997434,-0.997434
48.843224,0.577619,-0.613261,-0.581748,0.514598,-0.940653,-0.940653,-0.940653,-0.940653
48.853771,0.569714,-0.608809,-0.576836,0.506097,-0.877383,-0.877383,-0.877383,-0.877383
48.864227,0.561913,-0.604263,-0.571995,0.497735,-0.814641,-0.814641,-0.814641,-0.814641
48.873730,0.554401,-0.599326,-0.566837,0.489831,-0.757613,-0.757613,-0.757613,-0.757613
48.884228,0.547361,-0.594096,-0.561431,0.482265,-0.694633,-0.694633,-0.694633,-0.694633
48.893787,0.540816,-0.588741,-0.555653,0.475286,-0.637278,-0.637278,-0.637278,-0.637278
48.903275,0.534998,-0.583046,-0.549606,0.469280,-0.580344,-0.580344,-0.580344,-0.580344
48.913803,0.536767,-0.573889,-0.539471,0.470261,-0.517170,-0.517170,-0.517170,-0.517170
48.923275,0.531838,-0.567938,-0.533148,0.465056,-0.460345,-0.460345,-0.460345,-0.460345
48.933819,0.527143,-0.561730,-0.526693,0.460275,-0.397087,-0.397087,-0.397087,-0.397087
48.943275,0.522546,-0.555650,-0.520729,0.455592,-0.340355,-0.340355,-0.340355,-0.340355
48.953800,0.518393,-0.549422,-0.514568,0.451456,-0.277188,-0.277188,-0.277188,-0.277188
48.963272,0.514233,-0.543172,-0.508376,0.447434,-0.220357,-0.220357,-0.220357,-0.220357
48.973804,0.510404,-0.536418,-0.502140,0.443690,-0.157175,-0.157175,-0.157175,-0.157175
48.983276,0.507693,-0.528843,-0.494953,0.440906,-0.100351,-0.100351,-0.100351,-0.100351
48.993805,0.505136,-0.521555,-0.488054,0.435122,-0.037171,-0.037171,-0.037171,-0.037171
49.003273,0.503654,-0.513049,-0.479542,0.433376,0.019642,0.019642,0.019642,0.019642
49.013805,0.502293,-0.503269,-0.470779,0.431938,0.082835,0.082835,0.082835,0.082835
49.023331,0.498043,-0.492968,-0.459904,0.428445,0.139995,0.139995,0.139995,0.139995
49.033882,0.497073,-0.484096,-0.449721,0.427441,0.203288,0.203288,0.203288,0.203288
49.043331,0.496308,-0.475481,-0.440789,0.426852,0.259976,0.259976,0.259976,0.259976
49.053860,0.495574,-0.466538,-0.431928,0.426474,0.323163,0.323163,0.323163,0.323163
49.063332,0.494241,-0.457568,-0.423371,0.426101,0.379980,0.379980,0.379980,0.379980
49.073872,0.491956,-0.446775,-0.413095,0.425621,0.443232,0.443232,0.443232,0.443232
49.083328,0.491848,-0.438517,-0.405131,0.426449,0.499974,0.499974,0.499974,0.499974
49.093861,0.494286,-0.430421,-0.396814,0.428511,0.563161,0.563161,0.563161,0.563161
49.103329,0.493509,-0.422162,-0.388272,0.430377,0.619970,0.619970,0.619970,0.619970
49.113861,0.495861,-0.413468,-0.379687,0.432753,0.683157,0.683157,0.683157,0.683157
49.123341,0.498846,-0.405078,-0.371840,0.436332,0.740045,0.740045,0.740045,0.740045
49.133884,0.501023,-0.396437,-0.363943,0.438487,0.803306,0.803306,0.803306,0.803306
49.143379,0.503201,-0.387851,-0.356034,0.440736,0.860271,0.860271,0.860271,0.860271
49.153912,0.504979,-0.379631,-0.348611,0.442856,0.923476,0.923476,0.923476,0.923476
49.163383,0.506878,-0.371251,-0.341251,0.445044,0.980300,0.980300,0.980300,0.980300
49.173927,0.512152,-0.362453,-0.333098,0.450894,1.043571,1.043571,1.043571,1.043571
49.183388,0.514613,-0.353878,-0.325001,0.453672,1.100331,1.100331,1.100331,1.100331
49.193943,0.517518,-0.344814,-0.316341,0.456854,1.163657,1.163657,1.163657,1.163657
49.203381,0.520721,-0.335934,-0.307698,0.460232,1.220287,1.220287,1.220287,1.220287
49.213902,0.523223,-0.327717,-0.300063,0.463187,1.283402,1.283402,1.283402,1.283402
49.223381,0.526339,-0.319270,-0.292269,0.466920,1.340278,1.340278,1.340278,1.340278
49.233910,0.529088,-0.310911,-0.284820,0.470055,1.403453,1.403453,1.403453,1.403453
49.243378,0.531999,-0.302485,-0.277250,0.473352,1.460277,1.460277,1.460277,1.460277
49.253906,0.534917,-0.294359,-0.269699,0.476784,1.523447,1.523447,1.523447,1.523447
49.263382,0.537852,-0.286437,-0.262459,0.480337,1.580294,1.580294,1.580294,1.580294
49.273911,0.541643,-0.278459,-0.255232,0.484661,1.643468,1.643468,1.643468,1.643468
49.283382,0.544561,-0.271467,-0.249162,0.488261,1.700290,1.700290,1.700290,1.700290
49.293911,0.547936,-0.264422,-0.243087,0.492160,1.763470,1.763470,1.763470,1.763470
49.303383,0.552246,-0.257064,-0.236436,0.496995,1.820290,1.820290,1.820290,1.820290
49.313908,0.555757,-0.250615,-0.230567,0.501196,1.883451,1.883451,1.883451,1.883451
49.323383,0.559689,-0.244210,-0.224666,0.505658,1.940294,1.940294,1.940294,1.940294
49.333912,0.563757,-0.238206,-0.219220,0.509796,2.003472,2.003472,2.003472,2.003472
49.343380,0.567293,-0.232485,-0.214182,0.513724,2.060284,2.060284,2.060284,2.060284
49.353909,0.571698,-0.226298,-0.208570,0.518467,2.123441,2.123441,2.123441,2.123441
49.363377,0.574724,-0.221147,-0.204129,0.521909,2.180268,2.180268,2.180268,2.180268
49.373909,0.577517,-0.215995,-0.199815,0.525175,2.243462,2.243462,2.243462,2.243462
49.383381,0.581244,-0.210190,-0.194749,0.529275,2.300280,2.300280,2.300280,2.300280
49.393906,0.583517,-0.205515,-0.191014,0.532031,2.363429,2.363429,2.363429,2.363429
49.403378,0.586096,-0.200827,-0.186969,0.534991,2.420266,2.420266,2.420266,2.420266
49.413906,0.588226,-0.196317,-0.183113,0.537638,2.483436,2.483436,2.483436,2.483436
49.423344,0.590185,-0.192206,-0.179674,0.540205,2.540051,2.540051,2.540051,2.540051
49.433884,0.593412,-0.187009,-0.175081,0.543903,2.603308,2.603308,2.603308,2.603308
49.443329,0.594887,-0.183233,-0.172280,0.545943,2.659975,2.659975,2.659975,2.659975
49.453857,0.596338,-0.179429,-0.169431,0.547886,2.723147,2.723147,2.723147,2.723147
49.463329,0.599092,-0.174712,-0.165383,0.551048,2.779974,2.779974,2.779974,2.779974
49.473858,0.600257,-0.171173,-0.162623,0.552752,2.843143,2.843143,2.843143,2.843143
49.483330,0.601381,-0.167640,-0.159881,0.554475,2.899983,2.899983,2.899983,2.899983
49.493877,0.601974,-0.164385,-0.157618,0.555786,2.963265,2.963265,2.963265,2.963265
49.503326,0.602245,-0.161440,-0.155694,0.556916,3.000000,3.000000,3.000000,3.000000
49.513863,0.604865,-0.156931,-0.151852,0.560012,3.000000,3.000000,3.000000,3.000000
49.523335,0.605773,-0.154060,-0.149611,0.561499,3.000000,3.000000,3.000000,3.000000
49.533863,0.606617,-0.151131,-0.147398,0.562922,3.000000,3.000000,3.000000,3.000000
49.543331,0.609981,-0.164973,-0.161900,0.566107,3.000000,3.000000,3.000000,3.000000
49.553833,0.610095,-0.180153,-0.177390,0.567262,3.000000,3.000000,3.000000,3.000000
49.563328,0.610070,-0.194681,-0.192964,0.567985,3.000000,3.000000,3.000000,3.000000
49.573811,0.610557,-0.208821,-0.207560,0.569124,3.000000,3.000000,3.000000,3.000000
49.583279,0.611073,-0.222330,-0.221545,0.570357,3.000000,3.000000,3.000000,3.000000
49.593826,0.613781,-0.235139,-0.234511,0.573505,3.000000,3.000000,3.000000,3.000000
49.603275,0.615256,-0.247158,-0.246533,0.575365,3.000000,3.000000,3.000000,3.000000
49.613811,0.616584,-0.258454,-0.257815,0.577207,3.000000,3.000000,3.000000,3.000000
49.623276,0.619122,-0.270030,-0.269489,0.580075,3.000000,3.000000,3.000000,3.000000
49.633808,0.621234,-0.282175,-0.281494,0.581935,3.000000,3.000000,3.000000,3.000000
49.643303,0.623802,-0.293013,-0.292154,0.584164,3.000000,3.000000,3.000000,3.000000
49.653847,0.625954,-0.303119,-0.302231,0.586427,3.000000,3.000000,3.000000,3.000000
49.663326,0.628431,-0.313078,-0.312398,0.588722,3.000000,3.000000,3.000000,3.000000
49.673855,0.632263,-0.322491,-0.322332,0.592116,3.000000,3.000000,3.000000,3.000000
49.683331,0.634207,-0.331927,-0.331967,0.594358,3.000000,3.000000,3.000000,3.000000
49.693893,0.635897,-0.341142,-0.341663,0.596431,3.000000,3.000000,3.000000,3.000000
49.703327,0.638301,-0.349679,-0.350820,0.598486,3.000000,3.000000,3.000000,3.000000
49.713856,0.640510,-0.357830,-0.359401,0.600531,3.000000,3.000000,3.000000,3.000000
49.723328,0.643894,-0.365749,-0.367707,0.603831,3.000000,3.000000,3.000000,3.000000
49.733856,0.645250,-0.374107,-0.375830,0.605736,3.000000,3.000000,3.000000,3.000000
49.743328,0.647330,-0.383177,-0.384397,0.607473,3.000000,3.000000,3.000000,3.000000
49.753857,0.649888,-0.391107,-0.391529,0.609710,3.000000,3.000000,3.000000,3.000000
49.763329,0.653218,-0.398212,-0.398016,0.612738,3.000000,3.000000,3.000000,3.000000
49.773865,0.656076,-0.404768,-0.404300,0.615664,3.000000,3.000000,3.000000,3.000000
49.783333,0.659125,-0.410488,-0.410610,0.618296,3.000000,3.000000,3.000000,3.000000
49.793884,0.662546,-0.416627,-0.416906,0.621053,3.000000,3.000000,3.000000,3.000000
49.803329,0.666101,-0.423645,-0.423992,0.624669,3.000000,3.000000,3.000000,3.000000
49.813866,0.668405,-0.429537,-0.430174,0.626980,3.000000,3.000000,3.000000,3.000000
49.823330,0.671112,-0.435218,-0.436076,0.629331,3.000000,3.000000,3.000000,3.000000
49.833858,0.675201,-0.441344,-0.442256,0.633077,3.000000,3.000000,3.000000,3.000000
49.843327,0.678115,-0.447046,-0.447721,0.635472,3.000000,3.000000,3.000000,3.000000
49.853863,0.680612,-0.453424,-0.453711,0.637123,3.000000,3.000000,3.000000,3.000000
49.863331,0.683156,-0.458871,-0.458813,0.639001,3.000000,3.000000,3.000000,3.000000
49.873867,0.685852,-0.463515,-0.463071,0.641619,3.000000,3.000000,3.000000,3.000000
49.883327,0.690321,-0.468721,-0.468479,0.645411,3.000000,3.000000,3.000000,3.000000
49.893860,0.692882,-0.473409,-0.473242,0.647951,3.000000,3.000000,3.000000,3.000000
49.903328,0.696715,-0.479302,-0.479501,0.651634,3.000000,3.000000,3.000000,3.000000
49.913860,0.699620,-0.483092,-0.483535,0.653914,3.000000,3.000000,3.000000,3.000000
49.923332,0.702122,-0.487123,-0.487437,0.656157,3.000000,3.000000,3.000000,3.000000
49.933865,0.704699,-0.490908,-0.491451,0.658346,3.000000,3.000000,3.000000,3.000000
49.943329,0.707177,-0.494517,-0.495239,0.660640,3.000000,3.000000,3.000000,3.000000
49.953861,0.708861,-0.498129,-0.498777,0.662783,3.000000,3.000000,3.000000,3.000000
49.963329,0.710281,-0.501695,-0.502351,0.664532,3.000000,3.000000,3.000000,3.000000
49.973854,0.712640,-0.505806,-0.506236,0.666473,3.000000,3.000000,3.000000,3.000000
49.983284,0.714848,-0.509822,-0.509489,0.668481,3.000000,3.000000,3.000000,3.000000
49.993813,0.718214,-0.514850,-0.513813,0.671737,3.000000,3.000000,3.000000,3.000000
50.003273,0.722422,-0.518471,-0.516012,0.674495,3.000000,3.000000,3.000000,3.000000
50.013805,0.726071,-0.521484,-0.516952,0.677177,3.000000,3.000000,3.000000,3.000000
50.023289,0.728719,-0.524200,-0.518987,0.679627,3.000000,3.000000,3.000000,3.000000
50.033802,0.731199,-0.526877,-0.521915,0.681784,3.000000,3.000000,3.000000,3.000000
50.043274,0.734581,-0.530991,-0.525999,0.685197,3.000000,3.000000,3.000000,3.000000
50.053799,0.736767,-0.533580,-0.528765,0.687244,3.000000,3.000000,3.000000,3.000000
50.063278,0.738591,-0.536010,-0.531294,0.689176,3.000000,3.000000,3.000000,3.000000
50.073811,0.739578,-0.538428,-0.533800,0.690716,3.000000,3.000000,3.000000,3.000000
50.084286,0.740942,-0.541540,-0.536702,0.692446,3.000000,3.000000,3.000000,3.000000
50.093761,0.730346,-0.531993,-0.526346,0.681141,3.000000,3.000000,3.000000,3.000000
50.104275,0.732577,-0.535492,-0.529412,0.683395,3.000000,3.000000,3.000000,3.000000
50.113754,0.734774,-0.538731,-0.532316,0.685456,3.000000,3.000000,3.000000,3.000000
50.124275,0.736857,-0.541845,-0.535123,0.687507,3.000000,3.000000,3.000000,3.000000
50.134800,0.738286,-0.544833,-0.537778,0.689442,3.000000,3.000000,3.000000,3.000000
50.144222,0.740215,-0.547610,-0.540601,0.691218,3.000000,3.000000,3.000000,3.000000
50.154758,0.742533,-0.550173,-0.543091,0.693061,3.000000,3.000000,3.000000,3.000000
50.164242,0.735503,-0.543812,-0.536190,0.685862,3.000000,3.000000,3.000000,3.000000
50.174770,0.737756,-0.546297,-0.538244,0.688475,3.000000,3.000000,3.000000,3.000000
50.184223,0.740652,-0.548271,-0.539997,0.691435,3.000000,3.000000,3.000000,3.000000
50.194752,0.745010,-0.551756,-0.543487,0.695389,3.000000,3.000000,3.000000,3.000000
50.204224,0.747369,-0.553580,-0.545652,0.697333,3.000000,3.000000,3.000000,3.000000
50.214752,0.749895,-0.557208,-0.549166,0.700163,3.000000,3.000000,3.000000,3.000000
50.224220,0.752856,-0.560745,-0.551707,0.701535,3.000000,3.000000,3.000000,3.000000
50.234749,0.757010,-0.564557,-0.553468,0.704728,3.000000,3.000000,3.000000,3.000000
50.244225,0.758677,-0.566529,-0.554232,0.706826,3.000000,3.000000,3.000000,3.000000
50.254753,0.760758,-0.568108,-0.555661,0.708903,3.000000,3.000000,3.000000,3.000000
50.264221,0.762949,-0.569679,-0.557620,0.710747,3.000000,3.000000,3.000000,3.000000
50.274754,0.764487,-0.571454,-0.559675,0.712240,3.000000,3.000000,3.000000,3.000000
50.284225,0.767382,-0.575055,-0.563289,0.715122,3.000000,3.000000,3.000000,3.000000
50.294758,0.768278,-0.576404,-0.564693,0.716570,3.000000,3.000000,3.000000,3.000000
50.304226,0.768912,-0.577826,-0.566116,0.717895,3.000000,3.000000,3.000000,3.000000
50.314766,0.770608,-0.579916,-0.568524,0.719222,3.000000,3.000000,3.000000,3.000000
50.325233,0.771966,-0.582102,-0.570340,0.720583,3.000000,3.000000,3.000000,3.000000
50.334736,0.774888,-0.585500,-0.573499,0.723199,3.000000,3.000000,3.000000,3.000000
50.344170,0.777415,-0.588075,-0.575086,0.724903,3.000000,3.000000,3.000000,3.000000
50.354698,0.769376,-0.580858,-0.567169,0.717018,3.000000,3.000000,3.000000,3.000000
50.364170,0.770924,-0.582259,-0.568758,0.718964,3.000000,3.000000,3.000000,3.000000
50.374702,0.772204,-0.583947,-0.570701,0.720651,3.000000,3.000000,3.000000,3.000000
50.385223,0.773500,-0.585719,-0.572685,0.722107,3.000000,3.000000,3.000000,3.000000
50.394722,0.775030,-0.587108,-0.574406,0.723554,3.000000,3.000000,3.000000,3.000000
50.405224,0.775939,-0.588893,-0.576065,0.724618,3.000000,3.000000,3.000000,3.000000
50.414738,0.766339,-0.581421,-0.568451,0.715690,3.000000,3.000000,3.000000,3.000000
50.424225,0.766452,-0.582366,-0.569460,0.717242,3.000000,3.000000,3.000000,3.000000
50.434753,0.757034,-0.574392,-0.561556,0.709083,3.000000,3.000000,3.000000,3.000000
50.444225,0.759010,-0.577454,-0.564083,0.710830,3.000000,3.000000,3.000000,3.000000
50.454769,0.762530,-0.581737,-0.567504,0.713892,3.000000,3.000000,3.000000,3.000000
50.464233,0.764111,-0.583711,-0.568972,0.715580,3.000000,3.000000,3.000000,3.000000
50.474766,0.766372,-0.585598,-0.570692,0.717323,3.000000,3.000000,3.000000,3.000000
50.484222,0.768575,-0.587615,-0.572457,0.719131,3.000000,3.000000,3.000000,3.000000
50.494755,0.769984,-0.589224,-0.574126,0.720658,3.000000,3.000000,3.000000,3.000000
50.504223,0.770822,-0.590929,-0.575797,0.722238,2.974653,2.974653,2.974653,2.974653
50.514759,0.771985,-0.592575,-0.577747,0.723570,2.911449,2.911449,2.911449,2.911449
50.524223,0.773643,-0.594165,-0.579175,0.725310,2.854650,2.854650,2.854650,2.854650
50.534760,0.775380,-0.594984,-0.580376,0.726946,2.791440,2.791440,2.791440,2.791440
50.544224,0.777259,-0.596105,-0.581896,0.728602,2.734661,2.734661,2.734661,2.734661
50.554752,0.778873,-0.597392,-0.583272,0.730162,2.671491,2.671491,2.671491,2.671491
50.564224,0.779553,-0.598914,-0.585002,0.731018,2.614649,2.614649,2.614649,2.614649
50.574753,0.781904,-0.602795,-0.588490,0.733814,2.551475,2.551475,2.551475,2.551475
50.584225,0.783425,-0.604423,-0.590002,0.734962,2.494651,2.494651,2.494651,2.494651
50.594757,0.784972,-0.605689,-0.591147,0.736063,2.431458,2.431458,2.431458,2.431458
50.604229,0.786244,-0.607035,-0.592116,0.737420,2.374635,2.374635,2.374635,2.374635
50.614773,0.787589,-0.608372,-0.574769,0.738850,2.311374,2.311374,2.311374,2.311374
50.624226,0.790009,-0.592201,-0.558964,0.741640,2.254654,2.254654,2.254654,2.254654
50.634769,0.791144,-0.576023,-0.543497,0.742729,2.191387,2.191387,2.191387,2.191387
50.644226,0.791907,-0.560348,-0.528534,0.743562,2.134645,2.134645,2.134645,2.134645
50.654766,0.792475,-0.545038,-0.514140,0.744379,2.071400,2.071400,2.071400,2.071400
50.664223,0.792837,-0.530277,-0.500467,0.744761,2.014659,2.014659,2.014659,2.014659
50.674747,0.793072,-0.516180,-0.487245,0.745004,1.951511,1.951511,1.951511,1.951511
50.684223,0.793021,-0.502390,-0.474619,0.745151,1.894657,1.894657,1.894657,1.894657
50.694759,0.792682,-0.489214,-0.462654,0.745105,1.831434,1.831434,1.831434,1.831434
50.704224,0.793877,-0.476763,-0.451305,0.746599,1.774665,1.774665,1.774665,1.774665
50.714752,0.792811,-0.464647,-0.440515,0.746109,1.711481,1.711481,1.711481,1.711481
50.724224,0.791302,-0.452863,-0.430080,0.745276,1.654657,1.654657,1.654657,1.654657
50.734753,0.789342,-0.441441,-0.420036,0.743964,1.591490,1.591490,1.591490,1.591490
50.744225,0.786610,-0.430688,-0.410925,0.741925,1.534655,1.534655,1.534655,1.534655
50.754753,0.784898,-0.420074,-0.402007,0.740980,1.471487,1.471487,1.471487,1.471487
50.764221,0.781523,-0.409520,-0.393246,0.738388,1.414668,1.414668,1.414668,1.414668
50.774750,0.777762,-0.399604,-0.384940,0.735304,1.351502,1.351502,1.351502,1.351502
50.784222,0.774013,-0.389425,-0.376209,0.731999,1.294659,1.294659,1.294659,1.294659
50.794754,0.770233,-0.379615,-0.367590,0.728800,1.231478,1.231478,1.231478,1.231478
50.804226,0.765274,-0.370819,-0.360438,0.724385,1.174652,1.174652,1.174652,1.174652
50.814754,0.760249,-0.362165,-0.353123,0.719822,1.111467,1.111467,1.111467,1.111467
50.824223,0.756733,-0.353470,-0.345255,0.716917,1.054657,1.054657,1.054657,1.054657
50.834766,0.750948,-0.345308,-0.338314,0.711849,0.991408,0.991408,0.991408,0.991408
50.844173,0.744958,-0.337572,-0.331852,0.706715,0.934968,0.934968,0.934968,0.934968
50.854717,0.738810,-0.330485,-0.326254,0.701087,0.871696,0.871696,0.871696,0.871696
50.864170,0.732156,-0.324293,-0.321327,0.695144,0.814973,0.814973,0.814973,0.814973
50.874710,0.728981,-0.318129,-0.316313,0.693111,0.751737,0.751737,0.751737,0.751737
50.885223,0.721986,-0.312759,-0.312386,0.686645,0.688660,0.688660,0.688660,0.688660
50.894733,0.714940,-0.308016,-0.308761,0.680027,0.631599,0.631599,0.631599,0.631599
50.905224,0.708216,-0.303326,-0.304792,0.673591,0.568654,0.568654,0.568654,0.568654
50.914738,0.699057,-0.304082,-0.306125,0.664486,0.511572,0.511572,0.511572,0.511572
50.924225,0.691936,-0.300558,-0.303373,0.657643,0.454652,0.454652,0.454652,0.454652
50.934769,0.682251,-0.302460,-0.306302,0.648227,0.391389,0.391389,0.391389,0.391389
50.944221,0.676064,-0.299059,-0.303724,0.642653,0.334661,0.334661,0.334661,0.334661
50.954754,0.667799,-0.296599,-0.301878,0.634791,0.271487,0.271487,0.271487,0.271487
50.964226,0.659214,-0.294424,-0.300418,0.626589,0.214655,0.214655,0.214655,0.214655
50.974758,0.650101,-0.292781,-0.299598,0.617832,0.151451,0.151451,0.151451,0.151451
50.984222,0.640495,-0.291615,-0.299105,0.608729,0.094659,0.094659,0.094659,0.094659
50.994759,0.628702,-0.290637,-0.298739,0.598085,0.031459,0.031459,0.031459,0.031459
51.004223,0.617819,-0.289917,-0.298338,0.586098,-0.025340,-0.025340,-0.025340,-0.025340
51.014759,0.607717,-0.287599,-0.295974,0.575717,-0.088544,-0.088544,-0.088544,-0.088544
51.024281,0.598110,-0.287361,-0.295703,0.566588,-0.145684,-0.145684,-0.145684,-0.145684
51.034824,0.589311,-0.288276,-0.296641,0.557339,-0.208953,-0.208953,-0.208953,-0.208953
51.044277,0.579553,-0.288232,-0.297006,0.546660,-0.265657,-0.265657,-0.265657,-0.265657
51.054802,0.572059,-0.289904,-0.297236,0.538425,-0.328822,-0.328822,-0.328822,-0.328822
51.064278,0.564389,-0.291677,-0.300201,0.529890,-0.385657,-0.385657,-0.385657,-0.385657
51.074806,0.556696,-0.294040,-0.302641,0.518806,-0.448829,-0.448829,-0.448829,-0.448829
51.084282,0.548106,-0.296542,-0.305187,0.510268,-0.505683,-0.505683,-0.505683,-0.505683
51.094818,0.539399,-0.299728,-0.308447,0.501357,-0.568915,-0.568915,-0.568915,-0.568915
51.104279,0.530760,-0.304544,-0.313207,0.492747,-0.625676,-0.625676,-0.625676,-0.625676
51.114819,0.522046,-0.307971,-0.316365,0.483992,-0.688910,-0.688910,-0.688910,-0.688910
51.124275,0.513780,-0.311395,-0.319369,0.475403,-0.745641,-0.745641,-0.745641,-0.745641
51.134804,0.505751,-0.317404,-0.324928,0.467050,-0.808822,-0.808822,-0.808822,-0.808822
51.144276,0.497754,-0.321177,-0.328318,0.458551,-0.865646,-0.865646,-0.865646,-0.865646
51.154800,0.489835,-0.325245,-0.331971,0.450023,-0.928798,-0.928798,-0.928798,-0.928798
51.164276,0.482302,-0.328979,-0.334991,0.441856,-0.985659,-0.985659,-0.985659,-0.985659
51.174805,0.474767,-0.332950,-0.338041,0.433779,-1.048819,-1.048819,-1.048819,-1.048819
51.184277,0.467082,-0.337426,-0.341792,0.425652,-1.105658,-1.105658,-1.105658,-1.105658
51.194805,0.459851,-0.341671,-0.345174,0.417810,-1.168836,-1.168836,-1.168836,-1.168836
51.204277,0.452733,-0.345993,-0.348561,0.409921,-1.225653,-1.225653,-1.225653,-1.225653
51.214806,0.445689,-0.350501,-0.351996,0.402026,-1.288844,-1.288844,-1.288844,-1.288844
51.224277,0.438853,-0.355137,-0.355680,0.394024,-1.345654,-1.345654,-1.345654,-1.345654
51.234821,0.432364,-0.359800,-0.359390,0.386348,-1.408932,-1.408932,-1.408932,-1.408932
51.244274,0.425921,-0.364780,-0.363387,0.379015,-1.465656,-1.465656,-1.465656,-1.465656
51.254822,0.418898,-0.370664,-0.368516,0.371435,-1.528928,-1.528928,-1.528928,-1.528928
51.264275,0.413278,-0.375660,-0.372745,0.365063,-1.585646,-1.585646,-1.585646,-1.585646
51.274799,0.407533,-0.381417,-0.377546,0.358270,-1.648805,-1.648805,-1.648805,-1.648805
51.284279,0.402553,-0.386763,-0.381700,0.352278,-1.705666,-1.705666,-1.705666,-1.705666
51.294823,0.397733,-0.392269,-0.385946,0.346673,-1.768932,-1.768932,-1.768932,-1.768932
51.304276,0.393113,-0.397760,-0.390306,0.341195,-1.825649,-1.825649,-1.825649,-1.825649
51.314804,0.389015,-0.403043,-0.394100,0.336281,-1.888815,-1.888815,-1.888815,-1.888815
51.324276,0.384583,-0.408673,-0.398434,0.330901,-1.945653,-1.945653,-1.945653,-1.945653
51.334801,0.380744,-0.413738,-0.401973,0.326345,-2.008800,-2.008800,-2.008800,-2.008800
51.344273,0.376058,-0.419371,-0.406601,0.320962,-2.065641,-2.065641,-2.065641,-2.065641
51.354801,0.372640,-0.424094,-0.409819,0.316717,-2.128797,-2.128797,-2.128797,-2.128797
51.364273,0.369442,-0.428648,-0.412793,0.312606,-2.185641,-2.185641,-2.185641,-2.185641
51.374798,0.366331,-0.432865,-0.415772,0.308647,-2.248792,-2.248792,-2.248792,-2.248792
51.384220,0.363231,-0.437109,-0.418535,0.304950,-2.305326,-2.305326,-2.305326,-2.305326
51.394745,0.359299,-0.442187,-0.422481,0.300277,-2.368474,-2.368474,-2.368474,-2.368474
51.405228,0.356668,-0.446184,-0.424924,0.296937,-2.431364,-2.431364,-2.431364,-2.431364
51.414684,0.354167,-0.449926,-0.427237,0.293553,-2.488113,-2.488113,-2.488113,-2.488113
51.425224,0.350686,-0.454487,-0.430489,0.289476,-2.551354,-2.551354,-2.551354,-2.551354
51.434734,0.358858,-0.448491,-0.422354,0.296406,-2.608416,-2.608416,-2.608416,-2.608416
51.444172,0.355671,-0.453067,-0.425494,0.292428,-2.665024,-2.665024,-2.665024,-2.665024
51.454674,0.362609,-0.447724,-0.418662,0.298638,-2.728045,-2.728045,-2.728045,-2.728045
51.465172,0.359827,-0.451710,-0.421508,0.295386,-2.791019,-2.791019,-2.791019,-2.791019
51.474689,0.356940,-0.455784,-0.424503,0.292062,-2.848128,-2.848128,-2.848128,-2.848128
51.484177,0.354593,-0.459284,-0.426880,0.288977,-2.905065,-2.905065,-2.905065,-2.905065
51.494732,0.352381,-0.462677,-0.429010,0.285989,-2.968390,-2.968390,-2.968390,-2.968390
51.505238,0.368569,-0.465918,-0.430921,0.283201,-3.000000,-3.000000,-3.000000,-3.000000
51.514755,0.384289,-0.469127,-0.432812,0.280544,-3.000000,-3.000000,-3.000000,-3.000000
51.524227,0.399374,-0.472080,-0.434667,0.295816,-3.000000,-3.000000,-3.000000,-3.000000
51.534775,0.406751,-0.466213,-0.427336,0.303956,-3.000000,-3.000000,-3.000000,-3.000000
51.544224,0.419499,-0.470513,-0.431019,0.317634,-3.000000,-3.000000,-3.000000,-3.000000
51.554779,0.432578,-0.474009,-0.433917,0.331254,-3.000000,-3.000000,-3.000000,-3.000000
51.564274,0.446543,-0.477430,-0.436565,0.344889,-3.000000,-3.000000,-3.000000,-3.000000
51.574829,0.459298,-0.480410,-0.438607,0.358112,-3.000000,-3.000000,-3.000000,-3.000000
51.584282,0.471368,-0.483642,-0.441147,0.370946,-3.000000,-3.000000,-3.000000,-3.000000
51.594826,0.483577,-0.488071,-0.445700,0.382769,-3.000000,-3.000000,-3.000000,-3.000000
51.604336,0.495284,-0.490622,-0.448147,0.394473,-3.000000,-3.000000,-3.000000,-3.000000
51.614872,0.505771,-0.493733,-0.451260,0.405805,-3.000000,-3.000000,-3.000000,-3.000000
51.624290,0.515165,-0.497033,-0.454825,0.416505,-3.000000,-3.000000,-3.000000,-3.000000
51.634811,0.523901,-0.500277,-0.458478,0.426432,-3.000000,-3.000000,-3.000000,-3.000000
51.644276,0.532984,-0.504789,-0.463220,0.436258,-3.000000,-3.000000,-3.000000,-3.000000
51.654819,0.542093,-0.507930,-0.466244,0.445934,-3.000000,-3.000000,-3.000000,-3.000000
51.664276,0.550832,-0.510848,-0.469050,0.455191,-3.000000,-3.000000,-3.000000,-3.000000
51.674820,0.559955,-0.513627,-0.471969,0.464310,-3.000000,-3.000000,-3.000000,-3.000000
51.684277,0.568256,-0.516516,-0.474801,0.473155,-3.000000,-3.000000,-3.000000,-3.000000
51.694832,0.575711,-0.519451,-0.477903,0.481536,-3.000000,-3.000000,-3.000000,-3.000000
51.704346,0.583968,-0.523509,-0.482594,0.490184,-3.000000,-3.000000,-3.000000,-3.000000
51.714901,0.590918,-0.526055,-0.485462,0.497995,-3.000000,-3.000000,-3.000000,-3.000000
51.724392,0.597017,-0.528809,-0.488856,0.505274,-3.000000,-3.000000,-3.000000,-3.000000
51.734947,0.603459,-0.531364,-0.492188,0.512427,-3.000000,-3.000000,-3.000000,-3.000000
51.744438,0.610212,-0.534324,-0.495306,0.519665,-3.000000,-3.000000,-3.000000,-3.000000
51.754982,0.617318,-0.537774,-0.499279,0.527101,-3.000000,-3.000000,-3.000000,-3.000000
51.764435,0.623213,-0.540257,-0.502063,0.533774,-3.000000,-3.000000,-3.000000,-3.000000
51.774979,0.628384,-0.543007,-0.505041,0.539591,-3.000000,-3.000000,-3.000000,-3.000000
51.784431,0.632956,-0.545583,-0.507845,0.545573,-3.000000,-3.000000,-3.000000,-3.000000
51.794960,0.637485,-0.547561,-0.510107,0.551825,-3.000000,-3.000000,-3.000000,-3.000000
51.804428,0.642432,-0.549478,-0.512534,0.557871,-3.000000,-3.000000,-3.000000,-3.000000
51.814960,0.648702,-0.553243,-0.516198,0.564481,-3.000000,-3.000000,-3.000000,-3.000000
51.824402,0.655210,-0.556171,-0.518251,0.569811,-3.000000,-3.000000,-3.000000,-3.000000
51.834934,0.661832,-0.559696,-0.520000,0.576403,-3.000000,-3.000000,-3.000000,-3.000000
51.844429,0.666418,-0.561452,-0.521427,0.582079,-3.000000,-3.000000,-3.000000,-3.000000
51.854977,0.671362,-0.562951,-0.523388,0.587796,-3.000000,-3.000000,-3.000000,-3.000000
51.864441,0.676234,-0.564437,-0.525647,0.593152,-3.000000,-3.000000,-3.000000,-3.000000
51.874989,0.680587,-0.566270,-0.528067,0.598256,-3.000000,-3.000000,-3.000000,-3.000000
51.884438,0.684707,-0.568288,-0.530941,0.602906,-3.000000,-3.000000,-3.000000,-3.000000
51.894985,0.687880,-0.570480,-0.533299,0.607185,-3.000000,-3.000000,-3.000000,-3.000000
51.904419,0.691077,-0.572719,-0.535650,0.611198,-3.000000,-3.000000,-3.000000,-3.000000
51.914940,0.693946,-0.574285,-0.537486,0.615262,-3.000000,-3.000000,-3.000000,-3.000000
51.924435,0.697948,-0.576787,-0.540570,0.620392,-3.000000,-3.000000,-3.000000,-3.000000
51.934956,0.701775,-0.580072,-0.543573,0.624388,-3.000000,-3.000000,-3.000000,-3.000000
51.944447,0.705406,-0.581824,-0.545691,0.628456,-3.000000,-3.000000,-3.000000,-3.000000
51.954998,0.709511,-0.582841,-0.547308,0.632723,-3.000000,-3.000000,-3.000000,-3.000000
51.964493,0.713088,-0.584115,-0.549338,0.636673,-3.000000,-3.000000,-3.000000,-3.000000
51.975044,0.716352,-0.585384,-0.551522,0.640351,-3.000000,-3.000000,-3.000000,-3.000000
51.984550,0.720590,-0.588114,-0.555043,0.644993,-3.000000,-3.000000,-3.000000,-3.000000
51.995068,0.722826,-0.589945,-0.557431,0.648101,-3.000000,-3.000000,-3.000000,-3.000000
52.004536,0.724578,-0.591913,-0.559966,0.650857,-3.000000,-3.000000,-3.000000,-3.000000
52.015076,0.726784,-0.593141,-0.561841,0.654130,-3.000000,-3.000000,-3.000000,-3.000000
52.024635,0.728558,-0.594181,-0.563243,0.648261,-3.000000,-3.000000,-3.000000,-3.000000
52.035172,0.731688,-0.596926,-0.566089,0.652560,-3.000000,-3.000000,-3.000000,-3.000000
52.044693,0.726979,-0.590908,-0.559102,0.646863,-3.000000,-3.000000,-3.000000,-3.000000
52.055222,0.730899,-0.593588,-0.559614,0.650645,-3.000000,-3.000000,-3.000000,-3.000000
52.064735,0.724613,-0.585268,-0.550249,0.645540,-3.000000,-3.000000,-3.000000,-3.000000
52.074223,0.727996,-0.586341,-0.551957,0.649686,-3.000000,-3.000000,-3.000000,-3.000000
52.084774,0.721396,-0.578084,-0.545032,0.644165,-3.000000,-3.000000,-3.000000,-3.000000
52.094234,0.723886,-0.580072,-0.547923,0.647640,-3.000000,-3.000000,-3.000000,-3.000000
52.104763,0.727226,-0.583251,-0.551679,0.651904,-3.000000,-3.000000,-3.000000,-3.000000
52.114231,0.728354,-0.585327,-0.554099,0.654419,-3.000000,-3.000000,-3.000000,-3.000000
52.124790,0.729626,-0.586687,-0.555851,0.657481,-3.000000,-3.000000,-3.000000,-3.000000
52.134281,0.732804,-0.589952,-0.559212,0.661714,-3.000000,-3.000000,-3.000000,-3.000000
52.144863,0.734921,-0.591923,-0.561166,0.664851,-3.000000,-3.000000,-3.000000,-3.000000
52.154339,0.738003,-0.594592,-0.563194,0.668159,-3.000000,-3.000000,-3.000000,-3.000000
52.164886,0.741818,-0.596980,-0.564834,0.671058,-3.000000,-3.000000,-3.000000,-3.000000
52.174377,0.744416,-0.598322,-0.565296,0.674400,-3.000000,-3.000000,-3.000000,-3.000000
52.184921,0.747855,-0.601285,-0.568179,0.678656,-3.000000,-3.000000,-3.000000,-3.000000
52.194386,0.750505,-0.601968,-0.569483,0.681550,-3.000000,-3.000000,-3.000000,-3.000000
52.204929,0.753032,-0.602839,-0.570635,0.684569,-3.000000,-3.000000,-3.000000,-3.000000
52.214386,0.754942,-0.604224,-0.572387,0.687294,-3.000000,-3.000000,-3.000000,-3.000000
52.224930,0.756451,-0.605218,-0.574065,0.689644,-3.000000,-3.000000,-3.000000,-3.000000
52.234383,0.758970,-0.607374,-0.576882,0.693125,-3.000000,-3.000000,-3.000000,-3.000000
52.244930,0.760666,-0.609104,-0.578925,0.695286,-3.000000,-3.000000,-3.000000,-3.000000
52.254337,0.762414,-0.610885,-0.580549,0.697465,-3.000000,-3.000000,-3.000000,-3.000000
52.264885,0.765682,-0.613852,-0.583541,0.700687,-3.000000,-3.000000,-3.000000,-3.000000
52.274330,0.768343,-0.615702,-0.584717,0.703263,-3.000000,-3.000000,-3.000000,-3.000000
52.284874,0.769907,-0.617422,-0.586303,0.705510,-3.000000,-3.000000,-3.000000,-3.000000
52.294331,0.772628,-0.619401,-0.589254,0.708698,-3.000000,-3.000000,-3.000000,-3.000000
52.304897,0.773621,-0.620550,-0.590799,0.710805,-3.000000,-3.000000,-3.000000,-3.000000
52.314381,0.774965,-0.621899,-0.592686,0.712761,-3.000000,-3.000000,-3.000000,-3.000000
52.324921,0.778430,-0.624233,-0.595519,0.716172,-3.000000,-3.000000,-3.000000,-3.000000
52.334381,0.779570,-0.624711,-0.596115,0.718149,-3.000000,-3.000000,-3.000000,-3.000000
52.344929,0.780107,-0.625301,-0.597176,0.719707,-3.000000,-3.000000,-3.000000,-3.000000
52.354385,0.783017,-0.627994,-0.600364,0.722672,-3.000000,-3.000000,-3.000000,-3.000000
52.364937,0.783980,-0.629203,-0.601396,0.724122,-3.000000,-3.000000,-3.000000,-3.000000
52.374432,0.785041,-0.630989,-0.602461,0.725387,-3.000000,-3.000000,-3.000000,-3.000000
52.384941,0.788162,-0.634401,-0.605019,0.727988,-3.000000,-3.000000,-3.000000,-3.000000
52.394436,0.789102,-0.635452,-0.605548,0.729820,-3.000000,-3.000000,-3.000000,-3.000000
52.404980,0.790465,-0.636527,-0.607041,0.731745,-3.000000,-3.000000,-3.000000,-3.000000
52.414436,0.791863,-0.636919,-0.607956,0.733506,-3.000000,-3.000000,-3.000000,-3.000000
52.424988,0.793221,-0.637445,-0.609172,0.734925,-3.000000,-3.000000,-3.000000,-3.000000
52.434437,0.795907,-0.639568,-0.611744,0.737708,-3.000000,-3.000000,-3.000000,-3.000000
52.444973,0.796495,-0.640333,-0.612656,0.738833,-3.000000,-3.000000,-3.000000,-3.000000
52.454411,0.796788,-0.640903,-0.613450,0.739848,-3.000000,-3.000000,-3.000000,-3.000000
52.464985,0.796792,-0.641105,-0.613850,0.741196,-3.000000,-3.000000,-3.000000,-3.000000
52.474442,0.797982,-0.642299,-0.615039,0.742529,-3.000000,-3.000000,-3.000000,-3.000000
52.484985,0.799323,-0.642970,-0.615597,0.743946,-3.000000,-3.000000,-3.000000,-3.000000
52.494442,0.800192,-0.643762,-0.616256,0.745456,-3.000000,-3.000000,-3.000000,-3.000000
52.505001,0.801425,-0.645046,-0.617881,0.746596,-2.969984,-2.969984,-2.969984,-2.969984
52.514496,0.802840,-0.645502,-0.618658,0.747754,-2.913029,-2.913029,-2.913029,-2.913029
52.525036,0.805215,-0.647961,-0.620931,0.750496,-2.849786,-2.849786,-2.849786,-2.849786
52.534466,0.806472,-0.647969,-0.621454,0.751484,-2.793206,-2.793206,-2.793206,-2.793206
52.545010,0.807859,-0.647892,-0.621687,0.752666,-2.729937,-2.729937,-2.729937,-2.729937
52.554447,0.808700,-0.648292,-0.622338,0.753911,-2.673322,-2.673322,-2.673322,-2.673322
52.565006,0.808680,-0.648606,-0.622736,0.754980,-2.609955,-2.609955,-2.609955,-2.609955
52.574444,0.808469,-0.648994,-0.623449,0.755710,-2.553334,-2.553334,-2.553334,-2.553334
52.584984,0.808894,-0.650190,-0.624472,0.756736,-2.490093,-2.490093,-2.490093,-2.490093
52.594448,0.811120,-0.652831,-0.626625,0.759378,-2.433322,-2.433322,-2.433322,-2.433322
52.605000,0.812553,-0.652915,-0.626900,0.760554,-2.369993,-2.369993,-2.369993,-2.369993
52.614429,0.814556,-0.653346,-0.627103,0.761789,-2.313421,-2.313421,-2.313421,-2.313421
52.624958,0.815998,-0.653865,-0.626959,0.762843,-2.250256,-2.250256,-2.250256,-2.250256
52.634430,0.816448,-0.654388,-0.627118,0.763957,-2.193430,-2.193430,-2.193430,-2.193430
52.644958,0.817175,-0.654813,-0.627800,0.746388,-2.130250,-2.130250,-2.130250,-2.130250
52.654430,0.799183,-0.655258,-0.628442,0.729496,-2.073420,-2.073420,-2.073420,-2.073420
52.664959,0.782934,-0.657271,-0.630693,0.713974,-2.010255,-2.010255,-2.010255,-2.010255
52.674404,0.766975,-0.657271,-0.630802,0.698553,-1.953580,-1.953580,-1.953580,-1.953580
52.684940,0.751876,-0.657090,-0.630373,0.683768,-1.890369,-1.890369,-1.890369,-1.890369
52.694382,0.737032,-0.657396,-0.630453,0.669103,-1.833714,-1.833714,-1.833714,-1.833714
52.704929,0.722783,-0.657565,-0.630259,0.655138,-1.770419,-1.770419,-1.770419,-1.770419
52.714382,0.708718,-0.657697,-0.630133,0.641339,-1.713704,-1.713704,-1.713704,-1.713704
52.724922,0.695099,-0.658085,-0.630090,0.628087,-1.650474,-1.650474,-1.650474,-1.650474
52.734337,0.682809,-0.659518,-0.631230,0.616162,-1.593975,-1.593975,-1.593975,-1.593975
52.744862,0.671293,-0.658779,-0.630299,0.604671,-1.530827,-1.530827,-1.530827,-1.530827
52.754330,0.660329,-0.659271,-0.630601,0.593548,-1.474012,-1.474012,-1.474012,-1.474012
52.764877,0.649424,-0.658014,-0.628864,0.582740,-1.410737,-1.410737,-1.410737,-1.410737
52.774330,0.638889,-0.656151,-0.626839,0.572054,-1.354016,-1.354016,-1.354016,-1.354016
52.784885,0.628849,-0.653925,-0.624416,0.561671,-1.290693,-1.290693,-1.290693,-1.290693
52.794395,0.619301,-0.651303,-0.621288,0.551983,-1.233629,-1.233629,-1.233629,-1.233629
52.804947,0.610254,-0.648371,-0.617747,0.542765,-1.170328,-1.170328,-1.170328,-1.170328
52.814434,0.601383,-0.645294,-0.614214,0.533508,-1.113391,-1.113391,-1.113391,-1.113391
52.824978,0.592783,-0.641733,-0.610363,0.524616,-1.050132,-1.050132,-1.050132,-1.050132
52.834435,0.584064,-0.639426,-0.608190,0.515555,-0.993401,-0.993401,-0.993401,-0.993401
52.844963,0.575403,-0.635757,-0.604244,0.506679,-0.930223,-0.930223,-0.930223,-0.930223
52.854431,0.567019,-0.631715,-0.600015,0.498091,-0.873403,-0.873403,-0.873403,-0.873403
52.864964,0.559111,-0.628488,-0.596502,0.490027,-0.810218,-0.810218,-0.810218,-0.810218
52.874432,0.551902,-0.623405,-0.590926,0.482921,-0.753402,-0.753402,-0.753402,-0.753402
52.884968,0.544621,-0.622578,-0.590000,0.475826,-0.690190,-0.690190,-0.690190,-0.690190
52.894432,0.538478,-0.617022,-0.583926,0.469828,-0.633413,-0.633413,-0.633413,-0.633413
52.904964,0.533258,-0.611155,-0.577652,0.464480,-0.570208,-0.570208,-0.570208,-0.570208
52.914433,0.527795,-0.608475,-0.574885,0.459057,-0.513398,-0.513398,-0.513398,-0.513398
52.924961,0.523444,-0.602381,-0.568241,0.454722,-0.450232,-0.450232,-0.450232,-0.450232
52.934433,0.519693,-0.595954,-0.561410,0.450894,-0.393410,-0.393410,-0.393410,-0.393410
52.944973,0.515294,-0.591717,-0.557183,0.446786,-0.330168,-0.330168,-0.330168,-0.330168
52.954430,0.511315,-0.585220,-0.550635,0.443300,-0.273424,-0.273424,-0.273424,-0.273424
52.964954,0.508634,-0.577914,-0.543489,0.440615,-0.210277,-0.210277,-0.210277,-0.210277
52.974388,0.506387,-0.570102,-0.535627,0.438444,-0.153660,-0.153660,-0.153660,-0.153660
52.984921,0.504517,-0.561883,-0.527529,0.436551,-0.090472,-0.090472,-0.090472,-0.090472
52.994381,0.502396,-0.553973,-0.520220,0.431460,-0.033721,-0.033721,-0.033721,-0.033721
53.004910,0.501161,-0.545010,-0.511177,0.430337,0.029452,0.029452,0.029452,0.029452
53.014381,0.500126,-0.533940,-0.502115,0.429326,0.086278,0.086278,0.086278,0.086278
53.024956,0.499870,-0.522825,-0.489679,0.428820,0.149725,0.149725,0.149725,0.149725
53.034431,0.499733,-0.513368,-0.476586,0.428625,0.206596,0.206596,0.206596,0.206596
53.044968,0.498873,-0.503613,-0.467284,0.428187,0.269801,0.269801,0.269801,0.269801
53.054432,0.497817,-0.493943,-0.458382,0.427639,0.326601,0.326601,0.326601,0.326601
53.064972,0.494838,-0.483478,-0.448082,0.426624,0.389823,0.389823,0.389823,0.389823
53.074444,0.492859,-0.475679,-0.440702,0.425942,0.446660,0.446660,0.446660,0.446660
53.084972,0.495197,-0.467971,-0.432878,0.427943,0.509845,0.509845,0.509845,0.509845
53.094391,0.496932,-0.459659,-0.424414,0.432536,0.566349,0.566349,0.566349,0.566349
53.104935,0.498204,-0.450656,-0.415222,0.434924,0.629606,0.629606,0.629606,0.629606
53.114380,0.500394,-0.442321,-0.407103,0.438249,0.686289,0.686289,0.686289,0.686289
53.124924,0.502379,-0.433486,-0.398813,0.440565,0.749546,0.749546,0.749546,0.749546
53.134377,0.503984,-0.424995,-0.391073,0.442623,0.806270,0.806270,0.806270,0.806270
53.144905,0.505702,-0.416573,-0.383425,0.444901,0.869423,0.869423,0.869423,0.869423
53.154381,0.508223,-0.407741,-0.374991,0.447944,0.926294,0.926294,0.926294,0.926294
53.164906,0.513134,-0.399126,-0.366616,0.453727,0.989439,0.989439,0.989439,0.989439
53.174381,0.515585,-0.390473,-0.358355,0.456705,1.046291,1.046291,1.046291,1.046291
53.184860,0.518069,-0.381744,-0.350319,0.459806,1.109162,1.109162,1.109162,1.109162
53.194275,0.520647,-0.373021,-0.342430,0.462896,1.165653,1.165653,1.165653,1.165653
53.204823,0.523238,-0.364302,-0.334636,0.466040,1.228937,1.228937,1.228937,1.228937
53.214287,0.525922,-0.355592,-0.326925,0.469234,1.285717,1.285717,1.285717,1.285717
53.224823,0.528651,-0.346846,-0.319131,0.472474,1.348929,1.348929,1.348929,1.348929
53.234280,0.532013,-0.337973,-0.311007,0.476409,1.405667,1.405667,1.405667,1.405667
53.244808,0.534487,-0.329701,-0.303770,0.479623,1.468859,1.468859,1.468859,1.468859
53.254272,0.536902,-0.321731,-0.296946,0.482946,1.525645,1.525645,1.525645,1.525645
53.264805,0.540035,-0.313768,-0.290075,0.486748,1.588835,1.588835,1.588835,1.588835
53.274281,0.543350,-0.306275,-0.283548,0.490575,1.645675,1.645675,1.645675,1.645675
53.284859,0.547221,-0.298467,-0.276482,0.494658,1.709157,1.709157,1.709157,1.709157
53.294285,0.551592,-0.290848,-0.269208,0.499251,1.765718,1.765718,1.765718,1.765718
53.304840,0.556238,-0.283579,-0.262333,0.504343,1.829038,1.829038,1.829038,1.829038
53.314278,0.559863,-0.277109,-0.256710,0.508653,1.885661,1.885661,1.885661,1.885661
53.324829,0.563577,-0.270744,-0.251314,0.513017,1.948978,1.948978,1.948978,1.948978
53.334282,0.567389,-0.264714,-0.246258,0.517134,2.005702,2.005702,2.005702,2.005702
53.344822,0.570775,-0.258990,-0.241368,0.521055,2.068933,2.068933,2.068933,2.068933
53.354286,0.575038,-0.252786,-0.235879,0.525708,2.125715,2.125715,2.125715,2.125715
53.364830,0.578028,-0.247560,-0.231413,0.529167,2.188977,2.188977,2.188977,2.188977
53.374275,0.581958,-0.241619,-0.226097,0.533523,2.245649,2.245649,2.245649,2.245649
53.384800,0.584649,-0.236616,-0.222004,0.536576,2.308794,2.308794,2.308794,2.308794
53.394276,0.587192,-0.231662,-0.218057,0.539478,2.365662,2.365662,2.365662,2.365662
53.404808,0.589415,-0.226846,-0.214236,0.542240,2.428847,2.428847,2.428847,2.428847
53.414276,0.591522,-0.222320,-0.210653,0.544934,2.485660,2.485660,2.485660,2.485660
53.424805,0.594913,-0.217020,-0.206187,0.548647,2.548835,2.548835,2.548835,2.548835
53.434284,0.596869,-0.212830,-0.202896,0.551083,2.605715,2.605715,2.605715,2.605715
53.444817,0.598707,-0.208574,-0.199805,0.553281,2.668896,2.668896,2.668896,2.668896
53.454288,0.600308,-0.204491,-0.196813,0.555418,2.725723,2.725723,2.725723,2.725723
53.464828,0.601681,-0.200610,-0.193954,0.557357,2.788981,2.788981,2.788981,2.788981
53.474277,0.604289,-0.195909,-0.189996,0.560525,2.845661,2.845661,2.845661,2.845661
53.484821,0.605351,-0.192418,-0.187469,0.562308,2.908921,2.908921,2.908921,2.908921
53.494282,0.606414,-0.189016,-0.185065,0.563953,2.965682,2.965682,2.965682,2.965682
53.504871,0.607314,-0.185762,-0.182646,0.565509,3.000000,3.000000,3.000000,3.000000
53.514328,0.608431,-0.182375,-0.180038,0.567042,3.000000,3.000000,3.000000,3.000000
53.524864,0.611227,-0.177756,-0.175951,0.570143,3.000000,3.000000,3.000000,3.000000
53.534325,0.611709,-0.193385,-0.192430,0.571466,3.000000,3.000000,3.000000,3.000000
53.544865,0.612498,-0.207763,-0.207717,0.572744,3.000000,3.000000,3.000000,3.000000
53.554329,0.613739,-0.221065,-0.221504,0.574311,3.000000,3.000000,3.000000,3.000000
53.564884,0.614725,-0.234398,-0.235151,0.575851,3.000000,3.000000,3.000000,3.000000
53.574383,0.615618,-0.247829,-0.248957,0.577497,3.000000,3.000000,3.000000,3.000000
53.584930,0.616434,-0.260471,-0.261885,0.579128,3.000000,3.000000,3.000000,3.000000
53.594387,0.618420,-0.272526,-0.273993,0.582028,3.000000,3.000000,3.000000,3.000000
53.604939,0.618793,-0.284716,-0.286079,0.583529,3.000000,3.000000,3.000000,3.000000
53.614429,0.620178,-0.296330,-0.297576,0.585353,3.000000,3.000000,3.000000,3.000000
53.624977,0.623369,-0.307293,-0.308311,0.588124,3.000000,3.000000,3.000000,3.000000
53.634434,0.627224,-0.317827,-0.318415,0.591497,3.000000,3.000000,3.000000,3.000000
53.644978,0.630020,-0.327506,-0.328183,0.593873,3.000000,3.000000,3.000000,3.000000
53.654438,0.632540,-0.337084,-0.337850,0.596265,3.000000,3.000000,3.000000,3.000000
53.664993,0.636262,-0.346439,-0.347832,0.599774,3.000000,3.000000,3.000000,3.000000
53.674438,0.638293,-0.355766,-0.357573,0.602080,3.000000,3.000000,3.000000,3.000000
53.684986,0.639705,-0.364943,-0.367189,0.604106,3.000000,3.000000,3.000000,3.000000
53.694485,0.641833,-0.373718,-0.376449,0.606290,3.000000,3.000000,3.000000,3.000000
53.705017,0.644569,-0.382397,-0.385150,0.608779,3.000000,3.000000,3.000000,3.000000
53.714493,0.648464,-0.390657,-0.393429,0.612415,3.000000,3.000000,3.000000,3.000000
53.725044,0.651936,-0.398436,-0.400977,0.615304,3.000000,3.000000,3.000000,3.000000
53.734535,0.654814,-0.405814,-0.408065,0.618006,3.000000,3.000000,3.000000,3.000000
53.745010,0.658017,-0.413208,-0.415197,0.620738,3.000000,3.000000,3.000000,3.000000
53.754490,0.662216,-0.419975,-0.421668,0.623581,3.000000,3.000000,3.000000,3.000000
53.765038,0.666642,-0.426731,-0.428256,0.627348,3.000000,3.000000,3.000000,3.000000
53.774483,0.669271,-0.433119,-0.434845,0.630058,3.000000,3.000000,3.000000,3.000000
53.784988,0.671193,-0.439511,-0.441770,0.632353,3.000000,3.000000,3.000000,3.000000
53.794445,0.673756,-0.445667,-0.448382,0.634671,3.000000,3.000000,3.000000,3.000000
53.804958,0.676876,-0.451836,-0.454494,0.637199,3.000000,3.000000,3.000000,3.000000
53.814430,0.680484,-0.458673,-0.460938,0.640848,3.000000,3.000000,3.000000,3.000000
53.824944,0.682945,-0.464244,-0.466237,0.643081,3.000000,3.000000,3.000000,3.000000
53.834435,0.687639,-0.470109,-0.471635,0.647455,3.000000,3.000000,3.000000,3.000000
53.844975,0.691176,-0.474807,-0.476325,0.650122,3.000000,3.000000,3.000000,3.000000
53.854431,0.695406,-0.479704,-0.481096,0.653333,3.000000,3.000000,3.000000,3.000000
53.864971,0.700131,-0.484235,-0.485277,0.656796,3.000000,3.000000,3.000000,3.000000
53.874432,0.703406,-0.488596,-0.489299,0.659435,3.000000,3.000000,3.000000,3.000000
53.884956,0.707391,-0.494011,-0.494702,0.663282,3.000000,3.000000,3.000000,3.000000
53.894436,0.709671,-0.498490,-0.499309,0.665491,3.000000,3.000000,3.000000,3.000000
53.904972,0.711368,-0.503185,-0.503847,0.667634,3.000000,3.000000,3.000000,3.000000
53.914433,0.713504,-0.507598,-0.508341,0.669786,3.000000,3.000000,3.000000,3.000000
53.924976,0.715539,-0.511500,-0.512283,0.671895,3.000000,3.000000,3.000000,3.000000
53.934429,0.717563,-0.515618,-0.516140,0.674114,3.000000,3.000000,3.000000,3.000000
53.944969,0.720512,-0.520328,-0.520566,0.676308,3.000000,3.000000,3.000000,3.000000
53.954430,0.724734,-0.525464,-0.525248,0.679825,3.000000,3.000000,3.000000,3.000000
53.964970,0.727136,-0.529337,-0.528422,0.682132,3.000000,3.000000,3.000000,3.000000
53.974438,0.731014,-0.535125,-0.533165,0.685577,3.000000,3.000000,3.000000,3.000000
53.984982,0.732629,-0.539186,-0.535906,0.687098,3.000000,3.000000,3.000000,3.000000
53.994431,0.734902,-0.541655,-0.537773,0.689518,3.000000,3.000000,3.000000,3.000000
54.004978,0.737439,-0.544722,-0.540465,0.691996,3.000000,3.000000,3.000000,3.000000
54.014484,0.739723,-0.547916,-0.543586,0.694270,3.000000,3.000000,3.000000,3.000000
54.025085,0.743103,-0.552290,-0.547844,0.697780,3.000000,3.000000,3.000000,3.000000
54.034534,0.745320,-0.555047,-0.550691,0.699838,3.000000,3.000000,3.000000,3.000000
54.045071,0.747210,-0.556929,-0.552922,0.701583,3.000000,3.000000,3.000000,3.000000
54.054550,0.748251,-0.558863,-0.554869,0.703173,3.000000,3.000000,3.000000,3.000000
54.065098,0.748684,-0.561658,-0.557283,0.704638,3.000000,3.000000,3.000000,3.000000
54.074596,0.739323,-0.555404,-0.550407,0.696589,3.000000,3.000000,3.000000,3.000000
54.085117,0.741646,-0.559804,-0.554029,0.699779,3.000000,3.000000,3.000000,3.000000
54.094604,0.734814,-0.554892,-0.547781,0.692340,3.000000,3.000000,3.000000,3.000000
54.105122,0.737218,-0.558376,-0.550039,0.694416,3.000000,3.000000,3.000000,3.000000
54.114616,0.739487,-0.560846,-0.551985,0.696507,3.000000,3.000000,3.000000,3.000000
54.125118,0.742155,-0.563462,-0.554217,0.698890,3.000000,3.000000,3.000000,3.000000
54.134624,0.744713,-0.566568,-0.556766,0.701280,3.000000,3.000000,3.000000,3.000000
54.145172,0.747135,-0.568837,-0.559282,0.703355,3.000000,3.000000,3.000000,3.000000
54.154671,0.739860,-0.562114,-0.552416,0.696224,3.000000,3.000000,3.000000,3.000000
54.165176,0.742069,-0.564739,-0.554935,0.698606,3.000000,3.000000,3.000000,3.000000
54.174698,0.736533,-0.557773,-0.547914,0.692737,3.000000,3.000000,3.000000,3.000000
54.185184,0.739887,-0.560231,-0.550403,0.695546,3.000000,3.000000,3.000000,3.000000
54.194695,0.733222,-0.554130,-0.544240,0.688203,3.000000,3.000000,3.000000,3.000000
54.204174,0.737771,-0.559296,-0.548868,0.691760,3.000000,3.000000,3.000000,3.000000
54.214703,0.730996,-0.552748,-0.541452,0.684975,3.000000,3.000000,3.000000,3.000000
54.224171,0.733657,-0.555241,-0.543945,0.687514,3.000000,3.000000,3.000000,3.000000
54.234722,0.736122,-0.558208,-0.546739,0.690143,3.000000,3.000000,3.000000,3.000000
54.244221,0.738998,-0.560896,-0.549727,0.692630,3.000000,3.000000,3.000000,3.000000
54.254757,0.741360,-0.563529,-0.552458,0.694890,3.000000,3.000000,3.000000,3.000000
54.264221,0.742943,-0.566594,-0.555162,0.696925,3.000000,3.000000,3.000000,3.000000
54.274769,0.744233,-0.569136,-0.557824,0.698778,3.000000,3.000000,3.000000,3.000000
54.284229,0.746138,-0.571757,-0.560248,0.700965,3.000000,3.000000,3.000000,3.000000
54.294773,0.749748,-0.576402,-0.564365,0.704504,3.000000,3.000000,3.000000,3.000000
54.304230,0.752294,-0.579101,-0.566282,0.706954,3.000000,3.000000,3.000000,3.000000
54.314777,0.756149,-0.582756,-0.569240,0.710843,3.000000,3.000000,3.000000,3.000000
54.324230,0.759946,-0.585397,-0.570122,0.712935,3.000000,3.000000,3.000000,3.000000
54.334774,0.763007,-0.587576,-0.570144,0.715128,3.000000,3.000000,3.000000,3.000000
54.344227,0.765259,-0.589457,-0.571100,0.717818,3.000000,3.000000,3.000000,3.000000
54.354771,0.767299,-0.591122,-0.573017,0.719899,3.000000,3.000000,3.000000,3.000000
54.364193,0.770547,-0.594049,-0.576370,0.723037,3.000000,3.000000,3.000000,3.000000
54.374744,0.772051,-0.596046,-0.578594,0.724657,3.000000,3.000000,3.000000,3.000000
54.384228,0.774239,-0.599391,-0.581844,0.727570,3.000000,3.000000,3.000000,3.000000
54.394772,0.774229,-0.600712,-0.583494,0.728751,3.000000,3.000000,3.000000,3.000000
54.404175,0.775080,-0.602650,-0.585496,0.730218,3.000000,3.000000,3.000000,3.000000
54.414722,0.776023,-0.604357,-0.587488,0.731329,3.000000,3.000000,3.000000,3.000000
54.425224,0.777880,-0.606903,-0.589522,0.732630,3.000000,3.000000,3.000000,3.000000
54.434727,0.780614,-0.609854,-0.590909,0.734340,3.000000,3.000000,3.000000,3.000000
54.444225,0.782365,-0.611186,-0.591514,0.736118,3.000000,3.000000,3.000000,3.000000
54.454765,0.774776,-0.603077,-0.583618,0.728666,3.000000,3.000000,3.000000,3.000000
54.464184,0.776132,-0.605016,-0.585838,0.730396,3.000000,3.000000,3.000000,3.000000
54.474735,0.777495,-0.606713,-0.588231,0.731767,3.000000,3.000000,3.000000,3.000000
54.484203,0.780271,-0.609933,-0.591390,0.734781,3.000000,3.000000,3.000000,3.000000
54.494751,0.781813,-0.611251,-0.592699,0.736542,3.000000,3.000000,3.000000,3.000000
54.504223,0.783328,-0.612097,-0.593600,0.738488,2.974657,2.974657,2.974657,2.974657
54.514759,0.786020,-0.615174,-0.596624,0.741430,2.911444,2.911444,2.911444,2.911444
54.524227,0.786864,-0.616789,-0.598219,0.742767,2.854640,2.854640,2.854640,2.854640
54.534775,0.788496,-0.618581,-0.599660,0.743760,2.791350,2.791350,2.791350,2.791350
54.544228,0.792429,-0.622100,-0.601958,0.746301,2.734645,2.734645,2.734645,2.734645
54.554729,0.793201,-0.623717,-0.602141,0.747763,2.671621,2.671621,2.671621,2.671621
54.564171,0.793928,-0.625246,-0.603454,0.749258,2.614978,2.614978,2.614978,2.614978
54.574711,0.795074,-0.626681,-0.605038,0.750733,2.551732,2.551732,2.551732,2.551732
54.584175,0.796480,-0.627683,-0.606555,0.751854,2.494945,2.494945,2.494945,2.494945
54.594738,0.799191,-0.630045,-0.609366,0.754410,2.431565,2.431565,2.431565,2.431565
54.604229,0.799466,-0.630886,-0.610399,0.755256,2.374636,2.374636,2.374636,2.374636
54.614784,0.798966,-0.631676,-0.611168,0.755883,2.311289,2.311289,2.311289,2.311289
54.624275,0.798796,-0.614156,-0.593500,0.757005,2.254344,2.254344,2.254344,2.254344
54.634823,0.799501,-0.597760,-0.576975,0.758225,2.191064,2.191064,2.191064,2.191064
54.644276,0.801576,-0.582955,-0.561881,0.760719,2.134345,2.134345,2.134345,2.134345
54.654781,0.802286,-0.568420,-0.547068,0.761169,2.071307,2.071307,2.071307,2.071307
54.664227,0.802858,-0.553581,-0.532257,0.761625,2.014639,2.014639,2.014639,2.014639
54.674751,0.805162,-0.539707,-0.518709,0.763575,1.951500,1.951500,1.951500,1.951500
54.684223,0.804959,-0.525930,-0.505613,0.763747,1.894661,1.894661,1.894661,1.894661
54.694782,0.806423,-0.513021,-0.493435,0.765320,1.831301,1.831301,1.831301,1.831301
54.704281,0.805952,-0.500370,-0.481500,0.765006,1.774313,1.774313,1.774313,1.774313
54.714790,0.805057,-0.487953,-0.469984,0.764559,1.711258,1.711258,1.711258,1.711258
54.724277,0.803470,-0.476117,-0.459265,0.763584,1.654332,1.654332,1.654332,1.654332
54.734829,0.801231,-0.464702,-0.448991,0.762149,1.591021,1.591021,1.591021,1.591021
54.744335,0.800951,-0.453513,-0.438961,0.762270,1.533992,1.533992,1.533992,1.533992
54.754890,0.797854,-0.443059,-0.429966,0.759534,1.470648,1.470648,1.470648,1.470648
54.764339,0.794496,-0.432553,-0.420821,0.756696,1.413954,1.413954,1.413954,1.413954
54.774910,0.790947,-0.422354,-0.411809,0.753737,1.350548,1.350548,1.350548,1.350548
54.784382,0.786829,-0.412667,-0.403392,0.750084,1.293717,1.293717,1.293717,1.293717
54.794933,0.784422,-0.403032,-0.394726,0.748114,1.230409,1.230409,1.230409,1.230409
54.804382,0.779576,-0.394079,-0.386888,0.743978,1.173708,1.173708,1.173708,1.173708
54.814949,0.774320,-0.385317,-0.379335,0.739449,1.110314,1.110314,1.110314,1.110314
54.824440,0.769041,-0.376760,-0.371948,0.734569,1.053351,1.053351,1.053351,1.053351
54.834991,0.762911,-0.368689,-0.365273,0.728972,0.990043,0.990043,0.990043,0.990043
54.844498,0.756316,-0.360840,-0.358815,0.723178,0.933021,0.933021,0.933021,0.933021
54.855038,0.750217,-0.353171,-0.352035,0.717860,0.869774,0.869774,0.869774,0.869774
54.864491,0.748398,-0.345844,-0.345636,0.716560,0.813054,0.813054,0.813054,0.813054
54.874992,0.741660,-0.339953,-0.340804,0.710152,0.750054,0.750054,0.750054,0.750054
54.884491,0.738363,-0.334053,-0.335756,0.707435,0.693063,0.693063,0.693063,0.693063
54.895042,0.730982,-0.329125,-0.331764,0.700527,0.629743,0.629743,0.629743,0.629743
54.904480,0.723899,-0.324579,-0.328017,0.693763,0.573116,0.573116,0.573116,0.573116
54.915016,0.716421,-0.320806,-0.325014,0.686554,0.509904,0.509904,0.509904,0.509904
54.924435,0.708706,-0.317305,-0.322311,0.679246,0.453392,0.453392,0.453392,0.453392
54.934925,0.702872,-0.313755,-0.319418,0.674091,0.390458,0.390458,0.390458,0.390458
54.944386,0.694376,-0.311324,-0.317614,0.666190,0.333698,0.333698,0.333698,0.333698
54.954884,0.685491,-0.309295,-0.316416,0.657825,0.270698,0.270698,0.270698,0.270698
54.964329,0.676561,-0.307448,-0.315377,0.649322,0.214017,0.214017,0.214017,0.214017
54.974873,0.667799,-0.305753,-0.314234,0.640664,0.150766,0.150766,0.150766,0.150766
54.984329,0.657190,-0.304560,-0.313560,0.632144,0.094031,0.094031,0.094031,0.094031
54.994877,0.645919,-0.303636,-0.313147,0.621010,0.030748,0.030748,0.030748,0.030748
55.004330,0.632426,-0.301022,-0.310785,0.607386,-0.025974,-0.025974,-0.025974,-0.025974
55.014866,0.622989,-0.301604,-0.311516,0.596013,-0.089205,-0.089205,-0.089205,-0.089205
55.024380,0.613739,-0.301753,-0.311741,0.586670,-0.146285,-0.146285,-0.146285,-0.146285
55.034927,0.604589,-0.301787,-0.312037,0.577339,-0.209562,-0.209562,-0.209562,-0.209562
55.044388,0.595276,-0.303007,-0.313424,0.568013,-0.266323,-0.266323,-0.266323,-0.266323
55.054928,0.585607,-0.305028,-0.315756,0.558509,-0.329577,-0.329577,-0.329577,-0.329577
55.064388,0.576007,-0.308996,-0.320747,0.548875,-0.386325,-0.386325,-0.386325,-0.386325
55.074921,0.567197,-0.310985,-0.321466,0.537010,-0.449532,-0.449532,-0.449532,-0.449532
55.084389,0.557481,-0.314126,-0.324642,0.527545,-0.506335,-0.506335,-0.506335,-0.506335
55.094925,0.548070,-0.317620,-0.328005,0.518112,-0.569546,-0.569546,-0.569546,-0.569546
55.104393,0.539129,-0.321400,-0.331624,0.508744,-0.626354,-0.626354,-0.626354,-0.626354
55.114933,0.530380,-0.325152,-0.335112,0.499596,-0.689592,-0.689592,-0.689592,-0.689592
55.124435,0.522419,-0.330527,-0.340127,0.491200,-0.746608,-0.746608,-0.746608,-0.746608
55.134945,0.514624,-0.333962,-0.343079,0.482670,-0.809666,-0.809666,-0.809666,-0.809666
55.144444,0.506826,-0.340336,-0.348920,0.474351,-0.866672,-0.866672,-0.866672,-0.866672
55.154987,0.498959,-0.344227,-0.352136,0.465865,-0.929927,-0.929927,-0.929927,-0.929927
55.164444,0.491225,-0.348330,-0.355576,0.457437,-0.986674,-0.986674,-0.986674,-0.986674
55.175011,0.483970,-0.352061,-0.358445,0.449382,-1.050060,-1.050060,-1.050060,-1.050060
55.184502,0.476984,-0.356007,-0.361332,0.441596,-1.107017,-1.107017,-1.107017,-1.107017
55.195072,0.469082,-0.360872,-0.365509,0.433180,-1.170427,-1.170427,-1.170427,-1.170427
55.204544,0.461797,-0.365314,-0.369331,0.424969,-1.227273,-1.227273,-1.227273,-1.227273
55.215069,0.454265,-0.369900,-0.373123,0.416638,-1.290412,-1.290412,-1.290412,-1.290412
55.224537,0.446822,-0.374751,-0.377228,0.408296,-1.347228,-1.347228,-1.347228,-1.347228
55.235081,0.439893,-0.379661,-0.381381,0.400507,-1.410492,-1.410492,-1.410492,-1.410492
55.244537,0.433548,-0.384755,-0.385520,0.392906,-1.467232,-1.467232,-1.467232,-1.467232
55.255085,0.427614,-0.389845,-0.389504,0.385827,-1.530505,-1.530505,-1.530505,-1.530505
55.264542,0.430402,-0.388077,-0.386146,0.387489,-1.587239,-1.587239,-1.587239,-1.587239
55.275082,0.424621,-0.393781,-0.390674,0.380916,-1.650501,-1.650501,-1.650501,-1.650501
55.284542,0.418989,-0.399584,-0.395409,0.374489,-1.707261,-1.707261,-1.707261,-1.707261
55.295113,0.412932,-0.406046,-0.401052,0.367608,-1.770670,-1.770670,-1.770670,-1.770670
55.304607,0.416840,-0.403077,-0.396912,0.370314,-1.827652,-1.827652,-1.827652,-1.827652
55.315121,0.412029,-0.408842,-0.401598,0.364524,-1.890716,-1.890716,-1.890716,-1.890716
55.324612,0.416051,-0.405965,-0.397526,0.367233,-1.947662,-1.947662,-1.947662,-1.947662
55.335121,0.410875,-0.411980,-0.402530,0.361373,-2.010729,-2.010729,-2.010729,-2.010729
55.344620,0.414531,-0.409275,-0.398749,0.364199,-2.067729,-2.067729,-2.067729,-2.067729
55.355167,0.409803,-0.414728,-0.403124,0.358650,-2.131012,-2.131012,-2.131012,-2.131012
55.364697,0.413863,-0.411683,-0.398679,0.361863,-2.188179,-2.188179,-2.188179,-2.188179
55.375221,0.408139,-0.417965,-0.404183,0.355624,-2.251338,-2.251338,-2.251338,-2.251338
55.384743,0.412204,-0.414821,-0.399961,0.358887,-2.308449,-2.308449,-2.308449,-2.308449
55.394234,0.407315,-0.420308,-0.404551,0.353323,-2.365413,-2.365413,-2.365413,-2.365413
55.404789,0.402518,-0.425773,-0.409164,0.347784,-2.428725,-2.428725,-2.428725,-2.428725
55.414276,0.398063,-0.431007,-0.413309,0.342815,-2.485650,-2.485650,-2.485650,-2.485650
55.424828,0.393856,-0.436042,-0.417353,0.337998,-2.548955,-2.548955,-2.548955,-2.548955
55.434277,0.389042,-0.441594,-0.422159,0.332535,-2.605665,-2.605665,-2.605665,-2.605665
55.444817,0.385658,-0.445973,-0.425424,0.328412,-2.668910,-2.668910,-2.668910,-2.668910
55.454235,0.382240,-0.450544,-0.428930,0.324224,-2.725412,-2.725412,-2.725412,-2.725412
55.464741,0.379099,-0.454931,-0.431947,0.320343,-2.788443,-2.788443,-2.788443,-2.788443
55.475224,0.375948,-0.459247,-0.434865,0.316581,-2.851344,-2.851344,-2.851344,-2.851344
55.484737,0.371887,-0.464182,-0.438989,0.311926,-2.908436,-2.908436,-2.908436,-2.908436
55.494225,0.368917,-0.468047,-0.441721,0.308479,-2.965337,-2.965337,-2.965337,-2.965337
55.504761,0.377596,-0.462800,-0.435348,0.314056,-3.000000,-3.000000,-3.000000,-3.000000
55.514225,0.392686,-0.466733,-0.438202,0.328332,-3.000000,-3.000000,-3.000000,-3.000000
55.524769,0.407278,-0.470600,-0.440996,0.342280,-3.000000,-3.000000,-3.000000,-3.000000
55.534225,0.420591,-0.475427,-0.444870,0.355366,-3.000000,-3.000000,-3.000000,-3.000000
55.544777,0.434284,-0.479393,-0.447606,0.368379,-3.000000,-3.000000,-3.000000,-3.000000
55.554279,0.447496,-0.482873,-0.450344,0.380859,-3.000000,-3.000000,-3.000000,-3.000000
55.564827,0.461122,-0.486693,-0.453226,0.393433,-3.000000,-3.000000,-3.000000,-3.000000
55.574280,0.474652,-0.490100,-0.455723,0.405638,-3.000000,-3.000000,-3.000000,-3.000000
55.584820,0.486429,-0.494068,-0.458966,0.416912,-3.000000,-3.000000,-3.000000,-3.000000
55.594273,0.497992,-0.496834,-0.461353,0.428016,-3.000000,-3.000000,-3.000000,-3.000000
55.605862,0.508701,-0.499594,-0.463722,0.438768,-3.000000,-3.000000,-3.000000,-3.000000
55.616383,0.518660,-0.502864,-0.466812,0.448924,-3.000000,-3.000000,-3.000000,-3.000000
55.625877,0.528353,-0.506225,-0.470317,0.458578,-3.000000,-3.000000,-3.000000,-3.000000
55.636387,0.536846,-0.509168,-0.473370,0.467652,-3.000000,-3.000000,-3.000000,-3.000000
55.646935,0.544696,-0.512360,-0.476576,0.476293,-3.000000,-3.000000,-3.000000,-3.000000
55.656380,0.552939,-0.516299,-0.480667,0.484549,-3.000000,-3.000000,-3.000000,-3.000000
55.666924,0.561142,-0.520793,-0.485155,0.492850,-3.000000,-3.000000,-3.000000,-3.000000
55.676380,0.569178,-0.523943,-0.488345,0.500678,-3.000000,-3.000000,-3.000000,-3.000000
55.686924,0.577417,-0.526836,-0.491311,0.508663,-3.000000,-3.000000,-3.000000,-3.000000
55.696381,0.585287,-0.529783,-0.494218,0.516425,-3.000000,-3.000000,-3.000000,-3.000000
55.706928,0.592794,-0.532536,-0.497282,0.523936,-3.000000,-3.000000,-3.000000,-3.000000
55.716385,0.600540,-0.536337,-0.501481,0.531753,-3.000000,-3.000000,-3.000000,-3.000000
55.726936,0.606972,-0.539392,-0.504688,0.538560,-3.000000,-3.000000,-3.000000,-3.000000
55.736359,0.613154,-0.542541,-0.508072,0.544844,-3.000000,-3.000000,-3.000000,-3.000000
55.746910,0.619517,-0.546390,-0.512032,0.551710,-3.000000,-3.000000,-3.000000,-3.000000
55.756382,0.624766,-0.548507,-0.514608,0.557748,-3.000000,-3.000000,-3.000000,-3.000000
55.766933,0.630751,-0.551392,-0.517820,0.563696,-3.000000,-3.000000,-3.000000,-3.000000
55.776382,0.636989,-0.555620,-0.521739,0.570246,-3.000000,-3.000000,-3.000000,-3.000000
55.786930,0.642948,-0.558239,-0.524382,0.576133,-3.000000,-3.000000,-3.000000,-3.000000
55.796387,0.649266,-0.560838,-0.526642,0.582439,-3.000000,-3.000000,-3.000000,-3.000000
55.806934,0.654943,-0.563411,-0.529051,0.588173,-3.000000,-3.000000,-3.000000,-3.000000
55.816433,0.660325,-0.565815,-0.531600,0.593681,-3.000000,-3.000000,-3.000000,-3.000000
55.826973,0.666280,-0.569218,-0.535489,0.599625,-3.000000,-3.000000,-3.000000,-3.000000
55.836433,0.670942,-0.571597,-0.538215,0.604659,-3.000000,-3.000000,-3.000000,-3.000000
55.846970,0.675306,-0.574236,-0.541257,0.609232,-3.000000,-3.000000,-3.000000,-3.000000
55.856434,0.679158,-0.576223,-0.543623,0.613807,-3.000000,-3.000000,-3.000000,-3.000000
55.866943,0.682205,-0.577453,-0.545393,0.618219,-3.000000,-3.000000,-3.000000,-3.000000
55.876431,0.685618,-0.579432,-0.547916,0.622321,-3.000000,-3.000000,-3.000000,-3.000000
55.886982,0.689949,-0.581940,-0.550693,0.626485,-3.000000,-3.000000,-3.000000,-3.000000
55.896397,0.694945,-0.585764,-0.554099,0.631659,-3.000000,-3.000000,-3.000000,-3.000000
55.906948,0.699061,-0.587980,-0.556085,0.635806,-3.000000,-3.000000,-3.000000,-3.000000
55.916435,0.703737,-0.590100,-0.557784,0.640547,-3.000000,-3.000000,-3.000000,-3.000000
55.926994,0.707925,-0.592091,-0.559652,0.644824,-3.000000,-3.000000,-3.000000,-3.000000
55.936493,0.711912,-0.593785,-0.561709,0.648801,-3.000000,-3.000000,-3.000000,-3.000000
55.947037,0.715547,-0.595487,-0.563718,0.652845,-3.000000,-3.000000,-3.000000,-3.000000
55.956490,0.719045,-0.597142,-0.565863,0.656739,-3.000000,-3.000000,-3.000000,-3.000000
55.967030,0.723441,-0.599974,-0.569400,0.661230,-3.000000,-3.000000,-3.000000,-3.000000
55.976494,0.726532,-0.601626,-0.571643,0.664492,-3.000000,-3.000000,-3.000000,-3.000000
55.987061,0.728897,-0.604158,-0.574186,0.667226,-3.000000,-3.000000,-3.000000,-3.000000
55.996548,0.730987,-0.606951,-0.576485,0.669937,-3.000000,-3.000000,-3.000000,-3.000000
56.007103,0.732753,-0.608879,-0.577995,0.672869,-3.000000,-3.000000,-3.000000,-3.000000
56.016499,0.734909,-0.610341,-0.579353,0.676297,-3.000000,-3.000000,-3.000000,-3.000000
56.027088,0.738359,-0.612939,-0.581551,0.679473,-3.000000,-3.000000,-3.000000,-3.000000
56.036537,0.741090,-0.614138,-0.582625,0.682548,-3.000000,-3.000000,-3.000000,-3.000000
56.047066,0.744270,-0.615361,-0.584130,0.685794,-3.000000,-3.000000,-3.000000,-3.000000
56.056538,0.738020,-0.607507,-0.576671,0.679893,-3.000000,-3.000000,-3.000000,-3.000000
56.067066,0.741098,-0.608922,-0.578846,0.683007,-3.000000,-3.000000,-3.000000,-3.000000
56.076538,0.743748,-0.610456,-0.580876,0.685851,-3.000000,-3.000000,-3.000000,-3.000000
56.087067,0.745284,-0.611937,-0.582419,0.688501,-3.000000,-3.000000,-3.000000,-3.000000
56.096542,0.747675,-0.614326,-0.585392,0.691988,-3.000000,-3.000000,-3.000000,-3.000000
56.107071,0.749298,-0.615871,-0.587181,0.694537,-3.000000,-3.000000,-3.000000,-3.000000
56.116535,0.741806,-0.607968,-0.579419,0.687921,-3.000000,-3.000000,-3.000000,-3.000000
56.127064,0.746027,-0.611400,-0.582529,0.692282,-3.000000,-3.000000,-3.000000,-3.000000
56.136559,0.749565,-0.604544,-0.574995,0.685755,-3.000000,-3.000000,-3.000000,-3.000000
56.147083,0.752612,-0.606530,-0.575910,0.689023,-3.000000,-3.000000,-3.000000,-3.000000
56.156536,0.755240,-0.607719,-0.577391,0.691962,-3.000000,-3.000000,-3.000000,-3.000000
56.167068,0.757158,-0.609455,-0.579285,0.694925,-3.000000,-3.000000,-3.000000,-3.000000
56.176540,0.759192,-0.611357,-0.581761,0.697437,-3.000000,-3.000000,-3.000000,-3.000000
56.187084,0.761726,-0.613364,-0.583969,0.700149,-3.000000,-3.000000,-3.000000,-3.000000
56.196537,0.765383,-0.616571,-0.587391,0.703967,-3.000000,-3.000000,-3.000000,-3.000000
56.207066,0.766582,-0.618399,-0.589185,0.706119,-3.000000,-3.000000,-3.000000,-3.000000
56.216537,0.757566,-0.610766,-0.581861,0.698491,-3.000000,-3.000000,-3.000000,-3.000000
56.227077,0.758173,-0.611738,-0.583206,0.700917,-3.000000,-3.000000,-3.000000,-3.000000
56.236538,0.758957,-0.613276,-0.585066,0.703122,-3.000000,-3.000000,-3.000000,-3.000000
56.247066,0.761671,-0.617057,-0.588651,0.706738,-3.000000,-3.000000,-3.000000,-3.000000
56.256554,0.755293,-0.620128,-0.582172,0.699710,-3.000000,-3.000000,-3.000000,-3.000000
56.267101,0.758808,-0.622237,-0.583137,0.702027,-3.000000,-3.000000,-3.000000,-3.000000
56.276535,0.761120,-0.623664,-0.573874,0.695683,-3.000000,-3.000000,-3.000000,-3.000000
56.287060,0.763415,-0.624506,-0.575371,0.698847,-3.000000,-3.000000,-3.000000,-3.000000
56.296532,0.765422,-0.625297,-0.577509,0.701453,-3.000000,-3.000000,-3.000000,-3.000000
56.307060,0.767173,-0.626655,-0.580018,0.703865,-3.000000,-3.000000,-3.000000,-3.000000
56.316532,0.769630,-0.629606,-0.583509,0.707424,-3.000000,-3.000000,-3.000000,-3.000000
56.327061,0.770809,-0.630287,-0.585047,0.709914,-3.000000,-3.000000,-3.000000,-3.000000
56.336540,0.773675,-0.631391,-0.586811,0.713011,-3.000000,-3.000000,-3.000000,-3.000000
56.347088,0.776691,-0.632332,-0.588156,0.716100,-3.000000,-3.000000,-3.000000,-3.000000
56.356552,0.770400,-0.623796,-0.579963,0.709753,-3.000000,-3.000000,-3.000000,-3.000000
56.367085,0.772880,-0.625843,-0.582391,0.711817,-3.000000,-3.000000,-3.000000,-3.000000
56.376534,0.764804,-0.618275,-0.575430,0.704649,-3.000000,-3.000000,-3.000000,-3.000000
56.387070,0.768276,-0.621778,-0.579129,0.708668,-3.000000,-3.000000,-3.000000,-3.000000
56.396549,0.761222,-0.613664,-0.572202,0.701801,-3.000000,-3.000000,-3.000000,-3.000000
56.407089,0.762757,-0.615181,-0.574190,0.704090,-3.000000,-3.000000,-3.000000,-3.000000
56.416538,0.764346,-0.617222,-0.576649,0.706348,-3.000000,-3.000000,-3.000000,-3.000000
56.427048,0.765651,-0.618315,-0.578576,0.708556,-3.000000,-3.000000,-3.000000,-3.000000
56.436539,0.768215,-0.620502,-0.581507,0.712037,-3.000000,-3.000000,-3.000000,-3.000000
56.447079,0.769926,-0.622385,-0.583933,0.714139,-3.000000,-3.000000,-3.000000,-3.000000
56.456539,0.771613,-0.624380,-0.586008,0.716213,-3.000000,-3.000000,-3.000000,-3.000000
56.467068,0.773640,-0.626378,-0.588019,0.718156,-3.000000,-3.000000,-3.000000,-3.000000
56.476540,0.767376,-0.619379,-0.580191,0.711685,-3.000000,-3.000000,-3.000000,-3.000000
56.487068,0.769667,-0.620589,-0.581368,0.714225,-3.000000,-3.000000,-3.000000,-3.000000
56.496544,0.772190,-0.611940,-0.573372,0.707566,-3.000000,-3.000000,-3.000000,-3.000000
56.507084,0.775499,-0.614978,-0.577111,0.711171,-2.957507,-2.957507,-2.957507,-2.957507
56.516541,0.767298,-0.607383,-0.570330,0.704066,-2.900751,-2.900751,-2.900751,-2.900751
56.527069,0.768569,-0.609674,-0.573375,0.706348,-2.837577,-2.837577,-2.837577,-2.837577
56.536537,0.770277,-0.611751,-0.567140,0.699351,-2.780786,-2.780786,-2.780786,-2.780786
56.547070,0.771263,-0.614233,-0.570232,0.701217,-2.717586,-2.717586,-2.717586,-2.717586
56.556534,0.771292,-0.607672,-0.573308,0.702605,-2.660792,-2.660792,-2.660792,-2.660792
56.567070,0.771570,-0.610821,-0.575965,0.704246,-2.597586,-2.597586,-2.597586,-2.597586
56.576534,0.773303,-0.614728,-0.579434,0.707370,-2.540800,-2.540800,-2.540800,-2.540800
56.587063,0.774564,-0.616749,-0.581723,0.709947,-2.477614,-2.477614,-2.477614,-2.477614
56.596539,0.767224,-0.609956,-0.575320,0.703287,-2.420768,-2.420768,-2.420768,-2.420768
56.607071,0.769281,-0.611865,-0.577825,0.705520,-2.357584,-2.357584,-2.357584,-2.357584
56.616535,0.771036,-0.613788,-0.580092,0.707988,-2.300780,-2.300780,-2.300780,-2.300780
56.627064,0.772827,-0.615657,-0.582456,0.710396,-2.237628,-2.237628,-2.237628,-2.237628
56.636536,0.774657,-0.617256,-0.584768,0.694439,-2.180779,-2.180779,-2.180779,-2.180779
56.647072,0.759101,-0.620254,-0.588304,0.679897,-2.117576,-2.117576,-2.117576,-2.117576
56.656540,0.749931,-0.612783,-0.581325,0.672139,-2.060766,-2.060766,-2.060766,-2.060766
56.667068,0.734363,-0.614838,-0.583623,0.657499,-1.997589,-1.997589,-1.997589,-1.997589
56.676537,0.726208,-0.607727,-0.576470,0.650469,-1.940790,-1.940790,-1.940790,-1.940790
56.687061,0.711317,-0.610006,-0.578826,0.636261,-1.877622,-1.877622,-1.877622,-1.877622
56.696537,0.697211,-0.612043,-0.580783,0.622858,-1.820786,-1.820786,-1.820786,-1.820786
56.707066,0.683984,-0.613650,-0.582170,0.610341,-1.757607,-1.757607,-1.757607,-1.757607
56.716537,0.671865,-0.616558,-0.584890,0.598393,-1.700775,-1.700775,-1.700775,-1.700775
56.727081,0.659568,-0.617850,-0.586106,0.586825,-1.637521,-1.637521,-1.637521,-1.637521
56.736538,0.648037,-0.620467,-0.588911,0.575695,-1.580784,-1.580784,-1.580784,-1.580784
56.747070,0.637003,-0.621529,-0.590111,0.564939,-1.517578,-1.517578,-1.517578,-1.517578
56.756538,0.634141,-0.613094,-0.581431,0.562368,-1.460768,-1.460768,-1.460768,-1.460768
56.767078,0.623671,-0.615008,-0.583372,0.552085,-1.397530,-1.397530,-1.397530,-1.397530
56.776539,0.613757,-0.615163,-0.583496,0.550130,-1.340778,-1.340778,-1.340778,-1.340778
56.787075,0.603902,-0.616078,-0.584661,0.540026,-1.277539,-1.277539,-1.277539,-1.277539
56.796535,0.594272,-0.615742,-0.584247,0.530295,-1.220795,-1.220795,-1.220795,-1.220795
56.807064,0.584895,-0.614505,-0.583001,0.520986,-1.157618,-1.157618,-1.157618,-1.157618
56.816536,0.584450,-0.612813,-0.573650,0.520524,-1.100785,-1.100785,-1.100785,-1.100785
56.827068,0.576145,-0.610575,-0.571479,0.512021,-1.037590,-1.037590,-1.037590,-1.037590
56.836533,0.568159,-0.608260,-0.569241,0.503786,-0.980793,-0.980793,-0.980793,-0.980793
56.847076,0.560334,-0.605598,-0.566824,0.495580,-0.917542,-0.917542,-0.917542,-0.917542
56.856537,0.552341,-0.604057,-0.565389,0.487218,-0.860781,-0.860781,-0.860781,-0.860781
56.867062,0.544915,-0.600779,-0.561887,0.479846,-0.797625,-0.797625,-0.797625,-0.797625
56.876537,0.537761,-0.592401,-0.553055,0.480633,-0.740786,-0.740786,-0.740786,-0.740786
56.887066,0.531572,-0.588734,-0.549334,0.474158,-0.677606,-0.677606,-0.677606,-0.677606
56.896538,0.525797,-0.584824,-0.545176,0.468273,-0.620780,-0.620780,-0.620780,-0.620780
56.907066,0.519697,-0.584120,-0.544863,0.462173,-0.557609,-0.557609,-0.557609,-0.557609
56.916538,0.514707,-0.579617,-0.536545,0.463605,-0.500764,-0.500764,-0.500764,-0.500764
56.927067,0.509397,-0.577814,-0.535443,0.458102,-0.437599,-0.437599,-0.437599,-0.437599
56.936539,0.504242,-0.573492,-0.531382,0.458409,-0.380775,-0.380775,-0.380775,-0.380775
56.947075,0.500580,-0.568283,-0.526646,0.454322,-0.317542,-0.317542,-0.317542,-0.317542
56.956535,0.498303,-0.562347,-0.520575,0.451538,-0.260791,-0.260791,-0.260791,-0.260791
56.967064,0.496151,-0.556388,-0.514728,0.448747,-0.197611,-0.197611,-0.197611,-0.197611
56.976494,0.493289,-0.549900,-0.508612,0.446090,-0.141033,-0.141033,-0.141033,-0.141033
56.987019,0.491749,-0.543031,-0.502239,0.444051,-0.077878,-0.077878,-0.077878,-0.077878
56.996487,0.490536,-0.535498,-0.495177,0.445732,-0.021083,-0.021083,-0.021083,-0.021083
57.007034,0.489606,-0.530519,-0.487963,0.444102,0.042196,0.042196,0.042196,0.042196
57.016487,0.488675,-0.520237,-0.478967,0.444898,0.098928,0.098928,0.098928,0.098928
57.027088,0.485334,-0.510740,-0.467491,0.441455,0.162528,0.162528,0.162528,0.162528
57.036560,0.487055,-0.502353,-0.459187,0.442270,0.219369,0.219369,0.219369,0.219369
57.047054,0.486509,-0.494832,-0.451954,0.441676,0.282326,0.282326,0.282326,0.282326
57.056534,0.487725,-0.488757,-0.446129,0.441866,0.339207,0.339207,0.339207,0.339207
57.067078,0.487942,-0.480952,-0.438603,0.442168,0.402455,0.402455,0.402455,0.402455
57.076538,0.489161,-0.472595,-0.431172,0.442943,0.459233,0.459233,0.459233,0.459233
57.087082,0.491295,-0.463832,-0.423055,0.444208,0.522487,0.522487,0.522487,0.522487
57.096542,0.492319,-0.455194,-0.415033,0.446106,0.579250,0.579250,0.579250,0.579250
57.107082,0.492370,-0.446867,-0.407247,0.448359,0.642499,0.642499,0.642499,0.642499
57.116543,0.494186,-0.442104,-0.402982,0.449816,0.699249,0.699249,0.699249,0.699249
57.127098,0.497887,-0.434011,-0.395545,0.453798,0.762588,0.762588,0.762588,0.762588
57.136597,0.500091,-0.429783,-0.391792,0.455088,0.819583,0.819583,0.819583,0.819583
57.147118,0.503693,-0.421119,-0.383745,0.458251,0.882717,0.882717,0.882717,0.882717
57.156597,0.507480,-0.412336,-0.375592,0.461596,0.939582,0.939582,0.939582,0.939582
57.167118,0.511234,-0.403637,-0.367480,0.464945,1.002719,1.002719,1.002719,1.002719
57.176655,0.512462,-0.400632,-0.364927,0.465351,1.059938,1.059938,1.059938,1.059938
57.187176,0.515688,-0.391980,-0.357285,0.468623,1.123053,1.123053,1.123053,1.123053
57.196697,0.515376,-0.389715,-0.356065,0.467981,1.180176,1.180176,1.180176,1.180176
57.206173,0.519377,-0.380732,-0.348023,0.471941,1.237042,1.237042,1.237042,1.237042
57.216736,0.518688,-0.378903,-0.346959,0.471032,1.300411,1.300411,1.300411,1.300411
57.226227,0.521930,-0.370089,-0.339175,0.474685,1.357362,1.357362,1.357362,1.357362
57.236771,0.525225,-0.361346,-0.331431,0.478512,1.420629,1.420629,1.420629,1.420629
57.246223,0.529158,-0.352353,-0.323065,0.482854,1.477336,1.477336,1.477336,1.477336
57.256763,0.533194,-0.343943,-0.315240,0.487215,1.540581,1.540581,1.540581,1.540581
57.266224,0.537200,-0.335709,-0.307780,0.491539,1.597345,1.597345,1.597345,1.597345
57.276760,0.542206,-0.327427,-0.300019,0.496843,1.660556,1.660556,1.660556,1.660556
57.286224,0.546385,-0.319991,-0.293221,0.501371,1.717336,1.717336,1.717336,1.717336
57.296761,0.550465,-0.312700,-0.286812,0.505970,1.780564,1.780564,1.780564,1.780564
57.306225,0.555423,-0.305085,-0.280006,0.511403,1.837343,1.837343,1.837343,1.837343
57.316772,0.559773,-0.298508,-0.274135,0.516150,1.900633,1.900633,1.900633,1.900633
57.326283,0.564155,-0.292035,-0.268460,0.520801,1.957690,1.957690,1.957690,1.957690
57.336838,0.568349,-0.285979,-0.263455,0.525085,2.021037,2.021037,2.021037,2.021037
57.346336,0.572187,-0.280157,-0.258865,0.529031,2.078009,2.078009,2.078009,2.078009
57.356892,0.577225,-0.273300,-0.253015,0.534123,2.141346,2.141346,2.141346,2.141346
57.366383,0.580997,-0.267608,-0.248285,0.538025,2.198292,2.198292,2.198292,2.198292
57.376934,0.584576,-0.261994,-0.243554,0.541835,2.261595,2.261595,2.261595,2.261595
57.386383,0.587912,-0.256499,-0.238873,0.545601,2.318297,2.318297,2.318297,2.318297
57.396908,0.590834,-0.251615,-0.234936,0.548915,2.381444,2.381444,2.381444,2.381444
57.406395,0.595222,-0.245733,-0.229825,0.553350,2.438378,2.438378,2.438378,2.438378
57.416965,0.597643,-0.241146,-0.226169,0.556095,2.501785,2.501785,2.501785,2.501785
57.426441,0.599895,-0.236607,-0.222596,0.558784,2.558655,2.558655,2.558655,2.558655
57.436993,0.602021,-0.232240,-0.219131,0.561343,2.621952,2.621952,2.621952,2.621952
57.446499,0.604025,-0.227961,-0.215893,0.563785,2.678985,2.678985,2.678985,2.678985
57.457050,0.607029,-0.222993,-0.211734,0.567320,2.742301,2.742301,2.742301,2.742301
57.466545,0.608503,-0.219215,-0.209119,0.569375,2.799260,2.799260,2.799260,2.799260
57.477062,0.610576,-0.215169,-0.206135,0.571705,2.862384,2.862384,2.862384,2.862384
57.486553,0.612398,-0.220423,-0.212401,0.564663,2.919325,2.919325,2.919325,2.919325
57.497093,0.614140,-0.216357,-0.209245,0.566971,2.982563,2.982563,2.982563,2.982563
57.506538,0.616873,-0.212216,-0.205593,0.569982,3.000000,3.000000,3.000000,3.000000
57.517082,0.618811,-0.208272,-0.202456,0.572181,3.000000,3.000000,3.000000,3.000000
57.526543,0.610877,-0.213659,-0.208904,0.564888,3.000000,3.000000,3.000000,3.000000
57.537090,0.613519,-0.227380,-0.223542,0.568223,3.000000,3.000000,3.000000,3.000000
57.546543,0.605106,-0.234318,-0.231381,0.561115,3.000000,3.000000,3.000000,3.000000
57.557102,0.606544,-0.247478,-0.245253,0.563622,3.000000,3.000000,3.000000,3.000000
57.566605,0.608543,-0.260390,-0.258840,0.566203,3.000000,3.000000,3.000000,3.000000
57.577122,0.610147,-0.273268,-0.272095,0.568591,3.000000,3.000000,3.000000,3.000000
57.586617,0.602331,-0.278614,-0.277634,0.561790,3.000000,3.000000,3.000000,3.000000
57.597122,0.605559,-0.290652,-0.289787,0.565613,3.000000,3.000000,3.000000,3.000000
57.606628,0.599205,-0.294768,-0.294084,0.559246,3.000000,3.000000,3.000000,3.000000
57.617172,0.602901,-0.306020,-0.305207,0.562573,3.000000,3.000000,3.000000,3.000000
57.626678,0.596885,-0.309493,-0.308469,0.557030,3.000000,3.000000,3.000000,3.000000
57.636185,0.599605,-0.320612,-0.319957,0.560340,3.000000,3.000000,3.000000,3.000000
57.646736,0.601804,-0.331684,-0.331367,0.563275,3.000000,3.000000,3.000000,3.000000
57.656223,0.604858,-0.342137,-0.342265,0.566435,3.000000,3.000000,3.000000,3.000000
57.666775,0.608811,-0.352074,-0.352335,0.570012,3.000000,3.000000,3.000000,3.000000
57.676228,0.613162,-0.361579,-0.361627,0.574535,3.000000,3.000000,3.000000,3.000000
57.686779,0.615509,-0.370800,-0.370640,0.577616,3.000000,3.000000,3.000000,3.000000
57.696224,0.618866,-0.380299,-0.380276,0.581107,3.000000,3.000000,3.000000,3.000000
57.706734,0.622191,-0.388887,-0.388907,0.584437,3.000000,3.000000,3.000000,3.000000
57.717228,0.626139,-0.397495,-0.397276,0.587625,3.000000,3.000000,3.000000,3.000000
57.726746,0.630828,-0.406137,-0.405018,0.591230,3.000000,3.000000,3.000000,3.000000
57.737228,0.634238,-0.413326,-0.411762,0.595064,3.000000,3.000000,3.000000,3.000000
57.746738,0.638148,-0.420378,-0.419055,0.599024,3.000000,3.000000,3.000000,3.000000
57.756226,0.642257,-0.427077,-0.426180,0.602651,3.000000,3.000000,3.000000,3.000000
57.766708,0.636308,-0.426027,-0.425398,0.596971,3.000000,3.000000,3.000000,3.000000
57.776173,0.639647,-0.433244,-0.432876,0.600211,3.000000,3.000000,3.000000,3.000000
57.786736,0.642756,-0.440312,-0.440020,0.603263,3.000000,3.000000,3.000000,3.000000
57.796227,0.645642,-0.446708,-0.446454,0.606548,3.000000,3.000000,3.000000,3.000000
57.806778,0.649051,-0.453161,-0.452783,0.609991,3.000000,3.000000,3.000000,3.000000
57.816227,0.653899,-0.460746,-0.459744,0.614573,3.000000,3.000000,3.000000,3.000000
57.826778,0.658177,-0.466592,-0.464903,0.618345,3.000000,3.000000,3.000000,3.000000
57.836277,0.662723,-0.471931,-0.469604,0.622237,3.000000,3.000000,3.000000,3.000000
57.846806,0.667631,-0.477511,-0.474353,0.625757,3.000000,3.000000,3.000000,3.000000
57.856224,0.671415,-0.483040,-0.478948,0.629611,3.000000,3.000000,3.000000,3.000000
57.866772,0.676234,-0.488843,-0.484590,0.634402,3.000000,3.000000,3.000000,3.000000
57.876225,0.680269,-0.493061,-0.488947,0.637601,3.000000,3.000000,3.000000,3.000000
57.886776,0.684345,-0.497534,-0.493035,0.641221,3.000000,3.000000,3.000000,3.000000
57.896225,0.687833,-0.501737,-0.497484,0.644516,3.000000,3.000000,3.000000,3.000000
57.906769,0.690788,-0.506221,-0.501688,0.648048,3.000000,3.000000,3.000000,3.000000
57.916229,0.693267,-0.510561,-0.506214,0.650895,3.000000,3.000000,3.000000,3.000000
57.926781,0.696030,-0.515810,-0.511094,0.653813,3.000000,3.000000,3.000000,3.000000
57.936275,0.699031,-0.520352,-0.515193,0.656875,3.000000,3.000000,3.000000,3.000000
57.946804,0.702998,-0.524486,-0.518786,0.660382,3.000000,3.000000,3.000000,3.000000
57.956257,0.708679,-0.529598,-0.523651,0.664720,3.000000,3.000000,3.000000,3.000000
57.966782,0.711691,-0.533583,-0.527114,0.667771,3.000000,3.000000,3.000000,3.000000
57.976280,0.714088,-0.537630,-0.531317,0.670453,3.000000,3.000000,3.000000,3.000000
57.986813,0.716904,-0.541357,-0.535383,0.673121,3.000000,3.000000,3.000000,3.000000
57.996281,0.719917,-0.545030,-0.539083,0.675686,3.000000,3.000000,3.000000,3.000000
58.006832,0.722618,-0.548712,-0.542438,0.678417,3.000000,3.000000,3.000000,3.000000
58.016327,0.725102,-0.552198,-0.545652,0.681133,3.000000,3.000000,3.000000,3.000000
58.026924,0.728722,-0.556238,-0.549927,0.684770,3.000000,3.000000,3.000000,3.000000
58.036385,0.730609,-0.559259,-0.553054,0.686892,3.000000,3.000000,3.000000,3.000000
58.046844,0.732897,-0.563762,-0.557135,0.688710,3.000000,3.000000,3.000000,3.000000
58.056335,0.735300,-0.567690,-0.560211,0.690778,3.000000,3.000000,3.000000,3.000000
58.066856,0.738204,-0.571129,-0.562783,0.693531,3.000000,3.000000,3.000000,3.000000
58.076332,0.741278,-0.574030,-0.564756,0.696466,3.000000,3.000000,3.000000,3.000000
58.086887,0.744179,-0.576501,-0.566545,0.699321,3.000000,3.000000,3.000000,3.000000
58.096386,0.748105,-0.580166,-0.570030,0.703151,3.000000,3.000000,3.000000,3.000000
58.106880,0.750475,-0.582656,-0.572666,0.705330,3.000000,3.000000,3.000000,3.000000
58.116329,0.753814,-0.586563,-0.576288,0.708912,3.000000,3.000000,3.000000,3.000000
58.126877,0.756204,-0.588818,-0.578596,0.711259,3.000000,3.000000,3.000000,3.000000
58.136383,0.758247,-0.590932,-0.580617,0.713544,3.000000,3.000000,3.000000,3.000000
58.146931,0.760754,-0.593961,-0.583818,0.716615,3.000000,3.000000,3.000000,3.000000
58.156384,0.762075,-0.596236,-0.586150,0.718334,3.000000,3.000000,3.000000,3.000000
58.166935,0.763300,-0.599011,-0.588392,0.720154,3.000000,3.000000,3.000000,3.000000
58.176388,0.765474,-0.602076,-0.590944,0.721892,3.000000,3.000000,3.000000,3.000000
58.186951,0.768602,-0.604676,-0.592508,0.724104,3.000000,3.000000,3.000000,3.000000
58.196434,0.771890,-0.608240,-0.594755,0.727536,3.000000,3.000000,3.000000,3.000000
58.207001,0.774428,-0.609727,-0.596014,0.729755,3.000000,3.000000,3.000000,3.000000
58.216488,0.776973,-0.611280,-0.597267,0.731946,3.000000,3.000000,3.000000,3.000000
58.227039,0.779020,-0.613356,-0.599402,0.733814,3.000000,3.000000,3.000000,3.000000
58.236538,0.781113,-0.615280,-0.601413,0.735685,3.000000,3.000000,3.000000,3.000000
58.247082,0.782083,-0.616887,-0.602743,0.737428,3.000000,3.000000,3.000000,3.000000
58.256538,0.782537,-0.618242,-0.604186,0.738763,3.000000,3.000000,3.000000,3.000000
58.267078,0.785203,-0.621652,-0.607428,0.741811,3.000000,3.000000,3.000000,3.000000
58.276550,0.776909,-0.614115,-0.599764,0.733858,3.000000,3.000000,3.000000,3.000000
58.287106,0.779797,-0.617655,-0.603022,0.736969,3.000000,3.000000,3.000000,3.000000
58.296539,0.771916,-0.611535,-0.596190,0.729374,3.000000,3.000000,3.000000,3.000000
58.307076,0.774122,-0.614182,-0.598503,0.731346,3.000000,3.000000,3.000000,3.000000
58.316540,0.766983,-0.606520,-0.590719,0.723874,3.000000,3.000000,3.000000,3.000000
58.327072,0.768997,-0.608712,-0.592900,0.725998,3.000000,3.000000,3.000000,3.000000
58.336540,0.770860,-0.610589,-0.595110,0.727965,3.000000,3.000000,3.000000,3.000000
58.347080,0.771981,-0.612789,-0.597215,0.729792,3.000000,3.000000,3.000000,3.000000
58.356544,0.773422,-0.615112,-0.599537,0.731539,3.000000,3.000000,3.000000,3.000000
58.367085,0.775059,-0.617129,-0.601367,0.733467,3.000000,3.000000,3.000000,3.000000
58.376541,0.776016,-0.618444,-0.602602,0.735170,3.000000,3.000000,3.000000,3.000000
58.387074,0.778078,-0.619821,-0.603973,0.737308,3.000000,3.000000,3.000000,3.000000
58.396549,0.771207,-0.612563,-0.596204,0.730197,3.000000,3.000000,3.000000,3.000000
58.407074,0.773520,-0.615076,-0.598606,0.731796,3.000000,3.000000,3.000000,3.000000
58.416546,0.766519,-0.608368,-0.591123,0.724523,3.000000,3.000000,3.000000,3.000000
58.427082,0.769924,-0.611933,-0.594121,0.727939,3.000000,3.000000,3.000000,3.000000
58.436546,0.772560,-0.613514,-0.585929,0.720899,3.000000,3.000000,3.000000,3.000000
58.447083,0.774967,-0.615021,-0.587530,0.723204,3.000000,3.000000,3.000000,3.000000
58.456543,0.767872,-0.607956,-0.580755,0.716318,3.000000,3.000000,3.000000,3.000000
58.467091,0.769946,-0.609927,-0.583255,0.718475,3.000000,3.000000,3.000000,3.000000
58.476551,0.762386,-0.602480,-0.576300,0.711426,3.000000,3.000000,3.000000,3.000000
58.487103,0.764809,-0.604887,-0.579025,0.713993,3.000000,3.000000,3.000000,3.000000
58.496597,0.767384,-0.607558,-0.581781,0.716390,3.000000,3.000000,3.000000,3.000000
58.507122,0.769925,-0.610155,-0.583903,0.718903,2.957278,2.957278,2.957278,2.957278
58.516598,0.763261,-0.603593,-0.576898,0.711930,2.900404,2.900404,2.900404,2.900404
58.527119,0.766256,-0.606292,-0.579212,0.714131,2.837282,2.837282,2.837282,2.837282
58.536610,0.758771,-0.598575,-0.571325,0.707384,2.780334,2.780334,2.780334,2.780334
58.547119,0.761481,-0.600622,-0.573841,0.711431,2.717277,2.717277,2.717277,2.717277
58.556614,0.754217,-0.593526,-0.567578,0.704476,2.660327,2.660327,2.660327,2.660327
58.567120,0.757123,-0.597392,-0.572011,0.707882,2.597281,2.597281,2.597281,2.597281
58.576614,0.749554,-0.590789,-0.566057,0.700880,2.540321,2.540321,2.540321,2.540321
58.587120,0.751834,-0.593603,-0.569194,0.703459,2.477279,2.477279,2.477279,2.477279
58.596615,0.753599,-0.596426,-0.572177,0.705640,2.420300,2.420300,2.420300,2.420300
58.607121,0.754739,-0.599739,-0.575185,0.707308,2.357272,2.357272,2.357272,2.357272
58.616619,0.746521,-0.591778,-0.566663,0.699921,2.300289,2.300289,2.300289,2.300289
58.627117,0.748884,-0.576305,-0.550765,0.703029,2.237289,2.237289,2.237289,2.237289
58.636612,0.742309,-0.568020,-0.542534,0.696968,2.180321,2.180321,2.180321,2.180321
58.647121,0.744917,-0.553909,-0.528634,0.699478,2.117267,2.117267,2.117267,2.117267
58.656616,0.737891,-0.547147,-0.522267,0.692337,2.060294,2.060294,2.060294,2.060294
58.667118,0.740285,-0.533143,-0.508666,0.694821,1.997282,1.997282,1.997282,1.997282
58.676620,0.742475,-0.519433,-0.495619,0.697330,1.940268,1.940268,1.940268,1.940268
58.687119,0.744531,-0.506497,-0.483486,0.699322,1.877280,1.877280,1.877280,1.877280
58.696617,0.736794,-0.501496,-0.479399,0.691724,1.820309,1.820309,1.820309,1.820309
58.707119,0.738276,-0.489226,-0.467927,0.695019,1.757275,1.757275,1.757275,1.757275
58.716614,0.730203,-0.485236,-0.465101,0.687110,1.700309,1.700309,1.700309,1.700309
58.727127,0.730833,-0.474242,-0.455221,0.688187,1.637237,1.637237,1.637237,1.637237
58.736607,0.722050,-0.470806,-0.452843,0.679912,1.580370,1.580370,1.580370,1.580370
58.747124,0.722945,-0.459497,-0.441856,0.681456,1.517267,1.517267,1.517267,1.517267
58.756638,0.723807,-0.448162,-0.431125,0.682682,1.460175,1.460175,1.460175,1.460175
58.767120,0.723830,-0.437723,-0.421372,0.683185,1.397283,1.397283,1.397283,1.397283
58.776577,0.723133,-0.427730,-0.412081,0.683337,1.340549,1.340549,1.340549,1.340549
58.787090,0.721964,-0.417900,-0.403287,0.682810,1.277465,1.277465,1.277465,1.277465
58.796539,0.713524,-0.416262,-0.402893,0.674714,1.220774,1.220774,1.220774,1.220774
58.807087,0.713210,-0.406793,-0.394278,0.674745,1.157487,1.157487,1.157487,1.157487
58.816544,0.704995,-0.405524,-0.394090,0.666521,1.100747,1.100747,1.100747,1.100747
58.827095,0.702617,-0.396277,-0.385839,0.664661,1.037432,1.037432,1.037432,1.037432
58.836590,0.694711,-0.395164,-0.386003,0.657012,0.980471,0.980471,0.980471,0.980471
58.847122,0.692191,-0.386176,-0.378202,0.654735,0.917267,0.917267,0.917267,0.917267
58.856632,0.689864,-0.377394,-0.370350,0.652401,0.860199,0.860199,0.860199,0.860199
58.867172,0.687540,-0.369051,-0.362603,0.650151,0.796967,0.796967,0.796967,0.796967
58.876698,0.680546,-0.368761,-0.363183,0.642919,0.739803,0.739803,0.739803,0.739803
58.886173,0.676485,-0.362591,-0.358084,0.639097,0.682961,0.682961,0.682961,0.682961
58.896740,0.669064,-0.362697,-0.359297,0.631670,0.619567,0.619567,0.619567,0.619567
58.906227,0.667637,-0.356799,-0.354139,0.630802,0.562636,0.562636,0.562636,0.562636
58.916782,0.663040,-0.351872,-0.349886,0.626454,0.499295,0.499295,0.499295,0.499295
58.926281,0.657910,-0.347669,-0.346298,0.621779,0.442325,0.442325,0.442325,0.442325
58.936829,0.654434,-0.343590,-0.342797,0.619024,0.379027,0.379027,0.379027,0.379027
58.946281,0.649323,-0.339888,-0.339932,0.614132,0.322316,0.322316,0.322316,0.322316
58.956814,0.643685,-0.336846,-0.337567,0.608788,0.259125,0.259125,0.259125,0.259125
58.966274,0.637600,-0.333882,-0.335134,0.603049,0.202345,0.202345,0.202345,0.202345
58.976818,0.631096,-0.331487,-0.333138,0.596909,0.139099,0.139099,0.139099,0.139099
58.986275,0.622061,-0.330061,-0.329370,0.590378,0.082343,0.082343,0.082343,0.082343
58.996822,0.612954,-0.328825,-0.328881,0.581781,0.019056,0.019056,0.019056,0.019056
59.006279,0.603609,-0.325770,-0.326140,0.572434,-0.037663,-0.037663,-0.037663,-0.037663
59.016827,0.596141,-0.324967,-0.325949,0.564848,-0.100969,-0.100969,-0.100969,-0.100969
59.026337,0.588676,-0.324817,-0.325823,0.557435,-0.158022,-0.158022,-0.158022,-0.158022
59.036888,0.579589,-0.323928,-0.325033,0.548771,-0.221334,-0.221334,-0.221334,-0.221334
59.046329,0.572613,-0.324532,-0.326151,0.541330,-0.277987,-0.277987,-0.277987,-0.277987
59.056889,0.565104,-0.325936,-0.327375,0.533641,-0.341329,-0.341329,-0.341329,-0.341329
59.066387,0.554039,-0.328723,-0.331199,0.523712,-0.398321,-0.398321,-0.398321,-0.398321
59.076939,0.545460,-0.333036,-0.334616,0.515598,-0.461642,-0.461642,-0.461642,-0.461642
59.086391,0.536622,-0.336352,-0.337981,0.507173,-0.518343,-0.518343,-0.518343,-0.518343
59.096943,0.528541,-0.339599,-0.341161,0.498944,-0.581655,-0.581655,-0.581655,-0.581655
59.106384,0.521567,-0.342469,-0.343502,0.491391,-0.638309,-0.638309,-0.638309,-0.638309
59.116932,0.514625,-0.347333,-0.347750,0.484051,-0.701600,-0.701600,-0.701600,-0.701600
59.126385,0.507751,-0.350596,-0.350323,0.476685,-0.758298,-0.758298,-0.758298,-0.758298
59.136925,0.500915,-0.354052,-0.353223,0.469269,-0.821556,-0.821556,-0.821556,-0.821556
59.146385,0.494037,-0.357690,-0.356298,0.461920,-0.878318,-0.878318,-0.878318,-0.878318
59.156937,0.487705,-0.361057,-0.359120,0.454893,-0.941610,-0.941610,-0.941610,-0.941610
59.166389,0.481344,-0.367923,-0.362225,0.447722,-0.998347,-0.998347,-0.998347,-0.998347
59.176941,0.474618,-0.371949,-0.365451,0.440390,-1.061640,-1.061640,-1.061640,-1.061640
59.186440,0.467806,-0.375997,-0.368843,0.433121,-1.118639,-1.118639,-1.118639,-1.118639
59.196991,0.460479,-0.380575,-0.373126,0.425490,-1.181953,-1.181953,-1.181953,-1.181953
59.206490,0.452950,-0.385420,-0.377801,0.417670,-1.238929,-1.238929,-1.238929,-1.238929
59.217037,0.445464,-0.390290,-0.382386,0.409741,-1.302232,-1.302232,-1.302232,-1.302232
59.226490,0.438360,-0.395165,-0.386785,0.402001,-1.358940,-1.358940,-1.358940,-1.358940
59.237038,0.432413,-0.399714,-0.390515,0.395273,-1.422221,-1.422221,-1.422221,-1.422221
59.246445,0.426685,-0.404492,-0.394414,0.388861,-1.478671,-1.478671,-1.478671,-1.478671
59.256992,0.421262,-0.409491,-0.398559,0.382668,-1.541945,-1.541945,-1.541945,-1.541945
59.266434,0.416211,-0.414496,-0.402753,0.376716,-1.598608,-1.598608,-1.598608,-1.598608
59.276974,0.411769,-0.419488,-0.407762,0.370432,-1.661845,-1.661845,-1.661845,-1.661845
59.286434,0.407478,-0.424560,-0.411575,0.365233,-1.718606,-1.718606,-1.718606,-1.718606
59.296982,0.402245,-0.430748,-0.416878,0.359217,-1.781897,-1.781897,-1.781897,-1.781897
59.306438,0.398122,-0.436203,-0.421148,0.354391,-1.838620,-1.838620,-1.838620,-1.838620
59.316990,0.393904,-0.441694,-0.425822,0.349545,-1.901944,-1.901944,-1.901944,-1.901944
59.326488,0.389767,-0.447060,-0.430662,0.344476,-1.958925,-1.958925,-1.958925,-1.958925
59.337025,0.386651,-0.451651,-0.434256,0.340103,-2.022146,-2.022146,-2.022146,-2.022146
59.346481,0.382465,-0.457090,-0.438558,0.334984,-2.078880,-2.078880,-2.078880,-2.078880
59.357029,0.379368,-0.461614,-0.441690,0.331150,-2.142163,-2.142163,-2.142163,-2.142163
59.366398,0.376576,-0.466066,-0.444812,0.327442,-2.198394,-2.198394,-2.198394,-2.198394
59.376965,0.373884,-0.470288,-0.447745,0.323955,-2.261782,-2.261782,-2.261782,-2.261782
59.386440,0.371703,-0.474148,-0.450378,0.320849,-2.318637,-2.318637,-2.318637,-2.318637
59.397018,0.368565,-0.478774,-0.453755,0.316898,-2.382101,-2.382101,-2.382101,-2.382101
59.406487,0.366135,-0.482902,-0.456953,0.313540,-2.438928,-2.438928,-2.438928,-2.438928
59.417034,0.364028,-0.486500,-0.459690,0.310438,-2.502216,-2.502216,-2.502216,-2.502216
59.426441,0.362013,-0.490063,-0.462068,0.307589,-2.558653,-2.558653,-2.558653,-2.558653
59.436989,0.359793,-0.493894,-0.464884,0.304568,-2.621939,-2.621939,-2.621939,-2.621939
59.446445,0.367728,-0.487928,-0.457489,0.311303,-2.678667,-2.678667,-2.678667,-2.678667
59.456993,0.365633,-0.491514,-0.459674,0.308504,-2.741956,-2.741956,-2.741956,-2.741956
59.466442,0.362174,-0.496094,-0.463256,0.304545,-2.798663,-2.798663,-2.798663,-2.798663
59.477001,0.360263,-0.499401,-0.465465,0.302011,-2.862011,-2.862011,-2.862011,-2.862011
59.486488,0.358530,-0.502644,-0.467559,0.299589,-2.918936,-2.918936,-2.918936,-2.918936
59.497040,0.357157,-0.505554,-0.469247,0.297283,-2.982242,-2.982242,-2.982242,-2.982242
59.506542,0.374703,-0.508409,-0.470639,0.295230,-3.000000,-3.000000,-3.000000,-3.000000
59.517105,0.391590,-0.511354,-0.472279,0.311106,-3.000000,-3.000000,-3.000000,-3.000000
59.526608,0.407247,-0.514316,-0.473811,0.326582,-3.000000,-3.000000,-3.000000,-3.000000
59.537117,0.421133,-0.518180,-0.477086,0.340706,-3.000000,-3.000000,-3.000000,-3.000000
59.546623,0.428671,-0.512465,-0.471443,0.348016,-3.000000,-3.000000,-3.000000,-3.000000
59.557129,0.442142,-0.516027,-0.475084,0.361623,-3.000000,-3.000000,-3.000000,-3.000000
59.566612,0.454671,-0.519142,-0.478487,0.374439,-3.000000,-3.000000,-3.000000,-3.000000
59.577122,0.467285,-0.522232,-0.481779,0.386912,-3.000000,-3.000000,-3.000000,-3.000000
59.586632,0.472387,-0.516252,-0.475764,0.391622,-3.000000,-3.000000,-3.000000,-3.000000
59.597172,0.484467,-0.520951,-0.479961,0.403716,-3.000000,-3.000000,-3.000000,-3.000000
59.606659,0.488710,-0.514939,-0.473900,0.407857,-3.000000,-3.000000,-3.000000,-3.000000
59.617176,0.500341,-0.518039,-0.476776,0.419669,-3.000000,-3.000000,-3.000000,-3.000000
59.626678,0.511740,-0.520883,-0.479357,0.431435,-3.000000,-3.000000,-3.000000,-3.000000
59.637226,0.522173,-0.524352,-0.482826,0.441893,-3.000000,-3.000000,-3.000000,-3.000000
59.646744,0.524642,-0.518899,-0.477372,0.444407,-3.000000,-3.000000,-3.000000,-3.000000
59.656200,0.535122,-0.522917,-0.481238,0.454773,-3.000000,-3.000000,-3.000000,-3.000000
59.666740,0.537874,-0.517058,-0.475545,0.457121,-3.000000,-3.000000,-3.000000,-3.000000
59.676224,0.547107,-0.521544,-0.479706,0.467028,-3.000000,-3.000000,-3.000000,-3.000000
59.686768,0.555580,-0.525055,-0.483426,0.476330,-3.000000,-3.000000,-3.000000,-3.000000
59.696224,0.564459,-0.527968,-0.486738,0.485406,-3.000000,-3.000000,-3.000000,-3.000000
59.706764,0.572988,-0.532151,-0.491144,0.494416,-3.000000,-3.000000,-3.000000,-3.000000
59.716225,0.580784,-0.535532,-0.495046,0.502744,-3.000000,-3.000000,-3.000000,-3.000000
59.726727,0.587586,-0.539128,-0.498849,0.510383,-3.000000,-3.000000,-3.000000,-3.000000
59.736172,0.594365,-0.543769,-0.503656,0.518112,-3.000000,-3.000000,-3.000000,-3.000000
59.746704,0.600862,-0.546805,-0.506945,0.525905,-3.000000,-3.000000,-3.000000,-3.000000
59.756172,0.607422,-0.550010,-0.510296,0.533464,-3.000000,-3.000000,-3.000000,-3.000000
59.766712,0.615117,-0.553805,-0.514062,0.540740,-3.000000,-3.000000,-3.000000,-3.000000
59.777225,0.622924,-0.557817,-0.517329,0.547919,-3.000000,-3.000000,-3.000000,-3.000000
59.786739,0.629566,-0.561605,-0.520507,0.555497,-3.000000,-3.000000,-3.000000,-3.000000
59.796223,0.635558,-0.564203,-0.523726,0.562354,-3.000000,-3.000000,-3.000000,-3.000000
59.806763,0.633297,-0.557802,-0.518220,0.560530,-3.000000,-3.000000,-3.000000,-3.000000
59.816223,0.639988,-0.561684,-0.522956,0.567311,-3.000000,-3.000000,-3.000000,-3.000000
59.826752,0.645381,-0.564747,-0.526496,0.573186,-3.000000,-3.000000,-3.000000,-3.000000
59.836231,0.650160,-0.567917,-0.530191,0.578476,-3.000000,-3.000000,-3.000000,-3.000000
59.846783,0.654418,-0.570824,-0.533629,0.583797,-3.000000,-3.000000,-3.000000,-3.000000
59.856236,0.658816,-0.573192,-0.536655,0.589414,-3.000000,-3.000000,-3.000000,-3.000000
59.866776,0.663896,-0.577232,-0.540836,0.595579,-3.000000,-3.000000,-3.000000,-3.000000
59.876221,0.668674,-0.580054,-0.544171,0.600554,-3.000000,-3.000000,-3.000000,-3.000000
59.886776,0.674913,-0.584102,-0.548098,0.606867,-3.000000,-3.000000,-3.000000,-3.000000
59.896236,0.679643,-0.586645,-0.550351,0.611914,-3.000000,-3.000000,-3.000000,-3.000000
59.906769,0.684467,-0.589176,-0.552674,0.616938,-3.000000,-3.000000,-3.000000,-3.000000
59.916225,0.689265,-0.592462,-0.556425,0.622624,-3.000000,-3.000000,-3.000000,-3.000000
59.926723,0.693366,-0.594603,-0.559169,0.627334,-3.000000,-3.000000,-3.000000,-3.000000
59.937222,0.697613,-0.598306,-0.563058,0.632735,-3.000000,-3.000000,-3.000000,-3.000000
59.946743,0.701325,-0.600606,-0.566022,0.637014,-3.000000,-3.000000,-3.000000,-3.000000
59.956226,0.705475,-0.603136,-0.568722,0.641513,-3.000000,-3.000000,-3.000000,-3.000000
59.966770,0.700668,-0.595704,-0.561579,0.637451,-3.000000,-3.000000,-3.000000,-3.000000
59.976227,0.705360,-0.597365,-0.563532,0.642738,-3.000000,-3.000000,-3.000000,-3.000000
59.986771,0.710318,-0.600515,-0.566892,0.648251,-3.000000,-3.000000,-3.000000,-3.000000
59.996185,0.714385,-0.602851,-0.569785,0.652118,-3.000000,-3.000000,-3.000000,-3.000000
60.006733,0.718712,-0.605390,-0.572406,0.656206,-3.000000,-3.000000,-3.000000,-3.000000
60.016224,0.722548,-0.607716,-0.574676,0.660086,-3.000000,-3.000000,-3.000000,-3.000000
60.026836,0.726299,-0.609636,-0.576834,0.663919,-3.000000,-3.000000,-3.000000,-3.000000
60.036327,0.730701,-0.613038,-0.580183,0.668858,-3.000000,-3.000000,-3.000000,-3.000000
60.046833,0.734187,-0.614630,-0.582287,0.672616,-3.000000,-3.000000,-3.000000,-3.000000
60.056332,0.737635,-0.616412,-0.584254,0.676451,-3.000000,-3.000000,-3.000000,-3.000000
60.066879,0.740407,-0.618090,-0.586400,0.679817,-3.000000,-3.000000,-3.000000,-3.000000
60.076324,0.742434,-0.619654,-0.588189,0.683004,-3.000000,-3.000000,-3.000000,-3.000000
60.086861,0.745393,-0.621948,-0.590508,0.686327,-3.000000,-3.000000,-3.000000,-3.000000
60.096279,0.748432,-0.623874,-0.592260,0.689707,-3.000000,-3.000000,-3.000000,-3.000000
60.106823,0.753015,-0.626656,-0.595236,0.694158,-3.000000,-3.000000,-3.000000,-3.000000
60.116241,0.757249,-0.628757,-0.596858,0.697548,-3.000000,-3.000000,-3.000000,-3.000000
60.126762,0.759961,-0.630533,-0.598179,0.700638,-3.000000,-3.000000,-3.000000,-3.000000
60.136234,0.762523,-0.632288,-0.599908,0.703973,-3.000000,-3.000000,-3.000000,-3.000000
60.146744,0.765874,-0.633659,-0.601784,0.707107,-3.000000,-3.000000,-3.000000,-3.000000
60.156200,0.768454,-0.635047,-0.603509,0.710006,-3.000000,-3.000000,-3.000000,-3.000000
60.166676,0.769774,-0.636661,-0.605285,0.712629,-3.000000,-3.000000,-3.000000,-3.000000
60.176174,0.772551,-0.639344,-0.608482,0.716123,-3.000000,-3.000000,-3.000000,-3.000000
60.186714,0.773799,-0.640316,-0.610014,0.718241,-3.000000,-3.000000,-3.000000,-3.000000
60.197224,0.775871,-0.642317,-0.612012,0.720692,-3.000000,-3.000000,-3.000000,-3.000000
60.206741,0.778149,-0.643877,-0.613481,0.723108,-3.000000,-3.000000,-3.000000,-3.000000
60.216225,0.780636,-0.645675,-0.614549,0.725711,-3.000000,-3.000000,-3.000000,-3.000000
60.226776,0.774056,-0.638798,-0.606589,0.718357,-3.000000,-3.000000,-3.000000,-3.000000
60.237232,0.776127,-0.640342,-0.607407,0.720982,-3.000000,-3.000000,-3.000000,-3.000000
60.246738,0.779712,-0.642784,-0.609865,0.724960,-3.000000,-3.000000,-3.000000,-3.000000
60.256226,0.782346,-0.643597,-0.610900,0.727560,-3.000000,-3.000000,-3.000000,-3.000000
60.266773,0.775632,-0.634943,-0.602691,0.720571,-3.000000,-3.000000,-3.000000,-3.000000
60.276226,0.777494,-0.636351,-0.604190,0.722897,-3.000000,-3.000000,-3.000000,-3.000000
60.286762,0.779175,-0.637684,-0.605952,0.725342,-3.000000,-3.000000,-3.000000,-3.000000
60.296227,0.780487,-0.638897,-0.607449,0.727777,-3.000000,-3.000000,-3.000000,-3.000000
60.306744,0.781561,-0.640052,-0.609114,0.729725,-3.000000,-3.000000,-3.000000,-3.000000
60.316170,0.784789,-0.643257,-0.612759,0.732975,-3.000000,-3.000000,-3.000000,-3.000000
60.326717,0.786268,-0.645072,-0.614404,0.734749,-3.000000,-3.000000,-3.000000,-3.000000
60.337223,0.789254,-0.648204,-0.617488,0.737660,-3.000000,-3.000000,-3.000000,-3.000000
60.346745,0.790978,-0.650909,-0.619168,0.739161,-3.000000,-3.000000,-3.000000,-3.000000
60.356224,0.792223,-0.652422,-0.620202,0.741128,-3.000000,-3.000000,-3.000000,-3.000000
60.366768,0.784775,-0.643420,-0.611310,0.734139,-3.000000,-3.000000,-3.000000,-3.000000
60.376225,0.786862,-0.644724,-0.612794,0.736599,-3.000000,-3.000000,-3.000000,-3.000000
60.386772,0.788720,-0.645759,-0.614199,0.738918,-3.000000,-3.000000,-3.000000,-3.000000
60.396278,0.790468,-0.646490,-0.615672,0.740879,-3.000000,-3.000000,-3.000000,-3.000000
60.406815,0.793115,-0.649178,-0.618347,0.744325,-3.000000,-3.000000,-3.000000,-3.000000
60.416275,0.794041,-0.649825,-0.619568,0.746032,-3.000000,-3.000000,-3.000000,-3.000000
60.426842,0.797642,-0.652278,-0.622494,0.749568,-3.000000,-3.000000,-3.000000,-3.000000
60.436275,0.799607,-0.653335,-0.623641,0.751562,-3.000000,-3.000000,-3.000000,-3.000000
60.446850,0.801334,-0.654823,-0.625519,0.753043,-3.000000,-3.000000,-3.000000,-3.000000
60.456329,0.802536,-0.657163,-0.627755,0.754690,-3.000000,-3.000000,-3.000000,-3.000000
60.466866,0.804231,-0.658480,-0.628989,0.756335,-3.000000,-3.000000,-3.000000,-3.000000
60.476341,0.805722,-0.659712,-0.629615,0.757820,-3.000000,-3.000000,-3.000000,-3.000000
60.486893,0.806757,-0.660916,-0.630843,0.759274,-3.000000,-3.000000,-3.000000,-3.000000
60.496384,0.809600,-0.663381,-0.633244,0.762481,-3.000000,-3.000000,-3.000000,-3.000000
60.506908,0.810967,-0.665541,-0.635852,0.765209,-2.958558,-2.958558,-2.958558,-2.958558
60.516384,0.812511,-0.666006,-0.636560,0.767066,-2.901694,-2.901694,-2.901694,-2.901694
60.526932,0.813612,-0.666528,-0.637188,0.768711,-2.838414,-2.838414,-2.838414,-2.838414
60.536385,0.814120,-0.667137,-0.638038,0.769884,-2.781686,-2.781686,-2.781686,-2.781686
60.546925,0.815456,-0.668508,-0.639738,0.771031,-2.718461,-2.718461,-2.718461,-2.718461
60.556381,0.816495,-0.669743,-0.640980,0.771939,-2.661712,-2.661712,-2.661712,-2.661712
60.566929,0.817406,-0.671570,-0.641936,0.772783,-2.598436,-2.598436,-2.598436,-2.598436
60.576382,0.818831,-0.673495,-0.642534,0.773666,-2.541708,-2.541708,-2.541708,-2.541708
60.586933,0.821308,-0.675703,-0.644153,0.776373,-2.478400,-2.478400,-2.478400,-2.478400
60.596378,0.822123,-0.676159,-0.644791,0.777807,-2.421728,-2.421728,-2.421728,-2.421728
60.606918,0.822803,-0.676745,-0.645984,0.778960,-2.358494,-2.358494,-2.358494,-2.358494
60.616386,0.824302,-0.677313,-0.647177,0.780160,-2.301671,-2.301671,-2.301671,-2.301671
60.626934,0.825039,-0.678173,-0.647908,0.781388,-2.238392,-2.238392,-2.238392,-2.238392
60.636444,0.825299,-0.678950,-0.648497,0.782531,-2.181345,-2.181345,-2.181345,-2.181345
60.646984,0.825976,-0.679458,-0.649500,0.764830,-2.118093,-2.118093,-2.118093,-2.118093
60.656437,0.808279,-0.681246,-0.650915,0.747619,-2.061374,-2.061374,-2.061374,-2.061374
60.666985,0.791586,-0.682511,-0.651240,0.731630,-1.998088,-1.998088,-1.998088,-1.998088
60.676441,0.775988,-0.682753,-0.650911,0.716732,-1.941354,-1.941354,-1.941354,-1.941354
60.686977,0.761120,-0.683126,-0.650980,0.702173,-1.878140,-1.878140,-1.878140,-1.878140
60.696430,0.747328,-0.684904,-0.652656,0.688643,-1.821420,-1.821420,-1.821420,-1.821420
60.706978,0.733649,-0.685038,-0.652598,0.675118,-1.758143,-1.758143,-1.758143,-1.758143
60.716431,0.720552,-0.685135,-0.652357,0.662115,-1.701406,-1.701406,-1.701406,-1.701406
60.726974,0.708064,-0.686712,-0.653683,0.649844,-1.638145,-1.638145,-1.638145,-1.638145
60.737495,0.696069,-0.686696,-0.653226,0.637803,-1.575035,-1.575035,-1.575035,-1.575035
60.747025,0.684667,-0.686154,-0.652325,0.626412,-1.517862,-1.517862,-1.517862,-1.517862
60.757542,0.673896,-0.685014,-0.650933,0.615538,-1.454744,-1.454744,-1.454744,-1.454744
60.768093,0.671126,-0.675075,-0.649539,0.604525,-1.391452,-1.391452,-1.391452,-1.391452
60.777538,0.660816,-0.673606,-0.647709,0.594007,-1.334781,-1.334781,-1.334781,-1.334781
60.788086,0.650251,-0.671936,-0.645674,0.583549,-1.271495,-1.271495,-1.271495,-1.271495
60.797546,0.647691,-0.662568,-0.635559,0.581348,-1.214713,-1.214713,-1.214713,-1.214713
60.808090,0.638272,-0.659950,-0.634355,0.571527,-1.151456,-1.151456,-1.151456,-1.151456
60.817539,0.636715,-0.650739,-0.623783,0.570159,-1.094768,-1.094768,-1.094768,-1.094768
60.828053,0.627102,-0.649520,-0.622289,0.560572,-1.031694,-1.031694,-1.031694,-1.031694
60.837540,0.625808,-0.640390,-0.612432,0.559277,-0.974760,-0.974760,-0.974760,-0.974760
60.848087,0.616573,-0.637237,-0.609088,0.549888,-0.911477,-0.911477,-0.911477,-0.911477
60.857540,0.607326,-0.635253,-0.607126,0.540329,-0.854761,-0.854761,-0.854761,-0.854761
60.868092,0.599103,-0.631343,-0.602626,0.532084,-0.791457,-0.791457,-0.791457,-0.791457
60.877544,0.599849,-0.621859,-0.592347,0.532577,-0.734728,-0.734728,-0.734728,-0.734728
60.888107,0.592514,-0.617344,-0.587423,0.525233,-0.671360,-0.671360,-0.671360,-0.671360
60.897621,0.592776,-0.609213,-0.578504,0.525063,-0.614264,-0.614264,-0.614264,-0.614264
60.908176,0.584890,-0.608426,-0.577916,0.517558,-0.550943,-0.550943,-0.550943,-0.550943
60.917671,0.584423,-0.600833,-0.570130,0.516989,-0.493983,-0.493983,-0.493983,-0.493983
60.928223,0.577793,-0.596096,-0.565412,0.510523,-0.430655,-0.430655,-0.430655,-0.430655
60.937710,0.577751,-0.588512,-0.557261,0.510163,-0.373745,-0.373745,-0.373745,-0.373745
60.947174,0.571931,-0.583328,-0.551919,0.504738,-0.316961,-0.316961,-0.316961,-0.316961
60.957714,0.566623,-0.577922,-0.546580,0.499748,-0.253711,-0.253711,-0.253711,-0.253711
60.967175,0.562097,-0.571966,-0.540829,0.495404,-0.196953,-0.196953,-0.196953,-0.196953
60.977642,0.558315,-0.565444,-0.534570,0.491689,-0.134146,-0.134146,-0.134146,-0.134146
60.988117,0.554954,-0.558405,-0.528706,0.488229,-0.071288,-0.071288,-0.071288,-0.071288
60.997589,0.551521,-0.551168,-0.521376,0.485242,-0.014465,-0.014465,-0.014465,-0.014465
61.008118,0.548531,-0.542186,-0.513852,0.482589,0.048713,0.048713,0.048713,0.048713
61.017612,0.548524,-0.533056,-0.505546,0.482726,0.105686,0.105686,0.105686,0.105686
61.028172,0.545744,-0.524908,-0.495679,0.480620,0.169031,0.169031,0.169031,0.169031
61.037689,0.543887,-0.516719,-0.487796,0.478871,0.226137,0.226137,0.226137,0.226137
61.048187,0.542904,-0.508871,-0.479568,0.477943,0.289133,0.289133,0.289133,0.289133
61.057701,0.543637,-0.502068,-0.472198,0.478417,0.346204,0.346204,0.346204,0.346204
61.067173,0.542662,-0.493959,-0.464350,0.477399,0.403032,0.403032,0.403032,0.403032
61.077724,0.542246,-0.487987,-0.458510,0.477202,0.466336,0.466336,0.466336,0.466336
61.087223,0.539087,-0.477368,-0.448622,0.476091,0.523333,0.523333,0.523333,0.523333
61.097755,0.540970,-0.469760,-0.442164,0.476691,0.586532,0.586532,0.586532,0.586532
61.107224,0.540748,-0.461487,-0.434845,0.477667,0.643335,0.643335,0.643335,0.643335
61.117764,0.542135,-0.453702,-0.427654,0.480020,0.706572,0.706572,0.706572,0.706572
61.127224,0.543176,-0.445531,-0.420235,0.481311,0.763336,0.763336,0.763336,0.763336
61.137760,0.544296,-0.437474,-0.412626,0.482875,0.826562,0.826562,0.826562,0.826562
61.147228,0.545416,-0.429663,-0.404977,0.484600,0.883358,0.883358,0.883358,0.883358
61.157745,0.546891,-0.421515,-0.397060,0.486632,0.946474,0.946474,0.946474,0.946474
61.167171,0.548621,-0.413434,-0.389230,0.491867,1.003022,1.003022,1.003022,1.003022
61.177704,0.550526,-0.405273,-0.381764,0.494060,1.066213,1.066213,1.066213,1.066213
61.187168,0.555723,-0.397037,-0.374251,0.499834,1.123017,1.123017,1.123017,1.123017
61.197701,0.557748,-0.388771,-0.366770,0.502217,1.186198,1.186198,1.186198,1.186198
61.207169,0.559704,-0.380695,-0.359509,0.504713,1.243018,1.243018,1.243018,1.243018
61.217701,0.561724,-0.372618,-0.352272,0.507364,1.306215,1.306215,1.306215,1.306215
61.227169,0.563894,-0.364448,-0.344963,0.510091,1.363024,1.363024,1.363024,1.363024
61.237713,0.566192,-0.356261,-0.337584,0.513011,1.426279,1.426279,1.426279,1.426279
61.247169,0.569172,-0.347601,-0.329478,0.516469,1.483027,1.483027,1.483027,1.483027
61.257713,0.573273,-0.338828,-0.321010,0.520915,1.546282,1.546282,1.546282,1.546282
61.267174,0.575848,-0.331839,-0.314580,0.524083,1.603035,1.603035,1.603035,1.603035
61.277718,0.578384,-0.324890,-0.308479,0.527435,1.666296,1.666296,1.666296,1.666296
61.287170,0.581182,-0.317983,-0.302441,0.531005,1.723027,1.723027,1.723027,1.723027
61.297703,0.584249,-0.311553,-0.296698,0.534744,1.786207,1.786207,1.786207,1.786207
61.308224,0.587345,-0.305354,-0.291177,0.539419,1.849347,1.849347,1.849347,1.849347
61.317707,0.590630,-0.299333,-0.285945,0.543375,1.906247,1.906247,1.906247,1.906247
61.328224,0.594213,-0.293330,-0.280737,0.547528,1.969345,1.969345,1.969345,1.969345
61.338772,0.598168,-0.287377,-0.275577,0.551671,2.032627,2.032627,2.032627,2.032627
61.348225,0.601817,-0.281813,-0.270728,0.555536,2.089342,2.089342,2.089342,2.089342
61.358765,0.605111,-0.276347,-0.266060,0.559031,2.152583,2.152583,2.152583,2.152583
61.368225,0.608141,-0.270981,-0.261527,0.562437,2.209356,2.209356,2.209356,2.209356
61.378777,0.610408,-0.266238,-0.257718,0.565369,2.272661,2.272661,2.272661,2.272661
61.388222,0.612809,-0.261470,-0.253954,0.568310,2.329331,2.329331,2.329331,2.329331
61.398762,0.615111,-0.256848,-0.250300,0.571005,2.392571,2.392571,2.392571,2.392571
61.408234,0.617226,-0.252248,-0.246599,0.573573,2.449404,2.449404,2.449404,2.449404
61.418789,0.619271,-0.247823,-0.243060,0.576048,2.512729,2.512729,2.512729,2.512729
61.428276,0.620732,-0.243870,-0.240072,0.578128,2.569649,2.569649,2.569649,2.569649
61.438793,0.621689,-0.240161,-0.237412,0.579872,2.632756,2.632756,2.632756,2.632756
61.448284,0.623301,-0.236053,-0.234111,0.582188,2.689702,2.689702,2.689702,2.689702
61.458828,0.626227,-0.231243,-0.229766,0.585688,2.752962,2.752962,2.752962,2.752962
61.468277,0.627564,-0.227685,-0.226713,0.587801,2.809657,2.809657,2.809657,2.809657
61.478809,0.629278,-0.223986,-0.223492,0.590074,2.872860,2.872860,2.872860,2.872860
61.488277,0.632096,-0.219536,-0.219468,0.593302,2.929658,2.929658,2.929658,2.929658
61.498791,0.632975,-0.216259,-0.217003,0.594772,2.992745,2.992745,2.992745,2.992745
61.508236,0.633897,-0.213049,-0.214662,0.596170,3.000000,3.000000,3.000000,3.000000
61.518757,0.634636,-0.210003,-0.212445,0.597512,3.000000,3.000000,3.000000,3.000000
61.528225,0.634970,-0.225145,-0.228427,0.598798,3.000000,3.000000,3.000000,3.000000
61.538776,0.636844,-0.239148,-0.242982,0.601527,3.000000,3.000000,3.000000,3.000000
61.548229,0.637564,-0.252716,-0.257054,0.603123,3.000000,3.000000,3.000000,3.000000
61.558762,0.639227,-0.265948,-0.270542,0.605258,3.000000,3.000000,3.000000,3.000000
61.568222,0.641813,-0.278741,-0.283887,0.607187,3.000000,3.000000,3.000000,3.000000
61.578758,0.644247,-0.291054,-0.296181,0.609433,3.000000,3.000000,3.000000,3.000000
61.588223,0.646724,-0.303174,-0.308401,0.611712,3.000000,3.000000,3.000000,3.000000
61.598763,0.649897,-0.314791,-0.320447,0.613958,3.000000,3.000000,3.000000,3.000000
61.608185,0.652358,-0.325920,-0.331724,0.616340,3.000000,3.000000,3.000000,3.000000
61.618729,0.655601,-0.336459,-0.342593,0.619873,3.000000,3.000000,3.000000,3.000000
61.629169,0.657588,-0.346806,-0.353460,0.622148,3.000000,3.000000,3.000000,3.000000
61.638649,0.659540,-0.356807,-0.364173,0.624149,3.000000,3.000000,3.000000,3.000000
61.649174,0.662878,-0.367111,-0.374564,0.627749,3.000000,3.000000,3.000000,3.000000
61.658699,0.655761,-0.368931,-0.376708,0.620655,3.000000,3.000000,3.000000,3.000000
61.669121,0.658698,-0.378604,-0.386194,0.623245,3.000000,3.000000,3.000000,3.000000
61.678616,0.653122,-0.380039,-0.387251,0.616893,3.000000,3.000000,3.000000,3.000000
61.689121,0.656748,-0.389125,-0.396103,0.619842,3.000000,3.000000,3.000000,3.000000
61.698620,0.651042,-0.390569,-0.397359,0.613983,3.000000,3.000000,3.000000,3.000000
61.709118,0.653927,-0.399294,-0.406856,0.616985,3.000000,3.000000,3.000000,3.000000
61.718609,0.656242,-0.407541,-0.415504,0.619900,3.000000,3.000000,3.000000,3.000000
61.729122,0.659727,-0.415460,-0.423948,0.622792,3.000000,3.000000,3.000000,3.000000
61.738575,0.654181,-0.415244,-0.423628,0.616901,3.000000,3.000000,3.000000,3.000000
61.749100,0.657441,-0.422748,-0.431063,0.620054,3.000000,3.000000,3.000000,3.000000
61.758606,0.651536,-0.422159,-0.430359,0.614026,3.000000,3.000000,3.000000,3.000000
61.769119,0.655871,-0.430489,-0.438509,0.618211,3.000000,3.000000,3.000000,3.000000
61.778622,0.649517,-0.430094,-0.437622,0.612100,3.000000,3.000000,3.000000,3.000000
61.789120,0.653233,-0.438010,-0.444924,0.615697,3.000000,3.000000,3.000000,3.000000
61.798615,0.648864,-0.437228,-0.443474,0.610713,3.000000,3.000000,3.000000,3.000000
61.809120,0.653499,-0.444378,-0.450142,0.614786,3.000000,3.000000,3.000000,3.000000
61.818615,0.658006,-0.451750,-0.456811,0.618854,3.000000,3.000000,3.000000,3.000000
61.829121,0.663493,-0.458666,-0.462668,0.622752,3.000000,3.000000,3.000000,3.000000
61.838596,0.668790,-0.465058,-0.467640,0.627186,3.000000,3.000000,3.000000,3.000000
61.849121,0.672379,-0.470428,-0.472994,0.631108,3.000000,3.000000,3.000000,3.000000
61.858616,0.667201,-0.467622,-0.470967,0.625874,3.000000,3.000000,3.000000,3.000000
61.869118,0.672452,-0.474386,-0.478050,0.630610,3.000000,3.000000,3.000000,3.000000
61.878609,0.666843,-0.472095,-0.475510,0.625012,3.000000,3.000000,3.000000,3.000000
61.889118,0.671361,-0.478426,-0.482041,0.629321,3.000000,3.000000,3.000000,3.000000
61.898617,0.673169,-0.483861,-0.487043,0.632566,3.000000,3.000000,3.000000,3.000000
61.909122,0.675172,-0.490755,-0.493348,0.635165,3.000000,3.000000,3.000000,3.000000
61.918617,0.668542,-0.488567,-0.490291,0.629161,3.000000,3.000000,3.000000,3.000000
61.929173,0.672637,-0.493902,-0.494874,0.633291,3.000000,3.000000,3.000000,3.000000
61.938679,0.667841,-0.491054,-0.490847,0.628005,3.000000,3.000000,3.000000,3.000000
61.948174,0.671871,-0.496632,-0.495952,0.631880,3.000000,3.000000,3.000000,3.000000
61.958721,0.667175,-0.493559,-0.492425,0.626931,3.000000,3.000000,3.000000,3.000000
61.968185,0.671182,-0.498712,-0.497547,0.630681,3.000000,3.000000,3.000000,3.000000
61.978695,0.676003,-0.504455,-0.503179,0.635315,3.000000,3.000000,3.000000,3.000000
61.988178,0.679199,-0.509903,-0.508312,0.638741,3.000000,3.000000,3.000000,3.000000
61.998726,0.681533,-0.515320,-0.513516,0.641890,3.000000,3.000000,3.000000,3.000000
62.008175,0.684782,-0.520551,-0.519349,0.646136,3.000000,3.000000,3.000000,3.000000
62.018726,0.688586,-0.525600,-0.523740,0.649630,3.000000,3.000000,3.000000,3.000000
62.028275,0.692288,-0.530038,-0.527785,0.652994,3.000000,3.000000,3.000000,3.000000
62.038834,0.696112,-0.534759,-0.531989,0.656237,3.000000,3.000000,3.000000,3.000000
62.048275,0.700006,-0.539928,-0.536126,0.659407,3.000000,3.000000,3.000000,3.000000
62.058781,0.704606,-0.544713,-0.540505,0.663840,3.000000,3.000000,3.000000,3.000000
62.068222,0.707855,-0.548680,-0.544124,0.667371,3.000000,3.000000,3.000000,3.000000
62.078773,0.710409,-0.552714,-0.548410,0.670393,3.000000,3.000000,3.000000,3.000000
62.088226,0.713490,-0.556518,-0.552581,0.673391,3.000000,3.000000,3.000000,3.000000
62.098770,0.716685,-0.560310,-0.556340,0.676221,3.000000,3.000000,3.000000,3.000000
62.108223,0.719264,-0.563668,-0.559618,0.678911,3.000000,3.000000,3.000000,3.000000
62.118759,0.720844,-0.566304,-0.562300,0.681424,3.000000,3.000000,3.000000,3.000000
62.128227,0.722552,-0.569703,-0.565425,0.683948,3.000000,3.000000,3.000000,3.000000
62.138748,0.725435,-0.573884,-0.568947,0.686653,3.000000,3.000000,3.000000,3.000000
62.148235,0.728508,-0.577509,-0.571672,0.689597,3.000000,3.000000,3.000000,3.000000
62.158783,0.733028,-0.582026,-0.575246,0.694103,3.000000,3.000000,3.000000,3.000000
62.168278,0.737854,-0.585516,-0.577268,0.697249,3.000000,3.000000,3.000000,3.000000
62.178825,0.741746,-0.588776,-0.578255,0.700269,3.000000,3.000000,3.000000,3.000000
62.188274,0.744504,-0.591659,-0.580259,0.703249,3.000000,3.000000,3.000000,3.000000
62.198776,0.747431,-0.594211,-0.582654,0.706172,3.000000,3.000000,3.000000,3.000000
62.208183,0.750413,-0.596908,-0.585456,0.708835,3.000000,3.000000,3.000000,3.000000
62.218731,0.753954,-0.600798,-0.589246,0.712676,3.000000,3.000000,3.000000,3.000000
62.228226,0.756601,-0.602925,-0.591470,0.715442,3.000000,3.000000,3.000000,3.000000
62.238773,0.759269,-0.604926,-0.593398,0.718296,3.000000,3.000000,3.000000,3.000000
62.248226,0.762334,-0.608408,-0.597070,0.721540,3.000000,3.000000,3.000000,3.000000
62.258770,0.762711,-0.610411,-0.598921,0.723163,3.000000,3.000000,3.000000,3.000000
62.268227,0.764327,-0.613040,-0.601406,0.724948,3.000000,3.000000,3.000000,3.000000
62.278778,0.767630,-0.616370,-0.603889,0.728452,3.000000,3.000000,3.000000,3.000000
62.288223,0.769691,-0.619080,-0.605567,0.730356,3.000000,3.000000,3.000000,3.000000
62.298798,0.771749,-0.621538,-0.607840,0.732434,3.000000,3.000000,3.000000,3.000000
62.308277,0.774110,-0.623553,-0.609806,0.734480,3.000000,3.000000,3.000000,3.000000
62.318813,0.776165,-0.625637,-0.611602,0.736634,3.000000,3.000000,3.000000,3.000000
62.328274,0.779548,-0.628833,-0.614966,0.739855,3.000000,3.000000,3.000000,3.000000
62.338821,0.780791,-0.631120,-0.617138,0.741381,3.000000,3.000000,3.000000,3.000000
62.348236,0.781595,-0.633610,-0.619384,0.742602,3.000000,3.000000,3.000000,3.000000
62.358780,0.782730,-0.635117,-0.621017,0.744464,3.000000,3.000000,3.000000,3.000000
62.368229,0.783724,-0.636401,-0.622454,0.746077,3.000000,3.000000,3.000000,3.000000
62.378723,0.786172,-0.639337,-0.625432,0.748869,3.000000,3.000000,3.000000,3.000000
62.389233,0.787952,-0.642983,-0.628048,0.750127,3.000000,3.000000,3.000000,3.000000
62.398735,0.788851,-0.645487,-0.629335,0.751826,3.000000,3.000000,3.000000,3.000000
62.408226,0.791770,-0.648332,-0.632027,0.754823,3.000000,3.000000,3.000000,3.000000
62.418758,0.784801,-0.640744,-0.623936,0.747399,3.000000,3.000000,3.000000,3.000000
62.428223,0.786652,-0.642495,-0.625472,0.749278,3.000000,3.000000,3.000000,3.000000
62.438763,0.788729,-0.644156,-0.626902,0.751297,3.000000,3.000000,3.000000,3.000000
62.448223,0.790861,-0.645692,-0.628222,0.753387,3.000000,3.000000,3.000000,3.000000
62.458767,0.794023,-0.648187,-0.631132,0.756329,3.000000,3.000000,3.000000,3.000000
62.468224,0.794502,-0.649506,-0.632421,0.757563,3.000000,3.000000,3.000000,3.000000
62.478767,0.795213,-0.652433,-0.634558,0.758685,3.000000,3.000000,3.000000,3.000000
62.488224,0.795850,-0.654993,-0.636224,0.759933,3.000000,3.000000,3.000000,3.000000
62.498768,0.797261,-0.656828,-0.637145,0.761738,3.000000,3.000000,3.000000,3.000000
62.508263,0.801104,-0.659939,-0.639250,0.764640,2.950424,2.950424,2.950424,2.950424
62.518837,0.802608,-0.661547,-0.639538,0.766231,2.886972,2.886972,2.886972,2.886972
62.528336,0.804569,-0.663113,-0.640522,0.768185,2.829992,2.829992,2.829992,2.829992
62.538898,0.807178,-0.665833,-0.643060,0.771118,2.766613,2.766613,2.766613,2.766613
62.548389,0.808276,-0.666513,-0.643887,0.772581,2.709652,2.709652,2.709652,2.709652
62.558952,0.810274,-0.667467,-0.644922,0.774225,2.646295,2.646295,2.646295,2.646295
62.568443,0.811180,-0.668281,-0.645976,0.775378,2.589349,2.589349,2.589349,2.589349
62.578972,0.811922,-0.669018,-0.647094,0.776414,2.526179,2.526179,2.526179,2.526179
62.588440,0.814586,-0.672173,-0.649951,0.779132,2.469361,2.469361,2.469361,2.469361
62.598991,0.815998,-0.673114,-0.650962,0.780094,2.406047,2.406047,2.406047,2.406047
62.608494,0.818183,-0.674088,-0.651684,0.781542,2.349045,2.349045,2.349045,2.349045
62.619049,0.822140,-0.676970,-0.654010,0.784339,2.285712,2.285712,2.285712,2.285712
62.628540,0.822657,-0.678151,-0.635627,0.785444,2.228761,2.228761,2.228761,2.228761
62.639084,0.823367,-0.660820,-0.618903,0.786525,2.165499,2.165499,2.165499,2.165499
62.648544,0.815049,-0.644158,-0.609450,0.778321,2.108745,2.108745,2.108745,2.108745
62.659092,0.815976,-0.628235,-0.593668,0.779389,2.045450,2.045450,2.045450,2.045450
62.668541,0.816819,-0.612725,-0.578386,0.780477,1.988751,1.988751,1.988751,1.988751
62.679092,0.817437,-0.597886,-0.563962,0.781310,1.925440,1.925440,1.925440,1.925440
62.688591,0.807895,-0.590717,-0.557540,0.771984,1.868465,1.868465,1.868465,1.868465
62.699120,0.809561,-0.577535,-0.545098,0.773847,1.805288,1.805288,1.805288,1.805288
62.708614,0.799695,-0.571178,-0.539629,0.764334,1.748312,1.748312,1.748312,1.748312
62.719124,0.799788,-0.557326,-0.526331,0.764998,1.685251,1.685251,1.685251,1.685251
62.728619,0.790662,-0.551044,-0.521202,0.756170,1.628283,1.628283,1.628283,1.628283
62.739120,0.789963,-0.537951,-0.509301,0.756126,1.565284,1.565284,1.565284,1.565284
62.748611,0.788740,-0.525263,-0.497717,0.755785,1.508322,1.508322,1.508322,1.508322
62.759121,0.787463,-0.513116,-0.486849,0.754729,1.445281,1.445281,1.445281,1.445281
62.768612,0.777947,-0.509002,-0.483737,0.745317,1.388320,1.388320,1.388320,1.388320
62.779121,0.777389,-0.497682,-0.473089,0.745382,1.325279,1.325279,1.325279,1.325279
62.788612,0.767975,-0.493950,-0.470738,0.736170,1.268336,1.268336,1.268336,1.268336
62.799122,0.765415,-0.482703,-0.460658,0.734017,1.205265,1.205265,1.205265,1.205265
62.808624,0.756049,-0.479496,-0.458972,0.724849,1.148264,1.148264,1.148264,1.148264
62.819168,0.752460,-0.468986,-0.449840,0.721846,1.084981,1.084981,1.084981,1.084981
62.828693,0.748559,-0.458709,-0.440886,0.718588,1.027835,1.027835,1.027835,1.027835
62.838173,0.744627,-0.448845,-0.432273,0.714875,0.970951,0.970951,0.970951,0.970951
62.848732,0.735677,-0.446802,-0.431249,0.706065,0.907603,0.907603,0.907603,0.907603
62.858223,0.731749,-0.437234,-0.422555,0.702429,0.850657,0.850657,0.850657,0.850657
62.868778,0.727489,-0.428462,-0.414831,0.698541,0.787334,0.787334,0.787334,0.787334
62.878273,0.722787,-0.420301,-0.407917,0.694265,0.730355,0.730355,0.730355,0.730355
62.888821,0.717843,-0.412788,-0.401690,0.689562,0.667081,0.667081,0.667081,0.667081
62.898277,0.715728,-0.405619,-0.395651,0.687973,0.610338,0.610338,0.610338,0.610338
62.908817,0.710148,-0.399367,-0.390772,0.682600,0.547088,0.547088,0.547088,0.547088
62.918236,0.704359,-0.393664,-0.386343,0.676994,0.490575,0.490575,0.490575,0.490575
62.928791,0.698355,-0.388418,-0.382497,0.671088,0.427262,0.427262,0.427262,0.427262
62.938274,0.692165,-0.383945,-0.379304,0.665064,0.370347,0.370347,0.370347,0.370347
62.948837,0.685565,-0.379974,-0.376473,0.658740,0.306976,0.306976,0.306976,0.306976
62.958332,0.678622,-0.376370,-0.373582,0.652062,0.250006,0.250006,0.250006,0.250006
62.968884,0.671907,-0.369998,-0.370703,0.645743,0.186699,0.186699,0.186699,0.186699
62.978336,0.663889,-0.367454,-0.368756,0.638003,0.129985,0.129985,0.129985,0.129985
62.988895,0.654475,-0.365119,-0.367394,0.629683,0.066637,0.066637,0.066637,0.066637
62.998386,0.642684,-0.363421,-0.366215,0.619568,0.009677,0.009677,0.009677,0.009677
63.008938,0.633829,-0.361806,-0.365167,0.609626,-0.053636,-0.053636,-0.053636,-0.053636
63.018433,0.625234,-0.360619,-0.364555,0.600961,-0.110596,-0.110596,-0.110596,-0.110596
63.029022,0.617046,-0.360151,-0.364425,0.592295,-0.174138,-0.174138,-0.174138,-0.174138
63.038498,0.607357,-0.358843,-0.363232,0.582549,-0.230982,-0.230982,-0.230982,-0.230982
63.049049,0.598718,-0.358368,-0.363224,0.573864,-0.294285,-0.294285,-0.294285,-0.294285
63.058544,0.589508,-0.360193,-0.364802,0.565112,-0.351254,-0.351254,-0.351254,-0.351254
63.069107,0.580561,-0.362660,-0.366605,0.556377,-0.414644,-0.414644,-0.414644,-0.414644
63.078648,0.575876,-0.363175,-0.366824,0.550599,-0.471880,-0.471880,-0.471880,-0.471880
63.089127,0.568693,-0.366072,-0.369537,0.542753,-0.534769,-0.534769,-0.534769,-0.534769
63.098648,0.564430,-0.367542,-0.370762,0.537677,-0.591893,-0.591893,-0.591893,-0.591893
63.109169,0.556378,-0.370182,-0.373549,0.529026,-0.655020,-0.655020,-0.655020,-0.655020
63.118698,0.552695,-0.371492,-0.374883,0.524442,-0.712185,-0.712185,-0.712185,-0.712185
63.128170,0.544484,-0.374654,-0.378058,0.515466,-0.769019,-0.769019,-0.769019,-0.769019
63.138676,0.541433,-0.375719,-0.378681,0.511516,-0.832053,-0.832053,-0.832053,-0.832053
63.149178,0.532980,-0.379544,-0.382234,0.502710,-0.895055,-0.895055,-0.895055,-0.895055
63.158707,0.524415,-0.386654,-0.389369,0.493859,-0.952239,-0.952239,-0.952239,-0.952239
63.169228,0.516112,-0.390339,-0.393025,0.485123,-1.015363,-1.015363,-1.015363,-1.015363
63.178749,0.513842,-0.390783,-0.393310,0.482267,-1.072493,-1.072493,-1.072493,-1.072493
63.188229,0.504872,-0.395275,-0.397653,0.473043,-1.129368,-1.129368,-1.129368,-1.129368
63.198795,0.504439,-0.394704,-0.396270,0.471706,-1.192763,-1.192763,-1.192763,-1.192763
63.208279,0.496171,-0.399424,-0.400788,0.462451,-1.249669,-1.249669,-1.249669,-1.249669
63.218830,0.488149,-0.404234,-0.404984,0.453663,-1.312986,-1.312986,-1.312986,-1.312986
63.228333,0.479949,-0.409577,-0.409832,0.444685,-1.370005,-1.370005,-1.370005,-1.370005
63.238892,0.472590,-0.414686,-0.414126,0.436520,-1.433355,-1.433355,-1.433355,-1.433355
63.248390,0.466055,-0.419702,-0.418247,0.429006,-1.490343,-1.490343,-1.490343,-1.490343
63.258945,0.460027,-0.424793,-0.422281,0.421814,-1.553673,-1.553673,-1.553673,-1.553673
63.268448,0.453777,-0.430190,-0.426984,0.414569,-1.610692,-1.610692,-1.610692,-1.610692
63.278999,0.447117,-0.436175,-0.432565,0.406994,-1.674007,-1.674007,-1.674007,-1.674007
63.288498,0.441516,-0.441521,-0.437310,0.400546,-1.730976,-1.730976,-1.730976,-1.730976
63.299046,0.436284,-0.447154,-0.442295,0.394392,-1.794279,-1.794279,-1.794279,-1.794279
63.308544,0.431330,-0.452757,-0.447131,0.388423,-1.851265,-1.851265,-1.851265,-1.851265
63.319096,0.426590,-0.458181,-0.451570,0.382753,-1.914565,-1.914565,-1.914565,-1.914565
63.328545,0.421114,-0.464137,-0.456678,0.376578,-1.971266,-1.971266,-1.971266,-1.971266
63.339092,0.416774,-0.469160,-0.460664,0.371550,-2.034553,-2.034553,-2.034553,-2.034553
63.348549,0.421675,-0.465352,-0.455486,0.375531,-2.091290,-2.091290,-2.091290,-2.091290
63.359097,0.417602,-0.470329,-0.459209,0.370607,-2.154584,-2.154584,-2.154584,-2.154584
63.368595,0.422786,-0.466309,-0.453765,0.374688,-2.211576,-2.211576,-2.211576,-2.211576
63.379128,0.417754,-0.472084,-0.458662,0.368947,-2.274762,-2.274762,-2.274762,-2.274762
63.388615,0.422484,-0.468192,-0.453421,0.372957,-2.331687,-2.331687,-2.331687,-2.331687
63.399120,0.418208,-0.473124,-0.457269,0.368062,-2.394724,-2.394724,-2.394724,-2.394724
63.408615,0.423046,-0.469212,-0.452055,0.372148,-2.451681,-2.451681,-2.451681,-2.451681
63.419121,0.418924,-0.474081,-0.455832,0.367406,-2.514718,-2.514718,-2.514718,-2.514718
63.428612,0.415013,-0.478704,-0.459360,0.362914,-2.571675,-2.571675,-2.571675,-2.571675
63.439121,0.411046,-0.483422,-0.463082,0.358326,-2.634719,-2.634719,-2.634719,-2.634719
63.448612,0.416148,-0.479097,-0.457700,0.362681,-2.691675,-2.691675,-2.691675,-2.691675
63.459118,0.411264,-0.484518,-0.462514,0.357228,-2.754707,-2.754707,-2.754707,-2.754707
63.468601,0.416447,-0.480079,-0.457150,0.361762,-2.811610,-2.811610,-2.811610,-2.811610
63.479118,0.412909,-0.484412,-0.460625,0.357398,-2.874704,-2.874704,-2.874704,-2.874704
63.488594,0.409844,-0.488627,-0.463711,0.353344,-2.931561,-2.931561,-2.931561,-2.931561
63.499119,0.424425,-0.492825,-0.467025,0.349083,-2.994715,-2.994715,-2.994715,-2.994715
63.508617,0.431491,-0.488116,-0.461217,0.356025,-3.000000,-3.000000,-3.000000,-3.000000
63.519173,0.444758,-0.493086,-0.465569,0.369112,-3.000000,-3.000000,-3.000000,-3.000000
63.528717,0.450957,-0.488730,-0.460349,0.374621,-3.000000,-3.000000,-3.000000,-3.000000
63.539227,0.463869,-0.494005,-0.464963,0.387142,-3.000000,-3.000000,-3.000000,-3.000000
63.548740,0.468369,-0.488826,-0.459050,0.391958,-3.000000,-3.000000,-3.000000,-3.000000
63.558239,0.479145,-0.493232,-0.463576,0.403451,-3.000000,-3.000000,-3.000000,-3.000000
63.568771,0.482491,-0.488614,-0.459173,0.407073,-3.000000,-3.000000,-3.000000,-3.000000
63.578228,0.493183,-0.493616,-0.464039,0.417973,-3.000000,-3.000000,-3.000000,-3.000000
63.588783,0.503007,-0.499309,-0.469696,0.428067,-3.000000,-3.000000,-3.000000,-3.000000
63.598278,0.511556,-0.504497,-0.474225,0.437720,-3.000000,-3.000000,-3.000000,-3.000000
63.608833,0.520855,-0.510012,-0.479134,0.447393,-3.000000,-3.000000,-3.000000,-3.000000
63.618340,0.529548,-0.514665,-0.482954,0.457289,-3.000000,-3.000000,-3.000000,-3.000000
63.628899,0.540000,-0.518707,-0.486730,0.467887,-3.000000,-3.000000,-3.000000,-3.000000
63.638382,0.549739,-0.523020,-0.490644,0.477882,-3.000000,-3.000000,-3.000000,-3.000000
63.648956,0.558349,-0.526741,-0.494760,0.486872,-3.000000,-3.000000,-3.000000,-3.000000
63.658436,0.567097,-0.531233,-0.499783,0.495753,-3.000000,-3.000000,-3.000000,-3.000000
63.668980,0.575388,-0.535172,-0.504035,0.504449,-3.000000,-3.000000,-3.000000,-3.000000
63.678432,0.582950,-0.538983,-0.508290,0.512405,-3.000000,-3.000000,-3.000000,-3.000000
63.688980,0.590782,-0.544123,-0.513612,0.520684,-3.000000,-3.000000,-3.000000,-3.000000
63.698414,0.597949,-0.547899,-0.517616,0.528067,-3.000000,-3.000000,-3.000000,-3.000000
63.708961,0.604186,-0.551963,-0.521577,0.534925,-3.000000,-3.000000,-3.000000,-3.000000
63.718433,0.609823,-0.555774,-0.525290,0.541810,-3.000000,-3.000000,-3.000000,-3.000000
63.728981,0.615551,-0.559086,-0.528608,0.549008,-3.000000,-3.000000,-3.000000,-3.000000
63.738441,0.621600,-0.562270,-0.532066,0.555876,-3.000000,-3.000000,-3.000000,-3.000000
63.748989,0.628244,-0.565953,-0.535739,0.562300,-3.000000,-3.000000,-3.000000,-3.000000
63.758488,0.635768,-0.571191,-0.540669,0.569086,-3.000000,-3.000000,-3.000000,-3.000000
63.769039,0.640972,-0.574413,-0.543334,0.575454,-3.000000,-3.000000,-3.000000,-3.000000
63.778534,0.645885,-0.577680,-0.546982,0.581491,-3.000000,-3.000000,-3.000000,-3.000000
63.789070,0.651274,-0.580753,-0.550672,0.587255,-3.000000,-3.000000,-3.000000,-3.000000
63.798542,0.656803,-0.583867,-0.554102,0.592901,-3.000000,-3.000000,-3.000000,-3.000000
63.809101,0.663003,-0.587822,-0.558483,0.599097,-3.000000,-3.000000,-3.000000,-3.000000
63.818600,0.659255,-0.581873,-0.552621,0.595837,-3.000000,-3.000000,-3.000000,-3.000000
63.829121,0.664346,-0.585466,-0.556094,0.601205,-3.000000,-3.000000,-3.000000,-3.000000
63.838612,0.661546,-0.579564,-0.550300,0.598288,-3.000000,-3.000000,-3.000000,-3.000000
63.849117,0.667319,-0.582922,-0.553396,0.603934,-3.000000,-3.000000,-3.000000,-3.000000
63.858616,0.664279,-0.577194,-0.547438,0.601035,-3.000000,-3.000000,-3.000000,-3.000000
63.869118,0.669797,-0.582030,-0.552419,0.607201,-3.000000,-3.000000,-3.000000,-3.000000
63.878624,0.665525,-0.576044,-0.547179,0.603608,-3.000000,-3.000000,-3.000000,-3.000000
63.889172,0.670649,-0.579294,-0.550950,0.608937,-3.000000,-3.000000,-3.000000,-3.000000
63.898693,0.675351,-0.582459,-0.554628,0.613983,-3.000000,-3.000000,-3.000000,-3.000000
63.908176,0.679445,-0.585508,-0.558325,0.618636,-3.000000,-3.000000,-3.000000,-3.000000
63.918732,0.674458,-0.579953,-0.553040,0.614614,-3.000000,-3.000000,-3.000000,-3.000000
63.928230,0.679962,-0.584654,-0.557840,0.620427,-3.000000,-3.000000,-3.000000,-3.000000
63.938782,0.684332,-0.587569,-0.561177,0.624934,-3.000000,-3.000000,-3.000000,-3.000000
63.948280,0.688704,-0.590613,-0.564238,0.629545,-3.000000,-3.000000,-3.000000,-3.000000
63.958828,0.693921,-0.594497,-0.568354,0.634818,-3.000000,-3.000000,-3.000000,-3.000000
63.968281,0.697522,-0.597593,-0.571517,0.639023,-3.000000,-3.000000,-3.000000,-3.000000
63.978844,0.701333,-0.601230,-0.575240,0.643023,-3.000000,-3.000000,-3.000000,-3.000000
63.988338,0.704885,-0.604099,-0.578204,0.647270,-3.000000,-3.000000,-3.000000,-3.000000
63.998886,0.708841,-0.606652,-0.580975,0.651408,-3.000000,-3.000000,-3.000000,-3.000000
64.008385,0.713711,-0.610351,-0.584999,0.656365,0.034540,0.034540,0.034540,0.034540
64.018944,0.716786,-0.613266,-0.588085,0.660197,0.077884,0.077884,0.077884,0.077884
64.028488,0.719256,-0.615915,-0.591376,0.663629,0.116958,0.116958,0.116958,0.116958
64.039032,0.722492,-0.618725,-0.594645,0.667197,0.159958,0.159958,0.159958,0.159958
64.048492,0.712743,-0.609034,-0.584906,0.658374,0.198364,0.198364,0.198364,0.198364
64.059036,0.702175,-0.597638,-0.573844,0.648957,0.241038,0.241038,0.241038,0.241038
64.068489,0.693130,-0.587279,-0.564357,0.641173,0.279088,0.279088,0.279088,0.279088
64.079033,0.684963,-0.577657,-0.555392,0.633927,0.321366,0.321366,0.321366,0.321366
64.088493,0.677575,-0.568566,-0.546495,0.627072,0.359109,0.359109,0.359109,0.359109
64.099037,0.671469,-0.558834,-0.537224,0.621921,0.400961,0.400961,0.400961,0.400961
64.108490,0.665774,-0.549951,-0.525257,0.612260,0.438265,0.438265,0.438265,0.438265
64.119034,0.656642,-0.540889,-0.516556,0.605547,0.479654,0.479654,0.479654,0.479654
64.128487,0.649189,-0.531914,-0.508339,0.601050,0.516553,0.516553,0.516553,0.516553
64.139038,0.644632,-0.522749,-0.500203,0.597011,0.557455,0.557455,0.557455,0.557455
64.148460,0.640392,-0.513705,-0.491912,0.593423,0.593756,0.593756,0.593756,0.593756
64.159012,0.636167,-0.505078,-0.484191,0.590023,0.634118,0.634118,0.634118,0.634118
64.168472,0.632145,-0.496541,-0.476702,0.587012,0.670075,0.670075,0.670075,0.670075
64.179024,0.630631,-0.488000,-0.468973,0.586334,0.709866,0.709866,0.709866,0.709866
64.188499,0.628013,-0.479314,-0.461243,0.584068,0.745315,0.745315,0.745315,0.745315
64.199066,0.625818,-0.470729,-0.453393,0.582091,0.784542,0.784542,0.784542,0.784542
64.208549,0.623914,-0.462398,-0.445415,0.580475,0.819451,0.819451,0.819451,0.819451
64.219109,0.622084,-0.454255,-0.437772,0.578919,0.858014,0.858014,0.858014,0.858014
64.228622,0.617939,-0.451561,-0.435666,0.574858,0.892428,0.892428,0.892428,0.892428
64.239174,0.616488,-0.443158,-0.428016,0.573843,0.930263,0.930263,0.930263,0.930263
64.248703,0.615517,-0.434830,-0.420406,0.573137,0.964088,0.964088,0.964088,0.964088
64.258171,0.614540,-0.426711,-0.413076,0.572461,0.997394,0.997394,0.997394,0.997394
64.268700,0.610293,-0.424873,-0.412127,0.568202,1.034065,1.034065,1.034065,1.034065
64.278175,0.609713,-0.416733,-0.404844,0.567938,1.066713,1.066713,1.066713,1.066713
64.288734,0.609318,-0.408626,-0.397250,0.567890,1.102704,1.102704,1.102704,1.102704
64.298225,0.609302,-0.400495,-0.389346,0.568207,1.134711,1.134711,1.134711,1.134711
64.308769,0.609310,-0.392729,-0.381875,0.568585,1.169853,1.169853,1.169853,1.169853
64.318222,0.609475,-0.384628,-0.374368,0.569076,1.200986,1.200986,1.200986,1.200986
64.328743,0.609874,-0.376574,-0.367060,0.569823,1.235195,1.235195,1.235195,1.235195
64.338234,0.609675,-0.369466,-0.360781,0.570100,1.265695,1.265695,1.265695,1.265695
64.348785,0.609594,-0.362289,-0.354430,0.570513,1.299149,1.299149,1.299149,1.299149
64.358276,0.609568,-0.355196,-0.348027,0.571123,1.328866,1.328866,1.328866,1.328866
64.368828,0.609776,-0.348139,-0.341760,0.571788,1.361412,1.361412,1.361412,1.361412
64.378273,0.610114,-0.341348,-0.335721,0.572624,1.390165,1.390165,1.390165,1.390165
64.388809,0.610231,-0.335091,-0.330285,0.573282,1.421752,1.421752,1.421752,1.421752
64.398277,0.611109,-0.328476,-0.324578,0.574862,1.449725,1.449725,1.449725,1.449725
64.408821,0.611513,-0.322074,-0.319365,0.575875,1.480401,1.480401,1.480401,1.480401
64.418236,0.612174,-0.316042,-0.314336,0.576962,1.507351,1.507351,1.507351,1.507351
64.428780,0.612959,-0.310102,-0.309203,0.578142,1.537049,1.537049,1.537049,1.537049
64.438187,0.614025,-0.304302,-0.303899,0.579658,1.563081,1.563081,1.563081,1.563081
64.448738,0.614921,-0.299090,-0.298142,0.582211,1.591806,1.591806,1.591806,1.591806
64.458229,0.616154,-0.293737,-0.293478,0.583540,1.617178,1.617178,1.617178,1.617178
64.468773,0.618589,-0.287828,-0.287857,0.586362,1.644864,1.644864,1.644864,1.644864
64.478279,0.619360,-0.282896,-0.283667,0.587801,1.669338,1.669338,1.669338,1.669338
64.488838,0.620246,-0.278083,-0.279695,0.589374,1.696006,1.696006,1.696006,1.696006
64.498329,0.620850,-0.273730,-0.276331,0.590671,1.719483,1.719483,1.719483,1.719483
64.508865,0.621220,-0.269671,-0.273245,0.591863,1.745027,1.745027,1.745027,1.745027
64.518341,0.622356,-0.265164,-0.269568,0.593640,1.767502,1.767502,1.767502,1.767502
64.528885,0.623525,-0.261023,-0.266134,0.595392,1.791976,1.791976,1.791976,1.791976
64.538338,0.625869,-0.256149,-0.261858,0.598357,1.813418,1.813418,1.813418,1.813418
64.548889,0.627378,-0.252072,-0.258515,0.600311,1.836796,1.836796,1.836796,1.836796
64.558380,0.629165,-0.248036,-0.255143,0.602296,1.857333,1.857333,1.857333,1.857333
64.568932,0.631778,-0.243519,-0.251162,0.605225,1.879592,1.879592,1.879592,1.879592
64.578339,0.632842,-0.240061,-0.248627,0.606692,1.898928,1.898928,1.898928,1.898928
64.588882,0.633802,-0.236685,-0.246064,0.608113,1.920033,1.920033,1.920033,1.920033
64.598335,0.636202,-0.232316,-0.242305,0.610771,1.938446,1.938446,1.938446,1.938446
64.608887,0.636783,-0.229300,-0.239865,0.611886,1.958417,1.958417,1.958417,1.958417
64.618378,0.636951,-0.226498,-0.237988,0.612580,1.975865,1.975865,1.975865,1.975865
64.628929,0.638303,-0.224035,-0.235097,0.614674,1.994663,1.994663,1.994663,1.994663
64.638435,0.638694,-0.220783,-0.232892,0.615537,2.011069,2.011069,2.011069,2.011069
64.648979,0.639013,-0.217964,-0.230939,0.616300,2.028677,2.028677,2.028677,2.028677
64.658386,0.639199,-0.215568,-0.229336,0.616946,2.043861,2.043861,2.043861,2.043861
64.668930,0.639617,-0.212840,-0.227242,0.617726,2.060280,2.060280,2.060280,2.060280
64.678375,0.641672,-0.208887,-0.223841,0.619946,2.074464,2.074464,2.074464,2.074464
64.688927,0.641636,-0.206373,-0.221938,0.620618,2.089692,2.089692,2.089692,2.089692
64.698380,0.641662,-0.204098,-0.220465,0.621147,2.102810,2.102810,2.102810,2.102810
64.708931,0.643340,-0.200700,-0.217549,0.623272,2.116836,2.116836,2.116836,2.116836
64.718399,0.643276,-0.198542,-0.216130,0.623568,2.128881,2.128881,2.128881,2.128881
64.728951,0.643218,-0.196499,-0.214763,0.623871,2.141700,2.141700,2.141700,2.141700
64.738449,0.643104,-0.194463,-0.213406,0.624285,2.152687,2.152687,2.152687,2.152687
64.749008,0.642892,-0.192462,-0.212120,0.624717,2.164284,2.164284,2.164284,2.164284
64.758492,0.644305,-0.189290,-0.209553,0.626586,2.174155,2.174155,2.174155,2.174155
64.769043,0.643487,-0.187916,-0.208850,0.626444,2.184520,2.184520,2.184520,2.184520
64.778534,0.643072,-0.186295,-0.207725,0.626642,2.193294,2.193294,2.193294,2.193294
64.789040,0.644562,-0.183236,-0.204908,0.628559,2.202399,2.202399,2.202399,2.202399
64.798538,0.644284,-0.181585,-0.203663,0.628610,2.210069,2.210069,2.210069,2.210069
64.809074,0.643969,-0.180183,-0.202428,0.628824,2.217973,2.217973,2.217973,2.217973
64.818542,0.643533,-0.178719,-0.201328,0.628869,2.224517,2.224517,2.224517,2.224517
64.829056,0.643072,-0.177219,-0.200240,0.628920,2.231176,2.231176,2.231176,2.231176
64.838539,0.644484,-0.174298,-0.197766,0.630708,2.236634,2.236634,2.236634,2.236634
64.849098,0.644079,-0.172924,-0.197003,0.630697,2.242091,2.242091,2.242091,2.242091
64.858566,0.643614,-0.171622,-0.196243,0.630638,2.246437,2.246437,2.246437,2.246437
64.869118,0.644849,-0.168983,-0.193929,0.632289,2.250665,2.250665,2.250665,2.250665
64.878632,0.634464,-0.177229,-0.202670,0.622420,2.253922,2.253922,2.253922,2.253922
64.889191,0.634484,-0.175524,-0.201289,0.622790,2.256928,2.256928,2.256928,2.256928
64.898689,0.624513,-0.183621,-0.209991,0.613302,2.259081,2.259081,2.259081,2.259081
64.908173,0.624560,-0.181950,-0.208873,0.613628,2.260712,2.260712,2.260712,2.260712
64.918724,0.625066,-0.179946,-0.207364,0.614395,2.261919,2.261919,2.261919,2.261919
64.928169,0.625493,-0.178282,-0.206021,0.614934,2.262458,2.262458,2.262458,2.262458
64.938705,0.625714,-0.176753,-0.204640,0.615343,2.262458,2.262458,2.262458,2.262458
64.949234,0.625986,-0.175211,-0.203232,0.615896,2.261827,2.261827,2.261827,2.261827
64.959793,0.625894,-0.173911,-0.202275,0.616066,2.260562,2.260562,2.260562,2.260562
64.969299,0.625401,-0.172936,-0.201653,0.616145,2.258883,2.258883,2.258883,2.258883
64.979851,0.625451,-0.171414,-0.200346,0.616694,2.256426,2.256426,2.256426,2.256426
64.989288,0.615808,-0.179556,-0.208576,0.607587,2.253699,2.253699,2.253699,2.253699
64.999832,0.616338,-0.178008,-0.206921,0.609982,2.250062,2.250062,2.250062,2.250062
65.009331,0.617508,-0.176117,-0.205012,0.611005,2.246260,2.246260,2.246260,2.246260
65.019882,0.619717,-0.173106,-0.202017,0.613241,2.241452,2.241452,2.241452,2.241452
65.029335,0.620357,-0.171571,-0.200797,0.613752,2.236621,2.236621,2.236621,2.236621
65.039879,0.620939,-0.170153,-0.199540,0.614363,2.230661,2.230661,2.230661,2.230661
65.049324,0.621213,-0.168590,-0.198280,0.614793,2.224807,2.224807,2.224807,2.224807
65.059875,0.621525,-0.167155,-0.197063,0.615335,2.217704,2.217704,2.217704,2.217704
65.069328,0.621894,-0.165795,-0.195850,0.615965,2.210827,2.210827,2.210827,2.210827
65.079872,0.622294,-0.164458,-0.194697,0.616531,2.202601,2.202601,2.202601,2.202601
65.089333,0.624493,-0.161499,-0.191821,0.618744,2.194717,2.194717,2.194717,2.194717
65.099876,0.624739,-0.160227,-0.190818,0.618976,2.185376,2.185376,2.185376,2.185376
65.109329,0.624657,-0.159269,-0.190200,0.619136,2.176509,2.176509,2.176509,2.176509
65.119873,0.624752,-0.158121,-0.189319,0.619545,2.166070,2.166070,2.166070,2.166070
65.129326,0.624515,-0.157255,-0.188714,0.619645,2.156232,2.156232,2.156232,2.156232
65.139877,0.624598,-0.156198,-0.188014,0.619825,2.144718,2.144718,2.144718,2.144718
65.149330,0.624635,-0.155197,-0.187178,0.620036,2.133920,2.133920,2.133920,2.133920
65.159874,0.626260,-0.152690,-0.184771,0.621849,2.121351,2.121351,2.121351,2.121351
65.169342,0.626268,-0.151758,-0.184090,0.621961,2.109601,2.109601,2.109601,2.109601
65.179886,0.625915,-0.151053,-0.183574,0.621972,2.095987,2.095987,2.095987,2.095987
65.189377,0.627063,-0.148968,-0.181602,0.623556,2.083280,2.083280,2.083280,2.083280
65.199890,0.627316,-0.148010,-0.180775,0.623914,2.068706,2.068706,2.068706,2.068706
65.209381,0.627329,-0.147324,-0.180235,0.624023,2.055094,2.055094,2.055094,2.055094
65.219917,0.627003,-0.146654,-0.179965,0.623844,2.039484,2.039484,2.039484,2.039484
65.229393,0.627263,-0.145519,-0.179085,0.624012,2.025012,2.025012,2.025012,2.025012
65.239944,0.628953,-0.143234,-0.176706,0.625766,2.008410,2.008410,2.008410,2.008410
65.249435,0.628600,-0.142647,-0.176197,0.625661,1.993045,1.993045,1.993045,1.993045
65.259979,0.628410,-0.141992,-0.175719,0.625655,1.975500,1.975500,1.975500,1.975500
65.269432,0.628119,-0.141391,-0.175364,0.625694,1.959363,1.959363,1.959363,1.959363
65.279968,0.627800,-0.140848,-0.174976,0.625599,1.940906,1.940906,1.940906,1.940906
65.289436,0.627313,-0.140388,-0.172998,0.627166,1.923929,1.923929,1.923929,1.923929
65.299995,0.626908,-0.139865,-0.172764,0.627052,1.904540,1.904540,1.904540,1.904540
65.309494,0.626494,-0.139284,-0.172454,0.626912,1.886703,1.886703,1.886703,1.886703
65.320045,0.626109,-0.138804,-0.170301,0.628626,1.866452,1.866452,1.866452,1.866452
65.329544,0.625817,-0.138206,-0.170072,0.628345,1.847836,1.847836,1.847836,1.847836
65.340088,0.627291,-0.136135,-0.168213,0.629830,1.826741,1.826741,1.826741,1.826741
65.349541,0.627546,-0.135168,-0.167376,0.620139,1.807481,1.807481,1.807481,1.807481
65.360085,0.627962,-0.134331,-0.166671,0.620503,1.785569,1.785569,1.785569,1.785569
65.369553,0.618019,-0.143538,-0.175971,0.610819,1.765553,1.765553,1.765553,1.765553
65.380104,0.617787,-0.142896,-0.175538,0.611100,1.742853,1.742853,1.742853,1.742853
65.389603,0.617761,-0.142150,-0.174952,0.611448,1.722065,1.722065,1.722065,1.722065
65.400124,0.617819,-0.141421,-0.174511,0.611687,1.698656,1.698656,1.698656,1.698656
65.409630,0.617867,-0.140732,-0.173853,0.612131,1.677190,1.677190,1.677190,1.677190
65.420174,0.617763,-0.139882,-0.173374,0.612248,1.653003,1.653003,1.653003,1.653003
65.429688,0.608227,-0.148560,-0.182521,0.602715,1.630859,1.630859,1.630859,1.630859
65.439171,0.609835,-0.146002,-0.180151,0.604490,1.608490,1.608490,1.608490,1.608490
65.449715,0.600917,-0.154354,-0.188626,0.595642,1.583284,1.583284,1.583284,1.583284
65.459229,0.601364,-0.152880,-0.187049,0.596202,1.560237,1.560237,1.560237,1.560237
65.469780,0.601306,-0.151732,-0.185847,0.596368,1.534360,1.534360,1.534360,1.534360
65.479233,0.601125,-0.150636,-0.184720,0.596350,1.510883,1.510883,1.510883,1.510883
65.489761,0.602258,-0.148149,-0.181928,0.597852,1.484423,1.484423,1.484423,1.484423
65.499237,0.601826,-0.147103,-0.180744,0.597620,1.460361,1.460361,1.460361,1.460361
65.509819,0.601031,-0.146094,-0.179557,0.597238,1.433186,1.433186,1.433186,1.433186
65.519241,0.600139,-0.145237,-0.178710,0.596588,1.408728,1.408728,1.408728,1.408728
65.529785,0.598679,-0.144598,-0.178093,0.595607,1.381081,1.381081,1.381081,1.381081
65.539284,0.598339,-0.142523,-0.176200,0.595769,1.355948,1.355948,1.355948,1.355948
65.549843,0.597102,-0.141438,-0.175355,0.594717,1.327737,1.327737,1.327737,1.327737
65.559334,0.595843,-0.140521,-0.174444,0.593558,1.302140,1.302140,1.302140,1.302140
65.569893,0.594471,-0.139763,-0.173567,0.592289,1.273443,1.273443,1.273443,1.273443
65.579391,0.593059,-0.139142,-0.172818,0.590981,1.247408,1.247408,1.247408,1.247408
65.589951,0.591344,-0.138839,-0.172371,0.589433,1.218243,1.218243,1.218243,1.218243
65.599442,0.589475,-0.138730,-0.172231,0.587786,1.191824,1.191824,1.191824,1.191824
65.610008,0.589142,-0.137248,-0.170714,0.587462,1.162209,1.162209,1.162209,1.162209
65.619492,0.587146,-0.137396,-0.170896,0.585423,1.135447,1.135447,1.135447,1.135447
65.630035,0.586482,-0.136188,-0.169695,0.584780,1.105500,1.105500,1.105500,1.105500
65.639496,0.583841,-0.136960,-0.170413,0.582331,1.078463,1.078463,1.078463,1.078463
65.650047,0.580802,-0.138001,-0.171481,0.579683,1.048127,1.048127,1.048127,1.048127
65.659546,0.579908,-0.137057,-0.170327,0.578984,1.020681,1.020681,1.020681,1.020681
65.670090,0.577548,-0.137906,-0.170952,0.576524,0.990028,0.990028,0.990028,0.990028
65.679512,0.574982,-0.139057,-0.171756,0.574050,0.962517,0.962517,0.962517,0.962517
65.690071,0.573718,-0.138781,-0.171162,0.572853,0.931562,0.931562,0.931562,0.931562
65.699509,0.565720,-0.147577,-0.179745,0.564710,0.903754,0.903754,0.903754,0.903754
65.710060,0.562827,-0.149090,-0.180876,0.562117,0.872551,0.872551,0.872551,0.872551
65.719543,0.560162,-0.150384,-0.181859,0.559658,0.844405,0.844405,0.844405,0.844405
65.730064,0.557563,-0.151858,-0.183026,0.556977,0.813067,0.813067,0.813067,0.813067
65.739540,0.554870,-0.153492,-0.184375,0.554171,0.784741,0.784741,0.784741,0.784741
65.750092,0.552049,-0.155363,-0.185963,0.551335,0.753124,0.753124,0.753124,0.753124
65.759598,0.545283,-0.163400,-0.193739,0.544457,0.724585,0.724585,0.724585,0.724585
65.770126,0.546190,-0.163729,-0.193722,0.545379,0.692878,0.692878,0.692878,0.692878
65.779633,0.539815,-0.171395,-0.200898,0.539000,0.664188,0.664188,0.664188,0.664188
65.790169,0.537231,-0.173120,-0.202444,0.536139,0.632339,0.632339,0.632339,0.632339
65.799690,0.535176,-0.174594,-0.203598,0.533584,0.603518,0.603518,0.603518,0.603518
65.809174,0.532671,-0.176656,-0.205021,0.530771,0.574778,0.574778,0.574778,0.574778
65.819733,0.527567,-0.183478,-0.211347,0.525133,0.542758,0.542758,0.542758,0.542758
65.829224,0.524902,-0.185372,-0.212699,0.522351,0.513937,0.513937,0.513937,0.513937
65.839775,0.522404,-0.187431,-0.214284,0.519502,0.481905,0.481905,0.481905,0.481905
65.849197,0.521876,-0.185366,-0.211664,0.518850,0.453282,0.453282,0.453282,0.453282
65.859756,0.519017,-0.187786,-0.213752,0.515653,0.421207,0.421207,0.421207,0.421207
65.869225,0.515875,-0.190318,-0.216144,0.512309,0.392467,0.392467,0.392467,0.392467
65.879753,0.512837,-0.192907,-0.218487,0.509000,0.360526,0.360526,0.360526,0.360526
65.889221,0.509998,-0.195507,-0.220558,0.505752,0.331808,0.331808,0.331808,0.331808
65.899780,0.508178,-0.194877,-0.219302,0.503825,0.299857,0.299857,0.299857,0.299857
65.909286,0.504914,-0.197692,-0.221544,0.500298,0.271100,0.271100,0.271100,0.271100
65.919838,0.501391,-0.200582,-0.224104,0.496536,0.239243,0.239243,0.239243,0.239243
65.930382,0.497724,-0.203493,-0.226858,0.492368,0.207486,0.207486,0.207486,0.207486
65.939835,0.494112,-0.206374,-0.229352,0.488190,0.179064,0.179064,0.179064,0.179064
65.950378,0.490387,-0.209365,-0.231992,0.483886,0.147443,0.147443,0.147443,0.147443
65.960922,0.486514,-0.210102,-0.232360,0.479833,0.115927,0.115927,0.115927,0.115927
65.970337,0.482159,-0.213261,-0.235174,0.475106,0.087849,0.087849,0.087849,0.087849
65.980881,0.478791,-0.216766,-0.238135,0.468918,0.056519,0.056519,0.056519,0.056519
65.990326,0.475514,-0.222046,-0.242588,0.465169,0.028535,0.028535,0.028535,0.028535
66.000870,0.472417,-0.224795,-0.244262,0.461038,-0.002554,-0.002554,-0.002554,-0.002554
66.010338,0.469049,-0.227799,-0.246279,0.457060,-0.030376,-0.030376,-0.030376,-0.030376
66.020889,0.464251,-0.229832,-0.247535,0.452428,-0.061246,-0.061246,-0.061246,-0.061246
66.030380,0.460174,-0.233670,-0.251138,0.447920,-0.088901,-0.088901,-0.088901,-0.088901
66.040855,0.456422,-0.237691,-0.254527,0.443748,-0.119259,-0.119259,-0.119259,-0.119259
66.050301,0.454240,-0.241230,-0.257429,0.440083,-0.146514,-0.146514,-0.146514,-0.146514
66.060806,0.450906,-0.245249,-0.260713,0.435967,-0.176632,-0.176632,-0.176632,-0.176632
66.070221,0.445389,-0.249535,-0.263963,0.430623,-0.203510,-0.203510,-0.203510,-0.203510
66.080765,0.441933,-0.256902,-0.271066,0.426488,-0.233411,-0.233411,-0.233411,-0.233411
66.090225,0.438699,-0.260614,-0.273607,0.422702,-0.260061,-0.260061,-0.260061,-0.260061
66.100754,0.433404,-0.266809,-0.277450,0.416943,-0.289561,-0.289561,-0.289561,-0.289561
66.110222,0.430354,-0.272539,-0.281312,0.413357,-0.315889,-0.315889,-0.315889,-0.315889
66.120750,0.427277,-0.277168,-0.285013,0.409784,-0.344978,-0.344978,-0.344978,-0.344978
66.130219,0.424276,-0.281664,-0.288675,0.406168,-0.370947,-0.370947,-0.370947,-0.370947
66.140762,0.421766,-0.285720,-0.291990,0.402699,-0.399637,-0.399637,-0.399637,-0.399637
66.151283,0.416377,-0.290489,-0.295897,0.396597,-0.428022,-0.428022,-0.428022,-0.428022
66.160789,0.414221,-0.294600,-0.299095,0.393457,-0.453473,-0.453473,-0.453473,-0.453473
66.170280,0.411914,-0.298814,-0.302618,0.390286,-0.478678,-0.478678,-0.478678,-0.478678
66.180779,0.409616,-0.302786,-0.306141,0.386797,-0.506324,-0.506324,-0.506324,-0.506324
66.190277,0.407345,-0.306747,-0.309463,0.383528,-0.531089,-0.531089,-0.531089,-0.531089
66.200829,0.405008,-0.310779,-0.312763,0.380435,-0.558355,-0.558355,-0.558355,-0.558355
66.210281,0.403103,-0.314439,-0.315500,0.377650,-0.582550,-0.582550,-0.582550,-0.582550
66.220833,0.401413,-0.318157,-0.317942,0.374935,-0.609284,-0.609284,-0.609284,-0.609284
66.230286,0.398485,-0.324538,-0.323349,0.371364,-0.632984,-0.632984,-0.632984,-0.632984
66.240822,0.396246,-0.328469,-0.326152,0.368564,-0.659138,-0.659138,-0.659138,-0.659138
66.250282,0.393912,-0.332405,-0.329075,0.365834,-0.682335,-0.682335,-0.682335,-0.682335
66.260803,0.391504,-0.336413,-0.332289,0.362894,-0.707874,-0.707874,-0.707874,-0.707874
66.270279,0.389354,-0.340209,-0.335308,0.360018,-0.730589,-0.730589,-0.730589,-0.730589
66.280830,0.387167,-0.346744,-0.341421,0.356433,-0.755592,-0.755592,-0.755592,-0.755592
66.290337,0.384650,-0.350356,-0.344301,0.353617,-0.777824,-0.777824,-0.777824,-0.777824
66.300880,0.381436,-0.357203,-0.350633,0.350114,-0.802171,-0.802171,-0.802171,-0.802171
66.310379,0.379272,-0.360769,-0.353377,0.347376,-0.823828,-0.823828,-0.823828,-0.823828
66.320908,0.377219,-0.364221,-0.355952,0.344668,-0.847508,-0.847508,-0.847508,-0.847508
66.330376,0.374450,-0.367940,-0.358817,0.341320,-0.868497,-0.868497,-0.868497,-0.868497
66.340889,0.372267,-0.371475,-0.361208,0.338655,-0.891474,-0.891474,-0.891474,-0.891474
66.350380,0.370184,-0.374734,-0.363498,0.336048,-0.911924,-0.911924,-0.911924,-0.911924
66.360931,0.367745,-0.378509,-0.366574,0.333053,-0.934304,-0.934304,-0.934304,-0.934304
66.370384,0.364478,-0.382438,-0.369946,0.329647,-0.954045,-0.954045,-0.954045,-0.954045
66.380943,0.361267,-0.386033,-0.372913,0.326121,-0.975736,-0.975736,-0.975736,-0.975736
66.390388,0.359220,-0.389043,-0.374818,0.323584,-0.994821,-0.994821,-0.994821,-0.994821
66.400925,0.357097,-0.392295,-0.377032,0.321012,-1.015746,-1.015746,-1.015746,-1.015746
66.410385,0.354970,-0.395540,-0.379371,0.318413,-1.034215,-1.034215,-1.034215,-1.034215
66.420921,0.352926,-0.398647,-0.381681,0.315738,-1.054420,-1.054420,-1.054420,-1.054420
66.430382,0.350030,-0.402031,-0.384381,0.312234,-1.072220,-1.072220,-1.072220,-1.072220
66.440926,0.348561,-0.404857,-0.385975,0.310007,-1.091685,-1.091685,-1.091685,-1.091685
66.450378,0.346260,-0.408422,-0.388673,0.307187,-1.108801,-1.108801,-1.108801,-1.108801
66.460922,0.344037,-0.411584,-0.391207,0.304478,-1.127505,-1.127505,-1.127505,-1.127505
66.470383,0.341895,-0.414648,-0.393473,0.301913,-1.143939,-1.143939,-1.143939,-1.143939
66.480919,0.338401,-0.418372,-0.396457,0.298260,-1.161849,-1.161849,-1.161849,-1.161849
66.490387,0.336758,-0.421063,-0.398504,0.295952,-1.177597,-1.177597,-1.177597,-1.177597
66.500931,0.334946,-0.423885,-0.400604,0.293643,-1.194737,-1.194737,-1.194737,-1.194737
66.510384,0.331794,-0.427550,-0.403628,0.290110,-1.209752,-1.209752,-1.209752,-1.209752
66.520935,0.329983,-0.430472,-0.405789,0.287697,-1.226103,-1.226103,-1.226103,-1.226103
66.530434,0.328077,-0.433322,-0.407852,0.285256,-1.240460,-1.240460,-1.240460,-1.240460
66.540985,0.326289,-0.436146,-0.410020,0.282804,-1.255996,-1.255996,-1.255996,-1.255996
66.550438,0.324474,-0.438874,-0.412099,0.280501,-1.269549,-1.269549,-1.269549,-1.269549
66.560989,0.321397,-0.442471,-0.415148,0.277004,-1.284263,-1.284263,-1.284263,-1.284263
66.570435,0.319703,-0.445312,-0.417123,0.274721,-1.297067,-1.297067,-1.297067,-1.297067
66.580933,0.318108,-0.448116,-0.419087,0.272483,-1.310893,-1.310893,-1.310893,-1.310893
66.590439,0.315113,-0.451809,-0.422245,0.268899,-1.323026,-1.323026,-1.323026,-1.323026
66.600983,0.312851,-0.454918,-0.425020,0.266055,-1.336072,-1.336072,-1.336072,-1.336072
66.610435,0.311230,-0.457635,-0.427241,0.263835,-1.347393,-1.347393,-1.347393,-1.347393
66.620987,0.309977,-0.460054,-0.428868,0.262067,-1.359600,-1.359600,-1.359600,-1.359600
66.630432,0.309036,-0.462785,-0.430678,0.260301,-1.370156,-1.370156,-1.370156,-1.370156
66.640968,0.306629,-0.466333,-0.433409,0.257208,-1.381501,-1.381501,-1.381501,-1.381501
66.650436,0.305903,-0.468710,-0.434871,0.255660,-1.391313,-1.391313,-1.391313,-1.391313
66.660988,0.305353,-0.471082,-0.436517,0.254201,-1.401820,-1.401820,-1.401820,-1.401820
66.670456,0.304887,-0.473489,-0.438018,0.252862,-1.410866,-1.410866,-1.410866,-1.410866
66.681015,0.304544,-0.475878,-0.439493,0.251630,-1.420523,-1.420523,-1.420523,-1.420523
66.690491,0.302574,-0.479109,-0.441974,0.249026,-1.428805,-1.428805,-1.428805,-1.428805
66.701035,0.302225,-0.481372,-0.443187,0.248112,-1.437588,-1.437588,-1.437588,-1.437588
66.710487,0.301360,-0.483889,-0.444821,0.247039,-1.445076,-1.445076,-1.445076,-1.445076
66.720985,0.301053,-0.486070,-0.446100,0.246204,-1.452969,-1.452969,-1.452969,-1.452969
66.730431,0.300668,-0.488479,-0.447383,0.245279,-1.459682,-1.459682,-1.459682,-1.459682
66.740967,0.298629,-0.491755,-0.450012,0.242818,-1.466742,-1.466742,-1.466742,-1.466742
66.750435,0.298500,-0.493922,-0.451518,0.242060,-1.472697,-1.472697,-1.472697,-1.472697
66.760971,0.298381,-0.495956,-0.452889,0.241250,-1.478896,-1.478896,-1.478896,-1.478896
66.770439,0.298228,-0.498047,-0.454220,0.240446,-1.484081,-1.484081,-1.484081,-1.484081
66.780975,0.298495,-0.500032,-0.455300,0.239988,-1.489420,-1.489420,-1.489420,-1.489420
66.790428,0.298944,-0.501883,-0.456267,0.239640,-1.493825,-1.493825,-1.493825,-1.493825
66.800980,0.298610,-0.504273,-0.458179,0.238752,-1.498311,-1.498311,-1.498311,-1.498311
66.810410,0.296755,-0.507389,-0.461132,0.236440,-1.501939,-1.501939,-1.501939,-1.501939
66.820953,0.297049,-0.509068,-0.462305,0.236085,-1.505571,-1.505571,-1.505571,-1.505571
66.830429,0.296773,-0.510983,-0.463733,0.235339,-1.508450,-1.508450,-1.508450,-1.508450
66.840927,0.296976,-0.512608,-0.464672,0.234971,-1.511217,-1.511217,-1.511217,-1.511217
66.850380,0.297055,-0.514433,-0.465605,0.234472,-1.513328,-1.513328,-1.513328,-1.513328
66.860909,0.295364,-0.517296,-0.467898,0.232507,-1.515260,-1.515260,-1.515260,-1.515260
66.870331,0.295576,-0.518993,-0.468953,0.232346,-1.516613,-1.516613,-1.516613,-1.516613
66.880836,0.295796,-0.520614,-0.470049,0.232060,-1.517704,-1.517704,-1.517704,-1.517704
66.890320,0.296142,-0.522115,-0.471070,0.231900,-1.518315,-1.518315,-1.518315,-1.518315
66.900864,0.296513,-0.523619,-0.472021,0.231685,-1.518576,-1.518576,-1.518576,-1.518576
66.910339,0.294836,-0.526359,-0.474291,0.229704,-1.518438,-1.518438,-1.518438,-1.518438
66.920830,0.295043,-0.527716,-0.475082,0.229483,-1.517875,-1.517875,-1.517875,-1.517875
66.930336,0.295234,-0.529010,-0.475716,0.229241,-1.516996,-1.516996,-1.516996,-1.516996
66.940887,0.295472,-0.530365,-0.476408,0.229113,-1.515610,-1.515610,-1.515610,-1.515610
66.950386,0.295785,-0.531643,-0.477173,0.229197,-1.513997,-1.513997,-1.513997,-1.513997
66.960930,0.294177,-0.534296,-0.479522,0.227459,-1.511800,-1.511800,-1.511800,-1.511800
66.970329,0.294727,-0.535382,-0.480216,0.227406,-1.509486,-1.509486,-1.509486,-1.509486
66.980858,0.295267,-0.536369,-0.480646,0.227401,-1.506498,-1.506498,-1.506498,-1.506498
66.990288,0.293927,-0.538655,-0.482362,0.225767,-1.503468,-1.503468,-1.503468,-1.503468
67.000801,0.294864,-0.539316,-0.482186,0.226226,-1.499698,-1.499698,-1.499698,-1.499698
67.010284,0.296141,-0.539733,-0.481693,0.226892,-1.495948,-1.495948,-1.495948,-1.495948
67.020828,0.294857,-0.542016,-0.483556,0.225310,-1.491390,-1.491390,-1.491390,-1.491390
67.030380,0.295468,-0.542734,-0.484081,0.225386,-1.486912,-1.486912,-1.486912,-1.486912
67.040932,0.295958,-0.543433,-0.484489,0.225417,-1.481584,-1.481584,-1.481584,-1.481584
67.050385,0.296346,-0.544161,-0.484852,0.225485,-1.476467,-1.476467,-1.476467,-1.476467
67.060936,0.296747,-0.544759,-0.485098,0.225662,-1.470389,-1.470389,-1.470389,-1.470389
67.070335,0.295277,-0.546712,-0.486995,0.223971,-1.464640,-1.464640,-1.464640,-1.464640
67.080887,0.295925,-0.547176,-0.487132,0.224128,-1.457822,-1.457822,-1.457822,-1.457822
67.090378,0.296492,-0.547541,-0.487013,0.224296,-1.451356,-1.451356,-1.451356,-1.451356
67.100914,0.295226,-0.549231,-0.488270,0.222781,-1.443824,-1.443824,-1.443824,-1.443824
67.110382,0.296179,-0.549363,-0.487547,0.223453,-1.436734,-1.436734,-1.436734,-1.436734
67.120941,0.297595,-0.549129,-0.486284,0.224491,-1.428479,-1.428479,-1.428479,-1.428479
67.130440,0.298531,-0.549312,-0.485714,0.225174,-1.420730,-1.420730,-1.420730,-1.420730
67.140984,0.298998,-0.549582,-0.485682,0.225489,-1.411793,-1.411793,-1.411793,-1.411793
67.150436,0.297695,-0.551002,-0.486947,0.224063,-1.403472,-1.403472,-1.403472,-1.403472
67.160980,0.298305,-0.550949,-0.486460,0.224425,-1.393853,-1.393853,-1.393853,-1.393853
67.170441,0.298231,-0.551230,-0.486440,0.224389,-1.384924,-1.384924,-1.384924,-1.384924
67.180962,0.296804,-0.552431,-0.487638,0.222935,-1.374668,-1.374668,-1.374668,-1.374668
67.190399,0.297216,-0.552400,-0.487404,0.223170,-1.365179,-1.365179,-1.365179,-1.365179
67.200935,0.297799,-0.552114,-0.486815,0.223365,-1.354270,-1.354270,-1.354270,-1.354270
67.210442,0.298323,-0.551813,-0.486175,0.221845,-1.344149,-1.344149,-1.344149,-1.344149
67.220985,0.298848,-0.551392,-0.485580,0.222171,-1.332603,-1.332603,-1.332603,-1.332603
67.230392,0.297500,-0.552331,-0.486419,0.220648,-1.322034,-1.322034,-1.322034,-1.322034
67.240936,0.298018,-0.551771,-0.485655,0.221012,-1.309895,-1.309895,-1.309895,-1.309895
67.250435,0.298380,-0.551383,-0.485025,0.221480,-1.298692,-1.298692,-1.298692,-1.298692
67.260971,0.299040,-0.550832,-0.484134,0.221996,-1.285963,-1.285963,-1.285963,-1.285963
67.270439,0.299722,-0.550198,-0.483085,0.222286,-1.274274,-1.274274,-1.274274,-1.274274
67.280952,0.297905,-0.551064,-0.484010,0.220435,-1.261016,-1.261016,-1.261016,-1.261016
67.290405,0.298343,-0.550031,-0.482905,0.221052,-1.248855,-1.248855,-1.248855,-1.248855
67.300896,0.298967,-0.549086,-0.481852,0.221680,-1.235081,-1.235081,-1.235081,-1.235081
67.310333,0.299389,-0.548340,-0.480901,0.222134,-1.222462,-1.222462,-1.222462,-1.222462
67.320877,0.299833,-0.547520,-0.479778,0.222858,-1.208097,-1.208097,-1.208097,-1.208097
67.330330,0.298409,-0.547908,-0.480064,0.221869,-1.194997,-1.194997,-1.194997,-1.194997
67.340858,0.298937,-0.546696,-0.478656,0.222719,-1.180148,-1.180148,-1.180148,-1.180148
67.350327,0.299713,-0.545447,-0.476990,0.223756,-1.166579,-1.166579,-1.166579,-1.166579
67.360863,0.300008,-0.544364,-0.475565,0.224602,-1.151239,-1.151239,-1.151239,-1.151239
67.370331,0.300347,-0.543269,-0.474343,0.225440,-1.137254,-1.137254,-1.137254,-1.137254
67.380882,0.300694,-0.542182,-0.473192,0.226288,-1.121433,-1.121433,-1.121433,-1.121433
67.390388,0.301042,-0.541167,-0.472183,0.227074,-1.106981,-1.106981,-1.106981,-1.106981
67.400894,0.299845,-0.541215,-0.472344,0.226310,-1.090792,-1.090792,-1.090792,-1.090792
67.410393,0.300765,-0.539735,-0.470674,0.227492,-1.075959,-1.075959,-1.075959,-1.075959
67.420937,0.301587,-0.538253,-0.469068,0.228632,-1.059289,-1.059289,-1.059289,-1.059289
67.430428,0.300759,-0.538117,-0.468859,0.228157,-1.044109,-1.044109,-1.044109,-1.044109
67.440979,0.301540,-0.536527,-0.467113,0.229433,-1.027041,-1.027041,-1.027041,-1.027041
67.450432,0.300845,-0.536247,-0.466794,0.229084,-1.011580,-1.011580,-1.011580,-1.011580
67.460976,0.301905,-0.534552,-0.465040,0.230421,-0.994155,-0.994155,-0.994155,-0.994155
67.470436,0.302947,-0.532817,-0.463298,0.231827,-0.978349,-0.978349,-0.978349,-0.978349
67.480980,0.302320,-0.532235,-0.462871,0.231640,-0.960573,-0.960573,-0.960573,-0.960573
67.490387,0.303362,-0.530380,-0.461193,0.233041,-0.944570,-0.944570,-0.944570,-0.944570
67.500931,0.304457,-0.528585,-0.459415,0.234521,-0.926473,-0.926473,-0.926473,-0.926473
67.510384,0.305707,-0.526841,-0.457726,0.235989,-0.910112,-0.910112,-0.910112,-0.910112
67.520920,0.306978,-0.524989,-0.456056,0.237500,-0.891726,-0.891726,-0.891726,-0.891726
67.530380,0.306785,-0.524154,-0.455437,0.237529,-0.875084,-0.875084,-0.875084,-0.875084
67.540894,0.308234,-0.522072,-0.453468,0.239142,-0.856467,-0.856467,-0.856467,-0.856467
67.550377,0.309798,-0.519945,-0.451514,0.240829,-0.839544,-0.839544,-0.839544,-0.839544
67.560921,0.311300,-0.517746,-0.449526,0.242594,-0.820612,-0.820612,-0.820612,-0.820612
67.570381,0.313108,-0.515372,-0.447235,0.244506,-0.803526,-0.803526,-0.803526,-0.803526
67.580902,0.313742,-0.516782,-0.445638,0.245172,-0.784410,-0.784410,-0.784410,-0.784410
67.590378,0.315355,-0.514531,-0.443259,0.247041,-0.767091,-0.767091,-0.767091,-0.767091
67.600922,0.316852,-0.512207,-0.441023,0.248981,-0.747722,-0.747722,-0.747722,-0.747722
67.610382,0.316576,-0.513832,-0.443436,0.249333,-0.730267,-0.730267,-0.730267,-0.730267
67.620926,0.317182,-0.511994,-0.442455,0.250526,-0.710714,-0.710714,-0.710714,-0.710714
67.630386,0.317178,-0.513168,-0.444884,0.250697,-0.693111,-0.693111,-0.693111,-0.693111
67.640907,0.319108,-0.510237,-0.442129,0.252800,-0.673439,-0.673439,-0.673439,-0.673439
67.650375,0.321099,-0.507424,-0.439459,0.255092,-0.655681,-0.655681,-0.655681,-0.655681
67.660912,0.323003,-0.504650,-0.436923,0.257299,-0.635863,-0.635863,-0.635863,-0.635863
67.670380,0.324893,-0.501903,-0.434687,0.259337,-0.617981,-0.617981,-0.617981,-0.617981
67.680923,0.326674,-0.499132,-0.432526,0.261270,-0.598027,-0.598027,-0.598027,-0.598027
67.690384,0.328256,-0.496607,-0.430496,0.263056,-0.580089,-0.580089,-0.580089,-0.580089
67.700935,0.328164,-0.496989,-0.431844,0.263377,-0.560038,-0.560038,-0.560038,-0.560038
67.710381,0.329595,-0.494279,-0.429696,0.265226,-0.542043,-0.542043,-0.542043,-0.542043
67.720909,0.330951,-0.491664,-0.427531,0.267200,-0.521968,-0.521968,-0.521968,-0.521968
67.730377,0.332009,-0.489176,-0.425809,0.268854,-0.503893,-0.503893,-0.503893,-0.503893
67.740883,0.334070,-0.485975,-0.423167,0.271015,-0.483825,-0.483825,-0.483825,-0.483825
67.750328,0.334802,-0.485320,-0.423242,0.271900,-0.465773,-0.465773,-0.465773,-0.465773
67.760857,0.336758,-0.482372,-0.420558,0.274129,-0.445630,-0.445630,-0.445630,-0.445630
67.770332,0.338826,-0.479368,-0.417949,0.276357,-0.427517,-0.427517,-0.427517,-0.427517
67.780876,0.340824,-0.476365,-0.415361,0.278648,-0.407351,-0.407351,-0.407351,-0.407351
67.790329,0.342769,-0.473430,-0.412808,0.280908,-0.389283,-0.389283,-0.389283,-0.389283
67.800858,0.343648,-0.472041,-0.412252,0.279065,-0.369184,-0.369184,-0.369184,-0.369184
67.810326,0.346009,-0.468780,-0.409078,0.281688,-0.351120,-0.351120,-0.351120,-0.351120
67.820885,0.347748,-0.465877,-0.406384,0.283977,-0.331010,-0.331010,-0.331010,-0.331010
67.830330,0.349586,-0.462904,-0.403765,0.286349,-0.313046,-0.313046,-0.313046,-0.313046
67.840889,0.351494,-0.459992,-0.401454,0.288643,-0.293013,-0.293013,-0.293013,-0.293013
67.851433,0.353216,-0.457073,-0.399335,0.290702,-0.273040,-0.273040,-0.273040,-0.273040
67.860863,0.355319,-0.453532,-0.396581,0.293139,-0.255235,-0.255235,-0.255235,-0.255235
67.871384,0.357499,-0.449978,-0.393724,0.295535,-0.235415,-0.235415,-0.235415,-0.235415
67.880875,0.363132,-0.445716,-0.390014,0.301068,-0.217590,-0.217590,-0.217590,-0.217590
67.891380,0.365049,-0.442253,-0.387572,0.303314,-0.197927,-0.197927,-0.197927,-0.197927
67.901917,0.366817,-0.438699,-0.385108,0.305407,-0.178292,-0.178292,-0.178292,-0.178292
67.911385,0.368946,-0.434948,-0.382149,0.307735,-0.160707,-0.160707,-0.160707,-0.160707
67.921928,0.368212,-0.432133,-0.379911,0.307422,-0.141206,-0.141206,-0.141206,-0.141206
67.931389,0.369884,-0.427227,-0.377682,0.309421,-0.123785,-0.123785,-0.123785,-0.123785
67.941917,0.371611,-0.420830,-0.375182,0.311427,-0.104487,-0.104487,-0.104487,-0.104487
67.951370,0.373333,-0.418967,-0.374729,0.313527,-0.087243,-0.087243,-0.087243,-0.087243
67.961914,0.375142,-0.412742,-0.369131,0.315550,-0.068117,-0.068117,-0.068117,-0.068117
67.971382,0.374795,-0.408366,-0.364973,0.315742,-0.051031,-0.051031,-0.051031,-0.051031
67.981941,0.376841,-0.404825,-0.362004,0.318036,-0.032096,-0.032096,-0.032096,-0.032096
67.991440,0.378456,-0.400243,-0.358904,0.320070,-0.015172,-0.015172,-0.015172,-0.015172
68.001991,0.380146,-0.396692,-0.355323,0.322144,0.003516,0.003516,0.003516,0.003516
68.011436,0.381805,-0.393045,-0.351214,0.324224,0.020136,0.020136,0.020136,0.020136
68.022003,0.383474,-0.389330,-0.347731,0.326353,0.038588,0.038588,0.038588,0.038588
68.031509,0.385113,-0.386455,-0.345021,0.328709,0.055080,0.055080,0.055080,0.055080
68.042053,0.385596,-0.382629,-0.342016,0.329559,0.073222,0.073222,0.073222,0.073222
68.051537,0.386847,-0.379298,-0.338879,0.331840,0.089414,0.089414,0.089414,0.089414
68.062088,0.386771,-0.375128,-0.335344,0.332876,0.107275,0.107275,0.107275,0.107275
68.071541,0.388296,-0.372127,-0.332695,0.335800,0.123155,0.123155,0.123155,0.123155
68.082054,0.389967,-0.369014,-0.329845,0.337950,0.140640,0.140640,0.140640,0.140640
68.091583,0.392989,-0.367296,-0.327959,0.341084,0.156354,0.156354,0.156354,0.156354
68.102119,0.394650,-0.363894,-0.325002,0.343416,0.173570,0.173570,0.173570,0.173570
68.111588,0.396699,-0.361093,-0.322607,0.346062,0.188883,0.188883,0.188883,0.188883
68.122116,0.398795,-0.357842,-0.320063,0.348498,0.205749,0.205749,0.205749,0.205749
68.131561,0.401058,-0.354270,-0.316966,0.351153,0.220714,0.220714,0.220714,0.220714
68.142097,0.403387,-0.351223,-0.314473,0.353747,0.237230,0.237230,0.237230,0.237230
68.151604,0.406180,-0.350409,-0.313423,0.357644,0.251975,0.251975,0.251975,0.251975
68.162125,0.409079,-0.347340,-0.310091,0.361660,0.268093,0.268093,0.268093,0.268093
68.171623,0.411834,-0.345885,-0.308082,0.367002,0.282485,0.282485,0.282485,0.282485
68.182175,0.413961,-0.342839,-0.305533,0.367674,0.298265,0.298265,0.298265,0.298265
68.191689,0.416411,-0.342424,-0.305941,0.369070,0.312329,0.312329,0.312329,0.312329
68.202225,0.419331,-0.337470,-0.302127,0.371306,0.327692,0.327692,0.327692,0.327692
68.211739,0.419473,-0.337250,-0.302666,0.374579,0.341382,0.341382,0.341382,0.341382
68.221222,0.421600,-0.333985,-0.300092,0.376985,0.354861,0.354861,0.354861,0.354861
68.231766,0.423806,-0.333667,-0.300353,0.379128,0.369634,0.369634,0.369634,0.369634
68.241226,0.425557,-0.330934,-0.298242,0.381513,0.382689,0.382689,0.382689,0.382689
68.251762,0.427028,-0.328560,-0.296508,0.383666,0.397021,0.397021,0.397021,0.397021
68.261223,0.430142,-0.325964,-0.294664,0.385942,0.409697,0.409697,0.409697,0.409697
68.271774,0.433143,-0.319966,-0.289277,0.389518,0.423611,0.423611,0.423611,0.423611
68.281181,0.435604,-0.317239,-0.287021,0.391931,0.435818,0.435818,0.435818,0.435818
68.291740,0.438051,-0.314132,-0.284389,0.394424,0.449291,0.449291,0.449291,0.449291
68.302177,0.440285,-0.311256,-0.281825,0.396909,0.462378,0.462378,0.462378,0.462378
68.311661,0.441747,-0.309076,-0.280100,0.398881,0.474052,0.474052,0.474052,0.474052
68.322174,0.443131,-0.306735,-0.278380,0.400874,0.486770,0.486770,0.486770,0.486770
68.331657,0.443656,-0.307898,-0.280016,0.401516,0.498030,0.498030,0.498030,0.498030
68.342171,0.446208,-0.302092,-0.274837,0.404801,0.510276,0.510276,0.510276,0.510276
68.351692,0.446590,-0.303475,-0.276694,0.405206,0.521146,0.521146,0.521146,0.521146
68.361168,0.447437,-0.301453,-0.275470,0.406624,0.531768,0.531768,0.531768,0.531768
68.371704,0.446771,-0.303120,-0.278094,0.406337,0.543323,0.543323,0.543323,0.543323
68.381172,0.448734,-0.300231,-0.275947,0.408513,0.553493,0.553493,0.553493,0.553493
68.391701,0.451118,-0.297319,-0.273523,0.410876,0.564556,0.564556,0.564556,0.564556
68.402222,0.453165,-0.294764,-0.271391,0.412969,0.575348,0.575348,0.575348,0.575348
68.411743,0.456710,-0.291579,-0.268579,0.416871,0.584888,0.584888,0.584888,0.584888
68.422226,0.459028,-0.288458,-0.265797,0.419172,0.595140,0.595140,0.595140,0.595140
68.431709,0.459129,-0.290254,-0.267866,0.419105,0.604192,0.604192,0.604192,0.604192
68.441170,0.460467,-0.288000,-0.266247,0.420708,0.613006,0.613006,0.613006,0.613006
68.451698,0.460055,-0.289858,-0.268666,0.420213,0.622559,0.622559,0.622559,0.622559
68.462181,0.463237,-0.286861,-0.266191,0.424017,0.631800,0.631800,0.631800,0.631800
68.471695,0.464428,-0.284558,-0.264476,0.425562,0.639958,0.639958,0.639958,0.639958
68.481171,0.465311,-0.282447,-0.263132,0.426779,0.647861,0.647861,0.647861,0.647861
68.491699,0.463922,-0.284879,-0.266612,0.425349,0.656384,0.656384,0.656384,0.656384
68.501167,0.465184,-0.282302,-0.264690,0.426846,0.663818,0.663818,0.663818,0.663818
68.511696,0.468556,-0.279216,-0.262174,0.430727,0.671823,0.671823,0.671823,0.671823
68.521172,0.469624,-0.276820,-0.260332,0.432222,0.678790,0.678790,0.678790,0.678790
68.531700,0.470898,-0.274426,-0.258461,0.433635,0.686273,0.686273,0.686273,0.686273
68.541168,0.471898,-0.272272,-0.256715,0.434899,0.692768,0.692768,0.692768,0.692768
68.551697,0.472817,-0.270116,-0.255022,0.436165,0.699727,0.699727,0.699727,0.699727
68.561172,0.473800,-0.267891,-0.253405,0.437373,0.705752,0.705752,0.705752,0.705752
68.571701,0.474648,-0.265777,-0.251856,0.438488,0.712186,0.712186,0.712186,0.712186
68.582176,0.475388,-0.263731,-0.250349,0.439562,0.718318,0.718318,0.718318,0.718318
68.591682,0.478360,-0.261175,-0.248268,0.443247,0.723643,0.723643,0.723643,0.723643
68.602173,0.478265,-0.259548,-0.247535,0.443727,0.729255,0.729255,0.729255,0.729255
68.611687,0.476021,-0.262297,-0.251294,0.441636,0.734111,0.734111,0.734111,0.734111
68.622169,0.477150,-0.259991,-0.249700,0.442764,0.739200,0.739200,0.739200,0.739200
68.631691,0.475861,-0.262902,-0.253062,0.440977,0.743585,0.743585,0.743585,0.743585
68.642174,0.479347,-0.260254,-0.250592,0.445031,0.748156,0.748156,0.748156,0.748156
68.651657,0.477446,-0.263260,-0.253940,0.443145,0.752055,0.752055,0.752055,0.752055
68.662125,0.478696,-0.260685,-0.251613,0.444675,0.756102,0.756102,0.756102,0.756102
68.671638,0.476791,-0.263888,-0.255205,0.442736,0.759543,0.759543,0.759543,0.759543
68.682121,0.477900,-0.261602,-0.253434,0.443831,0.763080,0.763080,0.763080,0.763080
68.691605,0.475914,-0.259268,-0.251398,0.445073,0.766048,0.766048,0.766048,0.766048
68.702133,0.476914,-0.257069,-0.249499,0.446144,0.769086,0.769086,0.769086,0.769086
68.711609,0.477918,-0.254874,-0.247494,0.447306,0.771592,0.771592,0.771592,0.771592
68.722122,0.479226,-0.252766,-0.245625,0.448615,0.774115,0.774115,0.774115,0.774115
68.731613,0.478089,-0.255653,-0.248691,0.447019,0.776165,0.776165,0.776165,0.776165
68.742119,0.479973,-0.253212,-0.246436,0.448638,0.778183,0.778183,0.778183,0.778183
68.751602,0.478813,-0.256088,-0.249516,0.446932,0.779778,0.779778,0.779778,0.779778
68.762115,0.480107,-0.253655,-0.247430,0.448256,0.781297,0.781297,0.781297,0.781297
68.771614,0.478109,-0.257101,-0.251291,0.446068,0.782445,0.782445,0.782445,0.782445
68.782120,0.479257,-0.254866,-0.249402,0.447353,0.783469,0.783469,0.783469,0.783469
68.791618,0.477339,-0.258135,-0.252863,0.445303,0.784174,0.784174,0.784174,0.784174
68.802177,0.478547,-0.255757,-0.250762,0.446578,0.784712,0.784712,0.784712,0.784712
68.811676,0.479622,-0.253443,-0.248591,0.448026,0.784977,0.784977,0.784977,0.784977
68.821175,0.480709,-0.251280,-0.246771,0.449164,0.785036,0.785036,0.785036,0.785036
68.831726,0.478355,-0.254781,-0.250639,0.446783,0.784863,0.784863,0.784863,0.784863
68.841225,0.481866,-0.252297,-0.248338,0.451063,0.784494,0.784494,0.784494,0.784494
68.851768,0.482230,-0.250497,-0.246864,0.451856,0.783848,0.783848,0.783848,0.783848
68.861221,0.483539,-0.248096,-0.244432,0.453231,0.783060,0.783060,0.783060,0.783060
68.871773,0.485131,-0.245600,-0.241597,0.454791,0.781951,0.781951,0.781951,0.781951
68.881233,0.485859,-0.243937,-0.239870,0.455723,0.780751,0.780751,0.780751,0.780751
68.891777,0.489493,-0.241406,-0.237508,0.459842,0.779187,0.779187,0.779187,0.779187
68.901276,0.489807,-0.239762,-0.236109,0.460395,0.777577,0.777577,0.777577,0.777577
68.911819,0.490109,-0.238158,-0.234738,0.460887,0.775568,0.775568,0.775568,0.775568
68.921280,0.493315,-0.235807,-0.232573,0.464563,0.773569,0.773569,0.773569,0.773569
68.931816,0.493018,-0.234645,-0.231568,0.464685,0.771124,0.771124,0.771124,0.771124
68.941269,0.492563,-0.233489,-0.230751,0.464694,0.768740,0.768740,0.768740,0.768740
68.951813,0.495652,-0.231349,-0.228773,0.468195,0.765871,0.765871,0.765871,0.765871
68.961273,0.495489,-0.230015,-0.227692,0.468179,0.763108,0.763108,0.763108,0.763108
68.971809,0.495275,-0.228751,-0.226616,0.468320,0.759826,0.759826,0.759826,0.759826
68.981277,0.494974,-0.227624,-0.225693,0.468283,0.756693,0.756693,0.756693,0.756693
68.991821,0.494564,-0.226753,-0.225036,0.468086,0.753006,0.753006,0.753006,0.753006
69.001228,0.497216,-0.224843,-0.223321,0.471126,0.749539,0.749539,0.749539,0.749539
69.011749,0.496810,-0.223899,-0.222597,0.470763,0.745466,0.745466,0.745466,0.745466
69.021271,0.496488,-0.222794,-0.221945,0.470414,0.741610,0.741610,0.741610,0.741610
69.031906,0.496099,-0.221830,-0.221396,0.470079,0.737107,0.737107,0.737107,0.737107
69.041389,0.495688,-0.220999,-0.220882,0.469781,0.732928,0.732928,0.732928,0.732928
69.051933,0.498070,-0.219321,-0.219495,0.472584,0.728096,0.728096,0.728096,0.728096
69.061378,0.497253,-0.218875,-0.219535,0.472024,0.723606,0.723606,0.723606,0.723606
69.071938,0.496594,-0.218152,-0.219388,0.471337,0.718413,0.718413,0.718413,0.718413
69.081383,0.498815,-0.216712,-0.218266,0.473822,0.713612,0.713612,0.713612,0.713612
69.091927,0.497853,-0.216161,-0.217957,0.473103,0.708079,0.708079,0.708079,0.708079
69.101387,0.497075,-0.215632,-0.217536,0.472506,0.702971,0.702971,0.702971,0.702971
69.111946,0.496292,-0.215326,-0.217480,0.471697,0.697103,0.697103,0.697103,0.697103
69.121437,0.495346,-0.215053,-0.217290,0.471012,0.691685,0.691685,0.691685,0.691685
69.131981,0.494502,-0.214738,-0.217174,0.470350,0.685505,0.685505,0.685505,0.685505
69.141479,0.493773,-0.214339,-0.217068,0.469594,0.679804,0.679804,0.679804,0.679804
69.152039,0.495727,-0.213175,-0.216148,0.471671,0.673317,0.673317,0.673317,0.673317
69.161484,0.494369,-0.213327,-0.216460,0.470643,0.667380,0.667380,0.667380,0.667380
69.172012,0.492833,-0.213472,-0.216995,0.469442,0.660623,0.660623,0.660623,0.660623
69.181488,0.492205,-0.212959,-0.216626,0.468885,0.654418,0.654418,0.654418,0.654418
69.192032,0.491405,-0.212779,-0.216462,0.468123,0.647377,0.647377,0.647377,0.647377
69.201439,0.490438,-0.212801,-0.216571,0.467217,0.640975,0.640975,0.640975,0.640975
69.211975,0.489568,-0.212764,-0.216388,0.466432,0.633685,0.633685,0.633685,0.633685
69.221436,0.491040,-0.212002,-0.215528,0.468188,0.627022,0.627022,0.627022,0.627022
69.231964,0.489888,-0.212251,-0.215743,0.467340,0.619485,0.619485,0.619485,0.619485
69.241432,0.488781,-0.212443,-0.215878,0.466453,0.612604,0.612604,0.612604,0.612604
69.251968,0.487619,-0.212681,-0.216168,0.465415,0.604837,0.604837,0.604837,0.604837
69.261436,0.486434,-0.212902,-0.216411,0.464385,0.597757,0.597757,0.597757,0.597757
69.271965,0.485398,-0.213191,-0.216720,0.463391,0.589776,0.589776,0.589776,0.589776
69.281433,0.484039,-0.213768,-0.217403,0.462142,0.582507,0.582507,0.582507,0.582507
69.291992,0.484603,-0.213662,-0.217389,0.463252,0.574305,0.574305,0.574305,0.574305
69.301445,0.483807,-0.213683,-0.217506,0.462376,0.566876,0.566876,0.566876,0.566876
69.311989,0.482960,-0.213879,-0.217644,0.461377,0.558499,0.558499,0.558499,0.558499
69.321426,0.482049,-0.214189,-0.217033,0.462583,0.550926,0.550926,0.550926,0.550926
69.331947,0.481458,-0.214240,-0.216908,0.461939,0.542397,0.542397,0.542397,0.542397
69.341438,0.480618,-0.214473,-0.216740,0.461195,0.534631,0.534631,0.534631,0.534631
69.351982,0.479482,-0.215278,-0.217549,0.459726,0.525930,0.525930,0.525930,0.525930
69.361435,0.478291,-0.215924,-0.218162,0.458368,0.518066,0.518066,0.518066,0.518066
69.371956,0.478907,-0.212585,-0.214690,0.459207,0.509240,0.509240,0.509240,0.509240
69.381447,0.477646,-0.213302,-0.215333,0.457890,0.501226,0.501226,0.501226,0.501226
69.391975,0.476328,-0.214104,-0.216086,0.456611,0.492275,0.492275,0.492275,0.492275
69.401436,0.476888,-0.210893,-0.213063,0.457230,0.484182,0.484182,0.484182,0.484182
69.411957,0.476076,-0.211476,-0.213474,0.456160,0.475123,0.475123,0.475123,0.475123
69.421432,0.475093,-0.212200,-0.213957,0.454994,0.466924,0.466924,0.466924,0.466924
69.431961,0.474461,-0.212920,-0.210821,0.455807,0.457770,0.457770,0.457770,0.457770
69.441429,0.473827,-0.213339,-0.210991,0.455189,0.449497,0.449497,0.449497,0.449497
69.451958,0.472606,-0.214434,-0.211871,0.454081,0.440265,0.440265,0.440265,0.440265
69.461426,0.471706,-0.215666,-0.213423,0.452388,0.431929,0.431929,0.431929,0.431929
69.471916,0.470517,-0.216693,-0.214555,0.450783,0.422666,0.422666,0.422666,0.422666
69.481384,0.469242,-0.217609,-0.215460,0.449330,0.414287,0.414287,0.414287,0.414287
69.491913,0.467942,-0.218553,-0.216522,0.447901,0.404940,0.404940,0.404940,0.404940
69.501381,0.467721,-0.216211,-0.214376,0.447867,0.396519,0.396519,0.396519,0.396519
69.511909,0.466193,-0.217619,-0.215772,0.446529,0.387136,0.387136,0.387136,0.387136
69.521385,0.465004,-0.218876,-0.216944,0.445343,0.378685,0.378685,0.378685,0.378685
69.531937,0.463681,-0.220172,-0.218068,0.444052,0.369270,0.369270,0.369270,0.369270
69.541389,0.462767,-0.221141,-0.218780,0.443077,0.360829,0.360829,0.360829,0.360829
69.551933,0.462807,-0.218806,-0.216281,0.443272,0.351410,0.351410,0.351410,0.351410
69.561386,0.461131,-0.220391,-0.217832,0.441649,0.342974,0.342974,0.342974,0.342974
69.571930,0.459467,-0.221877,-0.219571,0.440033,0.333563,0.333563,0.333563,0.333563
69.581390,0.458042,-0.223191,-0.220979,0.438585,0.325131,0.325131,0.325131,0.325131
69.591934,0.456518,-0.224457,-0.222213,0.437049,0.315752,0.315752,0.315752,0.315752
69.601433,0.454999,-0.225685,-0.223404,0.435477,0.307317,0.307317,0.307317,0.307317
69.611969,0.453620,-0.226961,-0.224615,0.434073,0.297979,0.297979,0.297979,0.297979
69.621437,0.452270,-0.228292,-0.225778,0.432700,0.289612,0.289612,0.289612,0.289612
69.631966,0.450777,-0.229613,-0.226988,0.431193,0.280333,0.280333,0.280333,0.280333
69.641434,0.449219,-0.230951,-0.228123,0.429727,0.272015,0.272015,0.272015,0.272015
69.651962,0.448874,-0.229683,-0.226845,0.428728,0.262798,0.262798,0.262798,0.262798
69.661438,0.445894,-0.230981,-0.228054,0.427054,0.254542,0.254542,0.254542,0.254542
69.671989,0.444223,-0.232284,-0.229229,0.425411,0.245389,0.245389,0.245389,0.245389
69.681435,0.443229,-0.233596,-0.230516,0.423792,0.237232,0.237232,0.237232,0.237232
69.691986,0.442038,-0.234804,-0.231828,0.422167,0.228171,0.228171,0.228171,0.228171
69.701439,0.440833,-0.233824,-0.230895,0.420749,0.220094,0.220094,0.220094,0.220094
69.711990,0.438913,-0.235222,-0.232230,0.418821,0.211133,0.211133,0.211133,0.211133
69.721489,0.437464,-0.236591,-0.233384,0.417628,0.203121,0.203121,0.203121,0.203121
69.732033,0.435348,-0.235941,-0.232541,0.414365,0.194287,0.194287,0.194287,0.194287
69.741486,0.433961,-0.237505,-0.233852,0.414477,0.186419,0.186419,0.186419,0.186419
69.752029,0.432580,-0.238640,-0.234718,0.412651,0.177710,0.177710,0.177710,0.177710
69.761490,0.431552,-0.239832,-0.235750,0.410485,0.169963,0.169963,0.169963,0.169963
69.772026,0.426013,-0.241047,-0.236305,0.409419,0.161399,0.161399,0.161399,0.161399
69.781487,0.427684,-0.240183,-0.234926,0.408311,0.153781,0.153781,0.153781,0.153781
69.792023,0.427054,-0.241774,-0.235698,0.407223,0.145371,0.145371,0.145371,0.145371
69.801445,0.426559,-0.243001,-0.236189,0.404666,0.137917,0.137917,0.137917,0.137917
69.811981,0.425239,-0.242347,-0.235293,0.403008,0.129674,0.129674,0.129674,0.129674
69.821434,0.423645,-0.244006,-0.236277,0.400814,0.122346,0.122346,0.122346,0.122346
69.831970,0.421952,-0.245184,-0.237563,0.398802,0.114269,0.114269,0.114269,0.114269
69.841438,0.420332,-0.246586,-0.238738,0.396830,0.107096,0.107096,0.107096,0.107096
69.851982,0.418657,-0.247859,-0.239994,0.394973,0.099198,0.099198,0.099198,0.099198
69.861435,0.415525,-0.247680,-0.239717,0.392654,0.092200,0.092200,0.092200,0.092200
69.871956,0.413268,-0.249332,-0.240782,0.390961,0.084509,0.084509,0.084509,0.084509
69.881447,0.411222,-0.249202,-0.240256,0.388963,0.077665,0.077665,0.077665,0.077665
69.891983,0.410049,-0.250523,-0.240514,0.387649,0.070165,0.070165,0.070165,0.070165
69.901436,0.409653,-0.251803,-0.241111,0.386327,0.063529,0.063529,0.063529,0.063529
69.911980,0.409057,-0.253691,-0.242146,0.384829,0.056234,0.056234,0.056234,0.056234
69.921440,0.408519,-0.254697,-0.243054,0.383027,0.049786,0.049786,0.049786,0.049786
69.931961,0.407573,-0.255744,-0.243513,0.381923,0.042726,0.042726,0.042726,0.042726
69.941429,0.406773,-0.256813,-0.244657,0.380705,0.036468,0.036468,0.036468,0.036468
69.951965,0.404747,-0.256741,-0.244769,0.378646,0.029627,0.029627,0.029627,0.029627
69.961433,0.403927,-0.258123,-0.246072,0.377587,0.023581,0.023581,0.023581,0.023581
69.971962,0.403280,-0.258919,-0.246865,0.376318,0.016975,0.016975,0.016975,0.016975
69.981430,0.402245,-0.259640,-0.247318,0.375129,0.011138,0.011138,0.011138,0.011138
69.991974,0.401023,-0.260501,-0.247814,0.373915,0.004765,0.004765,0.004765,0.004765
70.001389,0.398456,-0.260197,-0.247395,0.371624,-0.000818,-0.000818,-0.000818,-0.000818
70.011940,0.397702,-0.261415,-0.247310,0.371211,-0.006947,-0.006947,-0.006947,-0.006947
70.021446,0.397938,-0.263327,-0.247694,0.370815,-0.012361,-0.012361,-0.012361,-0.012361
70.032059,0.398792,-0.264835,-0.248428,0.369878,-0.018270,-0.018270,-0.018270,-0.018270
70.041542,0.398944,-0.266126,-0.249125,0.368806,-0.023435,-0.023435,-0.023435,-0.023435
70.052071,0.398964,-0.267070,-0.249835,0.368025,-0.029043,-0.029043,-0.029043,-0.029043
70.061539,0.398534,-0.267788,-0.250606,0.367138,-0.033966,-0.033966,-0.033966,-0.033966
70.072075,0.396077,-0.268671,-0.251500,0.365167,-0.039311,-0.039311,-0.039311,-0.039311
70.081543,0.394866,-0.270560,-0.253677,0.364086,-0.043994,-0.043994,-0.043994,-0.043994
70.092064,0.393017,-0.272392,-0.255816,0.362434,-0.049067,-0.049067,-0.049067,-0.049067
70.101532,0.391908,-0.274854,-0.258035,0.361782,-0.053509,-0.053509,-0.053509,-0.053509
70.112068,0.390215,-0.276721,-0.259627,0.360184,-0.058313,-0.058313,-0.058313,-0.058313
70.121536,0.390300,-0.278599,-0.260626,0.359252,-0.062508,-0.062508,-0.062508,-0.062508
70.132057,0.390347,-0.280302,-0.262071,0.358206,-0.067033,-0.067033,-0.067033,-0.067033
70.141533,0.387772,-0.281194,-0.261128,0.355751,-0.070983,-0.070983,-0.070983,-0.070983
70.152061,0.387637,-0.282544,-0.265172,0.355552,-0.075231,-0.075231,-0.075231,-0.075231
70.161537,0.387186,-0.284014,-0.267989,0.355221,-0.078929,-0.078929,-0.078929,-0.078929
70.172089,0.386459,-0.285560,-0.269854,0.354458,-0.082907,-0.082907,-0.082907,-0.082907
70.181541,0.385587,-0.287181,-0.272462,0.354952,-0.086341,-0.086341,-0.086341,-0.086341
70.192070,0.384296,-0.288860,-0.272722,0.353842,-0.090027,-0.090027,-0.090027,-0.090027
70.201538,0.383867,-0.290553,-0.275032,0.353731,-0.093216,-0.093216,-0.093216,-0.093216
70.212082,0.380201,-0.291094,-0.272918,0.350726,-0.096622,-0.096622,-0.096622,-0.096622
70.221542,0.378940,-0.294116,-0.275763,0.349797,-0.099550,-0.099550,-0.099550,-0.099550
70.232086,0.378483,-0.295549,-0.273438,0.349057,-0.102672,-0.102672,-0.102672,-0.102672
70.241539,0.381525,-0.295155,-0.271723,0.351075,-0.105341,-0.105341,-0.105341,-0.105341
70.252068,0.382418,-0.296537,-0.275124,0.351386,-0.108173,-0.108173,-0.108173,-0.108173
70.261536,0.382442,-0.297932,-0.276781,0.350942,-0.110593,-0.110593,-0.110593,-0.110593
70.272072,0.382300,-0.299973,-0.280010,0.350435,-0.113141,-0.113141,-0.113141,-0.113141
70.281540,0.381921,-0.300316,-0.280442,0.349954,-0.115304,-0.115304,-0.115304,-0.115304
70.292076,0.381911,-0.301872,-0.282120,0.349184,-0.117568,-0.117568,-0.117568,-0.117568
70.301552,0.381715,-0.302961,-0.282566,0.348554,-0.119477,-0.119477,-0.119477,-0.119477
70.312096,0.381594,-0.303957,-0.282439,0.348018,-0.121458,-0.121458,-0.121458,-0.121458
70.321495,0.383339,-0.305667,-0.283448,0.349490,-0.123100,-0.123100,-0.123100,-0.123100
70.332016,0.380449,-0.307235,-0.285677,0.347067,-0.124798,-0.124798,-0.124798,-0.124798
70.341484,0.381764,-0.308298,-0.286052,0.348139,-0.126200,-0.126200,-0.126200,-0.126200
70.352005,0.381474,-0.308846,-0.286233,0.347526,-0.127618,-0.127618,-0.127618,-0.127618
70.361481,0.381130,-0.310267,-0.287981,0.347200,-0.128771,-0.128771,-0.128771,-0.128771
70.372009,0.381350,-0.310004,-0.288772,0.346999,-0.129913,-0.129913,-0.129913,-0.129913
70.381485,0.379291,-0.310456,-0.289007,0.344701,-0.130818,-0.130818,-0.130818,-0.130818
70.392006,0.379477,-0.312250,-0.289994,0.344473,-0.131687,-0.131687,-0.131687,-0.131687
70.401558,0.379402,-0.312301,-0.290447,0.344246,-0.132352,-0.132352,-0.132352,-0.132352
70.412102,0.379899,-0.311207,-0.289303,0.344293,-0.132951,-0.132951,-0.132951,-0.132951
70.421600,0.380905,-0.311761,-0.289252,0.344610,-0.133370,-0.133370,-0.133370,-0.133370
70.432129,0.378834,-0.312888,-0.290918,0.342583,-0.133701,-0.133701,-0.133701,-0.133701
70.441620,0.381119,-0.314429,-0.292407,0.344500,-0.133882,-0.133882,-0.133882,-0.133882
70.452118,0.380833,-0.315908,-0.295039,0.344051,-0.133952,-0.133952,-0.133952,-0.133952
70.461594,0.383295,-0.315559,-0.294327,0.345731,-0.133899,-0.133899,-0.133899,-0.133899
70.472122,0.383889,-0.314533,-0.292222,0.345572,-0.133713,-0.133713,-0.133713,-0.133713
70.481598,0.386450,-0.316918,-0.294163,0.347407,-0.133432,-0.133432,-0.133432,-0.133432
70.492119,0.386297,-0.316057,-0.293920,0.347089,-0.132995,-0.132995,-0.132995,-0.132995
70.501595,0.386165,-0.317723,-0.295248,0.346871,-0.132490,-0.132490,-0.132490,-0.132490
70.512123,0.386049,-0.318061,-0.295356,0.346634,-0.131808,-0.131808,-0.131808,-0.131808
70.521599,0.388226,-0.317890,-0.295155,0.348295,-0.131085,-0.131085,-0.131085,-0.131085
70.532120,0.388466,-0.317138,-0.294803,0.348094,-0.130164,-0.130164,-0.130164,-0.130164
70.541611,0.391810,-0.317322,-0.293780,0.350381,-0.129228,-0.129228,-0.129228,-0.129228
70.552116,0.392613,-0.317691,-0.294056,0.350597,-0.128077,-0.128077,-0.128077,-0.128077
70.561592,0.395479,-0.318990,-0.296521,0.352577,-0.126936,-0.126936,-0.126936,-0.126936
70.572121,0.392699,-0.318914,-0.298257,0.349861,-0.125558,-0.125558,-0.125558,-0.125558
70.581596,0.394085,-0.320860,-0.300052,0.350826,-0.124218,-0.124218,-0.124218,-0.124218
70.592117,0.392580,-0.321347,-0.300728,0.349609,-0.122621,-0.122621,-0.122621,-0.122621
70.601593,0.392106,-0.318713,-0.296503,0.348839,-0.121088,-0.121088,-0.121088,-0.121088
70.612122,0.392055,-0.319568,-0.296044,0.348789,-0.119282,-0.119282,-0.119282,-0.119282
70.621597,0.393997,-0.320135,-0.297491,0.350701,-0.117563,-0.117563,-0.117563,-0.117563
70.632118,0.393520,-0.320908,-0.298503,0.350312,-0.115555,-0.115555,-0.115555,-0.115555
70.643700,0.395297,-0.321088,-0.298670,0.351812,-0.113227,-0.113227,-0.113227,-0.113227
70.654228,0.392493,-0.320870,-0.298914,0.349422,-0.111005,-0.111005,-0.111005,-0.111005
70.663704,0.394279,-0.321250,-0.298977,0.351037,-0.108921,-0.108921,-0.108921,-0.108921
70.674225,0.393662,-0.321506,-0.299421,0.350632,-0.106517,-0.106517,-0.106517,-0.106517
70.684761,0.392986,-0.321944,-0.299594,0.350009,-0.104016,-0.104016,-0.104016,-0.104016
70.694237,0.390456,-0.320688,-0.298807,0.347650,-0.101689,-0.101689,-0.101689,-0.101689
70.704773,0.390871,-0.320026,-0.297201,0.347607,-0.099017,-0.099017,-0.099017,-0.099017
70.714233,0.391225,-0.319213,-0.296849,0.347629,-0.096547,-0.096547,-0.096547,-0.096547
70.724762,0.391185,-0.319364,-0.297686,0.347396,-0.093717,-0.093717,-0.093717,-0.093717
70.734222,0.390657,-0.319697,-0.298747,0.347290,-0.091106,-0.091106,-0.091106,-0.091106
70.744751,0.389859,-0.319501,-0.298004,0.346891,-0.088127,-0.088127,-0.088127,-0.088127
70.755226,0.389477,-0.320917,-0.299544,0.344742,-0.085089,-0.085089,-0.085089,-0.085089
70.764717,0.389511,-0.319328,-0.296990,0.345023,-0.082274,-0.082274,-0.082274,-0.082274
70.774170,0.387116,-0.319446,-0.296841,0.343072,-0.079413,-0.079413,-0.079413,-0.079413
70.784698,0.388857,-0.319343,-0.296558,0.344809,-0.076165,-0.076165,-0.076165,-0.076165
70.795174,0.388784,-0.317051,-0.293106,0.344670,-0.072869,-0.072869,-0.072869,-0.072869
70.804695,0.388735,-0.318434,-0.298384,0.344809,-0.069819,-0.069819,-0.069819,-0.069819
70.814171,0.388913,-0.318678,-0.294614,0.344757,-0.066738,-0.066738,-0.066738,-0.066738
70.824692,0.388944,-0.318281,-0.293664,0.344794,-0.063263,-0.063263,-0.063263,-0.063263
70.835167,0.389372,-0.317682,-0.292459,0.345010,-0.059751,-0.059751,-0.059751,-0.059751
70.844681,0.389905,-0.317031,-0.290282,0.345291,-0.056519,-0.056519,-0.056519,-0.056519
70.855171,0.389929,-0.316418,-0.290586,0.345539,-0.052912,-0.052912,-0.052912,-0.052912
70.864685,0.391345,-0.316303,-0.291914,0.347234,-0.049601,-0.049601,-0.049601,-0.049601
70.874168,0.391155,-0.316058,-0.293575,0.347223,-0.046267,-0.046267,-0.046267,-0.046267
70.884697,0.393146,-0.316042,-0.291639,0.348607,-0.042531,-0.042531,-0.042531,-0.042531
70.895226,0.393653,-0.315528,-0.290882,0.348720,-0.038760,-0.038760,-0.038760,-0.038760
70.904716,0.393169,-0.315006,-0.290899,0.348654,-0.035333,-0.035333,-0.035333,-0.035333
70.915222,0.389668,-0.314174,-0.290389,0.346667,-0.031510,-0.031510,-0.031510,-0.031510
70.924736,0.388841,-0.315015,-0.291612,0.346211,-0.028028,-0.028028,-0.028028,-0.028028
70.934174,0.385344,-0.314114,-0.290314,0.344057,-0.024554,-0.024554,-0.024554,-0.024554
70.944695,0.386864,-0.314744,-0.290496,0.345523,-0.020661,-0.020661,-0.020661,-0.020661
70.955170,0.386930,-0.314294,-0.287443,0.345728,-0.016769,-0.016769,-0.016769,-0.016769
70.964653,0.387208,-0.313058,-0.287862,0.346101,-0.013235,-0.013235,-0.013235,-0.013235
70.975174,0.386938,-0.312484,-0.287311,0.346334,-0.009304,-0.009304,-0.009304,-0.009304
70.984688,0.386081,-0.311894,-0.286739,0.346260,-0.005741,-0.005741,-0.005741,-0.005741
70.995171,0.385422,-0.311707,-0.286498,0.346297,-0.001810,-0.001810,-0.001810,-0.001810
71.004692,0.383919,-0.311183,-0.285940,0.345728,-0.001758,-0.001758,-0.001758,-0.001758
71.014175,0.383484,-0.310657,-0.285222,0.345590,-0.005314,-0.005314,-0.005314,-0.005314
71.024719,0.383179,-0.311244,-0.284818,0.346040,-0.009264,-0.009264,-0.009264,-0.009264
71.034225,0.380925,-0.310834,-0.284176,0.344540,-0.012815,-0.012815,-0.012815,-0.012815
71.044762,0.381647,-0.310209,-0.283280,0.345026,-0.016744,-0.016744,-0.016744,-0.016744
71.054230,0.381472,-0.308642,-0.281889,0.344227,-0.020264,-0.020264,-0.020264,-0.020264
71.064758,0.383147,-0.307684,-0.280245,0.345160,-0.024159,-0.024159,-0.024159,-0.024159
71.074226,0.384432,-0.306629,-0.279362,0.346225,-0.027646,-0.027646,-0.027646,-0.027646
71.084755,0.385224,-0.305501,-0.278738,0.346686,-0.031501,-0.031501,-0.031501,-0.031501
71.094223,0.386344,-0.304546,-0.276659,0.347161,-0.034948,-0.034948,-0.034948,-0.034948
71.104759,0.385493,-0.302652,-0.272405,0.345991,-0.038755,-0.038755,-0.038755,-0.038755
71.114227,0.385421,-0.301867,-0.272759,0.346940,-0.042146,-0.042146,-0.042146,-0.042146
71.124756,0.385054,-0.301208,-0.272883,0.347126,-0.045889,-0.045889,-0.045889,-0.045889
71.134224,0.384421,-0.300636,-0.269839,0.347327,-0.049219,-0.049219,-0.049219,-0.049219
71.144760,0.384203,-0.300840,-0.274006,0.347329,-0.052888,-0.052888,-0.052888,-0.052888
71.154221,0.383877,-0.301861,-0.274748,0.346632,-0.056145,-0.056145,-0.056145,-0.056145
71.164757,0.382372,-0.301538,-0.269090,0.344896,-0.059725,-0.059725,-0.059725,-0.059725
71.174225,0.383799,-0.301052,-0.269364,0.345658,-0.062902,-0.062902,-0.062902,-0.062902
71.184753,0.384345,-0.300648,-0.271740,0.345850,-0.066385,-0.066385,-0.066385,-0.066385
71.194221,0.382384,-0.300003,-0.273095,0.344229,-0.069470,-0.069470,-0.069470,-0.069470
71.204750,0.382702,-0.300404,-0.273232,0.344369,-0.072845,-0.072845,-0.072845,-0.072845
71.214226,0.382481,-0.300605,-0.273750,0.344259,-0.075828,-0.075828,-0.075828,-0.075828
71.224754,0.380225,-0.300499,-0.274274,0.342402,-0.079084,-0.079084,-0.079084,-0.079084
71.234222,0.379201,-0.300878,-0.275751,0.341858,-0.081955,-0.081955,-0.081955,-0.081955
71.244759,0.376093,-0.301123,-0.277458,0.339716,-0.085084,-0.085084,-0.085084,-0.085084
71.254227,0.375909,-0.301801,-0.274802,0.339103,-0.087833,-0.087833,-0.087833,-0.087833
71.264755,0.376166,-0.302368,-0.274778,0.339210,-0.090821,-0.090821,-0.090821,-0.090821
71.274223,0.374374,-0.301621,-0.274918,0.337321,-0.093440,-0.093440,-0.093440,-0.093440
71.284760,0.375161,-0.301842,-0.276264,0.337482,-0.096280,-0.096280,-0.096280,-0.096280
71.294182,0.375412,-0.303036,-0.277804,0.337761,-0.098748,-0.098748,-0.098748,-0.098748
71.304726,0.373487,-0.301464,-0.276986,0.336098,-0.101429,-0.101429,-0.101429,-0.101429
71.314178,0.373859,-0.303818,-0.278475,0.336351,-0.103759,-0.103759,-0.103759,-0.103759
71.324707,0.374217,-0.303750,-0.280314,0.336450,-0.106266,-0.106266,-0.106266,-0.106266
71.335220,0.374599,-0.303255,-0.279199,0.336449,-0.108680,-0.108680,-0.108680,-0.108680
71.344734,0.374459,-0.304351,-0.279833,0.336307,-0.110780,-0.110780,-0.110780,-0.110780
71.355225,0.371797,-0.306495,-0.281594,0.334304,-0.113004,-0.113004,-0.113004,-0.113004
71.364731,0.373745,-0.306285,-0.281395,0.335928,-0.114935,-0.114935,-0.114935,-0.114935
71.374168,0.373639,-0.308584,-0.283866,0.335732,-0.116768,-0.116768,-0.116768,-0.116768
71.384697,0.376221,-0.305620,-0.280223,0.337317,-0.118714,-0.118714,-0.118714,-0.118714
71.394165,0.376858,-0.307171,-0.280349,0.337601,-0.120374,-0.120374,-0.120374,-0.120374
71.404694,0.374956,-0.306642,-0.281870,0.335772,-0.122116,-0.122116,-0.122116,-0.122116
71.414185,0.374997,-0.308606,-0.283792,0.335860,-0.123590,-0.123590,-0.123590,-0.123590
71.424721,0.375029,-0.308015,-0.283710,0.335761,-0.125120,-0.125120,-0.125120,-0.125120
71.435226,0.375276,-0.308945,-0.284297,0.335662,-0.126532,-0.126532,-0.126532,-0.126532
71.444725,0.375244,-0.308601,-0.285207,0.335427,-0.127708,-0.127708,-0.127708,-0.127708
71.455223,0.374924,-0.309038,-0.285792,0.335122,-0.128894,-0.128894,-0.128894,-0.128894
71.464729,0.376762,-0.310000,-0.286021,0.336746,-0.129865,-0.129865,-0.129865,-0.129865
71.474174,0.376476,-0.311298,-0.287389,0.336553,-0.130730,-0.130730,-0.130730,-0.130730
71.484703,0.378898,-0.311004,-0.287344,0.338298,-0.131577,-0.131577,-0.131577,-0.131577
71.494171,0.379459,-0.311059,-0.286855,0.338187,-0.132231,-0.132231,-0.132231,-0.132231
71.504700,0.379734,-0.311337,-0.287496,0.338050,-0.132837,-0.132837,-0.132837,-0.132837
71.514168,0.379677,-0.311938,-0.288673,0.337934,-0.133272,-0.133272,-0.133272,-0.133272
71.524712,0.379447,-0.312534,-0.289599,0.337655,-0.133631,-0.133631,-0.133631,-0.133631
71.534172,0.379295,-0.313261,-0.289737,0.337453,-0.133840,-0.133840,-0.133840,-0.133840
71.544716,0.376865,-0.313167,-0.289200,0.335240,-0.133946,-0.133946,-0.133946,-0.133946
71.555199,0.377320,-0.312146,-0.288948,0.335307,-0.133917,-0.133917,-0.133917,-0.133917
71.564735,0.377681,-0.313160,-0.290265,0.335363,-0.133773,-0.133773,-0.133773,-0.133773
71.574181,0.377393,-0.313623,-0.291479,0.335072,-0.133519,-0.133519,-0.133519,-0.133519
71.584740,0.379301,-0.314697,-0.291296,0.336873,-0.133103,-0.133103,-0.133103,-0.133103
71.594223,0.378957,-0.315933,-0.292902,0.336621,-0.132609,-0.132609,-0.132609,-0.132609
71.604759,0.379063,-0.314889,-0.291943,0.336548,-0.131925,-0.131925,-0.131925,-0.131925
71.614182,0.377315,-0.314370,-0.290887,0.334736,-0.131194,-0.131194,-0.131194,-0.131194
71.624725,0.377860,-0.315073,-0.291679,0.335097,-0.130239,-0.130239,-0.130239,-0.130239
71.634171,0.377979,-0.315625,-0.292972,0.335123,-0.129260,-0.129260,-0.129260,-0.129260
71.644714,0.378125,-0.315869,-0.292759,0.334991,-0.128031,-0.128031,-0.128031,-0.128031
71.654175,0.378412,-0.315762,-0.292205,0.335026,-0.126803,-0.126803,-0.126803,-0.126803
71.664719,0.378888,-0.315103,-0.291669,0.335159,-0.125295,-0.125295,-0.125295,-0.125295
71.674171,0.379216,-0.316448,-0.291931,0.335378,-0.123817,-0.123817,-0.123817,-0.123817
71.684708,0.376932,-0.316367,-0.292154,0.333356,-0.122031,-0.122031,-0.122031,-0.122031
71.695221,0.377119,-0.316389,-0.292104,0.333692,-0.120099,-0.120099,-0.120099,-0.120099
71.704735,0.377341,-0.316385,-0.292736,0.333909,-0.118224,-0.118224,-0.118224,-0.118224
71.714172,0.377818,-0.315223,-0.291753,0.334184,-0.116244,-0.116244,-0.116244,-0.116244
71.724709,0.380849,-0.315799,-0.291429,0.336386,-0.113891,-0.113891,-0.113891,-0.113891
71.735229,0.380819,-0.316097,-0.291940,0.336441,-0.111392,-0.111392,-0.111392,-0.111392
71.744736,0.380618,-0.315480,-0.291363,0.336449,-0.109004,-0.109004,-0.109004,-0.109004
71.754173,0.378436,-0.315937,-0.292377,0.334570,-0.106514,-0.106514,-0.106514,-0.106514
71.764702,0.380939,-0.315693,-0.292005,0.336500,-0.103592,-0.103592,-0.103592,-0.103592
71.774170,0.381197,-0.315018,-0.291565,0.336374,-0.100837,-0.100837,-0.100837,-0.100837
71.784706,0.381866,-0.314388,-0.291309,0.336714,-0.097630,-0.097630,-0.097630,-0.097630
71.795174,0.382984,-0.312538,-0.288536,0.337327,-0.094293,-0.094293,-0.094293,-0.094293
71.804672,0.383287,-0.312649,-0.289145,0.337531,-0.091137,-0.091137,-0.091137,-0.091137
71.815170,0.383202,-0.313068,-0.289326,0.337553,-0.087509,-0.087509,-0.087509,-0.087509
71.824600,0.382388,-0.313195,-0.289299,0.337163,-0.084124,-0.084124,-0.084124,-0.084124
71.835121,0.381114,-0.314653,-0.291147,0.336747,-0.080205,-0.080205,-0.080205,-0.080205
71.844604,0.382715,-0.314011,-0.289328,0.338278,-0.076545,-0.076545,-0.076545,-0.076545
71.855118,0.383032,-0.313294,-0.288800,0.338264,-0.072349,-0.072349,-0.072349,-0.072349
71.864609,0.385311,-0.313572,-0.289590,0.340137,-0.068437,-0.068437,-0.068437,-0.068437
71.875122,0.385284,-0.312062,-0.288616,0.340125,-0.063963,-0.063963,-0.063963,-0.063963
71.884605,0.387537,-0.312260,-0.287711,0.341791,-0.059801,-0.059801,-0.059801,-0.059801
71.895119,0.385255,-0.311546,-0.290806,0.339898,-0.055050,-0.055050,-0.055050,-0.055050
71.904602,0.387606,-0.311922,-0.287480,0.341485,-0.050643,-0.050643,-0.050643,-0.050643
71.915123,0.388179,-0.311395,-0.285872,0.341567,-0.045619,-0.045619,-0.045619,-0.045619
71.924629,0.390240,-0.311062,-0.286464,0.342969,-0.040954,-0.040954,-0.040954,-0.040954
71.935120,0.389072,-0.310272,-0.283516,0.342624,-0.035675,-0.035675,-0.035675,-0.035675
71.944618,0.389336,-0.309983,-0.286720,0.343689,-0.030777,-0.030777,-0.030777,-0.030777
71.955116,0.388949,-0.309773,-0.285282,0.343388,-0.025230,-0.025230,-0.025230,-0.025230
71.964630,0.388893,-0.309119,-0.283552,0.343348,-0.020085,-0.020085,-0.020085,-0.020085
71.975174,0.389191,-0.308607,-0.283824,0.343419,-0.014258,-0.014258,-0.014258,-0.014258
71.984650,0.390399,-0.308937,-0.284031,0.344898,-0.008903,-0.008903,-0.008903,-0.008903
71.995171,0.389839,-0.308026,-0.283627,0.344676,-0.002831,-0.002831,-0.002831,-0.002831
72.004700,0.391271,-0.308143,-0.283529,0.346156,0.002779,0.002779,0.002779,0.002779
72.015175,0.391003,-0.306958,-0.281707,0.346082,0.009072,0.009072,0.009072,0.009072
72.024704,0.392545,-0.306087,-0.279692,0.347442,0.014907,0.014907,0.014907,0.014907
72.034225,0.391353,-0.304808,-0.277979,0.347162,0.020842,0.020842,0.020842,0.020842
72.044777,0.390183,-0.304292,-0.277103,0.346853,0.027534,0.027534,0.027534,0.027534
72.054276,0.389931,-0.304014,-0.275956,0.347305,0.033667,0.033667,0.033667,0.033667
72.064819,0.390749,-0.302894,-0.274611,0.347740,0.040588,0.040588,0.040588,0.040588
72.074280,0.391529,-0.302380,-0.273797,0.348146,0.046898,0.046898,0.046898,0.046898
72.084824,0.391611,-0.301800,-0.273215,0.348273,0.054043,0.054043,0.054043,0.054043
72.094276,0.392300,-0.300434,-0.272481,0.348365,0.060546,0.060546,0.060546,0.060546
72.104828,0.392283,-0.299563,-0.271438,0.348758,0.067913,0.067913,0.067913,0.067913
72.114273,0.392569,-0.298890,-0.270864,0.349187,0.074605,0.074605,0.074605,0.074605
72.124825,0.393956,-0.298090,-0.270123,0.349943,0.082175,0.082175,0.082175,0.082175
72.134285,0.394748,-0.296883,-0.268828,0.350746,0.089057,0.089057,0.089057,0.089057
72.144836,0.394567,-0.295629,-0.267774,0.351346,0.096830,0.096830,0.096830,0.096830
72.154335,0.394511,-0.294676,-0.267450,0.351554,0.103916,0.103916,0.103916,0.103916
72.164894,0.393017,-0.292982,-0.265951,0.350955,0.111884,0.111884,0.111884,0.111884
72.174332,0.391923,-0.292606,-0.265493,0.350745,0.119093,0.119093,0.119093,0.119093
72.184868,0.391361,-0.291837,-0.264736,0.350890,0.127221,0.127221,0.127221,0.127221
72.194328,0.390636,-0.289336,-0.262759,0.350545,0.134600,0.134600,0.134600,0.134600
72.204865,0.391622,-0.288390,-0.261279,0.351826,0.142898,0.142898,0.142898,0.142898
72.214333,0.392745,-0.286946,-0.259877,0.352851,0.150433,0.150433,0.150433,0.150433
72.224884,0.391898,-0.284529,-0.257368,0.353440,0.158902,0.158902,0.158902,0.158902
72.234329,0.392037,-0.284392,-0.257911,0.354144,0.166556,0.166556,0.166556,0.166556
72.244881,0.392140,-0.284171,-0.258665,0.354215,0.175174,0.175174,0.175174,0.175174
72.254379,0.391308,-0.283736,-0.258409,0.353485,0.182998,0.182998,0.182998,0.182998
72.264931,0.388569,-0.283622,-0.258186,0.352861,0.191750,0.191750,0.191750,0.191750
72.274384,0.388309,-0.283661,-0.257932,0.350898,0.199654,0.199654,0.199654,0.199654
72.284935,0.389805,-0.283413,-0.257263,0.355132,0.208536,0.208536,0.208536,0.208536
72.294441,0.391124,-0.282358,-0.255871,0.358360,0.216592,0.216592,0.216592,0.216592
72.305000,0.391934,-0.279267,-0.252492,0.359204,0.225588,0.225588,0.225588,0.225588
72.314491,0.393090,-0.278364,-0.251533,0.360207,0.233723,0.233723,0.233723,0.233723
72.325043,0.393660,-0.277594,-0.251162,0.361507,0.242819,0.242819,0.242819,0.242819
72.334488,0.394368,-0.276717,-0.250713,0.362620,0.250999,0.250999,0.250999,0.250999
72.345009,0.396079,-0.275788,-0.250296,0.363039,0.260160,0.260160,0.260160,0.260160
72.354485,0.396585,-0.274811,-0.249127,0.365800,0.268438,0.268438,0.268438,0.268438
72.365013,0.397888,-0.271503,-0.245992,0.367093,0.277671,0.277671,0.277671,0.277671
72.374443,0.399413,-0.270784,-0.245233,0.367799,0.285976,0.285976,0.285976,0.285976
72.384979,0.402368,-0.270032,-0.244508,0.369596,0.295281,0.295281,0.295281,0.295281
72.394432,0.401141,-0.269294,-0.243792,0.370230,0.303649,0.303649,0.303649,0.303649
72.404961,0.402311,-0.268756,-0.243496,0.371125,0.312993,0.312993,0.312993,0.312993
72.414391,0.404442,-0.265642,-0.240851,0.372627,0.321380,0.321380,0.321380,0.321380
72.424919,0.405818,-0.264745,-0.240315,0.373795,0.330757,0.330757,0.330757,0.330757
72.434380,0.407119,-0.263955,-0.239879,0.374981,0.339196,0.339196,0.339196,0.339196
72.444908,0.408648,-0.263125,-0.239273,0.376252,0.348593,0.348593,0.348593,0.348593
72.454384,0.409555,-0.262357,-0.238654,0.377540,0.357050,0.357050,0.357050,0.357050
72.464905,0.410038,-0.261828,-0.238612,0.378424,0.366451,0.366451,0.366451,0.366451
72.474327,0.410527,-0.261247,-0.238620,0.379339,0.374864,0.374864,0.374864,0.374864
72.484871,0.412157,-0.257450,-0.235251,0.381477,0.384268,0.384268,0.384268,0.384268
72.494331,0.413291,-0.256682,-0.234606,0.382755,0.392698,0.392698,0.392698,0.392698
72.504860,0.414813,-0.255770,-0.233660,0.384326,0.402073,0.402073,0.402073,0.402073
72.514282,0.416436,-0.254983,-0.232677,0.385918,0.410439,0.410439,0.410439,0.410439
72.524826,0.417629,-0.254453,-0.232032,0.387177,0.419785,0.419785,0.419785,0.419785
72.534279,0.418737,-0.253719,-0.231353,0.388367,0.428141,0.428141,0.428141,0.428141
72.544807,0.419810,-0.252924,-0.230722,0.389542,0.437419,0.437419,0.437419,0.437419
72.554276,0.421791,-0.248887,-0.227188,0.391817,0.445740,0.445740,0.445740,0.445740
72.564804,0.423022,-0.248135,-0.226894,0.392755,0.454949,0.454949,0.454949,0.454949
72.574280,0.424086,-0.247405,-0.226396,0.393869,0.463202,0.463202,0.463202,0.463202
72.584824,0.426064,-0.243402,-0.222656,0.396345,0.472340,0.472340,0.472340,0.472340
72.594276,0.427101,-0.242767,-0.222230,0.397310,0.480496,0.480496,0.480496,0.480496
72.604805,0.428099,-0.242083,-0.221887,0.398275,0.489524,0.489524,0.489524,0.489524
72.614281,0.429610,-0.240780,-0.220864,0.399593,0.497598,0.497598,0.497598,0.497598
72.624802,0.431215,-0.239578,-0.219614,0.400993,0.506512,0.506512,0.506512,0.506512
72.634277,0.433391,-0.235552,-0.215854,0.403464,0.514475,0.514475,0.514475,0.514475
72.644814,0.434164,-0.235152,-0.215595,0.404475,0.523270,0.523270,0.523270,0.523270
72.654274,0.434920,-0.234637,-0.215319,0.405335,0.531102,0.531102,0.531102,0.531102
72.664818,0.435638,-0.234032,-0.214979,0.406105,0.539757,0.539757,0.539757,0.539757
72.674278,0.436462,-0.233295,-0.214629,0.406827,0.547450,0.547450,0.547450,0.547450
72.684807,0.438636,-0.228773,-0.210717,0.409181,0.555935,0.555935,0.555935,0.555935
72.694283,0.439194,-0.228403,-0.211027,0.409750,0.563494,0.563494,0.563494,0.563494
72.704811,0.440464,-0.227462,-0.210420,0.410890,0.571800,0.571800,0.571800,0.571800
72.714294,0.441482,-0.226785,-0.209949,0.411814,0.579201,0.579201,0.579201,0.579201
72.724823,0.442671,-0.225853,-0.209249,0.412879,0.587317,0.587317,0.587317,0.587317
72.734276,0.443911,-0.224817,-0.208173,0.414067,0.594517,0.594517,0.594517,0.594517
72.744797,0.444356,-0.224465,-0.207811,0.414702,0.602425,0.602425,0.602425,0.602425
72.754227,0.446657,-0.223145,-0.206818,0.417438,0.609419,0.609419,0.609419,0.609419
72.764771,0.447082,-0.222444,-0.206471,0.418085,0.617124,0.617124,0.617124,0.617124
72.774223,0.447469,-0.221643,-0.206140,0.418711,0.623929,0.623929,0.623929,0.623929
72.784760,0.449909,-0.220210,-0.205107,0.421541,0.631392,0.631392,0.631392,0.631392
72.794182,0.450215,-0.219521,-0.204886,0.421939,0.637962,0.637962,0.637962,0.637962
72.804718,0.450027,-0.219074,-0.204813,0.422042,0.645176,0.645176,0.645176,0.645176
72.814171,0.451921,-0.218017,-0.204199,0.424527,0.651536,0.651536,0.651536,0.651536
72.824722,0.452216,-0.217052,-0.203789,0.425009,0.658498,0.658498,0.658498,0.658498
72.835175,0.452662,-0.216302,-0.203336,0.425459,0.665252,0.665252,0.665252,0.665252
72.844688,0.453632,-0.215402,-0.202318,0.426313,0.671274,0.671274,0.671274,0.671274
72.855171,0.454756,-0.214301,-0.200944,0.427371,0.677764,0.677764,0.677764,0.677764
72.864655,0.455336,-0.213790,-0.200392,0.427986,0.683500,0.683500,0.683500,0.683500
72.875175,0.455490,-0.213158,-0.200020,0.428481,0.689716,0.689716,0.689716,0.689716
72.884697,0.453229,-0.217143,-0.204393,0.426155,0.695199,0.695199,0.695199,0.695199
72.894173,0.453585,-0.216112,-0.203656,0.426709,0.700523,0.700523,0.700523,0.700523
72.904709,0.451568,-0.220009,-0.207731,0.424543,0.706279,0.706279,0.706279,0.706279
72.914169,0.454802,-0.218156,-0.206029,0.428175,0.711301,0.711301,0.711301,0.711301
72.924675,0.455424,-0.217158,-0.205148,0.428963,0.716706,0.716706,0.716706,0.716706
72.935173,0.456078,-0.216066,-0.204075,0.429806,0.721930,0.721930,0.721930,0.721930
72.944695,0.456655,-0.215100,-0.203098,0.430532,0.726509,0.726509,0.726509,0.726509
72.954170,0.457819,-0.213675,-0.201716,0.431475,0.730917,0.730917,0.730917,0.730917
72.964699,0.456532,-0.217006,-0.204783,0.429737,0.735631,0.735631,0.735631,0.735631
72.975220,0.457008,-0.216006,-0.203871,0.430454,0.740148,0.740148,0.740148,0.740148
72.984741,0.460298,-0.213954,-0.202109,0.434167,0.744065,0.744065,0.744065,0.744065
72.995224,0.460734,-0.212691,-0.201187,0.434667,0.748187,0.748187,0.748187,0.748187
73.004730,0.458310,-0.216788,-0.205361,0.432150,0.751754,0.751754,0.751754,0.751754
73.014168,0.458993,-0.215411,-0.204193,0.432863,0.755127,0.755127,0.755127,0.755127
73.024704,0.456840,-0.219234,-0.208096,0.430590,0.758692,0.758692,0.758692,0.758692
73.034225,0.457324,-0.217771,-0.206956,0.431289,0.761732,0.761732,0.761732,0.761732
73.044769,0.457688,-0.216489,-0.206033,0.431939,0.764892,0.764892,0.764892,0.764892
73.054184,0.458424,-0.214906,-0.204893,0.435867,0.767530,0.767530,0.767530,0.767530
73.064720,0.459351,-0.213378,-0.203723,0.436396,0.770273,0.770273,0.770273,0.770273
73.074173,0.463694,-0.210833,-0.201250,0.440499,0.772541,0.772541,0.772541,0.772541
73.084709,0.465439,-0.208939,-0.199124,0.441791,0.774856,0.774856,0.774856,0.774856
73.094170,0.466363,-0.207812,-0.197984,0.442431,0.776738,0.776738,0.776738,0.776738
73.104713,0.466815,-0.206641,-0.197110,0.442871,0.778614,0.778614,0.778614,0.778614
73.114182,0.467210,-0.205429,-0.196194,0.443271,0.780101,0.780101,0.780101,0.780101
73.124725,0.470633,-0.203399,-0.194426,0.446872,0.781529,0.781529,0.781529,0.781529
73.135223,0.470732,-0.202260,-0.193632,0.447007,0.782714,0.782714,0.782714,0.782714
73.144730,0.470462,-0.201319,-0.193139,0.446978,0.783579,0.783579,0.783579,0.783579
73.154182,0.470095,-0.200580,-0.192889,0.446828,0.784242,0.784242,0.784242,0.784242
73.164726,0.467153,-0.204989,-0.197561,0.443624,0.784749,0.784749,0.784749,0.784749
73.175224,0.470778,-0.202820,-0.195595,0.447376,0.785005,0.785005,0.785005,0.785005
73.184738,0.471060,-0.201552,-0.194387,0.447820,0.785023,0.785023,0.785023,0.785023
73.194176,0.474317,-0.199605,-0.192638,0.451390,0.784838,0.784838,0.784838,0.784838
73.204704,0.471246,-0.204226,-0.197461,0.447922,0.784390,0.784390,0.784390,0.784390
73.214172,0.471278,-0.203013,-0.196458,0.448026,0.783769,0.783769,0.783769,0.783769
73.224701,0.471439,-0.201727,-0.195543,0.448152,0.782834,0.782834,0.782834,0.782834
73.234169,0.471627,-0.200563,-0.194802,0.448234,0.781771,0.781771,0.781771,0.781771
73.244698,0.471742,-0.199535,-0.193928,0.448287,0.780343,0.780343,0.780343,0.780343
73.255226,0.471635,-0.198638,-0.193118,0.448413,0.778651,0.778651,0.778651,0.778651
73.264740,0.474591,-0.196985,-0.191521,0.451883,0.776896,0.776896,0.776896,0.776896
73.275223,0.474441,-0.196277,-0.190743,0.451846,0.774710,0.774710,0.774710,0.774710
73.284737,0.474246,-0.195522,-0.189883,0.451843,0.772498,0.772498,0.772498,0.772498
73.294182,0.473864,-0.194602,-0.188209,0.454969,0.770087,0.770087,0.770087,0.770087
73.304710,0.470822,-0.198997,-0.192472,0.451850,0.767142,0.767142,0.767142,0.767142
73.314171,0.471241,-0.197661,-0.190928,0.452284,0.764267,0.764267,0.764267,0.764267
73.324699,0.471416,-0.197126,-0.190459,0.452125,0.760810,0.760810,0.760810,0.760810
73.334175,0.471381,-0.196343,-0.189851,0.451881,0.757468,0.757468,0.757468,0.757468
73.344704,0.474366,-0.194620,-0.188175,0.454923,0.753493,0.753493,0.753493,0.753493
73.355171,0.474035,-0.193908,-0.187488,0.454601,0.749269,0.749269,0.749269,0.749269
73.364693,0.473349,-0.193429,-0.187168,0.454191,0.745192,0.745192,0.745192,0.745192
73.374168,0.472484,-0.193076,-0.187241,0.453573,0.740913,0.740913,0.740913,0.740913
73.384712,0.469102,-0.197846,-0.192201,0.450004,0.735891,0.735891,0.735891,0.735891
73.394173,0.472046,-0.196283,-0.190700,0.452971,0.731149,0.731149,0.731149,0.731149
73.404709,0.471741,-0.195693,-0.190095,0.452700,0.725605,0.725605,0.725605,0.725605
73.414169,0.471964,-0.194922,-0.189285,0.452855,0.720388,0.720388,0.720388,0.720388
73.424706,0.472346,-0.194016,-0.188162,0.453039,0.714321,0.714321,0.714321,0.714321
73.435226,0.472050,-0.193692,-0.187827,0.452710,0.707987,0.707987,0.707987,0.707987
73.444748,0.474489,-0.192297,-0.186704,0.455338,0.702013,0.702013,0.702013,0.702013
73.454224,0.473881,-0.191920,-0.186540,0.454786,0.695847,0.695847,0.695847,0.695847
73.464752,0.470491,-0.196709,-0.191500,0.451225,0.688730,0.688730,0.688730,0.688730
73.474228,0.472863,-0.195375,-0.190355,0.453668,0.682095,0.682095,0.682095,0.682095
73.484749,0.471882,-0.195278,-0.190441,0.452838,0.674460,0.674460,0.674460,0.674460
73.494225,0.470954,-0.195239,-0.190768,0.451966,0.667354,0.667354,0.667354,0.667354
73.504753,0.471122,-0.194418,-0.190048,0.451773,0.659196,0.659196,0.659196,0.659196
73.514229,0.471005,-0.194012,-0.189356,0.451567,0.651622,0.651622,0.651622,0.651622
73.524727,0.473123,-0.192938,-0.188242,0.453860,0.642968,0.642968,0.642968,0.642968
73.534172,0.473078,-0.192499,-0.187718,0.453602,0.634954,0.634954,0.634954,0.634954
73.544708,0.472885,-0.192238,-0.187207,0.453206,0.625753,0.625753,0.625753,0.625753
73.555168,0.471949,-0.192460,-0.187459,0.452234,0.616355,0.616355,0.616355,0.616355
73.564690,0.471039,-0.192488,-0.187691,0.451239,0.607575,0.607575,0.607575,0.607575
73.575172,0.472576,-0.191634,-0.187019,0.452792,0.597649,0.597649,0.597649,0.597649
73.584656,0.469374,-0.196258,-0.191798,0.449239,0.588442,0.588442,0.588442,0.588442
73.595169,0.468354,-0.196249,-0.192009,0.448218,0.577981,0.577981,0.577981,0.577981
73.605705,0.467336,-0.196372,-0.192223,0.447198,0.567238,0.567238,0.567238,0.567238
73.615173,0.466409,-0.196460,-0.192385,0.446205,0.557365,0.557365,0.557365,0.557365
73.625732,0.465478,-0.196676,-0.192580,0.445246,0.546104,0.546104,0.546104,0.546104
73.635223,0.464613,-0.196957,-0.192711,0.444425,0.535751,0.535751,0.535751,0.535751
73.645775,0.463788,-0.197211,-0.192867,0.443521,0.524011,0.524011,0.524011,0.524011
73.655228,0.462941,-0.197638,-0.193335,0.442585,0.513271,0.513271,0.513271,0.513271
73.665756,0.462075,-0.198048,-0.193816,0.441672,0.501070,0.501070,0.501070,0.501070
73.675224,0.462855,-0.194538,-0.190503,0.442579,0.489883,0.489883,0.489883,0.489883
73.685722,0.461812,-0.195118,-0.191329,0.441258,0.477242,0.477242,0.477242,0.477242
73.696220,0.462299,-0.192036,-0.188454,0.441798,0.464361,0.464361,0.464361,0.464361
73.705734,0.461010,-0.192947,-0.189316,0.440476,0.452476,0.452476,0.452476,0.452476
73.716225,0.459179,-0.194010,-0.190520,0.438758,0.439152,0.439152,0.439152,0.439152
73.725739,0.455530,-0.199069,-0.195784,0.435329,0.426858,0.426858,0.426858,0.426858
73.735222,0.454277,-0.199732,-0.196548,0.434035,0.414407,0.414407,0.414407,0.414407
73.745773,0.453173,-0.200563,-0.197119,0.432967,0.400343,0.400343,0.400343,0.400343
73.755226,0.452227,-0.201388,-0.197915,0.431789,0.387545,0.387545,0.387545,0.387545
73.765755,0.451207,-0.202262,-0.198764,0.430604,0.373068,0.373068,0.373068,0.373068
73.775223,0.450149,-0.203162,-0.199693,0.429388,0.359861,0.359861,0.359861,0.359861
73.785767,0.449211,-0.204156,-0.200605,0.428272,0.344948,0.344948,0.344948,0.344948
73.795219,0.448032,-0.205051,-0.201436,0.427047,0.331385,0.331385,0.331385,0.331385
73.805763,0.446641,-0.206054,-0.202327,0.425724,0.316069,0.316069,0.316069,0.316069
73.815239,0.445995,-0.204208,-0.200582,0.425185,0.302103,0.302103,0.302103,0.302103
73.825821,0.443909,-0.205667,-0.202093,0.423243,0.286328,0.286328,0.286328,0.286328
73.835281,0.441706,-0.207315,-0.203908,0.421208,0.272041,0.272041,0.272041,0.272041
73.845848,0.439943,-0.208475,-0.205026,0.419439,0.255890,0.255890,0.255890,0.255890
73.855331,0.438284,-0.209795,-0.206131,0.417638,0.241230,0.241230,0.241230,0.241230
73.865891,0.439957,-0.210884,-0.206767,0.416120,0.224724,0.224724,0.224724,0.224724
73.875351,0.435307,-0.212020,-0.207186,0.414463,0.209778,0.209778,0.209778,0.209778
73.885857,0.432079,-0.211445,-0.206157,0.412899,0.193001,0.193001,0.193001,0.193001
73.895332,0.432895,-0.213105,-0.207919,0.410552,0.177712,0.177712,0.177712,0.177712
73.905876,0.429179,-0.214568,-0.209181,0.407981,0.160528,0.160528,0.160528,0.160528
73.915329,0.427185,-0.216064,-0.210608,0.405703,0.144975,0.144975,0.144975,0.144975
73.925880,0.424969,-0.217499,-0.211972,0.402947,0.127455,0.127455,0.127455,0.127455
73.935333,0.423003,-0.217390,-0.211676,0.400997,0.111616,0.111616,0.111616,0.111616
73.945885,0.421218,-0.219209,-0.212934,0.398445,0.093790,0.093790,0.093790,0.093790
73.955376,0.418833,-0.220982,-0.214189,0.395627,0.077616,0.077616,0.077616,0.077616
73.965919,0.416251,-0.222428,-0.215459,0.392971,0.059515,0.059515,0.059515,0.059515
73.975380,0.414001,-0.224405,-0.217065,0.390602,0.043136,0.043136,0.043136,0.043136
73.985931,0.410391,-0.225077,-0.217268,0.387434,0.024744,0.024744,0.024744,0.024744
73.995384,0.408001,-0.227553,-0.219770,0.384454,0.008146,0.008146,0.008146,0.008146
74.005928,0.405725,-0.229848,-0.222270,0.381526,-0.010498,-0.010498,-0.010498,-0.010498
74.015381,0.403266,-0.231936,-0.224166,0.379262,-0.027323,-0.027323,-0.027323,-0.027323
74.025940,0.400925,-0.233998,-0.226122,0.377350,-0.046216,-0.046216,-0.046216,-0.046216
74.035439,0.397013,-0.235336,-0.227443,0.374204,-0.063326,-0.063326,-0.063326,-0.063326
74.045967,0.394767,-0.237912,-0.230323,0.371941,-0.082410,-0.082410,-0.082410,-0.082410
74.055397,0.390947,-0.239938,-0.232824,0.368161,-0.099577,-0.099577,-0.099577,-0.099577
74.065941,0.388368,-0.242982,-0.236110,0.365616,-0.118879,-0.118879,-0.118879,-0.118879
74.075386,0.385452,-0.245889,-0.239002,0.362655,-0.136241,-0.136241,-0.136241,-0.136241
74.085922,0.381799,-0.249137,-0.241288,0.359684,-0.155713,-0.155713,-0.155713,-0.155713
74.095390,0.377924,-0.252631,-0.246410,0.356252,-0.173274,-0.173274,-0.173274,-0.173274
74.105934,0.374602,-0.256637,-0.249100,0.352824,-0.192915,-0.192915,-0.192915,-0.192915
74.115379,0.372340,-0.258380,-0.248847,0.350294,-0.210574,-0.210574,-0.210574,-0.210574
74.125908,0.368613,-0.258128,-0.249048,0.346370,-0.230331,-0.230331,-0.230331,-0.230331
74.135376,0.367658,-0.262855,-0.250439,0.345142,-0.248151,-0.248151,-0.248151,-0.248151
74.145912,0.363931,-0.266781,-0.253177,0.341362,-0.268026,-0.268026,-0.268026,-0.268026
74.155388,0.362720,-0.270002,-0.255793,0.339734,-0.285951,-0.285951,-0.285951,-0.285951
74.165932,0.361625,-0.272811,-0.258246,0.338076,-0.305952,-0.305952,-0.305952,-0.305952
74.175385,0.360516,-0.275691,-0.260720,0.336379,-0.323913,-0.323913,-0.323913,-0.323913
74.185928,0.359248,-0.278743,-0.263430,0.334514,-0.343988,-0.343988,-0.343988,-0.343988
74.195442,0.354862,-0.282341,-0.266940,0.329869,-0.362126,-0.362126,-0.362126,-0.362126
74.205994,0.353734,-0.285143,-0.269258,0.328232,-0.382260,-0.382260,-0.382260,-0.382260
74.215454,0.352587,-0.288003,-0.271653,0.326538,-0.400341,-0.400341,-0.400341,-0.400341
74.226006,0.351508,-0.290699,-0.273924,0.324894,-0.420505,-0.420505,-0.420505,-0.420505
74.235458,0.350535,-0.293492,-0.276180,0.323291,-0.438588,-0.438588,-0.438588,-0.438588
74.246010,0.345862,-0.297679,-0.280089,0.318266,-0.458761,-0.458761,-0.458761,-0.458761
74.255486,0.345037,-0.300223,-0.282205,0.316799,-0.476884,-0.476884,-0.476884,-0.476884
74.266037,0.343591,-0.304341,-0.286137,0.311722,-0.497054,-0.497054,-0.497054,-0.497054
74.275536,0.342723,-0.306840,-0.288135,0.310344,-0.515191,-0.515191,-0.515191,-0.515191
74.286079,0.341819,-0.309420,-0.290231,0.309020,-0.535305,-0.535305,-0.535305,-0.535305
74.295540,0.340610,-0.312227,-0.292579,0.307430,-0.553327,-0.553327,-0.553327,-0.553327
74.306084,0.338668,-0.315369,-0.295383,0.305476,-0.573381,-0.573381,-0.573381,-0.573381
74.315544,0.336823,-0.318350,-0.298091,0.303621,-0.591332,-0.591332,-0.591332,-0.591332
74.326096,0.335735,-0.320839,-0.300111,0.302243,-0.611327,-0.611327,-0.611327,-0.611327
74.335602,0.339605,-0.321186,-0.299429,0.305439,-0.629286,-0.629286,-0.629286,-0.629286
74.346130,0.338292,-0.323972,-0.301603,0.303726,-0.649112,-0.649112,-0.649112,-0.649112
74.355629,0.342030,-0.324183,-0.300906,0.306752,-0.666958,-0.666958,-0.666958,-0.666958
74.366135,0.339632,-0.329579,-0.306101,0.304184,-0.686607,-0.686607,-0.686607,-0.686607
74.375633,0.343407,-0.329599,-0.305485,0.307240,-0.704321,-0.704321,-0.704321,-0.704321
74.386116,0.341588,-0.332434,-0.307986,0.304973,-0.723792,-0.723792,-0.723792,-0.723792
74.395599,0.339749,-0.335332,-0.310465,0.302658,-0.741320,-0.741320,-0.741320,-0.741320
74.406120,0.337873,-0.337935,-0.312722,0.300437,-0.760671,-0.760671,-0.760671,-0.760671
74.415604,0.341917,-0.337313,-0.311495,0.303731,-0.778040,-0.778040,-0.778040,-0.778040
74.426117,0.339450,-0.340368,-0.314313,0.301157,-0.797180,-0.797180,-0.797180,-0.797180
74.435570,0.341966,-0.340687,-0.314531,0.303475,-0.814293,-0.814293,-0.814293,-0.814293
74.446106,0.337772,-0.347429,-0.318245,0.299542,-0.833244,-0.833244,-0.833244,-0.833244
74.455544,0.342084,-0.346135,-0.316130,0.303494,-0.850123,-0.850123,-0.850123,-0.850123
74.466095,0.339753,-0.349325,-0.318631,0.300960,-0.868853,-0.868853,-0.868853,-0.868853
74.475555,0.343798,-0.348816,-0.317217,0.304416,-0.885536,-0.885536,-0.885536,-0.885536
74.486069,0.340996,-0.351985,-0.320162,0.301458,-0.903939,-0.903939,-0.903939,-0.903939
74.495491,0.338178,-0.355186,-0.323205,0.298382,-0.920299,-0.920299,-0.920299,-0.920299
74.506027,0.335774,-0.357964,-0.325409,0.295774,-0.938436,-0.938436,-0.938436,-0.938436
74.515480,0.340965,-0.356276,-0.322636,0.300161,-0.954577,-0.954577,-0.954577,-0.954577
74.526001,0.338174,-0.359599,-0.325638,0.297093,-0.972365,-0.972365,-0.972365,-0.972365
74.535484,0.335232,-0.362858,-0.328767,0.293947,-0.988253,-0.988253,-0.988253,-0.988253
74.546013,0.331108,-0.366827,-0.332877,0.289761,-1.005720,-1.005720,-1.005720,-1.005720
74.555489,0.327180,-0.370652,-0.337263,0.285905,-1.021286,-1.021286,-1.021286,-1.021286
74.566032,0.323137,-0.374305,-0.341236,0.281687,-1.038413,-1.038413,-1.038413,-1.038413
74.575439,0.320635,-0.376849,-0.343502,0.278807,-1.053521,-1.053521,-1.053521,-1.053521
74.585976,0.318137,-0.379695,-0.345770,0.276063,-1.070247,-1.070247,-1.070247,-1.070247
74.595406,0.315559,-0.382577,-0.348046,0.273425,-1.085036,-1.085036,-1.085036,-1.085036
74.605942,0.313117,-0.385335,-0.350460,0.270735,-1.101344,-1.101344,-1.101344,-1.101344
74.615387,0.309835,-0.388585,-0.353416,0.267164,-1.115778,-1.115778,-1.115778,-1.115778
74.625931,0.308566,-0.390734,-0.354705,0.265338,-1.131674,-1.131674,-1.131674,-1.131674
74.635384,0.306985,-0.393149,-0.356259,0.263232,-1.145715,-1.145715,-1.145715,-1.145715
74.645874,0.304427,-0.396286,-0.359062,0.260396,-1.161076,-1.161076,-1.161076,-1.161076
74.655334,0.301966,-0.398963,-0.361577,0.257681,-1.174715,-1.174715,-1.174715,-1.174715
74.665878,0.299725,-0.401507,-0.364431,0.254149,-1.189675,-1.189675,-1.189675,-1.189675
74.675331,0.297223,-0.404373,-0.366566,0.251727,-1.202866,-1.202866,-1.202866,-1.202866
74.685875,0.293858,-0.407854,-0.369596,0.248214,-1.217325,-1.217325,-1.217325,-1.217325
74.695328,0.291778,-0.410432,-0.371539,0.245980,-1.230057,-1.230057,-1.230057,-1.230057
74.705856,0.289801,-0.412985,-0.373468,0.243709,-1.243981,-1.243981,-1.243981,-1.243981
74.715332,0.286577,-0.416220,-0.376297,0.240277,-1.256263,-1.256263,-1.256263,-1.256263
74.725876,0.284723,-0.418775,-0.378176,0.238217,-1.269668,-1.269668,-1.269668,-1.269668
74.735329,0.283355,-0.421033,-0.379774,0.236303,-1.281427,-1.281427,-1.281427,-1.281427
74.745880,0.282388,-0.423090,-0.380911,0.234614,-1.294270,-1.294270,-1.294270,-1.294270
74.755333,0.280842,-0.425672,-0.382598,0.232503,-1.305522,-1.305522,-1.305522,-1.305522
74.765884,0.277906,-0.428983,-0.385435,0.229117,-1.317782,-1.317782,-1.317782,-1.317782
74.775330,0.276154,-0.431480,-0.387453,0.227016,-1.328495,-1.328495,-1.328495,-1.328495
74.785873,0.274376,-0.434053,-0.389813,0.224743,-1.340147,-1.340147,-1.340147,-1.340147
74.795334,0.273142,-0.436415,-0.391715,0.222908,-1.350331,-1.350331,-1.350331,-1.350331
74.805885,0.271991,-0.438762,-0.393391,0.221075,-1.361373,-1.361373,-1.361373,-1.361373
74.815376,0.269335,-0.441972,-0.396042,0.217906,-1.371022,-1.371022,-1.371022,-1.371022
74.825920,0.268554,-0.444100,-0.397710,0.216474,-1.381415,-1.381415,-1.381415,-1.381415
74.835388,0.267692,-0.446286,-0.399349,0.215083,-1.390454,-1.390454,-1.390454,-1.390454
74.845924,0.265364,-0.449398,-0.401917,0.212305,-1.400187,-1.400187,-1.400187,-1.400187
74.855385,0.264919,-0.451316,-0.403225,0.211107,-1.408627,-1.408627,-1.408627,-1.408627
74.865852,0.263877,-0.453844,-0.405323,0.209564,-1.417629,-1.417629,-1.417629,-1.417629
74.875275,0.261567,-0.456991,-0.408346,0.206747,-1.425429,-1.425429,-1.425429,-1.425429
74.885818,0.261382,-0.458806,-0.409606,0.205840,-1.433807,-1.433807,-1.433807,-1.433807
74.895271,0.260832,-0.461006,-0.411229,0.204758,-1.441008,-1.441008,-1.441008,-1.441008
74.905807,0.258905,-0.464039,-0.414104,0.202297,-1.448673,-1.448673,-1.448673,-1.448673
74.915276,0.258410,-0.466111,-0.415877,0.201210,-1.455244,-1.455244,-1.455244,-1.455244
74.925781,0.258155,-0.467846,-0.417097,0.200367,-1.462174,-1.462174,-1.462174,-1.462174
74.935219,0.257922,-0.469772,-0.418334,0.199743,-1.468076,-1.468076,-1.468076,-1.468076
74.945717,0.257697,-0.471686,-0.419560,0.199112,-1.474267,-1.474267,-1.474267,-1.474267
74.956169,0.255856,-0.474732,-0.422084,0.196893,-1.480048,-1.480048,-1.480048,-1.480048
74.965660,0.256095,-0.476384,-0.422882,0.196598,-1.484959,-1.484959,-1.484959,-1.484959
74.976173,0.256773,-0.477907,-0.423407,0.196542,-1.490022,-1.490022,-1.490022,-1.490022
74.985695,0.266587,-0.471671,-0.415566,0.205638,-1.494257,-1.494257,-1.494257,-1.494257
74.995171,0.266050,-0.473699,-0.416933,0.204800,-1.498146,-1.498146,-1.498146,-1.498146
75.005722,0.265150,-0.476019,-0.418955,0.203703,-1.502085,-1.502085,-1.502085,-1.502085
75.016182,0.264213,-0.478387,-0.421478,0.202326,-1.505582,-1.505582,-1.505582,-1.505582
75.025688,0.263410,-0.480183,-0.423246,0.201182,-1.508405,-1.508405,-1.508405,-1.508405
75.035225,0.263200,-0.481783,-0.424491,0.200696,-1.510895,-1.510895,-1.510895,-1.510895
75.045776,0.272760,-0.475391,-0.417063,0.209835,-1.513245,-1.513245,-1.513245,-1.513245
75.055199,0.270570,-0.478625,-0.420011,0.207409,-1.514987,-1.514987,-1.514987,-1.514987
75.065704,0.270094,-0.480646,-0.421673,0.206512,-1.516526,-1.516526,-1.516526,-1.516526
75.075172,0.269998,-0.482272,-0.422771,0.205975,-1.517548,-1.517548,-1.517548,-1.517548
75.085701,0.268611,-0.484722,-0.424906,0.203970,-1.518276,-1.518276,-1.518276,-1.518276
75.095177,0.268130,-0.486635,-0.426264,0.203217,-1.518561,-1.518561,-1.518561,-1.518561
75.105728,0.267737,-0.488428,-0.427747,0.202485,-1.518464,-1.518464,-1.518464,-1.518464
75.115173,0.265598,-0.491440,-0.430534,0.200154,-1.518005,-1.518005,-1.518005,-1.518005
75.125710,0.264627,-0.493586,-0.432453,0.199019,-1.517076,-1.517076,-1.517076,-1.517076
75.136230,0.263898,-0.495323,-0.433986,0.198350,-1.515709,-1.515709,-1.515709,-1.515709
75.145721,0.262066,-0.497877,-0.436371,0.196243,-1.514095,-1.514095,-1.514095,-1.514095
75.155220,0.262002,-0.499227,-0.437183,0.195868,-1.512120,-1.512120,-1.512120,-1.512120
75.165779,0.271878,-0.492228,-0.429088,0.205244,-1.509501,-1.509501,-1.509501,-1.509501
75.175278,0.269941,-0.494943,-0.431564,0.203113,-1.506758,-1.506758,-1.506758,-1.506758
75.185829,0.269873,-0.496194,-0.432579,0.202585,-1.503286,-1.503286,-1.503286,-1.503286
75.195305,0.270112,-0.497272,-0.433388,0.202203,-1.499783,-1.499783,-1.499783,-1.499783
75.205849,0.269819,-0.498728,-0.434529,0.201635,-1.495458,-1.495458,-1.495458,-1.495458
75.215332,0.269806,-0.499774,-0.435297,0.201203,-1.491184,-1.491184,-1.491184,-1.491184
75.225876,0.268404,-0.501895,-0.437007,0.199400,-1.485999,-1.485999,-1.485999,-1.485999
75.235291,0.267932,-0.503241,-0.437931,0.198819,-1.480989,-1.480989,-1.480989,-1.480989
75.245827,0.267359,-0.504488,-0.439280,0.198093,-1.474948,-1.474948,-1.474948,-1.474948
75.255287,0.265212,-0.506573,-0.441403,0.195987,-1.469144,-1.469144,-1.469144,-1.469144
75.265846,0.265160,-0.507457,-0.441993,0.195629,-1.462230,-1.462230,-1.462230,-1.462230
75.275330,0.265046,-0.508284,-0.442408,0.195301,-1.455631,-1.455631,-1.455631,-1.455631
75.285873,0.265160,-0.509089,-0.442767,0.195206,-1.447865,-1.447865,-1.447865,-1.447865
75.295334,0.265233,-0.509783,-0.443083,0.195052,-1.440509,-1.440509,-1.440509,-1.440509
75.305878,0.263633,-0.511624,-0.444810,0.193131,-1.431883,-1.431883,-1.431883,-1.431883
75.315331,0.263794,-0.512028,-0.444776,0.193154,-1.423765,-1.423765,-1.423765,-1.423765
75.325867,0.263922,-0.512376,-0.444646,0.193030,-1.414279,-1.414279,-1.414279,-1.414279
75.335327,0.264125,-0.512624,-0.444359,0.193128,-1.405385,-1.405385,-1.405385,-1.405385
75.345871,0.264442,-0.512852,-0.444015,0.193400,-1.395044,-1.395044,-1.395044,-1.395044
75.355324,0.262695,-0.514518,-0.445408,0.191657,-1.385383,-1.385383,-1.385383,-1.385383
75.365868,0.262618,-0.514827,-0.445667,0.191530,-1.374192,-1.374192,-1.374192,-1.374192
75.375328,0.262558,-0.514838,-0.445481,0.191402,-1.363761,-1.363761,-1.363761,-1.363761
75.385880,0.262510,-0.514897,-0.445275,0.191302,-1.351712,-1.351712,-1.351712,-1.351712
75.395325,0.262586,-0.514823,-0.445046,0.191205,-1.340534,-1.340534,-1.340534,-1.340534
75.405869,0.260898,-0.515979,-0.446203,0.189355,-1.327645,-1.327645,-1.327645,-1.327645
75.415329,0.261166,-0.515692,-0.445709,0.189361,-1.315705,-1.315705,-1.315705,-1.315705
75.425865,0.261488,-0.515375,-0.445098,0.189442,-1.301997,-1.301997,-1.301997,-1.301997
75.435333,0.259868,-0.516369,-0.446003,0.187701,-1.289298,-1.289298,-1.289298,-1.289298
75.445877,0.259940,-0.515856,-0.445313,0.187685,-1.274740,-1.274740,-1.274740,-1.274740
75.455338,0.260014,-0.515424,-0.444915,0.187529,-1.261305,-1.261305,-1.261305,-1.261305
75.465881,0.258058,-0.516392,-0.446132,0.185554,-1.245932,-1.245932,-1.245932,-1.245932
75.475342,0.258250,-0.515660,-0.445689,0.185617,-1.231769,-1.231769,-1.231769,-1.231769
75.485893,0.258697,-0.514717,-0.444645,0.186161,-1.215565,-1.215565,-1.215565,-1.215565
75.495399,0.259030,-0.513796,-0.443610,0.184816,-1.200606,-1.200606,-1.200606,-1.200606
75.505936,0.259404,-0.512996,-0.442518,0.185403,-1.183621,-1.183621,-1.183621,-1.183621
75.515442,0.259674,-0.512086,-0.441300,0.186039,-1.167950,-1.167950,-1.167950,-1.167950
75.525970,0.260014,-0.511082,-0.440088,0.186847,-1.150187,-1.150187,-1.150187,-1.150187
75.535439,0.260428,-0.510072,-0.438858,0.187589,-1.133858,-1.133858,-1.133858,-1.133858
75.545998,0.260943,-0.509063,-0.437479,0.188352,-1.115277,-1.115277,-1.115277,-1.115277
75.555496,0.261357,-0.508001,-0.435954,0.189300,-1.098210,-1.098210,-1.098210,-1.098210
75.566040,0.261757,-0.506793,-0.434495,0.190308,-1.078867,-1.078867,-1.078867,-1.078867
75.575546,0.260678,-0.506779,-0.434452,0.189705,-1.061108,-1.061108,-1.061108,-1.061108
75.586090,0.260891,-0.505754,-0.433570,0.190510,-1.041024,-1.041024,-1.041024,-1.041024
75.595551,0.261276,-0.504492,-0.432653,0.191330,-1.022666,-1.022666,-1.022666,-1.022666
75.606102,0.262140,-0.502945,-0.431228,0.192540,-1.001828,-1.001828,-1.001828,-1.001828
75.615608,0.271851,-0.495977,-0.423555,0.201812,-0.982737,-0.982737,-0.982737,-0.982737
75.626122,0.271000,-0.495670,-0.423331,0.201189,-0.961265,-0.961265,-0.961265,-0.961265
75.635605,0.280087,-0.488931,-0.416123,0.210109,-0.941563,-0.941563,-0.941563,-0.941563
75.646118,0.280649,-0.487340,-0.414808,0.210915,-0.919384,-0.919384,-0.919384,-0.919384
75.655617,0.281300,-0.485709,-0.413316,0.211793,-0.899035,-0.899035,-0.899035,-0.899035
75.666176,0.282199,-0.483732,-0.411299,0.212903,-0.876084,-0.876084,-0.876084,-0.876084
75.675659,0.290832,-0.477326,-0.404134,0.221419,-0.855155,-0.855155,-0.855155,-0.855155
75.686172,0.290624,-0.476309,-0.403405,0.221806,-0.831624,-0.831624,-0.831624,-0.831624
75.695671,0.297415,-0.471067,-0.398476,0.228825,-0.810068,-0.810068,-0.810068,-0.810068
75.705170,0.297502,-0.469444,-0.397495,0.229423,-0.788244,-0.788244,-0.788244,-0.788244
75.715721,0.305050,-0.463858,-0.391763,0.236773,-0.763683,-0.763683,-0.763683,-0.763683
75.726227,0.303858,-0.466311,-0.391657,0.236050,-0.738895,-0.738895,-0.738895,-0.738895
75.735779,0.303984,-0.464718,-0.390616,0.236748,-0.716088,-0.716088,-0.716088,-0.716088
75.745277,0.304160,-0.463058,-0.389500,0.237368,-0.693156,-0.693156,-0.693156,-0.693156
75.755821,0.310949,-0.457853,-0.384226,0.244162,-0.667388,-0.667388,-0.667388,-0.667388
75.765335,0.311082,-0.456166,-0.383090,0.244755,-0.643893,-0.643893,-0.643893,-0.643893
75.775887,0.311178,-0.454376,-0.381864,0.245384,-0.617536,-0.617536,-0.617536,-0.617536
75.785385,0.311384,-0.452530,-0.380593,0.246097,-0.593572,-0.593572,-0.593572,-0.593572
75.795929,0.310446,-0.453654,-0.382761,0.245685,-0.566688,-0.566688,-0.566688,-0.566688
75.805382,0.310412,-0.452074,-0.382255,0.246180,-0.542340,-0.542340,-0.542340,-0.542340
75.815933,0.311020,-0.449915,-0.381104,0.247008,-0.514916,-0.514916,-0.514916,-0.514916
75.825417,0.312081,-0.447376,-0.379101,0.248317,-0.490034,-0.490034,-0.490034,-0.490034
75.835976,0.313158,-0.444885,-0.377055,0.249814,-0.462101,-0.462101,-0.462101,-0.462101
75.845436,0.313065,-0.444621,-0.377695,0.250191,-0.436837,-0.436837,-0.436837,-0.436837
75.855957,0.314290,-0.442039,-0.375582,0.251702,-0.408504,-0.408504,-0.408504,-0.408504
75.866493,0.315836,-0.438957,-0.372927,0.253487,-0.379918,-0.379918,-0.379918,-0.379918
75.875992,0.318187,-0.435491,-0.369521,0.256013,-0.353930,-0.353930,-0.353930,-0.353930
75.886497,0.320267,-0.432468,-0.366655,0.258185,-0.324966,-0.324966,-0.324966,-0.324966
75.897049,0.321590,-0.429868,-0.364661,0.259832,-0.295683,-0.295683,-0.295683,-0.295683
75.906540,0.322987,-0.427046,-0.362710,0.261498,-0.269138,-0.269138,-0.269138,-0.269138
75.917099,0.320508,-0.425329,-0.362369,0.259692,-0.239446,-0.239446,-0.239446,-0.239446
75.926598,0.325733,-0.421483,-0.359200,0.264885,-0.212548,-0.212548,-0.212548,-0.212548
75.937119,0.323907,-0.418731,-0.357727,0.263911,-0.182573,-0.182573,-0.182573,-0.182573
75.946617,0.329391,-0.414376,-0.353648,0.269352,-0.155372,-0.155372,-0.155372,-0.155372
75.957161,0.331166,-0.410603,-0.350650,0.271653,-0.124998,-0.124998,-0.124998,-0.124998
75.966644,0.336063,-0.406398,-0.347095,0.276629,-0.097532,-0.097532,-0.097532,-0.097532
75.977173,0.337860,-0.402512,-0.344187,0.278755,-0.066917,-0.066917,-0.066917,-0.066917
75.986694,0.342380,-0.397479,-0.340856,0.283148,-0.039088,-0.039088,-0.039088,-0.039088
75.996170,0.343992,-0.392364,-0.337977,0.285157,-0.011269,-0.011269,-0.011269,-0.011269
76.006721,0.347328,-0.387229,-0.334572,0.288489,0.019828,0.019828,0.019828,0.019828
76.016243,0.346147,-0.382881,-0.331028,0.288659,0.047993,0.047993,0.047993,0.047993
76.026794,0.347132,-0.378925,-0.326734,0.290672,0.079323,0.079323,0.079323,0.079323
76.036331,0.349368,-0.374560,-0.322428,0.293063,0.107726,0.107726,0.107726,0.107726
76.046883,0.350287,-0.369509,-0.318121,0.294264,0.139258,0.139258,0.139258,0.139258
76.056389,0.352115,-0.365915,-0.315064,0.296589,0.167722,0.167722,0.167722,0.167722
76.066902,0.354201,-0.361700,-0.311796,0.299372,0.199317,0.199317,0.199317,0.199317
76.076378,0.356910,-0.356861,-0.308018,0.302438,0.227850,0.227850,0.227850,0.227850
76.086922,0.359245,-0.352078,-0.304004,0.305514,0.259656,0.259656,0.259656,0.259656
76.096390,0.362091,-0.348132,-0.300610,0.309026,0.288270,0.288270,0.288270,0.288270
76.106934,0.365108,-0.343493,-0.296554,0.312690,0.320170,0.320170,0.320170,0.320170
76.116394,0.366041,-0.336424,-0.290279,0.316150,0.348832,0.348832,0.348832,0.348832
76.126938,0.368037,-0.332244,-0.286075,0.320669,0.380817,0.380817,0.380817,0.380817
76.136383,0.370744,-0.328530,-0.282349,0.324006,0.409483,0.409483,0.409483,0.409483
76.146919,0.374162,-0.325192,-0.279121,0.327373,0.441495,0.441495,0.441495,0.441495
76.156380,0.376570,-0.321795,-0.276108,0.330528,0.470223,0.470223,0.470223,0.470223
76.166885,0.379680,-0.315041,-0.270185,0.334618,0.502137,0.502137,0.502137,0.502137
76.176376,0.382592,-0.311093,-0.266908,0.338014,0.530952,0.530952,0.530952,0.530952
76.186920,0.385527,-0.307238,-0.263656,0.341327,0.562942,0.562942,0.562942,0.562942
76.196388,0.388477,-0.303313,-0.260549,0.344506,0.591637,0.591637,0.591637,0.591637
76.206940,0.391404,-0.299295,-0.257462,0.347768,0.623605,0.623605,0.623605,0.623605
76.216438,0.393957,-0.295598,-0.254892,0.350783,0.652313,0.652313,0.652313,0.652313
76.226990,0.396476,-0.291865,-0.252448,0.353739,0.684186,0.684186,0.684186,0.684186
76.236450,0.401143,-0.287413,-0.248955,0.359069,0.712682,0.712682,0.712682,0.712682
76.247017,0.403810,-0.283625,-0.245882,0.362220,0.744454,0.744454,0.744454,0.744454
76.256493,0.407094,-0.279658,-0.242502,0.365787,0.772862,0.772862,0.772862,0.772862
76.267029,0.410610,-0.275642,-0.239034,0.369378,0.804397,0.804397,0.804397,0.804397
76.276497,0.413449,-0.271918,-0.235958,0.372508,0.832611,0.832611,0.832611,0.832611
76.287048,0.416209,-0.267957,-0.233057,0.375584,0.863974,0.863974,0.863974,0.863974
76.296547,0.418769,-0.264062,-0.229997,0.378688,0.892102,0.892102,0.892102,0.892102
76.307098,0.424558,-0.259647,-0.226346,0.385099,0.923222,0.923222,0.923222,0.923222
76.316597,0.427029,-0.255792,-0.223434,0.388034,0.951139,0.951139,0.951139,0.951139
76.327118,0.428910,-0.252258,-0.220758,0.390740,0.981903,0.981903,0.981903,0.981903
76.336594,0.426361,-0.255276,-0.224785,0.389078,1.009483,1.009483,1.009483,1.009483
76.347122,0.428110,-0.251470,-0.222025,0.391863,1.039953,1.039953,1.039953,1.039953
76.356598,0.430186,-0.247509,-0.218992,0.394808,1.067251,1.067251,1.067251,1.067251
76.367119,0.432796,-0.243450,-0.215669,0.397982,1.097378,1.097378,1.097378,1.097378
76.376617,0.435662,-0.239165,-0.211989,0.401274,1.124408,1.124408,1.124408,1.124408
76.387115,0.438406,-0.235070,-0.208545,0.404459,1.154117,1.154117,1.154117,1.154117
76.396599,0.436089,-0.238256,-0.212277,0.402701,1.180758,1.180758,1.180758,1.180758
76.407120,0.439026,-0.233781,-0.208464,0.406223,1.210110,1.210110,1.210110,1.210110
76.416656,0.436987,-0.236836,-0.212004,0.404377,1.236524,1.236524,1.236524,1.236524
76.427170,0.440231,-0.232055,-0.207938,0.408044,1.265422,1.265422,1.265422,1.265422
76.436691,0.437929,-0.235197,-0.211675,0.405950,1.291366,1.291366,1.291366,1.291366
76.446175,0.442245,-0.229335,-0.206421,0.410554,1.317013,1.317013,1.317013,1.317013
76.456718,0.440574,-0.232439,-0.209710,0.408913,1.345284,1.345284,1.345284,1.345284
76.466171,0.445099,-0.226956,-0.204601,0.413517,1.370414,1.370414,1.370414,1.370414
76.476753,0.449990,-0.221151,-0.199059,0.418350,1.398262,1.398262,1.398262,1.398262
76.486229,0.454448,-0.215536,-0.193617,0.422812,1.422945,1.422945,1.422945,1.422945
76.496765,0.458807,-0.210023,-0.188372,0.427428,1.450132,1.450132,1.450132,1.450132
76.506187,0.462372,-0.205127,-0.184160,0.431306,1.474174,1.474174,1.474174,1.474174
76.516769,0.465635,-0.200538,-0.180216,0.435074,1.500882,1.500882,1.500882,1.500882
76.526222,0.469488,-0.195244,-0.175385,0.439570,1.524468,1.524468,1.524468,1.524468
76.536774,0.472540,-0.190994,-0.171818,0.443119,1.550478,1.550478,1.550478,1.550478
76.546272,0.475542,-0.186906,-0.168383,0.446753,1.573605,1.573605,1.573605,1.573605
76.556816,0.479379,-0.182021,-0.163980,0.451252,1.598941,1.598941,1.598941,1.598941
76.566246,0.482249,-0.178304,-0.160906,0.454712,1.621309,1.621309,1.621309,1.621309
76.576797,0.485125,-0.174731,-0.157870,0.458236,1.645982,1.645982,1.645982,1.645982
76.586273,0.487873,-0.171345,-0.155139,0.461637,1.667833,1.667833,1.667833,1.667833
76.596809,0.490486,-0.168168,-0.152807,0.464883,1.691772,1.691772,1.691772,1.691772
76.606277,0.494344,-0.163713,-0.148919,0.469257,1.712941,1.712941,1.712941,1.712941
76.616821,0.497325,-0.160490,-0.146287,0.472637,1.736155,1.736155,1.736155,1.736155
76.626282,0.499849,-0.157653,-0.144103,0.475932,1.756645,1.756645,1.756645,1.756645
76.636848,0.503609,-0.153568,-0.140577,0.480360,1.779126,1.779126,1.779126,1.779126
76.646339,0.506105,-0.150806,-0.138494,0.483457,1.798967,1.798967,1.798967,1.798967
76.656883,0.508433,-0.148131,-0.136609,0.486308,1.820609,1.820609,1.820609,1.820609
76.666382,0.511780,-0.144469,-0.133400,0.490270,1.839740,1.839740,1.839740,1.839740
76.676888,0.513637,-0.142209,-0.132020,0.492704,1.860475,1.860475,1.860475,1.860475
76.686333,0.515725,-0.139946,-0.130385,0.495391,1.878742,1.878742,1.878742,1.878742
76.696877,0.517284,-0.138014,-0.128995,0.497750,1.898700,1.898700,1.898700,1.898700
76.706345,0.518987,-0.135802,-0.127460,0.500036,1.916227,1.916227,1.916227,1.916227
76.716919,0.521408,-0.133120,-0.125064,0.502843,1.935373,1.935373,1.935373,1.935373
76.726387,0.522706,-0.131470,-0.123751,0.504865,1.952101,1.952101,1.952101,1.952101
76.736938,0.524034,-0.129550,-0.122413,0.506926,1.970284,1.970284,1.970284,1.970284
76.746437,0.526708,-0.126362,-0.119759,0.510102,1.986235,1.986235,1.986235,1.986235
76.756996,0.527911,-0.124652,-0.118602,0.511880,2.003500,2.003500,2.003500,2.003500
76.766495,0.529079,-0.122871,-0.117568,0.513603,2.018595,2.018595,2.018595,2.018595
76.777039,0.531663,-0.119746,-0.115048,0.516661,2.034873,2.034873,2.034873,2.034873
76.786453,0.532472,-0.118380,-0.114453,0.517989,2.048983,2.048983,2.048983,2.048983
76.796989,0.532666,-0.117410,-0.114372,0.519025,2.064277,2.064277,2.064277,2.064277
76.806488,0.533098,-0.116181,-0.113977,0.510850,2.077609,2.077609,2.077609,2.077609
76.817017,0.533927,-0.114766,-0.113321,0.512626,2.091896,2.091896,2.091896,2.091896
76.826492,0.535214,-0.113165,-0.112146,0.514767,2.104282,2.104282,2.104282,2.104282
76.837044,0.537518,-0.111015,-0.110293,0.517103,2.117575,2.117575,2.117575,2.117575
76.846542,0.540213,-0.108244,-0.107685,0.520130,2.129063,2.129063,2.129063,2.129063
76.857086,0.540743,-0.107113,-0.107077,0.521484,2.141298,2.141298,2.141298,2.141298
76.866547,0.541158,-0.105986,-0.106522,0.522829,2.151791,2.151791,2.151791,2.151791
76.877090,0.541578,-0.104769,-0.106040,0.524040,2.162965,2.162965,2.162965,2.162965
76.886597,0.541947,-0.113102,-0.115107,0.515798,2.172545,2.172545,2.172545,2.172545
76.897118,0.542451,-0.111793,-0.114494,0.517166,2.182606,2.182606,2.182606,2.182606
76.906616,0.532977,-0.120239,-0.123813,0.508785,2.191194,2.191194,2.191194,2.191194
76.917122,0.532640,-0.119414,-0.123652,0.509914,2.200141,2.200141,2.200141,2.200141
76.926620,0.523006,-0.127801,-0.132638,0.501957,2.207736,2.207736,2.207736,2.207736
76.937119,0.525708,-0.124425,-0.129523,0.505306,2.215569,2.215569,2.215569,2.215569
76.946617,0.518378,-0.131561,-0.136559,0.498541,2.222147,2.222147,2.222147,2.222147
76.957176,0.520644,-0.129334,-0.134232,0.501261,2.228887,2.228887,2.228887,2.228887
76.966698,0.512970,-0.136818,-0.141697,0.494306,2.234451,2.234451,2.234451,2.234451
76.977203,0.514798,-0.134672,-0.139740,0.496749,2.240013,2.240013,2.240013,2.240013
76.986687,0.516824,-0.132408,-0.137576,0.499307,2.244518,2.244518,2.244518,2.244518
76.996178,0.518805,-0.130284,-0.135616,0.501652,2.248525,2.248525,2.248525,2.248525
77.006714,0.511203,-0.137570,-0.143100,0.494703,2.252392,2.252392,2.252392,2.252392
77.017174,0.513309,-0.135232,-0.141097,0.497171,2.255619,2.255619,2.255619,2.255619
77.026680,0.515527,-0.132718,-0.138792,0.499737,2.258020,2.258020,2.258020,2.258020
77.037224,0.518927,-0.129126,-0.135390,0.503310,2.260090,2.260090,2.260090,2.260090
77.046745,0.511520,-0.136364,-0.142782,0.496166,2.261420,2.261420,2.261420,2.261420
77.056221,0.513886,-0.133987,-0.140523,0.498728,2.262233,2.262233,2.262233,2.262233
77.066727,0.506508,-0.141074,-0.147793,0.491873,2.262537,2.262537,2.262537,2.262537
77.076187,0.508780,-0.138552,-0.145334,0.494613,2.262273,2.262273,2.262273,2.262273
77.086731,0.512336,-0.134891,-0.141836,0.498329,2.261375,2.261375,2.261375,2.261375
77.096230,0.514487,-0.132631,-0.139664,0.500696,2.260020,2.260020,2.260020,2.260020
77.106773,0.516600,-0.130354,-0.137584,0.503043,2.257905,2.257905,2.257905,2.257905
77.116226,0.518376,-0.128328,-0.135792,0.505329,2.255468,2.255468,2.255468,2.255468
77.126747,0.519602,-0.126818,-0.134748,0.507148,2.252145,2.252145,2.252145,2.252145
77.137222,0.522237,-0.123804,-0.132247,0.510161,2.248200,2.248200,2.248200,2.248200
77.146736,0.523997,-0.121797,-0.130421,0.512261,2.244066,2.244066,2.244066,2.244066
77.156219,0.525564,-0.119845,-0.128604,0.514184,2.239422,2.239422,2.239422,2.239422
77.166763,0.517575,-0.127424,-0.136338,0.506736,2.233649,2.233649,2.233649,2.233649
77.176231,0.519198,-0.125418,-0.134745,0.508626,2.227912,2.227912,2.227912,2.227912
77.186760,0.520906,-0.123488,-0.133245,0.510565,2.220917,2.220917,2.220917,2.220917
77.196220,0.522678,-0.121513,-0.131495,0.512608,2.214082,2.214082,2.214082,2.214082
77.206749,0.525707,-0.118314,-0.128427,0.515812,2.205865,2.205865,2.205865,2.205865
77.216225,0.527348,-0.116419,-0.127013,0.517468,2.197919,2.197919,2.197919,2.197919
77.226746,0.528696,-0.114703,-0.125437,0.519211,2.188482,2.188482,2.188482,2.188482
77.236168,0.529581,-0.113452,-0.124524,0.520471,2.179483,2.179483,2.179483,2.179483
77.246651,0.530049,-0.112449,-0.123776,0.521660,2.168872,2.168872,2.168872,2.168872
77.257172,0.531168,-0.110972,-0.122289,0.524717,2.157576,2.157576,2.157576,2.157576
77.266647,0.532292,-0.109443,-0.120908,0.526141,2.146852,2.146852,2.146852,2.146852
77.277122,0.533499,-0.107844,-0.119669,0.527483,2.134403,2.134403,2.134403,2.134403
77.286613,0.525191,-0.115736,-0.127861,0.519466,2.122571,2.122571,2.122571,2.122571
77.297119,0.526163,-0.114270,-0.126716,0.520817,2.108872,2.108872,2.108872,2.108872
77.306541,0.518086,-0.122057,-0.134741,0.512981,2.096041,2.096041,2.096041,2.096041
77.317070,0.519759,-0.120154,-0.133043,0.514781,2.081115,2.081115,2.081115,2.081115
77.326538,0.521264,-0.118326,-0.131109,0.516715,2.067153,2.067153,2.067153,2.067153
77.337067,0.522891,-0.116497,-0.129514,0.518414,2.051025,2.051025,2.051025,2.051025
77.346535,0.524480,-0.124320,-0.137363,0.510791,2.035979,2.035979,2.035979,2.035979
77.357063,0.525991,-0.122377,-0.135482,0.512763,2.018659,2.018659,2.018659,2.018659
77.366547,0.527489,-0.120528,-0.133461,0.514716,2.002536,2.002536,2.002536,2.002536
77.377090,0.530223,-0.117514,-0.130309,0.517872,1.984004,1.984004,1.984004,1.984004
77.386543,0.531255,-0.116056,-0.129074,0.519374,1.966884,1.966884,1.966884,1.966884
77.397087,0.533964,-0.112968,-0.125981,0.522492,1.947186,1.947186,1.947186,1.947186
77.406532,0.526346,-0.120499,-0.133511,0.514926,1.929026,1.929026,1.929026,1.929026
77.417061,0.528292,-0.118548,-0.131348,0.517145,1.908212,1.908212,1.908212,1.908212
77.426537,0.529798,-0.116799,-0.129524,0.518995,1.888969,1.888969,1.888969,1.888969
77.437073,0.531179,-0.114997,-0.128009,0.520738,1.867007,1.867007,1.867007,1.867007
77.446541,0.532265,-0.113381,-0.126556,0.512903,1.846757,1.846757,1.846757,1.846757
77.457069,0.534885,-0.110362,-0.123796,0.515903,1.823679,1.823679,1.823679,1.823679
77.466537,0.535764,-0.108930,-0.122782,0.517320,1.802424,1.802424,1.802424,1.802424
77.477043,0.536339,-0.107770,-0.121951,0.518680,1.778297,1.778297,1.778297,1.778297
77.486488,0.527805,-0.115630,-0.129985,0.510958,1.756103,1.756103,1.756103,1.756103
77.497032,0.529131,-0.113777,-0.128083,0.512940,1.730799,1.730799,1.730799,1.730799
77.506485,0.532208,-0.110476,-0.124534,0.516543,1.707628,1.707628,1.707628,1.707628
77.517014,0.534235,-0.108395,-0.122443,0.518690,1.681296,1.681296,1.681296,1.681296
77.526482,0.535997,-0.106728,-0.120653,0.520643,1.657125,1.657125,1.657125,1.657125
77.537018,0.536959,-0.105406,-0.119511,0.522025,1.629729,1.629729,1.629729,1.629729
77.546494,0.537621,-0.104063,-0.118385,0.523336,1.604615,1.604615,1.604615,1.604615
77.557022,0.539564,-0.101231,-0.115784,0.525821,1.576187,1.576187,1.576187,1.576187
77.566490,0.539772,-0.099982,-0.114747,0.526787,1.550188,1.550188,1.550188,1.550188
77.577049,0.539813,-0.098709,-0.113835,0.527443,1.520690,1.520690,1.520690,1.520690
77.586548,0.541154,-0.095973,-0.111341,0.529287,1.493694,1.493694,1.493694,1.493694
77.597099,0.540994,-0.094644,-0.110184,0.529500,1.463223,1.463223,1.463223,1.463223
77.606606,0.540193,-0.093676,-0.118754,0.520926,1.435347,1.435347,1.435347,1.435347
77.617119,0.539474,-0.092547,-0.117463,0.521028,1.404039,1.404039,1.404039,1.404039
77.626602,0.531824,-0.100033,-0.124671,0.513641,1.375363,1.375363,1.375363,1.375363
77.637123,0.531105,-0.098774,-0.123232,0.513648,1.343125,1.343125,1.343125,1.343125
77.646614,0.522642,-0.106972,-0.131258,0.506030,1.313603,1.313603,1.313603,1.313603
77.657120,0.521954,-0.105507,-0.129522,0.506136,1.280495,1.280495,1.280495,1.280495
77.666611,0.521431,-0.104020,-0.127714,0.506204,1.250184,1.250184,1.250184,1.250184
77.677116,0.520710,-0.102862,-0.126297,0.506064,1.216188,1.216188,1.216188,1.216188
77.686623,0.512842,-0.110832,-0.134139,0.498628,1.185076,1.185076,1.185076,1.185076
77.697121,0.511990,-0.109658,-0.132834,0.498181,1.150276,1.150276,1.150276,1.150276
77.706619,0.504692,-0.117144,-0.140096,0.491260,1.118430,1.118430,1.118430,1.118430
77.717140,0.503939,-0.116180,-0.138810,0.490859,1.082747,1.082747,1.082747,1.082747
77.726624,0.497435,-0.123361,-0.145760,0.484278,1.050209,1.050209,1.050209,1.050209
77.737167,0.498185,-0.120989,-0.142977,0.485149,1.013664,1.013664,1.013664,1.013664
77.746689,0.491768,-0.128123,-0.149637,0.478806,0.980335,0.980335,0.980335,0.980335
77.756172,0.490941,-0.127457,-0.148650,0.478232,0.946814,0.946814,0.946814,0.946814
77.766716,0.484816,-0.134248,-0.155015,0.472386,0.909177,0.909177,0.909177,0.909177
77.777229,0.483882,-0.133784,-0.154274,0.471703,0.871293,0.871293,0.871293,0.871293
77.786736,0.483911,-0.132306,-0.152544,0.471901,0.836711,0.836711,0.836711,0.836711
77.796234,0.482638,-0.132305,-0.152167,0.470802,0.801892,0.801892,0.801892,0.801892
77.806778,0.476875,-0.138802,-0.158397,0.465032,0.762891,0.762891,0.762891,0.762891
77.816284,0.475446,-0.138842,-0.158191,0.463659,0.727449,0.727449,0.727449,0.727449
77.826836,0.474001,-0.139075,-0.157874,0.462413,0.687800,0.687800,0.687800,0.687800
77.836327,0.472428,-0.139644,-0.157870,0.464561,0.651858,0.651858,0.651858,0.651858
77.846863,0.470734,-0.140245,-0.157952,0.462777,0.611673,0.611673,0.611673,0.611673
77.856285,0.469040,-0.140844,-0.158102,0.460875,0.575507,0.575507,0.575507,0.575507
77.866821,0.466924,-0.142142,-0.158842,0.458716,0.534773,0.534773,0.534773,0.534773
77.876228,0.464625,-0.143422,-0.159684,0.456470,0.498168,0.498168,0.498168,0.498168
77.886757,0.462261,-0.144873,-0.160716,0.454026,0.456977,0.456977,0.456977,0.456977
77.896240,0.459709,-0.146616,-0.161970,0.451432,0.419638,0.419638,0.419638,0.419638
77.906761,0.457067,-0.148608,-0.163375,0.450929,0.377995,0.377995,0.377995,0.377995
77.916222,0.454309,-0.150491,-0.164861,0.448105,0.340317,0.340317,0.340317,0.340317
77.926765,0.451548,-0.152648,-0.166615,0.445197,0.298143,0.298143,0.298143,0.298143
77.936226,0.448549,-0.154891,-0.168512,0.442030,0.260127,0.260127,0.260127,0.260127
77.946732,0.445297,-0.157289,-0.170590,0.438609,0.217730,0.217730,0.217730,0.217730
77.957222,0.442930,-0.156965,-0.169784,0.436237,0.175178,0.175178,0.175178,0.175178
77.966728,0.440201,-0.159192,-0.171209,0.433050,0.136462,0.136462,0.136462,0.136462
77.977226,0.433685,-0.161904,-0.173043,0.429287,0.093572,0.093572,0.093572,0.093572
77.986702,0.427718,-0.167403,-0.177838,0.423281,0.054721,0.054721,0.054721,0.054721
77.996170,0.424699,-0.170566,-0.180612,0.418348,0.015778,0.015778,0.015778,0.015778
78.006714,0.418670,-0.175063,-0.184459,0.413114,-0.027701,-0.027701,-0.027701,-0.027701
78.016167,0.414106,-0.178470,-0.187163,0.408397,-0.066821,-0.066821,-0.066821,-0.066821
78.026711,0.408725,-0.180657,-0.188693,0.403100,-0.110534,-0.110534,-0.110534,-0.110534
78.036232,0.404633,-0.184281,-0.191908,0.398292,-0.150099,-0.150099,-0.150099,-0.150099
78.046799,0.400184,-0.188994,-0.195548,0.393723,-0.194080,-0.194080,-0.194080,-0.194080
78.056274,0.394481,-0.194070,-0.199351,0.388783,-0.233601,-0.233601,-0.233601,-0.233601
78.066780,0.388576,-0.199488,-0.203654,0.383550,-0.277463,-0.277463,-0.277463,-0.277463
78.076225,0.380727,-0.207457,-0.210710,0.376299,-0.316968,-0.316968,-0.316968,-0.316968
78.086784,0.375773,-0.210785,-0.212250,0.371016,-0.361145,-0.361145,-0.361145,-0.361145
78.096283,0.371969,-0.215818,-0.215782,0.366752,-0.400925,-0.400925,-0.400925,-0.400925
78.106827,0.365745,-0.221273,-0.220287,0.359825,-0.445121,-0.445121,-0.445121,-0.445121
78.116272,0.362506,-0.226149,-0.223923,0.355818,-0.484693,-0.484693,-0.484693,-0.484693
78.126801,0.355852,-0.232305,-0.229191,0.348623,-0.528814,-0.528814,-0.528814,-0.528814
78.136276,0.352803,-0.237108,-0.233241,0.344623,-0.568496,-0.568496,-0.568496,-0.568496
78.146805,0.350017,-0.241706,-0.237056,0.340783,-0.612570,-0.612570,-0.612570,-0.612570
78.156281,0.346752,-0.248405,-0.243126,0.336583,-0.652196,-0.652196,-0.652196,-0.652196
78.166855,0.343338,-0.253718,-0.247700,0.332317,-0.696356,-0.696356,-0.696356,-0.696356
78.176331,0.340402,-0.258506,-0.251897,0.328247,-0.735892,-0.735892,-0.735892,-0.735892
78.186867,0.337278,-0.263470,-0.256206,0.324161,-0.779782,-0.779782,-0.779782,-0.779782
78.196342,0.333984,-0.268506,-0.260719,0.320024,-0.819148,-0.819148,-0.819148,-0.819148
78.206886,0.330409,-0.276155,-0.267946,0.315582,-0.862908,-0.862908,-0.862908,-0.862908
78.216331,0.327403,-0.280882,-0.271825,0.311664,-0.901979,-0.901979,-0.901979,-0.901979
78.226875,0.323582,-0.285871,-0.276086,0.307049,-0.945493,-0.945493,-0.945493,-0.945493
78.236328,0.320378,-0.290761,-0.279940,0.303066,-0.984369,-0.984369,-0.984369,-0.984369
78.246849,0.317164,-0.295573,-0.284002,0.298970,-1.027542,-1.027542,-1.027542,-1.027542
78.256325,0.314201,-0.299866,-0.288057,0.294256,-1.066258,-1.066258,-1.066258,-1.066258
78.266853,0.311515,-0.304620,-0.291313,0.290726,-1.109106,-1.109106,-1.109106,-1.109106
78.276329,0.308176,-0.309959,-0.295367,0.286666,-1.147523,-1.147523,-1.147523,-1.147523
78.286865,0.304851,-0.314974,-0.299336,0.282548,-1.190063,-1.190063,-1.190063,-1.190063
78.296341,0.301035,-0.320565,-0.304032,0.278051,-1.228151,-1.228151,-1.228151,-1.228151
78.306885,0.296495,-0.326156,-0.308870,0.273235,-1.270304,-1.270304,-1.270304,-1.270304
78.316338,0.293248,-0.330842,-0.312572,0.269137,-1.307909,-1.307909,-1.307909,-1.307909
78.326889,0.288802,-0.336383,-0.316967,0.264074,-1.349646,-1.349646,-1.349646,-1.349646
78.336380,0.285582,-0.341381,-0.320766,0.259984,-1.386946,-1.386946,-1.386946,-1.386946
78.346909,0.282483,-0.346480,-0.324665,0.255971,-1.428115,-1.428115,-1.428115,-1.428115
78.356384,0.279573,-0.351488,-0.328678,0.251998,-1.464898,-1.464898,-1.464898,-1.464898
78.366920,0.277192,-0.356268,-0.332335,0.248437,-1.505541,-1.505541,-1.505541,-1.505541
78.376381,0.274262,-0.361488,-0.336462,0.244360,-1.541784,-1.541784,-1.541784,-1.541784
78.386932,0.272518,-0.366275,-0.339886,0.241441,-1.581881,-1.581881,-1.581881,-1.581881
78.396385,0.270382,-0.371494,-0.344134,0.238283,-1.617533,-1.617533,-1.617533,-1.617533
78.406921,0.268513,-0.376494,-0.348323,0.235335,-1.656955,-1.656955,-1.656955,-1.656955
78.416382,0.266439,-0.381873,-0.352748,0.232390,-1.692075,-1.692075,-1.692075,-1.692075
78.426918,0.263880,-0.387660,-0.357706,0.229192,-1.730821,-1.730821,-1.730821,-1.730821
78.436378,0.262357,-0.392599,-0.361547,0.226709,-1.765309,-1.765309,-1.765309,-1.765309
78.446915,0.259388,-0.398452,-0.366295,0.222915,-1.803337,-1.803337,-1.803337,-1.803337
78.456383,0.257878,-0.403391,-0.369790,0.220669,-1.837177,-1.837177,-1.837177,-1.837177
78.466911,0.256556,-0.408098,-0.373029,0.218494,-1.874432,-1.874432,-1.874432,-1.874432
78.476379,0.255463,-0.412565,-0.376178,0.216453,-1.907580,-1.907580,-1.907580,-1.907580
78.486931,0.254907,-0.416582,-0.378775,0.214823,-1.944089,-1.944089,-1.944089,-1.944089
78.496376,0.254692,-0.420314,-0.380876,0.213562,-1.976442,-1.976442,-1.976442,-1.976442
78.506920,0.253974,-0.424584,-0.383764,0.211850,-2.012079,-2.012079,-2.012079,-2.012079
78.516380,0.251759,-0.429419,-0.387634,0.208847,-2.043709,-2.043709,-2.043709,-2.043709
78.526932,0.251458,-0.432914,-0.389843,0.207531,-2.078493,-2.078493,-2.078493,-2.078493
78.536385,0.250802,-0.436758,-0.392457,0.206040,-2.109271,-2.109271,-2.109271,-2.109271
78.546913,0.250102,-0.440460,-0.395022,0.204634,-2.143086,-2.143086,-2.143086,-2.143086
78.556381,0.249600,-0.443988,-0.397334,0.203294,-2.173054,-2.173054,-2.173054,-2.173054
78.566910,0.249120,-0.447440,-0.399612,0.202056,-2.205893,-2.205893,-2.205893,-2.205893
78.576378,0.248765,-0.450777,-0.401691,0.201003,-2.235002,-2.235002,-2.235002,-2.235002
78.586906,0.246832,-0.455114,-0.404955,0.198471,-2.266849,-2.266849,-2.266849,-2.266849
78.596382,0.246825,-0.458158,-0.406712,0.197683,-2.295039,-2.295039,-2.295039,-2.295039
78.606911,0.247131,-0.460920,-0.408239,0.197110,-2.325862,-2.325862,-2.325862,-2.325862
78.616379,0.247329,-0.463793,-0.410040,0.196372,-2.353100,-2.353100,-2.353100,-2.353100
78.626923,0.247371,-0.466591,-0.411896,0.195579,-2.382875,-2.382875,-2.382875,-2.382875
78.636383,0.247492,-0.469217,-0.413417,0.194921,-2.409096,-2.409096,-2.409096,-2.409096
78.646912,0.247201,-0.472005,-0.415209,0.193955,-2.437720,-2.437720,-2.437720,-2.437720
78.656380,0.245686,-0.475495,-0.417918,0.191886,-2.462966,-2.462966,-2.462966,-2.462966
78.666908,0.245604,-0.478031,-0.419489,0.191387,-2.490448,-2.490448,-2.490448,-2.490448
78.676338,0.245656,-0.480446,-0.421168,0.190815,-2.514542,-2.514542,-2.514542,-2.514542
78.686874,0.245812,-0.482819,-0.422592,0.190233,-2.540863,-2.540863,-2.540863,-2.540863
78.696327,0.246042,-0.485112,-0.423821,0.189815,-2.563957,-2.563957,-2.563957,-2.563957
78.706856,0.246285,-0.487353,-0.425003,0.189390,-2.589055,-2.589055,-2.589055,-2.589055
78.716331,0.246621,-0.489389,-0.425980,0.189107,-2.611084,-2.611084,-2.611084,-2.611084
78.726868,0.245523,-0.492657,-0.428312,0.187459,-2.634969,-2.634969,-2.634969,-2.634969
78.736328,0.245972,-0.494458,-0.429024,0.187298,-2.655828,-2.655828,-2.655828,-2.655828
78.746857,0.246487,-0.496232,-0.429774,0.187222,-2.678412,-2.678412,-2.678412,-2.678412
78.756332,0.246369,-0.498315,-0.431022,0.186838,-2.698150,-2.698150,-2.698150,-2.698150
78.766853,0.245684,-0.500646,-0.432846,0.186186,-2.719429,-2.719429,-2.719429,-2.719429
78.776329,0.244197,-0.503566,-0.435362,0.184376,-2.737983,-2.737983,-2.737983,-2.737983
78.786858,0.244285,-0.505436,-0.436506,0.184183,-2.757939,-2.757939,-2.757939,-2.757939
78.796326,0.244618,-0.507120,-0.437406,0.184042,-2.775272,-2.775272,-2.775272,-2.775272
78.806870,0.243447,-0.510043,-0.439767,0.182253,-2.793885,-2.793885,-2.793885,-2.793885
78.816277,0.244038,-0.511517,-0.440427,0.182305,-2.809892,-2.809892,-2.809892,-2.809892
78.826813,0.244965,-0.512801,-0.440714,0.182575,-2.827119,-2.827119,-2.827119,-2.827119
78.836273,0.246138,-0.513933,-0.440722,0.183003,-2.841957,-2.841957,-2.841957,-2.841957
78.846809,0.246509,-0.515499,-0.441437,0.183022,-2.857771,-2.857771,-2.857771,-2.857771
78.856277,0.245061,-0.518280,-0.443780,0.181264,-2.871344,-2.871344,-2.871344,-2.871344
78.866806,0.245683,-0.519449,-0.444365,0.181298,-2.885719,-2.885719,-2.885719,-2.885719
78.876274,0.246036,-0.520734,-0.445062,0.181197,-2.898001,-2.898001,-2.898001,-2.898001
78.886803,0.244533,-0.523610,-0.447584,0.179323,-2.910924,-2.910924,-2.910924,-2.910924
78.896286,0.245340,-0.524577,-0.447793,0.179562,-2.921897,-2.921897,-2.921897,-2.921897
78.906815,0.246191,-0.525596,-0.448031,0.179879,-2.933346,-2.933346,-2.933346,-2.933346
78.916275,0.265977,-0.526500,-0.448375,0.180141,-2.942968,-2.942968,-2.942968,-2.942968
78.926804,0.284761,-0.527482,-0.448776,0.180408,-2.952924,-2.952924,-2.952924,-2.952924
78.936272,0.301681,-0.529915,-0.450941,0.178807,-2.961205,-2.961205,-2.961205,-2.961205
78.946823,0.317869,-0.532141,-0.452458,0.177473,-2.969667,-2.969667,-2.969667,-2.969667
78.956299,0.335156,-0.533725,-0.453509,0.177023,-2.976583,-2.976583,-2.976583,-2.976583
78.966843,0.351460,-0.534843,-0.453959,0.176863,-2.983513,-2.983513,-2.983513,-2.983513
78.976326,0.367350,-0.536049,-0.454619,0.195334,-2.989055,-2.989055,-2.989055,-2.989055
78.986870,0.381751,-0.537487,-0.455378,0.212771,-2.994440,-2.994440,-2.994440,-2.994440
78.996330,0.394797,-0.540073,-0.457878,0.229129,-2.998574,-2.998574,-2.998574,-2.998574
79.006882,0.408473,-0.540952,-0.459495,0.245522,-2.997245,-2.997245,-2.997245,-2.997245
79.016327,0.421204,-0.541846,-0.461202,0.261046,-2.992893,-2.992893,-2.992893,-2.992893
79.026871,0.433340,-0.542811,-0.462904,0.276007,-2.987261,-2.987261,-2.987261,-2.987261
79.036377,0.444746,-0.543970,-0.464499,0.290574,-2.981483,-2.981483,-2.981483,-2.981483
79.046913,0.455779,-0.547001,-0.467784,0.304245,-2.974315,-2.974315,-2.974315,-2.974315
79.056381,0.466021,-0.548373,-0.469874,0.317381,-2.967183,-2.967183,-2.967183,-2.967183
79.066910,0.475585,-0.550162,-0.472080,0.329898,-2.958496,-2.958496,-2.958496,-2.958496
79.076378,0.485031,-0.552059,-0.474297,0.342026,-2.949997,-2.949997,-2.949997,-2.949997
79.086914,0.494846,-0.553875,-0.476591,0.354100,-2.939795,-2.939795,-2.939795,-2.939795
79.096382,0.504865,-0.556784,-0.479646,0.365942,-2.929952,-2.929952,-2.929952,-2.929952
79.106926,0.513942,-0.559167,-0.481748,0.377295,-2.918249,-2.918249,-2.918249,-2.918249
79.116379,0.522380,-0.562251,-0.485370,0.388559,-2.907097,-2.907097,-2.907097,-2.907097
79.126907,0.530287,-0.562746,-0.487678,0.399023,-2.893941,-2.893941,-2.893941,-2.893941
79.136375,0.538054,-0.563540,-0.490230,0.408953,-2.881454,-2.881454,-2.881454,-2.881454
79.146912,0.545291,-0.564800,-0.492785,0.418780,-2.866843,-2.866843,-2.866843,-2.866843
79.156387,0.552272,-0.565986,-0.495128,0.428342,-2.853051,-2.853051,-2.853051,-2.853051
79.166916,0.558493,-0.566967,-0.497114,0.437494,-2.837022,-2.837022,-2.837022,-2.837022
79.176338,0.563857,-0.567853,-0.499067,0.445921,-2.822042,-2.822042,-2.822042,-2.822042
79.186935,0.569430,-0.569300,-0.501534,0.454030,-2.804491,-2.804491,-2.804491,-2.804491
79.196404,0.575803,-0.572129,-0.505289,0.462202,-2.788192,-2.788192,-2.788192,-2.788192
79.206955,0.581420,-0.574244,-0.508050,0.469656,-2.769334,-2.769334,-2.769334,-2.769334
79.216438,0.587164,-0.576247,-0.510685,0.477205,-2.751771,-2.751771,-2.751771,-2.751771
79.226936,0.592951,-0.577662,-0.512896,0.484923,-2.731649,-2.731649,-2.731649,-2.731649
79.236435,0.599019,-0.578946,-0.515215,0.492413,-2.712857,-2.712857,-2.712857,-2.712857
79.246986,0.604684,-0.580118,-0.517699,0.499463,-2.691313,-2.691313,-2.691313,-2.691313
79.256432,0.609890,-0.581198,-0.520063,0.506224,-2.671430,-2.671430,-2.671430,-2.671430
79.266975,0.614785,-0.582287,-0.522445,0.512850,-2.648606,-2.648606,-2.648606,-2.648606
79.276428,0.619238,-0.583604,-0.524719,0.519334,-2.627565,-2.627565,-2.627565,-2.627565
79.286964,0.623230,-0.584531,-0.526821,0.525244,-2.603484,-2.603484,-2.603484,-2.603484
79.296432,0.627715,-0.586745,-0.530002,0.531581,-2.581280,-2.581280,-2.581280,-2.581280
79.306976,0.632216,-0.588668,-0.532683,0.537262,-2.555941,-2.555941,-2.555941,-2.555941
79.316406,0.636747,-0.590264,-0.534894,0.542848,-2.532743,-2.532743,-2.532743,-2.532743
79.326950,0.641813,-0.592110,-0.537061,0.548466,-2.506204,-2.506204,-2.506204,-2.506204
79.336380,0.647226,-0.594155,-0.538957,0.536157,-2.481922,-2.481922,-2.481922,-2.481922
79.346931,0.652201,-0.596744,-0.541191,0.524738,-2.454198,-2.454198,-2.454198,-2.454198
79.356377,0.656069,-0.597566,-0.542682,0.514117,-2.428851,-2.428851,-2.428851,-2.428851
79.366913,0.660368,-0.598421,-0.544853,0.503555,-2.400009,-2.400009,-2.400009,-2.400009
79.376381,0.646903,-0.600883,-0.548340,0.492843,-2.373610,-2.373610,-2.373610,-2.373610
79.386917,0.633350,-0.601969,-0.550328,0.482281,-2.343667,-2.343667,-2.343667,-2.343667
79.396385,0.620689,-0.602826,-0.551970,0.472437,-2.316284,-2.316284,-2.316284,-2.316284
79.406929,0.608711,-0.605110,-0.554592,0.462926,-2.285240,-2.285240,-2.285240,-2.285240
79.416344,0.596882,-0.605856,-0.555799,0.453789,-2.257075,-2.257075,-2.257075,-2.257075
79.426880,0.585709,-0.606437,-0.556792,0.445150,-2.225035,-2.225035,-2.225035,-2.225035
79.436325,0.574956,-0.608558,-0.559092,0.436587,-2.195864,-2.195864,-2.195864,-2.195864
79.446915,0.564328,-0.609368,-0.560167,0.428587,-2.162659,-2.162659,-2.162659,-2.162659
79.456375,0.553979,-0.611397,-0.562500,0.420425,-2.132570,-2.132570,-2.132570,-2.132570
79.466904,0.544906,-0.611746,-0.563056,0.413426,-2.098605,-2.098605,-2.098605,-2.098605
79.476387,0.535906,-0.611754,-0.563240,0.406471,-2.067615,-2.067615,-2.067615,-2.067615
79.486938,0.527137,-0.611879,-0.563415,0.399749,-2.032650,-2.032650,-2.032650,-2.032650
79.496437,0.519001,-0.611958,-0.563427,0.393365,-2.000790,-2.000790,-2.000790,-2.000790
79.506943,0.510853,-0.613642,-0.565087,0.386602,-1.965122,-1.965122,-1.965122,-1.965122
79.516441,0.503440,-0.613685,-0.564982,0.380677,-1.932475,-1.932475,-1.932475,-1.932475
79.527023,0.496027,-0.613666,-0.564769,0.374833,-1.895687,-1.895687,-1.895687,-1.895687
79.536446,0.489356,-0.613547,-0.564302,0.369452,-1.862601,-1.862601,-1.862601,-1.862601
79.546989,0.483015,-0.613288,-0.563583,0.364395,-1.825148,-1.825148,-1.825148,-1.825148
79.556488,0.475745,-0.614921,-0.564952,0.358377,-1.791092,-1.791092,-1.791092,-1.791092
79.567039,0.469679,-0.614623,-0.564585,0.353535,-1.752878,-1.752878,-1.752878,-1.752878
79.576546,0.463224,-0.615976,-0.565800,0.348081,-1.718122,-1.718122,-1.718122,-1.718122
79.587074,0.457650,-0.615677,-0.565208,0.343449,-1.679288,-1.679288,-1.679288,-1.679288
79.596535,0.452206,-0.615288,-0.564426,0.339000,-1.644062,-1.644062,-1.644062,-1.644062
79.607079,0.446283,-0.616312,-0.565341,0.333816,-1.604498,-1.604498,-1.604498,-1.604498
79.616539,0.441226,-0.615327,-0.554277,0.338834,-1.568724,-1.568724,-1.568724,-1.568724
79.627075,0.436473,-0.614128,-0.553268,0.334800,-1.528578,-1.528578,-1.528578,-1.528578
79.636536,0.431720,-0.612643,-0.552080,0.330820,-1.492253,-1.492253,-1.492253,-1.492253
79.647049,0.427933,-0.610899,-0.550125,0.327432,-1.451585,-1.451585,-1.451585,-1.451585
79.656548,0.424356,-0.608947,-0.547908,0.333198,-1.414641,-1.414641,-1.414641,-1.414641
79.667084,0.419253,-0.608602,-0.547571,0.328354,-1.373354,-1.373354,-1.373354,-1.373354
79.676537,0.414199,-0.607114,-0.546530,0.323888,-1.336125,-1.336125,-1.336125,-1.336125
79.687080,0.409444,-0.604638,-0.544574,0.319832,-1.294318,-1.294318,-1.294318,-1.294318
79.696548,0.414132,-0.594507,-0.534377,0.325086,-1.256588,-1.256588,-1.256588,-1.256588
79.707100,0.409781,-0.592033,-0.531967,0.321219,-1.214353,-1.214353,-1.214353,-1.214353
79.716545,0.414397,-0.582573,-0.522121,0.326369,-1.176322,-1.176322,-1.176322,-1.176322
79.727089,0.409855,-0.580054,-0.519773,0.322253,-1.133687,-1.133687,-1.133687,-1.133687
79.736542,0.414239,-0.571016,-0.510500,0.327009,-1.095319,-1.095319,-1.095319,-1.095319
79.747093,0.409484,-0.568543,-0.508246,0.322663,-1.052313,-1.052313,-1.052313,-1.052313
79.756546,0.404602,-0.566112,-0.506280,0.318199,-1.013625,-1.013625,-1.013625,-1.013625
79.767082,0.399729,-0.563345,-0.504110,0.314038,-0.970373,-0.970373,-0.970373,-0.970373
79.776550,0.402851,-0.555380,-0.496516,0.318059,-0.931381,-0.931381,-0.931381,-0.931381
79.787064,0.397400,-0.552571,-0.494593,0.313842,-0.887952,-0.887952,-0.887952,-0.887952
79.796547,0.401843,-0.544186,-0.486242,0.318579,-0.848665,-0.848665,-0.848665,-0.848665
79.807098,0.398058,-0.541133,-0.483349,0.315566,-0.804865,-0.804865,-0.804865,-0.804865
79.816605,0.394390,-0.537730,-0.480351,0.312725,-0.765320,-0.765320,-0.765320,-0.765320
79.827118,0.391166,-0.534251,-0.477287,0.310207,-0.721505,-0.721505,-0.721505,-0.721505
79.836617,0.395553,-0.526721,-0.469764,0.314881,-0.681875,-0.681875,-0.681875,-0.681875
79.847122,0.391928,-0.526555,-0.470616,0.311816,-0.637970,-0.637970,-0.637970,-0.637970
79.856613,0.396144,-0.519273,-0.463286,0.316208,-0.598242,-0.598242,-0.598242,-0.598242
79.867119,0.392768,-0.518656,-0.463316,0.313474,-0.554258,-0.554258,-0.554258,-0.554258
79.876617,0.396669,-0.511689,-0.456278,0.317645,-0.514496,-0.514496,-0.514496,-0.514496
79.887123,0.394316,-0.507871,-0.452973,0.316154,-0.470475,-0.470475,-0.470475,-0.470475
79.896614,0.391906,-0.504211,-0.450176,0.314461,-0.430692,-0.430692,-0.430692,-0.430692
79.907120,0.389809,-0.499916,-0.446580,0.313320,-0.386694,-0.386694,-0.386694,-0.386694
79.916626,0.392462,-0.494086,-0.441106,0.316589,-0.346883,-0.346883,-0.346883,-0.346883
79.927170,0.391122,-0.489532,-0.437123,0.315860,-0.302762,-0.302762,-0.302762,-0.302762
79.936684,0.394534,-0.483491,-0.431135,0.319582,-0.262999,-0.262999,-0.262999,-0.262999
79.946175,0.392820,-0.479815,-0.428536,0.315486,-0.223375,-0.223375,-0.223375,-0.223375
79.956718,0.396148,-0.473555,-0.422789,0.319092,-0.179421,-0.179421,-0.179421,-0.179421
79.967232,0.395453,-0.468084,-0.417995,0.319113,-0.135688,-0.135688,-0.135688,-0.135688
79.976746,0.394910,-0.462341,-0.412918,0.319349,-0.096197,-0.096197,-0.096197,-0.096197
79.986221,0.394396,-0.456075,-0.407612,0.319693,-0.056913,-0.056913,-0.056913,-0.056913
79.996758,0.393944,-0.448562,-0.402019,0.320284,-0.013387,-0.013387,-0.013387,-0.013387
80.006218,0.393624,-0.440488,-0.396390,0.321017,0.025630,0.025630,0.025630,0.025630
80.016754,0.393995,-0.432691,-0.389258,0.321791,0.068925,0.068925,0.068925,0.068925
80.026222,0.394403,-0.426982,-0.384842,0.322623,0.107692,0.107692,0.107692,0.107692
80.036804,0.394418,-0.421041,-0.379282,0.323368,0.150859,0.150859,0.150859,0.150859
80.046272,0.393012,-0.413338,-0.372458,0.323118,0.189379,0.189379,0.189379,0.189379
80.056808,0.393649,-0.407388,-0.366750,0.324920,0.232047,0.232047,0.232047,0.232047
80.066277,0.394124,-0.401481,-0.361418,0.326473,0.270203,0.270203,0.270203,0.270203
80.076820,0.394538,-0.395112,-0.355861,0.328140,0.312521,0.312521,0.312521,0.312521
80.086273,0.395856,-0.389140,-0.350201,0.330961,0.350290,0.350290,0.350290,0.350290
80.096802,0.396661,-0.380498,-0.341966,0.333748,0.392116,0.392116,0.392116,0.392116
80.106277,0.395134,-0.374999,-0.336394,0.334399,0.429569,0.429569,0.429569,0.429569
80.116821,0.400104,-0.369392,-0.330728,0.339132,0.471011,0.471011,0.471011,0.471011
80.126274,0.402935,-0.363571,-0.324753,0.342473,0.507940,0.507940,0.507940,0.507940
80.136818,0.405244,-0.358130,-0.319612,0.345389,0.548873,0.548873,0.548873,0.548873
80.146271,0.408161,-0.352507,-0.311358,0.349444,0.585344,0.585344,0.585344,0.585344
80.156807,0.410450,-0.346625,-0.306508,0.352345,0.625712,0.625712,0.625712,0.625712
80.166222,0.412854,-0.340791,-0.301750,0.355210,0.661538,0.661538,0.661538,0.661538
80.176720,0.415232,-0.335047,-0.296892,0.358177,0.701200,0.701200,0.701200,0.701200
80.186172,0.417294,-0.329555,-0.292324,0.361122,0.736626,0.736626,0.736626,0.736626
80.196671,0.419320,-0.324042,-0.287895,0.363988,0.775687,0.775687,0.775687,0.775687
80.207169,0.421701,-0.318267,-0.283165,0.366971,0.814400,0.814400,0.814400,0.814400
80.216682,0.426568,-0.312273,-0.277958,0.372771,0.849167,0.849167,0.849167,0.849167
80.226173,0.428841,-0.306376,-0.272962,0.375782,0.883593,0.883593,0.883593,0.883593
80.236725,0.428127,-0.305976,-0.273318,0.375614,0.921491,0.921491,0.921491,0.921491
80.246231,0.433603,-0.299859,-0.268150,0.381967,0.955344,0.955344,0.955344,0.955344
80.256767,0.435643,-0.294215,-0.263743,0.384739,0.992464,0.992464,0.992464,0.992464
80.266228,0.437738,-0.288516,-0.259298,0.387616,1.025484,1.025484,1.025484,1.025484
80.276772,0.440498,-0.282288,-0.253994,0.391111,1.061900,1.061900,1.061900,1.061900
80.286224,0.442694,-0.276761,-0.249235,0.394155,1.094185,1.094185,1.094185,1.094185
80.296776,0.444987,-0.271137,-0.244490,0.397271,1.129840,1.129840,1.129840,1.129840
80.306290,0.447260,-0.265636,-0.239906,0.400365,1.161620,1.161620,1.161620,1.161620
80.316841,0.449638,-0.260061,-0.235225,0.403528,1.196448,1.196448,1.196448,1.196448
80.327377,0.452680,-0.253911,-0.229802,0.407314,1.230799,1.230799,1.230799,1.230799
80.336861,0.454685,-0.248669,-0.225287,0.410226,1.261302,1.261302,1.261302,1.261302
80.347359,0.457590,-0.242659,-0.219940,0.414007,1.294652,1.294652,1.294652,1.294652
80.357895,0.460396,-0.237085,-0.214911,0.417448,1.327673,1.327673,1.327673,1.327673
80.367386,0.463381,-0.231631,-0.209851,0.420905,1.356991,1.356991,1.356991,1.356991
80.377930,0.465688,-0.226366,-0.205293,0.424042,1.389127,1.389127,1.389127,1.389127
80.387398,0.467987,-0.220983,-0.200959,0.427012,1.417555,1.417555,1.417555,1.417555
80.397942,0.470313,-0.215878,-0.196628,0.429965,1.448728,1.448728,1.448728,1.448728
80.407387,0.473397,-0.210126,-0.191435,0.433773,1.476242,1.476242,1.476242,1.476242
80.417915,0.475603,-0.205409,-0.187447,0.436818,1.506443,1.506443,1.506443,1.506443
80.427383,0.477902,-0.200770,-0.183580,0.439984,1.533139,1.533139,1.533139,1.533139
80.437912,0.480475,-0.196199,-0.179727,0.443378,1.562345,1.562345,1.562345,1.562345
80.447380,0.482895,-0.191981,-0.176078,0.446687,1.588138,1.588138,1.588138,1.588138
80.457901,0.485561,-0.187618,-0.172222,0.450035,1.616317,1.616317,1.616317,1.616317
80.467323,0.488804,-0.182953,-0.167786,0.453768,1.641090,1.641090,1.641090,1.641090
80.477852,0.492491,-0.178148,-0.163229,0.458053,1.668247,1.668247,1.668247,1.668247
80.487335,0.494600,-0.174524,-0.160404,0.461018,1.692240,1.692240,1.692240,1.692240
80.497864,0.496760,-0.170937,-0.157754,0.463962,1.718350,1.718350,1.718350,1.718350
80.507286,0.500058,-0.166397,-0.153792,0.468074,1.741229,1.741229,1.741229,1.741229
80.517776,0.502185,-0.163174,-0.151158,0.471080,1.766179,1.766179,1.766179,1.766179
80.527222,0.504213,-0.160171,-0.148652,0.474164,1.788159,1.788159,1.788159,1.788159
80.537750,0.505895,-0.157115,-0.146581,0.476748,1.812106,1.812106,1.812106,1.812106
80.547226,0.507167,-0.154617,-0.145077,0.479107,1.833154,1.833154,1.833154,1.833154
80.557755,0.510295,-0.150479,-0.141652,0.482953,1.856002,1.856002,1.856002,1.856002
80.567223,0.511892,-0.147794,-0.139560,0.485375,1.876034,1.876034,1.876034,1.876034
80.577774,0.514708,-0.144065,-0.136230,0.488905,1.897783,1.897783,1.897783,1.897783
80.587227,0.516745,-0.141242,-0.134089,0.491350,1.916759,1.916759,1.916759,1.916759
80.597786,0.518791,-0.138638,-0.131919,0.493843,1.937391,1.937391,1.937391,1.937391
80.607224,0.520128,-0.135155,-0.128898,0.497141,1.955314,1.955314,1.955314,1.955314
80.617729,0.521259,-0.133017,-0.127541,0.498934,1.974683,1.974683,1.974683,1.974683
80.627228,0.523680,-0.129531,-0.124551,0.502068,1.991665,1.991665,1.991665,1.991665
80.637749,0.524548,-0.127643,-0.123175,0.503695,2.009902,2.009902,2.009902,2.009902
80.647232,0.525294,-0.125777,-0.121910,0.505351,2.025799,2.025799,2.025799,2.025799
80.657776,0.526103,-0.123837,-0.120664,0.506992,2.042885,2.042885,2.042885,2.042885
80.667221,0.526962,-0.121934,-0.119385,0.508561,2.057667,2.057667,2.057667,2.057667
80.677765,0.527610,-0.120294,-0.118552,0.509815,2.073556,2.073556,2.073556,2.073556
80.687225,0.528586,-0.118490,-0.117434,0.511320,2.087278,2.087278,2.087278,2.087278
80.697746,0.531740,-0.114817,-0.114025,0.514635,2.101948,2.101948,2.101948,2.101948
80.707222,0.532278,-0.113437,-0.113302,0.515781,2.114610,2.114610,2.114610,2.114610
80.717766,0.532613,-0.111944,-0.112557,0.516853,2.128096,2.128096,2.128096,2.128096
80.727226,0.534512,-0.109081,-0.110220,0.519334,2.139643,2.139643,2.139643,2.139643
80.737755,0.534732,-0.107808,-0.109491,0.520287,2.151903,2.151903,2.151903,2.151903
80.747223,0.534859,-0.106638,-0.108748,0.521181,2.162369,2.162369,2.162369,2.162369
80.757751,0.534912,-0.105598,-0.108319,0.521950,2.173405,2.173405,2.173405,2.173405
80.767220,0.534974,-0.104559,-0.107850,0.522823,2.182780,2.182780,2.182780,2.182780
80.777756,0.535736,-0.102998,-0.106612,0.524146,2.192593,2.192593,2.192593,2.192593
80.787224,0.536203,-0.101796,-0.105820,0.525034,2.200869,2.200869,2.200869,2.200869
80.797752,0.537818,-0.099531,-0.103948,0.527167,2.209457,2.209457,2.209457,2.209457
80.807182,0.538412,-0.097981,-0.102842,0.528218,2.216598,2.216598,2.216598,2.216598
80.817696,0.539081,-0.096553,-0.101768,0.529153,2.223957,2.223957,2.223957,2.223957
80.827171,0.538886,-0.095771,-0.101432,0.529733,2.230031,2.230031,2.230031,2.230031
80.837708,0.538719,-0.094883,-0.101295,0.530190,2.236175,2.236175,2.236175,2.236175
80.847176,0.540249,-0.092529,-0.099443,0.532191,2.241145,2.241145,2.241145,2.241145
80.857712,0.540080,-0.091758,-0.099114,0.532574,2.246067,2.246067,2.246067,2.246067
80.867172,0.539521,-0.091027,-0.098970,0.532757,2.249933,2.249933,2.249933,2.249933
80.877716,0.538347,-0.090808,-0.099406,0.532633,2.253632,2.253632,2.253632,2.253632
80.888237,0.537258,-0.090524,-0.099774,0.532598,2.256683,2.256683,2.256683,2.256683
80.897736,0.538718,-0.088201,-0.097805,0.534693,2.258888,2.258888,2.258888,2.258888
80.907173,0.538289,-0.087654,-0.097762,0.534862,2.260564,2.260564,2.260564,2.260564
80.917725,0.528077,-0.096704,-0.107130,0.525640,2.261832,2.261832,2.261832,2.261832
80.928253,0.529188,-0.095170,-0.105837,0.526779,2.262461,2.262461,2.262461,2.262461
80.937782,0.529475,-0.094190,-0.105023,0.527498,2.262484,2.262484,2.262484,2.262484
80.947227,0.529704,-0.093023,-0.104298,0.528097,2.261996,2.261996,2.261996,2.261996
80.957771,0.520154,-0.101809,-0.113379,0.519123,2.260853,2.260853,2.260853,2.260853
80.967247,0.522209,-0.099159,-0.110997,0.521505,2.259289,2.259289,2.259289,2.259289
80.977753,0.522891,-0.098008,-0.110030,0.522515,2.256965,2.256965,2.256965,2.256965
80.987221,0.523413,-0.097133,-0.109584,0.523243,2.254337,2.254337,2.254337,2.254337
80.997757,0.525146,-0.094909,-0.107809,0.525231,2.250828,2.250828,2.250828,2.250828
81.007225,0.525518,-0.093770,-0.106882,0.525959,2.247147,2.247147,2.247147,2.247147
81.017754,0.525816,-0.092840,-0.106058,0.526664,2.242470,2.242470,2.242470,2.242470
81.027222,0.526341,-0.091876,-0.105287,0.527479,2.237743,2.237743,2.237743,2.237743
81.037796,0.527183,-0.090710,-0.104287,0.528446,2.231885,2.231885,2.231885,2.231885
81.047279,0.527460,-0.089948,-0.103563,0.529116,2.226117,2.226117,2.226117,2.226117
81.057823,0.527704,-0.089092,-0.102935,0.529755,2.219131,2.219131,2.219131,2.219131
81.067238,0.529600,-0.086669,-0.100769,0.531857,2.212391,2.212391,2.212391,2.212391
81.077774,0.529740,-0.085895,-0.100312,0.532336,2.204284,2.204284,2.204284,2.204284
81.087227,0.529924,-0.085112,-0.099881,0.532844,2.196512,2.196512,2.196512,2.196512
81.097755,0.529744,-0.084645,-0.099655,0.533274,2.187301,2.187301,2.187301,2.187301
81.107170,0.529585,-0.084396,-0.099707,0.533653,2.178571,2.178571,2.178571,2.178571
81.117699,0.529991,-0.083438,-0.099100,0.534252,2.168269,2.168269,2.168269,2.168269
81.127167,0.530159,-0.082769,-0.098698,0.534609,2.158517,2.158517,2.158517,2.158517
81.137695,0.531656,-0.080722,-0.096870,0.536414,2.147141,2.147141,2.147141,2.147141
81.148170,0.532181,-0.079662,-0.095952,0.537059,2.135266,2.135266,2.135266,2.135266
81.157684,0.532742,-0.078715,-0.095077,0.537513,2.124002,2.124002,2.124002,2.124002
81.168182,0.532516,-0.078303,-0.094730,0.537739,2.111062,2.111062,2.111062,2.111062
81.177696,0.522752,-0.087284,-0.103912,0.528395,2.098859,2.098859,2.098859,2.098859
81.187172,0.524590,-0.085012,-0.101789,0.530341,2.086276,2.086276,2.086276,2.086276
81.197701,0.515408,-0.093771,-0.110733,0.521310,2.071782,2.071782,2.071782,2.071782
81.208229,0.516116,-0.092645,-0.109834,0.522088,2.056771,2.056771,2.056771,2.056771
81.217735,0.516661,-0.091721,-0.108935,0.522966,2.042762,2.042762,2.042762,2.042762
81.227173,0.517237,-0.091000,-0.108309,0.523767,2.028443,2.028443,2.028443,2.028443
81.237694,0.508685,-0.099192,-0.107018,0.524751,2.011989,2.011989,2.011989,2.011989
81.248222,0.509865,-0.097790,-0.105718,0.525762,1.995031,1.995031,1.995031,1.995031
81.257736,0.512562,-0.094937,-0.103039,0.528282,1.979281,1.979281,1.979281,1.979281
81.267174,0.514130,-0.093425,-0.101731,0.529511,1.963256,1.963256,1.963256,1.963256
81.277664,0.506081,-0.101545,-0.110021,0.521098,1.944991,1.944991,1.944991,1.944991
81.288170,0.507203,-0.100405,-0.109075,0.522163,1.926220,1.926220,1.926220,1.926220
81.297684,0.508488,-0.099060,-0.108077,0.523197,1.908820,1.908820,1.908820,1.908820
81.308167,0.509703,-0.097790,-0.107061,0.524188,1.889204,1.889204,1.889204,1.889204
81.317688,0.501244,-0.106011,-0.115495,0.515534,1.871009,1.871009,1.871009,1.871009
81.328171,0.503846,-0.103184,-0.112701,0.518205,1.850548,1.850548,1.850548,1.850548
81.337685,0.495290,-0.111363,-0.121192,0.509714,1.831593,1.831593,1.831593,1.831593
81.348167,0.497564,-0.108783,-0.118888,0.512174,1.810293,1.810293,1.810293,1.810293
81.357643,0.489560,-0.116381,-0.126541,0.504184,1.790692,1.790692,1.790692,1.790692
81.368179,0.491656,-0.114403,-0.124415,0.506146,1.768478,1.768478,1.768478,1.768478
81.377693,0.485412,-0.121364,-0.131251,0.499310,1.748064,1.748064,1.748064,1.748064
81.388229,0.488157,-0.119003,-0.128763,0.501514,1.725093,1.725093,1.725093,1.725093
81.397697,0.490564,-0.116884,-0.126668,0.503496,1.704081,1.704081,1.704081,1.704081
81.407173,0.492808,-0.114613,-0.124758,0.505286,1.682766,1.682766,1.682766,1.682766
81.417717,0.485523,-0.121858,-0.132381,0.497599,1.658674,1.658674,1.658674,1.658674
81.427170,0.489045,-0.118330,-0.129110,0.500754,1.636742,1.636742,1.636742,1.636742
81.437706,0.491251,-0.116238,-0.127091,0.502632,1.611966,1.611966,1.611966,1.611966
81.448181,0.493312,-0.114179,-0.124943,0.504543,1.586974,1.586974,1.586974,1.586974
81.457695,0.495357,-0.111976,-0.122869,0.506184,1.563978,1.563978,1.563978,1.563978
81.467171,0.497011,-0.110072,-0.121134,0.507491,1.540788,1.540788,1.540788,1.540788
81.477707,0.489754,-0.117425,-0.128604,0.500023,1.514688,1.514688,1.514688,1.514688
81.488220,0.492160,-0.114607,-0.125861,0.501764,1.488318,1.488318,1.488318,1.488318
81.497734,0.493466,-0.112803,-0.124084,0.502709,1.464194,1.464194,1.464194,1.464194
81.507172,0.495760,-0.109623,-0.120988,0.504814,1.440012,1.440012,1.440012,1.440012
81.517693,0.488226,-0.117260,-0.128753,0.497232,1.412752,1.412752,1.412752,1.412752
81.527168,0.488908,-0.115282,-0.126858,0.497839,1.387962,1.387962,1.387962,1.387962
81.537697,0.489648,-0.113317,-0.124960,0.498268,1.360153,1.360153,1.360153,1.360153
81.547173,0.490273,-0.111248,-0.123014,0.498631,1.334899,1.334899,1.334899,1.334899
81.557693,0.491918,-0.107990,-0.119951,0.499983,1.306578,1.306578,1.306578,1.306578
81.567184,0.491940,-0.106225,-0.118589,0.499746,1.280840,1.280840,1.280840,1.280840
81.577721,0.492097,-0.104281,-0.116731,0.499774,1.252007,1.252007,1.252007,1.252007
81.587181,0.492008,-0.102734,-0.115298,0.499450,1.225909,1.225909,1.225909,1.225909
81.597725,0.491361,-0.101638,-0.114242,0.498773,1.196621,1.196621,1.196621,1.196621
81.607170,0.490762,-0.100586,-0.113236,0.497992,1.170183,1.170183,1.170183,1.170183
81.617699,0.489919,-0.099898,-0.112444,0.497032,1.140508,1.140508,1.140508,1.140508
81.627174,0.490065,-0.097999,-0.110564,0.497261,1.113649,1.113649,1.113649,1.113649
81.637703,0.489017,-0.097408,-0.110274,0.495908,1.083602,1.083602,1.083602,1.083602
81.648224,0.487817,-0.097142,-0.110123,0.494474,1.053384,1.053384,1.053384,1.053384
81.657730,0.486432,-0.097085,-0.110035,0.492887,1.025922,1.025922,1.025922,1.025922
81.667168,0.484524,-0.097375,-0.110514,0.490971,0.998533,0.998533,0.998533,0.998533
81.677704,0.476064,-0.105777,-0.119389,0.482974,0.967814,0.967814,0.967814,0.967814
81.687172,0.473477,-0.106252,-0.120116,0.480830,0.940071,0.940071,0.940071,0.940071
81.697701,0.472419,-0.105459,-0.119408,0.479998,0.909097,0.909097,0.909097,0.909097
81.707169,0.470702,-0.105975,-0.119760,0.478211,0.881109,0.881109,0.881109,0.881109
81.717697,0.469116,-0.106591,-0.120041,0.476451,0.849889,0.849889,0.849889,0.849889
81.728226,0.467148,-0.107497,-0.120807,0.474392,0.818552,0.818552,0.818552,0.818552
81.737732,0.465263,-0.108321,-0.121500,0.472350,0.790153,0.790153,0.790153,0.790153
81.748222,0.463384,-0.109258,-0.122353,0.470192,0.758741,0.758741,0.758741,0.758741
81.757736,0.457399,-0.116431,-0.129464,0.463820,0.730181,0.730181,0.730181,0.730181
81.767166,0.459236,-0.116243,-0.129152,0.465360,0.701783,0.701783,0.701783,0.701783
81.777695,0.453600,-0.122987,-0.135679,0.459291,0.670044,0.670044,0.670044,0.670044
81.788170,0.451517,-0.124241,-0.136918,0.456817,0.638389,0.638389,0.638389,0.638389
81.797684,0.449287,-0.125654,-0.138479,0.454207,0.609589,0.609589,0.609589,0.609589
81.808174,0.447440,-0.126657,-0.139307,0.451951,0.577822,0.577822,0.577822,0.577822
81.817688,0.445521,-0.127965,-0.140301,0.449587,0.548958,0.548958,0.548958,0.548958
81.828133,0.443300,-0.129663,-0.141721,0.446956,0.517261,0.517261,0.517261,0.517261
81.837616,0.438467,-0.135979,-0.147864,0.441604,0.488456,0.488456,0.488456,0.488456
81.848122,0.436080,-0.137726,-0.149445,0.438879,0.456543,0.456543,0.456543,0.456543
81.857620,0.431923,-0.143570,-0.154902,0.434203,0.427693,0.427693,0.427693,0.427693
81.868172,0.431759,-0.141345,-0.152390,0.433647,0.395665,0.395665,0.395665,0.395665
81.877686,0.427960,-0.147062,-0.157639,0.429360,0.366792,0.366792,0.366792,0.366792
81.888176,0.425618,-0.148979,-0.159265,0.426620,0.334978,0.334978,0.334978,0.334978
81.897690,0.421893,-0.154490,-0.164243,0.422453,0.306177,0.306177,0.306177,0.306177
81.908226,0.419571,-0.156539,-0.165787,0.419658,0.274313,0.274313,0.274313,0.274313
81.917740,0.416230,-0.161551,-0.170267,0.415690,0.245587,0.245587,0.245587,0.245587
81.927170,0.413956,-0.163515,-0.171771,0.412725,0.217153,0.217153,0.217153,0.217153
81.937698,0.411401,-0.168015,-0.175697,0.409188,0.185481,0.185481,0.185481,0.185481
81.948235,0.409315,-0.167791,-0.174870,0.406683,0.153879,0.153879,0.153879,0.153879
81.957695,0.405022,-0.170215,-0.176743,0.403081,0.125559,0.125559,0.125559,0.125559
81.967438,0.401608,-0.172695,-0.178702,0.398864,0.096486,0.096486,0.096486,0.096486
81.977966,0.398784,-0.175235,-0.180803,0.394864,0.065160,0.065160,0.065160,0.065160
81.987389,0.394512,-0.177829,-0.182873,0.390257,0.037227,0.037227,0.037227,0.037227
81.997917,0.390985,-0.180330,-0.184837,0.385221,0.006127,0.006127,0.006127,0.006127
82.007385,0.386928,-0.181370,-0.185558,0.380755,-0.021714,-0.021714,-0.021714,-0.021714
82.017914,0.383509,-0.184534,-0.188127,0.377017,-0.052572,-0.052572,-0.052572,-0.052572
82.027382,0.378916,-0.188019,-0.190735,0.372924,-0.080185,-0.080185,-0.080185,-0.080185
82.037949,0.373917,-0.191847,-0.193718,0.368481,-0.110853,-0.110853,-0.110853,-0.110853
82.047432,0.368508,-0.196058,-0.196976,0.363506,-0.138249,-0.138249,-0.138249,-0.138249
82.057961,0.363653,-0.200686,-0.200707,0.358561,-0.168499,-0.168499,-0.168499,-0.168499
82.067436,0.359801,-0.205271,-0.203838,0.354362,-0.195568,-0.195568,-0.195568,-0.195568
82.077965,0.356450,-0.208505,-0.205584,0.350854,-0.225482,-0.225482,-0.225482,-0.225482
82.087433,0.351455,-0.212973,-0.211809,0.345968,-0.252215,-0.252215,-0.252215,-0.252215
82.097961,0.349193,-0.217094,-0.215510,0.342909,-0.281753,-0.281753,-0.281753,-0.281753
82.107437,0.346851,-0.222154,-0.219456,0.339651,-0.308153,-0.308153,-0.308153,-0.308153
82.117966,0.342036,-0.226263,-0.223205,0.334007,-0.337295,-0.337295,-0.337295,-0.337295
82.127441,0.340475,-0.229783,-0.225713,0.331333,-0.363331,-0.363331,-0.363331,-0.363331
82.137985,0.335768,-0.234168,-0.229428,0.325788,-0.392100,-0.392100,-0.392100,-0.392100
82.147438,0.333602,-0.238124,-0.232706,0.322690,-0.417678,-0.417678,-0.417678,-0.417678
82.157982,0.331523,-0.241940,-0.235966,0.319629,-0.445982,-0.445982,-0.445982,-0.445982
82.167412,0.329218,-0.246111,-0.239484,0.316556,-0.471084,-0.471084,-0.471084,-0.471084
82.177956,0.326896,-0.250093,-0.242954,0.313548,-0.498911,-0.498911,-0.498911,-0.498911
82.187439,0.324999,-0.255039,-0.247577,0.307329,-0.523714,-0.523714,-0.523714,-0.523714
82.197990,0.322751,-0.258777,-0.250578,0.304478,-0.551048,-0.551048,-0.551048,-0.551048
82.207458,0.319944,-0.264422,-0.255514,0.301295,-0.575345,-0.575345,-0.575345,-0.575345
82.217995,0.317944,-0.268114,-0.258432,0.298472,-0.602116,-0.602116,-0.602116,-0.602116
82.227486,0.315932,-0.271738,-0.261200,0.295758,-0.625996,-0.625996,-0.625996,-0.625996
82.238022,0.314388,-0.274910,-0.263435,0.293343,-0.652204,-0.652204,-0.652204,-0.652204
82.247490,0.313026,-0.278374,-0.265913,0.290968,-0.675511,-0.675511,-0.675511,-0.675511
82.258026,0.310843,-0.282339,-0.269421,0.287981,-0.701168,-0.701168,-0.701168,-0.701168
82.267487,0.308112,-0.288599,-0.275571,0.284557,-0.723916,-0.723916,-0.723916,-0.723916
82.278023,0.306211,-0.291965,-0.278062,0.282115,-0.748968,-0.748968,-0.748968,-0.748968
82.287491,0.304293,-0.295457,-0.280574,0.279644,-0.771197,-0.771197,-0.771197,-0.771197
82.298042,0.301568,-0.302045,-0.286479,0.276357,-0.795652,-0.795652,-0.795652,-0.795652
82.307487,0.299373,-0.305369,-0.288804,0.273741,-0.817268,-0.817268,-0.817268,-0.817268
82.318024,0.297351,-0.308648,-0.291270,0.271196,-0.841053,-0.841053,-0.841053,-0.841053
82.327492,0.295386,-0.311949,-0.293741,0.268636,-0.862133,-0.862133,-0.862133,-0.862133
82.338020,0.293556,-0.315191,-0.296274,0.265995,-0.885249,-0.885249,-0.885249,-0.885249
82.347481,0.291861,-0.317998,-0.298248,0.263535,-0.905714,-0.905714,-0.905714,-0.905714
82.358025,0.290411,-0.320861,-0.300020,0.261307,-0.928174,-0.928174,-0.928174,-0.928174
82.367485,0.288405,-0.324284,-0.302493,0.258695,-0.948022,-0.948022,-0.948022,-0.948022
82.378029,0.285451,-0.327924,-0.305510,0.255301,-0.969784,-0.969784,-0.969784,-0.969784
82.387489,0.290840,-0.326642,-0.303093,0.259627,-0.988997,-0.988997,-0.988997,-0.988997
82.398041,0.288383,-0.330215,-0.305932,0.256650,-1.010057,-1.010057,-1.010057,-1.010057
82.407486,0.284951,-0.334172,-0.309372,0.252891,-1.028594,-1.028594,-1.028594,-1.028594
82.418037,0.282507,-0.337526,-0.312040,0.250065,-1.048933,-1.048933,-1.048933,-1.048933
82.427490,0.279063,-0.341397,-0.315354,0.246291,-1.066817,-1.066817,-1.066817,-1.066817
82.438042,0.276746,-0.344747,-0.317938,0.243399,-1.086398,-1.086398,-1.086398,-1.086398
82.447510,0.282403,-0.342899,-0.314923,0.248128,-1.103647,-1.103647,-1.103647,-1.103647
82.458061,0.278923,-0.346861,-0.318224,0.244205,-1.122463,-1.122463,-1.122463,-1.122463
82.467545,0.276491,-0.350188,-0.320896,0.241216,-1.139041,-1.139041,-1.139041,-1.139041
82.478088,0.274009,-0.353497,-0.323587,0.238204,-1.157076,-1.157076,-1.157076,-1.157076
82.487541,0.279821,-0.351421,-0.320233,0.243299,-1.172908,-1.172908,-1.172908,-1.172908
82.498093,0.276829,-0.355166,-0.323221,0.239998,-1.190166,-1.190166,-1.190166,-1.190166
82.507545,0.273387,-0.359368,-0.326938,0.236328,-1.205273,-1.205273,-1.205273,-1.205273
82.518089,0.268961,-0.363770,-0.331414,0.232147,-1.221735,-1.221735,-1.221735,-1.221735
82.527534,0.273742,-0.361524,-0.328862,0.236682,-1.236114,-1.236114,-1.236114,-1.236114
82.538071,0.270801,-0.364835,-0.331656,0.233365,-1.251749,-1.251749,-1.251749,-1.251749
82.547539,0.277015,-0.362112,-0.327705,0.238824,-1.265431,-1.265431,-1.265431,-1.265431
82.558083,0.272750,-0.366506,-0.331495,0.234290,-1.280260,-1.280260,-1.280260,-1.280260
82.567566,0.278806,-0.363808,-0.327722,0.239578,-1.293215,-1.293215,-1.293215,-1.293215
82.578102,0.275990,-0.367511,-0.330830,0.235930,-1.307213,-1.307213,-1.307213,-1.307213
82.587540,0.282901,-0.364344,-0.326354,0.241762,-1.319369,-1.319369,-1.319369,-1.319369
82.598083,0.280127,-0.368186,-0.329641,0.238212,-1.332534,-1.332534,-1.332534,-1.332534
82.607536,0.277256,-0.371999,-0.333044,0.234639,-1.343964,-1.343964,-1.343964,-1.343964
82.618088,0.274453,-0.375666,-0.336359,0.231150,-1.356295,-1.356295,-1.356295,-1.356295
82.627541,0.280643,-0.372546,-0.332348,0.236764,-1.366959,-1.366959,-1.366959,-1.366959
82.638069,0.276658,-0.377206,-0.336771,0.232256,-1.378423,-1.378423,-1.378423,-1.378423
82.647537,0.282709,-0.374136,-0.332834,0.237812,-1.388349,-1.388349,-1.388349,-1.388349
82.658089,0.279476,-0.378265,-0.336579,0.234189,-1.398977,-1.398977,-1.398977,-1.398977
82.667542,0.276404,-0.382330,-0.340367,0.230602,-1.408119,-1.408119,-1.408119,-1.408119
82.678078,0.273513,-0.386288,-0.344091,0.227151,-1.417885,-1.417885,-1.417885,-1.417885
82.687500,0.270737,-0.390186,-0.347699,0.223742,-1.426234,-1.426234,-1.426234,-1.426234
82.698044,0.268132,-0.393895,-0.351010,0.220619,-1.435146,-1.435146,-1.435146,-1.435146
82.707542,0.264575,-0.398207,-0.354311,0.217428,-1.442783,-1.442783,-1.442783,-1.442783
82.718086,0.262563,-0.401433,-0.356947,0.214683,-1.450834,-1.450834,-1.450834,-1.450834
82.727531,0.260369,-0.404882,-0.359910,0.211880,-1.457663,-1.457663,-1.457663,-1.457663
82.738075,0.257213,-0.408766,-0.363764,0.208894,-1.464849,-1.464849,-1.464849,-1.464849
82.747543,0.264752,-0.403975,-0.358496,0.215911,-1.470917,-1.470917,-1.470917,-1.470917
82.758087,0.261293,-0.408332,-0.362523,0.212122,-1.477247,-1.477247,-1.477247,-1.477247
82.767540,0.268608,-0.403970,-0.357384,0.218795,-1.482534,-1.482534,-1.482534,-1.482534
82.778091,0.266470,-0.407568,-0.360667,0.216142,-1.488001,-1.488001,-1.488001,-1.488001
82.787552,0.273665,-0.403156,-0.355685,0.222619,-1.492522,-1.492522,-1.492522,-1.492522
82.798096,0.271246,-0.406844,-0.359234,0.219679,-1.497129,-1.497129,-1.497129,-1.497129
82.807533,0.278047,-0.402606,-0.354429,0.225853,-1.500872,-1.500872,-1.500872,-1.500872
82.818062,0.275461,-0.406450,-0.358115,0.222829,-1.504620,-1.504620,-1.504620,-1.504620
82.827538,0.272806,-0.410325,-0.361740,0.219757,-1.507608,-1.507608,-1.507608,-1.507608
82.838066,0.270358,-0.414029,-0.365098,0.217030,-1.510505,-1.510505,-1.510505,-1.510505
82.847542,0.267900,-0.417702,-0.368394,0.214453,-1.512732,-1.512732,-1.512732,-1.512732
82.858063,0.265274,-0.421462,-0.371867,0.211808,-1.514782,-1.514782,-1.514782,-1.514782
82.867538,0.262948,-0.424828,-0.375253,0.209177,-1.516249,-1.516249,-1.516249,-1.516249
82.878067,0.259713,-0.428865,-0.379334,0.205470,-1.517460,-1.517460,-1.517460,-1.517460
82.887543,0.258084,-0.431817,-0.373290,0.212571,-1.518173,-1.518173,-1.518173,-1.518173
82.898071,0.256488,-0.434728,-0.375973,0.210315,-1.518549,-1.518549,-1.518549,-1.518549
82.907539,0.253422,-0.438620,-0.379806,0.206800,-1.518515,-1.518515,-1.518515,-1.518515
82.918068,0.252026,-0.441297,-0.382272,0.204644,-1.518065,-1.518065,-1.518065,-1.518065
82.927498,0.260364,-0.435617,-0.375800,0.212079,-1.517295,-1.517295,-1.517295,-1.517295
82.938026,0.257362,-0.439491,-0.379572,0.208558,-1.516028,-1.516028,-1.516028,-1.516028
82.948540,0.255840,-0.442194,-0.373540,0.215754,-1.514337,-1.514337,-1.514337,-1.514337
82.958023,0.253957,-0.445105,-0.376880,0.213236,-1.512448,-1.512448,-1.512448,-1.512448
82.968536,0.251754,-0.448127,-0.380502,0.210607,-1.509952,-1.509952,-1.509952,-1.509952
82.979080,0.260137,-0.442073,-0.374430,0.217947,-1.507031,-1.507031,-1.507031,-1.507031
82.988617,0.258500,-0.444681,-0.376958,0.215673,-1.504030,-1.504030,-1.504030,-1.504030
82.999123,0.255451,-0.448270,-0.380751,0.212090,-1.500328,-1.500328,-1.500328,-1.500328
83.008614,0.263379,-0.442570,-0.374542,0.219255,-1.496632,-1.496632,-1.496632,-1.496632
83.019119,0.260390,-0.446132,-0.378204,0.215722,-1.492158,-1.492158,-1.492158,-1.492158
83.028603,0.267995,-0.440486,-0.372192,0.222663,-1.487771,-1.487771,-1.487771,-1.487771
83.039169,0.266070,-0.443030,-0.374983,0.220177,-1.482499,-1.482499,-1.482499,-1.482499
83.048691,0.273850,-0.437280,-0.369097,0.227030,-1.477409,-1.477409,-1.477409,-1.477409
83.058167,0.272380,-0.439516,-0.371497,0.224773,-1.472020,-1.472020,-1.472020,-1.472020
83.068703,0.270720,-0.441981,-0.374039,0.222421,-1.465660,-1.465660,-1.465660,-1.465660
83.078171,0.268692,-0.444428,-0.376660,0.219908,-1.459611,-1.459611,-1.459611,-1.459611
83.088707,0.267016,-0.446591,-0.378816,0.217701,-1.452518,-1.452518,-1.452518,-1.452518
83.099220,0.265060,-0.448895,-0.381043,0.215402,-1.445060,-1.445060,-1.445060,-1.445060
83.108734,0.262880,-0.451153,-0.383445,0.212968,-1.437991,-1.437991,-1.437991,-1.437991
83.118172,0.259786,-0.454333,-0.386930,0.209278,-1.430680,-1.430680,-1.430680,-1.430680
83.128700,0.267677,-0.448374,-0.380468,0.216454,-1.422170,-1.422170,-1.422170,-1.422170
83.138176,0.265869,-0.450350,-0.382627,0.214121,-1.414208,-1.414208,-1.414208,-1.414208
83.148727,0.264417,-0.452091,-0.384435,0.212068,-1.404997,-1.404997,-1.404997,-1.404997
83.159225,0.263353,-0.453575,-0.385816,0.210430,-1.395479,-1.395479,-1.395479,-1.395479
83.168724,0.261606,-0.455322,-0.387581,0.208412,-1.386565,-1.386565,-1.386565,-1.386565
83.178169,0.260244,-0.456784,-0.389229,0.206531,-1.377422,-1.377422,-1.377422,-1.377422
83.188713,0.259286,-0.458036,-0.390522,0.204856,-1.366895,-1.366895,-1.366895,-1.366895
83.199219,0.256967,-0.459993,-0.392843,0.202350,-1.356071,-1.356071,-1.356071,-1.356071
83.208740,0.254474,-0.461665,-0.395135,0.199701,-1.345983,-1.345983,-1.345983,-1.345983
83.218224,0.253134,-0.462534,-0.396089,0.197998,-1.335658,-1.335658,-1.335658,-1.335658
83.228760,0.261400,-0.456268,-0.388969,0.205916,-1.323892,-1.323892,-1.323892,-1.323892
83.238220,0.258475,-0.458463,-0.391231,0.202815,-1.313048,-1.313048,-1.313048,-1.313048
83.248764,0.257086,-0.459571,-0.392375,0.201024,-1.300677,-1.300677,-1.300677,-1.300677
83.258224,0.255983,-0.460428,-0.393307,0.199323,-1.289310,-1.289310,-1.289310,-1.289310
83.268776,0.253513,-0.462172,-0.395088,0.196431,-1.276348,-1.276348,-1.276348,-1.276348
83.278229,0.252403,-0.462817,-0.395674,0.194790,-1.264487,-1.264487,-1.264487,-1.264487
83.288765,0.251427,-0.463199,-0.395995,0.193406,-1.250984,-1.250984,-1.250984,-1.250984
83.298225,0.250495,-0.463497,-0.396278,0.192272,-1.238616,-1.238616,-1.238616,-1.238616
83.308769,0.249115,-0.464125,-0.397206,0.190801,-1.224570,-1.224570,-1.224570,-1.224570
83.319237,0.247993,-0.464441,-0.397951,0.189372,-1.210354,-1.210354,-1.210354,-1.210354
83.328743,0.245463,-0.465612,-0.399426,0.186764,-1.197211,-1.197211,-1.197211,-1.197211
83.338226,0.244539,-0.465559,-0.399390,0.185764,-1.183883,-1.183883,-1.183883,-1.183883
83.348778,0.253116,-0.459094,-0.392362,0.193986,-1.168816,-1.168816,-1.168816,-1.168816
83.358231,0.251989,-0.459258,-0.392486,0.192985,-1.155099,-1.155099,-1.155099,-1.155099
83.368774,0.251069,-0.459372,-0.392455,0.192097,-1.139563,-1.139563,-1.139563,-1.139563
83.379280,0.249048,-0.460315,-0.393279,0.190093,-1.123849,-1.123849,-1.123849,-1.123849
83.388771,0.249122,-0.459841,-0.392410,0.189969,-1.109452,-1.109452,-1.109452,-1.109452
83.399277,0.248702,-0.459526,-0.391848,0.189503,-1.093297,-1.093297,-1.093297,-1.093297
83.409805,0.248258,-0.459073,-0.391378,0.189173,-1.076886,-1.076886,-1.076886,-1.076886
83.419273,0.247851,-0.458598,-0.390874,0.189050,-1.061934,-1.061934,-1.061934,-1.061934
83.429802,0.247396,-0.458269,-0.390633,0.188761,-1.045115,-1.045115,-1.045115,-1.045115
83.439278,0.255619,-0.452373,-0.384422,0.196604,-1.029811,-1.029811,-1.029811,-1.029811
83.449806,0.255186,-0.451955,-0.383809,0.196256,-1.012613,-1.012613,-1.012613,-1.012613
83.459274,0.254800,-0.451506,-0.383390,0.196051,-0.996976,-0.996976,-0.996976,-0.996976
83.469810,0.254508,-0.450874,-0.382980,0.195847,-0.979399,-0.979399,-0.979399,-0.979399
83.479240,0.254280,-0.450151,-0.382530,0.195612,-0.963527,-0.963527,-0.963527,-0.963527
83.489784,0.254106,-0.449375,-0.381876,0.195496,-0.945600,-0.945600,-0.945600,-0.945600
83.499229,0.254133,-0.448558,-0.381078,0.195595,-0.929411,-0.929411,-0.929411,-0.929411
83.509766,0.254220,-0.447644,-0.380183,0.195846,-0.911185,-0.911185,-0.911185,-0.911185
83.519218,0.253001,-0.447778,-0.380284,0.194917,-0.894695,-0.894695,-0.894695,-0.894695
83.529747,0.253593,-0.446638,-0.379196,0.195416,-0.876204,-0.876204,-0.876204,-0.876204
83.539223,0.254073,-0.445493,-0.378095,0.195867,-0.859434,-0.859434,-0.859434,-0.859434
83.549751,0.253306,-0.448533,-0.378121,0.195171,-0.840664,-0.840664,-0.840664,-0.840664
83.559227,0.253775,-0.446988,-0.376887,0.195808,-0.823673,-0.823673,-0.823673,-0.823673
83.569756,0.254166,-0.445541,-0.375697,0.196440,-0.804667,-0.804667,-0.804667,-0.804667
83.580276,0.254797,-0.444031,-0.374541,0.197031,-0.785554,-0.785554,-0.785554,-0.785554
83.589760,0.255622,-0.442340,-0.373162,0.197787,-0.768222,-0.768222,-0.768222,-0.768222
83.600273,0.256854,-0.440407,-0.371257,0.198870,-0.748917,-0.748917,-0.748917,-0.748917
83.609756,0.265521,-0.434230,-0.364301,0.206843,-0.731427,-0.731427,-0.731427,-0.731427
83.620224,0.266265,-0.432643,-0.362709,0.207756,-0.712020,-0.712020,-0.712020,-0.712020
83.629700,0.266929,-0.431093,-0.361509,0.208523,-0.694381,-0.694381,-0.694381,-0.694381
83.640221,0.267401,-0.429539,-0.360302,0.209265,-0.674724,-0.674724,-0.674724,-0.674724
83.649704,0.267942,-0.427821,-0.359070,0.209991,-0.656948,-0.656948,-0.656948,-0.656948
83.660233,0.268708,-0.426029,-0.357704,0.210895,-0.637138,-0.637138,-0.637138,-0.637138
83.670784,0.268324,-0.427271,-0.359702,0.210702,-0.617229,-0.617229,-0.617229,-0.617229
83.680313,0.269230,-0.425292,-0.358006,0.211810,-0.599195,-0.599195,-0.599195,-0.599195
83.689819,0.268949,-0.426105,-0.359661,0.211764,-0.581158,-0.581158,-0.581158,-0.581158
83.700333,0.275731,-0.421167,-0.354577,0.218377,-0.561176,-0.561176,-0.561176,-0.561176
83.709839,0.276637,-0.419127,-0.352935,0.219464,-0.543079,-0.543079,-0.543079,-0.543079
83.720390,0.277856,-0.416811,-0.351008,0.220774,-0.522971,-0.522971,-0.522971,-0.522971
83.730942,0.279560,-0.414316,-0.348618,0.222376,-0.502814,-0.502814,-0.502814,-0.502814
83.740501,0.280635,-0.412440,-0.346723,0.223598,-0.484550,-0.484550,-0.484550,-0.484550
83.750015,0.281746,-0.410302,-0.344809,0.224964,-0.466371,-0.466371,-0.466371,-0.466371
83.760506,0.287862,-0.406155,-0.340860,0.230822,-0.446305,-0.446305,-0.446305,-0.446305
83.770004,0.287415,-0.406294,-0.342075,0.230740,-0.428132,-0.428132,-0.428132,-0.428132
83.780502,0.288585,-0.403654,-0.340142,0.232137,-0.408065,-0.408065,-0.408065,-0.408065
83.791031,0.289942,-0.401164,-0.338119,0.233620,-0.387952,-0.387952,-0.387952,-0.387952
83.800575,0.291037,-0.398843,-0.336276,0.234965,-0.369718,-0.369718,-0.369718,-0.369718
83.810074,0.292128,-0.396485,-0.334423,0.236263,-0.351607,-0.351607,-0.351607,-0.351607
83.820587,0.297529,-0.392793,-0.330774,0.241450,-0.331573,-0.331573,-0.331573,-0.331573
83.831100,0.298660,-0.390393,-0.328861,0.242768,-0.311594,-0.311594,-0.311594,-0.311594
83.840599,0.295813,-0.389286,-0.328869,0.240500,-0.293562,-0.293562,-0.293562,-0.293562
83.851128,0.296467,-0.387044,-0.327819,0.241478,-0.273623,-0.273623,-0.273623,-0.273623
83.860680,0.301003,-0.383460,-0.325125,0.245881,-0.255579,-0.255579,-0.255579,-0.255579
83.870171,0.302136,-0.380811,-0.323626,0.244080,-0.237696,-0.237696,-0.237696,-0.237696
83.880714,0.305959,-0.377786,-0.321473,0.248190,-0.217897,-0.217897,-0.217897,-0.217897
83.890175,0.306544,-0.374770,-0.319654,0.249336,-0.200182,-0.200182,-0.200182,-0.200182
83.900734,0.307585,-0.371708,-0.317405,0.251005,-0.180493,-0.180493,-0.180493,-0.180493
83.910225,0.308647,-0.368864,-0.315082,0.252645,-0.162849,-0.162849,-0.162849,-0.162849
83.920784,0.306811,-0.366241,-0.313463,0.251734,-0.143316,-0.143316,-0.143316,-0.143316
83.930290,0.308136,-0.362644,-0.311037,0.253505,-0.125801,-0.125801,-0.125801,-0.125801
83.940834,0.309439,-0.359387,-0.308605,0.255183,-0.106464,-0.106464,-0.106464,-0.106464
83.950279,0.308151,-0.355634,-0.306417,0.254607,-0.089228,-0.089228,-0.089228,-0.089228
83.960800,0.309654,-0.351911,-0.303016,0.256506,-0.070139,-0.070139,-0.070139,-0.070139
83.970276,0.311110,-0.348535,-0.301196,0.258394,-0.053024,-0.053024,-0.053024,-0.053024
83.980835,0.310308,-0.343675,-0.297647,0.258241,-0.034076,-0.034076,-0.034076,-0.034076
83.990334,0.311940,-0.340022,-0.294299,0.260081,-0.017140,-0.017140,-0.017140,-0.017140
84.000885,0.313754,-0.336657,-0.289712,0.261943,0.001566,0.001566,0.001566,0.001566
84.010330,0.315686,-0.332967,-0.285474,0.263855,0.018197,0.018197,0.018197,0.018197
84.020882,0.317750,-0.329370,-0.282272,0.265923,0.036644,0.036644,0.036644,0.036644
84.030388,0.319790,-0.325862,-0.278849,0.268083,0.053132,0.053132,0.053132,0.053132
84.041000,0.321329,-0.322528,-0.275735,0.270166,0.071408,0.071408,0.071408,0.071408
84.050491,0.322301,-0.319342,-0.272950,0.272064,0.087629,0.087629,0.087629,0.087629
84.061020,0.323901,-0.316396,-0.270581,0.274073,0.105476,0.105476,0.105476,0.105476
84.070488,0.325849,-0.313272,-0.268104,0.276223,0.121387,0.121387,0.121387,0.121387
84.081039,0.326787,-0.310134,-0.265194,0.278446,0.138965,0.138965,0.138965,0.138965
84.090538,0.327668,-0.307469,-0.262794,0.280421,0.154640,0.154640,0.154640,0.154640
84.101089,0.327425,-0.303687,-0.259453,0.281505,0.171891,0.171891,0.171891,0.171891
84.110512,0.328118,-0.300837,-0.256848,0.283397,0.187156,0.187156,0.187156,0.187156
84.121048,0.329681,-0.297834,-0.254064,0.285620,0.204040,0.204040,0.204040,0.204040
84.130539,0.331893,-0.297395,-0.253481,0.288407,0.219098,0.219098,0.219098,0.219098
84.141090,0.333848,-0.294514,-0.251000,0.292417,0.235659,0.235659,0.235659,0.235659
84.150543,0.335800,-0.289313,-0.246485,0.294628,0.250336,0.250336,0.250336,0.250336
84.161087,0.336928,-0.286725,-0.244021,0.297616,0.266515,0.266515,0.266515,0.266515
84.170540,0.338676,-0.285808,-0.243517,0.300590,0.280845,0.280845,0.280845,0.280845
84.181076,0.341318,-0.280859,-0.239229,0.302752,0.296636,0.296636,0.296636,0.296636
84.190544,0.343474,-0.280296,-0.238509,0.305058,0.310644,0.310644,0.310644,0.310644
84.201096,0.344812,-0.277711,-0.236160,0.307537,0.326063,0.326063,0.326063,0.326063
84.210602,0.349709,-0.272672,-0.231720,0.310648,0.339758,0.339758,0.339758,0.339758
84.221123,0.349837,-0.270047,-0.229421,0.313043,0.354716,0.354716,0.354716,0.354716
84.230614,0.351184,-0.267607,-0.227153,0.315348,0.368025,0.368025,0.368025,0.368025
84.241119,0.352708,-0.265558,-0.225615,0.317337,0.382544,0.382544,0.382544,0.382544
84.250610,0.354151,-0.265932,-0.226438,0.318669,0.395472,0.395472,0.395472,0.395472
84.261116,0.356109,-0.263359,-0.224505,0.320690,0.409558,0.409558,0.409558,0.409558
84.270607,0.357416,-0.263859,-0.225320,0.321953,0.422088,0.422088,0.422088,0.422088
84.281120,0.360075,-0.258286,-0.220534,0.325175,0.435738,0.435738,0.435738,0.435738
84.290611,0.361285,-0.259185,-0.221841,0.326251,0.447866,0.447866,0.447866,0.447866
84.301117,0.364144,-0.253475,-0.216829,0.329571,0.461059,0.461059,0.461059,0.461059
84.310616,0.365369,-0.254107,-0.217612,0.330706,0.472775,0.472775,0.472775,0.472775
84.321121,0.367554,-0.251512,-0.215355,0.333036,0.485507,0.485507,0.485507,0.485507
84.330612,0.369316,-0.252205,-0.216056,0.334367,0.496796,0.496796,0.496796,0.496796
84.341118,0.371786,-0.249477,-0.213550,0.336806,0.509063,0.509063,0.509063,0.509063
84.350601,0.373529,-0.247140,-0.211721,0.338760,0.519912,0.519912,0.519912,0.519912
84.361115,0.375154,-0.244837,-0.210131,0.340548,0.531711,0.531711,0.531711,0.531711
84.370598,0.375420,-0.246218,-0.211753,0.340922,0.542124,0.542124,0.542124,0.542124
84.381119,0.377023,-0.243751,-0.209808,0.342865,0.553439,0.553439,0.553439,0.553439
84.390625,0.377061,-0.245132,-0.211613,0.343059,0.563436,0.563436,0.563436,0.563436
84.401176,0.378301,-0.242802,-0.210163,0.344680,0.574285,0.574285,0.574285,0.574285
84.410690,0.377649,-0.244665,-0.213072,0.344077,0.583846,0.583846,0.583846,0.583846
84.420174,0.380943,-0.241505,-0.210747,0.347800,0.593155,0.593155,0.593155,0.593155
84.430710,0.380594,-0.242980,-0.212707,0.347513,0.603249,0.603249,0.603249,0.603249
84.440170,0.382600,-0.239735,-0.209956,0.349664,0.612087,0.612087,0.612087,0.612087
84.450722,0.384765,-0.236779,-0.207376,0.351958,0.621682,0.621682,0.621682,0.621682
84.461227,0.386376,-0.234205,-0.205421,0.353777,0.630968,0.630968,0.630968,0.630968
84.470734,0.387886,-0.231639,-0.203496,0.355524,0.639147,0.639147,0.639147,0.639147
84.480225,0.389425,-0.229173,-0.201674,0.357228,0.647082,0.647082,0.647082,0.647082
84.490768,0.390806,-0.226689,-0.199810,0.358861,0.655643,0.655643,0.655643,0.655643
84.500198,0.391901,-0.224430,-0.198149,0.360286,0.663065,0.663065,0.663065,0.663065
84.510742,0.392497,-0.222466,-0.196869,0.361376,0.671107,0.671107,0.671107,0.671107
84.520226,0.393287,-0.220379,-0.195638,0.362652,0.678105,0.678105,0.678105,0.678105
84.530769,0.395143,-0.217726,-0.193460,0.364589,0.685622,0.685622,0.685622,0.685622
84.540230,0.396756,-0.215408,-0.191493,0.366254,0.692132,0.692132,0.692132,0.692132
84.550728,0.397948,-0.213262,-0.189702,0.367738,0.699099,0.699099,0.699099,0.699099
84.560219,0.401692,-0.210439,-0.187240,0.371905,0.705159,0.705159,0.705159,0.705159
84.570747,0.402392,-0.208584,-0.185785,0.372912,0.711616,0.711616,0.711616,0.711616
84.580170,0.402821,-0.206809,-0.184541,0.373887,0.717166,0.717166,0.717166,0.717166
84.590721,0.406179,-0.204193,-0.182411,0.377858,0.723113,0.723113,0.723113,0.723113
84.600174,0.406643,-0.202342,-0.181006,0.378689,0.728208,0.728208,0.728208,0.728208
84.610741,0.407038,-0.200574,-0.179586,0.379602,0.733637,0.733637,0.733637,0.733637
84.620224,0.410301,-0.198176,-0.177530,0.383450,0.738276,0.738276,0.738276,0.738276
84.630768,0.410520,-0.196483,-0.176275,0.384100,0.743170,0.743170,0.743170,0.743170
84.640221,0.410805,-0.194806,-0.175059,0.384725,0.747326,0.747326,0.747326,0.747326
84.650749,0.410936,-0.193247,-0.173876,0.385333,0.751692,0.751692,0.751692,0.751692
84.660225,0.411027,-0.191750,-0.172801,0.385830,0.755386,0.755386,0.755386,0.755386
84.670753,0.414427,-0.189305,-0.170701,0.389686,0.759234,0.759234,0.759234,0.759234
84.680222,0.415458,-0.187341,-0.168832,0.390744,0.762460,0.762460,0.762460,0.762460
84.690758,0.416045,-0.185786,-0.167560,0.391370,0.765794,0.765794,0.765794,0.765794
84.700226,0.416086,-0.184455,-0.166642,0.391705,0.768557,0.768557,0.768557,0.768557
84.710777,0.416144,-0.183100,-0.165730,0.392074,0.771380,0.771380,0.771380,0.771380
84.720222,0.419411,-0.180888,-0.163895,0.395748,0.773679,0.773679,0.773679,0.773679
84.730774,0.419268,-0.179467,-0.162894,0.395844,0.775992,0.775992,0.775992,0.775992
84.740227,0.422079,-0.177496,-0.161222,0.399280,0.777838,0.777838,0.777838,0.777838
84.750778,0.421083,-0.176626,-0.161010,0.398919,0.779648,0.779648,0.779648,0.779648
84.760223,0.420691,-0.175378,-0.160303,0.398946,0.781043,0.781043,0.781043,0.781043
84.770767,0.420400,-0.174338,-0.159641,0.398947,0.782351,0.782351,0.782351,0.782351
84.780220,0.420770,-0.172988,-0.158546,0.399318,0.783303,0.783303,0.783303,0.783303
84.790756,0.424511,-0.170344,-0.155884,0.403241,0.784118,0.784118,0.784118,0.784118
84.800224,0.424089,-0.169612,-0.155200,0.403078,0.784631,0.784631,0.784631,0.784631
84.810768,0.423623,-0.168607,-0.154611,0.402937,0.784960,0.784960,0.784960,0.784960
84.820229,0.423243,-0.167626,-0.153996,0.402782,0.785040,0.785040,0.785040,0.785040
84.830772,0.422831,-0.166737,-0.153327,0.402704,0.784889,0.784889,0.784889,0.784889
84.840225,0.425790,-0.164882,-0.151775,0.406052,0.784542,0.784542,0.784542,0.784542
84.850777,0.425233,-0.163994,-0.151303,0.405801,0.783919,0.783919,0.783919,0.783919
84.860222,0.424688,-0.163196,-0.150851,0.405491,0.783153,0.783153,0.783153,0.783153
84.870766,0.424193,-0.162462,-0.150163,0.405328,0.782067,0.782067,0.782067,0.782067
84.880226,0.423678,-0.161821,-0.149559,0.405155,0.780888,0.780888,0.780888,0.780888
84.890762,0.423610,-0.160923,-0.148754,0.405301,0.779349,0.779349,0.779349,0.779349
84.900185,0.423717,-0.159881,-0.147594,0.405573,0.777772,0.777772,0.777772,0.777772
84.910728,0.426566,-0.158394,-0.146179,0.408693,0.775786,0.775786,0.775786,0.775786
84.920219,0.425845,-0.157815,-0.145809,0.408203,0.773801,0.773801,0.773801,0.773801
84.930771,0.425076,-0.157151,-0.145461,0.407786,0.771377,0.771377,0.771377,0.771377
84.940224,0.424416,-0.156558,-0.145203,0.407344,0.769014,0.769014,0.769014,0.769014
84.950775,0.423778,-0.156095,-0.144963,0.406980,0.766164,0.766164,0.766164,0.766164
84.960220,0.423114,-0.155643,-0.144751,0.406608,0.763424,0.763424,0.763424,0.763424
84.970772,0.422414,-0.155249,-0.144549,0.406209,0.760159,0.760159,0.760159,0.760159
84.980225,0.425107,-0.153888,-0.143398,0.409192,0.757051,0.757051,0.757051,0.757051
84.990768,0.424506,-0.153359,-0.142792,0.408828,0.753381,0.753381,0.753381,0.753381
85.000229,0.423830,-0.152998,-0.142336,0.408417,0.749914,0.749914,0.749914,0.749914
85.010780,0.423178,-0.152631,-0.141991,0.407945,0.745851,0.745851,0.745851,0.745851
85.020279,0.422737,-0.152221,-0.141593,0.407535,0.742019,0.742019,0.742019,0.742019
85.030830,0.421916,-0.152105,-0.140440,0.410316,0.737574,0.737574,0.737574,0.737574
85.040329,0.421114,-0.151807,-0.140470,0.409553,0.733402,0.733402,0.733402,0.733402
85.050880,0.420364,-0.151498,-0.140474,0.408855,0.728587,0.728587,0.728587,0.728587
85.060333,0.419556,-0.151291,-0.140507,0.408185,0.724112,0.724112,0.724112,0.724112
85.070877,0.418747,-0.151184,-0.140557,0.407476,0.718942,0.718942,0.718942,0.718942
85.080330,0.417928,-0.151142,-0.140659,0.406750,0.714154,0.714154,0.714154,0.714154
85.090874,0.417439,-0.150934,-0.140648,0.406160,0.708642,0.708642,0.708642,0.708642
85.100342,0.420355,-0.149533,-0.139351,0.408853,0.703542,0.703542,0.703542,0.703542
85.110886,0.419924,-0.149327,-0.139122,0.408210,0.697700,0.697700,0.697700,0.697700
85.120308,0.418996,-0.149500,-0.139266,0.407378,0.692336,0.692336,0.692336,0.692336
85.130852,0.418053,-0.149567,-0.139394,0.406566,0.686177,0.686177,0.686177,0.686177
85.140335,0.417124,-0.149626,-0.139651,0.405697,0.680501,0.680501,0.680501,0.680501
85.150879,0.419095,-0.148659,-0.138950,0.407892,0.674036,0.674036,0.674036,0.674036
85.160339,0.418216,-0.148782,-0.139388,0.406830,0.668108,0.668108,0.668108,0.668108
85.170876,0.417263,-0.149011,-0.139738,0.405888,0.661363,0.661363,0.661363,0.661363
85.180313,0.419052,-0.148331,-0.139135,0.407803,0.655193,0.655193,0.655193,0.655193
85.190865,0.417902,-0.148745,-0.139588,0.406720,0.648165,0.648165,0.648165,0.648165
85.200333,0.416738,-0.149130,-0.140014,0.405681,0.641738,0.641738,0.641738,0.641738
85.210869,0.418327,-0.148445,-0.139472,0.407372,0.634454,0.634454,0.634454,0.634454
85.220329,0.417119,-0.148786,-0.139909,0.406160,0.627802,0.627802,0.627802,0.627802
85.230881,0.416334,-0.148988,-0.140048,0.405297,0.620268,0.620268,0.620268,0.620268
85.240334,0.415775,-0.148989,-0.139965,0.404542,0.613411,0.613411,0.613411,0.613411
85.250877,0.414807,-0.149558,-0.140421,0.403568,0.605647,0.605647,0.605647,0.605647
85.260330,0.416174,-0.149091,-0.140053,0.405081,0.598589,0.598589,0.598589,0.598589
85.270859,0.414975,-0.149558,-0.140691,0.403848,0.590618,0.590618,0.590618,0.590618
85.280327,0.413760,-0.150028,-0.141379,0.402539,0.583359,0.583359,0.583359,0.583359
85.290863,0.412544,-0.150683,-0.142100,0.401293,0.575186,0.575186,0.575186,0.575186
85.300331,0.411316,-0.151234,-0.142710,0.399986,0.567758,0.567758,0.567758,0.567758
85.310875,0.412240,-0.151011,-0.139330,0.401056,0.559388,0.559388,0.559388,0.559388
85.320335,0.410692,-0.151914,-0.140503,0.399590,0.551802,0.551802,0.551802,0.551802
85.330879,0.409977,-0.152042,-0.140616,0.398682,0.543262,0.543262,0.543262,0.543262
85.340332,0.409086,-0.152580,-0.141065,0.397573,0.535541,0.535541,0.535541,0.535541
85.350876,0.407968,-0.153384,-0.142029,0.396320,0.526844,0.526844,0.526844,0.526844
85.360336,0.408985,-0.150030,-0.138960,0.397259,0.518983,0.518983,0.518983,0.518983
85.370888,0.407753,-0.150901,-0.140071,0.395830,0.510143,0.510143,0.510143,0.510143
85.380333,0.406392,-0.151713,-0.141159,0.394402,0.502171,0.502171,0.502171,0.502171
85.390862,0.406902,-0.148685,-0.138457,0.394993,0.493225,0.493225,0.493225,0.493225
85.400345,0.405417,-0.149763,-0.139634,0.393461,0.485114,0.485114,0.485114,0.485114
85.410896,0.403933,-0.150881,-0.140784,0.391942,0.476041,0.476041,0.476041,0.476041
85.420387,0.402120,-0.152203,-0.142145,0.390288,0.467832,0.467832,0.467832,0.467832
85.430939,0.400475,-0.153576,-0.143659,0.388843,0.458664,0.458664,0.458664,0.458664
85.440437,0.401292,-0.150636,-0.140900,0.389664,0.450368,0.450368,0.450368,0.450368
85.450996,0.400211,-0.151801,-0.141888,0.388408,0.441114,0.441114,0.441114,0.441114
85.460495,0.399217,-0.153011,-0.142918,0.387191,0.432755,0.432755,0.432755,0.432755
85.471046,0.398313,-0.154001,-0.143706,0.386044,0.423437,0.423437,0.423437,0.423437
85.480545,0.396886,-0.155398,-0.144875,0.384660,0.415029,0.415029,0.415029,0.415029
85.491096,0.396796,-0.153275,-0.142852,0.384768,0.405666,0.405666,0.405666,0.405666
85.500595,0.395310,-0.154621,-0.144318,0.381752,0.397216,0.397216,0.397216,0.397216
85.511116,0.393912,-0.156047,-0.145720,0.380295,0.387846,0.387846,0.387846,0.387846
85.520592,0.391423,-0.160676,-0.150074,0.377619,0.379393,0.379393,0.379393,0.379393
85.531120,0.390123,-0.161896,-0.151088,0.376426,0.370000,0.370000,0.370000,0.370000
85.540627,0.389011,-0.163059,-0.152080,0.375336,0.361508,0.361508,0.361508,0.361508
85.551193,0.388168,-0.164244,-0.153137,0.374267,0.352069,0.352069,0.352069,0.352069
85.560730,0.386771,-0.168342,-0.156969,0.372268,0.343560,0.343560,0.343560,0.343560
85.571175,0.386846,-0.166413,-0.155062,0.372317,0.334242,0.334242,0.334242,0.334242
85.580696,0.384908,-0.170763,-0.159048,0.370219,0.325755,0.325755,0.325755,0.325755
85.591179,0.383785,-0.172017,-0.160074,0.369041,0.316422,0.316422,0.316422,0.316422
85.600685,0.382005,-0.176000,-0.163600,0.367113,0.307978,0.307978,0.307978,0.307978
85.610184,0.380868,-0.177038,-0.164360,0.366013,0.299561,0.299561,0.299561,0.299561
85.620720,0.379337,-0.180775,-0.167785,0.364244,0.290242,0.290242,0.290242,0.290242
85.630173,0.378270,-0.181858,-0.168590,0.363198,0.281909,0.281909,0.281909,0.281909
85.640717,0.377140,-0.182921,-0.169367,0.362071,0.272645,0.272645,0.272645,0.272645
85.651222,0.376231,-0.181454,-0.167865,0.361442,0.263446,0.263446,0.263446,0.263446
85.660736,0.375666,-0.182884,-0.169186,0.360197,0.255153,0.255153,0.255153,0.255153
85.670227,0.375941,-0.183735,-0.169724,0.359410,0.246916,0.246916,0.246916,0.246916
85.680748,0.372973,-0.187100,-0.172394,0.358082,0.237822,0.237822,0.237822,0.237822
85.690224,0.376085,-0.187570,-0.172413,0.358636,0.229676,0.229676,0.229676,0.229676
85.700775,0.372572,-0.188025,-0.172606,0.355374,0.220658,0.220658,0.220658,0.220658
85.710220,0.370022,-0.189186,-0.173650,0.353904,0.212631,0.212631,0.212631,0.212631
85.720764,0.368097,-0.190128,-0.174653,0.352683,0.203732,0.203732,0.203732,0.203732
85.730225,0.367369,-0.189020,-0.173481,0.351336,0.195798,0.195798,0.195798,0.195798
85.740730,0.365567,-0.190186,-0.174553,0.349476,0.187049,0.187049,0.187049,0.187049
85.750229,0.364300,-0.191168,-0.175400,0.347848,0.179197,0.179197,0.179197,0.179197
85.760780,0.363638,-0.190343,-0.174476,0.346044,0.170542,0.170542,0.170542,0.170542
85.770287,0.360773,-0.191695,-0.175451,0.345043,0.162808,0.162808,0.162808,0.162808
85.780838,0.359206,-0.192775,-0.176194,0.343297,0.154299,0.154299,0.154299,0.154299
85.790337,0.357092,-0.193953,-0.176944,0.341386,0.146711,0.146711,0.146711,0.146711
85.800880,0.358176,-0.194702,-0.177365,0.342347,0.138366,0.138366,0.138366,0.138366
85.810349,0.357136,-0.195667,-0.177853,0.337838,0.130941,0.130941,0.130941,0.130941
85.820900,0.356563,-0.196834,-0.178706,0.338565,0.122757,0.122757,0.122757,0.122757
85.830391,0.355424,-0.196168,-0.177962,0.336104,0.115479,0.115479,0.115479,0.115479
85.840958,0.353861,-0.197753,-0.179238,0.333687,0.107459,0.107459,0.107459,0.107459
85.850449,0.352896,-0.198740,-0.180553,0.331915,0.100341,0.100341,0.100341,0.100341
85.860962,0.350913,-0.198086,-0.179848,0.330061,0.092545,0.092545,0.092545,0.092545
85.870438,0.350045,-0.199589,-0.180654,0.329097,0.085611,0.085611,0.085611,0.085611
85.880959,0.348945,-0.198633,-0.179800,0.327197,0.078012,0.078012,0.078012,0.078012
85.890442,0.348535,-0.199127,-0.179315,0.326510,0.071251,0.071251,0.071251,0.071251
85.900993,0.347113,-0.199860,-0.178849,0.325889,0.063833,0.063833,0.063833,0.063833
85.910492,0.345296,-0.200488,-0.178949,0.324549,0.057257,0.057257,0.057257,0.057257
85.921043,0.343431,-0.201227,-0.178825,0.323394,0.050055,0.050055,0.050055,0.050055
85.930435,0.341384,-0.200878,-0.178007,0.321459,0.043740,0.043740,0.043740,0.043740
85.940987,0.342022,-0.202409,-0.178616,0.320686,0.036761,0.036761,0.036761,0.036761
85.950485,0.343138,-0.203292,-0.178583,0.320339,0.030579,0.030579,0.030579,0.030579
85.960999,0.343864,-0.203696,-0.178644,0.319585,0.023857,0.023857,0.023857,0.023857
85.970490,0.343648,-0.204573,-0.179371,0.318404,0.017892,0.017892,0.017892,0.017892
85.981033,0.341733,-0.204341,-0.179595,0.316213,0.011382,0.011382,0.011382,0.011382
85.990486,0.341358,-0.205253,-0.180841,0.315332,0.005656,0.005656,0.005656,0.005656
86.001038,0.339540,-0.205173,-0.181303,0.313063,-0.000613,-0.000613,-0.000613,-0.000613
86.010544,0.338425,-0.206255,-0.181703,0.312405,-0.006144,-0.006144,-0.006144,-0.006144
86.021088,0.336988,-0.207770,-0.182615,0.311478,-0.012160,-0.012160,-0.012160,-0.012160
86.030540,0.334217,-0.209631,-0.184424,0.310391,-0.017432,-0.017432,-0.017432,-0.017432
86.041122,0.331547,-0.212181,-0.186681,0.308073,-0.023210,-0.023210,-0.023210,-0.023210
86.050621,0.330780,-0.215155,-0.189154,0.307080,-0.028279,-0.028279,-0.028279,-0.028279
86.061172,0.329977,-0.216414,-0.190125,0.306021,-0.033777,-0.033777,-0.033777,-0.033777
86.070709,0.329822,-0.217312,-0.190899,0.305565,-0.038627,-0.038627,-0.038627,-0.038627
86.081223,0.329458,-0.218504,-0.192005,0.305377,-0.043839,-0.043839,-0.043839,-0.043839
86.090736,0.330603,-0.219977,-0.193264,0.305935,-0.048435,-0.048435,-0.048435,-0.048435
86.100227,0.329224,-0.221056,-0.194863,0.304746,-0.052901,-0.052901,-0.052901,-0.052901
86.110771,0.329991,-0.223146,-0.196250,0.305045,-0.057730,-0.057730,-0.057730,-0.057730
86.120224,0.329452,-0.224560,-0.196924,0.304147,-0.061934,-0.061934,-0.061934,-0.061934
86.130753,0.327992,-0.226003,-0.198799,0.303080,-0.066481,-0.066481,-0.066481,-0.066481
86.140228,0.323835,-0.227114,-0.201570,0.300105,-0.070446,-0.070446,-0.070446,-0.070446
86.150780,0.320909,-0.229350,-0.202478,0.297767,-0.074722,-0.074722,-0.074722,-0.074722
86.160225,0.318322,-0.231530,-0.205674,0.295635,-0.078424,-0.078424,-0.078424,-0.078424
86.170753,0.316607,-0.233603,-0.205874,0.294273,-0.082412,-0.082412,-0.082412,-0.082412
86.180168,0.315771,-0.235071,-0.204035,0.293602,-0.085851,-0.085851,-0.085851,-0.085851
86.190697,0.315761,-0.235886,-0.205540,0.293290,-0.089556,-0.089556,-0.089556,-0.089556
86.201172,0.315508,-0.237030,-0.206858,0.292892,-0.093093,-0.093093,-0.093093,-0.093093
86.210693,0.313268,-0.238344,-0.209469,0.290808,-0.096182,-0.096182,-0.096182,-0.096182
86.220230,0.313232,-0.239343,-0.210727,0.290151,-0.099151,-0.099151,-0.099151,-0.099151
86.230774,0.314962,-0.240985,-0.211860,0.291270,-0.102292,-0.102292,-0.102292,-0.102292
86.240227,0.315182,-0.241379,-0.212382,0.290483,-0.104978,-0.104978,-0.104978,-0.104978
86.250748,0.315262,-0.241943,-0.212601,0.289932,-0.107828,-0.107828,-0.107828,-0.107828
86.260223,0.314526,-0.244694,-0.215478,0.288955,-0.110265,-0.110265,-0.110265,-0.110265
86.270767,0.313655,-0.244867,-0.216019,0.287996,-0.112835,-0.112835,-0.112835,-0.112835
86.280228,0.311539,-0.245469,-0.216301,0.286005,-0.115011,-0.115011,-0.115011,-0.115011
86.290771,0.311845,-0.245726,-0.216198,0.285980,-0.117295,-0.117295,-0.117295,-0.117295
86.300240,0.311951,-0.246867,-0.217313,0.285628,-0.119219,-0.119219,-0.119219,-0.119219
86.310783,0.309631,-0.248602,-0.219836,0.283327,-0.121220,-0.121220,-0.121220,-0.121220
86.320274,0.309913,-0.248528,-0.219160,0.282972,-0.122894,-0.122894,-0.122894,-0.122894
86.330818,0.310644,-0.249251,-0.218398,0.283146,-0.124612,-0.124612,-0.124612,-0.124612
86.340271,0.311549,-0.249397,-0.218302,0.283395,-0.126027,-0.126027,-0.126027,-0.126027
86.350830,0.311839,-0.250915,-0.219875,0.283259,-0.127467,-0.127467,-0.127467,-0.127467
86.360275,0.311575,-0.253100,-0.221624,0.283078,-0.128631,-0.128631,-0.128631,-0.128631
86.370819,0.311351,-0.253823,-0.222157,0.282652,-0.129792,-0.129792,-0.129792,-0.129792
86.380287,0.311385,-0.254030,-0.222720,0.282413,-0.130710,-0.130710,-0.130710,-0.130710
86.390831,0.311721,-0.253928,-0.221734,0.282226,-0.131597,-0.131597,-0.131597,-0.131597
86.400276,0.312110,-0.255309,-0.222685,0.282118,-0.132270,-0.132270,-0.132270,-0.132270
86.410851,0.310066,-0.255873,-0.224361,0.280130,-0.132887,-0.132887,-0.132887,-0.132887
86.420334,0.310198,-0.256261,-0.224741,0.279952,-0.133321,-0.133321,-0.133321,-0.133321
86.430840,0.308033,-0.257555,-0.225277,0.277950,-0.133668,-0.133668,-0.133668,-0.133668
86.440277,0.308342,-0.258394,-0.225277,0.278001,-0.133863,-0.133863,-0.133863,-0.133863
86.450821,0.308527,-0.259953,-0.227510,0.277974,-0.133951,-0.133951,-0.133951,-0.133951
86.460281,0.308592,-0.260335,-0.228387,0.277776,-0.133913,-0.133913,-0.133913,-0.133913
86.470833,0.308942,-0.259523,-0.226671,0.277826,-0.133743,-0.133743,-0.133743,-0.133743
86.480278,0.306983,-0.262154,-0.230763,0.275795,-0.133477,-0.133477,-0.133477,-0.133477
86.490776,0.306665,-0.260945,-0.229322,0.275347,-0.133058,-0.133058,-0.133058,-0.133058
86.500229,0.306212,-0.262190,-0.229376,0.274979,-0.132569,-0.132569,-0.132569,-0.132569
86.510773,0.306570,-0.262111,-0.228753,0.275075,-0.131903,-0.131903,-0.131903,-0.131903
86.520233,0.307023,-0.263258,-0.228935,0.275292,-0.131196,-0.131196,-0.131196,-0.131196
86.530777,0.307432,-0.262306,-0.229084,0.275429,-0.130289,-0.130289,-0.130289,-0.130289
86.540276,0.307919,-0.263959,-0.229246,0.275703,-0.129366,-0.129366,-0.129366,-0.129366
86.550781,0.308255,-0.264135,-0.229420,0.276034,-0.128230,-0.128230,-0.128230,-0.128230
86.560242,0.308894,-0.264288,-0.229288,0.276418,-0.127105,-0.127105,-0.127105,-0.127105
86.570793,0.309137,-0.264974,-0.230568,0.276459,-0.125738,-0.125738,-0.125738,-0.125738
86.580276,0.306785,-0.264054,-0.230643,0.274293,-0.124409,-0.124409,-0.124409,-0.124409
86.590820,0.307368,-0.264151,-0.230584,0.274600,-0.122824,-0.122824,-0.122824,-0.122824
86.600281,0.307141,-0.266524,-0.232922,0.274347,-0.121307,-0.121307,-0.121307,-0.121307
86.610832,0.306622,-0.265160,-0.231596,0.273901,-0.119508,-0.119508,-0.119508,-0.119508
86.620346,0.307080,-0.265039,-0.229758,0.274234,-0.117796,-0.117796,-0.117796,-0.117796
86.630890,0.307701,-0.265311,-0.228969,0.272641,-0.115796,-0.115796,-0.115796,-0.115796
86.640289,0.308139,-0.266192,-0.229643,0.273200,-0.113925,-0.113925,-0.113925,-0.113925
86.650818,0.308572,-0.265606,-0.230343,0.273599,-0.111736,-0.111736,-0.111736,-0.111736
86.660278,0.309150,-0.265046,-0.229407,0.273936,-0.109683,-0.109683,-0.109683,-0.109683
86.670822,0.309715,-0.265366,-0.230052,0.274308,-0.107304,-0.107304,-0.107304,-0.107304
86.680275,0.309972,-0.265194,-0.230146,0.274384,-0.105091,-0.105091,-0.105091,-0.105091
86.690811,0.309630,-0.265361,-0.230096,0.274368,-0.102537,-0.102537,-0.102537,-0.102537
86.700279,0.307400,-0.265092,-0.229588,0.272654,-0.100168,-0.100168,-0.100168,-0.100168
86.710815,0.307717,-0.264753,-0.228233,0.273320,-0.097447,-0.097447,-0.097447,-0.097447
86.720276,0.306221,-0.264582,-0.228185,0.272063,-0.094933,-0.094933,-0.094933,-0.094933
86.730812,0.308090,-0.262391,-0.226005,0.273103,-0.092056,-0.092056,-0.092056,-0.092056
86.740280,0.309725,-0.262523,-0.226168,0.273962,-0.089403,-0.089403,-0.089403,-0.089403
86.750816,0.310409,-0.262876,-0.226890,0.274393,-0.086377,-0.086377,-0.086377,-0.086377
86.760277,0.310682,-0.262629,-0.227346,0.274557,-0.083598,-0.083598,-0.083598,-0.083598
86.770821,0.311121,-0.261955,-0.226466,0.274885,-0.080433,-0.080433,-0.080433,-0.080433
86.780281,0.311562,-0.262081,-0.226321,0.275286,-0.077537,-0.077537,-0.077537,-0.077537
86.790833,0.310378,-0.261489,-0.226813,0.274270,-0.074242,-0.074242,-0.074242,-0.074242
86.800323,0.311509,-0.258677,-0.224029,0.274752,-0.071225,-0.071225,-0.071225,-0.071225
86.810860,0.310983,-0.259519,-0.225181,0.274831,-0.067821,-0.067821,-0.067821,-0.067821
86.820328,0.310752,-0.259259,-0.226116,0.274718,-0.064711,-0.064711,-0.064711,-0.064711
86.830856,0.310426,-0.259396,-0.227032,0.274552,-0.061202,-0.061202,-0.061202,-0.061202
86.840332,0.310207,-0.259393,-0.224383,0.274448,-0.058003,-0.058003,-0.058003,-0.058003
86.850876,0.311472,-0.258324,-0.220707,0.275171,-0.054395,-0.054395,-0.054395,-0.054395
86.860329,0.311003,-0.257619,-0.223058,0.274873,-0.051122,-0.051122,-0.051122,-0.051122
86.870850,0.311946,-0.257071,-0.222850,0.275276,-0.047437,-0.047437,-0.047437,-0.047437
86.880234,0.312295,-0.256750,-0.222631,0.275611,-0.044121,-0.044121,-0.044121,-0.044121
86.890755,0.310683,-0.255978,-0.221280,0.274463,-0.040364,-0.040364,-0.040364,-0.040364
86.900238,0.311282,-0.255716,-0.221896,0.274959,-0.036953,-0.036953,-0.036953,-0.036953
86.910782,0.311938,-0.255194,-0.216979,0.275465,-0.033129,-0.033129,-0.033129,-0.033129
86.920235,0.310571,-0.253769,-0.215647,0.274500,-0.029679,-0.029679,-0.029679,-0.029679
86.930771,0.310347,-0.253693,-0.217276,0.275080,-0.025808,-0.025808,-0.025808,-0.025808
86.940224,0.309613,-0.253364,-0.213680,0.275159,-0.022317,-0.022317,-0.022317,-0.022317
86.950775,0.307193,-0.252236,-0.216364,0.273653,-0.018405,-0.018405,-0.018405,-0.018405
86.960228,0.308354,-0.252559,-0.216445,0.274347,-0.014887,-0.014887,-0.014887,-0.014887
86.970764,0.307626,-0.251512,-0.213819,0.273781,-0.010951,-0.010951,-0.010951,-0.010951
86.980225,0.308563,-0.251285,-0.214476,0.274495,-0.007413,-0.007413,-0.007413,-0.007413
86.990761,0.309094,-0.250963,-0.214472,0.275068,-0.003465,-0.003465,-0.003465,-0.003465
87.000221,0.309390,-0.250745,-0.214570,0.275656,-0.000083,-0.000083,-0.000083,-0.000083
87.010773,0.309627,-0.250863,-0.215245,0.276054,-0.004039,-0.004039,-0.004039,-0.004039
87.020241,0.309378,-0.250952,-0.215854,0.276171,-0.007585,-0.007585,-0.007585,-0.007585
87.030792,0.308439,-0.250807,-0.215856,0.275985,-0.011532,-0.011532,-0.011532,-0.011532
87.040291,0.305655,-0.249965,-0.214979,0.274580,-0.015077,-0.015077,-0.015077,-0.015077
87.050842,0.304670,-0.250342,-0.215124,0.273980,-0.019004,-0.019004,-0.019004,-0.019004
87.060272,0.304283,-0.250884,-0.215556,0.273185,-0.022502,-0.022502,-0.022502,-0.022502
87.070816,0.303737,-0.251406,-0.215477,0.272875,-0.026392,-0.026392,-0.026392,-0.026392
87.080276,0.303709,-0.251306,-0.214963,0.273370,-0.029864,-0.029864,-0.029864,-0.029864
87.090805,0.302184,-0.250215,-0.213994,0.272945,-0.033707,-0.033707,-0.033707,-0.033707
87.100288,0.302684,-0.250283,-0.214686,0.273492,-0.037141,-0.037141,-0.037141,-0.037141
87.110825,0.302896,-0.250386,-0.215524,0.273709,-0.040931,-0.040931,-0.040931,-0.040931
87.120293,0.303078,-0.250773,-0.217112,0.273609,-0.044307,-0.044307,-0.044307,-0.044307
87.130829,0.302957,-0.251505,-0.218756,0.273580,-0.048028,-0.048028,-0.048028,-0.048028
87.140236,0.302478,-0.251933,-0.219819,0.273355,-0.051317,-0.051317,-0.051317,-0.051317
87.150780,0.301117,-0.252372,-0.220381,0.272769,-0.054963,-0.054963,-0.054963,-0.054963
87.160225,0.297763,-0.252362,-0.220285,0.270785,-0.058191,-0.058191,-0.058191,-0.058191
87.170761,0.296551,-0.253241,-0.220935,0.269919,-0.061747,-0.061747,-0.061747,-0.061747
87.180222,0.294277,-0.253394,-0.221308,0.267617,-0.064893,-0.064893,-0.064893,-0.064893
87.190758,0.293770,-0.254339,-0.220828,0.267081,-0.068348,-0.068348,-0.068348,-0.068348
87.201279,0.293885,-0.254905,-0.222513,0.266949,-0.071737,-0.071737,-0.071737,-0.071737
87.210785,0.293854,-0.255148,-0.221381,0.267283,-0.074750,-0.074750,-0.074750,-0.074750
87.220222,0.293755,-0.255214,-0.223928,0.267736,-0.077691,-0.077691,-0.077691,-0.077691
87.230759,0.293680,-0.255158,-0.224598,0.267719,-0.080911,-0.080911,-0.080911,-0.080911
87.240227,0.294213,-0.255415,-0.225265,0.267884,-0.083747,-0.083747,-0.083747,-0.083747
87.250771,0.292598,-0.255353,-0.223569,0.266458,-0.086837,-0.086837,-0.086837,-0.086837
87.260223,0.293102,-0.255211,-0.223780,0.266455,-0.089545,-0.089545,-0.089545,-0.089545
87.270767,0.293340,-0.255672,-0.225713,0.266541,-0.092492,-0.092492,-0.092492,-0.092492
87.280228,0.293367,-0.256192,-0.224933,0.266379,-0.095067,-0.095067,-0.095067,-0.095067
87.290733,0.293960,-0.255624,-0.223728,0.266460,-0.097853,-0.097853,-0.097853,-0.097853
87.300224,0.295093,-0.255925,-0.223777,0.266786,-0.100295,-0.100295,-0.100295,-0.100295
87.310753,0.296070,-0.256076,-0.224251,0.267168,-0.102923,-0.102923,-0.102923,-0.102923
87.320221,0.294695,-0.256351,-0.224937,0.265842,-0.105210,-0.105210,-0.105210,-0.105210
87.330750,0.294831,-0.258132,-0.228008,0.265984,-0.107665,-0.107665,-0.107665,-0.107665
87.340225,0.294750,-0.257202,-0.226955,0.265793,-0.109794,-0.109794,-0.109794,-0.109794
87.350807,0.294507,-0.258885,-0.228902,0.265670,-0.112079,-0.112079,-0.112079,-0.112079
87.360283,0.294792,-0.257936,-0.228263,0.265399,-0.114041,-0.114041,-0.114041,-0.114041
87.370781,0.294759,-0.258578,-0.228762,0.265338,-0.116120,-0.116120,-0.116120,-0.116120
87.380234,0.294768,-0.259304,-0.229985,0.265135,-0.117902,-0.117902,-0.117902,-0.117902
87.390755,0.293885,-0.259779,-0.229939,0.264567,-0.119786,-0.119786,-0.119786,-0.119786
87.400223,0.293094,-0.261925,-0.232560,0.264253,-0.121390,-0.121390,-0.121390,-0.121390
87.410759,0.293493,-0.261042,-0.230837,0.264240,-0.123068,-0.123068,-0.123068,-0.123068
87.420227,0.292177,-0.260513,-0.230476,0.262657,-0.124482,-0.124482,-0.124482,-0.124482
87.430763,0.292810,-0.260342,-0.230713,0.262995,-0.125947,-0.125947,-0.125947,-0.125947
87.440224,0.293146,-0.262261,-0.233369,0.263282,-0.127163,-0.127163,-0.127163,-0.127163
87.450783,0.293324,-0.262089,-0.232555,0.263342,-0.128407,-0.128407,-0.128407,-0.128407
87.460274,0.293301,-0.263510,-0.233734,0.263457,-0.129422,-0.129422,-0.129422,-0.129422
87.470840,0.291640,-0.263091,-0.233621,0.261924,-0.130436,-0.130436,-0.130436,-0.130436
87.480331,0.292860,-0.263158,-0.233714,0.262605,-0.131241,-0.131241,-0.131241,-0.131241
87.490898,0.293274,-0.263916,-0.235676,0.262716,-0.132017,-0.132017,-0.132017,-0.132017
87.500389,0.293578,-0.264760,-0.236405,0.262908,-0.132604,-0.132604,-0.132604,-0.132604
87.510941,0.293845,-0.264901,-0.235974,0.262907,-0.133135,-0.133135,-0.133135,-0.133135
87.520432,0.292186,-0.264536,-0.236841,0.261108,-0.133501,-0.133501,-0.133501,-0.133501
87.530945,0.292979,-0.265071,-0.236804,0.261452,-0.133781,-0.133781,-0.133781,-0.133781
87.540436,0.293696,-0.264954,-0.236783,0.261772,-0.133920,-0.133920,-0.133920,-0.133920
87.550987,0.294220,-0.266405,-0.238095,0.262002,-0.133945,-0.133945,-0.133945,-0.133945
87.560432,0.294441,-0.266383,-0.238255,0.262150,-0.133852,-0.133852,-0.133852,-0.133852
87.570984,0.292650,-0.266611,-0.238768,0.260405,-0.133618,-0.133618,-0.133618,-0.133618
87.580414,0.293574,-0.265317,-0.237212,0.260945,-0.133291,-0.133291,-0.133291,-0.133291
87.590935,0.294708,-0.265513,-0.236913,0.261648,-0.132793,-0.132793,-0.132793,-0.132793
87.600388,0.294903,-0.266465,-0.238279,0.261915,-0.132226,-0.132226,-0.132226,-0.132226
87.610939,0.294931,-0.268268,-0.239474,0.262102,-0.131458,-0.131458,-0.131458,-0.131458
87.620445,0.294922,-0.268064,-0.240256,0.262191,-0.130644,-0.130644,-0.130644,-0.130644
87.630997,0.295424,-0.268377,-0.240478,0.262218,-0.129602,-0.129602,-0.129602,-0.129602
87.640488,0.293917,-0.268196,-0.241093,0.260519,-0.128541,-0.128541,-0.128541,-0.128541
87.651039,0.294485,-0.266852,-0.239633,0.260730,-0.127223,-0.127223,-0.127223,-0.127223
87.660484,0.294874,-0.267986,-0.240940,0.261127,-0.125918,-0.125918,-0.125918,-0.125918
87.671028,0.293033,-0.268360,-0.240956,0.259429,-0.124322,-0.124322,-0.124322,-0.124322
87.680489,0.295615,-0.267862,-0.240741,0.261510,-0.122764,-0.122764,-0.122764,-0.122764
87.691032,0.296266,-0.267139,-0.240396,0.261791,-0.120886,-0.120886,-0.120886,-0.120886
87.700493,0.296688,-0.268666,-0.240542,0.262253,-0.119075,-0.119075,-0.119075,-0.119075
87.711044,0.296665,-0.269307,-0.240874,0.262461,-0.116913,-0.116913,-0.116913,-0.116913
87.720535,0.296565,-0.269502,-0.240822,0.262628,-0.114840,-0.114840,-0.114840,-0.114840
87.731087,0.296595,-0.269341,-0.241217,0.262433,-0.112394,-0.112394,-0.112394,-0.112394
87.740532,0.296396,-0.269983,-0.243096,0.262338,-0.110074,-0.110074,-0.110074,-0.110074
87.751083,0.296859,-0.267588,-0.240438,0.262368,-0.107342,-0.107342,-0.107342,-0.107342
87.760544,0.299681,-0.267669,-0.240449,0.264579,-0.104763,-0.104763,-0.104763,-0.104763
87.771095,0.300086,-0.267790,-0.240242,0.264844,-0.101745,-0.101745,-0.101745,-0.101745
87.780594,0.300233,-0.268414,-0.241044,0.265130,-0.098900,-0.098900,-0.098900,-0.098900
87.791115,0.300207,-0.268279,-0.241376,0.265323,-0.095603,-0.095603,-0.095603,-0.095603
87.800606,0.302157,-0.267568,-0.241125,0.267117,-0.092504,-0.092504,-0.092504,-0.092504
87.811119,0.300278,-0.268704,-0.243410,0.265590,-0.088927,-0.088927,-0.088927,-0.088927
87.820602,0.302634,-0.267305,-0.240997,0.267185,-0.085572,-0.085572,-0.085572,-0.085572
87.831123,0.303146,-0.267032,-0.240050,0.267129,-0.081712,-0.081712,-0.081712,-0.081712
87.840607,0.305432,-0.266588,-0.239836,0.268818,-0.078103,-0.078103,-0.078103,-0.078103
87.851120,0.305768,-0.264821,-0.236983,0.269339,-0.073963,-0.073963,-0.073963,-0.073963
87.860611,0.306029,-0.265500,-0.240795,0.269729,-0.070099,-0.070099,-0.070099,-0.070099
87.871117,0.307116,-0.264873,-0.238553,0.269894,-0.065682,-0.065682,-0.065682,-0.065682
87.880615,0.309263,-0.264708,-0.240232,0.271419,-0.061564,-0.061564,-0.061564,-0.061564
87.891121,0.309321,-0.264454,-0.239517,0.271262,-0.056875,-0.056875,-0.056875,-0.056875
87.900612,0.310959,-0.264676,-0.240069,0.272676,-0.052511,-0.052511,-0.052511,-0.052511
87.911118,0.308603,-0.263676,-0.238665,0.270967,-0.047546,-0.047546,-0.047546,-0.047546
87.920601,0.310030,-0.263622,-0.238592,0.272271,-0.042946,-0.042946,-0.042946,-0.042946
87.931122,0.309138,-0.263465,-0.238512,0.272095,-0.037706,-0.037706,-0.037706,-0.037706
87.940590,0.307191,-0.263317,-0.238298,0.271327,-0.032867,-0.032867,-0.032867,-0.032867
87.951118,0.305699,-0.263154,-0.235665,0.270787,-0.027359,-0.027359,-0.027359,-0.027359
87.960587,0.305286,-0.262966,-0.230916,0.271276,-0.022286,-0.022286,-0.022286,-0.022286
87.971123,0.303851,-0.262799,-0.233628,0.270733,-0.016515,-0.016515,-0.016515,-0.016515
87.980606,0.305611,-0.263251,-0.231378,0.271721,-0.011201,-0.011201,-0.011201,-0.011201
87.991119,0.305263,-0.261926,-0.230749,0.271049,-0.005185,-0.005185,-0.005185,-0.005185
88.000610,0.308502,-0.261846,-0.228152,0.273299,0.000358,0.000358,0.000358,0.000358
88.011116,0.309150,-0.260578,-0.227484,0.273735,0.006622,0.006622,0.006622,0.006622
88.020607,0.310063,-0.260505,-0.227322,0.275149,0.012387,0.012387,0.012387,0.012387
88.031120,0.309703,-0.259723,-0.227096,0.275167,0.018894,0.018894,0.018894,0.018894
88.040695,0.309061,-0.258993,-0.226902,0.274732,0.024930,0.024930,0.024930,0.024930
88.050171,0.308164,-0.258486,-0.226144,0.274858,0.031003,0.031003,0.031003,0.031003
88.060715,0.307950,-0.258519,-0.225791,0.275377,0.037875,0.037875,0.037875,0.037875
88.071182,0.305561,-0.256778,-0.223745,0.274079,0.044820,0.044820,0.044820,0.044820
88.080688,0.305230,-0.256526,-0.222652,0.274087,0.051226,0.051226,0.051226,0.051226
88.091125,0.304413,-0.256624,-0.221822,0.274014,0.058371,0.058371,0.058371,0.058371
88.100609,0.305379,-0.257817,-0.222382,0.274752,0.064953,0.064953,0.064953,0.064953
88.111122,0.305524,-0.257332,-0.222242,0.274786,0.072359,0.072359,0.072359,0.072359
88.120598,0.306160,-0.257728,-0.222422,0.276242,0.079129,0.079129,0.079129,0.079129
88.131119,0.306363,-0.256701,-0.222306,0.276917,0.086746,0.086746,0.086746,0.086746
88.140617,0.305997,-0.255888,-0.221914,0.277606,0.093709,0.093709,0.093709,0.093709
88.151123,0.305974,-0.255599,-0.222396,0.278119,0.101513,0.101513,0.101513,0.101513
88.160652,0.306858,-0.256836,-0.224404,0.279158,0.108674,0.108674,0.108674,0.108674
88.171173,0.306292,-0.254789,-0.223668,0.278876,0.116670,0.116670,0.116670,0.116670
88.180664,0.306912,-0.255677,-0.225068,0.279743,0.123968,0.123968,0.123968,0.123968
88.190193,0.306765,-0.254938,-0.224676,0.279940,0.131369,0.131369,0.131369,0.131369
88.200760,0.306804,-0.254204,-0.224328,0.278860,0.139654,0.139654,0.139654,0.139654
88.210175,0.307711,-0.253399,-0.223108,0.281479,0.147114,0.147114,0.147114,0.147114
88.220711,0.309515,-0.251422,-0.220886,0.282925,0.155542,0.155542,0.155542,0.155542
88.230171,0.310004,-0.248645,-0.218136,0.283712,0.163180,0.163180,0.163180,0.163180
88.240700,0.310449,-0.247712,-0.217536,0.284188,0.171752,0.171752,0.171752,0.171752
88.250168,0.311519,-0.246279,-0.216780,0.284911,0.179523,0.179523,0.179523,0.179523
88.260696,0.312210,-0.243570,-0.214260,0.286281,0.188231,0.188231,0.188231,0.188231
88.270172,0.309408,-0.242562,-0.212833,0.286983,0.196126,0.196126,0.196126,0.196126
88.280701,0.308068,-0.241405,-0.211234,0.286947,0.204966,0.204966,0.204966,0.204966
88.290169,0.311286,-0.240676,-0.210350,0.287895,0.212965,0.212965,0.212965,0.212965
88.300713,0.310744,-0.240485,-0.209825,0.287757,0.221925,0.221925,0.221925,0.221925
88.311180,0.313171,-0.239834,-0.209158,0.289721,0.230884,0.230884,0.230884,0.230884
88.320686,0.314342,-0.239087,-0.208487,0.292401,0.239057,0.239057,0.239057,0.239057
88.331131,0.316239,-0.238026,-0.207723,0.293561,0.248091,0.248091,0.248091,0.248091
88.340614,0.318116,-0.236764,-0.206837,0.294973,0.256329,0.256329,0.256329,0.256329
88.351120,0.319320,-0.235852,-0.206140,0.296007,0.265493,0.265493,0.265493,0.265493
88.360619,0.320073,-0.237043,-0.207429,0.297737,0.273815,0.273815,0.273815,0.273815
88.371117,0.320926,-0.235996,-0.206655,0.298380,0.283046,0.283046,0.283046,0.283046
88.380608,0.322281,-0.237289,-0.208096,0.299260,0.291414,0.291414,0.291414,0.291414
88.391121,0.324104,-0.233630,-0.205053,0.300897,0.300713,0.300713,0.300713,0.300713
88.400604,0.325489,-0.234915,-0.206535,0.301794,0.309123,0.309123,0.309123,0.309123
88.411118,0.327134,-0.233693,-0.205732,0.302988,0.318467,0.318467,0.318467,0.318467
88.420601,0.329279,-0.232464,-0.204648,0.304395,0.326909,0.326909,0.326909,0.326909
88.431122,0.332682,-0.230916,-0.203231,0.305935,0.336286,0.336286,0.336286,0.336286
88.440613,0.334246,-0.229524,-0.201858,0.307797,0.344757,0.344757,0.344757,0.344757
88.451118,0.335305,-0.228414,-0.201105,0.309068,0.354136,0.354136,0.354136,0.354136
88.460617,0.335870,-0.229991,-0.202961,0.309581,0.362617,0.362617,0.362617,0.362617
88.471115,0.337626,-0.225959,-0.199531,0.311642,0.371997,0.371997,0.371997,0.371997
88.480606,0.338158,-0.227697,-0.201429,0.312071,0.380463,0.380463,0.380463,0.380463
88.491119,0.339668,-0.223754,-0.197936,0.314078,0.389840,0.389840,0.389840,0.389840
88.500618,0.339248,-0.226144,-0.200481,0.313980,0.398296,0.398296,0.398296,0.398296
88.511116,0.340314,-0.224913,-0.199286,0.315263,0.407633,0.407633,0.407633,0.407633
88.520607,0.341430,-0.223727,-0.197933,0.316676,0.416051,0.416051,0.416051,0.416051
88.531120,0.342509,-0.222633,-0.196831,0.318026,0.425353,0.425353,0.425353,0.425353
88.540611,0.342652,-0.224659,-0.198825,0.318210,0.433731,0.433731,0.433731,0.433731
88.551117,0.343786,-0.223278,-0.197683,0.319558,0.442968,0.442968,0.442968,0.442968
88.560593,0.343936,-0.225099,-0.199618,0.319609,0.451269,0.451269,0.451269,0.451269
88.571121,0.346234,-0.220270,-0.195199,0.322239,0.460453,0.460453,0.460453,0.460453
88.580605,0.346027,-0.222381,-0.197355,0.322006,0.468690,0.468690,0.468690,0.468690
88.591118,0.347029,-0.220937,-0.196149,0.323203,0.477777,0.477777,0.477777,0.477777
88.600563,0.346943,-0.222973,-0.198317,0.323045,0.485893,0.485893,0.485893,0.485893
88.611107,0.348359,-0.221168,-0.196866,0.324464,0.494903,0.494903,0.494903,0.494903
88.620613,0.349925,-0.219170,-0.195043,0.326078,0.502973,0.502973,0.502973,0.502973
88.631119,0.351101,-0.217642,-0.193618,0.327403,0.511830,0.511830,0.511830,0.511830
88.640625,0.351211,-0.219537,-0.195276,0.327399,0.519783,0.519783,0.519783,0.519783
88.651123,0.352734,-0.217740,-0.189621,0.330998,0.528498,0.528498,0.528498,0.528498
88.660614,0.352002,-0.220261,-0.192317,0.330520,0.536317,0.536317,0.536317,0.536317
88.671120,0.355025,-0.217808,-0.187259,0.333992,0.544889,0.544889,0.544889,0.544889
88.680603,0.354658,-0.220231,-0.190213,0.333055,0.552558,0.552558,0.552558,0.552558
88.691124,0.355780,-0.218375,-0.188977,0.334154,0.560980,0.560980,0.560980,0.560980
88.700592,0.355064,-0.220570,-0.191528,0.333398,0.568483,0.568483,0.568483,0.568483
88.711121,0.356308,-0.218543,-0.190075,0.334747,0.576732,0.576732,0.576732,0.576732
88.720596,0.357551,-0.216524,-0.188519,0.336186,0.584070,0.584070,0.584070,0.584070
88.731094,0.358841,-0.214606,-0.187058,0.337579,0.592107,0.592107,0.592107,0.592107
88.740601,0.358336,-0.216904,-0.189450,0.337034,0.599285,0.599285,0.599285,0.599285
88.751122,0.359640,-0.214969,-0.187810,0.338514,0.607125,0.607125,0.607125,0.607125
88.760620,0.358887,-0.217340,-0.190443,0.337616,0.614106,0.614106,0.614106,0.614106
88.771172,0.362449,-0.214616,-0.187993,0.341461,0.621744,0.621744,0.621744,0.621744
88.780685,0.361552,-0.217003,-0.190479,0.340493,0.628525,0.628525,0.628525,0.628525
88.790169,0.362794,-0.214758,-0.188588,0.341902,0.635179,0.635179,0.635179,0.635179
88.800697,0.364052,-0.212605,-0.186771,0.343494,0.642441,0.642441,0.642441,0.642441
88.810173,0.365247,-0.210612,-0.185166,0.344914,0.648861,0.648861,0.648861,0.648861
88.820717,0.366343,-0.208468,-0.183600,0.346071,0.655870,0.655870,0.655870,0.655870
88.830170,0.367336,-0.206476,-0.182273,0.347158,0.662038,0.662038,0.662038,0.662038
88.840729,0.368643,-0.204388,-0.180672,0.348533,0.668782,0.668782,0.668782,0.668782
88.850227,0.372843,-0.201299,-0.178079,0.352710,0.674721,0.674721,0.674721,0.674721
88.860779,0.374187,-0.199343,-0.176441,0.354005,0.681172,0.681172,0.681172,0.681172
88.870277,0.375115,-0.197567,-0.175068,0.355127,0.686843,0.686843,0.686843,0.686843
88.880821,0.378475,-0.195027,-0.172864,0.358947,0.692985,0.692985,0.692985,0.692985
88.890282,0.378816,-0.193552,-0.171788,0.359648,0.698352,0.698352,0.698352,0.698352
88.900833,0.379187,-0.191983,-0.170628,0.360387,0.704182,0.704182,0.704182,0.704182
88.910339,0.379628,-0.190462,-0.169527,0.361100,0.709283,0.709283,0.709283,0.709283
88.920906,0.379984,-0.189022,-0.168260,0.361726,0.714786,0.714786,0.714786,0.714786
88.930389,0.380367,-0.187573,-0.167045,0.362311,0.719572,0.719572,0.719572,0.719572
88.940941,0.380304,-0.186222,-0.166175,0.362714,0.724722,0.724722,0.724722,0.724722
88.950439,0.380057,-0.185012,-0.165698,0.363019,0.729199,0.729199,0.729199,0.729199
88.960960,0.383352,-0.182637,-0.163994,0.366639,0.733978,0.733978,0.733978,0.733978
88.970444,0.383565,-0.181233,-0.163135,0.366911,0.738119,0.738119,0.738119,0.738119
88.981003,0.384299,-0.179567,-0.161793,0.367545,0.742544,0.742544,0.742544,0.742544
88.990494,0.385175,-0.177717,-0.160073,0.368319,0.746353,0.746353,0.746353,0.746353
89.001045,0.385315,-0.176573,-0.159102,0.368658,0.750392,0.750392,0.750392,0.750392
89.010544,0.388562,-0.174456,-0.157377,0.372191,0.753851,0.753851,0.753851,0.753851
89.021103,0.388412,-0.173241,-0.156553,0.372479,0.757496,0.757496,0.757496,0.757496
89.030632,0.388500,-0.177344,-0.161303,0.369350,0.760607,0.760607,0.760607,0.760607
89.040176,0.388588,-0.175860,-0.160263,0.369726,0.763542,0.763542,0.763542,0.763542
89.050713,0.385384,-0.179989,-0.164465,0.366753,0.766578,0.766578,0.766578,0.766578
89.060173,0.385387,-0.178528,-0.163219,0.367197,0.769116,0.769116,0.769116,0.769116
89.070709,0.385839,-0.176917,-0.161952,0.367827,0.771732,0.771732,0.771732,0.771732
89.080177,0.386714,-0.174947,-0.160368,0.368566,0.773888,0.773888,0.773888,0.773888
89.090714,0.390487,-0.172555,-0.158065,0.372707,0.776072,0.776072,0.776072,0.776072
89.101173,0.390574,-0.171199,-0.156964,0.373111,0.778011,0.778011,0.778011,0.778011
89.110680,0.390688,-0.169884,-0.155831,0.373572,0.779573,0.779573,0.779573,0.779573
89.120171,0.390774,-0.168573,-0.153927,0.377401,0.780941,0.780941,0.780941,0.780941
89.130722,0.387290,-0.172741,-0.158472,0.373793,0.782235,0.782235,0.782235,0.782235
89.140175,0.387392,-0.171253,-0.157383,0.374189,0.783189,0.783189,0.783189,0.783189
89.150719,0.387662,-0.169793,-0.156267,0.374762,0.784022,0.784022,0.784022,0.784022
89.160172,0.387955,-0.168536,-0.155270,0.375262,0.784560,0.784560,0.784560,0.784560
89.170700,0.391566,-0.166498,-0.153379,0.379205,0.784925,0.784925,0.784925,0.784925
89.180176,0.391589,-0.165363,-0.152406,0.379485,0.785040,0.785040,0.785040,0.785040
89.190712,0.391672,-0.164176,-0.151448,0.379769,0.784930,0.784930,0.784930,0.784930
89.200172,0.395161,-0.162201,-0.149678,0.383509,0.784614,0.784614,0.784614,0.784614
89.210724,0.395036,-0.161030,-0.148960,0.383306,0.784019,0.784019,0.784019,0.784019
89.221222,0.394642,-0.160060,-0.148313,0.383050,0.783171,0.783171,0.783171,0.783171
89.230743,0.400947,-0.152623,-0.141084,0.389971,0.782180,0.782180,0.782180,0.782180
89.240173,0.400278,-0.151900,-0.140681,0.389464,0.780989,0.780989,0.780989,0.780989
89.250710,0.396242,-0.156862,-0.145716,0.385564,0.779408,0.779408,0.779408,0.779408
89.261223,0.399172,-0.155173,-0.144141,0.388956,0.777569,0.777569,0.777569,0.777569
89.270737,0.398783,-0.154384,-0.143634,0.388615,0.775677,0.775677,0.775677,0.775677
89.280228,0.398377,-0.153633,-0.143070,0.388359,0.773575,0.773575,0.773575,0.773575
89.290749,0.394455,-0.158567,-0.148063,0.384499,0.770988,0.770988,0.770988,0.770988
89.300224,0.394247,-0.157637,-0.147303,0.384390,0.768429,0.768429,0.768429,0.768429
89.310768,0.397648,-0.155636,-0.145491,0.387823,0.765328,0.765328,0.765328,0.765328
89.320229,0.397289,-0.154893,-0.144727,0.387695,0.762311,0.762311,0.762311,0.762311
89.330780,0.400487,-0.153239,-0.143199,0.391040,0.758690,0.758690,0.758690,0.758690
89.340225,0.400920,-0.151999,-0.141937,0.391205,0.755217,0.755217,0.755217,0.755217
89.350693,0.400661,-0.151282,-0.141316,0.390909,0.751109,0.751109,0.751109,0.751109
89.361221,0.400119,-0.150796,-0.141100,0.390490,0.746705,0.746705,0.746705,0.746705
89.370743,0.399493,-0.150260,-0.140899,0.389866,0.742487,0.742487,0.742487,0.742487
89.380173,0.398776,-0.149768,-0.140560,0.389300,0.738087,0.738087,0.738087,0.738087
89.390678,0.394690,-0.154727,-0.145640,0.385243,0.732925,0.732925,0.732925,0.732925
89.400169,0.397173,-0.153167,-0.144321,0.388029,0.728025,0.728025,0.728025,0.728025
89.410637,0.396062,-0.152863,-0.144318,0.387251,0.722361,0.722361,0.722361,0.722361
89.421120,0.395340,-0.152270,-0.143946,0.386622,0.716417,0.716417,0.716417,0.716417
89.430618,0.394624,-0.151731,-0.143610,0.385971,0.710796,0.710796,0.710796,0.710796
89.441124,0.394300,-0.151040,-0.142961,0.385730,0.704315,0.704315,0.704315,0.704315
89.450592,0.391271,-0.155511,-0.146837,0.382626,0.698238,0.698238,0.698238,0.698238
89.461121,0.390858,-0.155126,-0.146447,0.382152,0.691218,0.691218,0.691218,0.691218
89.470612,0.390472,-0.154602,-0.146150,0.381712,0.684652,0.684652,0.684652,0.684652
89.481125,0.390005,-0.154119,-0.145819,0.381239,0.677125,0.677125,0.677125,0.677125
89.490616,0.389645,-0.153607,-0.145386,0.380799,0.670086,0.670086,0.670086,0.670086
89.501122,0.389107,-0.153272,-0.145140,0.380302,0.662043,0.662043,0.662043,0.662043
89.510605,0.385618,-0.157967,-0.149909,0.376821,0.654544,0.654544,0.654544,0.654544
89.521118,0.385200,-0.157542,-0.149659,0.376336,0.645971,0.645971,0.645971,0.645971
89.530617,0.382162,-0.162210,-0.154217,0.373086,0.637997,0.637997,0.637997,0.637997
89.541115,0.382214,-0.161605,-0.153499,0.373077,0.628920,0.628920,0.628920,0.628920
89.550606,0.380228,-0.165376,-0.156798,0.370766,0.620487,0.620487,0.620487,0.620487
89.561134,0.383120,-0.163752,-0.154927,0.373592,0.610881,0.610881,0.610881,0.610881
89.570595,0.380291,-0.168292,-0.159305,0.370401,0.602013,0.602013,0.602013,0.602013
89.581093,0.380162,-0.167814,-0.158896,0.370080,0.591927,0.591927,0.591927,0.591927
89.590561,0.377671,-0.171871,-0.162789,0.367357,0.582603,0.582603,0.582603,0.582603
89.601120,0.377621,-0.171204,-0.162070,0.367151,0.571948,0.571948,0.571948,0.571948
89.610619,0.377488,-0.170664,-0.161435,0.367004,0.562143,0.562143,0.562143,0.562143
89.621117,0.376725,-0.170524,-0.161299,0.366433,0.551053,0.551053,0.551053,0.551053
89.630608,0.375695,-0.170671,-0.161636,0.365645,0.540810,0.540810,0.540810,0.540810
89.641121,0.375425,-0.170206,-0.161201,0.365341,0.529220,0.529220,0.529220,0.529220
89.650597,0.373167,-0.174231,-0.164782,0.362982,0.518560,0.518560,0.518560,0.518560
89.661118,0.372978,-0.173996,-0.160423,0.364876,0.506471,0.506471,0.506471,0.506471
89.670609,0.371201,-0.177696,-0.163960,0.362349,0.495361,0.495361,0.495361,0.495361
89.681114,0.373110,-0.173156,-0.159496,0.363865,0.482817,0.482817,0.482817,0.482817
89.690567,0.370651,-0.177043,-0.162944,0.361560,0.471332,0.471332,0.471332,0.471332
89.701103,0.370316,-0.176760,-0.162748,0.361219,0.458291,0.458291,0.458291,0.458291
89.710655,0.369904,-0.176567,-0.162682,0.360808,0.446258,0.446258,0.446258,0.446258
89.721176,0.369491,-0.176544,-0.162809,0.360235,0.432781,0.432781,0.432781,0.432781
89.730659,0.367603,-0.180305,-0.166583,0.357911,0.420419,0.420419,0.420419,0.420419
89.741173,0.366986,-0.180221,-0.163109,0.358897,0.406510,0.406510,0.406510,0.406510
89.750694,0.364866,-0.183994,-0.167008,0.356552,0.393706,0.393706,0.393706,0.393706
89.760170,0.363566,-0.184502,-0.167773,0.355579,0.380772,0.380772,0.380772,0.380772
89.770714,0.361405,-0.188212,-0.171636,0.353421,0.366177,0.366177,0.366177,0.366177
89.781227,0.361321,-0.187974,-0.171284,0.353121,0.351403,0.351403,0.351403,0.351403
89.790749,0.362341,-0.184639,-0.167941,0.353972,0.337827,0.337827,0.337827,0.337827
89.800224,0.361813,-0.185048,-0.168293,0.353206,0.324145,0.324145,0.324145,0.324145
89.810760,0.361214,-0.185329,-0.168667,0.352482,0.308721,0.308721,0.308721,0.308721
89.820229,0.360491,-0.185700,-0.169041,0.351691,0.294697,0.294697,0.294697,0.294697
89.830772,0.359613,-0.186136,-0.169410,0.350724,0.278869,0.278869,0.278869,0.278869
89.840225,0.359350,-0.183937,-0.167256,0.350495,0.264511,0.264511,0.264511,0.264511
89.850769,0.358247,-0.184614,-0.168064,0.349303,0.248304,0.248304,0.248304,0.248304
89.860222,0.357045,-0.185435,-0.168848,0.347963,0.233606,0.233606,0.233606,0.233606
89.870758,0.356242,-0.183814,-0.167206,0.347135,0.217058,0.217058,0.217058,0.217058
89.880234,0.354752,-0.184639,-0.167955,0.345448,0.201999,0.201999,0.201999,0.201999
89.890793,0.354692,-0.185345,-0.168522,0.343868,0.185047,0.185047,0.185047,0.185047
89.900276,0.349352,-0.186284,-0.169441,0.340945,0.169674,0.169674,0.169674,0.169674
89.910820,0.349199,-0.187549,-0.170862,0.339967,0.152405,0.152405,0.152405,0.152405
89.920280,0.347926,-0.186459,-0.170130,0.338363,0.136779,0.136779,0.136779,0.136779
89.930824,0.345057,-0.187586,-0.171158,0.336143,0.119188,0.119188,0.119188,0.119188
89.940277,0.342419,-0.188860,-0.172098,0.333639,0.103289,0.103289,0.103289,0.103289
89.950829,0.339739,-0.188273,-0.171624,0.330898,0.085388,0.085388,0.085388,0.085388
89.960289,0.337685,-0.189634,-0.172738,0.328280,0.069207,0.069207,0.069207,0.069207
89.970825,0.335771,-0.190847,-0.174038,0.324853,0.051040,0.051040,0.051040,0.051040
89.980286,0.332818,-0.190485,-0.173758,0.321518,0.034609,0.034609,0.034609,0.034609
89.990822,0.330080,-0.192136,-0.174769,0.319074,0.016168,0.016168,0.016168,0.016168
90.000275,0.327128,-0.193962,-0.176078,0.316283,-0.000481,-0.000481,-0.000481,-0.000481
90.010803,0.323769,-0.196174,-0.177901,0.313111,-0.019163,-0.019163,-0.019163,-0.019163
90.020248,0.320558,-0.198499,-0.179854,0.310133,-0.036012,-0.036012,-0.036012,-0.036012
90.030815,0.317111,-0.199782,-0.180698,0.307190,-0.054986,-0.054986,-0.054986,-0.054986
90.040337,0.315803,-0.201490,-0.181792,0.305699,-0.072192,-0.072192,-0.072192,-0.072192
90.050888,0.314336,-0.203051,-0.182892,0.303897,-0.091360,-0.091360,-0.091360,-0.091360
90.060379,0.311479,-0.204181,-0.184065,0.300812,-0.108688,-0.108688,-0.108688,-0.108688
90.070930,0.309990,-0.206161,-0.186773,0.298917,-0.128044,-0.128044,-0.128044,-0.128044
90.080383,0.307980,-0.208313,-0.189766,0.296813,-0.145468,-0.145468,-0.145468,-0.145468
90.090935,0.305894,-0.210370,-0.188755,0.294766,-0.164999,-0.164999,-0.164999,-0.164999
90.100380,0.303766,-0.214065,-0.190527,0.292605,-0.182564,-0.182564,-0.182564,-0.182564
90.110924,0.299668,-0.218825,-0.195163,0.288734,-0.202241,-0.202241,-0.202241,-0.202241
90.120377,0.297892,-0.220474,-0.197767,0.286641,-0.219947,-0.219947,-0.219947,-0.219947
90.130928,0.296733,-0.222841,-0.199835,0.284798,-0.239764,-0.239764,-0.239764,-0.239764
90.140381,0.295757,-0.225484,-0.201900,0.282948,-0.257589,-0.257589,-0.257589,-0.257589
90.150932,0.294457,-0.228948,-0.203897,0.281153,-0.277517,-0.277517,-0.277517,-0.277517
90.160385,0.293005,-0.232429,-0.206140,0.279359,-0.295435,-0.295435,-0.295435,-0.295435
90.170952,0.291482,-0.235219,-0.208562,0.277496,-0.315489,-0.315489,-0.315489,-0.315489
90.180450,0.290129,-0.237974,-0.211068,0.275545,-0.333556,-0.333556,-0.333556,-0.333556
90.191002,0.285993,-0.241295,-0.214329,0.271025,-0.353662,-0.353662,-0.353662,-0.353662
90.200493,0.284932,-0.243852,-0.216582,0.269342,-0.371757,-0.371757,-0.371757,-0.371757
90.211037,0.283763,-0.246494,-0.218926,0.267598,-0.391889,-0.391889,-0.391889,-0.391889
90.220490,0.282650,-0.249012,-0.221235,0.265952,-0.409964,-0.409964,-0.409964,-0.409964
90.231056,0.281501,-0.251648,-0.223750,0.264201,-0.430163,-0.430163,-0.430163,-0.430163
90.240547,0.276851,-0.255598,-0.227697,0.259251,-0.448319,-0.448319,-0.448319,-0.448319
90.251091,0.276072,-0.257994,-0.229694,0.257814,-0.468484,-0.468484,-0.468484,-0.468484
90.260536,0.275221,-0.260448,-0.229870,0.259803,-0.486534,-0.486534,-0.486534,-0.486534
90.271080,0.270320,-0.264632,-0.233786,0.254551,-0.506682,-0.506682,-0.506682,-0.506682
90.280533,0.269437,-0.266981,-0.233929,0.256670,-0.524730,-0.524730,-0.524730,-0.524730
90.291084,0.268451,-0.269612,-0.236073,0.255079,-0.544835,-0.544835,-0.544835,-0.544835
90.300537,0.267408,-0.272131,-0.238391,0.253289,-0.562835,-0.562835,-0.562835,-0.562835
90.311043,0.266488,-0.274633,-0.240578,0.251660,-0.582800,-0.582800,-0.582800,-0.582800
90.320541,0.265622,-0.277068,-0.242512,0.250055,-0.600803,-0.600803,-0.600803,-0.600803
90.331085,0.265142,-0.279144,-0.243909,0.248845,-0.620752,-0.620752,-0.620752,-0.620752
90.340538,0.264391,-0.281697,-0.245727,0.247403,-0.638587,-0.638587,-0.638587,-0.638587
90.351082,0.262336,-0.287072,-0.251077,0.244793,-0.658424,-0.658424,-0.658424,-0.658424
90.360542,0.260452,-0.290232,-0.254404,0.247017,-0.676164,-0.676164,-0.676164,-0.676164
90.371094,0.258841,-0.292730,-0.257135,0.244651,-0.695872,-0.695872,-0.695872,-0.695872
90.380585,0.263012,-0.297514,-0.258951,0.242719,-0.713534,-0.713534,-0.713534,-0.713534
90.391121,0.261599,-0.299835,-0.260720,0.240946,-0.733049,-0.733049,-0.733049,-0.733049
90.400627,0.265875,-0.299225,-0.259377,0.244366,-0.750580,-0.750580,-0.750580,-0.750580
90.411171,0.264239,-0.301669,-0.261604,0.242269,-0.769932,-0.769932,-0.769932,-0.769932
90.420670,0.268445,-0.301013,-0.260464,0.245433,-0.787272,-0.787272,-0.787272,-0.787272
90.431175,0.265677,-0.306986,-0.263621,0.242130,-0.806340,-0.806340,-0.806340,-0.806340
90.440704,0.269474,-0.306417,-0.262956,0.245140,-0.823539,-0.823539,-0.823539,-0.823539
90.450180,0.267050,-0.309331,-0.266108,0.242382,-0.840547,-0.840547,-0.840547,-0.840547
90.460732,0.264298,-0.312510,-0.269567,0.239467,-0.859346,-0.859346,-0.859346,-0.859346
90.470222,0.260921,-0.315731,-0.273302,0.236145,-0.876150,-0.876150,-0.876150,-0.876150
90.480766,0.258105,-0.318372,-0.276302,0.233014,-0.894678,-0.894678,-0.894678,-0.894678
90.490273,0.255985,-0.320706,-0.278458,0.230513,-0.911249,-0.911249,-0.911249,-0.911249
90.500824,0.253924,-0.323195,-0.280580,0.228108,-0.929497,-0.929497,-0.929497,-0.929497
90.510277,0.251011,-0.326229,-0.283478,0.224900,-0.945706,-0.945706,-0.945706,-0.945706
90.520828,0.248978,-0.328656,-0.285697,0.222522,-0.963646,-0.963646,-0.963646,-0.963646
90.530281,0.246987,-0.331246,-0.287882,0.220061,-0.979552,-0.979552,-0.979552,-0.979552
90.540810,0.244191,-0.334148,-0.290355,0.216893,-0.997118,-0.997118,-0.997118,-0.997118
90.550240,0.242844,-0.336231,-0.291780,0.214964,-1.012683,-1.012683,-1.012683,-1.012683
90.560791,0.241056,-0.338803,-0.293950,0.212591,-1.029927,-1.029927,-1.029927,-1.029927
90.570282,0.239433,-0.340947,-0.296015,0.210310,-1.045254,-1.045254,-1.045254,-1.045254
90.580803,0.237778,-0.343474,-0.298365,0.208108,-1.062062,-1.062062,-1.062062,-1.062062
90.590279,0.234411,-0.346806,-0.301591,0.204576,-1.077017,-1.077017,-1.077017,-1.077017
90.600830,0.232811,-0.348936,-0.303556,0.202361,-1.093462,-1.093462,-1.093462,-1.093462
90.610367,0.231083,-0.351361,-0.305555,0.200155,-1.108128,-1.108128,-1.108128,-1.108128
90.620926,0.228203,-0.354513,-0.308261,0.196856,-1.124158,-1.124158,-1.124158,-1.124158
90.630348,0.226610,-0.356737,-0.310223,0.194649,-1.138258,-1.138258,-1.138258,-1.138258
90.640900,0.224968,-0.359006,-0.312208,0.192419,-1.153827,-1.153827,-1.153827,-1.153827
90.650391,0.223749,-0.361101,-0.313765,0.190496,-1.167612,-1.167612,-1.167612,-1.167612
90.660934,0.222797,-0.363102,-0.315053,0.188878,-1.182691,-1.182691,-1.182691,-1.182691
90.670380,0.219745,-0.366223,-0.317712,0.185677,-1.195983,-1.195983,-1.195983,-1.195983
90.680931,0.218307,-0.368378,-0.319526,0.183711,-1.210581,-1.210581,-1.210581,-1.210581
90.690384,0.217316,-0.370404,-0.321088,0.181905,-1.223426,-1.223426,-1.223426,-1.223426
90.700928,0.214476,-0.373460,-0.323682,0.178721,-1.237494,-1.237494,-1.237494,-1.237494
90.710381,0.213341,-0.375504,-0.325360,0.176897,-1.249878,-1.249878,-1.249878,-1.249878
90.720924,0.212116,-0.377611,-0.327209,0.175016,-1.263413,-1.263413,-1.263413,-1.263413
90.730377,0.210780,-0.379802,-0.329089,0.173006,-1.275297,-1.275297,-1.275297,-1.275297
90.740913,0.209382,-0.382033,-0.330899,0.171014,-1.288260,-1.288260,-1.288260,-1.288260
90.750381,0.207986,-0.384275,-0.332625,0.169145,-1.299656,-1.299656,-1.299656,-1.299656
90.760910,0.206787,-0.386322,-0.334201,0.167455,-1.312044,-1.312044,-1.312044,-1.312044
90.770386,0.204460,-0.389115,-0.336528,0.164607,-1.322919,-1.322919,-1.322919,-1.322919
90.780930,0.203256,-0.391480,-0.338173,0.162770,-1.334723,-1.334723,-1.334723,-1.334723
90.790382,0.202035,-0.393745,-0.339728,0.161064,-1.345034,-1.345034,-1.345034,-1.345034
90.800926,0.200830,-0.396019,-0.341386,0.159404,-1.356223,-1.356223,-1.356223,-1.356223
90.810402,0.199673,-0.398255,-0.343193,0.157698,-1.365995,-1.365995,-1.365995,-1.365995
90.820938,0.198714,-0.400510,-0.344981,0.156089,-1.376543,-1.376543,-1.376543,-1.376543
90.830330,0.197793,-0.402641,-0.346562,0.154439,-1.385661,-1.385661,-1.385661,-1.385661
90.840866,0.195416,-0.405637,-0.349218,0.151566,-1.395561,-1.395561,-1.395561,-1.395561
90.850327,0.194685,-0.407598,-0.350850,0.150077,-1.404153,-1.404153,-1.404153,-1.404153
90.860870,0.194054,-0.409719,-0.352436,0.148722,-1.413389,-1.413389,-1.413389,-1.413389
90.870338,0.193891,-0.411493,-0.353510,0.147710,-1.421378,-1.421378,-1.421378,-1.421378
90.880867,0.194498,-0.412779,-0.353666,0.147436,-1.429920,-1.429920,-1.429920,-1.429920
90.890327,0.193154,-0.415668,-0.355551,0.145470,-1.437279,-1.437279,-1.437279,-1.437279
90.900864,0.192496,-0.417983,-0.357437,0.144409,-1.445123,-1.445123,-1.445123,-1.445123
90.910332,0.192014,-0.420069,-0.359430,0.143257,-1.451850,-1.451850,-1.451850,-1.451850
90.920853,0.189972,-0.423010,-0.362261,0.140674,-1.458971,-1.458971,-1.458971,-1.458971
90.930344,0.189164,-0.425264,-0.363964,0.139630,-1.465064,-1.465064,-1.465064,-1.465064
90.940872,0.188233,-0.427671,-0.366100,0.138511,-1.471458,-1.471458,-1.471458,-1.471458
90.950333,0.186181,-0.430577,-0.368960,0.136043,-1.476867,-1.476867,-1.476867,-1.476867
90.960876,0.186154,-0.432324,-0.370120,0.135369,-1.482523,-1.482523,-1.482523,-1.482523
90.970329,0.186161,-0.434096,-0.371329,0.134760,-1.487257,-1.487257,-1.487257,-1.487257
90.980865,0.186279,-0.435746,-0.372430,0.134193,-1.492151,-1.492151,-1.492151,-1.492151
90.990326,0.186728,-0.437209,-0.373284,0.133954,-1.496200,-1.496200,-1.496200,-1.496200
91.000862,0.185666,-0.439613,-0.375183,0.132271,-1.500321,-1.500321,-1.500321,-1.500321
91.010330,0.185872,-0.441124,-0.376338,0.131975,-1.503675,-1.503675,-1.503675,-1.503675
91.020859,0.186023,-0.442718,-0.377641,0.131611,-1.507012,-1.507012,-1.507012,-1.507012
91.030373,0.186118,-0.444285,-0.378788,0.131097,-1.509670,-1.509670,-1.509670,-1.509670
91.040985,0.186202,-0.445821,-0.379710,0.130646,-1.512230,-1.512230,-1.512230,-1.512230
91.050430,0.186397,-0.447293,-0.380619,0.130428,-1.514148,-1.514148,-1.514148,-1.514148
91.060959,0.186613,-0.448763,-0.381658,0.130111,-1.515884,-1.515884,-1.515884,-1.515884
91.070381,0.185042,-0.451378,-0.383935,0.128241,-1.517075,-1.517075,-1.517075,-1.517075
91.080925,0.185426,-0.452631,-0.384806,0.128161,-1.517999,-1.517999,-1.517999,-1.517999
91.090385,0.185922,-0.453926,-0.385560,0.128196,-1.518461,-1.518461,-1.518461,-1.518461
91.100922,0.186545,-0.454999,-0.386008,0.128244,-1.518562,-1.518562,-1.518562,-1.518562
91.110336,0.187155,-0.455975,-0.386416,0.128405,-1.518284,-1.518284,-1.518284,-1.518284
91.120865,0.187167,-0.457484,-0.387739,0.128136,-1.517558,-1.517558,-1.517558,-1.517558
91.130333,0.187580,-0.458473,-0.388668,0.128057,-1.516529,-1.516529,-1.516529,-1.516529
91.140884,0.186581,-0.460473,-0.390487,0.126541,-1.514962,-1.514962,-1.514962,-1.514962
91.150330,0.186136,-0.462078,-0.391762,0.126002,-1.513182,-1.513182,-1.513182,-1.513182
91.160858,0.185964,-0.463208,-0.392793,0.125683,-1.510776,-1.510776,-1.510776,-1.510776
91.172432,0.186377,-0.463821,-0.392896,0.125866,-1.507618,-1.507618,-1.507618,-1.507618
91.181908,0.186749,-0.464753,-0.393260,0.126006,-1.504629,-1.504629,-1.504629,-1.504629
91.192390,0.187171,-0.465675,-0.393608,0.126176,-1.500899,-1.500899,-1.500899,-1.500899
91.202927,0.185825,-0.467749,-0.393949,0.126371,-1.496703,-1.496703,-1.496703,-1.496703
91.212379,0.186194,-0.468597,-0.394263,0.126548,-1.492552,-1.492552,-1.492552,-1.492552
91.222908,0.186682,-0.469291,-0.394581,0.126601,-1.487503,-1.487503,-1.487503,-1.487503
91.232384,0.187261,-0.469813,-0.394813,0.126668,-1.482575,-1.482575,-1.482575,-1.482575
91.242912,0.187830,-0.470225,-0.394930,0.126823,-1.476664,-1.476664,-1.476664,-1.476664
91.252380,0.188501,-0.470562,-0.394779,0.127209,-1.470965,-1.470965,-1.470965,-1.470965
91.262917,0.189232,-0.470980,-0.394482,0.127792,-1.464194,-1.464194,-1.464194,-1.464194
91.272385,0.189546,-0.471663,-0.394566,0.128120,-1.457721,-1.457721,-1.457721,-1.457721
91.282921,0.188265,-0.473328,-0.395993,0.126690,-1.450084,-1.450084,-1.450084,-1.450084
91.292381,0.188605,-0.473733,-0.396148,0.126758,-1.442847,-1.442847,-1.442847,-1.442847
91.302910,0.189051,-0.473971,-0.396148,0.126857,-1.434358,-1.434358,-1.434358,-1.434358
91.312378,0.189589,-0.474164,-0.396120,0.126987,-1.426335,-1.426335,-1.426335,-1.426335
91.322914,0.189965,-0.474286,-0.395896,0.127112,-1.416982,-1.416982,-1.416982,-1.416982
91.332382,0.190488,-0.474282,-0.395641,0.127349,-1.408195,-1.408195,-1.408195,-1.408195
91.342918,0.191289,-0.474219,-0.395163,0.127793,-1.397988,-1.397988,-1.397988,-1.397988
91.352379,0.190151,-0.475515,-0.396224,0.126224,-1.388430,-1.388430,-1.388430,-1.388430
91.362915,0.190854,-0.475288,-0.395523,0.126686,-1.377373,-1.377373,-1.377373,-1.377373
91.372383,0.191041,-0.475260,-0.395392,0.126819,-1.367048,-1.367048,-1.367048,-1.367048
91.382912,0.190371,-0.475685,-0.396080,0.126379,-1.355141,-1.355141,-1.355141,-1.355141
91.392372,0.190635,-0.475169,-0.395775,0.126382,-1.344064,-1.344064,-1.344064,-1.344064
91.402908,0.191042,-0.474888,-0.395176,0.126527,-1.331315,-1.331315,-1.331315,-1.331315
91.412384,0.191498,-0.474569,-0.394599,0.126664,-1.319465,-1.319465,-1.319465,-1.319465
91.422913,0.190200,-0.475519,-0.395501,0.125069,-1.305877,-1.305877,-1.305877,-1.305877
91.432381,0.190686,-0.474955,-0.394773,0.125219,-1.293291,-1.293291,-1.293291,-1.293291
91.442909,0.191202,-0.474347,-0.394051,0.125532,-1.278874,-1.278874,-1.278874,-1.278874
91.452377,0.191664,-0.473603,-0.393290,0.125763,-1.265543,-1.265543,-1.265543,-1.265543
91.462914,0.192011,-0.472803,-0.392413,0.126087,-1.250303,-1.250303,-1.250303,-1.250303
91.472382,0.192288,-0.471951,-0.392992,0.124646,-1.236239,-1.236239,-1.236239,-1.236239
91.482903,0.192341,-0.471332,-0.392124,0.125025,-1.220199,-1.220199,-1.220199,-1.220199
91.492325,0.190431,-0.471999,-0.392993,0.123460,-1.205481,-1.205481,-1.205481,-1.205481
91.502831,0.190848,-0.470886,-0.391906,0.124049,-1.188673,-1.188673,-1.188673,-1.188673
91.512276,0.191351,-0.469742,-0.390593,0.124751,-1.173201,-1.173201,-1.173201,-1.173201
91.522804,0.191821,-0.468676,-0.389355,0.125342,-1.155570,-1.155570,-1.155570,-1.155570
91.532280,0.192297,-0.467523,-0.388009,0.126082,-1.139352,-1.139352,-1.139352,-1.139352
91.542809,0.192816,-0.466099,-0.387964,0.125201,-1.120936,-1.120936,-1.120936,-1.120936
91.552277,0.193437,-0.464855,-0.386571,0.126240,-1.104027,-1.104027,-1.104027,-1.104027
91.562805,0.192458,-0.464852,-0.386654,0.125578,-1.084845,-1.084845,-1.084845,-1.084845
91.572281,0.193148,-0.463496,-0.385213,0.126627,-1.067248,-1.067248,-1.067248,-1.067248
91.582771,0.193617,-0.462256,-0.383998,0.127683,-1.047381,-1.047381,-1.047381,-1.047381
91.592224,0.194263,-0.460905,-0.382720,0.128802,-1.029150,-1.029150,-1.029150,-1.029150
91.602776,0.194992,-0.459453,-0.381249,0.129970,-1.008448,-1.008448,-1.008448,-1.008448
91.612228,0.195575,-0.458144,-0.379809,0.131124,-0.989563,-0.989563,-0.989563,-0.989563
91.622772,0.196536,-0.456569,-0.378192,0.132418,-0.968143,-0.968143,-0.968143,-0.968143
91.632225,0.195997,-0.456084,-0.377718,0.132183,-0.948621,-0.948621,-0.948621,-0.948621
91.642754,0.197236,-0.454244,-0.375728,0.133678,-0.926523,-0.926523,-0.926523,-0.926523
91.652222,0.198465,-0.452393,-0.373706,0.135304,-0.906344,-0.906344,-0.906344,-0.906344
91.662750,0.199787,-0.450342,-0.372983,0.135278,-0.883564,-0.883564,-0.883564,-0.883564
91.672226,0.201494,-0.448303,-0.370782,0.137188,-0.862761,-0.862761,-0.862761,-0.862761
91.682762,0.201824,-0.450343,-0.369641,0.137603,-0.839286,-0.839286,-0.839286,-0.839286
91.692223,0.203244,-0.448265,-0.367666,0.139296,-0.817925,-0.817925,-0.817925,-0.817925
91.702751,0.204815,-0.445967,-0.365522,0.141207,-0.793826,-0.793826,-0.793826,-0.793826
91.713280,0.206395,-0.443645,-0.363209,0.143260,-0.769403,-0.769403,-0.769403,-0.769403
91.722786,0.207603,-0.441498,-0.361131,0.145174,-0.747060,-0.747060,-0.747060,-0.747060
91.732224,0.209260,-0.439107,-0.358932,0.147276,-0.724604,-0.724604,-0.724604,-0.724604
91.742767,0.217832,-0.433053,-0.352248,0.155713,-0.699242,-0.699242,-0.699242,-0.699242
91.752220,0.218024,-0.434209,-0.354150,0.156209,-0.676219,-0.676219,-0.676219,-0.676219
91.762749,0.219720,-0.431702,-0.351809,0.158213,-0.650299,-0.650299,-0.650299,-0.650299
91.772224,0.221542,-0.429117,-0.349463,0.160233,-0.626717,-0.626717,-0.626717,-0.626717
91.782745,0.223278,-0.426439,-0.347206,0.162239,-0.600254,-0.600254,-0.600254,-0.600254
91.793236,0.224996,-0.423741,-0.344896,0.164305,-0.573583,-0.573583,-0.573583,-0.573583
91.802689,0.226766,-0.421006,-0.342622,0.166350,-0.549308,-0.549308,-0.549308,-0.549308
91.813171,0.228564,-0.418263,-0.340245,0.168453,-0.522123,-0.522123,-0.522123,-0.522123
91.822655,0.230344,-0.415485,-0.337895,0.170542,-0.497315,-0.497315,-0.497315,-0.497315
91.833122,0.232212,-0.412597,-0.335550,0.172773,-0.469679,-0.469679,-0.469679,-0.469679
91.843651,0.234240,-0.409599,-0.333099,0.175063,-0.441609,-0.441609,-0.441609,-0.441609
91.853119,0.236256,-0.406599,-0.330559,0.177352,-0.416179,-0.416179,-0.416179,-0.416179
91.863647,0.238252,-0.403593,-0.328125,0.179556,-0.387661,-0.387661,-0.387661,-0.387661
91.874168,0.240127,-0.400579,-0.325540,0.181797,-0.358922,-0.358922,-0.358922,-0.358922
91.883690,0.242088,-0.397479,-0.322890,0.184223,-0.332735,-0.332735,-0.332735,-0.332735
91.894173,0.244137,-0.394375,-0.320243,0.186633,-0.303688,-0.303688,-0.303688,-0.303688
91.903687,0.250198,-0.389993,-0.315855,0.192782,-0.277137,-0.277137,-0.277137,-0.277137
91.914169,0.252124,-0.386669,-0.313140,0.195183,-0.247696,-0.247696,-0.247696,-0.247696
91.923691,0.257697,-0.382387,-0.309074,0.201082,-0.220795,-0.220795,-0.220795,-0.220795
91.934227,0.259429,-0.378899,-0.306585,0.203401,-0.190829,-0.190829,-0.190829,-0.190829
91.943733,0.264238,-0.374888,-0.303261,0.208487,-0.163632,-0.163632,-0.163632,-0.163632
91.953178,0.265763,-0.371162,-0.300852,0.210528,-0.136480,-0.136480,-0.136480,-0.136480
91.963730,0.267566,-0.367128,-0.298077,0.212748,-0.105996,-0.105996,-0.105996,-0.105996
91.973244,0.269636,-0.362335,-0.294960,0.215018,-0.078362,-0.078362,-0.078362,-0.078362
91.983780,0.271541,-0.356986,-0.291642,0.217283,-0.047611,-0.047611,-0.047611,-0.047611
91.993225,0.273387,-0.352097,-0.288576,0.219723,-0.019929,-0.019929,-0.019929,-0.019929
92.003754,0.275414,-0.347213,-0.284758,0.222119,0.011068,0.011068,0.011068,0.011068
92.013222,0.277800,-0.342305,-0.279549,0.224458,0.039049,0.039049,0.039049,0.039049
92.023766,0.280024,-0.337808,-0.276039,0.227044,0.070320,0.070320,0.070320,0.070320
92.033226,0.280148,-0.332564,-0.271928,0.227986,0.098457,0.098457,0.098457,0.098457
92.043793,0.282326,-0.328449,-0.268783,0.230553,0.130008,0.130008,0.130008,0.130008
92.053276,0.283611,-0.323838,-0.264794,0.233091,0.158403,0.158403,0.158403,0.158403
92.063873,0.283945,-0.317738,-0.259565,0.234920,0.190204,0.190204,0.190204,0.190204
92.073334,0.287421,-0.314223,-0.255761,0.238764,0.218674,0.218674,0.218674,0.218674
92.083908,0.290841,-0.309862,-0.251860,0.242076,0.250539,0.250539,0.250539,0.250539
92.093384,0.293471,-0.305935,-0.248416,0.245363,0.279175,0.279175,0.279175,0.279175
92.103943,0.296616,-0.301599,-0.245088,0.250293,0.311123,0.311123,0.311123,0.311123
92.113441,0.296416,-0.295370,-0.239788,0.253880,0.339887,0.339887,0.339887,0.339887
92.123993,0.300688,-0.291421,-0.236662,0.257078,0.371889,0.371889,0.371889,0.371889
92.133484,0.303750,-0.287565,-0.233618,0.260593,0.400691,0.400691,0.400691,0.400691
92.144020,0.307745,-0.283418,-0.230427,0.264101,0.432685,0.432685,0.432685,0.432685
92.153488,0.310937,-0.279327,-0.227318,0.267654,0.461447,0.461447,0.461447,0.461447
92.164047,0.314191,-0.275344,-0.224152,0.271218,0.493501,0.493501,0.493501,0.493501
92.173546,0.317611,-0.271285,-0.220836,0.274773,0.522339,0.522339,0.522339,0.522339
92.184105,0.320832,-0.267195,-0.217387,0.278352,0.554398,0.554398,0.554398,0.554398
92.193611,0.324885,-0.259905,-0.211041,0.283249,0.583230,0.583230,0.583230,0.583230
92.204178,0.327658,-0.256130,-0.208311,0.286534,0.615225,0.615225,0.615225,0.615225
92.213692,0.328964,-0.256117,-0.209030,0.288165,0.644014,0.644014,0.644014,0.644014
92.224228,0.331933,-0.252033,-0.205992,0.291603,0.675843,0.675843,0.675843,0.675843
92.233742,0.332922,-0.252271,-0.206954,0.292867,0.704530,0.704530,0.704530,0.704530
92.243225,0.337687,-0.247942,-0.203536,0.298405,0.733056,0.733056,0.733056,0.733056
92.253761,0.336860,-0.249222,-0.205916,0.298290,0.764696,0.764696,0.764696,0.764696
92.263229,0.338521,-0.245385,-0.203552,0.300883,0.793041,0.793041,0.793041,0.793041
92.273773,0.340877,-0.241182,-0.200528,0.304002,0.824506,0.824506,0.824506,0.824506
92.283226,0.344382,-0.236319,-0.196274,0.308009,0.852626,0.852626,0.852626,0.852626
92.293755,0.350964,-0.231276,-0.191391,0.315350,0.883843,0.883843,0.883843,0.883843
92.303230,0.353868,-0.227228,-0.187771,0.318812,0.911840,0.911840,0.911840,0.911840
92.313797,0.356700,-0.223047,-0.184237,0.322258,0.942914,0.942914,0.942914,0.942914
92.323227,0.359328,-0.218839,-0.180711,0.325624,0.970544,0.970544,0.970544,0.970544
92.333763,0.362100,-0.214559,-0.177297,0.328887,1.001255,1.001255,1.001255,1.001255
92.343224,0.365173,-0.209739,-0.173111,0.332575,1.028690,1.028690,1.028690,1.028690
92.353767,0.367689,-0.205620,-0.169659,0.335815,1.059106,1.059106,1.059106,1.059106
92.363220,0.370348,-0.201436,-0.166152,0.339138,1.086232,1.086232,1.086232,1.086232
92.373764,0.373730,-0.196417,-0.161830,0.342923,1.116307,1.116307,1.116307,1.116307
92.383232,0.376051,-0.192427,-0.158431,0.345944,1.143148,1.143148,1.143148,1.143148
92.393776,0.378232,-0.188401,-0.155176,0.348918,1.172836,1.172836,1.172836,1.172836
92.403221,0.380622,-0.184088,-0.151533,0.352053,1.199256,1.199256,1.199256,1.199256
92.413765,0.382954,-0.179997,-0.148058,0.354946,1.228528,1.228528,1.228528,1.228528
92.423225,0.385276,-0.175725,-0.144477,0.357957,1.254592,1.254592,1.254592,1.254592
92.433762,0.387648,-0.171423,-0.140910,0.361093,1.283398,1.283398,1.283398,1.283398
92.443222,0.390042,-0.167214,-0.137492,0.364140,1.309065,1.309065,1.309065,1.309065
92.453773,0.392369,-0.163062,-0.134017,0.367179,1.337427,1.337427,1.337427,1.337427
92.463226,0.394681,-0.158841,-0.130592,0.370137,1.362612,1.362612,1.362612,1.362612
92.473747,0.396980,-0.154627,-0.127052,0.373128,1.390369,1.390369,1.390369,1.390369
92.483223,0.400109,-0.149594,-0.122586,0.376795,1.415148,1.415148,1.415148,1.415148
92.493752,0.402438,-0.145482,-0.119051,0.379863,1.442390,1.442390,1.442390,1.442390
92.503227,0.404745,-0.141617,-0.115716,0.382852,1.466651,1.466651,1.466651,1.466651
92.513771,0.407448,-0.137555,-0.112057,0.386144,1.493343,1.493343,1.493343,1.493343
92.523232,0.410657,-0.133139,-0.107774,0.389865,1.517017,1.517017,1.517017,1.517017
92.533783,0.414063,-0.128822,-0.103614,0.393927,1.543128,1.543128,1.543128,1.543128
92.544258,0.416339,-0.125378,-0.100963,0.396775,1.568710,1.568710,1.568710,1.568710
92.553749,0.418562,-0.121995,-0.098312,0.399663,1.591610,1.591610,1.591610,1.591610
92.564224,0.420736,-0.118821,-0.095804,0.402645,1.616533,1.616533,1.616533,1.616533
92.574753,0.422956,-0.115781,-0.093409,0.405602,1.641221,1.641221,1.641221,1.641221
92.584221,0.424779,-0.113025,-0.091288,0.408411,1.663128,1.663128,1.663128,1.663128
92.594772,0.426782,-0.110305,-0.089194,0.411354,1.687170,1.687170,1.687170,1.687170
92.604233,0.429667,-0.107152,-0.086305,0.414873,1.708397,1.708397,1.708397,1.708397
92.614777,0.432028,-0.104645,-0.083998,0.418018,1.731690,1.731690,1.731690,1.731690
92.624222,0.434219,-0.102286,-0.082101,0.420992,1.752207,1.752207,1.752207,1.752207
92.634758,0.437112,-0.099380,-0.079527,0.424361,1.774718,1.774718,1.774718,1.774718
92.644218,0.439009,-0.097352,-0.078154,0.426916,1.794572,1.794572,1.794572,1.794572
92.654755,0.440957,-0.095018,-0.076591,0.429564,1.816280,1.816280,1.816280,1.816280
92.664230,0.442721,-0.092772,-0.074937,0.432064,1.835428,1.835428,1.835428,1.835428
92.674782,0.444430,-0.090669,-0.073379,0.434459,1.856359,1.856359,1.856359,1.856359
92.684280,0.446048,-0.088663,-0.071869,0.436760,1.874796,1.874796,1.874796,1.874796
92.694832,0.448950,-0.085518,-0.069142,0.440249,1.894862,1.894862,1.894862,1.894862
92.704277,0.450250,-0.083868,-0.068191,0.442352,1.912436,1.912436,1.912436,1.912436
92.714813,0.452071,-0.081622,-0.066325,0.444869,1.931593,1.931593,1.931593,1.931593
92.724274,0.454942,-0.078408,-0.063353,0.448309,1.948397,1.948397,1.948397,1.948397
92.734825,0.455915,-0.077080,-0.062512,0.450078,1.966674,1.966674,1.966674,1.966674
92.744278,0.457269,-0.075411,-0.061395,0.451941,1.982637,1.982637,1.982637,1.982637
92.754776,0.457778,-0.074166,-0.060467,0.453436,1.999915,1.999915,1.999915,1.999915
92.764229,0.458518,-0.072735,-0.059346,0.455073,2.015027,2.015027,2.015027,2.015027
92.774765,0.460701,-0.070020,-0.056834,0.458008,2.031417,2.031417,2.031417,2.031417
92.784225,0.461328,-0.068929,-0.056156,0.459358,2.045679,2.045679,2.045679,2.045679
92.794769,0.461956,-0.067707,-0.055304,0.460687,2.061099,2.061099,2.061099,2.061099
92.804276,0.462645,-0.066420,-0.054466,0.462005,2.074543,2.074543,2.074543,2.074543
92.814827,0.462942,-0.065313,-0.054036,0.462957,2.088967,2.088967,2.088967,2.088967
92.824287,0.462822,-0.064506,-0.054000,0.463713,2.101439,2.101439,2.101439,2.101439
92.834755,0.463301,-0.063243,-0.053351,0.464953,2.114733,2.114733,2.114733,2.114733
92.844223,0.463666,-0.062231,-0.052933,0.465995,2.126302,2.126302,2.126302,2.126302
92.854759,0.465447,-0.059826,-0.051203,0.468286,2.138643,2.138643,2.138643,2.138643
92.864227,0.466302,-0.058405,-0.050298,0.469547,2.149260,2.149260,2.149260,2.149260
92.874756,0.467310,-0.057185,-0.049370,0.470893,2.160537,2.160537,2.160537,2.160537
92.884224,0.467722,-0.056409,-0.049068,0.471715,2.170194,2.170194,2.170194,2.170194
92.894768,0.468090,-0.055502,-0.048641,0.472572,2.180404,2.180404,2.180404,2.180404
92.904221,0.468533,-0.054589,-0.048300,0.473394,2.189075,2.189075,2.189075,2.189075
92.914772,0.468801,-0.053724,-0.047839,0.474333,2.198191,2.198191,2.198191,2.198191
92.924225,0.470607,-0.051355,-0.045851,0.476680,2.205868,2.205868,2.205868,2.205868
92.934776,0.470852,-0.050655,-0.045629,0.477445,2.213871,2.213871,2.213871,2.213871
92.944229,0.471777,-0.049611,-0.044864,0.478614,2.220536,2.220536,2.220536,2.220536
92.954773,0.472216,-0.048918,-0.044510,0.479413,2.227408,2.227408,2.227408,2.227408
92.964226,0.472400,-0.048192,-0.044155,0.480193,2.233053,2.233053,2.233053,2.233053
92.974762,0.473599,-0.046906,-0.043119,0.481451,2.238777,2.238777,2.238777,2.238777
92.984222,0.473808,-0.046314,-0.042849,0.482007,2.243396,2.243396,2.243396,2.243396
92.994766,0.475533,-0.044081,-0.041129,0.484114,2.247961,2.247961,2.247961,2.247961
93.004227,0.475513,-0.043637,-0.041079,0.484662,2.251534,2.251534,2.251534,2.251534
93.014786,0.475330,-0.043233,-0.041037,0.485099,2.254936,2.254936,2.254936,2.254936
93.024284,0.475230,-0.042761,-0.041026,0.485539,2.257464,2.257464,2.257464,2.257464
93.034828,0.475235,-0.042263,-0.041049,0.485906,2.259675,2.259675,2.259675,2.259675
93.044334,0.475258,-0.041895,-0.040964,0.486382,2.261132,2.261132,2.261132,2.261132
93.054893,0.475467,-0.041323,-0.040710,0.486918,2.262149,2.262149,2.262149,2.262149
93.064377,0.477526,-0.038997,-0.038458,0.489286,2.262524,2.262524,2.262524,2.262524
93.074936,0.477561,-0.038565,-0.038382,0.489626,2.262337,2.262337,2.262337,2.262337
93.084396,0.476897,-0.038523,-0.038769,0.489665,2.261628,2.261628,2.261628,2.261628
93.094948,0.476944,-0.037907,-0.038522,0.490068,2.260233,2.260233,2.260233,2.260233
93.104431,0.477094,-0.037372,-0.038240,0.490461,2.258430,2.258430,2.258430,2.258430
93.114899,0.478684,-0.035416,-0.036478,0.492439,2.255841,2.255841,2.255841,2.255841
93.124390,0.478647,-0.035139,-0.036633,0.492703,2.252945,2.252945,2.252945,2.252945
93.134911,0.480293,-0.033140,-0.035106,0.494500,2.249127,2.249127,2.249127,2.249127
93.144386,0.479978,-0.032912,-0.035098,0.494659,2.245137,2.245137,2.245137,2.245137
93.154930,0.479247,-0.032967,-0.035617,0.494533,2.240086,2.240086,2.240086,2.240086
93.164383,0.478221,-0.033260,-0.036507,0.494248,2.235010,2.235010,2.235010,2.235010
93.174881,0.477888,-0.033132,-0.036636,0.494602,2.228758,2.228758,2.228758,2.228758
93.184280,0.479281,-0.031375,-0.034857,0.496529,2.222623,2.222623,2.222623,2.222623
93.194824,0.479290,-0.031294,-0.034757,0.496765,2.215122,2.215122,2.215122,2.215122
93.204285,0.479251,-0.031100,-0.034645,0.496895,2.207847,2.207847,2.207847,2.207847
93.214836,0.478849,-0.031056,-0.034741,0.496972,2.199117,2.199117,2.199117,2.199117
93.224289,0.478573,-0.030784,-0.034687,0.497032,2.190739,2.190739,2.190739,2.190739
93.234856,0.478352,-0.030758,-0.034812,0.497080,2.180766,2.180766,2.180766,2.180766
93.244331,0.477962,-0.030697,-0.034769,0.497142,2.171272,2.171272,2.171272,2.171272
93.254875,0.479358,-0.028893,-0.033037,0.498831,2.160094,2.160094,2.160094,2.160094
93.264328,0.478824,-0.028834,-0.033243,0.498816,2.149527,2.149527,2.149527,2.149527
93.274803,0.478195,-0.029012,-0.033746,0.498718,2.137210,2.137210,2.137210,2.137210
93.284233,0.479584,-0.027165,-0.032181,0.500321,2.125588,2.125588,2.125588,2.125588
93.294777,0.479266,-0.027120,-0.032486,0.500141,2.111982,2.111982,2.111982,2.111982
93.304230,0.479000,-0.026985,-0.032707,0.499980,2.099242,2.099242,2.099242,2.099242
93.314774,0.480593,-0.025147,-0.030858,0.501798,2.084425,2.084425,2.084425,2.084425
93.324226,0.480833,-0.024764,-0.030559,0.501961,2.070601,2.070601,2.070601,2.070601
93.334785,0.480552,-0.024782,-0.030686,0.501891,2.054569,2.054569,2.054569,2.054569
93.344292,0.480102,-0.024871,-0.030888,0.501860,2.039589,2.039589,2.039589,2.039589
93.354805,0.479783,-0.024873,-0.031148,0.501735,2.022424,2.022424,2.022424,2.022424
93.364273,0.481239,-0.023136,-0.029581,0.503328,2.006443,2.006443,2.006443,2.006443
93.374779,0.480939,-0.023196,-0.029724,0.503296,1.988119,1.988119,1.988119,1.988119
93.384277,0.480244,-0.023466,-0.029975,0.503163,1.971035,1.971035,1.971035,1.971035
93.394775,0.481083,-0.022260,-0.028794,0.504601,1.951561,1.951561,1.951561,1.951561
93.404221,0.480633,-0.022405,-0.029077,0.504509,1.933516,1.933516,1.933516,1.933516
93.414757,0.480210,-0.022527,-0.029265,0.504321,1.912830,1.912830,1.912830,1.912830
93.424232,0.481607,-0.020818,-0.027620,0.505807,1.893690,1.893690,1.893690,1.893690
93.434784,0.481919,-0.020237,-0.027014,0.505985,1.871830,1.871830,1.871830,1.871830
93.444275,0.482306,-0.019900,-0.026657,0.506130,1.851640,1.851640,1.851640,1.851640
93.454819,0.481815,-0.020025,-0.026991,0.505826,1.828655,1.828655,1.828655,1.828655
93.464279,0.481322,-0.020139,-0.027456,0.505412,1.807533,1.807533,1.807533,1.807533
93.474823,0.480650,-0.020338,-0.027740,0.505028,1.783430,1.783430,1.783430,1.783430
93.484276,0.480099,-0.020536,-0.027961,0.504769,1.761342,1.761342,1.761342,1.761342
93.494804,0.479260,-0.020902,-0.028439,0.504290,1.736185,1.736185,1.736185,1.736185
93.504219,0.478002,-0.021469,-0.029221,0.503654,1.713217,1.713217,1.713217,1.713217
93.514732,0.477507,-0.021501,-0.029403,0.503615,1.687044,1.687044,1.687044,1.687044
93.524223,0.477247,-0.021560,-0.029580,0.503474,1.662924,1.662924,1.662924,1.662924
93.534721,0.477062,-0.021488,-0.029556,0.503294,1.635740,1.635740,1.635740,1.635740
93.544167,0.478692,-0.019587,-0.027680,0.504780,1.610808,1.610808,1.610808,1.610808
93.554657,0.478479,-0.019698,-0.027701,0.504453,1.582629,1.582629,1.582629,1.582629
93.565170,0.477783,-0.019824,-0.027754,0.503852,1.553834,1.553834,1.553834,1.553834
93.574654,0.476863,-0.019934,-0.027834,0.503161,1.527427,1.527427,1.527427,1.527427
93.585175,0.475836,-0.020019,-0.028029,0.502297,1.497633,1.497633,1.497633,1.497633
93.594688,0.474750,-0.020126,-0.028258,0.501265,1.470235,1.470235,1.470235,1.470235
93.605171,0.473401,-0.020238,-0.028447,0.500034,1.439577,1.439577,1.439577,1.439577
93.614693,0.463074,-0.030268,-0.038875,0.489952,1.411300,1.411300,1.411300,1.411300
93.625191,0.460989,-0.030665,-0.039576,0.488249,1.379675,1.379675,1.379675,1.379675
93.634689,0.450706,-0.040520,-0.049673,0.478591,1.350614,1.350614,1.350614,1.350614
93.645172,0.449900,-0.039689,-0.048578,0.477874,1.318115,1.318115,1.318115,1.318115
93.654617,0.442274,-0.047936,-0.056162,0.470070,1.288414,1.288414,1.288414,1.288414
93.665123,0.443102,-0.045658,-0.053562,0.470722,1.254963,1.254963,1.254963,1.254963
93.674622,0.435185,-0.054057,-0.061717,0.462597,1.224306,1.224306,1.224306,1.224306
93.685181,0.434577,-0.053461,-0.060784,0.461769,1.189812,1.189812,1.189812,1.189812
93.694740,0.426986,-0.061796,-0.068621,0.454001,1.158205,1.158205,1.158205,1.158205
93.704224,0.426549,-0.061060,-0.067638,0.453173,1.126482,1.126482,1.126482,1.126482
93.714729,0.426237,-0.060392,-0.066780,0.452316,1.090956,1.090956,1.090956,1.090956
93.725227,0.425447,-0.060134,-0.066265,0.451188,1.055022,1.055022,1.055022,1.055022
93.734711,0.424337,-0.060281,-0.066343,0.449821,1.022235,1.022235,1.022235,1.022235
93.745224,0.423140,-0.060419,-0.066495,0.448278,0.985480,0.985480,0.985480,0.985480
93.754738,0.416292,-0.068165,-0.074335,0.440838,0.951916,0.951916,0.951916,0.951916
93.764221,0.415488,-0.068282,-0.074107,0.439454,0.918117,0.918117,0.918117,0.918117
93.774765,0.410287,-0.075084,-0.080418,0.433283,0.880206,0.880206,0.880206,0.880206
93.784225,0.410566,-0.074004,-0.078960,0.432981,0.845858,0.845858,0.845858,0.845858
93.794785,0.409351,-0.074580,-0.079221,0.431324,0.807220,0.807220,0.807220,0.807220
93.804283,0.409090,-0.073992,-0.078516,0.433862,0.772157,0.772157,0.772157,0.772157
93.814835,0.407641,-0.074860,-0.079095,0.431699,0.732870,0.732870,0.732870,0.732870
93.824341,0.405981,-0.075836,-0.079804,0.429462,0.697204,0.697204,0.697204,0.697204
93.834908,0.404029,-0.077094,-0.080811,0.427034,0.657253,0.657253,0.657253,0.657253
93.844391,0.401979,-0.078544,-0.082120,0.424451,0.621131,0.621131,0.621131,0.621131
93.854958,0.403258,-0.078837,-0.082303,0.425099,0.580625,0.580625,0.580625,0.580625
93.864441,0.400905,-0.080564,-0.083820,0.422088,0.543988,0.543988,0.543988,0.543988
93.875000,0.398713,-0.082321,-0.085118,0.419204,0.502961,0.502961,0.502961,0.502961
93.884499,0.399305,-0.082978,-0.081871,0.419215,0.465816,0.465816,0.465816,0.465816
93.895042,0.396152,-0.085610,-0.084332,0.415645,0.424347,0.424347,0.424347,0.424347
93.904549,0.393379,-0.087996,-0.086669,0.412298,0.386764,0.386764,0.386764,0.386764
93.915115,0.392427,-0.086714,-0.085200,0.410871,0.344738,0.344738,0.344738,0.344738
93.924622,0.389200,-0.089543,-0.087801,0.407185,0.306736,0.306736,0.306736,0.306736
93.935120,0.387428,-0.089252,-0.087395,0.404952,0.264579,0.264579,0.264579,0.264579
93.944633,0.382695,-0.095586,-0.093360,0.399615,0.226215,0.226215,0.226215,0.226215
93.955177,0.379074,-0.098694,-0.096104,0.395406,0.183494,0.183494,0.183494,0.183494
93.964691,0.374971,-0.104383,-0.101112,0.390514,0.144776,0.144776,0.144776,0.144776
93.975227,0.371307,-0.107563,-0.103688,0.386140,0.101756,0.101756,0.101756,0.101756
93.984711,0.368754,-0.112980,-0.108294,0.381272,0.062914,0.062914,0.062914,0.062914
93.994171,0.362191,-0.114209,-0.109217,0.373969,0.024017,0.024017,0.024017,0.024017
94.004715,0.355993,-0.119604,-0.114273,0.367509,-0.019460,-0.019460,-0.019460,-0.019460
94.015182,0.351308,-0.121762,-0.116537,0.362411,-0.062724,-0.062724,-0.062724,-0.062724
94.024651,0.346800,-0.125482,-0.120105,0.357329,-0.101960,-0.101960,-0.101960,-0.101960
94.035118,0.342501,-0.129854,-0.124177,0.352259,-0.145462,-0.145462,-0.145462,-0.145462
94.044693,0.339735,-0.134888,-0.128736,0.348328,-0.185304,-0.185304,-0.185304,-0.185304
94.054176,0.335533,-0.139129,-0.133153,0.343432,-0.224835,-0.224835,-0.224835,-0.224835
94.064735,0.331076,-0.144827,-0.139850,0.338434,-0.268923,-0.268923,-0.268923,-0.268923
94.074234,0.326301,-0.151629,-0.145324,0.333393,-0.308632,-0.308632,-0.308632,-0.308632
94.084755,0.320944,-0.158730,-0.150382,0.327999,-0.352666,-0.352666,-0.352666,-0.352666
94.094231,0.316071,-0.165608,-0.154975,0.322822,-0.392331,-0.392331,-0.392331,-0.392331
94.104774,0.311922,-0.170997,-0.159422,0.317878,-0.436501,-0.436501,-0.436501,-0.436501
94.114227,0.305256,-0.176927,-0.164614,0.310460,-0.476106,-0.476106,-0.476106,-0.476106
94.124779,0.301961,-0.181954,-0.168445,0.306184,-0.520346,-0.520346,-0.520346,-0.520346
94.134277,0.298671,-0.187119,-0.172431,0.301912,-0.560125,-0.560125,-0.560125,-0.560125
94.144821,0.295263,-0.192186,-0.176544,0.297457,-0.604266,-0.604266,-0.604266,-0.604266
94.154228,0.291783,-0.197258,-0.180664,0.293089,-0.643595,-0.643595,-0.643595,-0.643595
94.164780,0.288400,-0.202387,-0.185068,0.288629,-0.687703,-0.687703,-0.687703,-0.687703
94.174286,0.285441,-0.207244,-0.189130,0.284421,-0.727356,-0.727356,-0.727356,-0.727356
94.184830,0.281885,-0.214549,-0.195883,0.279777,-0.771297,-0.771297,-0.771297,-0.771297
94.194275,0.278603,-0.219595,-0.200154,0.275433,-0.810578,-0.810578,-0.810578,-0.810578
94.204872,0.275339,-0.224544,-0.204488,0.270951,-0.854551,-0.854551,-0.854551,-0.854551
94.214325,0.271571,-0.229851,-0.209296,0.266089,-0.893697,-0.893697,-0.893697,-0.893697
94.224876,0.267538,-0.235173,-0.214242,0.261181,-0.937248,-0.937248,-0.937248,-0.937248
94.234329,0.264149,-0.240063,-0.218386,0.256884,-0.976163,-0.976163,-0.976163,-0.976163
94.244873,0.260919,-0.245191,-0.222531,0.252563,-1.019433,-1.019433,-1.019433,-1.019433
94.254326,0.257524,-0.250366,-0.226708,0.248250,-1.058108,-1.058108,-1.058108,-1.058108
94.264870,0.253245,-0.255775,-0.231289,0.243279,-1.101068,-1.101068,-1.101068,-1.101068
94.274330,0.249835,-0.260930,-0.235517,0.239011,-1.139436,-1.139436,-1.139436,-1.139436
94.284874,0.246376,-0.266172,-0.239718,0.234673,-1.182036,-1.182036,-1.182036,-1.182036
94.294327,0.243354,-0.271389,-0.244078,0.229707,-1.220080,-1.220080,-1.220080,-1.220080
94.304871,0.240222,-0.276349,-0.247748,0.225667,-1.262277,-1.262277,-1.262277,-1.262277
94.314331,0.235353,-0.282425,-0.253125,0.220237,-1.299933,-1.299933,-1.299933,-1.299933
94.324883,0.231563,-0.287750,-0.257637,0.215666,-1.341725,-1.341725,-1.341725,-1.341725
94.334335,0.227560,-0.293237,-0.262154,0.211020,-1.378921,-1.378921,-1.378921,-1.378921
94.344856,0.223354,-0.298813,-0.266984,0.206209,-1.420104,-1.420104,-1.420104,-1.420104
94.354324,0.220209,-0.303704,-0.271072,0.202082,-1.456937,-1.456937,-1.456937,-1.456937
94.364876,0.216240,-0.309287,-0.275789,0.197092,-1.497681,-1.497681,-1.497681,-1.497681
94.374290,0.213532,-0.314327,-0.279796,0.193385,-1.533773,-1.533773,-1.533773,-1.533773
94.384834,0.210978,-0.319450,-0.283905,0.189960,-1.573938,-1.573938,-1.573938,-1.573938
94.394333,0.207342,-0.325291,-0.288869,0.185511,-1.609830,-1.609830,-1.609830,-1.609830
94.404884,0.205515,-0.330152,-0.292807,0.182530,-1.649366,-1.649366,-1.649366,-1.649366
94.414383,0.202843,-0.335804,-0.297384,0.178715,-1.684659,-1.684659,-1.684659,-1.684659
94.424919,0.200833,-0.341427,-0.301601,0.175866,-1.723500,-1.723500,-1.723500,-1.723500
94.434380,0.199319,-0.346643,-0.305545,0.173226,-1.758041,-1.758041,-1.758041,-1.758041
94.444931,0.197603,-0.351971,-0.309564,0.170501,-1.796202,-1.796202,-1.796202,-1.796202
94.454384,0.195087,-0.357492,-0.314220,0.167453,-1.830052,-1.830052,-1.830052,-1.830052
94.464928,0.193583,-0.362745,-0.318777,0.163829,-1.867452,-1.867452,-1.867452,-1.867452
94.474388,0.192364,-0.367305,-0.321975,0.161852,-1.900616,-1.900616,-1.900616,-1.900616
94.484932,0.190162,-0.372559,-0.326045,0.158800,-1.937225,-1.937225,-1.937225,-1.937225
94.494438,0.189360,-0.376735,-0.328736,0.157027,-1.969824,-1.969824,-1.969824,-1.969824
94.504997,0.188717,-0.380811,-0.331347,0.155374,-2.005611,-2.005611,-2.005611,-2.005611
94.514496,0.186726,-0.385752,-0.335006,0.152619,-2.037420,-2.037420,-2.037420,-2.037420
94.525040,0.186858,-0.389320,-0.336888,0.151666,-2.072289,-2.072289,-2.072289,-2.072289
94.534485,0.186654,-0.393026,-0.339097,0.150531,-2.103112,-2.103112,-2.103112,-2.103112
94.545029,0.186605,-0.396452,-0.341220,0.149529,-2.137065,-2.137065,-2.137065,-2.137065
94.554482,0.186625,-0.399722,-0.343172,0.148622,-2.167081,-2.167081,-2.167081,-2.167081
94.565025,0.184675,-0.404287,-0.346605,0.146026,-2.200052,-2.200052,-2.200052,-2.200052
94.574509,0.184699,-0.407518,-0.348491,0.145141,-2.229296,-2.229296,-2.229296,-2.229296
94.585060,0.182978,-0.411874,-0.351874,0.142672,-2.261310,-2.261310,-2.261310,-2.261310
94.594543,0.183090,-0.414819,-0.353665,0.141859,-2.289603,-2.289603,-2.289603,-2.289603
94.605087,0.183219,-0.417697,-0.355428,0.141038,-2.320558,-2.320558,-2.320558,-2.320558
94.614540,0.183419,-0.420504,-0.357116,0.140288,-2.347834,-2.347834,-2.347834,-2.347834
94.625061,0.183768,-0.423273,-0.358722,0.139711,-2.377662,-2.377662,-2.377662,-2.377662
94.634537,0.193631,-0.416659,-0.350766,0.148637,-2.404015,-2.404015,-2.404015,-2.404015
94.645088,0.193335,-0.419508,-0.352576,0.147713,-2.432802,-2.432802,-2.432802,-2.432802
94.654541,0.193059,-0.413300,-0.345341,0.155985,-2.458092,-2.458092,-2.458092,-2.458092
94.665092,0.192740,-0.416332,-0.347491,0.154649,-2.485743,-2.485743,-2.485743,-2.485743
94.674538,0.201429,-0.410659,-0.340976,0.162519,-2.509978,-2.509978,-2.509978,-2.509978
94.685081,0.198075,-0.415584,-0.345599,0.158950,-2.536433,-2.536433,-2.536433,-2.536433
94.694542,0.207220,-0.409169,-0.338518,0.167173,-2.559637,-2.559637,-2.559637,-2.559637
94.705093,0.206400,-0.412396,-0.341057,0.165626,-2.584894,-2.584894,-2.584894,-2.584894
94.714539,0.215017,-0.406552,-0.334384,0.173351,-2.606966,-2.606966,-2.606966,-2.606966
94.725090,0.213735,-0.409932,-0.337144,0.171436,-2.630985,-2.630985,-2.630985,-2.630985
94.734543,0.221739,-0.404269,-0.330771,0.178892,-2.651927,-2.651927,-2.651927,-2.651927
94.745071,0.220215,-0.407728,-0.333875,0.176718,-2.674629,-2.674629,-2.674629,-2.674629
94.754539,0.218755,-0.411193,-0.336972,0.174509,-2.694459,-2.694459,-2.694459,-2.694459
94.765083,0.217423,-0.414389,-0.339735,0.172436,-2.715900,-2.715900,-2.715900,-2.715900
94.774521,0.225846,-0.408264,-0.333001,0.179978,-2.734482,-2.734482,-2.734482,-2.734482
94.785049,0.224491,-0.411567,-0.335716,0.178007,-2.754552,-2.754552,-2.754552,-2.754552
94.794548,0.232024,-0.406258,-0.330035,0.184876,-2.772058,-2.772058,-2.772058,-2.772058
94.805092,0.228909,-0.410778,-0.334453,0.181244,-2.790804,-2.790804,-2.790804,-2.790804
94.814507,0.226932,-0.414113,-0.337498,0.178774,-2.806917,-2.806917,-2.806917,-2.806917
94.825058,0.224940,-0.417365,-0.340385,0.176532,-2.824300,-2.824300,-2.824300,-2.824300
94.834541,0.223265,-0.420695,-0.343378,0.174319,-2.839285,-2.839285,-2.839285,-2.839285
94.845100,0.221536,-0.423761,-0.346026,0.172273,-2.855257,-2.855257,-2.855257,-2.855257
94.854599,0.220099,-0.426778,-0.348439,0.179825,-2.868984,-2.868984,-2.868984,-2.868984
94.865120,0.217311,-0.430845,-0.351999,0.176444,-2.883469,-2.883469,-2.883469,-2.883469
94.874619,0.225536,-0.424542,-0.345055,0.183833,-2.895893,-2.895893,-2.895893,-2.895893
94.885170,0.224125,-0.427481,-0.347606,0.181654,-2.908966,-2.908966,-2.908966,-2.908966
94.894699,0.222425,-0.430492,-0.350293,0.179392,-2.920105,-2.920105,-2.920105,-2.920105
94.905128,0.220400,-0.433724,-0.353480,0.176988,-2.931570,-2.931570,-2.931570,-2.931570
94.914612,0.228272,-0.427323,-0.346894,0.184248,-2.941319,-2.941319,-2.941319,-2.941319
94.925117,0.226642,-0.430244,-0.349191,0.182197,-2.951385,-2.951385,-2.951385,-2.951385
94.934616,0.236697,-0.424070,-0.342486,0.189305,-2.959800,-2.959800,-2.959800,-2.959800
94.945122,0.252347,-0.428077,-0.346620,0.185479,-2.968358,-2.968358,-2.968358,-2.968358
94.954613,0.261117,-0.421803,-0.339748,0.192360,-2.975401,-2.975401,-2.975401,-2.975401
94.965118,0.276732,-0.425127,-0.342724,0.208059,-2.982438,-2.982438,-2.982438,-2.982438
94.974594,0.284129,-0.419005,-0.336417,0.216136,-2.988092,-2.988092,-2.988092,-2.988092
94.985115,0.298444,-0.422341,-0.340172,0.230640,-2.993601,-2.993601,-2.993601,-2.993601
94.994690,0.312245,-0.426225,-0.344396,0.244305,-2.997904,-2.997904,-2.997904,-2.997904
95.004173,0.325555,-0.429838,-0.348439,0.257324,-2.998372,-2.998372,-2.998372,-2.998372
95.014702,0.331853,-0.424728,-0.343545,0.262889,-2.993687,-2.993687,-2.993687,-2.993687
95.025185,0.344476,-0.429195,-0.348014,0.275469,-2.988218,-2.988218,-2.988218,-2.988218
95.034691,0.355462,-0.432056,-0.351241,0.287931,-2.982555,-2.982555,-2.982555,-2.982555
95.044174,0.366582,-0.434963,-0.355312,0.299671,-2.976257,-2.976257,-2.976257,-2.976257
95.054703,0.370196,-0.429041,-0.350435,0.303556,-2.968493,-2.968493,-2.968493,-2.968493
95.064171,0.381128,-0.432572,-0.354708,0.314898,-2.960830,-2.960830,-2.960830,-2.960830
95.074699,0.392028,-0.436977,-0.359720,0.325921,-2.951552,-2.951552,-2.951552,-2.951552
95.085228,0.402188,-0.440302,-0.363796,0.336192,-2.941481,-2.941481,-2.941481,-2.941481
95.094742,0.412173,-0.443454,-0.368016,0.346089,-2.931705,-2.931705,-2.931705,-2.931705
95.104225,0.422139,-0.446893,-0.372195,0.356122,-2.921323,-2.921323,-2.921323,-2.921323
95.114761,0.423252,-0.441290,-0.367170,0.358059,-2.909048,-2.909048,-2.909048,-2.909048
95.124222,0.432735,-0.445383,-0.372221,0.367566,-2.897366,-2.897366,-2.897366,-2.897366
95.134766,0.442054,-0.448587,-0.376091,0.376607,-2.883626,-2.883626,-2.883626,-2.883626
95.144226,0.450935,-0.451900,-0.380352,0.385535,-2.870638,-2.870638,-2.870638,-2.870638
95.154770,0.458803,-0.455025,-0.384631,0.393987,-2.855453,-2.855453,-2.855453,-2.855453
95.164223,0.466153,-0.458168,-0.389088,0.401950,-2.841187,-2.841187,-2.841187,-2.841187
95.174759,0.473471,-0.461197,-0.393393,0.409623,-2.824590,-2.824590,-2.824590,-2.824590
95.185234,0.480365,-0.463950,-0.397548,0.416990,-2.807360,-2.807360,-2.807360,-2.807360
95.194733,0.486771,-0.467976,-0.402225,0.424650,-2.791103,-2.791103,-2.791103,-2.791103
95.204178,0.493005,-0.470681,-0.405628,0.431743,-2.774359,-2.774359,-2.774359,-2.774359
95.214714,0.493079,-0.465010,-0.400328,0.431320,-2.754995,-2.754995,-2.754995,-2.754995
95.225235,0.501800,-0.467897,-0.403388,0.439218,-2.734962,-2.734962,-2.734962,-2.734962
95.234741,0.510522,-0.470232,-0.406081,0.446429,-2.716239,-2.716239,-2.716239,-2.716239
95.244225,0.518673,-0.472796,-0.408706,0.453516,-2.697012,-2.697012,-2.697012,-2.697012
95.254768,0.516418,-0.466101,-0.402582,0.452219,-2.674974,-2.674974,-2.674974,-2.674974
95.264221,0.523183,-0.470223,-0.407708,0.459557,-2.654632,-2.654632,-2.654632,-2.654632
95.274750,0.528690,-0.472624,-0.411962,0.465367,-2.631339,-2.631339,-2.631339,-2.631339
95.284225,0.533303,-0.475506,-0.416310,0.470708,-2.609810,-2.609810,-2.609810,-2.609810
95.294762,0.538077,-0.478769,-0.420874,0.476086,-2.585240,-2.585240,-2.585240,-2.585240
95.304222,0.543225,-0.481800,-0.425003,0.463838,-2.562624,-2.562624,-2.562624,-2.562624
95.314758,0.548311,-0.484779,-0.428834,0.452177,-2.536825,-2.536825,-2.536825,-2.536825
95.324226,0.553621,-0.487655,-0.432534,0.440867,-2.513119,-2.513119,-2.513119,-2.513119
95.334763,0.541582,-0.491648,-0.437152,0.429863,-2.486128,-2.486128,-2.486128,-2.486128
95.344231,0.530025,-0.494124,-0.440004,0.419925,-2.461345,-2.461345,-2.461345,-2.461345
95.354774,0.518609,-0.496422,-0.442906,0.410294,-2.433176,-2.433176,-2.433176,-2.433176
95.364220,0.507503,-0.498970,-0.446293,0.400832,-2.407433,-2.407433,-2.407433,-2.407433
95.374756,0.497108,-0.500724,-0.448669,0.392204,-2.378169,-2.378169,-2.378169,-2.378169
95.384224,0.487080,-0.502625,-0.451137,0.383728,-2.351371,-2.351371,-2.351371,-2.351371
95.394753,0.477620,-0.504513,-0.453606,0.375445,-2.321033,-2.321033,-2.321033,-2.321033
95.404221,0.468408,-0.506182,-0.455736,0.367346,-2.293266,-2.293266,-2.293266,-2.293266
95.414757,0.459729,-0.507809,-0.457678,0.359602,-2.261860,-2.261860,-2.261860,-2.261860
95.425278,0.451907,-0.509114,-0.458954,0.352792,-2.229950,-2.229950,-2.229950,-2.229950
95.434776,0.444653,-0.510215,-0.459868,0.346295,-2.200667,-2.200667,-2.200667,-2.200667
95.444221,0.436926,-0.511764,-0.461125,0.339528,-2.171160,-2.171160,-2.171160,-2.171160
95.454750,0.437643,-0.503779,-0.452825,0.341472,-2.137763,-2.137763,-2.137763,-2.137763
95.464226,0.429947,-0.505306,-0.454314,0.334945,-2.107309,-2.107309,-2.107309,-2.107309
95.474762,0.421974,-0.508512,-0.457666,0.327887,-2.072960,-2.072960,-2.072960,-2.072960
95.484222,0.415078,-0.509980,-0.459202,0.321846,-2.041695,-2.041695,-2.041695,-2.041695
95.494759,0.408600,-0.511275,-0.460454,0.315905,-2.006455,-2.006455,-2.006455,-2.006455
95.504272,0.401620,-0.514000,-0.462931,0.309509,-1.974213,-1.974213,-1.974213,-1.974213
95.514847,0.395759,-0.515263,-0.463833,0.304269,-1.937969,-1.937969,-1.937969,-1.937969
95.524338,0.389914,-0.516336,-0.464541,0.299131,-1.905079,-1.905079,-1.905079,-1.905079
95.534904,0.384483,-0.517397,-0.465281,0.294196,-1.868034,-1.868034,-1.868034,-1.868034
95.544388,0.379444,-0.518392,-0.465834,0.289382,-1.834442,-1.834442,-1.834442,-1.834442
95.554947,0.374469,-0.519340,-0.466144,0.284836,-1.796638,-1.796638,-1.796638,-1.796638
95.564438,0.369593,-0.520141,-0.466566,0.280379,-1.762337,-1.762337,-1.762337,-1.762337
95.574997,0.365033,-0.520881,-0.466791,0.276215,-1.723793,-1.723793,-1.723793,-1.723793
95.584488,0.359690,-0.523166,-0.468764,0.271045,-1.688845,-1.688845,-1.688845,-1.688845
95.595055,0.354619,-0.524579,-0.469950,0.266578,-1.649592,-1.649592,-1.649592,-1.649592
95.604546,0.350110,-0.525034,-0.470211,0.262593,-1.614033,-1.614033,-1.614033,-1.614033
95.615112,0.345060,-0.526735,-0.471935,0.257828,-1.574121,-1.574121,-1.574121,-1.574121
95.624619,0.341309,-0.526808,-0.471686,0.263335,-1.537960,-1.537960,-1.537960,-1.537960
95.635170,0.336616,-0.528081,-0.472837,0.258602,-1.497488,-1.497488,-1.497488,-1.497488
95.644661,0.342143,-0.518925,-0.462799,0.264247,-1.460856,-1.460856,-1.460856,-1.460856
95.655174,0.338569,-0.518459,-0.461964,0.260665,-1.419994,-1.419994,-1.419994,-1.419994
95.664703,0.344119,-0.509547,-0.452286,0.266181,-1.382714,-1.382714,-1.382714,-1.382714
95.675224,0.340264,-0.508952,-0.451613,0.262400,-1.341291,-1.341291,-1.341291,-1.341291
95.684738,0.336411,-0.508185,-0.450984,0.258506,-1.303618,-1.303618,-1.303618,-1.303618
95.694237,0.332672,-0.507191,-0.450143,0.254751,-1.265826,-1.265826,-1.265826,-1.265826
95.704788,0.338153,-0.498806,-0.441381,0.260042,-1.223605,-1.223605,-1.223605,-1.223605
95.714279,0.334227,-0.497687,-0.440291,0.256212,-1.185455,-1.185455,-1.185455,-1.185455
95.724831,0.330332,-0.496360,-0.438988,0.252321,-1.142838,-1.142838,-1.142838,-1.142838
95.734337,0.326538,-0.494840,-0.437388,0.248642,-1.104280,-1.104280,-1.104280,-1.104280
95.744888,0.322840,-0.493021,-0.435618,0.245025,-1.061299,-1.061299,-1.061299,-1.061299
95.754387,0.319204,-0.491016,-0.433559,0.241686,-1.022467,-1.022467,-1.022467,-1.022467
95.764938,0.315720,-0.488795,-0.431272,0.238769,-0.979165,-0.979165,-0.979165,-0.979165
95.774437,0.312536,-0.486567,-0.428920,0.236115,-0.940067,-0.940067,-0.940067,-0.940067
95.784981,0.309515,-0.484239,-0.426594,0.233622,-0.896554,-0.896554,-0.896554,-0.896554
95.794449,0.306945,-0.481535,-0.423874,0.231558,-0.857373,-0.857373,-0.857373,-0.857373
95.805000,0.304358,-0.478884,-0.421252,0.229585,-0.813599,-0.813599,-0.813599,-0.813599
95.814491,0.301294,-0.476510,-0.419147,0.227419,-0.774128,-0.774128,-0.774128,-0.774128
95.825043,0.298527,-0.477354,-0.417462,0.225072,-0.730181,-0.730181,-0.730181,-0.730181
95.834496,0.297195,-0.473718,-0.413688,0.224309,-0.690718,-0.690718,-0.690718,-0.690718
95.845062,0.296089,-0.470035,-0.409977,0.223789,-0.646574,-0.646574,-0.646574,-0.646574
95.854546,0.295230,-0.466403,-0.406231,0.223405,-0.606919,-0.606919,-0.606919,-0.606919
95.865089,0.294726,-0.462577,-0.402211,0.223377,-0.562755,-0.562755,-0.562755,-0.562755
95.874550,0.294486,-0.458549,-0.394418,0.229365,-0.523137,-0.523137,-0.523137,-0.523137
95.885101,0.294517,-0.454389,-0.390155,0.229593,-0.478921,-0.478921,-0.478921,-0.478921
95.894608,0.300493,-0.447677,-0.382803,0.235348,-0.439115,-0.439115,-0.439115,-0.439115
95.905128,0.300511,-0.443491,-0.378701,0.235703,-0.395009,-0.395009,-0.395009,-0.395009
95.914627,0.305881,-0.437182,-0.372171,0.240898,-0.355236,-0.355236,-0.355236,-0.355236
95.925171,0.305754,-0.433076,-0.368595,0.241109,-0.311120,-0.311120,-0.311120,-0.311120
95.934677,0.309826,-0.429375,-0.365539,0.241018,-0.271388,-0.271388,-0.271388,-0.271388
95.945175,0.310522,-0.424238,-0.361125,0.242109,-0.227544,-0.227544,-0.227544,-0.227544
95.954689,0.315269,-0.417984,-0.355171,0.246891,-0.187877,-0.187877,-0.187877,-0.187877
95.965225,0.315713,-0.412684,-0.350816,0.247748,-0.144029,-0.144029,-0.144029,-0.144029
95.974709,0.319761,-0.406633,-0.345305,0.251840,-0.104627,-0.104627,-0.104627,-0.104627
95.985229,0.317233,-0.401306,-0.341183,0.250158,-0.061029,-0.061029,-0.061029,-0.061029
95.994743,0.321123,-0.393900,-0.335448,0.254209,-0.021699,-0.021699,-0.021699,-0.021699
96.004227,0.322081,-0.386422,-0.329718,0.255689,0.017426,0.017426,0.017426,0.017426
96.014786,0.325215,-0.379931,-0.324315,0.259090,0.060818,0.060818,0.060818,0.060818
96.024277,0.325724,-0.373978,-0.317855,0.260414,0.099742,0.099742,0.099742,0.099742
96.034836,0.326592,-0.367747,-0.310294,0.262200,0.142857,0.142857,0.142857,0.142857
96.044388,0.328044,-0.361286,-0.304403,0.264067,0.181728,0.181728,0.181728,0.181728
96.054939,0.328504,-0.354068,-0.298059,0.264851,0.224475,0.224475,0.224475,0.224475
96.064438,0.330640,-0.347807,-0.292091,0.267465,0.262790,0.262790,0.262790,0.262790
96.074936,0.332322,-0.339851,-0.285196,0.269719,0.304980,0.304980,0.304980,0.304980
96.084435,0.334739,-0.333922,-0.279968,0.272763,0.342941,0.342941,0.342941,0.342941
96.094925,0.337453,-0.328026,-0.274321,0.276460,0.384678,0.384678,0.384678,0.384678
96.104385,0.336584,-0.322099,-0.268951,0.280041,0.422106,0.422106,0.422106,0.422106
96.114937,0.339807,-0.316331,-0.263823,0.283915,0.463614,0.463614,0.463614,0.463614
96.124435,0.342627,-0.307845,-0.256287,0.287887,0.500768,0.500768,0.500768,0.500768
96.134979,0.345225,-0.302395,-0.251483,0.291095,0.541752,0.541752,0.541752,0.541752
96.144432,0.349019,-0.296845,-0.243550,0.295576,0.578267,0.578267,0.578267,0.578267
96.154984,0.352402,-0.291111,-0.238187,0.299253,0.618741,0.618741,0.618741,0.618741
96.164444,0.354750,-0.285822,-0.233468,0.302362,0.654780,0.654780,0.654780,0.654780
96.175003,0.356769,-0.280615,-0.229231,0.305368,0.694715,0.694715,0.694715,0.694715
96.184486,0.359256,-0.275098,-0.224679,0.308571,0.730333,0.730333,0.730333,0.730333
96.195038,0.361913,-0.269580,-0.219946,0.311827,0.769635,0.769635,0.769635,0.769635
96.204483,0.364550,-0.264105,-0.215316,0.315141,0.804528,0.804528,0.804528,0.804528
96.215027,0.369700,-0.258275,-0.210407,0.321154,0.843141,0.843141,0.843141,0.843141
96.224487,0.371877,-0.253015,-0.206290,0.324117,0.877494,0.877494,0.877494,0.877494
96.234993,0.373604,-0.248023,-0.202634,0.326833,0.915307,0.915307,0.915307,0.915307
96.244492,0.375721,-0.242708,-0.198576,0.329659,0.949167,0.949167,0.949167,0.949167
96.255043,0.378204,-0.237341,-0.193985,0.332809,0.986416,0.986416,0.986416,0.986416
96.264496,0.381214,-0.231826,-0.189077,0.336489,1.019468,1.019468,1.019468,1.019468
96.275040,0.384647,-0.226152,-0.183881,0.340478,1.055957,1.055957,1.055957,1.055957
96.284485,0.387968,-0.220395,-0.178608,0.344409,1.088266,1.088266,1.088266,1.088266
96.295013,0.390223,-0.215190,-0.174268,0.347613,1.123908,1.123908,1.123908,1.123908
96.304489,0.392504,-0.210049,-0.170121,0.350838,1.155631,1.155631,1.155631,1.155631
96.315025,0.394814,-0.204989,-0.165923,0.353996,1.190485,1.190485,1.190485,1.190485
96.324486,0.397113,-0.199950,-0.161603,0.357168,1.221414,1.221414,1.221414,1.221414
96.335030,0.399373,-0.194885,-0.157227,0.360394,1.255442,1.255442,1.255442,1.255442
96.344490,0.401793,-0.189791,-0.152839,0.363665,1.285586,1.285586,1.285586,1.285586
96.355034,0.404412,-0.184665,-0.148184,0.367827,1.318753,1.318753,1.318753,1.318753
96.364487,0.406947,-0.179450,-0.143700,0.370961,1.348075,1.348075,1.348075,1.348075
96.375008,0.410603,-0.173246,-0.138096,0.375237,1.380273,1.380273,1.380273,1.380273
96.384483,0.414377,-0.167388,-0.132488,0.379292,1.408849,1.408849,1.408849,1.408849
96.395012,0.417435,-0.162373,-0.127668,0.382762,1.440127,1.440127,1.440127,1.440127
96.404480,0.419731,-0.157772,-0.123674,0.385781,1.467835,1.467835,1.467835,1.467835
96.415016,0.422046,-0.153178,-0.119754,0.388877,1.498173,1.498173,1.498173,1.498173
96.424484,0.425261,-0.147869,-0.114881,0.392863,1.525011,1.525011,1.525011,1.525011
96.435020,0.427514,-0.143569,-0.111280,0.395916,1.554362,1.554362,1.554362,1.554362
96.444443,0.430576,-0.138595,-0.106859,0.399781,1.580183,1.580183,1.580183,1.580183
96.454971,0.432257,-0.134846,-0.104030,0.402540,1.608517,1.608517,1.608517,1.608517
96.464439,0.435084,-0.130614,-0.100512,0.406066,1.633547,1.633547,1.633547,1.633547
96.474983,0.437614,-0.126910,-0.097441,0.409279,1.660896,1.660896,1.660896,1.660896
96.484436,0.439925,-0.123387,-0.094551,0.412423,1.684943,1.684943,1.684943,1.684943
96.494965,0.444143,-0.118309,-0.089756,0.417198,1.711218,1.711218,1.711218,1.711218
96.504440,0.446476,-0.115065,-0.086887,0.420350,1.734360,1.734360,1.734360,1.734360
96.514969,0.449865,-0.110758,-0.083024,0.424597,1.759554,1.759554,1.759554,1.759554
96.524437,0.451948,-0.107854,-0.080765,0.427678,1.781720,1.781720,1.781720,1.781720
96.534973,0.454245,-0.104962,-0.078642,0.430574,1.805834,1.805834,1.805834,1.805834
96.544441,0.456239,-0.102164,-0.076409,0.433392,1.827023,1.827023,1.827023,1.827023
96.554985,0.458074,-0.099522,-0.074409,0.436038,1.850044,1.850044,1.850044,1.850044
96.564430,0.459385,-0.097015,-0.072824,0.438255,1.870177,1.870177,1.870177,1.870177
96.574959,0.460236,-0.094965,-0.071614,0.440223,1.892042,1.892042,1.892042,1.892042
96.584435,0.461426,-0.092566,-0.069738,0.442510,1.911212,1.911212,1.911212,1.911212
96.594978,0.462656,-0.090374,-0.068015,0.444654,1.931965,1.931965,1.931965,1.931965
96.604431,0.463808,-0.088307,-0.066416,0.446733,1.950061,1.950061,1.950061,1.950061
96.614960,0.466586,-0.084838,-0.063272,0.450161,1.969630,1.969630,1.969630,1.969630
96.624382,0.468176,-0.082541,-0.061498,0.452204,1.986628,1.986628,1.986628,1.986628
96.634918,0.469250,-0.080452,-0.059900,0.454097,2.005062,2.005062,2.005062,2.005062
96.644386,0.470126,-0.078496,-0.058477,0.455842,2.021089,2.021089,2.021089,2.021089
96.654922,0.471039,-0.076582,-0.057229,0.457500,2.038325,2.038325,2.038325,2.038325
96.664383,0.471799,-0.074785,-0.055979,0.459154,2.053280,2.053280,2.053280,2.053280
96.674927,0.472363,-0.073316,-0.055171,0.460584,2.069340,2.069340,2.069340,2.069340
96.684380,0.474248,-0.070573,-0.053095,0.463179,2.083207,2.083207,2.083207,2.083207
96.694916,0.475039,-0.068747,-0.051759,0.464745,2.098060,2.098060,2.098060,2.098060
96.704384,0.475456,-0.067297,-0.050751,0.465984,2.110864,2.110864,2.110864,2.110864
96.714912,0.475583,-0.065932,-0.049943,0.467003,2.124507,2.124507,2.124507,2.124507
96.724380,0.476136,-0.064203,-0.048880,0.468250,2.136225,2.136225,2.136225,2.136225
96.734917,0.476460,-0.062843,-0.046617,0.470788,2.148658,2.148658,2.148658,2.148658
96.744377,0.476965,-0.061452,-0.046045,0.471659,2.159281,2.159281,2.159281,2.159281
96.754913,0.478905,-0.058770,-0.043852,0.474122,2.170494,2.170494,2.170494,2.170494
96.764389,0.479255,-0.057510,-0.043108,0.475134,2.180026,2.180026,2.180026,2.180026
96.774887,0.479604,-0.056297,-0.042416,0.476138,2.189984,2.189984,2.189984,2.189984
96.784386,0.479897,-0.055041,-0.041895,0.476959,2.198447,2.198447,2.198447,2.198447
96.794952,0.480021,-0.053860,-0.041349,0.477739,2.207237,2.207237,2.207237,2.207237
96.804436,0.480255,-0.052685,-0.040849,0.478539,2.214575,2.214575,2.214575,2.214575
96.814995,0.480850,-0.051333,-0.040189,0.479451,2.222126,2.222126,2.222126,2.222126
96.824493,0.482857,-0.048575,-0.037863,0.481832,2.228365,2.228365,2.228365,2.228365
96.835014,0.482970,-0.047594,-0.037364,0.482472,2.234667,2.234667,2.234667,2.234667
96.844490,0.483111,-0.046633,-0.036906,0.483080,2.239789,2.239789,2.239789,2.239789
96.854996,0.483060,-0.045642,-0.036300,0.483664,2.244857,2.244857,2.244857,2.244857
96.864456,0.482996,-0.044713,-0.035727,0.484212,2.248877,2.248877,2.248877,2.248877
96.874954,0.482846,-0.044010,-0.035373,0.484743,2.252726,2.252726,2.252726,2.252726
96.884430,0.482802,-0.043229,-0.035051,0.485257,2.255654,2.255654,2.255654,2.255654
96.894958,0.482699,-0.042365,-0.034604,0.485700,2.258297,2.258297,2.258297,2.258297
96.904434,0.482512,-0.041746,-0.034532,0.485992,2.260130,2.260130,2.260130,2.260130
96.914970,0.483822,-0.039685,-0.033021,0.487731,2.261563,2.261563,2.261563,2.261563
96.924438,0.483968,-0.038579,-0.032317,0.488333,2.262306,2.262306,2.262306,2.262306
96.934975,0.483818,-0.037890,-0.032066,0.488584,2.262531,2.262531,2.262531,2.262531
96.944435,0.483798,-0.037188,-0.031654,0.489045,2.262193,2.262193,2.262193,2.262193
96.954979,0.484534,-0.035980,-0.030595,0.489946,2.261217,2.261217,2.261217,2.261217
96.964432,0.484240,-0.035644,-0.028873,0.491801,2.259806,2.259806,2.259806,2.259806
96.974937,0.484086,-0.035045,-0.028776,0.492063,2.257648,2.257648,2.257648,2.257648
96.984398,0.485627,-0.032808,-0.026944,0.493846,2.255174,2.255174,2.255174,2.255174
96.994942,0.485384,-0.032298,-0.026783,0.494020,2.251825,2.251825,2.251825,2.251825
97.004456,0.485188,-0.031919,-0.026638,0.494219,2.248274,2.248274,2.248274,2.248274
97.014969,0.484803,-0.031559,-0.026766,0.494247,2.243766,2.243766,2.243766,2.243766
97.024391,0.484421,-0.031216,-0.027207,0.494213,2.239208,2.239208,2.239208,2.239208
97.034943,0.486090,-0.028877,-0.025098,0.496324,2.233527,2.233527,2.233527,2.233527
97.044479,0.485816,-0.028398,-0.024811,0.496500,2.227871,2.227871,2.227871,2.227871
97.055031,0.485879,-0.027949,-0.024321,0.496958,2.221041,2.221041,2.221041,2.221041
97.064491,0.486498,-0.027184,-0.023375,0.497704,2.214407,2.214407,2.214407,2.214407
97.075035,0.486116,-0.027027,-0.023123,0.497774,2.206445,2.206445,2.206445,2.206445
97.084488,0.487475,-0.025035,-0.021288,0.499455,2.198811,2.198811,2.198811,2.198811
97.095032,0.486958,-0.024894,-0.021288,0.499407,2.189736,2.189736,2.189736,2.189736
97.104462,0.486503,-0.024666,-0.021359,0.489675,2.181129,2.181129,2.181129,2.181129
97.115013,0.486136,-0.024363,-0.021398,0.489859,2.170956,2.170956,2.170956,2.170956
97.124489,0.485777,-0.024172,-0.021390,0.490166,2.161329,2.161329,2.161329,2.161329
97.135025,0.485037,-0.024225,-0.021918,0.490023,2.150086,2.150086,2.150086,2.150086
97.144478,0.484123,-0.024239,-0.022409,0.489878,2.139513,2.139513,2.139513,2.139513
97.155022,0.484322,-0.023435,-0.021849,0.490475,2.127205,2.127205,2.127205,2.127205
97.164482,0.484263,-0.023060,-0.021664,0.490806,2.115688,2.115688,2.115688,2.115688
97.174995,0.484217,-0.022663,-0.021604,0.491108,2.102372,2.102372,2.102372,2.102372
97.184486,0.484863,-0.021654,-0.020744,0.491782,2.089882,2.089882,2.089882,2.089882
97.195045,0.484653,-0.021476,-0.020728,0.491984,2.075482,2.075482,2.075482,2.075482
97.204536,0.484356,-0.021098,-0.020671,0.492144,2.062093,2.062093,2.062093,2.062093
97.215065,0.483973,-0.020888,-0.020702,0.492284,2.046734,2.046734,2.046734,2.046734
97.224533,0.485534,-0.018981,-0.018974,0.494165,2.032481,2.032481,2.032481,2.032481
97.235085,0.485227,-0.018746,-0.018901,0.494307,2.016115,2.016115,2.016115,2.016115
97.244545,0.484858,-0.018524,-0.018900,0.494453,2.001006,2.001006,2.001006,2.001006
97.255096,0.484505,-0.018331,-0.018966,0.494571,1.983688,1.983688,1.983688,1.983688
97.264565,0.474352,-0.027830,-0.028631,0.485121,1.967716,1.967716,1.967716,1.967716
97.275108,0.474447,-0.027408,-0.028393,0.485509,1.949476,1.949476,1.949476,1.949476
97.284607,0.465519,-0.036276,-0.037087,0.476773,1.932641,1.932641,1.932641,1.932641
97.295120,0.468645,-0.033387,-0.033982,0.479702,1.913547,1.913547,1.913547,1.913547
97.304619,0.460141,-0.042111,-0.042467,0.471171,1.895893,1.895893,1.895893,1.895893
97.315132,0.462621,-0.039536,-0.039972,0.473773,1.875930,1.875930,1.875930,1.875930
97.324684,0.454009,-0.047962,-0.048422,0.465371,1.857394,1.857394,1.857394,1.857394
97.335228,0.455190,-0.046627,-0.047125,0.466674,1.836527,1.836527,1.836527,1.836527
97.344742,0.447097,-0.054623,-0.055105,0.458714,1.817297,1.817297,1.817297,1.817297
97.354225,0.448659,-0.053147,-0.053606,0.460287,1.797798,1.797798,1.797798,1.797798
97.364777,0.440751,-0.061175,-0.061574,0.452430,1.775694,1.775694,1.775694,1.775694
97.374184,0.442450,-0.059506,-0.059710,0.454283,1.755636,1.755636,1.755636,1.755636
97.384735,0.445563,-0.056395,-0.056423,0.457472,1.732758,1.732758,1.732758,1.732758
97.394226,0.447689,-0.054575,-0.054444,0.459394,1.711819,1.711819,1.711819,1.711819
97.404770,0.449874,-0.052701,-0.052429,0.461316,1.688195,1.688195,1.688195,1.688195
97.414223,0.451350,-0.051166,-0.051049,0.462701,1.666686,1.666686,1.666686,1.666686
97.424728,0.452862,-0.049576,-0.049737,0.464085,1.642442,1.642442,1.642442,1.642442
97.435226,0.454264,-0.048089,-0.048324,0.465447,1.617827,1.617827,1.617827,1.617827
97.444710,0.455448,-0.046691,-0.047034,0.466591,1.595298,1.595298,1.595298,1.595298
97.454178,0.457863,-0.044006,-0.044199,0.469179,1.572512,1.572512,1.572512,1.572512
97.464729,0.449662,-0.052173,-0.052496,0.460965,1.546791,1.546791,1.546791,1.546791
97.474228,0.450603,-0.050763,-0.051078,0.461987,1.523340,1.523340,1.523340,1.523340
97.484734,0.451502,-0.049285,-0.049600,0.462919,1.497111,1.497111,1.497111,1.497111
97.494232,0.452382,-0.047776,-0.047893,0.463795,1.473107,1.473107,1.473107,1.473107
97.504776,0.454307,-0.045062,-0.044990,0.465774,1.446161,1.446161,1.446161,1.446161
97.514275,0.454537,-0.043929,-0.043992,0.465979,1.421635,1.421635,1.421635,1.421635
97.524826,0.455206,-0.042170,-0.042120,0.466391,1.394125,1.394125,1.394125,1.394125
97.534248,0.455652,-0.040837,-0.040565,0.466618,1.369299,1.369299,1.369299,1.369299
97.544769,0.455330,-0.039623,-0.039419,0.466285,1.341310,1.341310,1.341310,1.341310
97.554184,0.454799,-0.038415,-0.038317,0.465806,1.316065,1.316065,1.316065,1.316065
97.564735,0.454084,-0.037405,-0.037414,0.465115,1.287504,1.287504,1.287504,1.287504
97.574226,0.454683,-0.035054,-0.035091,0.465759,1.261599,1.261599,1.261599,1.261599
97.584747,0.453594,-0.034458,-0.034588,0.464787,1.232642,1.232642,1.232642,1.232642
97.594223,0.452317,-0.034073,-0.034233,0.463662,1.206373,1.206373,1.206373,1.206373
97.604752,0.450877,-0.033818,-0.034016,0.462311,1.176960,1.176960,1.176960,1.176960
97.614182,0.449393,-0.033742,-0.033892,0.460909,1.150446,1.150446,1.150446,1.150446
97.624718,0.449263,-0.032286,-0.032366,0.460791,1.120629,1.120629,1.120629,1.120629
97.634171,0.447856,-0.032441,-0.032300,0.459334,1.093691,1.093691,1.093691,1.093691
97.644707,0.446311,-0.032902,-0.032456,0.457763,1.063509,1.063509,1.063509,1.063509
97.654175,0.444217,-0.033596,-0.032888,0.455868,1.036216,1.036216,1.036216,1.036216
97.664719,0.442115,-0.034440,-0.033557,0.453909,1.005672,1.005672,1.005672,1.005672
97.674179,0.441336,-0.033880,-0.032891,0.453125,0.978123,0.978123,0.978123,0.978123
97.684715,0.439128,-0.034904,-0.033799,0.450925,0.947281,0.947281,0.947281,0.947281
97.695221,0.438085,-0.034600,-0.033334,0.449903,0.916400,0.916400,0.916400,0.916400
97.704704,0.435583,-0.035835,-0.034483,0.447503,0.888401,0.888401,0.888401,0.888401
97.714172,0.433232,-0.037062,-0.035677,0.445130,0.860360,0.860360,0.860360,0.860360
97.724693,0.425860,-0.045182,-0.043633,0.437825,0.829066,0.829066,0.829066,0.829066
97.734184,0.423391,-0.046609,-0.044915,0.435329,0.800764,0.800764,0.800764,0.800764
97.744736,0.425593,-0.046555,-0.044651,0.437210,0.769190,0.769190,0.769190,0.769190
97.754219,0.422811,-0.048443,-0.045897,0.434598,0.740734,0.740734,0.740734,0.740734
97.764755,0.420161,-0.050394,-0.047382,0.432003,0.709057,0.709057,0.709057,0.709057
97.774223,0.417299,-0.052347,-0.048966,0.429258,0.680521,0.680521,0.680521,0.680521
97.784760,0.414545,-0.054385,-0.050811,0.426376,0.648698,0.648698,0.648698,0.648698
97.794228,0.411748,-0.056465,-0.052701,0.423365,0.620065,0.620065,0.620065,0.620065
97.804779,0.408928,-0.058618,-0.054776,0.420281,0.588112,0.588112,0.588112,0.588112
97.815231,0.405901,-0.060974,-0.057094,0.417040,0.556406,0.556406,0.556406,0.556406
97.824738,0.405454,-0.062348,-0.058445,0.416477,0.527569,0.527569,0.527569,0.527569
97.834221,0.403018,-0.064498,-0.060387,0.413498,0.498763,0.498763,0.498763,0.498763
97.844765,0.398085,-0.071150,-0.066553,0.407972,0.466741,0.466741,0.466741,0.466741
97.854225,0.395473,-0.073456,-0.068603,0.404887,0.438020,0.438020,0.438020,0.438020
97.864754,0.393137,-0.075762,-0.070648,0.401957,0.406039,0.406039,0.406039,0.406039
97.874222,0.392368,-0.074542,-0.069316,0.400729,0.377289,0.377289,0.377289,0.377289
97.884773,0.389213,-0.077374,-0.071850,0.397307,0.345290,0.345290,0.345290,0.345290
97.894279,0.385988,-0.080247,-0.074466,0.393870,0.316499,0.316499,0.316499,0.316499
97.904823,0.384192,-0.079986,-0.074081,0.391736,0.284587,0.284587,0.284587,0.284587
97.914230,0.380839,-0.083185,-0.076873,0.388036,0.256174,0.256174,0.256174,0.256174
97.924774,0.377039,-0.086584,-0.079811,0.384103,0.224361,0.224361,0.224361,0.224361
97.934227,0.373737,-0.087409,-0.080492,0.380745,0.195927,0.195927,0.195927,0.195927
97.944778,0.370136,-0.090692,-0.083452,0.376566,0.164236,0.164236,0.164236,0.164236
97.954224,0.366253,-0.094081,-0.086306,0.372247,0.135936,0.135936,0.135936,0.135936
97.964775,0.365312,-0.097313,-0.088994,0.368832,0.104418,0.104418,0.104418,0.104418
97.974281,0.359808,-0.100452,-0.091635,0.361914,0.076121,0.076121,0.076121,0.076121
97.984833,0.354030,-0.102349,-0.093195,0.357092,0.044805,0.044805,0.044805,0.044805
97.994240,0.349868,-0.106013,-0.096371,0.351514,0.016986,0.016986,0.016986,0.016986
98.004776,0.345957,-0.109617,-0.099518,0.346325,-0.014061,-0.014061,-0.014061,-0.014061
98.014275,0.341638,-0.113604,-0.103018,0.341843,-0.041925,-0.041925,-0.041925,-0.041925
98.024818,0.337700,-0.117441,-0.106638,0.337307,-0.072724,-0.072724,-0.072724,-0.072724
98.034271,0.333059,-0.120219,-0.109552,0.331961,-0.100203,-0.100203,-0.100203,-0.100203
98.044861,0.329116,-0.125000,-0.113896,0.327936,-0.130837,-0.130837,-0.130837,-0.130837
98.054329,0.325243,-0.129772,-0.118449,0.323673,-0.158077,-0.158077,-0.158077,-0.158077
98.064873,0.320697,-0.134515,-0.123406,0.319128,-0.188256,-0.188256,-0.188256,-0.188256
98.074326,0.317047,-0.138574,-0.124350,0.315166,-0.215169,-0.215169,-0.215169,-0.215169
98.084862,0.312201,-0.144624,-0.127699,0.309660,-0.244973,-0.244973,-0.244973,-0.244973
98.094284,0.309188,-0.152097,-0.133216,0.305765,-0.271460,-0.271460,-0.271460,-0.271460
98.104828,0.306222,-0.156426,-0.137011,0.301816,-0.300915,-0.300915,-0.300915,-0.300915
98.114273,0.303307,-0.162370,-0.140542,0.298083,-0.327107,-0.327107,-0.327107,-0.327107
98.124817,0.300467,-0.166907,-0.144123,0.294474,-0.356149,-0.356149,-0.356149,-0.356149
98.134277,0.297923,-0.171315,-0.147745,0.291022,-0.382008,-0.382008,-0.382008,-0.382008
98.144829,0.295392,-0.175661,-0.151335,0.287644,-0.410628,-0.410628,-0.410628,-0.410628
98.154274,0.293072,-0.179836,-0.154889,0.284424,-0.436057,-0.436057,-0.436057,-0.436057
98.164818,0.290765,-0.184194,-0.158523,0.281238,-0.464194,-0.464194,-0.464194,-0.464194
98.174278,0.288189,-0.188583,-0.162404,0.277814,-0.489237,-0.489237,-0.489237,-0.489237
98.184830,0.285719,-0.192869,-0.166234,0.274484,-0.516904,-0.516904,-0.516904,-0.516904
98.194275,0.282874,-0.197406,-0.170416,0.270892,-0.541467,-0.541467,-0.541467,-0.541467
98.204826,0.279038,-0.202490,-0.175422,0.266798,-0.568617,-0.568617,-0.568617,-0.568617
98.214287,0.275319,-0.208759,-0.181924,0.262713,-0.592739,-0.592739,-0.592739,-0.592739
98.224838,0.273232,-0.212512,-0.184866,0.259892,-0.619357,-0.619357,-0.619357,-0.619357
98.234276,0.271166,-0.216420,-0.187728,0.257016,-0.642933,-0.642933,-0.642933,-0.642933
98.244835,0.269078,-0.220452,-0.190866,0.254151,-0.669003,-0.669003,-0.669003,-0.669003
98.254280,0.267041,-0.224420,-0.194082,0.251264,-0.692075,-0.692075,-0.692075,-0.692075
98.264824,0.264386,-0.230900,-0.200191,0.247844,-0.717535,-0.717535,-0.717535,-0.717535
98.274277,0.262485,-0.234715,-0.202941,0.245224,-0.740089,-0.740089,-0.740089,-0.740089
98.284805,0.260427,-0.238607,-0.205736,0.242489,-0.764914,-0.764914,-0.764914,-0.764914
98.294273,0.257594,-0.245443,-0.211911,0.239233,-0.786966,-0.786966,-0.786966,-0.786966
98.304825,0.255599,-0.249002,-0.214565,0.236715,-0.811198,-0.811198,-0.811198,-0.811198
98.314278,0.253557,-0.252675,-0.217396,0.234073,-0.832635,-0.832635,-0.832635,-0.832635
98.324821,0.250749,-0.256555,-0.220658,0.230762,-0.856220,-0.856220,-0.856220,-0.856220
98.334274,0.248990,-0.259933,-0.223140,0.228243,-0.877064,-0.877064,-0.877064,-0.877064
98.344826,0.247007,-0.263523,-0.225722,0.225598,-0.899989,-0.899989,-0.899989,-0.899989
98.354279,0.244924,-0.267079,-0.228315,0.223110,-0.920231,-0.920231,-0.920231,-0.920231
98.364822,0.242972,-0.270601,-0.230934,0.220506,-0.942456,-0.942456,-0.942456,-0.942456
98.374275,0.240055,-0.274457,-0.234078,0.217029,-0.962076,-0.962076,-0.962076,-0.962076
98.384819,0.238302,-0.277718,-0.236543,0.214483,-0.983603,-0.983603,-0.983603,-0.983603
98.394279,0.236427,-0.281216,-0.238984,0.212014,-1.002589,-1.002589,-1.002589,-1.002589
98.404823,0.234369,-0.284834,-0.241670,0.209420,-1.023396,-1.023396,-1.023396,-1.023396
98.414276,0.232245,-0.288404,-0.244458,0.206772,-1.041719,-1.041719,-1.041719,-1.041719
98.424812,0.229110,-0.292401,-0.247993,0.203147,-1.061786,-1.061786,-1.061786,-1.061786
98.434273,0.226539,-0.296088,-0.251224,0.200154,-1.079458,-1.079458,-1.079458,-1.079458
98.444786,0.224416,-0.299139,-0.253882,0.197401,-1.098716,-1.098716,-1.098716,-1.098716
98.454277,0.222735,-0.302130,-0.256239,0.194900,-1.115757,-1.115757,-1.115757,-1.115757
98.464767,0.221010,-0.305260,-0.258468,0.192533,-1.134225,-1.134225,-1.134225,-1.134225
98.474220,0.218063,-0.308966,-0.261503,0.189059,-1.150516,-1.150516,-1.150516,-1.150516
98.484764,0.216373,-0.312053,-0.263849,0.186750,-1.168283,-1.168283,-1.168283,-1.168283
98.494232,0.214729,-0.315138,-0.266254,0.184410,-1.183899,-1.183899,-1.183899,-1.183899
98.504784,0.213180,-0.318208,-0.268526,0.182142,-1.200898,-1.200898,-1.200898,-1.200898
98.515335,0.211378,-0.321255,-0.270698,0.179842,-1.217469,-1.217469,-1.217469,-1.217469
98.524826,0.208305,-0.324966,-0.273706,0.176444,-1.232017,-1.232017,-1.232017,-1.232017
98.535332,0.206844,-0.327868,-0.275746,0.174329,-1.247718,-1.247718,-1.247718,-1.247718
98.545868,0.214557,-0.330967,-0.278109,0.172073,-1.263042,-1.263042,-1.263042,-1.263042
98.555275,0.212544,-0.334088,-0.280569,0.169780,-1.276354,-1.276354,-1.276354,-1.276354
98.565819,0.210704,-0.337036,-0.282837,0.167684,-1.290862,-1.290862,-1.290862,-1.290862
98.575272,0.207610,-0.340642,-0.285915,0.164273,-1.303497,-1.303497,-1.303497,-1.303497
98.585823,0.205943,-0.343544,-0.288005,0.162248,-1.317178,-1.317178,-1.317178,-1.317178
98.595276,0.204445,-0.346384,-0.290235,0.160113,-1.329068,-1.329068,-1.329068,-1.329068
98.605804,0.203016,-0.349194,-0.292352,0.157901,-1.341896,-1.341896,-1.341896,-1.341896
98.615280,0.201605,-0.351943,-0.294347,0.155818,-1.353055,-1.353055,-1.353055,-1.353055
98.625771,0.200079,-0.354597,-0.296419,0.152414,-1.364995,-1.364995,-1.364995,-1.364995
98.635223,0.198867,-0.357237,-0.298361,0.150654,-1.375368,-1.375368,-1.375368,-1.375368
98.645775,0.197737,-0.359845,-0.300316,0.148862,-1.386525,-1.386525,-1.386525,-1.386525
98.655220,0.196069,-0.362808,-0.302795,0.146801,-1.396136,-1.396136,-1.396136,-1.396136
98.665764,0.194910,-0.365448,-0.304996,0.145307,-1.406432,-1.406432,-1.406432,-1.406432
98.675224,0.192618,-0.368914,-0.307954,0.142537,-1.415285,-1.415285,-1.415285,-1.415285
98.685768,0.191808,-0.371462,-0.309708,0.141148,-1.424726,-1.424726,-1.424726,-1.424726
98.695229,0.189495,-0.374884,-0.312579,0.138455,-1.432809,-1.432809,-1.432809,-1.432809
98.705772,0.188827,-0.377291,-0.314205,0.137360,-1.441392,-1.441392,-1.441392,-1.441392
98.715225,0.188313,-0.379706,-0.315829,0.136248,-1.448694,-1.448694,-1.448694,-1.448694
98.725754,0.186344,-0.383040,-0.318607,0.133718,-1.456401,-1.456401,-1.456401,-1.456401
98.736229,0.186002,-0.385292,-0.320189,0.132757,-1.463624,-1.463624,-1.463624,-1.463624
98.745697,0.183936,-0.388754,-0.323360,0.130225,-1.469761,-1.469761,-1.469761,-1.469761
98.755180,0.183761,-0.390808,-0.324907,0.129508,-1.475544,-1.475544,-1.475544,-1.475544
98.765709,0.193540,-0.384706,-0.317253,0.138770,-1.481538,-1.481538,-1.481538,-1.481538
98.775169,0.192860,-0.387323,-0.319092,0.137861,-1.486534,-1.486534,-1.486534,-1.486534
98.785713,0.192150,-0.389925,-0.321171,0.136882,-1.491672,-1.491672,-1.491672,-1.491672
98.795174,0.190009,-0.393374,-0.324301,0.134340,-1.495897,-1.495897,-1.495897,-1.495897
98.805710,0.189571,-0.395606,-0.326061,0.133375,-1.500176,-1.500176,-1.500176,-1.500176
98.815178,0.189190,-0.397721,-0.327656,0.132556,-1.503636,-1.503636,-1.503636,-1.503636
98.825729,0.188839,-0.399721,-0.329240,0.131788,-1.507067,-1.507067,-1.507067,-1.507067
98.835228,0.186871,-0.402892,-0.332031,0.129481,-1.509769,-1.509769,-1.509769,-1.509769
98.845764,0.186927,-0.404804,-0.333372,0.128975,-1.512343,-1.512343,-1.512343,-1.512343
98.855225,0.186850,-0.406783,-0.334743,0.128454,-1.514272,-1.514272,-1.514272,-1.514272
98.865761,0.186767,-0.408724,-0.336069,0.127982,-1.516000,-1.516000,-1.516000,-1.516000
98.875221,0.186722,-0.410636,-0.337305,0.127561,-1.517176,-1.517176,-1.517176,-1.517176
98.885757,0.184869,-0.413661,-0.340051,0.125392,-1.518066,-1.518066,-1.518066,-1.518066
98.895226,0.184496,-0.415596,-0.341812,0.124769,-1.518491,-1.518491,-1.518491,-1.518491
98.905762,0.184750,-0.417136,-0.342907,0.124518,-1.518548,-1.518548,-1.518548,-1.518548
98.915222,0.184959,-0.418688,-0.343865,0.124301,-1.518229,-1.518229,-1.518229,-1.518229
98.925766,0.185155,-0.420289,-0.344897,0.124120,-1.517462,-1.517462,-1.517462,-1.517462
98.935219,0.183614,-0.423032,-0.347264,0.122315,-1.516407,-1.516407,-1.516407,-1.516407
98.945763,0.183841,-0.424384,-0.348131,0.122086,-1.514825,-1.514825,-1.514825,-1.514825
98.955223,0.184180,-0.425662,-0.348802,0.122031,-1.513041,-1.513041,-1.513041,-1.513041
98.965759,0.184405,-0.426902,-0.349363,0.121938,-1.510652,-1.510652,-1.510652,-1.510652
98.975174,0.184851,-0.428007,-0.349766,0.122060,-1.508162,-1.508162,-1.508162,-1.508162
98.985725,0.183721,-0.430328,-0.351602,0.120657,-1.504975,-1.504975,-1.504975,-1.504975
98.995232,0.183487,-0.431968,-0.353077,0.120311,-1.501747,-1.501747,-1.501747,-1.501747
99.005730,0.183081,-0.433395,-0.354494,0.119763,-1.497791,-1.497791,-1.497791,-1.497791
99.015228,0.183345,-0.434074,-0.354941,0.119672,-1.493863,-1.493863,-1.493863,-1.493863
99.025772,0.183564,-0.434951,-0.355301,0.119764,-1.489114,-1.489114,-1.489114,-1.489114
99.035278,0.183952,-0.435813,-0.355809,0.118066,-1.484490,-1.484490,-1.484490,-1.484490
99.045883,0.184237,-0.436622,-0.356230,0.118125,-1.478944,-1.478944,-1.478944,-1.478944
99.055336,0.184498,-0.437387,-0.356609,0.118250,-1.473665,-1.473665,-1.473665,-1.473665
99.065880,0.185214,-0.437952,-0.356639,0.118598,-1.467404,-1.467404,-1.467404,-1.467404
99.075333,0.186259,-0.438295,-0.356153,0.119160,-1.461459,-1.461459,-1.461459,-1.461459
99.085884,0.186706,-0.439046,-0.356441,0.119161,-1.454458,-1.454458,-1.454458,-1.454458
99.095337,0.187141,-0.439598,-0.356676,0.119208,-1.447862,-1.447862,-1.447862,-1.447862
99.105881,0.185774,-0.441346,-0.358254,0.117588,-1.440145,-1.440145,-1.440145,-1.440145
99.115334,0.185810,-0.441899,-0.358616,0.117626,-1.432910,-1.432910,-1.432910,-1.432910
99.125870,0.185826,-0.442405,-0.358904,0.117552,-1.424495,-1.424495,-1.424495,-1.424495
99.135330,0.186049,-0.442686,-0.358873,0.117630,-1.416627,-1.416627,-1.416627,-1.416627
99.145874,0.186268,-0.442995,-0.358868,0.117830,-1.407520,-1.407520,-1.407520,-1.407520
99.155327,0.184842,-0.444575,-0.360485,0.116230,-1.399053,-1.399053,-1.399053,-1.399053
99.165855,0.185186,-0.444720,-0.360345,0.116347,-1.389287,-1.389287,-1.389287,-1.389287
99.175278,0.185922,-0.444490,-0.359588,0.116777,-1.380248,-1.380248,-1.380248,-1.380248
99.185822,0.186787,-0.444193,-0.358717,0.117294,-1.369821,-1.369821,-1.369821,-1.369821
99.195290,0.186503,-0.444852,-0.358983,0.117167,-1.360163,-1.360163,-1.360163,-1.360163
99.205833,0.184744,-0.446303,-0.360469,0.115450,-1.349089,-1.349089,-1.349089,-1.349089
99.215279,0.185497,-0.445885,-0.359603,0.115908,-1.338896,-1.338896,-1.338896,-1.338896
99.225822,0.185596,-0.445949,-0.359307,0.115947,-1.327206,-1.327206,-1.327206,-1.327206
99.235329,0.185690,-0.445909,-0.359223,0.116133,-1.316394,-1.316394,-1.316394,-1.316394
99.245865,0.185929,-0.445739,-0.359082,0.116201,-1.304110,-1.304110,-1.304110,-1.304110
99.255333,0.184493,-0.446740,-0.360025,0.114540,-1.292815,-1.292815,-1.292815,-1.292815
99.265869,0.184837,-0.446162,-0.359142,0.114767,-1.279950,-1.279950,-1.279950,-1.279950
99.275330,0.185191,-0.445527,-0.358248,0.115121,-1.268151,-1.268151,-1.268151,-1.268151
99.285873,0.185533,-0.444921,-0.357428,0.115456,-1.254720,-1.254720,-1.254720,-1.254720
99.295334,0.186248,-0.443956,-0.356139,0.116118,-1.242425,-1.242425,-1.242425,-1.242425
99.305878,0.185442,-0.444008,-0.355890,0.115246,-1.228446,-1.228446,-1.228446,-1.228446
99.315338,0.185681,-0.443296,-0.355028,0.115580,-1.215681,-1.215681,-1.215681,-1.215681
99.325882,0.186167,-0.442331,-0.354090,0.116188,-1.201187,-1.201187,-1.201187,-1.201187
99.335335,0.184977,-0.442667,-0.354488,0.115287,-1.187968,-1.187968,-1.187968,-1.187968
99.345879,0.184318,-0.442317,-0.354427,0.115379,-1.172978,-1.172978,-1.172978,-1.172978
99.355331,0.183876,-0.441589,-0.354172,0.115607,-1.159328,-1.159328,-1.159328,-1.159328
99.365852,0.182597,-0.441526,-0.354586,0.114668,-1.143889,-1.143889,-1.143889,-1.143889
99.375328,0.183270,-0.440347,-0.353010,0.115658,-1.129786,-1.129786,-1.129786,-1.129786
99.385872,0.184150,-0.439074,-0.351473,0.116631,-1.113868,-1.113868,-1.113868,-1.113868
99.395332,0.185125,-0.437655,-0.349932,0.117670,-1.099390,-1.099390,-1.099390,-1.099390
99.405869,0.186170,-0.436196,-0.348424,0.118814,-1.083045,-1.083045,-1.083045,-1.083045
99.415329,0.185428,-0.435953,-0.348412,0.118182,-1.068184,-1.068184,-1.068184,-1.068184
99.425873,0.185779,-0.434743,-0.347465,0.119037,-1.051419,-1.051419,-1.051419,-1.051419
99.435326,0.186668,-0.433089,-0.346179,0.120125,-1.036210,-1.036210,-1.036210,-1.036210
99.445877,0.187910,-0.431506,-0.344640,0.121487,-1.019046,-1.019046,-1.019046,-1.019046
99.455330,0.188439,-0.430433,-0.343890,0.122371,-1.003506,-1.003506,-1.003506,-1.003506
99.465851,0.187741,-0.429915,-0.343854,0.122015,-0.986025,-0.986025,-0.986025,-0.986025
99.475327,0.188938,-0.428147,-0.342116,0.123458,-0.970131,-0.970131,-0.970131,-0.970131
99.485870,0.190081,-0.426542,-0.340308,0.124929,-0.952275,-0.952275,-0.952275,-0.952275
99.495323,0.191349,-0.424812,-0.338481,0.126382,-0.936114,-0.936114,-0.936114,-0.936114
99.505867,0.192683,-0.423122,-0.336658,0.127980,-0.917949,-0.917949,-0.917949,-0.917949
99.515327,0.192582,-0.422363,-0.335909,0.128078,-0.901502,-0.901502,-0.901502,-0.901502
99.525856,0.194497,-0.420173,-0.333289,0.130143,-0.883052,-0.883052,-0.883052,-0.883052
99.535332,0.195319,-0.418900,-0.331878,0.131589,-0.866337,-0.866337,-0.866337,-0.866337
99.545830,0.194709,-0.421567,-0.331637,0.131476,-0.847674,-0.847674,-0.847674,-0.847674
99.555275,0.196032,-0.419342,-0.329767,0.133116,-0.830767,-0.830767,-0.830767,-0.830767
99.565811,0.197157,-0.417124,-0.327993,0.134635,-0.811793,-0.811793,-0.811793,-0.811793
99.575279,0.197110,-0.418937,-0.327309,0.134924,-0.794636,-0.794636,-0.794636,-0.794636
99.585823,0.198863,-0.416590,-0.325162,0.136744,-0.775427,-0.775427,-0.775427,-0.775427
99.595276,0.200641,-0.414123,-0.322983,0.138616,-0.758108,-0.758108,-0.758108,-0.758108
99.605751,0.200926,-0.415465,-0.325271,0.139074,-0.738832,-0.738832,-0.738832,-0.738832
99.615227,0.202781,-0.412898,-0.323030,0.141120,-0.721304,-0.721304,-0.721304,-0.721304
99.625763,0.204587,-0.410346,-0.320842,0.143118,-0.701725,-0.701725,-0.701725,-0.701725
99.635223,0.206784,-0.407573,-0.318325,0.145256,-0.684075,-0.684075,-0.684075,-0.684075
99.645760,0.209120,-0.404782,-0.315575,0.147599,-0.664346,-0.664346,-0.664346,-0.664346
99.655228,0.209177,-0.405778,-0.317500,0.148115,-0.646563,-0.646563,-0.646563,-0.646563
99.665771,0.210887,-0.403129,-0.315486,0.150050,-0.626684,-0.626684,-0.626684,-0.626684
99.675224,0.213076,-0.400331,-0.313099,0.152229,-0.608825,-0.608825,-0.608825,-0.608825
99.685760,0.215067,-0.397589,-0.310786,0.154353,-0.588866,-0.588866,-0.588866,-0.588866
99.695229,0.217169,-0.394657,-0.308248,0.156591,-0.570885,-0.570885,-0.570885,-0.570885
99.705788,0.217735,-0.394607,-0.309086,0.157510,-0.550791,-0.550791,-0.550791,-0.550791
99.715279,0.219719,-0.391690,-0.306575,0.159699,-0.532709,-0.532709,-0.532709,-0.532709
99.725845,0.221599,-0.388800,-0.304002,0.161883,-0.512554,-0.512554,-0.512554,-0.512554
99.735329,0.223550,-0.385922,-0.301506,0.164108,-0.494435,-0.494435,-0.494435,-0.494435
99.745888,0.225672,-0.382937,-0.298872,0.166424,-0.474256,-0.474256,-0.474256,-0.474256
99.755386,0.227803,-0.379950,-0.296186,0.168717,-0.456101,-0.456101,-0.456101,-0.456101
99.765938,0.228546,-0.379155,-0.296327,0.166536,-0.435917,-0.435917,-0.435917,-0.435917
99.775391,0.230476,-0.376090,-0.293763,0.168864,-0.417833,-0.417833,-0.417833,-0.417833
99.785919,0.232327,-0.373230,-0.291381,0.171150,-0.397706,-0.397706,-0.397706,-0.397706
99.795387,0.229557,-0.372192,-0.291237,0.169263,-0.379633,-0.379633,-0.379633,-0.379633
99.805939,0.232035,-0.369025,-0.288504,0.171934,-0.359484,-0.359484,-0.359484,-0.359484
99.815437,0.234365,-0.365928,-0.285807,0.174494,-0.341385,-0.341385,-0.341385,-0.341385
99.825989,0.232518,-0.364189,-0.285173,0.173233,-0.321307,-0.321307,-0.321307,-0.321307
99.835434,0.234971,-0.360913,-0.282439,0.175834,-0.303353,-0.303353,-0.303353,-0.303353
99.845909,0.237331,-0.357625,-0.279726,0.178446,-0.283496,-0.283496,-0.283496,-0.283496
99.855354,0.239721,-0.354261,-0.276934,0.181029,-0.265633,-0.265633,-0.265633,-0.265633
99.865906,0.242203,-0.350747,-0.274025,0.183760,-0.245735,-0.245735,-0.245735,-0.245735
99.875381,0.244395,-0.347232,-0.271260,0.186395,-0.227901,-0.227901,-0.227901,-0.227901
99.885925,0.246619,-0.343753,-0.268667,0.188997,-0.208134,-0.208134,-0.208134,-0.208134
99.895378,0.248260,-0.340649,-0.266561,0.191202,-0.190464,-0.190464,-0.190464,-0.190464
99.905922,0.246350,-0.338097,-0.265489,0.190395,-0.170841,-0.170841,-0.170841,-0.170841
99.915390,0.248358,-0.334407,-0.262899,0.192788,-0.153287,-0.153287,-0.153287,-0.153287
99.925926,0.247559,-0.329866,-0.261125,0.192498,-0.133831,-0.133831,-0.133831,-0.133831
99.935379,0.249872,-0.325309,-0.257620,0.195199,-0.116457,-0.116457,-0.116457,-0.116457
99.945915,0.252196,-0.321944,-0.254421,0.197961,-0.097177,-0.097177,-0.097177,-0.097177
99.955330,0.254467,-0.317509,-0.251391,0.200609,-0.080044,-0.080044,-0.080044,-0.080044
99.965874,0.256722,-0.312835,-0.248269,0.203197,-0.060967,-0.060967,-0.060967,-0.060967
99.975334,0.256646,-0.307700,-0.243804,0.203743,-0.043934,-0.043934,-0.043934,-0.043934
99.985878,0.259354,-0.302253,-0.238269,0.206329,-0.025067,-0.025067,-0.025067,-0.025067
99.995392,0.261636,-0.298372,-0.235119,0.209030,-0.008154,-0.008154,-0.008154,-0.008154
100.005959,0.263688,-0.294363,-0.230739,0.211543,0.010511,0.010511,0.010511,0.010511
100.015442,0.264699,-0.291005,-0.231186,0.213535,0.027146,0.027146,0.027146,0.027146
100.026031,0.265419,-0.288042,-0.227166,0.215274,0.045588,0.045588,0.045588,0.045588
100.035446,0.267761,-0.284162,-0.221560,0.217745,0.061863,0.061863,0.061863,0.061863
100.046051,0.268866,-0.279948,-0.217849,0.219457,0.080057,0.080057,0.080057,0.080057
