0.000003,-0.001534,-0.010738,-0.006136,-0.001534,0.000000,0.000000,0.000000,0.000000
0.010066,-0.001534,-0.010738,-0.006136,-0.001534,0.000000,0.000000,0.000000,0.000000
0.020066,-0.001534,-0.010738,-0.006136,-0.001534,0.000000,0.000000,0.000000,0.000000
0.030067,-0.001534,-0.010738,-0.006136,-0.001534,0.000000,0.000000,0.000000,0.000000
0.040064,-0.001534,-0.010738,-0.006136,-0.001534,0.000000,0.000000,0.000000,0.000000
0.050068,-0.001534,-0.010738,-0.006136,-0.001534,0.000000,0.000000,0.000000,0.000000
0.060062,-0.001534,-0.010738,-0.006136,-0.001534,0.000000,0.000000,0.000000,0.000000
0.070066,-0.001534,-0.010738,-0.006136,-0.001534,0.000000,0.000000,0.000000,0.000000
0.080065,-0.001534,-0.010738,-0.006136,-0.001534,0.000000,0.000000,0.000000,0.000000
0.090068,-0.001534,-0.010738,-0.006136,-0.001534,0.000000,0.000000,0.000000,0.000000
0.100062,-0.001534,-0.010738,-0.006136,-0.001534,0.000000,0.000000,0.000000,0.000000
0.110063,-0.001534,-0.010738,-0.006136,-0.001534,0.000000,0.000000,0.000000,0.000000
0.120061,-0.001534,-0.010738,-0.006136,-0.001534,0.000000,0.000000,0.000000,0.000000
0.130060,-0.001534,-0.010738,-0.006136,-0.001534,0.000000,0.000000,0.000000,0.000000
0.140065,-0.001534,-0.010738,-0.006136,-0.001534,0.000000,0.000000,0.000000,0.000000
0.150067,-0.001534,-0.010738,-0.006136,-0.001534,0.000000,0.000000,0.000000,0.000000
0.160065,-0.001534,-0.010738,-0.006136,-0.001534,0.000000,0.000000,0.000000,0.000000
0.170028,-0.001534,-0.010738,-0.006136,-0.001534,0.000000,0.000000,0.000000,0.000000
0.180054,-0.001534,-0.010738,-0.006136,-0.001534,0.000000,0.000000,0.000000,0.000000
0.190056,-0.001534,-0.010738,-0.006136,-0.001534,0.000000,0.000000,0.000000,0.000000
0.200057,-0.001534,-0.010738,-0.006136,-0.001534,0.000000,0.000000,0.000000,0.000000
0.210059,-0.001534,-0.010738,-0.006136,-0.001534,0.000000,0.000000,0.000000,0.000000
0.220057,-0.001534,-0.010738,-0.006136,-0.001534,0.000000,0.000000,0.000000,0.000000
0.230057,-0.001534,-0.010738,-0.006136,-0.001534,0.000000,0.000000,0.000000,0.000000
0.240057,-0.001534,-0.010738,-0.006136,-0.001534,0.000000,0.000000,0.000000,0.000000
0.250062,-0.001534,-0.010738,-0.006136,-0.001534,0.000000,0.000000,0.000000,0.000000
0.260062,-0.001534,-0.010738,-0.006136,-0.001534,0.000000,0.000000,0.000000,0.000000
0.270059,-0.001534,-0.010738,-0.006136,-0.001534,0.000000,0.000000,0.000000,0.000000
0.280061,-0.001534,-0.010738,-0.006136,-0.001534,0.000000,0.000000,0.000000,0.000000
0.290058,-0.001534,-0.010738,-0.006136,-0.001534,0.000000,0.000000,0.000000,0.000000
0.300056,-0.001534,-0.010738,-0.006136,-0.001534,0.000000,0.000000,0.000000,0.000000
0.310061,-0.001534,-0.010738,-0.006136,-0.001534,0.000000,0.000000,0.000000,0.000000
0.320058,-0.001534,-0.010738,-0.006136,-0.001534,0.000000,0.000000,0.000000,0.000000
0.330057,-0.001534,-0.010738,-0.006136,-0.001534,0.000000,0.000000,0.000000,0.000000
0.340056,-0.001534,-0.010738,-0.006136,-0.001534,0.000000,0.000000,0.000000,0.000000
0.350057,-0.001534,-0.010738,-0.006136,-0.001534,0.000000,0.000000,0.000000,0.000000
0.360063,-0.001534,-0.010738,-0.006136,-0.001534,0.000000,0.000000,0.000000,0.000000
0.370056,-0.001534,-0.010738,-0.006136,-0.001534,0.000000,0.000000,0.000000,0.000000
0.380058,-0.001534,-0.010738,-0.006136,-0.001534,0.000000,0.000000,0.000000,0.000000
0.390058,-0.001534,-0.010738,-0.006136,-0.001534,0.000000,0.000000,0.000000,0.000000
0.400057,-0.001534,-0.010738,-0.006136,-0.001534,0.000000,0.000000,0.000000,0.000000
0.410057,-0.001534,-0.010738,-0.006136,-0.001534,0.000000,0.000000,0.000000,0.000000
0.420059,-0.001534,-0.010738,-0.006136,-0.001534,0.000000,0.000000,0.000000,0.000000
0.430043,-0.001534,-0.010738,-0.006136,-0.001534,0.000000,0.000000,0.000000,0.000000
0.440060,-0.001534,-0.010738,-0.006136,-0.001534,0.000000,0.000000,0.000000,0.000000
0.450061,-0.001534,-0.010738,-0.006136,-0.001534,0.000000,0.000000,0.000000,0.000000
0.460065,-0.001534,-0.010738,-0.006136,-0.001534,0.000000,0.000000,0.000000,0.000000
0.470066,-0.001534,-0.010738,-0.006136,-0.001534,0.000000,0.000000,0.000000,0.000000
0.480064,-0.001534,-0.010738,-0.006136,-0.001534,0.000000,0.000000,0.000000,0.000000
0.490065,-0.001534,-0.010738,-0.006136,-0.001534,0.000000,0.000000,0.000000,0.000000
0.500060,-0.001534,-0.010738,-0.006136,-0.001534,0.000000,0.000000,0.000000,0.000000
0.510063,-0.001534,-0.010738,-0.006136,-0.001534,0.000000,0.000000,0.000000,0.000000
0.520061,-0.001534,-0.010738,-0.006136,-0.001534,0.000000,0.000000,0.000000,0.000000
0.530067,-0.001534,-0.010738,-0.006136,-0.001534,0.000000,0.000000,0.000000,0.000000
0.540063,-0.001534,-0.010738,-0.006136,-0.001534,0.000000,0.000000,0.000000,0.000000
0.550066,-0.001534,-0.010738,-0.006136,-0.001534,0.000000,0.000000,0.000000,0.000000
0.560061,-0.001534,-0.010738,-0.006136,-0.001534,0.000000,0.000000,0.000000,0.000000
0.570066,-0.001534,-0.010738,-0.006136,-0.001534,0.000000,0.000000,0.000000,0.000000
0.580059,-0.001534,-0.010738,-0.006136,-0.001534,0.000000,0.000000,0.000000,0.000000
0.590062,-0.001534,-0.010738,-0.006136,-0.001534,0.000000,0.000000,0.000000,0.000000
0.600064,-0.001534,-0.010738,-0.006136,-0.001534,0.000000,0.000000,0.000000,0.000000
0.610067,-0.001534,-0.010738,-0.006136,-0.001534,0.000000,0.000000,0.000000,0.000000
0.620062,-0.001534,-0.010738,-0.006136,-0.001534,0.000000,0.000000,0.000000,0.000000
0.630060,-0.001534,-0.010738,-0.006136,-0.001534,0.000000,0.000000,0.000000,0.000000
0.640051,-0.001534,-0.010738,-0.006136,-0.001534,0.000000,0.000000,0.000000,0.000000
0.650064,-0.001534,-0.010738,-0.006136,-0.001534,0.000000,0.000000,0.000000,0.000000
0.660064,-0.001534,-0.010738,-0.006136,-0.001534,0.000000,0.000000,0.000000,0.000000
0.670063,-0.001534,-0.010738,-0.006136,-0.001534,0.000000,0.000000,0.000000,0.000000
0.680060,-0.001534,-0.010738,-0.006136,-0.001534,0.000000,0.000000,0.000000,0.000000
0.690065,-0.001534,-0.010738,-0.006136,-0.001534,0.000000,0.000000,0.000000,0.000000
0.700060,-0.001534,-0.010738,-0.006136,-0.001534,0.000000,0.000000,0.000000,0.000000
0.710068,-0.001534,-0.010738,-0.006136,-0.001534,0.000000,0.000000,0.000000,0.000000
0.720059,-0.001534,-0.010738,-0.006136,-0.001534,0.000000,0.000000,0.000000,0.000000
0.730064,-0.001534,-0.010738,-0.006136,-0.001534,0.000000,0.000000,0.000000,0.000000
0.740069,-0.001534,-0.010738,-0.006136,-0.001534,0.000000,0.000000,0.000000,0.000000
0.750066,-0.001534,-0.010738,-0.006136,-0.001534,0.000000,0.000000,0.000000,0.000000
0.760061,-0.001534,-0.010738,-0.006136,-0.001534,0.000000,0.000000,0.000000,0.000000
0.770066,-0.001534,-0.010738,-0.006136,-0.001534,0.000000,0.000000,0.000000,0.000000
0.780028,-0.001534,-0.010738,-0.006136,-0.001534,0.000000,0.000000,0.000000,0.000000
0.790058,-0.001534,-0.010738,-0.006136,-0.001534,0.000000,0.000000,0.000000,0.000000
0.800057,-0.001534,-0.010738,-0.006136,-0.001534,0.000000,0.000000,0.000000,0.000000
0.810059,-0.001534,-0.010738,-0.006136,-0.001534,0.000000,0.000000,0.000000,0.000000
0.820055,-0.001534,-0.010738,-0.006136,-0.001534,0.000000,0.000000,0.000000,0.000000
0.830058,-0.001534,-0.010738,-0.006136,-0.001534,0.000000,0.000000,0.000000,0.000000
0.840055,-0.001534,-0.010738,-0.006136,-0.001534,0.000000,0.000000,0.000000,0.000000
0.850053,-0.001534,-0.010738,-0.006136,-0.001534,0.000000,0.000000,0.000000,0.000000
0.860056,-0.001534,-0.010738,-0.006136,-0.001534,0.000000,0.000000,0.000000,0.000000
0.870058,-0.001534,-0.010738,-0.006136,-0.001534,0.000000,0.000000,0.000000,0.000000
0.880058,-0.001534,-0.010738,-0.006136,-0.001534,0.000000,0.000000,0.000000,0.000000
0.890060,-0.001534,-0.010738,-0.006136,-0.001534,0.000000,0.000000,0.000000,0.000000
0.900060,-0.001534,-0.010738,-0.006136,-0.001534,0.000000,0.000000,0.000000,0.000000
0.910060,-0.001534,-0.010738,-0.006136,-0.001534,0.000000,0.000000,0.000000,0.000000
0.920057,-0.001534,-0.010738,-0.006136,-0.001534,0.000000,0.000000,0.000000,0.000000
0.930059,-0.001534,-0.010738,-0.006136,-0.001534,0.000000,0.000000,0.000000,0.000000
0.940059,-0.001534,-0.010738,-0.006136,-0.001534,0.000000,0.000000,0.000000,0.000000
0.950062,-0.001534,-0.010738,-0.006136,-0.001534,0.000000,0.000000,0.000000,0.000000
0.960061,-0.001534,-0.010738,-0.006136,-0.001534,0.000000,0.000000,0.000000,0.000000
0.970060,-0.001534,-0.010738,-0.006136,-0.001534,0.000000,0.000000,0.000000,0.000000
0.980063,-0.001534,-0.010738,-0.006136,-0.001534,0.000000,0.000000,0.000000,0.000000
0.990041,-0.001534,-0.010738,-0.006136,-0.001534,0.000000,0.000000,0.000000,0.000000
1.000061,-0.001534,-0.010738,-0.006136,-0.001534,0.000134,0.000134,0.000134,0.000134
1.010064,-0.001534,-0.010738,-0.006136,-0.001534,0.010274,0.010274,0.010274,0.010274
1.020062,-0.001534,-0.010738,-0.006136,-0.001534,0.030404,0.030404,0.030404,0.030404
1.030059,-0.001534,-0.010738,-0.006136,-0.001534,0.060529,0.060529,0.060529,0.060529
1.040059,-0.001534,-0.010738,-0.006136,-0.001534,0.088155,0.088155,0.088155,0.088155
1.050062,-0.001534,-0.004602,-0.004602,0.000000,0.110184,0.110184,0.110184,0.110184
1.060064,-0.001534,-0.004602,-0.004602,0.000000,0.132215,0.132215,0.132215,0.132215
1.070065,0.023010,0.033748,0.046019,0.035282,0.154247,0.154247,0.154247,0.154247
1.080066,0.023010,0.033748,0.046019,0.035282,0.176280,0.176280,0.176280,0.176280
1.090063,0.085903,0.092039,0.133456,0.105845,0.198310,0.198310,0.198310,0.198310
1.100060,0.085903,0.092039,0.133456,0.105845,0.220336,0.220336,0.220336,0.220336
1.110065,0.144194,0.147262,0.194816,0.164136,0.242383,0.242383,0.242383,0.242383
1.120059,0.144194,0.147262,0.194816,0.164136,0.264405,0.264405,0.264405,0.264405
1.130062,0.187146,0.190214,0.231631,0.205553,0.286443,0.286443,0.286443,0.286443
1.140065,0.187146,0.190214,0.231631,0.205553,0.308481,0.308481,0.308481,0.308481
1.150067,0.228563,0.230097,0.271515,0.243903,0.330512,0.330512,0.330512,0.330512
1.160063,0.228563,0.230097,0.271515,0.243903,0.352525,0.352525,0.352525,0.352525
1.170061,0.271515,0.271515,0.312932,0.289922,0.374539,0.374539,0.374539,0.374539
1.180054,0.271515,0.271515,0.312932,0.289922,0.396532,0.396532,0.396532,0.396532
1.190060,0.271515,0.271515,0.312932,0.289922,0.418548,0.418548,0.418548,0.418548
1.200061,0.314466,0.316000,0.355884,0.334408,0.440546,0.440546,0.440546,0.440546
1.210063,0.358952,0.360486,0.400369,0.377359,0.462538,0.462538,0.462538,0.462538
1.220062,0.358952,0.360486,0.400369,0.377359,0.484512,0.484512,0.484512,0.484512
1.230061,0.403437,0.403437,0.446388,0.421845,0.506476,0.506476,0.506476,0.506476
1.240062,0.403437,0.403437,0.446388,0.421845,0.528434,0.528434,0.528434,0.528434
1.250061,0.446388,0.449456,0.487806,0.466330,0.550373,0.550373,0.550373,0.550373
1.260063,0.446388,0.449456,0.487806,0.466330,0.572306,0.572306,0.572306,0.572306
1.270058,0.490874,0.497010,0.530757,0.510816,0.594210,0.594210,0.594210,0.594210
1.280063,0.490874,0.497010,0.530757,0.510816,0.616119,0.616119,0.616119,0.616119
1.290061,0.535359,0.538427,0.575243,0.553767,0.637997,0.637997,0.637997,0.637997
1.300059,0.535359,0.538427,0.575243,0.553767,0.659858,0.659858,0.659858,0.659858
1.310059,0.576777,0.576777,0.621262,0.596719,0.681707,0.681707,0.681707,0.681707
1.320057,0.576777,0.576777,0.621262,0.596719,0.703532,0.703532,0.703532,0.703532
1.330062,0.618194,0.618194,0.661146,0.636602,0.725351,0.725351,0.725351,0.725351
1.340057,0.618194,0.618194,0.661146,0.636602,0.747130,0.747130,0.747130,0.747130
1.350059,0.661146,0.662680,0.701029,0.678020,0.768901,0.768901,0.768901,0.768901
1.360058,0.661146,0.662680,0.701029,0.678020,0.790642,0.790642,0.790642,0.790642
1.370059,0.708699,0.704097,0.747049,0.724039,0.812366,0.812366,0.812366,0.812366
1.380057,0.708699,0.704097,0.747049,0.724039,0.834057,0.834057,0.834057,0.834057
1.390059,0.753185,0.750117,0.793068,0.766990,0.855734,0.855734,0.855734,0.855734
1.400055,0.753185,0.750117,0.793068,0.766990,0.877371,0.877371,0.877371,0.877371
1.410064,0.793068,0.799204,0.834486,0.808408,0.899007,0.899007,0.899007,0.899007
1.420060,0.793068,0.799204,0.834486,0.808408,0.920588,0.920588,0.920588,0.920588
1.430059,0.834486,0.839088,0.878971,0.855961,0.942148,0.942148,0.942148,0.942148
1.440056,0.834486,0.839088,0.878971,0.855961,0.963672,0.963672,0.963672,0.963672
1.450060,0.880505,0.880505,0.926525,0.906583,0.985181,0.985181,0.985181,0.985181
1.460060,0.880505,0.880505,0.926525,0.906583,1.006649,1.006649,1.006649,1.006649
1.470058,0.924991,0.929592,0.971010,0.948000,1.028080,1.028080,1.028080,1.028080
1.480060,0.924991,0.929592,0.971010,0.948000,1.049489,1.049489,1.049489,1.049489
1.490063,0.924991,0.929592,0.971010,0.948000,1.070863,1.070863,1.070863,1.070863
1.500059,0.966408,0.974078,1.012427,0.986350,1.092187,1.092187,1.092187,1.092187
1.510061,1.009359,1.013961,1.055379,1.029301,1.113485,1.113485,1.113485,1.113485
1.520057,1.009359,1.013961,1.055379,1.029301,1.134737,1.134737,1.134737,1.134737
1.530038,1.052311,1.055379,1.099864,1.073787,1.155915,1.155915,1.155915,1.155915
1.540059,1.052311,1.055379,1.099864,1.073787,1.177143,1.177143,1.177143,1.177143
1.550061,1.098330,1.096796,1.139748,1.115204,1.198288,1.198288,1.198288,1.198288
1.560058,1.098330,1.096796,1.139748,1.115204,1.219380,1.219380,1.219380,1.219380
1.570058,1.139748,1.142816,1.182699,1.158156,1.240441,1.240441,1.240441,1.240441
1.580058,1.139748,1.142816,1.182699,1.158156,1.261454,1.261454,1.261454,1.261454
1.590059,1.179631,1.185767,1.227185,1.201107,1.282428,1.282428,1.282428,1.282428
1.600060,1.179631,1.185767,1.227185,1.201107,1.303358,1.303358,1.303358,1.303358
1.610060,1.221049,1.227185,1.264000,1.244059,1.324240,1.324240,1.324240,1.324240
1.620058,1.221049,1.227185,1.264000,1.244059,1.345070,1.345070,1.345070,1.345070
1.630058,1.262466,1.270136,1.305418,1.288544,1.365857,1.365857,1.365857,1.365857
1.640056,1.262466,1.270136,1.305418,1.288544,1.386592,1.386592,1.386592,1.386592
1.650059,1.305418,1.311554,1.348369,1.329962,1.407287,1.407287,1.407287,1.407287
1.660067,1.305418,1.311554,1.348369,1.329962,1.427943,1.427943,1.427943,1.427943
1.670061,1.348369,1.351437,1.391321,1.371379,1.448518,1.448518,1.448518,1.448518
1.680060,1.348369,1.351437,1.391321,1.371379,1.469052,1.469052,1.469052,1.469052
1.690069,1.389787,1.391321,1.431204,1.412796,1.489553,1.489553,1.489553,1.489553
1.700040,1.389787,1.391321,1.431204,1.412796,1.509923,1.509923,1.509923,1.509923
1.710067,1.431204,1.434272,1.472622,1.452680,1.530353,1.530353,1.530353,1.530353
1.720056,1.431204,1.434272,1.472622,1.452680,1.550648,1.550648,1.550648,1.550648
1.730066,1.431204,1.434272,1.472622,1.452680,1.570929,1.570929,1.570929,1.570929
1.740061,1.471088,1.477224,1.514039,1.495631,1.591123,1.591123,1.591123,1.591123
1.750064,1.514039,1.518641,1.556991,1.538583,1.611276,1.611276,1.611276,1.611276
1.760059,1.514039,1.518641,1.556991,1.538583,1.631350,1.631350,1.631350,1.631350
1.770061,1.555457,1.558525,1.596874,1.576932,1.651379,1.651379,1.651379,1.651379
1.780061,1.555457,1.558525,1.596874,1.576932,1.671343,1.671343,1.671343,1.671343
1.790069,1.555457,1.558525,1.596874,1.576932,1.691262,1.691262,1.691262,1.691262
1.800066,1.593806,1.601476,1.635224,1.616816,1.711094,1.711094,1.711094,1.711094
1.810066,1.633690,1.641360,1.676641,1.656700,1.730868,1.730868,1.730868,1.730868
1.820065,1.633690,1.641360,1.676641,1.656700,1.750576,1.750576,1.750576,1.750576
1.830068,1.675107,1.679709,1.716525,1.698117,1.770224,1.770224,1.770224,1.770224
1.840060,1.675107,1.679709,1.716525,1.698117,1.789786,1.789786,1.789786,1.789786
1.850066,1.716525,1.721127,1.756408,1.738001,1.809306,1.809306,1.809306,1.809306
1.860064,1.716525,1.721127,1.756408,1.738001,1.828743,1.828743,1.828743,1.828743
1.870064,1.756408,1.762544,1.794758,1.777884,1.848113,1.848113,1.848113,1.848113
1.880067,1.756408,1.762544,1.794758,1.777884,1.867418,1.867418,1.867418,1.867418
1.890065,1.791690,1.800894,1.833107,1.816234,1.886644,1.886644,1.886644,1.886644
1.900062,1.791690,1.800894,1.833107,1.816234,1.905794,1.905794,1.905794,1.905794
1.910067,1.833107,1.839243,1.872991,1.856117,1.924887,1.924887,1.924887,1.924887
1.920058,1.833107,1.839243,1.872991,1.856117,1.943879,1.943879,1.943879,1.943879
1.930067,1.871457,1.876059,1.911340,1.894467,1.962830,1.962830,1.962830,1.962830
1.940064,1.871457,1.876059,1.911340,1.894467,1.981682,1.981682,1.981682,1.981682
1.950066,1.908272,1.919010,1.948156,1.931282,2.000467,2.000467,2.000467,2.000467
1.960041,1.908272,1.919010,1.948156,1.931282,2.019124,2.019124,2.019124,2.019124
1.970058,1.945088,1.958894,1.988039,1.968098,2.037780,2.037780,2.037780,2.037780
1.980057,1.945088,1.958894,1.988039,1.968098,2.056325,2.056325,2.056325,2.056325
1.990060,1.984971,1.995709,2.027923,2.006447,2.074795,2.074795,2.074795,2.074795
2.000060,1.984971,1.995709,2.027923,2.006447,2.093179,2.093179,2.093179,2.093179
2.010061,2.023321,2.032525,2.064739,2.046331,2.111482,2.111482,2.111482,2.111482
2.020057,2.023321,2.032525,2.064739,2.046331,2.129694,2.129694,2.129694,2.129694
2.030058,2.061671,2.070874,2.098486,2.083146,2.147829,2.147829,2.147829,2.147829
2.040057,2.061671,2.070874,2.098486,2.083146,2.165878,2.165878,2.165878,2.165878
2.050059,2.096952,2.110758,2.135302,2.121496,2.183845,2.183845,2.183845,2.183845
2.060060,2.096952,2.110758,2.135302,2.121496,2.201725,2.201725,2.201725,2.201725
2.070056,2.132234,2.147573,2.172117,2.158311,2.219508,2.219508,2.219508,2.219508
2.080060,2.132234,2.147573,2.172117,2.158311,2.237217,2.237217,2.237217,2.237217
2.090062,2.165981,2.182855,2.205865,2.195127,2.254832,2.254832,2.254832,2.254832
2.100060,2.165981,2.182855,2.205865,2.195127,2.272351,2.272351,2.272351,2.272351
2.110059,2.201263,2.219671,2.239612,2.230408,2.289781,2.289781,2.289781,2.289781
2.120057,2.201263,2.219671,2.239612,2.230408,2.307116,2.307116,2.307116,2.307116
2.130062,2.201263,2.219671,2.239612,2.230408,2.324371,2.324371,2.324371,2.324371
2.140058,2.238078,2.258020,2.274894,2.264156,2.341518,2.341518,2.341518,2.341518
2.150060,2.271826,2.294836,2.314777,2.297904,2.358581,2.358581,2.358581,2.358581
2.160058,2.271826,2.294836,2.314777,2.297904,2.375540,2.375540,2.375540,2.375540
2.170058,2.308641,2.328583,2.351593,2.333185,2.392408,2.392408,2.392408,2.392408
2.180028,2.308641,2.328583,2.351593,2.333185,2.409128,2.409128,2.409128,2.409128
2.190047,2.342389,2.362331,2.383806,2.368467,2.425832,2.425832,2.425832,2.425832
2.200067,2.342389,2.362331,2.383806,2.368467,2.442440,2.442440,2.442440,2.442440
2.210068,2.376137,2.397612,2.414486,2.405282,2.458916,2.458916,2.458916,2.458916
2.220062,2.376137,2.397612,2.414486,2.405282,2.475279,2.475279,2.475279,2.475279
2.230065,2.408350,2.432894,2.446700,2.437496,2.491556,2.491556,2.491556,2.491556
2.240061,2.408350,2.432894,2.446700,2.437496,2.507721,2.507721,2.507721,2.507721
2.250066,2.440564,2.466641,2.481981,2.472777,2.523797,2.523797,2.523797,2.523797
2.260063,2.440564,2.466641,2.481981,2.472777,2.539757,2.539757,2.539757,2.539757
2.270061,2.474311,2.498855,2.515729,2.504991,2.555613,2.555613,2.555613,2.555613
2.280064,2.474311,2.498855,2.515729,2.504991,2.571372,2.571372,2.571372,2.571372
2.290067,2.508059,2.532603,2.546408,2.537205,2.587025,2.587025,2.587025,2.587025
2.300066,2.508059,2.532603,2.546408,2.537205,2.602563,2.602563,2.602563,2.602563
2.310067,2.508059,2.532603,2.546408,2.537205,2.617998,2.617998,2.617998,2.617998
2.320019,2.540272,2.567884,2.577088,2.570952,2.633251,2.633251,2.633251,2.633251
2.330065,2.540272,2.567884,2.577088,2.570952,2.648536,2.648536,2.648536,2.648536
2.340064,2.569418,2.598564,2.607768,2.600098,2.663640,2.663640,2.663640,2.663640
2.350067,2.601632,2.627709,2.639981,2.629243,2.678637,2.678637,2.678637,2.678637
2.360061,2.601632,2.627709,2.639981,2.629243,2.693512,2.693512,2.693512,2.693512
2.370057,2.632311,2.656855,2.672195,2.662991,2.708275,2.708275,2.708275,2.708275
2.380062,2.632311,2.656855,2.672195,2.662991,2.722938,2.722938,2.722938,2.722938
2.390061,2.632311,2.656855,2.672195,2.662991,2.737479,2.737479,2.737479,2.737479
2.400054,2.662991,2.690603,2.702874,2.698272,2.751896,2.751896,2.751896,2.751896
2.410061,2.693671,2.727418,2.733554,2.725884,2.766218,2.766218,2.766218,2.766218
2.420059,2.693671,2.727418,2.733554,2.725884,2.780409,2.780409,2.780409,2.780409
2.430061,2.693671,2.727418,2.733554,2.725884,2.794489,2.794489,2.794489,2.794489
2.440064,2.722816,2.758098,2.762700,2.753496,2.808454,2.808454,2.808454,2.808454
2.450065,2.750428,2.787243,2.790311,2.782642,2.822295,2.822295,2.822295,2.822295
2.460060,2.750428,2.787243,2.790311,2.782642,2.836009,2.836009,2.836009,2.836009
2.470061,2.781108,2.816389,2.817923,2.811787,2.849611,2.849611,2.849611,2.849611
2.480042,2.781108,2.816389,2.817923,2.811787,2.863065,2.863065,2.863065,2.863065
2.490054,2.808719,2.844001,2.845535,2.840933,2.876440,2.876440,2.876440,2.876440
2.500058,2.808719,2.844001,2.845535,2.840933,2.889680,2.889680,2.889680,2.889680
2.510063,2.834797,2.873146,2.873146,2.868545,2.902798,2.902798,2.902798,2.902798
2.520060,2.834797,2.873146,2.873146,2.868545,2.915781,2.915781,2.915781,2.915781
2.530057,2.860875,2.900758,2.900758,2.893088,2.928641,2.928641,2.928641,2.928641
2.540054,2.860875,2.900758,2.900758,2.893088,2.941374,2.941374,2.941374,2.941374
2.550064,2.888486,2.926836,2.926836,2.917632,2.953998,2.953998,2.953998,2.953998
2.560061,2.888486,2.926836,2.926836,2.917632,2.966479,2.966479,2.966479,2.966479
2.570065,2.914564,2.954448,2.952914,2.948312,2.978840,2.978840,2.978840,2.978840
2.580060,2.914564,2.954448,2.952914,2.948312,2.991062,2.991062,2.991062,2.991062
2.590060,2.939108,2.978991,2.977457,2.977457,3.003160,3.003160,3.003160,3.003160
2.600058,2.939108,2.978991,2.977457,2.977457,3.015127,3.015127,3.015127,3.015127
2.610025,2.963651,3.005069,3.002001,2.998933,3.026928,3.026928,3.026928,3.026928
2.620060,2.963651,3.005069,3.002001,2.998933,3.038676,3.038676,3.038676,3.038676
2.630062,2.985127,3.029613,3.025011,3.021943,3.050253,3.050253,3.050253,3.050253
2.640059,2.985127,3.029613,3.025011,3.021943,3.061694,3.061694,3.061694,3.061694
2.650061,3.011205,3.054156,3.048020,3.046486,3.073006,3.073006,3.073006,3.073006
2.660032,3.011205,3.054156,3.048020,3.046486,3.084149,3.084149,3.084149,3.084149
2.670065,3.037282,3.074098,3.074098,3.069496,3.095227,3.095227,3.095227,3.095227
2.680033,3.037282,3.074098,3.074098,3.069496,3.106098,3.106098,3.106098,3.106098
2.690069,3.061826,3.095574,3.095574,3.087904,3.116908,3.116908,3.116908,3.116908
2.700064,3.061826,3.095574,3.095574,3.087904,3.127536,3.127536,3.127536,3.127536
2.710068,3.083302,3.113981,3.120117,3.109380,3.138036,3.138036,3.138036,3.138036
2.720059,3.083302,3.113981,3.120117,3.109380,3.148385,3.148385,3.148385,3.148385
2.730055,3.103244,3.130855,3.138525,3.127787,3.158601,3.158601,3.158601,3.158601
2.740060,3.103244,3.130855,3.138525,3.127787,3.168687,3.168687,3.168687,3.168687
2.750062,3.123185,3.149263,3.158467,3.144661,3.178631,3.178631,3.178631,3.178631
2.760065,3.123185,3.149263,3.158467,3.144661,3.188434,3.188434,3.188434,3.188434
2.770065,3.141593,3.169205,3.176875,3.164603,3.198093,3.198093,3.198093,3.198093
2.780059,3.141593,3.169205,3.176875,3.164603,3.207607,3.207607,3.207607,3.207607
2.790065,3.160001,3.192214,3.196816,3.184545,3.216988,3.216988,3.216988,3.216988
2.800063,3.160001,3.192214,3.196816,3.184545,3.226220,3.226220,3.226220,3.226220
2.810065,3.176875,3.212156,3.216758,3.204486,3.235311,3.235311,3.235311,3.235311
2.820062,3.176875,3.212156,3.216758,3.204486,3.244254,3.244254,3.244254,3.244254
2.830066,3.198350,3.229030,3.235166,3.224428,3.253059,3.253059,3.253059,3.253059
2.840062,3.198350,3.229030,3.235166,3.224428,3.261712,3.261712,3.261712,3.261712
2.850060,3.216758,3.247438,3.252040,3.241302,3.270220,3.270220,3.270220,3.270220
2.860060,3.216758,3.247438,3.252040,3.241302,3.278585,3.278585,3.278585,3.278585
2.870062,3.233632,3.264312,3.268914,3.258176,3.286803,3.286803,3.286803,3.286803
2.880059,3.233632,3.264312,3.268914,3.258176,3.294871,3.294871,3.294871,3.294871
2.890061,3.250506,3.279651,3.288855,3.276583,3.302795,3.302795,3.302795,3.302795
2.900062,3.250506,3.279651,3.288855,3.276583,3.310569,3.310569,3.310569,3.310569
2.910069,3.265846,3.296525,3.305729,3.293457,3.318198,3.318198,3.318198,3.318198
2.920063,3.265846,3.296525,3.305729,3.293457,3.325670,3.325670,3.325670,3.325670
2.930065,3.284253,3.313399,3.321069,3.308797,3.332995,3.332995,3.332995,3.332995
2.940065,3.284253,3.313399,3.321069,3.308797,3.340169,3.340169,3.340169,3.340169
2.950067,3.298059,3.330273,3.337943,3.324137,3.347194,3.347194,3.347194,3.347194
2.960064,3.298059,3.330273,3.337943,3.324137,3.354064,3.354064,3.354064,3.354064
2.970064,3.298059,3.330273,3.337943,3.324137,3.360783,3.360783,3.360783,3.360783
2.980062,3.313399,3.345613,3.351748,3.337943,3.367348,3.367348,3.367348,3.367348
2.990065,3.313399,3.345613,3.351748,3.337943,3.373763,3.373763,3.373763,3.373763
3.000064,3.327205,3.360952,3.367088,3.351748,3.380023,3.380023,3.380023,3.380023
3.010064,3.337943,3.374758,3.377826,3.364020,3.386129,3.386129,3.386129,3.386129
3.020063,3.337943,3.374758,3.377826,3.364020,3.392080,3.392080,3.392080,3.392080
3.030069,3.345613,3.387030,3.390098,3.374758,3.397879,3.397879,3.397879,3.397879
3.040059,3.345613,3.387030,3.390098,3.374758,3.403514,3.403514,3.403514,3.403514
3.050061,3.359418,3.396234,3.403904,3.387030,3.409000,3.409000,3.409000,3.409000
3.060064,3.359418,3.396234,3.403904,3.387030,3.414330,3.414330,3.414330,3.414330
3.070068,3.370156,3.411574,3.413108,3.399302,3.419505,3.419505,3.419505,3.419505
3.080061,3.370156,3.411574,3.413108,3.399302,3.424516,3.424516,3.424516,3.424516
3.090065,3.374758,3.422312,3.422312,3.408506,3.429374,3.429374,3.429374,3.429374
3.100065,3.374758,3.422312,3.422312,3.408506,3.434073,3.434073,3.434073,3.434073
3.110067,3.374758,3.422312,3.422312,3.408506,3.438615,3.438615,3.438615,3.438615
3.120058,3.382428,3.429981,3.434583,3.419244,3.442992,3.442992,3.442992,3.442992
3.130065,3.382428,3.429981,3.434583,3.419244,3.447217,3.447217,3.447217,3.447217
3.140059,3.397768,3.436117,3.446855,3.431515,3.451278,3.451278,3.451278,3.451278
3.150065,3.410040,3.446855,3.452991,3.440719,3.455183,3.455183,3.455183,3.455183
3.160063,3.410040,3.446855,3.452991,3.440719,3.458924,3.458924,3.458924,3.458924
3.170066,3.414642,3.456059,3.460661,3.449923,3.462506,3.462506,3.462506,3.462506
3.180061,3.414642,3.456059,3.460661,3.449923,3.465925,3.465925,3.465925,3.465925
3.190066,3.422312,3.462195,3.468331,3.457593,3.469185,3.469185,3.469185,3.469185
3.200060,3.422312,3.462195,3.468331,3.457593,3.472280,3.472280,3.472280,3.472280
3.210065,3.434583,3.465263,3.479069,3.465263,3.475216,3.475216,3.475216,3.475216
3.220064,3.434583,3.465263,3.479069,3.465263,3.477988,3.477988,3.477988,3.477988
3.230068,3.442253,3.468331,3.485205,3.471399,3.480598,3.480598,3.480598,3.480598
3.240061,3.442253,3.468331,3.485205,3.471399,3.483042,3.483042,3.483042,3.483042
3.250067,3.443787,3.477535,3.489807,3.476001,3.485326,3.485326,3.485326,3.485326
3.260061,3.443787,3.477535,3.489807,3.476001,3.487444,3.487444,3.487444,3.487444
3.270064,3.443787,3.489807,3.489807,3.480603,3.489399,3.489399,3.489399,3.489399
3.280042,3.443787,3.489807,3.489807,3.480603,3.491186,3.491186,3.491186,3.491186
3.290061,3.449923,3.495943,3.489807,3.482137,3.492815,3.492815,3.492815,3.492815
3.300058,3.449923,3.495943,3.489807,3.482137,3.494275,3.494275,3.494275,3.494275
3.310059,3.456059,3.495943,3.489807,3.482137,3.495570,3.495570,3.495570,3.495570
3.320058,3.456059,3.495943,3.489807,3.482137,3.496701,3.496701,3.496701,3.496701
3.330022,3.459127,3.495943,3.489807,3.482137,3.497662,3.497662,3.497662,3.497662
3.340064,3.459127,3.495943,3.489807,3.482137,3.498464,3.498464,3.498464,3.498464
3.350066,3.459127,3.495943,3.489807,3.482137,3.499096,3.499096,3.499096,3.499096
3.360065,3.462195,3.497477,3.494409,3.483671,3.499562,3.499562,3.499562,3.499562
3.370068,3.463729,3.497477,3.506680,3.489807,3.499861,3.499861,3.499861,3.499861
3.380064,3.463729,3.497477,3.506680,3.489807,3.499993,3.499993,3.499993,3.499993
3.390066,3.466797,3.497477,3.515884,3.497477,3.499958,3.499958,3.499958,3.499958
3.400063,3.466797,3.497477,3.515884,3.497477,3.499756,3.499756,3.499756,3.499756
3.410065,3.469865,3.499011,3.518952,3.499011,3.499386,3.499386,3.499386,3.499386
3.420060,3.469865,3.499011,3.518952,3.499011,3.498849,3.498849,3.498849,3.498849
3.430059,3.469865,3.503613,3.518952,3.500545,3.498144,3.498144,3.498144,3.498144
3.440060,3.469865,3.503613,3.518952,3.500545,3.497271,3.497271,3.497271,3.497271
3.450063,3.469865,3.503613,3.518952,3.499011,3.496230,3.496230,3.496230,3.496230
3.460062,3.469865,3.503613,3.518952,3.499011,3.495021,3.495021,3.495021,3.495021
3.470067,3.469865,3.503613,3.518952,3.499011,3.493642,3.493642,3.493642,3.493642
3.480062,3.469865,3.503613,3.518952,3.499011,3.492096,3.492096,3.492096,3.492096
3.490069,3.469865,3.503613,3.518952,3.499011,3.490380,3.490380,3.490380,3.490380
3.500065,3.469865,3.503613,3.518952,3.499011,3.488497,3.488497,3.488497,3.488497
3.510067,3.469865,3.503613,3.518952,3.499011,3.486443,3.486443,3.486443,3.486443
3.520064,3.469865,3.503613,3.518952,3.499011,3.484222,3.484222,3.484222,3.484222
3.530065,3.471399,3.503613,3.518952,3.500545,3.481831,3.481831,3.481831,3.481831
3.540065,3.471399,3.503613,3.518952,3.500545,3.479270,3.479270,3.479270,3.479270
3.550067,3.469865,3.503613,3.518952,3.499011,3.476540,3.476540,3.476540,3.476540
3.560063,3.469865,3.503613,3.518952,3.499011,3.473642,3.473642,3.473642,3.473642
3.570061,3.469865,3.503613,3.518952,3.499011,3.470574,3.470574,3.470574,3.470574
3.580065,3.469865,3.503613,3.518952,3.499011,3.467335,3.467335,3.467335,3.467335
3.590063,3.469865,3.503613,3.517418,3.499011,3.463929,3.463929,3.463929,3.463929
3.600062,3.469865,3.503613,3.517418,3.499011,3.460352,3.460352,3.460352,3.460352
3.610065,3.469865,3.502079,3.517418,3.499011,3.456604,3.456604,3.456604,3.456604
3.620057,3.469865,3.502079,3.517418,3.499011,3.452691,3.452691,3.452691,3.452691
3.630061,3.469865,3.502079,3.517418,3.497477,3.448604,3.448604,3.448604,3.448604
3.640063,3.469865,3.502079,3.517418,3.497477,3.444348,3.444348,3.444348,3.444348
3.650062,3.469865,3.500545,3.515884,3.495943,3.439923,3.439923,3.439923,3.439923
3.660065,3.469865,3.500545,3.515884,3.495943,3.435328,3.435328,3.435328,3.435328
3.670064,3.468331,3.500545,3.515884,3.492875,3.430564,3.430564,3.430564,3.430564
3.680064,3.468331,3.500545,3.515884,3.492875,3.425630,3.425630,3.425630,3.425630
3.690069,3.468331,3.494409,3.515884,3.483671,3.420524,3.420524,3.420524,3.420524
3.700066,3.468331,3.494409,3.515884,3.483671,3.415253,3.415253,3.415253,3.415253
3.710068,3.460661,3.485205,3.511282,3.472933,3.409810,3.409810,3.409810,3.409810
3.720058,3.460661,3.485205,3.511282,3.472933,3.404204,3.404204,3.404204,3.404204
3.730062,3.460661,3.485205,3.511282,3.472933,3.398422,3.398422,3.398422,3.398422
3.740063,3.451457,3.474467,3.497477,3.462195,3.392471,3.392471,3.392471,3.392471
3.750065,3.440719,3.465263,3.483671,3.452991,3.386350,3.386350,3.386350,3.386350
3.760061,3.440719,3.465263,3.483671,3.452991,3.380065,3.380065,3.380065,3.380065
3.770058,3.429981,3.452991,3.471399,3.442253,3.373610,3.373610,3.373610,3.373610
3.780060,3.429981,3.452991,3.471399,3.442253,3.366984,3.366984,3.366984,3.366984
3.790059,3.429981,3.452991,3.471399,3.442253,3.360190,3.360190,3.360190,3.360190
3.800061,3.417710,3.443787,3.459127,3.428447,3.353226,3.353226,3.353226,3.353226
3.810057,3.403904,3.431515,3.446855,3.417710,3.346098,3.346098,3.346098,3.346098
3.820058,3.403904,3.431515,3.446855,3.417710,3.338799,3.338799,3.338799,3.338799
3.830058,3.391632,3.417710,3.431515,3.402370,3.331331,3.331331,3.331331,3.331331
3.840057,3.391632,3.417710,3.431515,3.402370,3.323697,3.323697,3.323697,3.323697
3.850056,3.380894,3.400836,3.419244,3.387030,3.315895,3.315895,3.315895,3.315895
3.860057,3.380894,3.400836,3.419244,3.387030,3.307924,3.307924,3.307924,3.307924
3.870059,3.365554,3.387030,3.403904,3.373224,3.299785,3.299785,3.299785,3.299785
3.880061,3.365554,3.387030,3.403904,3.373224,3.291478,3.291478,3.291478,3.291478
3.890040,3.350214,3.371690,3.388564,3.359418,3.283025,3.283025,3.283025,3.283025
3.900060,3.350214,3.371690,3.388564,3.359418,3.274369,3.274369,3.274369,3.274369
3.910058,3.336409,3.354816,3.374758,3.344079,3.265567,3.265567,3.265567,3.265567
3.920056,3.336409,3.354816,3.374758,3.344079,3.256597,3.256597,3.256597,3.256597
3.930060,3.321069,3.337943,3.356350,3.327205,3.247457,3.247457,3.247457,3.247457
3.940058,3.321069,3.337943,3.356350,3.327205,3.238157,3.238157,3.238157,3.238157
3.950055,3.304195,3.319535,3.339477,3.308797,3.228691,3.228691,3.228691,3.228691
3.960059,3.304195,3.319535,3.339477,3.308797,3.219055,3.219055,3.219055,3.219055
3.970061,3.285787,3.301127,3.319535,3.290389,3.209255,3.209255,3.209255,3.209255
3.980058,3.285787,3.301127,3.319535,3.290389,3.199296,3.199296,3.199296,3.199296
3.990066,3.264312,3.281185,3.302661,3.271981,3.189161,3.189161,3.189161,3.189161
4.000062,3.264312,3.281185,3.302661,3.271981,3.178874,3.178874,3.178874,3.178874
4.010064,3.245904,3.261244,3.284253,3.252040,3.168418,3.168418,3.168418,3.168418
4.020060,3.245904,3.261244,3.284253,3.252040,3.157806,3.157806,3.157806,3.157806
4.030057,3.225962,3.241302,3.262778,3.230564,3.147027,3.147027,3.147027,3.147027
4.040061,3.225962,3.241302,3.262778,3.230564,3.136081,3.136081,3.136081,3.136081
4.050062,3.204486,3.218292,3.242836,3.209088,3.124975,3.124975,3.124975,3.124975
4.060063,3.204486,3.218292,3.242836,3.209088,3.113706,3.113706,3.113706,3.113706
4.070067,3.183011,3.196816,3.219826,3.186079,3.102273,3.102273,3.102273,3.102273
4.080061,3.183011,3.196816,3.219826,3.186079,3.090690,3.090690,3.090690,3.090690
4.090064,3.161535,3.175341,3.198350,3.166137,3.078937,3.078937,3.078937,3.078937
4.100062,3.161535,3.175341,3.198350,3.166137,3.067029,3.067029,3.067029,3.067029
4.110067,3.144661,3.155399,3.178409,3.146195,3.054952,3.054952,3.054952,3.054952
4.120061,3.144661,3.155399,3.178409,3.146195,3.042729,3.042729,3.042729,3.042729
4.130065,3.124719,3.133923,3.158467,3.126253,3.030336,3.030336,3.030336,3.030336
4.140071,3.124719,3.133923,3.158467,3.126253,3.017781,3.017781,3.017781,3.017781
4.150078,3.104778,3.113981,3.133923,3.104778,3.005067,3.005067,3.005067,3.005067
4.160058,3.104778,3.113981,3.133923,3.104778,2.992228,2.992228,2.992228,2.992228
4.170058,3.078700,3.092506,3.107846,3.081768,2.979208,2.979208,2.979208,2.979208
4.180057,3.078700,3.092506,3.107846,3.081768,2.966033,2.966033,2.966033,2.966033
4.190058,3.048020,3.067962,3.078700,3.055690,2.952698,2.952698,2.952698,2.952698
4.200055,3.048020,3.067962,3.078700,3.055690,2.939213,2.939213,2.939213,2.939213
4.210059,3.015807,3.040350,3.049554,3.028079,2.925563,2.925563,2.925563,2.925563
4.220060,3.015807,3.040350,3.049554,3.028079,2.911763,2.911763,2.911763,2.911763
4.230060,2.986661,3.012739,3.021943,3.002001,2.897810,2.897810,2.897810,2.897810
4.240057,2.986661,3.012739,3.021943,3.002001,2.883707,2.883707,2.883707,2.883707
4.250060,2.963651,2.986661,2.995865,2.975923,2.869443,2.869443,2.869443,2.869443
4.260059,2.963651,2.986661,2.995865,2.975923,2.855033,2.855033,2.855033,2.855033
4.270059,2.936040,2.959049,2.968253,2.948312,2.840468,2.840468,2.840468,2.840468
4.280058,2.936040,2.959049,2.968253,2.948312,2.825753,2.825753,2.825753,2.825753
4.290060,2.906894,2.926836,2.939108,2.920700,2.810884,2.810884,2.810884,2.810884
4.300057,2.906894,2.926836,2.939108,2.920700,2.795871,2.795871,2.795871,2.795871
4.310058,2.877748,2.894622,2.909962,2.888486,2.780703,2.780703,2.780703,2.780703
4.320059,2.877748,2.894622,2.909962,2.888486,2.765386,2.765386,2.765386,2.765386
4.330060,2.877748,2.894622,2.909962,2.888486,2.749919,2.749919,2.749919,2.749919
4.340059,2.850137,2.863943,2.879282,2.854739,2.734309,2.734309,2.734309,2.734309
4.350062,2.819457,2.833263,2.847069,2.824059,2.718546,2.718546,2.718546,2.718546
4.360060,2.819457,2.833263,2.847069,2.824059,2.702642,2.702642,2.702642,2.702642
4.370061,2.819457,2.833263,2.847069,2.824059,2.686590,2.686590,2.686590,2.686590
4.380062,2.788777,2.801049,2.816389,2.794913,2.670391,2.670391,2.670391,2.670391
4.390061,2.788777,2.801049,2.816389,2.794913,2.654051,2.654051,2.654051,2.654051
4.400060,2.758098,2.770370,2.785709,2.765768,2.637567,2.637567,2.637567,2.637567
4.410061,2.758098,2.770370,2.785709,2.765768,2.620938,2.620938,2.620938,2.620938
4.420059,2.725884,2.739690,2.753496,2.732020,2.604169,2.604169,2.604169,2.604169
4.430056,2.690603,2.704408,2.719748,2.699806,2.587262,2.587262,2.587262,2.587262
4.440058,2.690603,2.704408,2.719748,2.699806,2.570204,2.570204,2.570204,2.570204
4.450059,2.656855,2.672195,2.686001,2.666059,2.553007,2.553007,2.553007,2.553007
4.460058,2.656855,2.672195,2.686001,2.666059,2.535676,2.535676,2.535676,2.535676
4.470058,2.623107,2.635379,2.653787,2.633845,2.518201,2.518201,2.518201,2.518201
4.480058,2.623107,2.635379,2.653787,2.633845,2.500592,2.500592,2.500592,2.500592
4.490061,2.589360,2.598564,2.618505,2.600098,2.482837,2.482837,2.482837,2.482837
4.500057,2.589360,2.598564,2.618505,2.600098,2.464960,2.464960,2.464960,2.464960
4.510059,2.558680,2.563282,2.584758,2.561748,2.446934,2.446934,2.446934,2.446934
4.520058,2.558680,2.563282,2.584758,2.561748,2.428781,2.428781,2.428781,2.428781
4.530061,2.558680,2.563282,2.584758,2.561748,2.410484,2.410484,2.410484,2.410484
4.540058,2.521865,2.528001,2.547942,2.526467,2.392068,2.392068,2.392068,2.392068
4.550061,2.485049,2.491185,2.512661,2.494253,2.373506,2.373506,2.373506,2.373506
4.560058,2.485049,2.491185,2.512661,2.494253,2.354822,2.354822,2.354822,2.354822
4.570060,2.449768,2.455904,2.477379,2.457438,2.335998,2.335998,2.335998,2.335998
4.580060,2.449768,2.455904,2.477379,2.457438,2.317050,2.317050,2.317050,2.317050
4.590059,2.414486,2.417554,2.442098,2.419088,2.297972,2.297972,2.297972,2.297972
4.600057,2.414486,2.417554,2.442098,2.419088,2.278770,2.278770,2.278770,2.278770
4.610058,2.376137,2.379205,2.403748,2.377671,2.259432,2.259432,2.259432,2.259432
4.620057,2.376137,2.379205,2.403748,2.377671,2.239973,2.239973,2.239973,2.239973
4.630059,2.336253,2.337787,2.365399,2.339321,2.220381,2.220381,2.220381,2.220381
4.640056,2.336253,2.337787,2.365399,2.339321,2.200675,2.200675,2.200675,2.200675
4.650061,2.296370,2.294836,2.325515,2.300972,2.180829,2.180829,2.180829,2.180829
4.660059,2.296370,2.294836,2.325515,2.300972,2.160872,2.160872,2.160872,2.160872
4.670060,2.258020,2.256486,2.282564,2.261088,2.140790,2.140790,2.140790,2.140790
4.680058,2.258020,2.256486,2.282564,2.261088,2.120591,2.120591,2.120591,2.120591
4.690058,2.216603,2.216603,2.241146,2.222739,2.100266,2.100266,2.100266,2.100266
4.700058,2.216603,2.216603,2.241146,2.222739,2.079823,2.079823,2.079823,2.079823
4.710059,2.176719,2.176719,2.199729,2.184389,2.059259,2.059259,2.059259,2.059259
4.720059,2.176719,2.176719,2.199729,2.184389,2.038580,2.038580,2.038580,2.038580
4.730062,2.136836,2.133768,2.159845,2.142972,2.017779,2.017779,2.017779,2.017779
4.740059,2.136836,2.133768,2.159845,2.142972,1.996872,1.996872,1.996872,1.996872
4.750059,2.096952,2.089282,2.118428,2.101554,1.975846,1.975846,1.975846,1.975846
4.760059,2.096952,2.089282,2.118428,2.101554,1.954707,1.954707,1.954707,1.954707
4.770059,2.055535,2.047865,2.075476,2.057069,1.933455,1.933455,1.933455,1.933455
4.780058,2.055535,2.047865,2.075476,2.057069,1.912093,1.912093,1.912093,1.912093
4.790046,2.011049,2.006447,2.034059,2.014117,1.890643,1.890643,1.890643,1.890643
4.800066,2.011049,2.006447,2.034059,2.014117,1.869016,1.869016,1.869016,1.869016
4.810065,1.966564,1.961962,1.992641,1.972700,1.847326,1.847326,1.847326,1.847326
4.820032,1.966564,1.961962,1.992641,1.972700,1.825599,1.825599,1.825599,1.825599
4.830068,1.966564,1.961962,1.992641,1.972700,1.803612,1.803612,1.803612,1.803612
4.840065,1.923612,1.914408,1.946622,1.929748,1.781607,1.781607,1.781607,1.781607
4.850068,1.882195,1.872991,1.903670,1.885263,1.759484,1.759484,1.759484,1.759484
4.860065,1.882195,1.872991,1.903670,1.885263,1.737270,1.737270,1.737270,1.737270
4.870070,1.837709,1.828505,1.859185,1.842311,1.714937,1.714937,1.714937,1.714937
4.880062,1.837709,1.828505,1.859185,1.842311,1.692532,1.692532,1.692532,1.692532
4.890065,1.793224,1.784020,1.816234,1.797826,1.670002,1.670002,1.670002,1.670002
4.900047,1.793224,1.784020,1.816234,1.797826,1.647419,1.647419,1.647419,1.647419
4.910064,1.793224,1.784020,1.816234,1.797826,1.624660,1.624660,1.624660,1.624660
4.920058,1.747204,1.739534,1.771748,1.753340,1.601859,1.601859,1.601859,1.601859
4.930060,1.701185,1.693515,1.724195,1.705787,1.578941,1.578941,1.578941,1.578941
4.940060,1.701185,1.693515,1.724195,1.705787,1.555934,1.555934,1.555934,1.555934
4.950065,1.655166,1.647496,1.679709,1.661301,1.532822,1.532822,1.532822,1.532822
4.960063,1.655166,1.647496,1.679709,1.661301,1.509635,1.509635,1.509635,1.509635
4.970066,1.610680,1.601476,1.635224,1.616816,1.486344,1.486344,1.486344,1.486344
4.980062,1.610680,1.601476,1.635224,1.616816,1.462981,1.462981,1.462981,1.462981
4.990063,1.610680,1.601476,1.635224,1.616816,1.439516,1.439516,1.439516,1.439516
5.000061,1.566195,1.556991,1.587670,1.570796,1.415971,1.415971,1.415971,1.415971
5.010066,1.520175,1.509437,1.540117,1.523243,1.392322,1.392322,1.392322,1.392322
5.020061,1.520175,1.509437,1.540117,1.523243,1.368613,1.368613,1.368613,1.368613
5.030065,1.520175,1.509437,1.540117,1.523243,1.344799,1.344799,1.344799,1.344799
5.040063,1.474156,1.460350,1.492563,1.478758,1.320915,1.320915,1.320915,1.320915
5.050066,1.474156,1.460350,1.492563,1.478758,1.296940,1.296940,1.296940,1.296940
5.060066,1.428136,1.412796,1.446544,1.429670,1.272889,1.272889,1.272889,1.272889
5.070063,1.379049,1.366777,1.400525,1.383651,1.248768,1.248768,1.248768,1.248768
5.080063,1.379049,1.366777,1.400525,1.383651,1.224560,1.224560,1.224560,1.224560
5.090068,1.333030,1.317690,1.352971,1.334563,1.200265,1.200265,1.200265,1.200265
5.100062,1.333030,1.317690,1.352971,1.334563,1.175920,1.175920,1.175920,1.175920
5.110066,1.333030,1.317690,1.352971,1.334563,1.151477,1.151477,1.151477,1.151477
5.120060,1.285476,1.270136,1.305418,1.287010,1.126987,1.126987,1.126987,1.126987
5.130069,1.285476,1.270136,1.305418,1.287010,1.102388,1.102388,1.102388,1.102388
5.140059,1.236389,1.224117,1.254797,1.236389,1.077764,1.077764,1.077764,1.077764
5.150065,1.236389,1.224117,1.254797,1.236389,1.053032,1.053032,1.053032,1.053032
5.160059,1.188835,1.175029,1.204175,1.185767,1.028261,1.028261,1.028261,1.028261
5.170064,1.139748,1.125942,1.156622,1.135146,1.003398,1.003398,1.003398,1.003398
5.180060,1.139748,1.125942,1.156622,1.135146,0.978492,0.978492,0.978492,0.978492
5.190062,1.090660,1.078389,1.106000,1.082991,0.953509,0.953509,0.953509,0.953509
5.200060,1.090660,1.078389,1.106000,1.082991,0.928470,0.928470,0.928470,0.928470
5.210063,1.040039,1.026233,1.055379,1.035437,0.903358,0.903358,0.903358,0.903358
5.220058,1.040039,1.026233,1.055379,1.035437,0.878206,0.878206,0.878206,0.878206
5.230064,0.989418,0.975612,1.006292,0.986350,0.852970,0.852970,0.852970,0.852970
5.240059,0.989418,0.975612,1.006292,0.986350,0.827702,0.827702,0.827702,0.827702
5.250061,0.940330,0.926525,0.957204,0.935728,0.802362,0.802362,0.802362,0.802362
5.260058,0.940330,0.926525,0.957204,0.935728,0.776979,0.776979,0.776979,0.776979
5.270058,0.891243,0.878971,0.908117,0.888175,0.751534,0.751534,0.751534,0.751534
5.280057,0.891243,0.878971,0.908117,0.888175,0.726042,0.726042,0.726042,0.726042
5.290026,0.839088,0.834486,0.860563,0.840622,0.700575,0.700575,0.700575,0.700575
5.300056,0.839088,0.834486,0.860563,0.840622,0.674902,0.674902,0.674902,0.674902
5.310060,0.788466,0.785398,0.809942,0.785398,0.649250,0.649250,0.649250,0.649250
5.320056,0.788466,0.785398,0.809942,0.785398,0.623570,0.623570,0.623570,0.623570
5.330061,0.737845,0.733243,0.759321,0.730175,0.597822,0.597822,0.597822,0.597822
5.340058,0.737845,0.733243,0.759321,0.730175,0.572054,0.572054,0.572054,0.572054
5.350060,0.688757,0.681088,0.711767,0.681088,0.546227,0.546227,0.546227,0.546227
5.360057,0.688757,0.681088,0.711767,0.681088,0.520374,0.520374,0.520374,0.520374
5.370059,0.636602,0.627398,0.662680,0.632000,0.494469,0.494469,0.494469,0.494469
5.380056,0.636602,0.627398,0.662680,0.632000,0.468537,0.468537,0.468537,0.468537
5.390058,0.587515,0.573709,0.607457,0.579845,0.442559,0.442559,0.442559,0.442559
5.400056,0.587515,0.573709,0.607457,0.579845,0.416552,0.416552,0.416552,0.416552
5.410057,0.535359,0.523088,0.553767,0.529223,0.390505,0.390505,0.390505,0.390505
5.420056,0.535359,0.523088,0.553767,0.529223,0.364431,0.364431,0.364431,0.364431
5.430058,0.481670,0.472466,0.500078,0.475534,0.338321,0.338321,0.338321,0.338321
5.440058,0.481670,0.472466,0.500078,0.475534,0.312183,0.312183,0.312183,0.312183
5.450061,0.424913,0.420311,0.447922,0.423379,0.286011,0.286011,0.286011,0.286011
5.460059,0.424913,0.420311,0.447922,0.423379,0.259824,0.259824,0.259824,0.259824
5.470058,0.372757,0.366621,0.397301,0.371223,0.233611,0.233611,0.233611,0.233611
5.480057,0.372757,0.366621,0.397301,0.371223,0.207374,0.207374,0.207374,0.207374
5.490057,0.323670,0.314466,0.345146,0.317534,0.181110,0.181110,0.181110,0.181110
5.500056,0.323670,0.314466,0.345146,0.317534,0.154831,0.154831,0.154831,0.154831
5.510058,0.271515,0.262311,0.291456,0.265379,0.128522,0.128522,0.128522,0.128522
5.520056,0.271515,0.262311,0.291456,0.265379,0.102208,0.102208,0.102208,0.102208
5.530056,0.220893,0.210155,0.237767,0.214757,0.075873,0.075873,0.075873,0.075873
5.540056,0.220893,0.210155,0.237767,0.214757,0.049521,0.049521,0.049521,0.049521
5.550056,0.168738,0.161068,0.187146,0.159534,0.023158,0.023158,0.023158,0.023158
5.560057,0.168738,0.161068,0.187146,0.159534,-0.003223,-0.003223,-0.003223,-0.003223
5.570060,0.115049,0.110447,0.133456,0.107379,-0.029616,-0.029616,-0.029616,-0.029616
5.580060,0.115049,0.110447,0.133456,0.107379,-0.056011,-0.056011,-0.056011,-0.056011
5.590070,0.115049,0.110447,0.133456,0.107379,-0.082441,-0.082441,-0.082441,-0.082441
5.600067,0.059825,0.056757,0.082835,0.055223,-0.108843,-0.108843,-0.108843,-0.108843
5.610065,0.009204,0.001534,0.030680,0.003068,-0.135251,-0.135251,-0.135251,-0.135251
5.620064,0.009204,0.001534,0.030680,0.003068,-0.161663,-0.161663,-0.161663,-0.161663
5.630065,0.009204,0.001534,0.030680,0.003068,-0.188085,-0.188085,-0.188085,-0.188085
5.640065,-0.044485,-0.058291,-0.023010,-0.056757,-0.214501,-0.214501,-0.214501,-0.214501
5.650066,-0.044485,-0.058291,-0.023010,-0.056757,-0.240919,-0.240919,-0.240919,-0.240919
5.660063,-0.098175,-0.115049,-0.079767,-0.115049,-0.267322,-0.267322,-0.267322,-0.267322
5.670064,-0.150330,-0.165670,-0.131922,-0.167204,-0.293734,-0.293734,-0.293734,-0.293734
5.680060,-0.150330,-0.165670,-0.131922,-0.167204,-0.320122,-0.320122,-0.320122,-0.320122
5.690044,-0.205553,-0.217825,-0.185612,-0.222427,-0.346473,-0.346473,-0.346473,-0.346473
5.700064,-0.205553,-0.217825,-0.185612,-0.222427,-0.372909,-0.372909,-0.372909,-0.372909
5.710063,-0.205553,-0.217825,-0.185612,-0.222427,-0.399279,-0.399279,-0.399279,-0.399279
5.720064,-0.257709,-0.269981,-0.240835,-0.274583,-0.425643,-0.425643,-0.425643,-0.425643
5.730061,-0.309864,-0.322136,-0.291456,-0.326738,-0.451980,-0.451980,-0.451980,-0.451980
5.740060,-0.309864,-0.322136,-0.291456,-0.326738,-0.478311,-0.478311,-0.478311,-0.478311
5.750065,-0.360486,-0.371223,-0.346680,-0.377359,-0.504638,-0.504638,-0.504638,-0.504638
5.760060,-0.360486,-0.371223,-0.346680,-0.377359,-0.530919,-0.530919,-0.530919,-0.530919
5.770064,-0.415709,-0.421845,-0.397301,-0.429515,-0.557205,-0.557205,-0.557205,-0.557205
5.780066,-0.415709,-0.421845,-0.397301,-0.429515,-0.583462,-0.583462,-0.583462,-0.583462
5.790026,-0.415709,-0.421845,-0.397301,-0.429515,-0.609590,-0.609590,-0.609590,-0.609590
5.800062,-0.467864,-0.475534,-0.449456,-0.481670,-0.635887,-0.635887,-0.635887,-0.635887
5.810064,-0.521554,-0.526155,-0.503146,-0.533825,-0.662073,-0.662073,-0.662073,-0.662073
5.820061,-0.521554,-0.526155,-0.503146,-0.533825,-0.688215,-0.688215,-0.688215,-0.688215
5.830067,-0.572175,-0.578311,-0.556835,-0.585981,-0.714352,-0.714352,-0.714352,-0.714352
5.840063,-0.572175,-0.578311,-0.556835,-0.585981,-0.740432,-0.740432,-0.740432,-0.740432
5.850066,-0.625864,-0.630466,-0.607457,-0.639670,-0.766498,-0.766498,-0.766498,-0.766498
5.860062,-0.625864,-0.630466,-0.607457,-0.639670,-0.792513,-0.792513,-0.792513,-0.792513
5.870065,-0.679554,-0.681088,-0.661146,-0.691825,-0.818507,-0.818507,-0.818507,-0.818507
5.880064,-0.679554,-0.681088,-0.661146,-0.691825,-0.844454,-0.844454,-0.844454,-0.844454
5.890066,-0.679554,-0.681088,-0.661146,-0.691825,-0.870372,-0.870372,-0.870372,-0.870372
5.900061,-0.731709,-0.728641,-0.713301,-0.740913,-0.896231,-0.896231,-0.896231,-0.896231
5.910064,-0.782330,-0.780796,-0.765456,-0.791534,-0.922069,-0.922069,-0.922069,-0.922069
5.920061,-0.782330,-0.780796,-0.765456,-0.791534,-0.947845,-0.947845,-0.947845,-0.947845
5.930062,-0.834486,-0.831418,-0.820680,-0.843690,-0.973589,-0.973589,-0.973589,-0.973589
5.940060,-0.834486,-0.831418,-0.820680,-0.843690,-0.999278,-0.999278,-0.999278,-0.999278
5.950059,-0.891243,-0.878971,-0.871301,-0.895845,-1.024921,-1.024921,-1.024921,-1.024921
5.960059,-0.891243,-0.878971,-0.871301,-0.895845,-1.050516,-1.050516,-1.050516,-1.050516
5.970060,-0.943398,-0.920389,-0.917321,-0.940330,-1.076063,-1.076063,-1.076063,-1.076063
5.980061,-0.943398,-0.920389,-0.917321,-0.940330,-1.101558,-1.101558,-1.101558,-1.101558
5.990064,-0.943398,-0.920389,-0.917321,-0.940330,-1.127003,-1.127003,-1.127003,-1.127003
6.000061,-0.989418,-0.967942,-0.963340,-0.990952,-1.152374,-1.152374,-1.152374,-1.152374
6.010071,-1.035437,-1.018563,-1.012427,-1.041573,-1.177723,-1.177723,-1.177723,-1.177723
6.020064,-1.035437,-1.018563,-1.012427,-1.041573,-1.202970,-1.202970,-1.202970,-1.202970
6.030066,-1.035437,-1.018563,-1.012427,-1.041573,-1.228178,-1.228178,-1.228178,-1.228178
6.040056,-1.082991,-1.070719,-1.064583,-1.090660,-1.253294,-1.253294,-1.253294,-1.253294
6.050065,-1.082991,-1.070719,-1.064583,-1.090660,-1.278392,-1.278392,-1.278392,-1.278392
6.060065,-1.133612,-1.121340,-1.113670,-1.139748,-1.303404,-1.303404,-1.303404,-1.303404
6.070065,-1.133612,-1.121340,-1.113670,-1.139748,-1.328348,-1.328348,-1.328348,-1.328348
6.080066,-1.185767,-1.170428,-1.165826,-1.191903,-1.353225,-1.353225,-1.353225,-1.353225
6.090069,-1.236389,-1.219515,-1.214913,-1.244059,-1.378038,-1.378038,-1.378038,-1.378038
6.100063,-1.236389,-1.219515,-1.214913,-1.244059,-1.402757,-1.402757,-1.402757,-1.402757
6.110064,-1.285476,-1.270136,-1.265534,-1.291612,-1.427418,-1.427418,-1.427418,-1.427418
6.120063,-1.285476,-1.270136,-1.265534,-1.291612,-1.452001,-1.452001,-1.452001,-1.452001
6.130067,-1.336097,-1.319224,-1.319224,-1.342233,-1.476518,-1.476518,-1.476518,-1.476518
6.140063,-1.336097,-1.319224,-1.319224,-1.342233,-1.500939,-1.500939,-1.500939,-1.500939
6.150064,-1.383651,-1.369845,-1.368311,-1.389787,-1.525293,-1.525293,-1.525293,-1.525293
6.160059,-1.383651,-1.369845,-1.368311,-1.389787,-1.549551,-1.549551,-1.549551,-1.549551
6.170067,-1.432738,-1.420466,-1.415864,-1.440408,-1.573758,-1.573758,-1.573758,-1.573758
6.180061,-1.432738,-1.420466,-1.415864,-1.440408,-1.597846,-1.597846,-1.597846,-1.597846
6.190065,-1.486428,-1.471088,-1.468020,-1.497165,-1.621873,-1.621873,-1.621873,-1.621873
6.200060,-1.486428,-1.471088,-1.468020,-1.497165,-1.645790,-1.645790,-1.645790,-1.645790
6.210064,-1.533981,-1.521709,-1.521709,-1.550855,-1.669641,-1.669641,-1.669641,-1.669641
6.220058,-1.533981,-1.521709,-1.521709,-1.550855,-1.693378,-1.693378,-1.693378,-1.693378
6.230059,-1.533981,-1.521709,-1.521709,-1.550855,-1.717037,-1.717037,-1.717037,-1.717037
6.240059,-1.584602,-1.575398,-1.572330,-1.601476,-1.740603,-1.740603,-1.740603,-1.740603
6.250061,-1.584602,-1.575398,-1.572330,-1.601476,-1.764076,-1.764076,-1.764076,-1.764076
6.260057,-1.633690,-1.624486,-1.618350,-1.647496,-1.787442,-1.787442,-1.787442,-1.787442
6.270058,-1.633690,-1.624486,-1.618350,-1.647496,-1.810719,-1.810719,-1.810719,-1.810719
6.280058,-1.682777,-1.670505,-1.665903,-1.691981,-1.833895,-1.833895,-1.833895,-1.833895
6.290059,-1.728797,-1.718059,-1.711923,-1.739534,-1.856971,-1.856971,-1.856971,-1.856971
6.300057,-1.728797,-1.718059,-1.711923,-1.739534,-1.879939,-1.879939,-1.879939,-1.879939
6.310057,-1.728797,-1.718059,-1.711923,-1.739534,-1.902807,-1.902807,-1.902807,-1.902807
6.320058,-1.774816,-1.765612,-1.759476,-1.787088,-1.925572,-1.925572,-1.925572,-1.925572
6.330060,-1.822369,-1.811632,-1.807030,-1.834641,-1.948231,-1.948231,-1.948231,-1.948231
6.340059,-1.822369,-1.811632,-1.807030,-1.834641,-1.970776,-1.970776,-1.970776,-1.970776
6.350057,-1.869923,-1.859185,-1.853049,-1.879127,-1.993206,-1.993206,-1.993206,-1.993206
6.360057,-1.869923,-1.859185,-1.853049,-1.879127,-2.015532,-2.015532,-2.015532,-2.015532
6.370060,-1.914408,-1.903670,-1.896001,-1.923612,-2.037749,-2.037749,-2.037749,-2.037749
6.380038,-1.914408,-1.903670,-1.896001,-1.923612,-2.059797,-2.059797,-2.059797,-2.059797
6.390047,-1.958894,-1.948156,-1.943554,-1.969632,-2.081797,-2.081797,-2.081797,-2.081797
6.400065,-1.958894,-1.948156,-1.943554,-1.969632,-2.103700,-2.103700,-2.103700,-2.103700
6.410067,-2.006447,-1.991107,-1.989573,-2.014117,-2.125447,-2.125447,-2.125447,-2.125447
6.420063,-2.006447,-1.991107,-1.989573,-2.014117,-2.147063,-2.147063,-2.147063,-2.147063
6.430067,-2.050933,-2.037127,-2.032525,-2.054001,-2.168571,-2.168571,-2.168571,-2.168571
6.440063,-2.050933,-2.037127,-2.032525,-2.054001,-2.189941,-2.189941,-2.189941,-2.189941
6.450065,-2.093884,-2.081612,-2.075476,-2.096952,-2.211197,-2.211197,-2.211197,-2.211197
6.460063,-2.093884,-2.081612,-2.075476,-2.096952,-2.232319,-2.232319,-2.232319,-2.232319
6.470066,-2.135302,-2.123030,-2.119962,-2.141438,-2.253324,-2.253324,-2.253324,-2.253324
6.480060,-2.135302,-2.123030,-2.119962,-2.141438,-2.274180,-2.274180,-2.274180,-2.274180
6.490062,-2.178253,-2.164447,-2.165981,-2.187457,-2.294924,-2.294924,-2.294924,-2.294924
6.500062,-2.178253,-2.164447,-2.165981,-2.187457,-2.315527,-2.315527,-2.315527,-2.315527
6.510067,-2.219671,-2.207399,-2.204331,-2.230408,-2.336011,-2.336011,-2.336011,-2.336011
6.520028,-2.219671,-2.207399,-2.204331,-2.230408,-2.356269,-2.356269,-2.356269,-2.356269
6.530068,-2.219671,-2.207399,-2.204331,-2.230408,-2.376551,-2.376551,-2.376551,-2.376551
6.540061,-2.262622,-2.251884,-2.247282,-2.271826,-2.396600,-2.396600,-2.396600,-2.396600
6.550065,-2.304039,-2.293302,-2.290234,-2.313243,-2.416533,-2.416533,-2.416533,-2.416533
6.560066,-2.304039,-2.293302,-2.290234,-2.313243,-2.436318,-2.436318,-2.436318,-2.436318
6.570037,-2.346991,-2.333185,-2.328583,-2.350059,-2.455901,-2.455901,-2.455901,-2.455901
6.580065,-2.346991,-2.333185,-2.328583,-2.350059,-2.475455,-2.475455,-2.475455,-2.475455
6.590067,-2.385340,-2.374603,-2.363865,-2.388408,-2.494811,-2.494811,-2.494811,-2.494811
6.600066,-2.385340,-2.374603,-2.363865,-2.388408,-2.514014,-2.514014,-2.514014,-2.514014
6.610062,-2.423690,-2.414486,-2.403748,-2.431360,-2.533067,-2.533067,-2.533067,-2.533067
6.620063,-2.423690,-2.414486,-2.403748,-2.431360,-2.551979,-2.551979,-2.551979,-2.551979
6.630066,-2.423690,-2.414486,-2.403748,-2.431360,-2.570744,-2.570744,-2.570744,-2.570744
6.640062,-2.463573,-2.451302,-2.446700,-2.474311,-2.589344,-2.589344,-2.589344,-2.589344
6.650062,-2.504991,-2.489651,-2.486583,-2.511127,-2.607799,-2.607799,-2.607799,-2.607799
6.660058,-2.504991,-2.489651,-2.486583,-2.511127,-2.626094,-2.626094,-2.626094,-2.626094
6.670021,-2.543340,-2.529535,-2.523399,-2.547942,-2.644171,-2.644171,-2.644171,-2.644171
6.680056,-2.543340,-2.529535,-2.523399,-2.547942,-2.662223,-2.662223,-2.662223,-2.662223
6.690061,-2.577088,-2.569418,-2.560214,-2.587826,-2.680062,-2.680062,-2.680062,-2.680062
6.700057,-2.577088,-2.569418,-2.560214,-2.587826,-2.697725,-2.697725,-2.697725,-2.697725
6.710061,-2.613904,-2.607768,-2.597030,-2.624641,-2.715242,-2.715242,-2.715242,-2.715242
6.720060,-2.613904,-2.607768,-2.597030,-2.624641,-2.732589,-2.732589,-2.732589,-2.732589
6.730061,-2.652253,-2.644583,-2.635379,-2.659923,-2.749774,-2.749774,-2.749774,-2.749774
6.740060,-2.652253,-2.644583,-2.635379,-2.659923,-2.766792,-2.766792,-2.766792,-2.766792
6.750061,-2.689069,-2.679865,-2.670661,-2.695205,-2.783647,-2.783647,-2.783647,-2.783647
6.760058,-2.689069,-2.679865,-2.670661,-2.695205,-2.800329,-2.800329,-2.800329,-2.800329
6.770060,-2.722816,-2.713612,-2.702874,-2.727418,-2.816849,-2.816849,-2.816849,-2.816849
6.780057,-2.722816,-2.713612,-2.702874,-2.727418,-2.833193,-2.833193,-2.833193,-2.833193
6.790057,-2.758098,-2.747360,-2.736622,-2.762700,-2.849370,-2.849370,-2.849370,-2.849370
6.800056,-2.758098,-2.747360,-2.736622,-2.762700,-2.865373,-2.865373,-2.865373,-2.865373
6.810059,-2.758098,-2.747360,-2.736622,-2.762700,-2.881210,-2.881210,-2.881210,-2.881210
6.820058,-2.793379,-2.782642,-2.771904,-2.796447,-2.896865,-2.896865,-2.896865,-2.896865
6.830060,-2.825593,-2.813321,-2.805651,-2.828661,-2.912350,-2.912350,-2.912350,-2.912350
6.840071,-2.825593,-2.813321,-2.805651,-2.828661,-2.927671,-2.927671,-2.927671,-2.927671
6.850068,-2.825593,-2.813321,-2.805651,-2.828661,-2.942791,-2.942791,-2.942791,-2.942791
6.860063,-2.856273,-2.844001,-2.836331,-2.860875,-2.957731,-2.957731,-2.957731,-2.957731
6.870065,-2.856273,-2.844001,-2.836331,-2.860875,-2.972500,-2.972500,-2.972500,-2.972500
6.880066,-2.888486,-2.880816,-2.867011,-2.893088,-2.987086,-2.987086,-2.987086,-2.987086
6.890066,-2.919166,-2.911496,-2.897690,-2.925302,-3.001488,-3.001488,-3.001488,-3.001488
6.900064,-2.919166,-2.911496,-2.897690,-2.925302,-3.015702,-3.015702,-3.015702,-3.015702
6.910066,-2.919166,-2.911496,-2.897690,-2.925302,-3.029738,-3.029738,-3.029738,-3.029738
6.920064,-2.949846,-2.940642,-2.929904,-2.954448,-3.043582,-3.043582,-3.043582,-3.043582
6.930065,-2.949846,-2.940642,-2.929904,-2.954448,-3.057242,-3.057242,-3.057242,-3.057242
6.940068,-2.980525,-2.969787,-2.959049,-2.982059,-3.070717,-3.070717,-3.070717,-3.070717
6.950060,-2.980525,-2.969787,-2.959049,-2.982059,-3.083989,-3.083989,-3.083989,-3.083989
6.960062,-3.008137,-2.998933,-2.986661,-3.011205,-3.097082,-3.097082,-3.097082,-3.097082
6.970066,-3.035748,-3.028079,-3.012739,-3.038816,-3.109987,-3.109987,-3.109987,-3.109987
6.980062,-3.035748,-3.028079,-3.012739,-3.038816,-3.122689,-3.122689,-3.122689,-3.122689
6.990060,-3.035748,-3.028079,-3.012739,-3.038816,-3.135199,-3.135199,-3.135199,-3.135199
7.000057,-3.060292,-3.057224,-3.038816,-3.067962,-3.147514,-3.147514,-3.147514,-3.147514
7.010063,-3.087904,-3.081768,-3.066428,-3.095574,-3.159644,-3.159644,-3.159644,-3.159644
7.020057,-3.087904,-3.081768,-3.066428,-3.095574,-3.171563,-3.171563,-3.171563,-3.171563
7.030062,-3.113981,-3.107846,-3.094040,-3.120117,-3.183296,-3.183296,-3.183296,-3.183296
7.040060,-3.113981,-3.107846,-3.094040,-3.120117,-3.194823,-3.194823,-3.194823,-3.194823
7.050059,-3.135457,-3.129321,-3.117049,-3.141593,-3.206153,-3.206153,-3.206153,-3.206153
7.060060,-3.135457,-3.129321,-3.117049,-3.141593,-3.217282,-3.217282,-3.217282,-3.217282
7.070060,-3.155399,-3.152331,-3.138525,-3.161535,-3.228211,-3.228211,-3.228211,-3.228211
7.080060,-3.155399,-3.152331,-3.138525,-3.161535,-3.238935,-3.238935,-3.238935,-3.238935
7.090061,-3.173807,-3.172273,-3.161535,-3.181477,-3.249458,-3.249458,-3.249458,-3.249458
7.100058,-3.173807,-3.172273,-3.161535,-3.181477,-3.259771,-3.259771,-3.259771,-3.259771
7.110063,-3.193748,-3.192214,-3.183011,-3.199884,-3.269887,-3.269887,-3.269887,-3.269887
7.120061,-3.193748,-3.192214,-3.183011,-3.199884,-3.279791,-3.279791,-3.279791,-3.279791
7.130059,-3.215224,-3.209088,-3.204486,-3.219826,-3.289487,-3.289487,-3.289487,-3.289487
7.140056,-3.215224,-3.209088,-3.204486,-3.219826,-3.298975,-3.298975,-3.298975,-3.298975
7.150056,-3.239768,-3.229030,-3.227496,-3.241302,-3.308255,-3.308255,-3.308255,-3.308255
7.160057,-3.239768,-3.229030,-3.227496,-3.241302,-3.317328,-3.317328,-3.317328,-3.317328
7.170060,-3.239768,-3.229030,-3.227496,-3.241302,-3.326192,-3.326192,-3.326192,-3.326192
7.180057,-3.267380,-3.250506,-3.250506,-3.262778,-3.334839,-3.334839,-3.334839,-3.334839
7.190059,-3.288855,-3.268914,-3.270447,-3.281185,-3.343277,-3.343277,-3.343277,-3.343277
7.200056,-3.288855,-3.268914,-3.270447,-3.281185,-3.351499,-3.351499,-3.351499,-3.351499
7.210056,-3.305729,-3.284253,-3.287321,-3.299593,-3.359510,-3.359510,-3.359510,-3.359510
7.220061,-3.305729,-3.284253,-3.287321,-3.299593,-3.367310,-3.367310,-3.367310,-3.367310
7.230061,-3.321069,-3.299593,-3.304195,-3.313399,-3.374890,-3.374890,-3.374890,-3.374890
7.240059,-3.321069,-3.299593,-3.304195,-3.313399,-3.382253,-3.382253,-3.382253,-3.382253
7.250060,-3.339477,-3.319535,-3.318001,-3.331807,-3.389401,-3.389401,-3.389401,-3.389401
7.260060,-3.339477,-3.319535,-3.318001,-3.331807,-3.396331,-3.396331,-3.396331,-3.396331
7.270060,-3.354816,-3.334875,-3.334875,-3.347147,-3.403043,-3.403043,-3.403043,-3.403043
7.280065,-3.354816,-3.334875,-3.334875,-3.347147,-3.409538,-3.409538,-3.409538,-3.409538
7.290062,-3.367088,-3.351748,-3.348680,-3.357884,-3.415810,-3.415810,-3.415810,-3.415810
7.300060,-3.367088,-3.351748,-3.348680,-3.357884,-3.421861,-3.421861,-3.421861,-3.421861
7.310065,-3.379360,-3.367088,-3.359418,-3.370156,-3.427695,-3.427695,-3.427695,-3.427695
7.320059,-3.379360,-3.367088,-3.359418,-3.370156,-3.433301,-3.433301,-3.433301,-3.433301
7.330061,-3.390098,-3.379360,-3.371690,-3.385496,-3.438690,-3.438690,-3.438690,-3.438690
7.340057,-3.390098,-3.379360,-3.371690,-3.385496,-3.443853,-3.443853,-3.443853,-3.443853
7.350060,-3.400836,-3.391632,-3.385496,-3.402370,-3.448796,-3.448796,-3.448796,-3.448796
7.360052,-3.400836,-3.391632,-3.385496,-3.402370,-3.453509,-3.453509,-3.453509,-3.453509
7.370065,-3.416176,-3.403904,-3.396234,-3.417710,-3.458007,-3.458007,-3.458007,-3.458007
7.380059,-3.416176,-3.403904,-3.396234,-3.417710,-3.462272,-3.462272,-3.462272,-3.462272
7.390060,-3.426913,-3.414642,-3.408506,-3.428447,-3.466314,-3.466314,-3.466314,-3.466314
7.400060,-3.426913,-3.414642,-3.408506,-3.428447,-3.470128,-3.470128,-3.470128,-3.470128
7.410060,-3.431515,-3.423846,-3.419244,-3.434583,-3.473716,-3.473716,-3.473716,-3.473716
7.420055,-3.431515,-3.423846,-3.419244,-3.434583,-3.477075,-3.477075,-3.477075,-3.477075
7.430068,-3.431515,-3.423846,-3.419244,-3.434583,-3.480212,-3.480212,-3.480212,-3.480212
7.440061,-3.440719,-3.433049,-3.422312,-3.439185,-3.483114,-3.483114,-3.483114,-3.483114
7.450068,-3.440719,-3.433049,-3.422312,-3.439185,-3.485792,-3.485792,-3.485792,-3.485792
7.460063,-3.449923,-3.437651,-3.425380,-3.443787,-3.488237,-3.488237,-3.488237,-3.488237
7.470068,-3.449923,-3.437651,-3.425380,-3.443787,-3.490454,-3.490454,-3.490454,-3.490454
7.480062,-3.454525,-3.442253,-3.431515,-3.451457,-3.492440,-3.492440,-3.492440,-3.492440
7.490065,-3.457593,-3.446855,-3.437651,-3.457593,-3.494196,-3.494196,-3.494196,-3.494196
7.500068,-3.457593,-3.446855,-3.437651,-3.457593,-3.495721,-3.495721,-3.495721,-3.495721
7.510064,-3.457593,-3.446855,-3.437651,-3.457593,-3.497014,-3.497014,-3.497014,-3.497014
7.520059,-3.460661,-3.454525,-3.445321,-3.463729,-3.498075,-3.498075,-3.498075,-3.498075
7.530066,-3.460661,-3.454525,-3.445321,-3.463729,-3.498906,-3.498906,-3.498906,-3.498906
7.540057,-3.463729,-3.460661,-3.451457,-3.466797,-3.499503,-3.499503,-3.499503,-3.499503
7.550069,-3.463729,-3.460661,-3.451457,-3.466797,-3.499868,-3.499868,-3.499868,-3.499868
7.560061,-3.466797,-3.462195,-3.456059,-3.468331,-3.500000,-3.500000,-3.500000,-3.500000
7.570065,-3.469865,-3.462195,-3.456059,-3.468331,-3.499898,-3.499898,-3.499898,-3.499898
7.580059,-3.469865,-3.462195,-3.456059,-3.468331,-3.499563,-3.499563,-3.499563,-3.499563
7.590065,-3.469865,-3.462195,-3.456059,-3.468331,-3.498994,-3.498994,-3.498994,-3.498994
7.600064,-3.471399,-3.462195,-3.456059,-3.468331,-3.498191,-3.498191,-3.498191,-3.498191
7.610066,-3.471399,-3.462195,-3.456059,-3.468331,-3.497154,-3.497154,-3.497154,-3.497154
7.620060,-3.471399,-3.462195,-3.456059,-3.468331,-3.495883,-3.495883,-3.495883,-3.495883
7.630067,-3.471399,-3.462195,-3.456059,-3.468331,-3.494375,-3.494375,-3.494375,-3.494375
7.640057,-3.471399,-3.462195,-3.456059,-3.468331,-3.492636,-3.492636,-3.492636,-3.492636
7.650065,-3.471399,-3.462195,-3.456059,-3.468331,-3.490658,-3.490658,-3.490658,-3.490658
7.660059,-3.471399,-3.462195,-3.456059,-3.468331,-3.488448,-3.488448,-3.488448,-3.488448
7.670066,-3.471399,-3.462195,-3.456059,-3.468331,-3.486000,-3.486000,-3.486000,-3.486000
7.680064,-3.471399,-3.462195,-3.456059,-3.468331,-3.483318,-3.483318,-3.483318,-3.483318
7.690068,-3.471399,-3.462195,-3.456059,-3.468331,-3.480399,-3.480399,-3.480399,-3.480399
7.700064,-3.471399,-3.462195,-3.456059,-3.468331,-3.477247,-3.477247,-3.477247,-3.477247
7.710065,-3.471399,-3.462195,-3.456059,-3.468331,-3.473858,-3.473858,-3.473858,-3.473858
7.720060,-3.471399,-3.462195,-3.456059,-3.468331,-3.470235,-3.470235,-3.470235,-3.470235
7.730066,-3.471399,-3.462195,-3.456059,-3.468331,-3.466372,-3.466372,-3.466372,-3.466372
7.740064,-3.471399,-3.462195,-3.456059,-3.468331,-3.462277,-3.462277,-3.462277,-3.462277
7.750060,-3.471399,-3.462195,-3.456059,-3.468331,-3.457947,-3.457947,-3.457947,-3.457947
7.760058,-3.471399,-3.462195,-3.456059,-3.468331,-3.453380,-3.453380,-3.453380,-3.453380
7.770064,-3.469865,-3.460661,-3.456059,-3.466797,-3.448574,-3.448574,-3.448574,-3.448574
7.780065,-3.469865,-3.460661,-3.456059,-3.466797,-3.443534,-3.443534,-3.443534,-3.443534
7.790068,-3.469865,-3.460661,-3.456059,-3.466797,-3.438257,-3.438257,-3.438257,-3.438257
7.800066,-3.469865,-3.460661,-3.456059,-3.465263,-3.432748,-3.432748,-3.432748,-3.432748
7.810067,-3.468331,-3.452991,-3.454525,-3.456059,-3.427001,-3.427001,-3.427001,-3.427001
7.820064,-3.468331,-3.452991,-3.454525,-3.456059,-3.421022,-3.421022,-3.421022,-3.421022
7.830069,-3.456059,-3.442253,-3.451457,-3.445321,-3.414802,-3.414802,-3.414802,-3.414802
7.840062,-3.456059,-3.442253,-3.451457,-3.445321,-3.408355,-3.408355,-3.408355,-3.408355
7.850067,-3.456059,-3.442253,-3.451457,-3.445321,-3.401665,-3.401665,-3.401665,-3.401665
7.860063,-3.443787,-3.429981,-3.442253,-3.433049,-3.394747,-3.394747,-3.394747,-3.394747
7.870059,-3.431515,-3.419244,-3.429981,-3.423846,-3.387593,-3.387593,-3.387593,-3.387593
7.880059,-3.431515,-3.419244,-3.429981,-3.423846,-3.380204,-3.380204,-3.380204,-3.380204
7.890059,-3.431515,-3.419244,-3.429981,-3.423846,-3.372579,-3.372579,-3.372579,-3.372579
7.900064,-3.420778,-3.406972,-3.416176,-3.413108,-3.364717,-3.364717,-3.364717,-3.364717
7.910066,-3.406972,-3.393166,-3.405438,-3.399302,-3.356624,-3.356624,-3.356624,-3.356624
7.920062,-3.406972,-3.393166,-3.405438,-3.399302,-3.348302,-3.348302,-3.348302,-3.348302
7.930067,-3.406972,-3.393166,-3.405438,-3.399302,-3.339739,-3.339739,-3.339739,-3.339739
7.940064,-3.391632,-3.377826,-3.390098,-3.382428,-3.330950,-3.330950,-3.330950,-3.330950
7.950058,-3.376292,-3.362486,-3.374758,-3.362486,-3.321933,-3.321933,-3.321933,-3.321933
7.960058,-3.376292,-3.362486,-3.374758,-3.362486,-3.312678,-3.312678,-3.312678,-3.312678
7.970062,-3.360952,-3.344079,-3.357884,-3.344079,-3.303187,-3.303187,-3.303187,-3.303187
7.980067,-3.360952,-3.344079,-3.357884,-3.344079,-3.293464,-3.293464,-3.293464,-3.293464
7.990061,-3.344079,-3.327205,-3.341011,-3.328739,-3.283520,-3.283520,-3.283520,-3.283520
8.000058,-3.344079,-3.327205,-3.341011,-3.328739,-3.273343,-3.273343,-3.273343,-3.273343
8.010057,-3.325671,-3.308797,-3.322603,-3.310331,-3.262934,-3.262934,-3.262934,-3.262934
8.020057,-3.325671,-3.308797,-3.322603,-3.310331,-3.252295,-3.252295,-3.252295,-3.252295
8.030063,-3.325671,-3.308797,-3.322603,-3.310331,-3.241421,-3.241421,-3.241421,-3.241421
8.040057,-3.307263,-3.288855,-3.301127,-3.291923,-3.230329,-3.230329,-3.230329,-3.230329
8.050059,-3.307263,-3.288855,-3.301127,-3.291923,-3.219001,-3.219001,-3.219001,-3.219001
8.060061,-3.287321,-3.268914,-3.281185,-3.270447,-3.207445,-3.207445,-3.207445,-3.207445
8.070059,-3.262778,-3.247438,-3.261244,-3.248972,-3.195668,-3.195668,-3.195668,-3.195668
8.080059,-3.262778,-3.247438,-3.261244,-3.248972,-3.183660,-3.183660,-3.183660,-3.183660
8.090059,-3.262778,-3.247438,-3.261244,-3.248972,-3.171428,-3.171428,-3.171428,-3.171428
8.100059,-3.238234,-3.225962,-3.241302,-3.230564,-3.158969,-3.158969,-3.158969,-3.158969
8.110062,-3.215224,-3.207554,-3.221360,-3.212156,-3.146282,-3.146282,-3.146282,-3.146282
8.120058,-3.215224,-3.207554,-3.221360,-3.212156,-3.133380,-3.133380,-3.133380,-3.133380
8.130060,-3.215224,-3.207554,-3.221360,-3.212156,-3.120245,-3.120245,-3.120245,-3.120245
8.140058,-3.192214,-3.186079,-3.196816,-3.192214,-3.106894,-3.106894,-3.106894,-3.106894
8.150059,-3.170739,-3.167671,-3.172273,-3.170739,-3.093317,-3.093317,-3.093317,-3.093317
8.160022,-3.170739,-3.167671,-3.172273,-3.170739,-3.079570,-3.079570,-3.079570,-3.079570
8.170068,-3.147729,-3.144661,-3.146195,-3.146195,-3.065487,-3.065487,-3.065487,-3.065487
8.180062,-3.147729,-3.144661,-3.146195,-3.146195,-3.051255,-3.051255,-3.051255,-3.051255
8.190063,-3.123185,-3.117049,-3.117049,-3.117049,-3.036798,-3.036798,-3.036798,-3.036798
8.200059,-3.123185,-3.117049,-3.117049,-3.117049,-3.022125,-3.022125,-3.022125,-3.022125
8.210063,-3.094040,-3.086370,-3.087904,-3.089438,-3.007224,-3.007224,-3.007224,-3.007224
8.220064,-3.094040,-3.086370,-3.087904,-3.089438,-2.992110,-2.992110,-2.992110,-2.992110
8.230066,-3.063360,-3.058758,-3.061826,-3.060292,-2.976779,-2.976779,-2.976779,-2.976779
8.240066,-3.063360,-3.058758,-3.061826,-3.060292,-2.961236,-2.961236,-2.961236,-2.961236
8.250059,-3.034214,-3.028079,-3.032681,-3.031147,-2.945488,-2.945488,-2.945488,-2.945488
8.260058,-3.034214,-3.028079,-3.032681,-3.031147,-2.929517,-2.929517,-2.929517,-2.929517
8.270057,-3.003535,-2.998933,-3.002001,-3.000467,-2.913335,-2.913335,-2.913335,-2.913335
8.280055,-3.003535,-2.998933,-3.002001,-3.000467,-2.896940,-2.896940,-2.896940,-2.896940
8.290061,-2.972855,-2.966719,-2.971321,-2.969787,-2.880322,-2.880322,-2.880322,-2.880322
8.300059,-2.972855,-2.966719,-2.971321,-2.969787,-2.863506,-2.863506,-2.863506,-2.863506
8.310059,-2.942176,-2.934506,-2.939108,-2.936040,-2.846480,-2.846480,-2.846480,-2.846480
8.320056,-2.942176,-2.934506,-2.939108,-2.936040,-2.829248,-2.829248,-2.829248,-2.829248
8.330019,-2.942176,-2.934506,-2.939108,-2.936040,-2.811869,-2.811869,-2.811869,-2.811869
8.340057,-2.909962,-2.900758,-2.903826,-2.903826,-2.794153,-2.794153,-2.794153,-2.794153
8.350058,-2.873146,-2.865477,-2.870079,-2.871613,-2.776298,-2.776298,-2.776298,-2.776298
8.360057,-2.873146,-2.865477,-2.870079,-2.871613,-2.758240,-2.758240,-2.758240,-2.758240
8.370060,-2.837865,-2.831729,-2.836331,-2.834797,-2.739973,-2.739973,-2.739973,-2.739973
8.380065,-2.837865,-2.831729,-2.836331,-2.834797,-2.721499,-2.721499,-2.721499,-2.721499
8.390065,-2.802583,-2.794913,-2.799515,-2.797981,-2.702832,-2.702832,-2.702832,-2.702832
8.400064,-2.802583,-2.794913,-2.799515,-2.797981,-2.683970,-2.683970,-2.683970,-2.683970
8.410068,-2.767302,-2.756564,-2.765768,-2.764234,-2.664898,-2.664898,-2.664898,-2.664898
8.420064,-2.767302,-2.756564,-2.765768,-2.764234,-2.645643,-2.645643,-2.645643,-2.645643
8.430061,-2.730486,-2.719748,-2.728952,-2.728952,-2.626189,-2.626189,-2.626189,-2.626189
8.440060,-2.730486,-2.719748,-2.728952,-2.728952,-2.606539,-2.606539,-2.606539,-2.606539
8.450057,-2.730486,-2.719748,-2.728952,-2.728952,-2.586696,-2.586696,-2.586696,-2.586696
8.460060,-2.692137,-2.682933,-2.692137,-2.692137,-2.566648,-2.566648,-2.566648,-2.566648
8.470064,-2.692137,-2.682933,-2.692137,-2.692137,-2.546405,-2.546405,-2.546405,-2.546405
8.480064,-2.653787,-2.646117,-2.652253,-2.652253,-2.525981,-2.525981,-2.525981,-2.525981
8.490066,-2.613904,-2.604700,-2.612370,-2.612370,-2.505365,-2.505365,-2.505365,-2.505365
8.500058,-2.613904,-2.604700,-2.612370,-2.612370,-2.484579,-2.484579,-2.484579,-2.484579
8.510068,-2.613904,-2.604700,-2.612370,-2.612370,-2.463571,-2.463571,-2.463571,-2.463571
8.520060,-2.572486,-2.560214,-2.570952,-2.570952,-2.442415,-2.442415,-2.442415,-2.442415
8.530064,-2.572486,-2.560214,-2.570952,-2.570952,-2.421048,-2.421048,-2.421048,-2.421048
8.540060,-2.531069,-2.520331,-2.529535,-2.531069,-2.399515,-2.399515,-2.399515,-2.399515
8.550062,-2.531069,-2.520331,-2.529535,-2.531069,-2.377787,-2.377787,-2.377787,-2.377787
8.560061,-2.489651,-2.478913,-2.486583,-2.488117,-2.355887,-2.355887,-2.355887,-2.355887
8.570065,-2.489651,-2.478913,-2.486583,-2.488117,-2.333797,-2.333797,-2.333797,-2.333797
8.580054,-2.446700,-2.434428,-2.443632,-2.443632,-2.311560,-2.311560,-2.311560,-2.311560
8.590065,-2.446700,-2.434428,-2.443632,-2.443632,-2.289101,-2.289101,-2.289101,-2.289101
8.600065,-2.402214,-2.391476,-2.399146,-2.402214,-2.266492,-2.266492,-2.266492,-2.266492
8.610064,-2.357729,-2.348525,-2.356195,-2.356195,-2.243713,-2.243713,-2.243713,-2.243713
8.620026,-2.357729,-2.348525,-2.356195,-2.356195,-2.220844,-2.220844,-2.220844,-2.220844
8.630064,-2.357729,-2.348525,-2.356195,-2.356195,-2.197631,-2.197631,-2.197631,-2.197631
8.640058,-2.313243,-2.304039,-2.310175,-2.310175,-2.174352,-2.174352,-2.174352,-2.174352
8.650064,-2.313243,-2.304039,-2.310175,-2.310175,-2.150876,-2.150876,-2.150876,-2.150876
8.660063,-2.268758,-2.253418,-2.265690,-2.264156,-2.127251,-2.127251,-2.127251,-2.127251
8.670065,-2.222739,-2.207399,-2.219671,-2.219671,-2.103454,-2.103454,-2.103454,-2.103454
8.680058,-2.222739,-2.207399,-2.219671,-2.219671,-2.079517,-2.079517,-2.079517,-2.079517
8.690065,-2.222739,-2.207399,-2.219671,-2.219671,-2.055385,-2.055385,-2.055385,-2.055385
8.700061,-2.175185,-2.161379,-2.170583,-2.173651,-2.031120,-2.031120,-2.031120,-2.031120
8.710066,-2.126098,-2.115360,-2.123030,-2.126098,-2.006676,-2.006676,-2.006676,-2.006676
8.720066,-2.126098,-2.115360,-2.123030,-2.126098,-1.982084,-1.982084,-1.982084,-1.982084
8.730065,-2.126098,-2.115360,-2.123030,-2.126098,-1.957342,-1.957342,-1.957342,-1.957342
8.740059,-2.080078,-2.066272,-2.075476,-2.077010,-1.932461,-1.932461,-1.932461,-1.932461
8.750060,-2.032525,-2.017185,-2.026389,-2.027923,-1.907410,-1.907410,-1.907410,-1.907410
8.760058,-2.032525,-2.017185,-2.026389,-2.027923,-1.882217,-1.882217,-1.882217,-1.882217
8.770060,-1.981903,-1.968098,-1.975767,-1.981903,-1.856866,-1.856866,-1.856866,-1.856866
8.780061,-1.981903,-1.968098,-1.975767,-1.981903,-1.831372,-1.831372,-1.831372,-1.831372
8.790064,-1.931282,-1.917476,-1.926680,-1.931282,-1.805724,-1.805724,-1.805724,-1.805724
8.800059,-1.931282,-1.917476,-1.926680,-1.931282,-1.779955,-1.779955,-1.779955,-1.779955
8.810064,-1.879127,-1.866855,-1.876059,-1.882195,-1.754020,-1.754020,-1.754020,-1.754020
8.820044,-1.879127,-1.866855,-1.876059,-1.882195,-1.728014,-1.728014,-1.728014,-1.728014
8.830060,-1.828505,-1.816234,-1.822369,-1.830039,-1.701771,-1.701771,-1.701771,-1.701771
8.840057,-1.828505,-1.816234,-1.822369,-1.830039,-1.675443,-1.675443,-1.675443,-1.675443
8.850062,-1.828505,-1.816234,-1.822369,-1.830039,-1.648960,-1.648960,-1.648960,-1.648960
8.860057,-1.776350,-1.764078,-1.771748,-1.779418,-1.622373,-1.622373,-1.622373,-1.622373
8.870057,-1.724195,-1.711923,-1.718059,-1.727263,-1.595638,-1.595638,-1.595638,-1.595638
8.880061,-1.724195,-1.711923,-1.718059,-1.727263,-1.568766,-1.568766,-1.568766,-1.568766
8.890062,-1.668971,-1.659767,-1.665903,-1.673573,-1.541775,-1.541775,-1.541775,-1.541775
8.900064,-1.668971,-1.659767,-1.665903,-1.673573,-1.514658,-1.514658,-1.514658,-1.514658
8.910061,-1.616816,-1.607612,-1.615282,-1.619884,-1.487428,-1.487428,-1.487428,-1.487428
8.920060,-1.616816,-1.607612,-1.615282,-1.619884,-1.460073,-1.460073,-1.460073,-1.460073
8.930060,-1.616816,-1.607612,-1.615282,-1.619884,-1.432594,-1.432594,-1.432594,-1.432594
8.940062,-1.563127,-1.553923,-1.561593,-1.566195,-1.404997,-1.404997,-1.404997,-1.404997
8.950062,-1.510971,-1.503301,-1.504835,-1.514039,-1.377286,-1.377286,-1.377286,-1.377286
8.960057,-1.510971,-1.503301,-1.504835,-1.514039,-1.349474,-1.349474,-1.349474,-1.349474
8.970062,-1.510971,-1.503301,-1.504835,-1.514039,-1.321524,-1.321524,-1.321524,-1.321524
8.980060,-1.458816,-1.448078,-1.449612,-1.460350,-1.293485,-1.293485,-1.293485,-1.293485
8.990060,-1.458816,-1.448078,-1.449612,-1.460350,-1.265330,-1.265330,-1.265330,-1.265330
9.000062,-1.409729,-1.395923,-1.400525,-1.402059,-1.237065,-1.237065,-1.237065,-1.237065
9.010060,-1.409729,-1.395923,-1.400525,-1.402059,-1.208707,-1.208707,-1.208707,-1.208707
9.020061,-1.352971,-1.345301,-1.348369,-1.351437,-1.180241,-1.180241,-1.180241,-1.180241
9.030060,-1.291612,-1.291612,-1.294680,-1.297748,-1.151680,-1.151680,-1.151680,-1.151680
9.040056,-1.291612,-1.291612,-1.294680,-1.297748,-1.123027,-1.123027,-1.123027,-1.123027
9.050060,-1.291612,-1.291612,-1.294680,-1.297748,-1.094257,-1.094257,-1.094257,-1.094257
9.060059,-1.236389,-1.230253,-1.234855,-1.240991,-1.065410,-1.065410,-1.065410,-1.065410
9.070059,-1.236389,-1.230253,-1.234855,-1.240991,-1.036467,-1.036467,-1.036467,-1.036467
9.080054,-1.181165,-1.175029,-1.171961,-1.181165,-1.007447,-1.007447,-1.007447,-1.007447
9.090059,-1.181165,-1.175029,-1.171961,-1.181165,-0.978313,-0.978313,-0.978313,-0.978313
9.100056,-1.125942,-1.116738,-1.115204,-1.125942,-0.949118,-0.949118,-0.949118,-0.949118
9.110023,-1.125942,-1.116738,-1.115204,-1.125942,-0.919924,-0.919924,-0.919924,-0.919924
9.120017,-1.064583,-1.061515,-1.058447,-1.066117,-0.890572,-0.890572,-0.890572,-0.890572
9.130066,-1.064583,-1.061515,-1.058447,-1.066117,-0.860979,-0.860979,-0.860979,-0.860979
9.140056,-1.003224,-1.004758,-0.998622,-1.009359,-0.831485,-0.831485,-0.831485,-0.831485
9.150065,-1.003224,-1.004758,-0.998622,-1.009359,-0.801855,-0.801855,-0.801855,-0.801855
9.160053,-0.944932,-0.944932,-0.940330,-0.952602,-0.772219,-0.772219,-0.772219,-0.772219
9.170063,-0.944932,-0.944932,-0.940330,-0.952602,-0.742445,-0.742445,-0.742445,-0.742445
9.180033,-0.882039,-0.886641,-0.877437,-0.888175,-0.712725,-0.712725,-0.712725,-0.712725
9.190064,-0.882039,-0.886641,-0.877437,-0.888175,-0.682752,-0.682752,-0.682752,-0.682752
9.200065,-0.822214,-0.826816,-0.816078,-0.823748,-0.652812,-0.652812,-0.652812,-0.652812
9.210065,-0.822214,-0.826816,-0.816078,-0.823748,-0.622809,-0.622809,-0.622809,-0.622809
9.220061,-0.760855,-0.763923,-0.754719,-0.760855,-0.592758,-0.592758,-0.592758,-0.592758
9.230065,-0.760855,-0.763923,-0.754719,-0.760855,-0.562626,-0.562626,-0.562626,-0.562626
9.240064,-0.704097,-0.704097,-0.694893,-0.705631,-0.532456,-0.532456,-0.532456,-0.532456
9.250064,-0.704097,-0.704097,-0.694893,-0.705631,-0.502228,-0.502228,-0.502228,-0.502228
9.260064,-0.645806,-0.644272,-0.638136,-0.648874,-0.471952,-0.471952,-0.471952,-0.471952
9.270066,-0.645806,-0.644272,-0.638136,-0.648874,-0.441621,-0.441621,-0.441621,-0.441621
9.280059,-0.585981,-0.585981,-0.578311,-0.587515,-0.411272,-0.411272,-0.411272,-0.411272
9.290060,-0.524621,-0.527689,-0.518486,-0.526155,-0.380853,-0.380853,-0.380853,-0.380853
9.300058,-0.524621,-0.527689,-0.518486,-0.526155,-0.350403,-0.350403,-0.350403,-0.350403
9.310060,-0.464796,-0.467864,-0.458660,-0.464796,-0.319905,-0.319905,-0.319905,-0.319905
9.320058,-0.464796,-0.467864,-0.458660,-0.464796,-0.289378,-0.289378,-0.289378,-0.289378
9.330060,-0.464796,-0.467864,-0.458660,-0.464796,-0.258807,-0.258807,-0.258807,-0.258807
9.340057,-0.404971,-0.409573,-0.397301,-0.406505,-0.228216,-0.228216,-0.228216,-0.228216
9.350060,-0.343612,-0.349748,-0.337476,-0.348214,-0.197577,-0.197577,-0.197577,-0.197577
9.360059,-0.343612,-0.349748,-0.337476,-0.348214,-0.166928,-0.166928,-0.166928,-0.166928
9.370059,-0.283786,-0.291456,-0.277651,-0.286854,-0.136249,-0.136249,-0.136249,-0.136249
9.380060,-0.283786,-0.291456,-0.277651,-0.286854,-0.105541,-0.105541,-0.105541,-0.105541
9.390060,-0.219359,-0.230097,-0.216291,-0.223961,-0.074817,-0.074817,-0.074817,-0.074817
9.400059,-0.219359,-0.230097,-0.216291,-0.223961,-0.044079,-0.044079,-0.044079,-0.044079
9.410060,-0.158000,-0.173340,-0.158000,-0.164136,-0.013321,-0.013321,-0.013321,-0.013321
9.420058,-0.158000,-0.173340,-0.158000,-0.164136,0.017446,0.017446,0.017446,0.017446
9.430061,-0.096641,-0.111981,-0.098175,-0.104311,0.048235,0.048235,0.048235,0.048235
9.440058,-0.096641,-0.111981,-0.098175,-0.104311,0.079014,0.079014,0.079014,0.079014
9.450060,-0.038350,-0.049087,-0.035282,-0.030680,0.109817,0.109817,0.109817,0.109817
9.460057,-0.038350,-0.049087,-0.035282,-0.030680,0.140611,0.140611,0.140611,0.140611
9.470061,0.019942,0.021476,0.027612,0.033748,0.171423,0.171423,0.171423,0.171423
9.480058,0.019942,0.021476,0.027612,0.033748,0.202212,0.202212,0.202212,0.202212
9.490062,0.081301,0.079767,0.087437,0.092039,0.233020,0.233020,0.233020,0.233020
9.500058,0.081301,0.079767,0.087437,0.092039,0.263802,0.263802,0.263802,0.263802
9.510060,0.144194,0.141126,0.148796,0.154932,0.294591,0.294591,0.294591,0.294591
9.520059,0.144194,0.141126,0.148796,0.154932,0.325359,0.325359,0.325359,0.325359
9.530062,0.144194,0.141126,0.148796,0.154932,0.356125,0.356125,0.356125,0.356125
9.540031,0.204019,0.200952,0.210155,0.216291,0.386778,0.386778,0.386778,0.386778
9.550060,0.204019,0.200952,0.210155,0.216291,0.417591,0.417591,0.417591,0.417591
9.560057,0.263845,0.260777,0.271515,0.274583,0.448285,0.448285,0.448285,0.448285
9.570062,0.325204,0.319068,0.332874,0.337476,0.478982,0.478982,0.478982,0.478982
9.580057,0.325204,0.319068,0.332874,0.337476,0.509626,0.509626,0.509626,0.509626
9.590056,0.386563,0.377359,0.392699,0.398835,0.540255,0.540255,0.540255,0.540255
9.600059,0.386563,0.377359,0.392699,0.398835,0.570861,0.570861,0.570861,0.570861
9.610060,0.447922,0.437185,0.452524,0.458660,0.601430,0.601430,0.601430,0.601430
9.620060,0.447922,0.437185,0.452524,0.458660,0.631961,0.631961,0.631961,0.631961
9.630059,0.447922,0.437185,0.452524,0.458660,0.662455,0.662455,0.662455,0.662455
9.640059,0.509282,0.501612,0.515418,0.521554,0.692909,0.692909,0.692909,0.692909
9.650059,0.509282,0.501612,0.515418,0.521554,0.723319,0.723319,0.723319,0.723319
9.660059,0.570641,0.561437,0.576777,0.581379,0.753686,0.753686,0.753686,0.753686
9.670048,0.570641,0.561437,0.576777,0.581379,0.783974,0.783974,0.783974,0.783974
9.680060,0.627398,0.618194,0.636602,0.639670,0.814282,0.814282,0.814282,0.814282
9.690064,0.627398,0.618194,0.636602,0.639670,0.844511,0.844511,0.844511,0.844511
9.700063,0.688757,0.678020,0.693359,0.699495,0.874670,0.874670,0.874670,0.874670
9.710064,0.688757,0.678020,0.693359,0.699495,0.904779,0.904779,0.904779,0.904779
9.720068,0.751651,0.737845,0.753185,0.760855,0.934839,0.934839,0.934839,0.934839
9.730065,0.813010,0.805340,0.816078,0.820680,0.964815,0.964815,0.964815,0.964815
9.740066,0.813010,0.805340,0.816078,0.820680,0.994735,0.994735,0.994735,0.994735
9.750070,0.813010,0.805340,0.816078,0.820680,1.024601,1.024601,1.024601,1.024601
9.760064,0.872835,0.862097,0.878971,0.886641,1.054368,1.054368,1.054368,1.054368
9.770059,0.872835,0.862097,0.878971,0.886641,1.084064,1.084064,1.084064,1.084064
9.780059,0.932660,0.921923,0.941864,0.948000,1.113702,1.113702,1.113702,1.113702
9.790060,0.932660,0.921923,0.941864,0.948000,1.143266,1.143266,1.143266,1.143266
9.800061,0.990952,0.984816,1.001690,1.004758,1.172749,1.172749,1.172749,1.172749
9.810062,0.990952,0.984816,1.001690,1.004758,1.202152,1.202152,1.202152,1.202152
9.820059,1.053845,1.043107,1.061515,1.064583,1.231459,1.231459,1.231459,1.231459
9.830064,1.053845,1.043107,1.061515,1.064583,1.260701,1.260701,1.260701,1.260701
9.840060,1.113670,1.104466,1.121340,1.125942,1.289829,1.289829,1.289829,1.289829
9.850059,1.113670,1.104466,1.121340,1.125942,1.318874,1.318874,1.318874,1.318874
9.860062,1.170428,1.164292,1.179631,1.184233,1.347836,1.347836,1.347836,1.347836
9.870061,1.170428,1.164292,1.179631,1.184233,1.376691,1.376691,1.376691,1.376691
9.880057,1.230253,1.221049,1.237923,1.245593,1.405442,1.405442,1.405442,1.405442
9.890060,1.230253,1.221049,1.237923,1.245593,1.434107,1.434107,1.434107,1.434107
9.900059,1.288544,1.280874,1.294680,1.303884,1.462656,1.462656,1.462656,1.462656
9.910058,1.288544,1.280874,1.294680,1.303884,1.491103,1.491103,1.491103,1.491103
9.920054,1.349903,1.339165,1.352971,1.362175,1.519431,1.519431,1.519431,1.519431
9.930057,1.349903,1.339165,1.352971,1.362175,1.547666,1.547666,1.547666,1.547666
9.940056,1.408195,1.395923,1.411263,1.418932,1.575779,1.575779,1.575779,1.575779
9.950058,1.408195,1.395923,1.411263,1.418932,1.603784,1.603784,1.603784,1.603784
9.960058,1.461884,1.455748,1.464952,1.475690,1.631665,1.631665,1.631665,1.631665
9.970060,1.461884,1.455748,1.464952,1.475690,1.659431,1.659431,1.659431,1.659431
9.980057,1.518641,1.512505,1.526311,1.533981,1.687057,1.687057,1.687057,1.687057
9.990059,1.518641,1.512505,1.526311,1.533981,1.714577,1.714577,1.714577,1.714577
10.000058,1.575398,1.569263,1.583068,1.589204,1.741959,1.741959,1.741959,1.741959
10.010060,1.575398,1.569263,1.583068,1.589204,1.769219,1.769219,1.769219,1.769219
10.020062,1.632156,1.626020,1.638292,1.642894,1.796344,1.796344,1.796344,1.796344
10.030059,1.632156,1.626020,1.638292,1.642894,1.823321,1.823321,1.823321,1.823321
10.040059,1.688913,1.681243,1.695049,1.698117,1.850170,1.850170,1.850170,1.850170
10.050058,1.688913,1.681243,1.695049,1.698117,1.876879,1.876879,1.876879,1.876879
10.060058,1.744136,1.736467,1.750272,1.754874,1.903446,1.903446,1.903446,1.903446
10.070059,1.797826,1.793224,1.802428,1.810098,1.929871,1.929871,1.929871,1.929871
10.080056,1.797826,1.793224,1.802428,1.810098,1.956142,1.956142,1.956142,1.956142
10.090062,1.851515,1.846913,1.857651,1.865321,1.982283,1.982283,1.982283,1.982283
10.100060,1.851515,1.846913,1.857651,1.865321,2.008255,2.008255,2.008255,2.008255
10.110060,1.902136,1.902136,1.911340,1.919010,2.034077,2.034077,2.034077,2.034077
10.120056,1.902136,1.902136,1.911340,1.919010,2.059735,2.059735,2.059735,2.059735
10.130060,1.952758,1.957360,1.965030,1.969632,2.085252,2.085252,2.085252,2.085252
10.140059,1.952758,1.957360,1.965030,1.969632,2.110600,2.110600,2.110600,2.110600
10.150062,2.006447,2.007981,2.017185,2.021787,2.135790,2.135790,2.135790,2.135790
10.160060,2.006447,2.007981,2.017185,2.021787,2.160805,2.160805,2.160805,2.160805
10.170061,2.058603,2.060137,2.067806,2.073942,2.185661,2.185661,2.185661,2.185661
10.180028,2.058603,2.060137,2.067806,2.073942,2.210264,2.210264,2.210264,2.210264
10.190067,2.107690,2.113826,2.116894,2.127632,2.234872,2.234872,2.234872,2.234872
10.200062,2.107690,2.113826,2.116894,2.127632,2.259195,2.259195,2.259195,2.259195
10.210062,2.156777,2.165981,2.167515,2.178253,2.283358,2.283358,2.283358,2.283358
10.220059,2.156777,2.165981,2.167515,2.178253,2.307334,2.307334,2.307334,2.307334
10.230063,2.205865,2.216603,2.216603,2.225806,2.331146,2.331146,2.331146,2.331146
10.240062,2.205865,2.216603,2.216603,2.225806,2.354763,2.354763,2.354763,2.354763
10.250069,2.256486,2.267224,2.264156,2.274894,2.378212,2.378212,2.378212,2.378212
10.260074,2.256486,2.267224,2.264156,2.274894,2.401470,2.401470,2.401470,2.401470
10.270043,2.256486,2.267224,2.264156,2.274894,2.424459,2.424459,2.424459,2.424459
10.280059,2.305573,2.316311,2.311709,2.323981,2.447361,2.447361,2.447361,2.447361
10.290058,2.305573,2.316311,2.311709,2.323981,2.470032,2.470032,2.470032,2.470032
10.300061,2.353127,2.363865,2.360797,2.371535,2.492517,2.492517,2.492517,2.492517
10.310061,2.353127,2.363865,2.360797,2.371535,2.514797,2.514797,2.514797,2.514797
10.320059,2.399146,2.412952,2.406816,2.420622,2.536870,2.536870,2.536870,2.536870
10.330059,2.399146,2.412952,2.406816,2.420622,2.558748,2.558748,2.558748,2.558748
10.340060,2.443632,2.458972,2.451302,2.466641,2.580424,2.580424,2.580424,2.580424
10.350057,2.443632,2.458972,2.451302,2.466641,2.601883,2.601883,2.601883,2.601883
10.360058,2.489651,2.503457,2.495787,2.514195,2.623146,2.623146,2.623146,2.623146
10.370059,2.489651,2.503457,2.495787,2.514195,2.644197,2.644197,2.644197,2.644197
10.380055,2.534137,2.549476,2.538738,2.560214,2.665025,2.665025,2.665025,2.665025
10.390059,2.534137,2.549476,2.538738,2.560214,2.685658,2.685658,2.685658,2.685658
10.400059,2.577088,2.595496,2.580156,2.603166,2.706061,2.706061,2.706061,2.706061
10.410062,2.577088,2.595496,2.580156,2.603166,2.726256,2.726256,2.726256,2.726256
10.420059,2.621573,2.636913,2.623107,2.641515,2.746219,2.746219,2.746219,2.746219
10.430059,2.621573,2.636913,2.623107,2.641515,2.765965,2.765965,2.765965,2.765965
10.440058,2.661457,2.678331,2.666059,2.684467,2.785485,2.785485,2.785485,2.785485
10.450062,2.661457,2.678331,2.666059,2.684467,2.804788,2.804788,2.804788,2.804788
10.460058,2.702874,2.724350,2.709010,2.728952,2.823850,2.823850,2.823850,2.823850
10.470059,2.702874,2.724350,2.709010,2.728952,2.842691,2.842691,2.842691,2.842691
10.480068,2.741224,2.767302,2.750428,2.767302,2.861313,2.861313,2.861313,2.861313
10.490067,2.741224,2.767302,2.750428,2.767302,2.879684,2.879684,2.879684,2.879684
10.500065,2.781108,2.807185,2.788777,2.805651,2.897819,2.897819,2.897819,2.897819
10.510064,2.781108,2.807185,2.788777,2.805651,2.915720,2.915720,2.915720,2.915720
10.520062,2.819457,2.845535,2.828661,2.845535,2.933378,2.933378,2.933378,2.933378
10.530066,2.819457,2.845535,2.828661,2.845535,2.950807,2.950807,2.950807,2.950807
10.540058,2.856273,2.883884,2.867011,2.883884,2.967972,2.967972,2.967972,2.967972
10.550065,2.856273,2.883884,2.867011,2.883884,2.984919,2.984919,2.984919,2.984919
10.560057,2.893088,2.920700,2.900758,2.916098,3.001595,3.001595,3.001595,3.001595
10.570061,2.893088,2.920700,2.900758,2.916098,3.018043,3.018043,3.018043,3.018043
10.580054,2.928370,2.954448,2.936040,2.954448,3.034226,3.034226,3.034226,3.034226
10.590065,2.928370,2.954448,2.936040,2.954448,3.050185,3.050185,3.050185,3.050185
10.600060,2.962117,2.989729,2.971321,2.991263,3.065864,3.065864,3.065864,3.065864
10.610065,2.962117,2.989729,2.971321,2.991263,3.081309,3.081309,3.081309,3.081309
10.620063,2.992797,3.026545,3.003535,3.023477,3.096484,3.096484,3.096484,3.096484
10.630065,2.992797,3.026545,3.003535,3.023477,3.111408,3.111408,3.111408,3.111408
10.640065,3.026545,3.057224,3.035748,3.054156,3.126071,3.126071,3.126071,3.126071
10.650068,3.026545,3.057224,3.035748,3.054156,3.140476,3.140476,3.140476,3.140476
10.660065,3.057224,3.084836,3.061826,3.081768,3.154610,3.154610,3.154610,3.154610
10.670064,3.057224,3.084836,3.061826,3.081768,3.168485,3.168485,3.168485,3.168485
10.680059,3.087904,3.110914,3.090972,3.106312,3.182089,3.182089,3.182089,3.182089
10.690061,3.087904,3.110914,3.090972,3.106312,3.195435,3.195435,3.195435,3.195435
10.700012,3.115515,3.132389,3.121651,3.130855,3.208448,3.208448,3.208448,3.208448
10.710059,3.115515,3.132389,3.121651,3.130855,3.221315,3.221315,3.221315,3.221315
10.720057,3.143127,3.160001,3.150797,3.158467,3.233846,3.233846,3.233846,3.233846
10.730059,3.143127,3.160001,3.150797,3.158467,3.246111,3.246111,3.246111,3.246111
10.740056,3.167671,3.190681,3.178409,3.186079,3.258097,3.258097,3.258097,3.258097
10.750058,3.193748,3.216758,3.202952,3.212156,3.269813,3.269813,3.269813,3.269813
10.760057,3.193748,3.216758,3.202952,3.212156,3.281249,3.281249,3.281249,3.281249
10.770059,3.218292,3.241302,3.227496,3.238234,3.292410,3.292410,3.292410,3.292410
10.780056,3.218292,3.241302,3.227496,3.238234,3.303287,3.303287,3.303287,3.303287
10.790057,3.242836,3.264312,3.248972,3.259710,3.313888,3.313888,3.313888,3.313888
10.800058,3.242836,3.264312,3.248972,3.259710,3.324207,3.324207,3.324207,3.324207
10.810060,3.264312,3.288855,3.271981,3.284253,3.334243,3.334243,3.334243,3.334243
10.820058,3.264312,3.288855,3.271981,3.284253,3.343992,3.343992,3.343992,3.343992
10.830059,3.285787,3.308797,3.294991,3.305729,3.353459,3.353459,3.353459,3.353459
10.840061,3.285787,3.308797,3.294991,3.305729,3.362640,3.362640,3.362640,3.362640
10.850064,3.305729,3.330273,3.314933,3.325671,3.371534,3.371534,3.371534,3.371534
10.860058,3.305729,3.330273,3.314933,3.325671,3.380131,3.380131,3.380131,3.380131
10.870059,3.305729,3.330273,3.314933,3.325671,3.388445,3.388445,3.388445,3.388445
10.880060,3.325671,3.350214,3.334875,3.344079,3.396468,3.396468,3.396468,3.396468
10.890067,3.325671,3.350214,3.334875,3.344079,3.404204,3.404204,3.404204,3.404204
10.900056,3.339477,3.368622,3.353282,3.360952,3.411632,3.411632,3.411632,3.411632
10.910065,3.339477,3.368622,3.353282,3.360952,3.418781,3.418781,3.418781,3.418781
10.920061,3.354816,3.383962,3.371690,3.376292,3.425627,3.425627,3.425627,3.425627
10.930059,3.368622,3.399302,3.388564,3.393166,3.432178,3.432178,3.432178,3.432178
10.940064,3.368622,3.399302,3.388564,3.393166,3.438437,3.438437,3.438437,3.438437
10.950069,3.368622,3.399302,3.388564,3.393166,3.444397,3.444397,3.444397,3.444397
10.960063,3.379360,3.416176,3.403904,3.403904,3.450052,3.450052,3.450052,3.450052
10.970065,3.379360,3.416176,3.403904,3.403904,3.455413,3.455413,3.455413,3.455413
10.980061,3.391632,3.428447,3.414642,3.417710,3.460470,3.460470,3.460470,3.460470
10.990066,3.391632,3.428447,3.414642,3.417710,3.465230,3.465230,3.465230,3.465230
11.000059,3.406972,3.437651,3.426913,3.431515,3.469684,3.469684,3.469684,3.469684
11.010066,3.406972,3.437651,3.426913,3.431515,3.473840,3.473840,3.473840,3.473840
11.020060,3.417710,3.449923,3.439185,3.443787,3.477688,3.477688,3.477688,3.477688
11.030061,3.417710,3.449923,3.439185,3.443787,3.481235,3.481235,3.481235,3.481235
11.040063,3.426913,3.457593,3.449923,3.451457,3.484477,3.484477,3.484477,3.484477
11.050063,3.426913,3.457593,3.449923,3.451457,3.487413,3.487413,3.487413,3.487413
11.060064,3.437651,3.463729,3.454525,3.460661,3.490043,3.490043,3.490043,3.490043
11.070059,3.437651,3.463729,3.454525,3.460661,3.492365,3.492365,3.492365,3.492365
11.080060,3.443787,3.466797,3.460661,3.469865,3.494382,3.494382,3.494382,3.494382
11.090066,3.443787,3.466797,3.460661,3.469865,3.496091,3.496091,3.496091,3.496091
11.100066,3.448389,3.474467,3.468331,3.474467,3.497492,3.497492,3.497492,3.497492
11.110065,3.448389,3.474467,3.468331,3.474467,3.498583,3.498583,3.498583,3.498583
11.120035,3.449923,3.483671,3.474467,3.477535,3.499363,3.499363,3.499363,3.499363
11.130058,3.449923,3.483671,3.474467,3.477535,3.499837,3.499837,3.499837,3.499837
11.140054,3.449923,3.489807,3.479069,3.479069,3.500000,3.500000,3.500000,3.500000
11.150059,3.449923,3.489807,3.479069,3.479069,3.499852,3.499852,3.499852,3.499852
11.160026,3.449923,3.492875,3.479069,3.479069,3.499395,3.499395,3.499395,3.499395
11.170021,3.449923,3.492875,3.479069,3.479069,3.498627,3.498627,3.498627,3.498627
11.180063,3.449923,3.492875,3.479069,3.479069,3.497542,3.497542,3.497542,3.497542
11.190065,3.449923,3.492875,3.479069,3.479069,3.496148,3.496148,3.496148,3.496148
11.200068,3.449923,3.492875,3.479069,3.479069,3.494443,3.494443,3.494443,3.494443
11.210067,3.449923,3.492875,3.479069,3.479069,3.492426,3.492426,3.492426,3.492426
11.220066,3.449923,3.492875,3.479069,3.479069,3.490096,3.490096,3.490096,3.490096
11.230065,3.449923,3.492875,3.479069,3.479069,3.487454,3.487454,3.487454,3.487454
11.240063,3.449923,3.492875,3.479069,3.479069,3.484500,3.484500,3.484500,3.484500
11.250067,3.449923,3.492875,3.479069,3.479069,3.481230,3.481230,3.481230,3.481230
11.260066,3.449923,3.492875,3.479069,3.479069,3.477650,3.477650,3.477650,3.477650
11.270068,3.449923,3.492875,3.479069,3.479069,3.473755,3.473755,3.473755,3.473755
11.280057,3.449923,3.492875,3.479069,3.479069,3.469553,3.469553,3.469553,3.469553
11.290069,3.449923,3.492875,3.479069,3.479069,3.465029,3.465029,3.465029,3.465029
11.300060,3.449923,3.492875,3.479069,3.479069,3.460200,3.460200,3.460200,3.460200
11.310065,3.449923,3.492875,3.479069,3.479069,3.455052,3.455052,3.455052,3.455052
11.320059,3.449923,3.492875,3.479069,3.479069,3.449598,3.449598,3.449598,3.449598
11.330065,3.449923,3.492875,3.479069,3.479069,3.443824,3.443824,3.443824,3.443824
11.340063,3.449923,3.491341,3.479069,3.477535,3.437741,3.437741,3.437741,3.437741
11.350066,3.449923,3.491341,3.479069,3.477535,3.431344,3.431344,3.431344,3.431344
11.360060,3.449923,3.489807,3.477535,3.477535,3.424640,3.424640,3.424640,3.424640
11.370070,3.449923,3.489807,3.477535,3.477535,3.417613,3.417613,3.417613,3.417613
11.380060,3.449923,3.483671,3.477535,3.472933,3.410289,3.410289,3.410289,3.410289
11.390063,3.448389,3.472933,3.472933,3.460661,3.402644,3.402644,3.402644,3.402644
11.400059,3.448389,3.472933,3.472933,3.460661,3.394695,3.394695,3.394695,3.394695
11.410067,3.442253,3.457593,3.462195,3.446855,3.386423,3.386423,3.386423,3.386423
11.420063,3.442253,3.457593,3.462195,3.446855,3.377852,3.377852,3.377852,3.377852
11.430065,3.426913,3.443787,3.446855,3.433049,3.368965,3.368965,3.368965,3.368965
11.440063,3.426913,3.443787,3.446855,3.433049,3.359773,3.359773,3.359773,3.359773
11.450064,3.408506,3.428447,3.428447,3.416176,3.350270,3.350270,3.350270,3.350270
11.460066,3.408506,3.428447,3.428447,3.416176,3.340456,3.340456,3.340456,3.340456
11.470065,3.393166,3.411574,3.410040,3.399302,3.330337,3.330337,3.330337,3.330337
11.480062,3.393166,3.411574,3.410040,3.399302,3.319914,3.319914,3.319914,3.319914
11.490067,3.393166,3.411574,3.410040,3.399302,3.309174,3.309174,3.309174,3.309174
11.500063,3.379360,3.391632,3.393166,3.379360,3.298140,3.298140,3.298140,3.298140
11.510055,3.359418,3.373224,3.373224,3.360952,3.286804,3.286804,3.286804,3.286804
11.520061,3.359418,3.373224,3.373224,3.360952,3.275147,3.275147,3.275147,3.275147
11.530060,3.337943,3.351748,3.353282,3.342545,3.263194,3.263194,3.263194,3.263194
11.540058,3.337943,3.351748,3.353282,3.342545,3.250938,3.250938,3.250938,3.250938
11.550022,3.316467,3.328739,3.330273,3.319535,3.238423,3.238423,3.238423,3.238423
11.560057,3.316467,3.328739,3.330273,3.319535,3.225517,3.225517,3.225517,3.225517
11.570058,3.316467,3.328739,3.330273,3.319535,3.212352,3.212352,3.212352,3.212352
11.580058,3.293457,3.304195,3.307263,3.294991,3.198888,3.198888,3.198888,3.198888
11.590060,3.293457,3.304195,3.307263,3.294991,3.185122,3.185122,3.185122,3.185122
11.600069,3.270447,3.278117,3.284253,3.268914,3.171049,3.171049,3.171049,3.171049
11.610063,3.270447,3.278117,3.284253,3.268914,3.156699,3.156699,3.156699,3.156699
11.620060,3.242836,3.252040,3.258176,3.242836,3.142048,3.142048,3.142048,3.142048
11.630066,3.242836,3.252040,3.258176,3.242836,3.127088,3.127088,3.127088,3.127088
11.640059,3.215224,3.222894,3.229030,3.213690,3.111854,3.111854,3.111854,3.111854
11.650066,3.215224,3.222894,3.229030,3.213690,3.096302,3.096302,3.096302,3.096302
11.660060,3.186079,3.195282,3.199884,3.183011,3.080481,3.080481,3.080481,3.080481
11.670065,3.186079,3.195282,3.199884,3.183011,3.064350,3.064350,3.064350,3.064350
11.680058,3.156933,3.164603,3.170739,3.156933,3.047949,3.047949,3.047949,3.047949
11.690066,3.156933,3.164603,3.170739,3.156933,3.031235,3.031235,3.031235,3.031235
11.700066,3.132389,3.138525,3.143127,3.129321,3.014247,3.014247,3.014247,3.014247
11.710065,3.132389,3.138525,3.143127,3.129321,2.996972,2.996972,2.996972,2.996972
11.720067,3.106312,3.110914,3.110914,3.101710,2.979408,2.979408,2.979408,2.979408
11.730068,3.106312,3.110914,3.110914,3.101710,2.961562,2.961562,2.961562,2.961562
11.740065,3.074098,3.081768,3.077166,3.071030,2.943440,2.943440,2.943440,2.943440
11.750070,3.074098,3.081768,3.077166,3.071030,2.925024,2.925024,2.925024,2.925024
11.760061,3.032681,3.048020,3.041884,3.037282,2.906352,2.906352,2.906352,2.906352
11.770063,3.032681,3.048020,3.041884,3.037282,2.887381,2.887381,2.887381,2.887381
11.780065,2.989729,3.011205,3.005069,3.000467,2.868134,2.868134,2.868134,2.868134
11.790064,2.989729,3.011205,3.005069,3.000467,2.848618,2.848618,2.848618,2.848618
11.800065,2.952914,2.975923,2.969787,2.963651,2.828822,2.828822,2.828822,2.828822
11.810067,2.952914,2.975923,2.969787,2.963651,2.808751,2.808751,2.808751,2.808751
11.820059,2.919166,2.937574,2.934506,2.926836,2.788433,2.788433,2.788433,2.788433
11.830066,2.919166,2.937574,2.934506,2.926836,2.767812,2.767812,2.767812,2.767812
11.840055,2.880816,2.894622,2.894622,2.888486,2.746963,2.746963,2.746963,2.746963
11.850058,2.880816,2.894622,2.894622,2.888486,2.725818,2.725818,2.725818,2.725818
11.860054,2.842467,2.851671,2.850137,2.845535,2.704422,2.704422,2.704422,2.704422
11.870063,2.842467,2.851671,2.850137,2.845535,2.682737,2.682737,2.682737,2.682737
11.880056,2.799515,2.810253,2.808719,2.804117,2.660824,2.660824,2.660824,2.660824
11.890067,2.799515,2.810253,2.808719,2.804117,2.638614,2.638614,2.638614,2.638614
11.900064,2.758098,2.768836,2.767302,2.762700,2.616176,2.616176,2.616176,2.616176
11.910066,2.758098,2.768836,2.767302,2.762700,2.593473,2.593473,2.593473,2.593473
11.920065,2.713612,2.725884,2.722816,2.719748,2.570520,2.570520,2.570520,2.570520
11.930062,2.713612,2.725884,2.722816,2.719748,2.547322,2.547322,2.547322,2.547322
11.940060,2.667593,2.681399,2.678331,2.673729,2.523874,2.523874,2.523874,2.523874
11.950064,2.667593,2.681399,2.678331,2.673729,2.500160,2.500160,2.500160,2.500160
11.960066,2.624641,2.633845,2.633845,2.630777,2.476206,2.476206,2.476206,2.476206
11.970061,2.624641,2.633845,2.633845,2.630777,2.452024,2.452024,2.452024,2.452024
11.980058,2.580156,2.584758,2.587826,2.583224,2.427597,2.427597,2.427597,2.427597
11.990028,2.580156,2.584758,2.587826,2.583224,2.402994,2.402994,2.402994,2.402994
12.000056,2.534137,2.537205,2.540272,2.534137,2.378011,2.378011,2.378011,2.378011
12.010056,2.485049,2.488117,2.492719,2.488117,2.352865,2.352865,2.352865,2.352865
12.020056,2.485049,2.488117,2.492719,2.488117,2.327481,2.327481,2.327481,2.327481
12.030058,2.437496,2.439030,2.445166,2.440564,2.301861,2.301861,2.301861,2.301861
12.040063,2.437496,2.439030,2.445166,2.440564,2.276004,2.276004,2.276004,2.276004
12.050057,2.437496,2.439030,2.445166,2.440564,2.249944,2.249944,2.249944,2.249944
12.060056,2.388408,2.388408,2.394544,2.386874,2.223652,2.223652,2.223652,2.223652
12.070063,2.336253,2.334719,2.340855,2.334719,2.197114,2.197114,2.197114,2.197114
12.080059,2.336253,2.334719,2.340855,2.334719,2.170385,2.170385,2.170385,2.170385
12.090060,2.336253,2.334719,2.340855,2.334719,2.143423,2.143423,2.143423,2.143423
12.100057,2.282564,2.279496,2.288700,2.281030,2.116258,2.116258,2.116258,2.116258
12.110061,2.228874,2.225806,2.235010,2.227340,2.088861,2.088861,2.088861,2.088861
12.120057,2.228874,2.225806,2.235010,2.227340,2.061270,2.061270,2.061270,2.061270
12.130058,2.175185,2.173651,2.181321,2.175185,2.033458,2.033458,2.033458,2.033458
12.140061,2.175185,2.173651,2.181321,2.175185,2.005437,2.005437,2.005437,2.005437
12.150063,2.121496,2.116894,2.126098,2.123030,1.977215,1.977215,1.977215,1.977215
12.160057,2.121496,2.116894,2.126098,2.123030,1.948812,1.948812,1.948812,1.948812
12.170042,2.066272,2.060137,2.069340,2.066272,1.920236,1.920236,1.920236,1.920236
12.180023,2.066272,2.060137,2.069340,2.066272,1.891478,1.891478,1.891478,1.891478
12.190062,2.066272,2.060137,2.069340,2.066272,1.862356,1.862356,1.862356,1.862356
12.200062,2.006447,2.000311,2.012583,2.009515,1.833157,1.833157,1.833157,1.833157
12.210063,2.006447,2.000311,2.012583,2.009515,1.803763,1.803763,1.803763,1.803763
12.220068,1.949690,1.940486,1.955826,1.951224,1.774176,1.774176,1.774176,1.774176
12.230058,1.949690,1.940486,1.955826,1.951224,1.744448,1.744448,1.744448,1.744448
12.240060,1.894467,1.883729,1.897534,1.892933,1.714502,1.714502,1.714502,1.714502
12.250062,1.894467,1.883729,1.897534,1.892933,1.684378,1.684378,1.684378,1.684378
12.260061,1.834641,1.825437,1.839243,1.836175,1.654090,1.654090,1.654090,1.654090
12.270063,1.834641,1.825437,1.839243,1.836175,1.623617,1.623617,1.623617,1.623617
12.280060,1.774816,1.764078,1.784020,1.776350,1.592995,1.592995,1.592995,1.592995
12.290061,1.774816,1.764078,1.784020,1.776350,1.562188,1.562188,1.562188,1.562188
12.300058,1.713457,1.704253,1.722661,1.714991,1.531231,1.531231,1.531231,1.531231
12.310059,1.713457,1.704253,1.722661,1.714991,1.500103,1.500103,1.500103,1.500103
12.320061,1.653632,1.642894,1.661301,1.653632,1.468811,1.468811,1.468811,1.468811
12.330065,1.653632,1.642894,1.661301,1.653632,1.437359,1.437359,1.437359,1.437359
12.340064,1.592272,1.580000,1.599942,1.593806,1.405765,1.405765,1.405765,1.405765
12.350063,1.592272,1.580000,1.599942,1.593806,1.374024,1.374024,1.374024,1.374024
12.360064,1.530913,1.520175,1.535515,1.530913,1.342133,1.342133,1.342133,1.342133
12.370065,1.530913,1.520175,1.535515,1.530913,1.310094,1.310094,1.310094,1.310094
12.380064,1.469554,1.455748,1.471088,1.471088,1.277921,1.277921,1.277921,1.277921
12.390066,1.469554,1.455748,1.471088,1.471088,1.245600,1.245600,1.245600,1.245600
12.400062,1.408195,1.391321,1.406661,1.406661,1.213166,1.213166,1.213166,1.213166
12.410062,1.408195,1.391321,1.406661,1.406661,1.180582,1.180582,1.180582,1.180582
12.420064,1.342233,1.326894,1.343767,1.342233,1.147866,1.147866,1.147866,1.147866
12.430062,1.342233,1.326894,1.343767,1.342233,1.115037,1.115037,1.115037,1.115037
12.440067,1.279340,1.264000,1.280874,1.277806,1.082061,1.082061,1.082061,1.082061
12.450066,1.279340,1.264000,1.280874,1.277806,1.048990,1.048990,1.048990,1.048990
12.460069,1.211845,1.199573,1.214913,1.210311,1.015783,1.015783,1.015783,1.015783
12.470044,1.211845,1.199573,1.214913,1.210311,0.982557,0.982557,0.982557,0.982557
12.480058,1.145884,1.133612,1.148952,1.142816,0.949093,0.949093,0.949093,0.949093
12.490062,1.145884,1.133612,1.148952,1.142816,0.915556,0.915556,0.915556,0.915556
12.500062,1.081457,1.067651,1.081457,1.073787,0.881924,0.881924,0.881924,0.881924
12.510061,1.081457,1.067651,1.081457,1.073787,0.848197,0.848197,0.848197,0.848197
12.520061,1.017029,1.000156,1.017029,1.007825,0.814373,0.814373,0.814373,0.814373
12.530061,1.017029,1.000156,1.017029,1.007825,0.780452,0.780452,0.780452,0.780452
12.540061,0.951068,0.932660,0.951068,0.943398,0.746439,0.746439,0.746439,0.746439
12.550060,0.951068,0.932660,0.951068,0.943398,0.712338,0.712338,0.712338,0.712338
12.560061,0.882039,0.868233,0.883573,0.877437,0.678155,0.678155,0.678155,0.678155
12.570061,0.882039,0.868233,0.883573,0.877437,0.643890,0.643890,0.643890,0.643890
12.580059,0.816078,0.805340,0.819146,0.809942,0.609552,0.609552,0.609552,0.609552
12.590059,0.816078,0.805340,0.819146,0.809942,0.575134,0.575134,0.575134,0.575134
12.600058,0.748583,0.739379,0.751651,0.739379,0.540651,0.540651,0.540651,0.540651
12.610063,0.748583,0.739379,0.751651,0.739379,0.506078,0.506078,0.506078,0.506078
12.620061,0.681088,0.671884,0.688757,0.673418,0.471463,0.471463,0.471463,0.471463
12.630059,0.681088,0.671884,0.688757,0.673418,0.436786,0.436786,0.436786,0.436786
12.640059,0.613592,0.598253,0.621262,0.605923,0.402045,0.402045,0.402045,0.402045
12.650060,0.613592,0.598253,0.621262,0.605923,0.367253,0.367253,0.367253,0.367253
12.660059,0.547631,0.527689,0.546097,0.533825,0.332412,0.332412,0.332412,0.332412
12.670062,0.547631,0.527689,0.546097,0.533825,0.297512,0.297512,0.297512,0.297512
12.680058,0.477068,0.458660,0.475534,0.463262,0.262590,0.262590,0.262590,0.262590
12.690061,0.477068,0.458660,0.475534,0.463262,0.227607,0.227607,0.227607,0.227607
12.700060,0.404971,0.392699,0.406505,0.394233,0.192598,0.192598,0.192598,0.192598
12.710059,0.404971,0.392699,0.406505,0.394233,0.157556,0.157556,0.157556,0.157556
12.720056,0.334408,0.320602,0.337476,0.325204,0.122491,0.122491,0.122491,0.122491
12.730060,0.263845,0.250039,0.266913,0.253107,0.087377,0.087377,0.087377,0.087377
12.740058,0.263845,0.250039,0.266913,0.253107,0.052258,0.052258,0.052258,0.052258
12.750059,0.194816,0.179476,0.196350,0.182544,0.017110,0.017110,0.017110,0.017110
12.760058,0.194816,0.179476,0.196350,0.182544,-0.018044,-0.018044,-0.018044,-0.018044
12.770061,0.125786,0.113515,0.127320,0.111981,-0.053224,-0.053224,-0.053224,-0.053224
12.780057,0.125786,0.113515,0.127320,0.111981,-0.088392,-0.088392,-0.088392,-0.088392
12.790058,0.053689,0.044485,0.059825,0.044485,-0.123580,-0.123580,-0.123580,-0.123580
12.800060,0.053689,0.044485,0.059825,0.044485,-0.158775,-0.158775,-0.158775,-0.158775
12.810060,0.053689,0.044485,0.059825,0.044485,-0.193956,-0.193956,-0.193956,-0.193956
12.820060,-0.016874,-0.030680,-0.009204,-0.027612,-0.229135,-0.229135,-0.229135,-0.229135
12.830063,-0.016874,-0.030680,-0.009204,-0.027612,-0.264315,-0.264315,-0.264315,-0.264315
12.840035,-0.087437,-0.107379,-0.082835,-0.110447,-0.299378,-0.299378,-0.299378,-0.299378
12.850060,-0.087437,-0.107379,-0.082835,-0.110447,-0.334607,-0.334607,-0.334607,-0.334607
12.860058,-0.156466,-0.177942,-0.151864,-0.179476,-0.369718,-0.369718,-0.369718,-0.369718
12.870058,-0.156466,-0.177942,-0.151864,-0.179476,-0.404815,-0.404815,-0.404815,-0.404815
12.880058,-0.230097,-0.246971,-0.228563,-0.250039,-0.439884,-0.439884,-0.439884,-0.439884
12.890059,-0.230097,-0.246971,-0.228563,-0.250039,-0.474928,-0.474928,-0.474928,-0.474928
12.900052,-0.300660,-0.317534,-0.296058,-0.320602,-0.509907,-0.509907,-0.509907,-0.509907
12.910067,-0.300660,-0.317534,-0.296058,-0.320602,-0.544924,-0.544924,-0.544924,-0.544924
12.920064,-0.369689,-0.385029,-0.368155,-0.389631,-0.579840,-0.579840,-0.579840,-0.579840
12.930064,-0.369689,-0.385029,-0.368155,-0.389631,-0.614719,-0.614719,-0.614719,-0.614719
12.940062,-0.440253,-0.450990,-0.437185,-0.458660,-0.649541,-0.649541,-0.649541,-0.649541
12.950063,-0.440253,-0.450990,-0.437185,-0.458660,-0.684323,-0.684323,-0.684323,-0.684323
12.960064,-0.512350,-0.521554,-0.506214,-0.529223,-0.719046,-0.719046,-0.719046,-0.719046
12.970066,-0.512350,-0.521554,-0.506214,-0.529223,-0.753714,-0.753714,-0.753714,-0.753714
12.980063,-0.584447,-0.589049,-0.578311,-0.598253,-0.788304,-0.788304,-0.788304,-0.788304
12.990067,-0.584447,-0.589049,-0.578311,-0.598253,-0.822847,-0.822847,-0.822847,-0.822847
13.000064,-0.653476,-0.659612,-0.645806,-0.670350,-0.857296,-0.857296,-0.857296,-0.857296
13.010065,-0.653476,-0.659612,-0.645806,-0.670350,-0.891687,-0.891687,-0.891687,-0.891687
13.020068,-0.720971,-0.724039,-0.716369,-0.737845,-0.926004,-0.926004,-0.926004,-0.926004
13.030066,-0.720971,-0.724039,-0.716369,-0.737845,-0.960222,-0.960222,-0.960222,-0.960222
13.040064,-0.788466,-0.790000,-0.785398,-0.803806,-0.994354,-0.994354,-0.994354,-0.994354
13.050065,-0.788466,-0.790000,-0.785398,-0.803806,-1.028409,-1.028409,-1.028409,-1.028409
13.060061,-0.857495,-0.854427,-0.859029,-0.871301,-1.062351,-1.062351,-1.062351,-1.062351
13.070065,-0.857495,-0.854427,-0.859029,-0.871301,-1.096230,-1.096230,-1.096230,-1.096230
13.080063,-0.926525,-0.915787,-0.921923,-0.937262,-1.129986,-1.129986,-1.129986,-1.129986
13.090066,-0.926525,-0.915787,-0.921923,-0.937262,-1.163653,-1.163653,-1.163653,-1.163653
13.100064,-0.994020,-0.978680,-0.981748,-1.004758,-1.197198,-1.197198,-1.197198,-1.197198
13.110060,-0.994020,-0.978680,-0.981748,-1.004758,-1.230626,-1.230626,-1.230626,-1.230626
13.120062,-1.056913,-1.041573,-1.049243,-1.066117,-1.263959,-1.263959,-1.263959,-1.263959
13.130066,-1.121340,-1.112136,-1.118272,-1.132078,-1.297178,-1.297178,-1.297178,-1.297178
13.140060,-1.121340,-1.112136,-1.118272,-1.132078,-1.330246,-1.330246,-1.330246,-1.330246
13.150055,-1.121340,-1.112136,-1.118272,-1.132078,-1.363191,-1.363191,-1.363191,-1.363191
13.160060,-1.187301,-1.179631,-1.187301,-1.199573,-1.396039,-1.396039,-1.396039,-1.396039
13.170060,-1.187301,-1.179631,-1.187301,-1.199573,-1.428740,-1.428740,-1.428740,-1.428740
13.180058,-1.253263,-1.244059,-1.251729,-1.265534,-1.461297,-1.461297,-1.461297,-1.461297
13.190058,-1.253263,-1.244059,-1.251729,-1.265534,-1.493720,-1.493720,-1.493720,-1.493720
13.200060,-1.320758,-1.310020,-1.317690,-1.331496,-1.526010,-1.526010,-1.526010,-1.526010
13.210059,-1.320758,-1.310020,-1.317690,-1.331496,-1.558142,-1.558142,-1.558142,-1.558142
13.220059,-1.385185,-1.377515,-1.385185,-1.395923,-1.590126,-1.590126,-1.590126,-1.590126
13.230059,-1.385185,-1.377515,-1.385185,-1.395923,-1.621953,-1.621953,-1.621953,-1.621953
13.240058,-1.451146,-1.443476,-1.448078,-1.464952,-1.653624,-1.653624,-1.653624,-1.653624
13.250060,-1.451146,-1.443476,-1.448078,-1.464952,-1.685143,-1.685143,-1.685143,-1.685143
13.260058,-1.518641,-1.514039,-1.515573,-1.535515,-1.716485,-1.716485,-1.716485,-1.716485
13.270027,-1.518641,-1.514039,-1.515573,-1.535515,-1.747568,-1.747568,-1.747568,-1.747568
13.280056,-1.584602,-1.583068,-1.584602,-1.604544,-1.778667,-1.778667,-1.778667,-1.778667
13.290058,-1.584602,-1.583068,-1.584602,-1.604544,-1.809509,-1.809509,-1.809509,-1.809509
13.300060,-1.652098,-1.647496,-1.647496,-1.667437,-1.840170,-1.840170,-1.840170,-1.840170
13.310061,-1.652098,-1.647496,-1.647496,-1.667437,-1.870648,-1.870648,-1.870648,-1.870648
13.320068,-1.714991,-1.708855,-1.707321,-1.725729,-1.900956,-1.900956,-1.900956,-1.900956
13.330065,-1.714991,-1.708855,-1.707321,-1.725729,-1.931046,-1.931046,-1.931046,-1.931046
13.340067,-1.774816,-1.770214,-1.767146,-1.790156,-1.960960,-1.960960,-1.960960,-1.960960
13.350069,-1.774816,-1.770214,-1.767146,-1.790156,-1.990680,-1.990680,-1.990680,-1.990680
13.360062,-1.836175,-1.831573,-1.834641,-1.851515,-2.020171,-2.020171,-2.020171,-2.020171
13.370059,-1.836175,-1.831573,-1.834641,-1.851515,-2.049476,-2.049476,-2.049476,-2.049476
13.380057,-1.897534,-1.892933,-1.896001,-1.911340,-2.078577,-2.078577,-2.078577,-2.078577
13.390057,-1.957360,-1.952758,-1.954292,-1.969632,-2.107471,-2.107471,-2.107471,-2.107471
13.400058,-1.957360,-1.952758,-1.954292,-1.969632,-2.136159,-2.136159,-2.136159,-2.136159
13.410058,-2.017185,-2.009515,-2.014117,-2.027923,-2.164628,-2.164628,-2.164628,-2.164628
13.420055,-2.017185,-2.009515,-2.014117,-2.027923,-2.192872,-2.192872,-2.192872,-2.192872
13.430056,-2.077010,-2.069340,-2.070874,-2.084680,-2.220901,-2.220901,-2.220901,-2.220901
13.440055,-2.077010,-2.069340,-2.070874,-2.084680,-2.248702,-2.248702,-2.248702,-2.248702
13.450009,-2.077010,-2.069340,-2.070874,-2.084680,-2.276153,-2.276153,-2.276153,-2.276153
13.460059,-2.133768,-2.127632,-2.130700,-2.142972,-2.303631,-2.303631,-2.303631,-2.303631
13.470059,-2.190525,-2.179787,-2.187457,-2.199729,-2.330738,-2.330738,-2.330738,-2.330738
13.480056,-2.190525,-2.179787,-2.187457,-2.199729,-2.357598,-2.357598,-2.357598,-2.357598
13.490058,-2.190525,-2.179787,-2.187457,-2.199729,-2.384232,-2.384232,-2.384232,-2.384232
13.500055,-2.244214,-2.236544,-2.241146,-2.256486,-2.410608,-2.410608,-2.410608,-2.410608
13.510057,-2.297904,-2.293302,-2.297904,-2.311709,-2.436750,-2.436750,-2.436750,-2.436750
13.520059,-2.297904,-2.293302,-2.297904,-2.311709,-2.462636,-2.462636,-2.462636,-2.462636
13.530058,-2.297904,-2.293302,-2.297904,-2.311709,-2.488266,-2.488266,-2.488266,-2.488266
13.540057,-2.354661,-2.346991,-2.350059,-2.362331,-2.513638,-2.513638,-2.513638,-2.513638
13.550059,-2.354661,-2.346991,-2.350059,-2.362331,-2.538758,-2.538758,-2.538758,-2.538758
13.560059,-2.406816,-2.402214,-2.400680,-2.414486,-2.563607,-2.563607,-2.563607,-2.563607
13.570059,-2.406816,-2.402214,-2.400680,-2.414486,-2.588192,-2.588192,-2.588192,-2.588192
13.580058,-2.458972,-2.452836,-2.455904,-2.469709,-2.612506,-2.612506,-2.612506,-2.612506
13.590041,-2.458972,-2.452836,-2.455904,-2.469709,-2.636509,-2.636509,-2.636509,-2.636509
13.600067,-2.512661,-2.503457,-2.506525,-2.521865,-2.660342,-2.660342,-2.660342,-2.660342
13.610065,-2.512661,-2.503457,-2.506525,-2.521865,-2.683827,-2.683827,-2.683827,-2.683827
13.620065,-2.560214,-2.555612,-2.555612,-2.570952,-2.707038,-2.707038,-2.707038,-2.707038
13.630064,-2.560214,-2.555612,-2.555612,-2.570952,-2.729963,-2.729963,-2.729963,-2.729963
13.640066,-2.607768,-2.607768,-2.604700,-2.621573,-2.752608,-2.752608,-2.752608,-2.752608
13.650066,-2.607768,-2.607768,-2.604700,-2.621573,-2.774960,-2.774960,-2.774960,-2.774960
13.660068,-2.656855,-2.653787,-2.652253,-2.669127,-2.797022,-2.797022,-2.797022,-2.797022
13.670066,-2.656855,-2.653787,-2.652253,-2.669127,-2.818785,-2.818785,-2.818785,-2.818785
13.680065,-2.704408,-2.698272,-2.698272,-2.712078,-2.840250,-2.840250,-2.840250,-2.840250
13.690065,-2.704408,-2.698272,-2.698272,-2.712078,-2.861418,-2.861418,-2.861418,-2.861418
13.700063,-2.750428,-2.744292,-2.742758,-2.758098,-2.882278,-2.882278,-2.882278,-2.882278
13.710067,-2.750428,-2.744292,-2.742758,-2.758098,-2.902846,-2.902846,-2.902846,-2.902846
13.720067,-2.796447,-2.790311,-2.788777,-2.804117,-2.923097,-2.923097,-2.923097,-2.923097
13.730064,-2.796447,-2.790311,-2.788777,-2.804117,-2.943033,-2.943033,-2.943033,-2.943033
13.740059,-2.839399,-2.831729,-2.828661,-2.845535,-2.962651,-2.962651,-2.962651,-2.962651
13.750067,-2.839399,-2.831729,-2.828661,-2.845535,-2.981978,-2.981978,-2.981978,-2.981978
13.760066,-2.877748,-2.876214,-2.868545,-2.888486,-3.000971,-3.000971,-3.000971,-3.000971
13.770041,-2.877748,-2.876214,-2.868545,-2.888486,-3.019597,-3.019597,-3.019597,-3.019597
13.780057,-2.919166,-2.917632,-2.909962,-2.931438,-3.037978,-3.037978,-3.037978,-3.037978
13.790058,-2.919166,-2.917632,-2.909962,-2.931438,-3.056006,-3.056006,-3.056006,-3.056006
13.800059,-2.960583,-2.955981,-2.952914,-2.968253,-3.073705,-3.073705,-3.073705,-3.073705
13.810061,-2.960583,-2.955981,-2.952914,-2.968253,-3.091075,-3.091075,-3.091075,-3.091075
13.820060,-2.998933,-2.994331,-2.988195,-3.006603,-3.108107,-3.108107,-3.108107,-3.108107
13.830060,-2.998933,-2.994331,-2.988195,-3.006603,-3.124809,-3.124809,-3.124809,-3.124809
13.840056,-3.035748,-3.032681,-3.025011,-3.044952,-3.141166,-3.141166,-3.141166,-3.141166
13.850060,-3.035748,-3.032681,-3.025011,-3.044952,-3.157195,-3.157195,-3.157195,-3.157195
13.860059,-3.069496,-3.069496,-3.061826,-3.081768,-3.172875,-3.172875,-3.172875,-3.172875
13.870030,-3.069496,-3.069496,-3.061826,-3.081768,-3.188171,-3.188171,-3.188171,-3.188171
13.880055,-3.104778,-3.103244,-3.097108,-3.115515,-3.203202,-3.203202,-3.203202,-3.203202
13.890059,-3.104778,-3.103244,-3.097108,-3.115515,-3.217852,-3.217852,-3.217852,-3.217852
13.900060,-3.135457,-3.133923,-3.130855,-3.146195,-3.232151,-3.232151,-3.232151,-3.232151
13.910059,-3.135457,-3.133923,-3.130855,-3.146195,-3.246094,-3.246094,-3.246094,-3.246094
13.920057,-3.161535,-3.161535,-3.158467,-3.170739,-3.259682,-3.259682,-3.259682,-3.259682
13.930060,-3.161535,-3.161535,-3.158467,-3.170739,-3.272920,-3.272920,-3.272920,-3.272920
13.940022,-3.186079,-3.187613,-3.186079,-3.195282,-3.285749,-3.285749,-3.285749,-3.285749
13.950062,-3.186079,-3.187613,-3.186079,-3.195282,-3.298317,-3.298317,-3.298317,-3.298317
13.960066,-3.216758,-3.212156,-3.216758,-3.221360,-3.310479,-3.310479,-3.310479,-3.310479
13.970068,-3.216758,-3.212156,-3.216758,-3.221360,-3.322274,-3.322274,-3.322274,-3.322274
13.980063,-3.245904,-3.236700,-3.244370,-3.247438,-3.333697,-3.333697,-3.333697,-3.333697
13.990067,-3.245904,-3.236700,-3.244370,-3.247438,-3.344763,-3.344763,-3.344763,-3.344763
14.000067,-3.278117,-3.262778,-3.271981,-3.273515,-3.355457,-3.355457,-3.355457,-3.355457
14.010066,-3.278117,-3.262778,-3.271981,-3.273515,-3.365781,-3.365781,-3.365781,-3.365781
14.020064,-3.304195,-3.287321,-3.296525,-3.299593,-3.375732,-3.375732,-3.375732,-3.375732
14.030066,-3.304195,-3.287321,-3.296525,-3.299593,-3.385313,-3.385313,-3.385313,-3.385313
14.040067,-3.325671,-3.308797,-3.316467,-3.321069,-3.394519,-3.394519,-3.394519,-3.394519
14.050067,-3.325671,-3.308797,-3.316467,-3.321069,-3.403348,-3.403348,-3.403348,-3.403348
14.060059,-3.347147,-3.328739,-3.337943,-3.342545,-3.411793,-3.411793,-3.411793,-3.411793
14.070065,-3.347147,-3.328739,-3.337943,-3.342545,-3.419872,-3.419872,-3.419872,-3.419872
14.080057,-3.364020,-3.351748,-3.356350,-3.359418,-3.427559,-3.427559,-3.427559,-3.427559
14.090064,-3.364020,-3.351748,-3.356350,-3.359418,-3.434875,-3.434875,-3.434875,-3.434875
14.100060,-3.380894,-3.371690,-3.371690,-3.376292,-3.441802,-3.441802,-3.441802,-3.441802
14.110065,-3.380894,-3.371690,-3.371690,-3.376292,-3.448350,-3.448350,-3.448350,-3.448350
14.120064,-3.396234,-3.390098,-3.390098,-3.396234,-3.454509,-3.454509,-3.454509,-3.454509
14.130062,-3.396234,-3.390098,-3.390098,-3.396234,-3.460281,-3.460281,-3.460281,-3.460281
14.140061,-3.411574,-3.405438,-3.405438,-3.416176,-3.465667,-3.465667,-3.465667,-3.465667
14.150066,-3.411574,-3.405438,-3.405438,-3.416176,-3.470667,-3.470667,-3.470667,-3.470667
14.160060,-3.425380,-3.417710,-3.419244,-3.431515,-3.475271,-3.475271,-3.475271,-3.475271
14.170065,-3.425380,-3.417710,-3.419244,-3.431515,-3.479491,-3.479491,-3.479491,-3.479491
14.180063,-3.436117,-3.428447,-3.428447,-3.440719,-3.483315,-3.483315,-3.483315,-3.483315
14.190063,-3.436117,-3.428447,-3.428447,-3.440719,-3.486749,-3.486749,-3.486749,-3.486749
14.200058,-3.448389,-3.439185,-3.436117,-3.446855,-3.489787,-3.489787,-3.489787,-3.489787
14.210065,-3.448389,-3.439185,-3.436117,-3.446855,-3.492435,-3.492435,-3.492435,-3.492435
14.220063,-3.456059,-3.446855,-3.445321,-3.456059,-3.494686,-3.494686,-3.494686,-3.494686
14.230062,-3.456059,-3.446855,-3.445321,-3.456059,-3.496541,-3.496541,-3.496541,-3.496541
14.240058,-3.460661,-3.456059,-3.454525,-3.463729,-3.498000,-3.498000,-3.498000,-3.498000
14.250059,-3.460661,-3.456059,-3.454525,-3.463729,-3.499063,-3.499063,-3.499063,-3.499063
14.260058,-3.465263,-3.462195,-3.460661,-3.469865,-3.499727,-3.499727,-3.499727,-3.499727
14.270066,-3.465263,-3.462195,-3.460661,-3.469865,-3.499994,-3.499994,-3.499994,-3.499994
14.280063,-3.469865,-3.466797,-3.460661,-3.471399,-3.499862,-3.499862,-3.499862,-3.499862
14.290065,-3.469865,-3.466797,-3.460661,-3.471399,-3.499331,-3.499331,-3.499331,-3.499331
14.300065,-3.472933,-3.469865,-3.460661,-3.472933,-3.498401,-3.498401,-3.498401,-3.498401
14.310065,-3.472933,-3.469865,-3.460661,-3.472933,-3.497071,-3.497071,-3.497071,-3.497071
14.320060,-3.474467,-3.469865,-3.460661,-3.474467,-3.495341,-3.495341,-3.495341,-3.495341
14.330066,-3.474467,-3.469865,-3.460661,-3.474467,-3.493209,-3.493209,-3.493209,-3.493209
14.340059,-3.474467,-3.469865,-3.460661,-3.474467,-3.490680,-3.490680,-3.490680,-3.490680
14.350061,-3.474467,-3.469865,-3.460661,-3.474467,-3.487747,-3.487747,-3.487747,-3.487747
14.360062,-3.474467,-3.471399,-3.460661,-3.474467,-3.484414,-3.484414,-3.484414,-3.484414
14.370064,-3.474467,-3.471399,-3.460661,-3.474467,-3.480678,-3.480678,-3.480678,-3.480678
14.380058,-3.474467,-3.469865,-3.460661,-3.474467,-3.476545,-3.476545,-3.476545,-3.476545
14.390064,-3.474467,-3.469865,-3.460661,-3.474467,-3.472006,-3.472006,-3.472006,-3.472006
14.400065,-3.474467,-3.469865,-3.460661,-3.474467,-3.467068,-3.467068,-3.467068,-3.467068
14.410058,-3.474467,-3.469865,-3.460661,-3.474467,-3.461733,-3.461733,-3.461733,-3.461733
14.420061,-3.472933,-3.469865,-3.460661,-3.472933,-3.455992,-3.455992,-3.455992,-3.455992
14.430060,-3.472933,-3.469865,-3.460661,-3.472933,-3.449852,-3.449852,-3.449852,-3.449852
14.440057,-3.472933,-3.468331,-3.460661,-3.472933,-3.443314,-3.443314,-3.443314,-3.443314
14.450060,-3.472933,-3.468331,-3.460661,-3.472933,-3.436371,-3.436371,-3.436371,-3.436371
14.460054,-3.471399,-3.468331,-3.460661,-3.471399,-3.429034,-3.429034,-3.429034,-3.429034
14.470060,-3.471399,-3.468331,-3.460661,-3.471399,-3.421289,-3.421289,-3.421289,-3.421289
14.480055,-3.469865,-3.457593,-3.459127,-3.460661,-3.413155,-3.413155,-3.413155,-3.413155
14.490059,-3.469865,-3.457593,-3.459127,-3.460661,-3.404613,-3.404613,-3.404613,-3.404613
14.500056,-3.456059,-3.443787,-3.457593,-3.445321,-3.395680,-3.395680,-3.395680,-3.395680
14.510059,-3.456059,-3.443787,-3.457593,-3.445321,-3.386344,-3.386344,-3.386344,-3.386344
14.520057,-3.437651,-3.428447,-3.445321,-3.431515,-3.376616,-3.376616,-3.376616,-3.376616
14.530062,-3.437651,-3.428447,-3.445321,-3.431515,-3.366484,-3.366484,-3.366484,-3.366484
14.540056,-3.423846,-3.413108,-3.429981,-3.417710,-3.355967,-3.355967,-3.355967,-3.355967
14.550063,-3.423846,-3.413108,-3.429981,-3.417710,-3.345043,-3.345043,-3.345043,-3.345043
14.560059,-3.405438,-3.396234,-3.411574,-3.400836,-3.333736,-3.333736,-3.333736,-3.333736
14.570060,-3.405438,-3.396234,-3.411574,-3.400836,-3.322031,-3.322031,-3.322031,-3.322031
14.580059,-3.387030,-3.376292,-3.393166,-3.379360,-3.309936,-3.309936,-3.309936,-3.309936
14.590060,-3.387030,-3.376292,-3.393166,-3.379360,-3.297446,-3.297446,-3.297446,-3.297446
14.600057,-3.365554,-3.354816,-3.371690,-3.354816,-3.284573,-3.284573,-3.284573,-3.284573
14.610062,-3.365554,-3.354816,-3.371690,-3.354816,-3.271299,-3.271299,-3.271299,-3.271299
14.620060,-3.345613,-3.330273,-3.348680,-3.330273,-3.257646,-3.257646,-3.257646,-3.257646
14.630059,-3.345613,-3.330273,-3.348680,-3.330273,-3.243604,-3.243604,-3.243604,-3.243604
14.640058,-3.319535,-3.307263,-3.325671,-3.307263,-3.229179,-3.229179,-3.229179,-3.229179
14.650063,-3.319535,-3.307263,-3.325671,-3.307263,-3.214358,-3.214358,-3.214358,-3.214358
14.660059,-3.294991,-3.281185,-3.299593,-3.281185,-3.199166,-3.199166,-3.199166,-3.199166
14.670061,-3.264312,-3.252040,-3.273515,-3.253574,-3.183586,-3.183586,-3.183586,-3.183586
14.680055,-3.264312,-3.252040,-3.273515,-3.253574,-3.167636,-3.167636,-3.167636,-3.167636
14.690060,-3.235166,-3.225962,-3.248972,-3.227496,-3.151290,-3.151290,-3.151290,-3.151290
14.700059,-3.235166,-3.225962,-3.248972,-3.227496,-3.134575,-3.134575,-3.134575,-3.134575
14.710056,-3.235166,-3.225962,-3.248972,-3.227496,-3.117489,-3.117489,-3.117489,-3.117489
14.720058,-3.204486,-3.199884,-3.222894,-3.201418,-3.100017,-3.100017,-3.100017,-3.100017
14.730060,-3.204486,-3.199884,-3.222894,-3.201418,-3.082176,-3.082176,-3.082176,-3.082176
14.740059,-3.175341,-3.172273,-3.189147,-3.176875,-3.063967,-3.063967,-3.063967,-3.063967
14.750060,-3.175341,-3.172273,-3.189147,-3.176875,-3.045383,-3.045383,-3.045383,-3.045383
14.760056,-3.146195,-3.146195,-3.155399,-3.146195,-3.026442,-3.026442,-3.026442,-3.026442
14.770058,-3.146195,-3.146195,-3.155399,-3.146195,-3.007125,-3.007125,-3.007125,-3.007125
14.780058,-3.112448,-3.110914,-3.118583,-3.109380,-2.987446,-2.987446,-2.987446,-2.987446
14.790058,-3.112448,-3.110914,-3.118583,-3.109380,-2.967403,-2.967403,-2.967403,-2.967403
14.800060,-3.072564,-3.072564,-3.078700,-3.072564,-2.946999,-2.946999,-2.946999,-2.946999
14.810061,-3.072564,-3.072564,-3.078700,-3.072564,-2.926238,-2.926238,-2.926238,-2.926238
14.820060,-3.032681,-3.031147,-3.041884,-3.034214,-2.905123,-2.905123,-2.905123,-2.905123
14.830061,-3.032681,-3.031147,-3.041884,-3.034214,-2.883651,-2.883651,-2.883651,-2.883651
14.840058,-2.994331,-2.991263,-3.005069,-2.994331,-2.861834,-2.861834,-2.861834,-2.861834
14.850061,-2.994331,-2.991263,-3.005069,-2.994331,-2.839654,-2.839654,-2.839654,-2.839654
14.860063,-2.954448,-2.951380,-2.963651,-2.952914,-2.817133,-2.817133,-2.817133,-2.817133
14.870062,-2.954448,-2.951380,-2.963651,-2.952914,-2.794269,-2.794269,-2.794269,-2.794269
14.880060,-2.913030,-2.906894,-2.917632,-2.909962,-2.771065,-2.771065,-2.771065,-2.771065
14.890062,-2.913030,-2.906894,-2.917632,-2.909962,-2.747511,-2.747511,-2.747511,-2.747511
14.900060,-2.868545,-2.863943,-2.873146,-2.867011,-2.723629,-2.723629,-2.723629,-2.723629
14.910060,-2.868545,-2.863943,-2.873146,-2.867011,-2.699406,-2.699406,-2.699406,-2.699406
14.920058,-2.822525,-2.817923,-2.827127,-2.820991,-2.674855,-2.674855,-2.674855,-2.674855
14.930059,-2.822525,-2.817923,-2.827127,-2.820991,-2.649964,-2.649964,-2.649964,-2.649964
14.940060,-2.774972,-2.768836,-2.781108,-2.774972,-2.624748,-2.624748,-2.624748,-2.624748
14.950063,-2.774972,-2.768836,-2.781108,-2.774972,-2.599199,-2.599199,-2.599199,-2.599199
14.960057,-2.727418,-2.721282,-2.733554,-2.727418,-2.573350,-2.573350,-2.573350,-2.573350
14.970060,-2.727418,-2.721282,-2.733554,-2.727418,-2.547160,-2.547160,-2.547160,-2.547160
14.980059,-2.679865,-2.673729,-2.684467,-2.679865,-2.520663,-2.520663,-2.520663,-2.520663
14.990062,-2.679865,-2.673729,-2.684467,-2.679865,-2.493841,-2.493841,-2.493841,-2.493841
15.000056,-2.629243,-2.621573,-2.633845,-2.627709,-2.466727,-2.466727,-2.466727,-2.466727
15.010063,-2.629243,-2.621573,-2.633845,-2.627709,-2.439273,-2.439273,-2.439273,-2.439273
15.020068,-2.577088,-2.566350,-2.581690,-2.577088,-2.411520,-2.411520,-2.411520,-2.411520
15.030065,-2.577088,-2.566350,-2.581690,-2.577088,-2.383486,-2.383486,-2.383486,-2.383486
15.040051,-2.523399,-2.514195,-2.528001,-2.523399,-2.355182,-2.355182,-2.355182,-2.355182
15.050066,-2.523399,-2.514195,-2.528001,-2.523399,-2.326497,-2.326497,-2.326497,-2.326497
15.060062,-2.468175,-2.458972,-2.472777,-2.468175,-2.297575,-2.297575,-2.297575,-2.297575
15.070068,-2.468175,-2.458972,-2.472777,-2.468175,-2.268332,-2.268332,-2.268332,-2.268332
15.080064,-2.412952,-2.403748,-2.416020,-2.411418,-2.238834,-2.238834,-2.238834,-2.238834
15.090067,-2.412952,-2.403748,-2.416020,-2.411418,-2.209030,-2.209030,-2.209030,-2.209030
15.100066,-2.354661,-2.348525,-2.359263,-2.353127,-2.178958,-2.178958,-2.178958,-2.178958
15.110067,-2.354661,-2.348525,-2.359263,-2.353127,-2.148600,-2.148600,-2.148600,-2.148600
15.120063,-2.296370,-2.288700,-2.299438,-2.296370,-2.117990,-2.117990,-2.117990,-2.117990
15.130068,-2.296370,-2.288700,-2.299438,-2.296370,-2.087076,-2.087076,-2.087076,-2.087076
15.140062,-2.238078,-2.227340,-2.241146,-2.239612,-2.055929,-2.055929,-2.055929,-2.055929
15.150068,-2.238078,-2.227340,-2.241146,-2.239612,-2.024483,-2.024483,-2.024483,-2.024483
15.160063,-2.175185,-2.169049,-2.182855,-2.176719,-1.992812,-1.992812,-1.992812,-1.992812
15.170067,-2.175185,-2.169049,-2.182855,-2.176719,-1.960858,-1.960858,-1.960858,-1.960858
15.180066,-2.112292,-2.106156,-2.119962,-2.115360,-1.928663,-1.928663,-1.928663,-1.928663
15.190063,-2.112292,-2.106156,-2.119962,-2.115360,-1.896227,-1.896227,-1.896227,-1.896227
15.200057,-2.052467,-2.044797,-2.058603,-2.050933,-1.863555,-1.863555,-1.863555,-1.863555
15.210059,-2.052467,-2.044797,-2.058603,-2.050933,-1.830618,-1.830618,-1.830618,-1.830618
15.220055,-1.988039,-1.981903,-1.994175,-1.989573,-1.797460,-1.797460,-1.797460,-1.797460
15.230056,-1.988039,-1.981903,-1.994175,-1.989573,-1.764052,-1.764052,-1.764052,-1.764052
15.240060,-1.922078,-1.914408,-1.928214,-1.926680,-1.730405,-1.730405,-1.730405,-1.730405
15.250064,-1.922078,-1.914408,-1.928214,-1.926680,-1.696530,-1.696530,-1.696530,-1.696530
15.260059,-1.857651,-1.846913,-1.859185,-1.862253,-1.662460,-1.662460,-1.662460,-1.662460
15.270066,-1.857651,-1.846913,-1.859185,-1.862253,-1.628134,-1.628134,-1.628134,-1.628134
15.280063,-1.790156,-1.780952,-1.791690,-1.793224,-1.593630,-1.593630,-1.593630,-1.593630
15.290067,-1.790156,-1.780952,-1.791690,-1.793224,-1.558891,-1.558891,-1.558891,-1.558891
15.300064,-1.722661,-1.714991,-1.724195,-1.725729,-1.523965,-1.523965,-1.523965,-1.523965
15.310066,-1.722661,-1.714991,-1.724195,-1.725729,-1.488821,-1.488821,-1.488821,-1.488821
15.320066,-1.655166,-1.647496,-1.653632,-1.656700,-1.453484,-1.453484,-1.453484,-1.453484
15.330067,-1.655166,-1.647496,-1.653632,-1.656700,-1.417955,-1.417955,-1.417955,-1.417955
15.340068,-1.583068,-1.578466,-1.584602,-1.587670,-1.382234,-1.382234,-1.382234,-1.382234
15.350066,-1.514039,-1.512505,-1.514039,-1.520175,-1.346334,-1.346334,-1.346334,-1.346334
15.360065,-1.514039,-1.512505,-1.514039,-1.520175,-1.310249,-1.310249,-1.310249,-1.310249
15.370065,-1.514039,-1.512505,-1.514039,-1.520175,-1.273989,-1.273989,-1.273989,-1.273989
15.380065,-1.448078,-1.443476,-1.443476,-1.452680,-1.237551,-1.237551,-1.237551,-1.237551
15.390065,-1.448078,-1.443476,-1.443476,-1.452680,-1.200946,-1.200946,-1.200946,-1.200946
15.400064,-1.380583,-1.375981,-1.377515,-1.379049,-1.164185,-1.164185,-1.164185,-1.164185
15.410065,-1.380583,-1.375981,-1.377515,-1.379049,-1.127250,-1.127250,-1.127250,-1.127250
15.420064,-1.305418,-1.306952,-1.311554,-1.310020,-1.090171,-1.090171,-1.090171,-1.090171
15.430059,-1.305418,-1.306952,-1.311554,-1.310020,-1.052951,-1.052951,-1.052951,-1.052951
15.440063,-1.230253,-1.233321,-1.239457,-1.234855,-1.015556,-1.015556,-1.015556,-1.015556
15.450065,-1.230253,-1.233321,-1.239457,-1.234855,-0.978026,-0.978026,-0.978026,-0.978026
15.460061,-1.155088,-1.158156,-1.159690,-1.158156,-0.940379,-0.940379,-0.940379,-0.940379
15.470062,-1.155088,-1.158156,-1.159690,-1.158156,-0.902581,-0.902581,-0.902581,-0.902581
15.480063,-1.081457,-1.084525,-1.082991,-1.082991,-0.864657,-0.864657,-0.864657,-0.864657
15.490064,-1.081457,-1.084525,-1.082991,-1.082991,-0.826609,-0.826609,-0.826609,-0.826609
15.500065,-1.006292,-1.012427,-1.007825,-1.009359,-0.788441,-0.788441,-0.788441,-0.788441
15.510065,-1.006292,-1.012427,-1.007825,-1.009359,-0.750161,-0.750161,-0.750161,-0.750161
15.520063,-0.929592,-0.934194,-0.932660,-0.938796,-0.711778,-0.711778,-0.711778,-0.711778
15.530064,-0.929592,-0.934194,-0.932660,-0.938796,-0.673286,-0.673286,-0.673286,-0.673286
15.540061,-0.851359,-0.854427,-0.852893,-0.857495,-0.634701,-0.634701,-0.634701,-0.634701
15.550065,-0.851359,-0.854427,-0.852893,-0.857495,-0.595996,-0.595996,-0.595996,-0.595996
15.560061,-0.771592,-0.776194,-0.773126,-0.773126,-0.557234,-0.557234,-0.557234,-0.557234
15.570067,-0.771592,-0.776194,-0.773126,-0.773126,-0.518343,-0.518343,-0.518343,-0.518343
15.580059,-0.697961,-0.697961,-0.694893,-0.697961,-0.479429,-0.479429,-0.479429,-0.479429
15.590064,-0.697961,-0.697961,-0.694893,-0.697961,-0.440387,-0.440387,-0.440387,-0.440387
15.600063,-0.621262,-0.621262,-0.618194,-0.624330,-0.401295,-0.401295,-0.401295,-0.401295
15.610065,-0.621262,-0.621262,-0.618194,-0.624330,-0.362126,-0.362126,-0.362126,-0.362126
15.620066,-0.539961,-0.547631,-0.544563,-0.547631,-0.322905,-0.322905,-0.322905,-0.322905
15.630063,-0.539961,-0.547631,-0.544563,-0.547631,-0.283636,-0.283636,-0.283636,-0.283636
15.640055,-0.464796,-0.470932,-0.470932,-0.469398,-0.244337,-0.244337,-0.244337,-0.244337
15.650064,-0.464796,-0.470932,-0.470932,-0.469398,-0.204925,-0.204925,-0.204925,-0.204925
15.660039,-0.388097,-0.395767,-0.392699,-0.392699,-0.165606,-0.165606,-0.165606,-0.165606
15.670063,-0.388097,-0.395767,-0.392699,-0.392699,-0.126055,-0.126055,-0.126055,-0.126055
15.680058,-0.309864,-0.319068,-0.316000,-0.316000,-0.086589,-0.086589,-0.086589,-0.086589
15.690059,-0.309864,-0.319068,-0.316000,-0.316000,-0.047071,-0.047071,-0.047071,-0.047071
15.700069,-0.233165,-0.240835,-0.237767,-0.236233,-0.007491,-0.007491,-0.007491,-0.007491
15.710066,-0.233165,-0.240835,-0.237767,-0.236233,0.032049,0.032049,0.032049,0.032049
15.720065,-0.153398,-0.167204,-0.158000,-0.158000,0.071608,0.071608,0.071608,0.071608
15.730065,-0.153398,-0.167204,-0.158000,-0.158000,0.111183,0.111183,0.111183,0.111183
15.740064,-0.073631,-0.087437,-0.079767,-0.076699,0.150749,0.150749,0.150749,0.150749
15.750068,-0.073631,-0.087437,-0.079767,-0.076699,0.190331,0.190331,0.190331,0.190331
15.760066,0.003068,0.000000,0.001534,0.010738,0.229884,0.229884,0.229884,0.229884
15.770065,0.003068,0.000000,0.001534,0.010738,0.269431,0.269431,0.269431,0.269431
15.780068,0.081301,0.078233,0.081301,0.087437,0.308971,0.308971,0.308971,0.308971
15.790062,0.081301,0.078233,0.081301,0.087437,0.348448,0.348448,0.348448,0.348448
15.800069,0.161068,0.156466,0.159534,0.167204,0.387953,0.387953,0.387953,0.387953
15.810065,0.161068,0.156466,0.159534,0.167204,0.427380,0.427380,0.427380,0.427380
15.820064,0.239301,0.231631,0.236233,0.243903,0.466774,0.466774,0.466774,0.466774
15.830065,0.239301,0.231631,0.236233,0.243903,0.506133,0.506133,0.506133,0.506133
15.840057,0.314466,0.306796,0.317534,0.323670,0.545415,0.545415,0.545415,0.545415
15.850061,0.314466,0.306796,0.317534,0.323670,0.584683,0.584683,0.584683,0.584683
15.860025,0.392699,0.381961,0.394233,0.401903,0.623736,0.623736,0.623736,0.623736
15.870063,0.392699,0.381961,0.394233,0.401903,0.663008,0.663008,0.663008,0.663008
15.880060,0.474000,0.460194,0.472466,0.480136,0.702057,0.702057,0.702057,0.702057
15.890063,0.474000,0.460194,0.472466,0.480136,0.741049,0.741049,0.741049,0.741049
15.900062,0.552233,0.539961,0.550699,0.561437,0.779945,0.779945,0.779945,0.779945
15.910066,0.552233,0.539961,0.550699,0.561437,0.818778,0.818778,0.818778,0.818778
15.920065,0.625864,0.615126,0.628932,0.638136,0.857499,0.857499,0.857499,0.857499
15.930062,0.625864,0.615126,0.628932,0.638136,0.896120,0.896120,0.896120,0.896120
15.940064,0.704097,0.690291,0.702563,0.713301,0.934657,0.934657,0.934657,0.934657
15.950068,0.704097,0.690291,0.702563,0.713301,0.973091,0.973091,0.973091,0.973091
15.960066,0.785398,0.770058,0.780796,0.788466,1.011392,1.011392,1.011392,1.011392
15.970067,0.785398,0.770058,0.780796,0.788466,1.049592,1.049592,1.049592,1.049592
15.980064,0.868233,0.849826,0.860563,0.871301,1.087653,1.087653,1.087653,1.087653
15.990064,0.868233,0.849826,0.860563,0.871301,1.125599,1.125599,1.125599,1.125599
16.000059,0.944932,0.931126,0.941864,0.951068,1.163397,1.163397,1.163397,1.163397
16.010059,0.944932,0.931126,0.941864,0.951068,1.201071,1.201071,1.201071,1.201071
16.020060,1.015495,1.009359,1.020097,1.026233,1.238608,1.238608,1.238608,1.238608
16.030056,1.015495,1.009359,1.020097,1.026233,1.275983,1.275983,1.275983,1.275983
16.040054,1.092194,1.082991,1.096796,1.102932,1.313212,1.313212,1.313212,1.313212
16.050056,1.092194,1.082991,1.096796,1.102932,1.350293,1.350293,1.350293,1.350293
16.060061,1.167360,1.159690,1.170428,1.179631,1.387224,1.387224,1.387224,1.387224
16.070059,1.167360,1.159690,1.170428,1.179631,1.423966,1.423966,1.423966,1.423966
16.080059,1.242525,1.234855,1.247127,1.256330,1.460543,1.460543,1.460543,1.460543
16.090057,1.242525,1.234855,1.247127,1.256330,1.496935,1.496935,1.496935,1.496935
16.100060,1.317690,1.306952,1.319224,1.333030,1.533154,1.533154,1.533154,1.533154
16.110058,1.317690,1.306952,1.319224,1.333030,1.569177,1.569177,1.569177,1.569177
16.120058,1.391321,1.380583,1.391321,1.406661,1.605013,1.605013,1.605013,1.605013
16.130058,1.391321,1.380583,1.391321,1.406661,1.640648,1.640648,1.640648,1.640648
16.140059,1.463418,1.455748,1.461884,1.478758,1.676081,1.676081,1.676081,1.676081
16.150057,1.463418,1.455748,1.461884,1.478758,1.711307,1.711307,1.711307,1.711307
16.160057,1.537049,1.527845,1.537049,1.550855,1.746316,1.746316,1.746316,1.746316
16.170061,1.537049,1.527845,1.537049,1.550855,1.781127,1.781127,1.781127,1.781127
16.180059,1.609146,1.601476,1.609146,1.621418,1.815699,1.815699,1.815699,1.815699
16.190060,1.609146,1.601476,1.609146,1.621418,1.850045,1.850045,1.850045,1.850045
16.200058,1.681243,1.672039,1.681243,1.690447,1.884154,1.884154,1.884154,1.884154
16.210060,1.681243,1.672039,1.681243,1.690447,1.918043,1.918043,1.918043,1.918043
16.220057,1.753340,1.744136,1.753340,1.762544,1.951665,1.951665,1.951665,1.951665
16.230059,1.753340,1.744136,1.753340,1.762544,1.985067,1.985067,1.985067,1.985067
16.240059,1.822369,1.814700,1.820835,1.833107,2.018209,2.018209,2.018209,2.018209
16.250029,1.822369,1.814700,1.820835,1.833107,2.050989,2.050989,2.050989,2.050989
16.260067,1.889865,1.880661,1.891399,1.902136,2.083741,2.083741,2.083741,2.083741
16.270065,1.889865,1.880661,1.891399,1.902136,2.116092,2.116092,2.116092,2.116092
16.280064,1.952758,1.951224,1.957360,1.969632,2.148175,2.148175,2.148175,2.148175
16.290064,1.952758,1.951224,1.957360,1.969632,2.179993,2.179993,2.179993,2.179993
16.300064,2.020253,2.020253,2.023321,2.034059,2.211523,2.211523,2.211523,2.211523
16.310064,2.020253,2.020253,2.023321,2.034059,2.242776,2.242776,2.242776,2.242776
16.320065,2.086214,2.087748,2.089282,2.101554,2.273743,2.273743,2.273743,2.273743
16.330065,2.086214,2.087748,2.089282,2.101554,2.304412,2.304412,2.304412,2.304412
16.340061,2.149107,2.153709,2.152175,2.167515,2.334773,2.334773,2.334773,2.334773
16.350065,2.149107,2.153709,2.152175,2.167515,2.364860,2.364860,2.364860,2.364860
16.360067,2.212001,2.218137,2.215069,2.230408,2.394627,2.394627,2.394627,2.394627
16.370068,2.212001,2.218137,2.215069,2.230408,2.424083,2.424083,2.424083,2.424083
16.380066,2.271826,2.282564,2.274894,2.291768,2.453219,2.453219,2.453219,2.453219
16.390064,2.271826,2.282564,2.274894,2.291768,2.482035,2.482035,2.482035,2.482035
16.400066,2.334719,2.343923,2.337787,2.353127,2.510543,2.510543,2.510543,2.510543
16.410028,2.334719,2.343923,2.337787,2.353127,2.538604,2.538604,2.538604,2.538604
16.420061,2.394544,2.405282,2.397612,2.414486,2.566536,2.566536,2.566536,2.566536
16.430031,2.394544,2.405282,2.397612,2.414486,2.593952,2.593952,2.593952,2.593952
16.440065,2.452836,2.465107,2.455904,2.474311,2.621211,2.621211,2.621211,2.621211
16.450068,2.452836,2.465107,2.455904,2.474311,2.648032,2.648032,2.648032,2.648032
16.460068,2.509593,2.523399,2.512661,2.534137,2.674507,2.674507,2.674507,2.674507
16.470068,2.509593,2.523399,2.512661,2.534137,2.700623,2.700623,2.700623,2.700623
16.480062,2.564816,2.580156,2.566350,2.589360,2.726371,2.726371,2.726371,2.726371
16.490061,2.564816,2.580156,2.566350,2.589360,2.751768,2.751768,2.751768,2.751768
16.500065,2.621573,2.635379,2.621573,2.641515,2.776815,2.776815,2.776815,2.776815
16.510067,2.621573,2.635379,2.621573,2.641515,2.801489,2.801489,2.801489,2.801489
16.520056,2.675263,2.687535,2.675263,2.698272,2.825759,2.825759,2.825759,2.825759
16.530064,2.675263,2.687535,2.675263,2.698272,2.849701,2.849701,2.849701,2.849701
16.540062,2.725884,2.745826,2.727418,2.748894,2.873240,2.873240,2.873240,2.873240
16.550064,2.725884,2.745826,2.727418,2.748894,2.896404,2.896404,2.896404,2.896404
16.560064,2.774972,2.799515,2.778040,2.797981,2.919176,2.919176,2.919176,2.919176
16.570065,2.774972,2.799515,2.778040,2.797981,2.941560,2.941560,2.941560,2.941560
16.580067,2.824059,2.848603,2.827127,2.850137,2.963553,2.963553,2.963553,2.963553
16.590065,2.824059,2.848603,2.827127,2.850137,2.985143,2.985143,2.985143,2.985143
16.600067,2.870079,2.897690,2.873146,2.896156,3.006337,3.006337,3.006337,3.006337
16.610065,2.870079,2.897690,2.873146,2.896156,3.027121,3.027121,3.027121,3.027121
16.620064,2.917632,2.942176,2.917632,2.939108,3.047498,3.047498,3.047498,3.047498
16.630064,2.917632,2.942176,2.917632,2.939108,3.067468,3.067468,3.067468,3.067468
16.640060,2.960583,2.985127,2.962117,2.986661,3.087017,3.087017,3.087017,3.087017
16.650064,2.960583,2.985127,2.962117,2.986661,3.106164,3.106164,3.106164,3.106164
16.660063,3.002001,3.031147,3.005069,3.029613,3.124881,3.124881,3.124881,3.124881
16.670065,3.002001,3.031147,3.005069,3.029613,3.143178,3.143178,3.143178,3.143178
16.680065,3.044952,3.069496,3.043418,3.066428,3.161047,3.161047,3.161047,3.161047
16.690063,3.044952,3.069496,3.043418,3.066428,3.178483,3.178483,3.178483,3.178483
16.700064,3.083302,3.101710,3.075632,3.098642,3.195491,3.195491,3.195491,3.195491
16.710064,3.083302,3.101710,3.075632,3.098642,3.212064,3.212064,3.212064,3.212064
16.720062,3.115515,3.132389,3.113981,3.130855,3.228194,3.228194,3.228194,3.228194
16.730066,3.115515,3.132389,3.113981,3.130855,3.243895,3.243895,3.243895,3.243895
16.740065,3.149263,3.166137,3.155399,3.164603,3.259143,3.259143,3.259143,3.259143
16.750067,3.149263,3.166137,3.155399,3.164603,3.273949,3.273949,3.273949,3.273949
16.760065,3.183011,3.202952,3.187613,3.199884,3.288302,3.288302,3.288302,3.288302
16.770063,3.183011,3.202952,3.187613,3.199884,3.302205,3.302205,3.302205,3.302205
16.780066,3.213690,3.235166,3.216758,3.232098,3.315657,3.315657,3.315657,3.315657
16.790062,3.213690,3.235166,3.216758,3.232098,3.328648,3.328648,3.328648,3.328648
16.800047,3.244370,3.265846,3.244370,3.261244,3.341165,3.341165,3.341165,3.341165
16.810059,3.244370,3.265846,3.244370,3.261244,3.353255,3.353255,3.353255,3.353255
16.820057,3.273515,3.293457,3.273515,3.288855,3.364865,3.364865,3.364865,3.364865
16.830057,3.273515,3.293457,3.273515,3.288855,3.376012,3.376012,3.376012,3.376012
16.840055,3.298059,3.319535,3.302661,3.316467,3.386690,3.386690,3.386690,3.386690
16.850061,3.298059,3.319535,3.302661,3.316467,3.396905,3.396905,3.396905,3.396905
16.860058,3.322603,3.345613,3.327205,3.341011,3.406641,3.406641,3.406641,3.406641
16.870068,3.322603,3.345613,3.327205,3.341011,3.415915,3.415915,3.415915,3.415915
16.880056,3.342545,3.368622,3.351748,3.360952,3.424696,3.424696,3.424696,3.424696
16.890060,3.342545,3.368622,3.351748,3.360952,3.433013,3.433013,3.433013,3.433013
16.900055,3.360952,3.388564,3.373224,3.379360,3.440845,3.440845,3.440845,3.440845
16.910042,3.360952,3.388564,3.373224,3.379360,3.448189,3.448189,3.448189,3.448189
16.920057,3.376292,3.406972,3.393166,3.399302,3.455073,3.455073,3.455073,3.455073
16.930059,3.376292,3.406972,3.393166,3.399302,3.461463,3.461463,3.461463,3.461463
16.940056,3.391632,3.425380,3.408506,3.414642,3.467366,3.467366,3.467366,3.467366
16.950060,3.391632,3.425380,3.408506,3.414642,3.472785,3.472785,3.472785,3.472785
16.960056,3.410040,3.437651,3.422312,3.431515,3.477713,3.477713,3.477713,3.477713
16.970058,3.410040,3.437651,3.422312,3.431515,3.482154,3.482154,3.482154,3.482154
16.980059,3.422312,3.449923,3.437651,3.446855,3.486104,3.486104,3.486104,3.486104
16.990059,3.422312,3.449923,3.437651,3.446855,3.489564,3.489564,3.489564,3.489564
17.000061,3.434583,3.462195,3.449923,3.457593,3.492531,3.492531,3.492531,3.492531
17.010031,3.434583,3.462195,3.449923,3.457593,3.494997,3.494997,3.494997,3.494997
17.020060,3.443787,3.468331,3.459127,3.466797,3.496982,3.496982,3.496982,3.496982
17.030067,3.443787,3.468331,3.459127,3.466797,3.498466,3.498466,3.498466,3.498466
17.040056,3.449923,3.476001,3.462195,3.472933,3.499451,3.499451,3.499451,3.499451
17.050066,3.449923,3.476001,3.462195,3.472933,3.499942,3.499942,3.499942,3.499942
17.060064,3.449923,3.483671,3.468331,3.476001,3.499934,3.499934,3.499934,3.499934
17.070066,3.449923,3.483671,3.468331,3.476001,3.499428,3.499428,3.499428,3.499428
17.080063,3.449923,3.488273,3.472933,3.479069,3.498423,3.498423,3.498423,3.498423
17.090065,3.449923,3.488273,3.472933,3.479069,3.496920,3.496920,3.496920,3.496920
17.100063,3.449923,3.489807,3.477535,3.479069,3.494916,3.494916,3.494916,3.494916
17.110067,3.449923,3.489807,3.477535,3.479069,3.492413,3.492413,3.492413,3.492413
17.120064,3.449923,3.489807,3.477535,3.479069,3.489410,3.489410,3.489410,3.489410
17.130060,3.449923,3.489807,3.477535,3.479069,3.485908,3.485908,3.485908,3.485908
17.140062,3.449923,3.489807,3.477535,3.479069,3.481904,3.481904,3.481904,3.481904
17.150064,3.449923,3.489807,3.477535,3.479069,3.477399,3.477399,3.477399,3.477399
17.160065,3.449923,3.489807,3.477535,3.479069,3.472395,3.472395,3.472395,3.472395
17.170065,3.449923,3.489807,3.477535,3.479069,3.466890,3.466890,3.466890,3.466890
17.180063,3.449923,3.489807,3.477535,3.479069,3.460887,3.460887,3.460887,3.460887
17.190063,3.449923,3.489807,3.477535,3.479069,3.454383,3.454383,3.454383,3.454383
17.200062,3.449923,3.489807,3.476001,3.479069,3.447381,3.447381,3.447381,3.447381
17.210066,3.449923,3.489807,3.476001,3.479069,3.439874,3.439874,3.439874,3.439874
17.220055,3.449923,3.488273,3.476001,3.477535,3.431883,3.431883,3.431883,3.431883
17.230061,3.449923,3.488273,3.476001,3.477535,3.423380,3.423380,3.423380,3.423380
17.240053,3.449923,3.486739,3.474467,3.476001,3.414390,3.414390,3.414390,3.414390
17.250057,3.449923,3.486739,3.474467,3.476001,3.404894,3.404894,3.404894,3.404894
17.260059,3.448389,3.477535,3.471399,3.465263,3.394904,3.394904,3.394904,3.394904
17.270065,3.448389,3.477535,3.471399,3.465263,3.384414,3.384414,3.384414,3.384414
17.280056,3.442253,3.459127,3.459127,3.449923,3.373446,3.373446,3.373446,3.373446
17.290064,3.442253,3.459127,3.459127,3.449923,3.361968,3.361968,3.361968,3.361968
17.300058,3.426913,3.440719,3.440719,3.431515,3.350011,3.350011,3.350011,3.350011
17.310066,3.426913,3.440719,3.440719,3.431515,3.337548,3.337548,3.337548,3.337548
17.320061,3.405438,3.422312,3.419244,3.411574,3.324614,3.324614,3.324614,3.324614
17.330067,3.405438,3.422312,3.419244,3.411574,3.311174,3.311174,3.311174,3.311174
17.340061,3.383962,3.399302,3.397768,3.390098,3.297262,3.297262,3.297262,3.297262
17.350065,3.383962,3.399302,3.397768,3.390098,3.282853,3.282853,3.282853,3.282853
17.360065,3.364020,3.376292,3.371690,3.364020,3.267965,3.267965,3.267965,3.267965
17.370066,3.364020,3.376292,3.371690,3.364020,3.252596,3.252596,3.252596,3.252596
17.380064,3.339477,3.350214,3.347147,3.339477,3.236747,3.236747,3.236747,3.236747
17.390062,3.339477,3.350214,3.347147,3.339477,3.220420,3.220420,3.220420,3.220420
17.400028,3.311865,3.322603,3.319535,3.311865,3.203673,3.203673,3.203673,3.203673
17.410059,3.311865,3.322603,3.319535,3.311865,3.186340,3.186340,3.186340,3.186340
17.420065,3.281185,3.290389,3.290389,3.282719,3.168575,3.168575,3.168575,3.168575
17.430065,3.281185,3.290389,3.290389,3.282719,3.150347,3.150347,3.150347,3.150347
17.440065,3.248972,3.256642,3.258176,3.250506,3.131652,3.131652,3.131652,3.131652
17.450066,3.248972,3.256642,3.258176,3.250506,3.112488,3.112488,3.112488,3.112488
17.460066,3.213690,3.221360,3.224428,3.213690,3.092861,3.092861,3.092861,3.092861
17.470066,3.213690,3.221360,3.224428,3.213690,3.072771,3.072771,3.072771,3.072771
17.480061,3.176875,3.183011,3.186079,3.175341,3.052233,3.052233,3.052233,3.052233
17.490059,3.176875,3.183011,3.186079,3.175341,3.031232,3.031232,3.031232,3.031232
17.500059,3.141593,3.149263,3.150797,3.138525,3.009770,3.009770,3.009770,3.009770
17.510059,3.141593,3.149263,3.150797,3.138525,2.987853,2.987853,2.987853,2.987853
17.520058,3.109380,3.113981,3.110914,3.103244,2.965496,2.965496,2.965496,2.965496
17.530060,3.109380,3.113981,3.110914,3.103244,2.942682,2.942682,2.942682,2.942682
17.540060,3.069496,3.077166,3.069496,3.067962,2.919428,2.919428,2.919428,2.919428
17.550062,3.069496,3.077166,3.069496,3.067962,2.895728,2.895728,2.895728,2.895728
17.560059,3.020409,3.034214,3.026545,3.023477,2.871602,2.871602,2.871602,2.871602
17.570061,3.020409,3.034214,3.026545,3.023477,2.847031,2.847031,2.847031,2.847031
17.580057,2.971321,2.988195,2.982059,2.975923,2.822037,2.822037,2.822037,2.822037
17.590059,2.971321,2.988195,2.982059,2.975923,2.796607,2.796607,2.796607,2.796607
17.600060,2.925302,2.940642,2.936040,2.929904,2.770749,2.770749,2.770749,2.770749
17.610060,2.925302,2.940642,2.936040,2.929904,2.744473,2.744473,2.744473,2.744473
17.620058,2.874680,2.888486,2.885418,2.880816,2.717782,2.717782,2.717782,2.717782
17.630060,2.874680,2.888486,2.885418,2.880816,2.690670,2.690670,2.690670,2.690670
17.640059,2.827127,2.836331,2.833263,2.830195,2.663151,2.663151,2.663151,2.663151
17.650049,2.827127,2.836331,2.833263,2.830195,2.635247,2.635247,2.635247,2.635247
17.660055,2.776506,2.784175,2.784175,2.781108,2.606899,2.606899,2.606899,2.606899
17.670019,2.776506,2.784175,2.784175,2.781108,2.578269,2.578269,2.578269,2.578269
17.680056,2.722816,2.733554,2.727418,2.727418,2.549031,2.549031,2.549031,2.549031
17.690058,2.722816,2.733554,2.727418,2.727418,2.519505,2.519505,2.519505,2.519505
17.700060,2.666059,2.676797,2.670661,2.669127,2.489586,2.489586,2.489586,2.489586
17.710064,2.666059,2.676797,2.670661,2.669127,2.459277,2.459277,2.459277,2.459277
17.720058,2.610836,2.618505,2.612370,2.613904,2.428612,2.428612,2.428612,2.428612
17.730059,2.610836,2.618505,2.612370,2.613904,2.397558,2.397558,2.397558,2.397558
17.740057,2.554078,2.558680,2.555612,2.552544,2.366133,2.366133,2.366133,2.366133
17.750061,2.554078,2.558680,2.555612,2.552544,2.334328,2.334328,2.334328,2.334328
17.760059,2.492719,2.495787,2.495787,2.494253,2.302177,2.302177,2.302177,2.302177
17.770061,2.492719,2.495787,2.495787,2.494253,2.269651,2.269651,2.269651,2.269651
17.780058,2.432894,2.432894,2.435962,2.434428,2.236785,2.236785,2.236785,2.236785
17.790056,2.432894,2.432894,2.435962,2.434428,2.203570,2.203570,2.203570,2.203570
17.800058,2.370001,2.370001,2.370001,2.366933,2.169994,2.169994,2.169994,2.169994
17.810066,2.370001,2.370001,2.370001,2.366933,2.136056,2.136056,2.136056,2.136056
17.820063,2.302505,2.302505,2.305573,2.302505,2.101821,2.101821,2.101821,2.101821
17.830067,2.302505,2.302505,2.305573,2.302505,2.067232,2.067232,2.067232,2.067232
17.840061,2.236544,2.231942,2.238078,2.236544,2.032341,2.032341,2.032341,2.032341
17.850065,2.236544,2.231942,2.238078,2.236544,1.997101,1.997101,1.997101,1.997101
17.860065,2.167515,2.164447,2.169049,2.170583,1.961559,1.961559,1.961559,1.961559
17.870066,2.167515,2.164447,2.169049,2.170583,1.925701,1.925701,1.925701,1.925701
17.880068,2.100020,2.092350,2.098486,2.101554,1.889536,1.889536,1.889536,1.889536
17.890064,2.100020,2.092350,2.098486,2.101554,1.853086,1.853086,1.853086,1.853086
17.900063,2.027923,2.020253,2.026389,2.027923,1.816326,1.816326,1.816326,1.816326
17.910067,2.027923,2.020253,2.026389,2.027923,1.779259,1.779259,1.779259,1.779259
17.920065,1.955826,1.946622,1.955826,1.955826,1.741934,1.741934,1.741934,1.741934
17.930069,1.955826,1.946622,1.955826,1.955826,1.704302,1.704302,1.704302,1.704302
17.940023,1.882195,1.872991,1.883729,1.883729,1.666578,1.666578,1.666578,1.666578
17.950068,1.882195,1.872991,1.883729,1.883729,1.628252,1.628252,1.628252,1.628252
17.960070,1.808564,1.799360,1.811632,1.810098,1.589817,1.589817,1.589817,1.589817
17.970068,1.808564,1.799360,1.811632,1.810098,1.551141,1.551141,1.551141,1.551141
17.980066,1.734933,1.724195,1.733399,1.734933,1.512208,1.512208,1.512208,1.512208
17.990063,1.734933,1.724195,1.733399,1.734933,1.473039,1.473039,1.473039,1.473039
18.000069,1.655166,1.647496,1.656700,1.658233,1.433585,1.433585,1.433585,1.433585
18.010067,1.655166,1.647496,1.656700,1.658233,1.393931,1.393931,1.393931,1.393931
18.020065,1.576932,1.569263,1.580000,1.580000,1.354048,1.354048,1.354048,1.354048
18.030066,1.576932,1.569263,1.580000,1.580000,1.313929,1.313929,1.313929,1.313929
18.040068,1.503301,1.491030,1.503301,1.503301,1.273592,1.273592,1.273592,1.273592
18.050066,1.503301,1.491030,1.503301,1.503301,1.233050,1.233050,1.233050,1.233050
18.060068,1.428136,1.409729,1.426602,1.425068,1.192288,1.192288,1.192288,1.192288
18.070065,1.428136,1.409729,1.426602,1.425068,1.151352,1.151352,1.151352,1.151352
18.080063,1.348369,1.329962,1.346835,1.345301,1.110212,1.110212,1.110212,1.110212
18.090059,1.348369,1.329962,1.346835,1.345301,1.068897,1.068897,1.068897,1.068897
18.100060,1.268602,1.251729,1.267068,1.264000,1.027376,1.027376,1.027376,1.027376
18.110060,1.268602,1.251729,1.267068,1.264000,0.985686,0.985686,0.985686,0.985686
18.120054,1.187301,1.168894,1.185767,1.179631,0.943851,0.943851,0.943851,0.943851
18.130060,1.187301,1.168894,1.185767,1.179631,0.901799,0.901799,0.901799,0.901799
18.140057,1.104466,1.087592,1.101398,1.093728,0.859638,0.859638,0.859638,0.859638
18.150059,1.104466,1.087592,1.101398,1.093728,0.817295,0.817295,0.817295,0.817295
18.160057,1.020097,1.001690,1.013961,1.009359,0.774835,0.774835,0.774835,0.774835
18.170057,1.020097,1.001690,1.013961,1.009359,0.732216,0.732216,0.732216,0.732216
18.180046,0.937262,0.918855,0.929592,0.928059,0.689528,0.689528,0.689528,0.689528
18.190060,0.937262,0.918855,0.929592,0.928059,0.646599,0.646599,0.646599,0.646599
18.200068,0.851359,0.839088,0.849826,0.846758,0.603585,0.603585,0.603585,0.603585
18.210066,0.851359,0.839088,0.849826,0.846758,0.560498,0.560498,0.560498,0.560498
18.220062,0.768524,0.757787,0.768524,0.759321,0.517309,0.517309,0.517309,0.517309
18.230066,0.768524,0.757787,0.768524,0.759321,0.473993,0.473993,0.473993,0.473993
18.240063,0.685690,0.674952,0.687223,0.676486,0.430619,0.430619,0.430619,0.430619
18.250061,0.685690,0.674952,0.687223,0.676486,0.387152,0.387152,0.387152,0.387152
18.260059,0.601321,0.585981,0.601321,0.592117,0.343612,0.343612,0.343612,0.343612
18.270061,0.601321,0.585981,0.601321,0.592117,0.299983,0.299983,0.299983,0.299983
18.280060,0.513884,0.498544,0.512350,0.503146,0.256299,0.256299,0.256299,0.256299
18.290060,0.513884,0.498544,0.512350,0.503146,0.212556,0.212556,0.212556,0.212556
18.300060,0.424913,0.412641,0.421845,0.412641,0.168757,0.168757,0.168757,0.168757
18.310066,0.424913,0.412641,0.421845,0.412641,0.124888,0.124888,0.124888,0.124888
18.320061,0.339010,0.325204,0.337476,0.328272,0.081040,0.081040,0.081040,0.081040
18.330063,0.339010,0.325204,0.337476,0.328272,0.037119,0.037119,0.037119,0.037119
18.340067,0.251573,0.237767,0.248505,0.239301,-0.006829,-0.006829,-0.006829,-0.006829
18.350067,0.251573,0.237767,0.248505,0.239301,-0.050775,-0.050775,-0.050775,-0.050775
18.360064,0.165670,0.150330,0.161068,0.151864,-0.094721,-0.094721,-0.094721,-0.094721
18.370066,0.165670,0.150330,0.161068,0.151864,-0.138686,-0.138686,-0.138686,-0.138686
18.380064,0.075165,0.064427,0.072097,0.062893,-0.182632,-0.182632,-0.182632,-0.182632
18.390072,0.075165,0.064427,0.072097,0.062893,-0.226612,-0.226612,-0.226612,-0.226612
18.400064,-0.012272,-0.027612,-0.015340,-0.026078,-0.270509,-0.270509,-0.270509,-0.270509
18.410067,-0.012272,-0.027612,-0.015340,-0.026078,-0.314413,-0.314413,-0.314413,-0.314413
18.420067,-0.102777,-0.124252,-0.102777,-0.124252,-0.358280,-0.358280,-0.358280,-0.358280
18.430067,-0.102777,-0.124252,-0.102777,-0.124252,-0.402111,-0.402111,-0.402111,-0.402111
18.440063,-0.188680,-0.210155,-0.191748,-0.211689,-0.445881,-0.445881,-0.445881,-0.445881
18.450062,-0.188680,-0.210155,-0.191748,-0.211689,-0.489605,-0.489605,-0.489605,-0.489605
18.460062,-0.277651,-0.296058,-0.277651,-0.297592,-0.533274,-0.533274,-0.533274,-0.533274
18.470064,-0.277651,-0.296058,-0.277651,-0.297592,-0.576883,-0.576883,-0.576883,-0.576883
18.480062,-0.365087,-0.380427,-0.365087,-0.385029,-0.620399,-0.620399,-0.620399,-0.620399
18.490067,-0.365087,-0.380427,-0.365087,-0.385029,-0.663861,-0.663861,-0.663861,-0.663861
18.500063,-0.452524,-0.466330,-0.454058,-0.472466,-0.707204,-0.707204,-0.707204,-0.707204
18.510063,-0.452524,-0.466330,-0.454058,-0.472466,-0.750464,-0.750464,-0.750464,-0.750464
18.520071,-0.544563,-0.549165,-0.538427,-0.561437,-0.793658,-0.793658,-0.793658,-0.793658
18.530066,-0.544563,-0.549165,-0.538427,-0.561437,-0.836684,-0.836684,-0.836684,-0.836684
18.540066,-0.633534,-0.636602,-0.622796,-0.650408,-0.879612,-0.879612,-0.879612,-0.879612
18.550068,-0.633534,-0.636602,-0.622796,-0.650408,-0.922428,-0.922428,-0.922428,-0.922428
18.560064,-0.716369,-0.720971,-0.711767,-0.737845,-0.965093,-0.965093,-0.965093,-0.965093
18.570063,-0.716369,-0.720971,-0.711767,-0.737845,-1.007628,-1.007628,-1.007628,-1.007628
18.580065,-0.799204,-0.803806,-0.797670,-0.819146,-1.050028,-1.050028,-1.050028,-1.050028
18.590065,-0.799204,-0.803806,-0.797670,-0.819146,-1.092273,-1.092273,-1.092273,-1.092273
18.600065,-0.888175,-0.885107,-0.888175,-0.901981,-1.134358,-1.134358,-1.134358,-1.134358
18.610065,-0.888175,-0.885107,-0.888175,-0.901981,-1.176278,-1.176278,-1.176278,-1.176278
18.620064,-0.974078,-0.960272,-0.969476,-0.986350,-1.218013,-1.218013,-1.218013,-1.218013
18.630066,-0.974078,-0.960272,-0.969476,-0.986350,-1.259586,-1.259586,-1.259586,-1.259586
18.640066,-1.055379,-1.038505,-1.050777,-1.067651,-1.300970,-1.300970,-1.300970,-1.300970
18.650064,-1.055379,-1.038505,-1.050777,-1.067651,-1.342145,-1.342145,-1.342145,-1.342145
18.660063,-1.133612,-1.124408,-1.135146,-1.144350,-1.383129,-1.383129,-1.383129,-1.383129
18.670065,-1.133612,-1.124408,-1.135146,-1.144350,-1.423910,-1.423910,-1.423910,-1.423910
18.680019,-1.214913,-1.205709,-1.217981,-1.227185,-1.464288,-1.464288,-1.464288,-1.464288
18.690067,-1.214913,-1.205709,-1.217981,-1.227185,-1.504826,-1.504826,-1.504826,-1.504826
18.700066,-1.297748,-1.288544,-1.300816,-1.310020,-1.544933,-1.544933,-1.544933,-1.544933
18.710066,-1.297748,-1.288544,-1.300816,-1.310020,-1.584815,-1.584815,-1.584815,-1.584815
18.720064,-1.379049,-1.371379,-1.383651,-1.391321,-1.624447,-1.624447,-1.624447,-1.624447
18.730068,-1.379049,-1.371379,-1.383651,-1.391321,-1.663855,-1.663855,-1.663855,-1.663855
18.740063,-1.461884,-1.454214,-1.464952,-1.475690,-1.702972,-1.702972,-1.702972,-1.702972
18.750061,-1.461884,-1.454214,-1.464952,-1.475690,-1.741836,-1.741836,-1.741836,-1.741836
18.760059,-1.544719,-1.538583,-1.546253,-1.563127,-1.780436,-1.780436,-1.780436,-1.780436
18.770060,-1.544719,-1.538583,-1.546253,-1.563127,-1.818767,-1.818767,-1.818767,-1.818767
18.780064,-1.627554,-1.622952,-1.630622,-1.647496,-1.856833,-1.856833,-1.856833,-1.856833
18.790062,-1.627554,-1.622952,-1.630622,-1.647496,-1.894588,-1.894588,-1.894588,-1.894588
18.800062,-1.707321,-1.701185,-1.708855,-1.722661,-1.932059,-1.932059,-1.932059,-1.932059
18.810064,-1.707321,-1.701185,-1.708855,-1.722661,-1.969230,-1.969230,-1.969230,-1.969230
18.820061,-1.784020,-1.777884,-1.784020,-1.799360,-2.006080,-2.006080,-2.006080,-2.006080
18.830065,-1.784020,-1.777884,-1.784020,-1.799360,-2.042639,-2.042639,-2.042639,-2.042639
18.840069,-1.860719,-1.853049,-1.862253,-1.874525,-2.078877,-2.078877,-2.078877,-2.078877
18.850067,-1.860719,-1.853049,-1.862253,-1.874525,-2.114768,-2.114768,-2.114768,-2.114768
18.860067,-1.934350,-1.932816,-1.937418,-1.948156,-2.150331,-2.150331,-2.150331,-2.150331
18.870064,-1.934350,-1.932816,-1.937418,-1.948156,-2.185549,-2.185549,-2.185549,-2.185549
18.880064,-2.009515,-2.004913,-2.011049,-2.023321,-2.220426,-2.220426,-2.220426,-2.220426
18.890057,-2.009515,-2.004913,-2.011049,-2.023321,-2.254930,-2.254930,-2.254930,-2.254930
18.900063,-2.080078,-2.078544,-2.083146,-2.090816,-2.289123,-2.289123,-2.289123,-2.289123
18.910057,-2.080078,-2.078544,-2.083146,-2.090816,-2.322917,-2.322917,-2.322917,-2.322917
18.920055,-2.150641,-2.147573,-2.153709,-2.161379,-2.356349,-2.356349,-2.356349,-2.356349
18.930059,-2.150641,-2.147573,-2.153709,-2.161379,-2.389425,-2.389425,-2.389425,-2.389425
18.940060,-2.221205,-2.215069,-2.221205,-2.233476,-2.422101,-2.422101,-2.422101,-2.422101
18.950064,-2.221205,-2.215069,-2.221205,-2.233476,-2.454411,-2.454411,-2.454411,-2.454411
18.960068,-2.290234,-2.287166,-2.291768,-2.304039,-2.486321,-2.486321,-2.486321,-2.486321
18.970064,-2.290234,-2.287166,-2.291768,-2.304039,-2.517811,-2.517811,-2.517811,-2.517811
18.980061,-2.359263,-2.354661,-2.354661,-2.368467,-2.548895,-2.548895,-2.548895,-2.548895
18.990067,-2.359263,-2.354661,-2.354661,-2.368467,-2.579597,-2.579597,-2.579597,-2.579597
19.000067,-2.422156,-2.420622,-2.417554,-2.432894,-2.609868,-2.609868,-2.609868,-2.609868
19.010067,-2.422156,-2.420622,-2.417554,-2.432894,-2.639716,-2.639716,-2.639716,-2.639716
19.020061,-2.491185,-2.481981,-2.483515,-2.498855,-2.669126,-2.669126,-2.669126,-2.669126
19.030064,-2.491185,-2.481981,-2.483515,-2.498855,-2.698115,-2.698115,-2.698115,-2.698115
19.040068,-2.552544,-2.544874,-2.544874,-2.561748,-2.726682,-2.726682,-2.726682,-2.726682
19.050068,-2.552544,-2.544874,-2.544874,-2.561748,-2.754785,-2.754785,-2.754785,-2.754785
19.060064,-2.610836,-2.609302,-2.606234,-2.624641,-2.782436,-2.782436,-2.782436,-2.782436
19.070066,-2.610836,-2.609302,-2.606234,-2.624641,-2.809645,-2.809645,-2.809645,-2.809645
19.080067,-2.667593,-2.667593,-2.667593,-2.684467,-2.836391,-2.836391,-2.836391,-2.836391
19.090063,-2.667593,-2.667593,-2.667593,-2.684467,-2.862668,-2.862668,-2.862668,-2.862668
19.100060,-2.725884,-2.724350,-2.724350,-2.738156,-2.888471,-2.888471,-2.888471,-2.888471
19.110062,-2.725884,-2.724350,-2.724350,-2.738156,-2.913817,-2.913817,-2.913817,-2.913817
19.120060,-2.784175,-2.779574,-2.781108,-2.793379,-2.938676,-2.938676,-2.938676,-2.938676
19.130058,-2.784175,-2.779574,-2.781108,-2.793379,-2.963054,-2.963054,-2.963054,-2.963054
19.140057,-2.839399,-2.833263,-2.834797,-2.847069,-2.986943,-2.986943,-2.986943,-2.986943
19.150061,-2.839399,-2.833263,-2.834797,-2.847069,-3.010351,-3.010351,-3.010351,-3.010351
19.160069,-2.890020,-2.886952,-2.883884,-2.897690,-3.033269,-3.033269,-3.033269,-3.033269
19.170067,-2.890020,-2.886952,-2.883884,-2.897690,-3.055667,-3.055667,-3.055667,-3.055667
19.180065,-2.939108,-2.936040,-2.936040,-2.948312,-3.077557,-3.077557,-3.077557,-3.077557
19.190065,-2.939108,-2.936040,-2.936040,-2.948312,-3.098944,-3.098944,-3.098944,-3.098944
19.200066,-2.986661,-2.983593,-2.985127,-2.997399,-3.119817,-3.119817,-3.119817,-3.119817
19.210066,-2.986661,-2.983593,-2.985127,-2.997399,-3.140168,-3.140168,-3.140168,-3.140168
19.220066,-3.034214,-3.032681,-3.028079,-3.043418,-3.159997,-3.159997,-3.159997,-3.159997
19.230064,-3.034214,-3.032681,-3.028079,-3.043418,-3.179299,-3.179299,-3.179299,-3.179299
19.240067,-3.078700,-3.078700,-3.072564,-3.089438,-3.198076,-3.198076,-3.198076,-3.198076
19.250067,-3.078700,-3.078700,-3.072564,-3.089438,-3.216315,-3.216315,-3.216315,-3.216315
19.260065,-3.121651,-3.120117,-3.115515,-3.129321,-3.234013,-3.234013,-3.234013,-3.234013
19.270065,-3.121651,-3.120117,-3.115515,-3.129321,-3.251172,-3.251172,-3.251172,-3.251172
19.280062,-3.155399,-3.155399,-3.155399,-3.163069,-3.267781,-3.267781,-3.267781,-3.267781
19.290064,-3.155399,-3.155399,-3.155399,-3.163069,-3.283848,-3.283848,-3.283848,-3.283848
19.300062,-3.183011,-3.186079,-3.187613,-3.195282,-3.299360,-3.299360,-3.299360,-3.299360
19.310068,-3.183011,-3.186079,-3.187613,-3.195282,-3.314326,-3.314326,-3.314326,-3.314326
19.320063,-3.218292,-3.216758,-3.222894,-3.227496,-3.328718,-3.328718,-3.328718,-3.328718
19.330063,-3.218292,-3.216758,-3.222894,-3.227496,-3.342557,-3.342557,-3.342557,-3.342557
19.340063,-3.258176,-3.248972,-3.258176,-3.261244,-3.355830,-3.355830,-3.355830,-3.355830
19.350056,-3.258176,-3.248972,-3.258176,-3.261244,-3.368525,-3.368525,-3.368525,-3.368525
19.360056,-3.294991,-3.279651,-3.290389,-3.291923,-3.380661,-3.380661,-3.380661,-3.380661
19.370064,-3.294991,-3.279651,-3.290389,-3.291923,-3.392232,-3.392232,-3.392232,-3.392232
19.380062,-3.322603,-3.307263,-3.318001,-3.319535,-3.403215,-3.403215,-3.403215,-3.403215
19.390068,-3.322603,-3.307263,-3.318001,-3.319535,-3.413629,-3.413629,-3.413629,-3.413629
19.400061,-3.348680,-3.333341,-3.342545,-3.345613,-3.423447,-3.423447,-3.423447,-3.423447
19.410059,-3.348680,-3.333341,-3.342545,-3.345613,-3.432688,-3.432688,-3.432688,-3.432688
19.420061,-3.370156,-3.359418,-3.364020,-3.367088,-3.441348,-3.441348,-3.441348,-3.441348
19.430058,-3.370156,-3.359418,-3.364020,-3.367088,-3.449414,-3.449414,-3.449414,-3.449414
19.440058,-3.391632,-3.383962,-3.383962,-3.388564,-3.456893,-3.456893,-3.456893,-3.456893
19.450058,-3.391632,-3.383962,-3.383962,-3.388564,-3.463781,-3.463781,-3.463781,-3.463781
19.460066,-3.408506,-3.403904,-3.402370,-3.414642,-3.470079,-3.470079,-3.470079,-3.470079
19.470078,-3.408506,-3.403904,-3.402370,-3.414642,-3.475782,-3.475782,-3.475782,-3.475782
19.480066,-3.426913,-3.420778,-3.422312,-3.433049,-3.480877,-3.480877,-3.480877,-3.480877
19.490059,-3.426913,-3.420778,-3.422312,-3.433049,-3.485374,-3.485374,-3.485374,-3.485374
19.500061,-3.440719,-3.434583,-3.436117,-3.445321,-3.489276,-3.489276,-3.489276,-3.489276
19.510063,-3.440719,-3.434583,-3.436117,-3.445321,-3.492575,-3.492575,-3.492575,-3.492575
19.520063,-3.454525,-3.445321,-3.445321,-3.452991,-3.495271,-3.495271,-3.495271,-3.495271
19.530064,-3.454525,-3.445321,-3.445321,-3.452991,-3.497362,-3.497362,-3.497362,-3.497362
19.540064,-3.462195,-3.454525,-3.457593,-3.462195,-3.498848,-3.498848,-3.498848,-3.498848
19.550064,-3.462195,-3.454525,-3.457593,-3.462195,-3.499727,-3.499727,-3.499727,-3.499727
19.560066,-3.466797,-3.462195,-3.463729,-3.469865,-3.499999,-3.499999,-3.499999,-3.499999
19.570066,-3.466797,-3.462195,-3.463729,-3.469865,-3.499663,-3.499663,-3.499663,-3.499663
19.580063,-3.469865,-3.466797,-3.463729,-3.474467,-3.498718,-3.498718,-3.498718,-3.498718
19.590059,-3.469865,-3.466797,-3.463729,-3.474467,-3.497165,-3.497165,-3.497165,-3.497165
19.600060,-3.472933,-3.471399,-3.463729,-3.474467,-3.495001,-3.495001,-3.495001,-3.495001
19.610062,-3.472933,-3.471399,-3.463729,-3.474467,-3.492227,-3.492227,-3.492227,-3.492227
19.620058,-3.472933,-3.471399,-3.463729,-3.474467,-3.488844,-3.488844,-3.488844,-3.488844
19.630064,-3.472933,-3.471399,-3.463729,-3.474467,-3.484847,-3.484847,-3.484847,-3.484847
19.640055,-3.474467,-3.471399,-3.463729,-3.474467,-3.480246,-3.480246,-3.480246,-3.480246
19.650059,-3.474467,-3.471399,-3.463729,-3.474467,-3.475029,-3.475029,-3.475029,-3.475029
19.660057,-3.474467,-3.471399,-3.463729,-3.474467,-3.469203,-3.469203,-3.469203,-3.469203
19.670059,-3.474467,-3.471399,-3.463729,-3.474467,-3.462767,-3.462767,-3.462767,-3.462767
19.680069,-3.474467,-3.471399,-3.463729,-3.474467,-3.455714,-3.455714,-3.455714,-3.455714
19.690062,-3.474467,-3.471399,-3.463729,-3.474467,-3.448065,-3.448065,-3.448065,-3.448065
19.700062,-3.472933,-3.469865,-3.463729,-3.472933,-3.439801,-3.439801,-3.439801,-3.439801
19.710066,-3.472933,-3.469865,-3.463729,-3.472933,-3.430926,-3.430926,-3.430926,-3.430926
19.720060,-3.472933,-3.468331,-3.462195,-3.472933,-3.421452,-3.421452,-3.421452,-3.421452
19.730066,-3.472933,-3.468331,-3.462195,-3.472933,-3.411364,-3.411364,-3.411364,-3.411364
19.740068,-3.468331,-3.456059,-3.462195,-3.459127,-3.400671,-3.400671,-3.400671,-3.400671
19.750065,-3.468331,-3.456059,-3.462195,-3.459127,-3.389383,-3.389383,-3.389383,-3.389383
19.760057,-3.449923,-3.439185,-3.456059,-3.440719,-3.377496,-3.377496,-3.377496,-3.377496
19.770067,-3.449923,-3.439185,-3.456059,-3.440719,-3.364988,-3.364988,-3.364988,-3.364988
19.780056,-3.429981,-3.419244,-3.436117,-3.420778,-3.351906,-3.351906,-3.351906,-3.351906
19.790064,-3.429981,-3.419244,-3.436117,-3.420778,-3.338202,-3.338202,-3.338202,-3.338202
19.800058,-3.408506,-3.397768,-3.416176,-3.403904,-3.323920,-3.323920,-3.323920,-3.323920
19.810066,-3.408506,-3.397768,-3.416176,-3.403904,-3.309026,-3.309026,-3.309026,-3.309026
19.820061,-3.383962,-3.373224,-3.393166,-3.379360,-3.293555,-3.293555,-3.293555,-3.293555
19.830063,-3.383962,-3.373224,-3.393166,-3.379360,-3.277484,-3.277484,-3.277484,-3.277484
19.840067,-3.359418,-3.347147,-3.367088,-3.348680,-3.260823,-3.260823,-3.260823,-3.260823
19.850065,-3.359418,-3.347147,-3.367088,-3.348680,-3.243583,-3.243583,-3.243583,-3.243583
19.860056,-3.331807,-3.318001,-3.339477,-3.318001,-3.225774,-3.225774,-3.225774,-3.225774
19.870068,-3.331807,-3.318001,-3.339477,-3.318001,-3.207347,-3.207347,-3.207347,-3.207347
19.880066,-3.301127,-3.287321,-3.307263,-3.288855,-3.188363,-3.188363,-3.188363,-3.188363
19.890062,-3.301127,-3.287321,-3.307263,-3.288855,-3.168807,-3.168807,-3.168807,-3.168807
19.900064,-3.264312,-3.253574,-3.276583,-3.256642,-3.148670,-3.148670,-3.148670,-3.148670
19.910065,-3.264312,-3.253574,-3.276583,-3.256642,-3.127963,-3.127963,-3.127963,-3.127963
19.920042,-3.227496,-3.219826,-3.244370,-3.222894,-3.106741,-3.106741,-3.106741,-3.106741
19.930065,-3.227496,-3.219826,-3.244370,-3.222894,-3.084853,-3.084853,-3.084853,-3.084853
19.940063,-3.189147,-3.187613,-3.209088,-3.190681,-3.062459,-3.062459,-3.062459,-3.062459
19.950066,-3.189147,-3.187613,-3.209088,-3.190681,-3.039500,-3.039500,-3.039500,-3.039500
19.960064,-3.155399,-3.155399,-3.169205,-3.156933,-3.015998,-3.015998,-3.015998,-3.015998
19.970068,-3.155399,-3.155399,-3.169205,-3.156933,-2.991926,-2.991926,-2.991926,-2.991926
19.980064,-3.115515,-3.115515,-3.121651,-3.113981,-2.967330,-2.967330,-2.967330,-2.967330
19.990063,-3.115515,-3.115515,-3.121651,-3.113981,-2.942186,-2.942186,-2.942186,-2.942186
20.000029,-3.069496,-3.067962,-3.075632,-3.067962,-2.916583,-2.916583,-2.916583,-2.916583
20.010059,-3.069496,-3.067962,-3.075632,-3.067962,-2.890282,-2.890282,-2.890282,-2.890282
20.020060,-3.020409,-3.018875,-3.031147,-3.020409,-2.863531,-2.863531,-2.863531,-2.863531
20.030054,-3.020409,-3.018875,-3.031147,-3.020409,-2.836260,-2.836260,-2.836260,-2.836260
20.040060,-2.971321,-2.969787,-2.980525,-2.969787,-2.808440,-2.808440,-2.808440,-2.808440
20.050060,-2.971321,-2.969787,-2.980525,-2.969787,-2.780118,-2.780118,-2.780118,-2.780118
20.060059,-2.919166,-2.916098,-2.926836,-2.919166,-2.751286,-2.751286,-2.751286,-2.751286
20.070059,-2.919166,-2.916098,-2.926836,-2.919166,-2.721941,-2.721941,-2.721941,-2.721941
20.080057,-2.863943,-2.860875,-2.871613,-2.865477,-2.692101,-2.692101,-2.692101,-2.692101
20.090059,-2.863943,-2.860875,-2.871613,-2.865477,-2.661746,-2.661746,-2.661746,-2.661746
20.100056,-2.810253,-2.807185,-2.816389,-2.808719,-2.630914,-2.630914,-2.630914,-2.630914
20.110060,-2.810253,-2.807185,-2.816389,-2.808719,-2.599567,-2.599567,-2.599567,-2.599567
20.120026,-2.751962,-2.745826,-2.759632,-2.751962,-2.567861,-2.567861,-2.567861,-2.567861
20.130058,-2.751962,-2.745826,-2.759632,-2.751962,-2.535457,-2.535457,-2.535457,-2.535457
20.140055,-2.692137,-2.687535,-2.699806,-2.693671,-2.502697,-2.502697,-2.502697,-2.502697
20.150059,-2.692137,-2.687535,-2.699806,-2.693671,-2.469446,-2.469446,-2.469446,-2.469446
20.160059,-2.630777,-2.626175,-2.636913,-2.629243,-2.435745,-2.435745,-2.435745,-2.435745
20.170061,-2.630777,-2.626175,-2.636913,-2.629243,-2.401576,-2.401576,-2.401576,-2.401576
20.180059,-2.566350,-2.557146,-2.572486,-2.566350,-2.366970,-2.366970,-2.366970,-2.366970
20.190060,-2.566350,-2.557146,-2.572486,-2.566350,-2.331916,-2.331916,-2.331916,-2.331916
20.200056,-2.500389,-2.491185,-2.506525,-2.498855,-2.296429,-2.296429,-2.296429,-2.296429
20.210058,-2.500389,-2.491185,-2.506525,-2.498855,-2.260491,-2.260491,-2.260491,-2.260491
20.220058,-2.431360,-2.423690,-2.435962,-2.431360,-2.224129,-2.224129,-2.224129,-2.224129
20.230061,-2.431360,-2.423690,-2.435962,-2.431360,-2.187340,-2.187340,-2.187340,-2.187340
20.240057,-2.360797,-2.356195,-2.368467,-2.362331,-2.150159,-2.150159,-2.150159,-2.150159
20.250061,-2.360797,-2.356195,-2.368467,-2.362331,-2.112536,-2.112536,-2.112536,-2.112536
20.260057,-2.290234,-2.282564,-2.294836,-2.291768,-2.074539,-2.074539,-2.074539,-2.074539
20.270060,-2.290234,-2.282564,-2.294836,-2.291768,-2.036122,-2.036122,-2.036122,-2.036122
20.280056,-2.216603,-2.207399,-2.221205,-2.216603,-1.997344,-1.997344,-1.997344,-1.997344
20.290045,-2.216603,-2.207399,-2.221205,-2.216603,-1.958206,-1.958206,-1.958206,-1.958206
20.300062,-2.138370,-2.133768,-2.146039,-2.138370,-1.918587,-1.918587,-1.918587,-1.918587
20.310062,-2.138370,-2.133768,-2.146039,-2.138370,-1.878659,-1.878659,-1.878659,-1.878659
20.320059,-2.063205,-2.058603,-2.069340,-2.060137,-1.838383,-1.838383,-1.838383,-1.838383
20.330061,-2.063205,-2.058603,-2.069340,-2.060137,-1.797733,-1.797733,-1.797733,-1.797733
20.340063,-1.988039,-1.981903,-1.989573,-1.984971,-1.756736,-1.756736,-1.756736,-1.756736
20.350058,-1.988039,-1.981903,-1.989573,-1.984971,-1.715427,-1.715427,-1.715427,-1.715427
20.360052,-1.906738,-1.899068,-1.908272,-1.906738,-1.673780,-1.673780,-1.673780,-1.673780
20.370064,-1.906738,-1.899068,-1.908272,-1.906738,-1.631743,-1.631743,-1.631743,-1.631743
20.380060,-1.825437,-1.817768,-1.830039,-1.825437,-1.589442,-1.589442,-1.589442,-1.589442
20.390064,-1.825437,-1.817768,-1.830039,-1.825437,-1.546799,-1.546799,-1.546799,-1.546799
20.400061,-1.744136,-1.736467,-1.751806,-1.747204,-1.503889,-1.503889,-1.503889,-1.503889
20.410069,-1.744136,-1.736467,-1.751806,-1.747204,-1.460629,-1.460629,-1.460629,-1.460629
20.420059,-1.661301,-1.653632,-1.667437,-1.662835,-1.417153,-1.417153,-1.417153,-1.417153
20.430063,-1.661301,-1.653632,-1.667437,-1.662835,-1.373340,-1.373340,-1.373340,-1.373340
20.440067,-1.575398,-1.570796,-1.581534,-1.580000,-1.329258,-1.329258,-1.329258,-1.329258
20.450068,-1.575398,-1.570796,-1.581534,-1.580000,-1.284926,-1.284926,-1.284926,-1.284926
20.460058,-1.489496,-1.486428,-1.491030,-1.495631,-1.240375,-1.240375,-1.240375,-1.240375
20.470066,-1.489496,-1.486428,-1.491030,-1.495631,-1.195500,-1.195500,-1.195500,-1.195500
20.480064,-1.409729,-1.402059,-1.405127,-1.408195,-1.150424,-1.150424,-1.150424,-1.150424
20.490070,-1.322292,-1.319224,-1.322292,-1.322292,-1.105079,-1.105079,-1.105079,-1.105079
20.500067,-1.322292,-1.319224,-1.322292,-1.322292,-1.059554,-1.059554,-1.059554,-1.059554
20.510065,-1.322292,-1.319224,-1.322292,-1.322292,-1.013808,-1.013808,-1.013808,-1.013808
20.520063,-1.230253,-1.231787,-1.236389,-1.234855,-0.967853,-0.967853,-0.967853,-0.967853
20.530031,-1.230253,-1.231787,-1.236389,-1.234855,-0.921835,-0.921835,-0.921835,-0.921835
20.540068,-1.136680,-1.139748,-1.141282,-1.145884,-0.875310,-0.875310,-0.875310,-0.875310
20.550066,-1.136680,-1.139748,-1.141282,-1.145884,-0.828783,-0.828783,-0.828783,-0.828783
20.560064,-1.044641,-1.049243,-1.049243,-1.052311,-0.782070,-0.782070,-0.782070,-0.782070
20.570063,-1.044641,-1.049243,-1.049243,-1.052311,-0.735203,-0.735203,-0.735203,-0.735203
20.580029,-0.951068,-0.961806,-0.955670,-0.961806,-0.688328,-0.688328,-0.688328,-0.688328
20.590067,-0.951068,-0.961806,-0.955670,-0.961806,-0.640963,-0.640963,-0.640963,-0.640963
20.600065,-0.855961,-0.868233,-0.859029,-0.865165,-0.593640,-0.593640,-0.593640,-0.593640
20.610065,-0.855961,-0.868233,-0.859029,-0.865165,-0.546189,-0.546189,-0.546189,-0.546189
20.620060,-0.760855,-0.771592,-0.762389,-0.765456,-0.498629,-0.498629,-0.498629,-0.498629
20.630060,-0.760855,-0.771592,-0.762389,-0.765456,-0.450942,-0.450942,-0.450942,-0.450942
20.640066,-0.670350,-0.674952,-0.667282,-0.670350,-0.403113,-0.403113,-0.403113,-0.403113
20.650064,-0.670350,-0.674952,-0.667282,-0.670350,-0.355230,-0.355230,-0.355230,-0.355230
20.660061,-0.573709,-0.581379,-0.573709,-0.579845,-0.307277,-0.307277,-0.307277,-0.307277
20.670067,-0.573709,-0.581379,-0.573709,-0.579845,-0.259191,-0.259191,-0.259191,-0.259191
20.680071,-0.480136,-0.489340,-0.483204,-0.484738,-0.211045,-0.211045,-0.211045,-0.211045
20.690067,-0.480136,-0.489340,-0.483204,-0.484738,-0.162880,-0.162880,-0.162880,-0.162880
20.700064,-0.385029,-0.395767,-0.386563,-0.388097,-0.114664,-0.114664,-0.114664,-0.114664
20.710064,-0.385029,-0.395767,-0.386563,-0.388097,-0.066386,-0.066386,-0.066386,-0.066386
20.720062,-0.291456,-0.303728,-0.291456,-0.292990,-0.018091,-0.018091,-0.018091,-0.018091
20.730064,-0.291456,-0.303728,-0.291456,-0.292990,0.030246,0.030246,0.030246,0.030246
20.740057,-0.194816,-0.211689,-0.194816,-0.197884,0.078553,0.078553,0.078553,0.078553
20.750069,-0.194816,-0.211689,-0.194816,-0.197884,0.126959,0.126959,0.126959,0.126959
20.760061,-0.096641,-0.116583,-0.099709,-0.104311,0.175263,0.175263,0.175263,0.175263
20.770065,-0.096641,-0.116583,-0.099709,-0.104311,0.223610,0.223610,0.223610,0.223610
20.780058,-0.003068,-0.013806,-0.004602,0.006136,0.271881,0.271881,0.271881,0.271881
20.790066,-0.003068,-0.013806,-0.004602,0.006136,0.320183,0.320183,0.320183,0.320183
20.800068,0.093573,0.084369,0.092039,0.098175,0.368422,0.368422,0.368422,0.368422
20.810064,0.093573,0.084369,0.092039,0.098175,0.416588,0.416588,0.416588,0.416588
20.820066,0.188680,0.179476,0.187146,0.194816,0.464715,0.464715,0.464715,0.464715
20.830061,0.188680,0.179476,0.187146,0.194816,0.512733,0.512733,0.512733,0.512733
20.840061,0.282252,0.271515,0.282252,0.291456,0.560700,0.560700,0.560700,0.560700
20.850061,0.282252,0.271515,0.282252,0.291456,0.608584,0.608584,0.608584,0.608584
20.860065,0.378893,0.363553,0.374291,0.388097,0.656378,0.656378,0.656378,0.656378
20.870064,0.378893,0.363553,0.374291,0.388097,0.704051,0.704051,0.704051,0.704051
20.880062,0.477068,0.455592,0.467864,0.483204,0.751595,0.751595,0.751595,0.751595
20.890066,0.477068,0.455592,0.467864,0.483204,0.799047,0.799047,0.799047,0.799047
20.900064,0.572175,0.555301,0.561437,0.579845,0.846327,0.846327,0.846327,0.846327
20.910067,0.572175,0.555301,0.561437,0.579845,0.893493,0.893493,0.893493,0.893493
20.920063,0.662680,0.645806,0.658078,0.673418,0.940471,0.940471,0.940471,0.940471
20.930065,0.662680,0.645806,0.658078,0.673418,0.987312,0.987312,0.987312,0.987312
20.940069,0.757787,0.737845,0.756253,0.763923,1.033987,1.033987,1.033987,1.033987
20.950066,0.757787,0.737845,0.756253,0.763923,1.080452,1.080452,1.080452,1.080452
20.960064,0.852893,0.837554,0.849826,0.862097,1.126730,1.126730,1.126730,1.126730
20.970068,0.852893,0.837554,0.849826,0.862097,1.172830,1.172830,1.172830,1.172830
20.980066,0.949534,0.935728,0.951068,0.961806,1.218699,1.218699,1.218699,1.218699
20.990065,0.949534,0.935728,0.951068,0.961806,1.264357,1.264357,1.264357,1.264357
21.000059,1.043107,1.030835,1.046175,1.056913,1.309755,1.309755,1.309755,1.309755
21.010067,1.043107,1.030835,1.046175,1.056913,1.354988,1.354988,1.354988,1.354988
21.020061,1.136680,1.124408,1.139748,1.147418,1.399904,1.399904,1.399904,1.399904
21.030064,1.136680,1.124408,1.139748,1.147418,1.444603,1.444603,1.444603,1.444603
21.040064,1.228719,1.214913,1.231787,1.240991,1.489034,1.489034,1.489034,1.489034
21.050066,1.228719,1.214913,1.231787,1.240991,1.533198,1.533198,1.533198,1.533198
21.060036,1.325360,1.306952,1.320758,1.333030,1.576936,1.576936,1.576936,1.576936
21.070059,1.325360,1.306952,1.320758,1.333030,1.620614,1.620614,1.620614,1.620614
21.080057,1.414330,1.395923,1.411263,1.423534,1.663882,1.663882,1.663882,1.663882
21.090059,1.414330,1.395923,1.411263,1.423534,1.706861,1.706861,1.706861,1.706861
21.100058,1.498699,1.487962,1.497165,1.514039,1.749508,1.749508,1.749508,1.749508
21.110062,1.498699,1.487962,1.497165,1.514039,1.791845,1.791845,1.791845,1.791845
21.120062,1.584602,1.576932,1.586136,1.601476,1.833840,1.833840,1.833840,1.833840
21.130060,1.584602,1.576932,1.586136,1.601476,1.875479,1.875479,1.875479,1.875479
21.140059,1.673573,1.662835,1.673573,1.687379,1.916763,1.916763,1.916763,1.916763
21.150061,1.673573,1.662835,1.673573,1.687379,1.957703,1.957703,1.957703,1.957703
21.160027,1.761010,1.750272,1.761010,1.774816,1.998123,1.998123,1.998123,1.998123
21.170061,1.761010,1.750272,1.761010,1.774816,2.038450,2.038450,2.038450,2.038450
21.180061,1.845379,1.836175,1.842311,1.859185,2.078241,2.078241,2.078241,2.078241
21.190060,1.845379,1.836175,1.842311,1.859185,2.117637,2.117637,2.117637,2.117637
21.200026,1.925146,1.920544,1.926680,1.938952,2.156500,2.156500,2.156500,2.156500
21.210062,1.925146,1.920544,1.926680,1.938952,2.195234,2.195234,2.195234,2.195234
21.220062,2.004913,2.003379,2.007981,2.018719,2.233400,2.233400,2.233400,2.233400
21.230062,2.004913,2.003379,2.007981,2.018719,2.271137,2.271137,2.271137,2.271137
21.240042,2.084680,2.084680,2.087748,2.098486,2.308360,2.308360,2.308360,2.308360
21.250063,2.084680,2.084680,2.087748,2.098486,2.345298,2.345298,2.345298,2.345298
21.260065,2.161379,2.167515,2.164447,2.179787,2.381714,2.381714,2.381714,2.381714
21.270063,2.161379,2.167515,2.164447,2.179787,2.417653,2.417653,2.417653,2.417653
21.280062,2.238078,2.245748,2.241146,2.256486,2.453130,2.453130,2.453130,2.453130
21.290066,2.238078,2.245748,2.241146,2.256486,2.488147,2.488147,2.488147,2.488147
21.300064,2.313243,2.322447,2.314777,2.331651,2.522666,2.522666,2.522666,2.522666
21.310068,2.313243,2.322447,2.314777,2.331651,2.556708,2.556708,2.556708,2.556708
21.320061,2.388408,2.396078,2.386874,2.405282,2.590223,2.590223,2.590223,2.590223
21.330067,2.388408,2.396078,2.386874,2.405282,2.623272,2.623272,2.623272,2.623272
21.340069,2.457438,2.469709,2.454370,2.477379,2.655795,2.655795,2.655795,2.655795
21.350065,2.457438,2.469709,2.454370,2.477379,2.687787,2.687787,2.687787,2.687787
21.360065,2.526467,2.540272,2.523399,2.547942,2.719263,2.719263,2.719263,2.719263
21.370068,2.526467,2.540272,2.523399,2.547942,2.750205,2.750205,2.750205,2.750205
21.380064,2.593962,2.607768,2.590894,2.613904,2.780600,2.780600,2.780600,2.780600
21.390059,2.593962,2.607768,2.590894,2.613904,2.810433,2.810433,2.810433,2.810433
21.400061,2.658389,2.670661,2.655321,2.679865,2.839743,2.839743,2.839743,2.839743
21.410061,2.658389,2.670661,2.655321,2.679865,2.868484,2.868484,2.868484,2.868484
21.420065,2.722816,2.738156,2.722816,2.744292,2.896672,2.896672,2.896672,2.896672
21.430063,2.722816,2.738156,2.722816,2.744292,2.924270,2.924270,2.924270,2.924270
21.440058,2.784175,2.804117,2.784175,2.804117,2.951278,2.951278,2.951278,2.951278
21.450066,2.784175,2.804117,2.784175,2.804117,2.977740,2.977740,2.977740,2.977740
21.460066,2.842467,2.865477,2.844001,2.865477,3.003587,3.003587,3.003587,3.003587
21.470064,2.842467,2.865477,2.844001,2.865477,3.028833,3.028833,3.028833,3.028833
21.480061,2.896156,2.922234,2.899224,2.920700,3.053470,3.053470,3.053470,3.053470
21.490026,2.896156,2.922234,2.899224,2.920700,3.077428,3.077428,3.077428,3.077428
21.500011,2.951380,2.975923,2.952914,2.975923,3.100821,3.100821,3.100821,3.100821
21.510067,2.951380,2.975923,2.952914,2.975923,3.123750,3.123750,3.123750,3.123750
21.520063,3.002001,3.031147,3.005069,3.029613,3.145924,3.145924,3.145924,3.145924
21.530066,3.002001,3.031147,3.005069,3.029613,3.167478,3.167478,3.167478,3.167478
21.540066,3.054156,3.078700,3.051088,3.075632,3.188391,3.188391,3.188391,3.188391
21.550068,3.054156,3.078700,3.051088,3.075632,3.208667,3.208667,3.208667,3.208667
21.560066,3.098642,3.115515,3.094040,3.112448,3.228290,3.228290,3.228290,3.228290
21.570066,3.098642,3.115515,3.094040,3.112448,3.247269,3.247269,3.247269,3.247269
21.580065,3.136991,3.153865,3.138525,3.152331,3.265589,3.265589,3.265589,3.265589
21.590065,3.136991,3.153865,3.138525,3.152331,3.283252,3.283252,3.283252,3.283252
21.600065,3.178409,3.196816,3.181477,3.192214,3.300251,3.300251,3.300251,3.300251
21.610067,3.178409,3.196816,3.181477,3.192214,3.316584,3.316584,3.316584,3.316584
21.620062,3.216758,3.236700,3.218292,3.233632,3.332235,3.332235,3.332235,3.332235
21.630066,3.216758,3.236700,3.218292,3.233632,3.347222,3.347222,3.347222,3.347222
21.640062,3.253574,3.275049,3.252040,3.268914,3.361520,3.361520,3.361520,3.361520
21.650064,3.253574,3.275049,3.252040,3.268914,3.375142,3.375142,3.375142,3.375142
21.660065,3.285787,3.307263,3.287321,3.304195,3.388071,3.388071,3.388071,3.388071
21.670063,3.285787,3.307263,3.287321,3.304195,3.400310,3.400310,3.400310,3.400310
21.680067,3.316467,3.339477,3.318001,3.333341,3.411859,3.411859,3.411859,3.411859
21.690065,3.316467,3.339477,3.318001,3.333341,3.422704,3.422704,3.422704,3.422704
21.700064,3.341011,3.368622,3.348680,3.359418,3.432849,3.432849,3.432849,3.432849
21.710068,3.341011,3.368622,3.348680,3.359418,3.442296,3.442296,3.442296,3.442296
21.720062,3.364020,3.391632,3.374758,3.383962,3.451028,3.451028,3.451028,3.451028
21.730064,3.364020,3.391632,3.374758,3.383962,3.459057,3.459057,3.459057,3.459057
21.740017,3.382428,3.414642,3.397768,3.403904,3.466340,3.466340,3.466340,3.466340
21.750067,3.382428,3.414642,3.397768,3.403904,3.472977,3.472977,3.472977,3.472977
21.760065,3.400836,3.433049,3.414642,3.423846,3.478862,3.478862,3.478862,3.478862
21.770063,3.400836,3.433049,3.414642,3.423846,3.484029,3.484029,3.484029,3.484029
21.780064,3.417710,3.448389,3.431515,3.442253,3.488477,3.488477,3.488477,3.488477
21.790066,3.417710,3.448389,3.431515,3.442253,3.492204,3.492204,3.492204,3.492204
21.800068,3.434583,3.460661,3.446855,3.457593,3.495206,3.495206,3.495206,3.495206
21.810066,3.434583,3.460661,3.446855,3.457593,3.497482,3.497482,3.497482,3.497482
21.820065,3.443787,3.469865,3.456059,3.468331,3.499033,3.499033,3.499033,3.499033
21.830065,3.443787,3.469865,3.456059,3.468331,3.499856,3.499856,3.499856,3.499856
21.840063,3.449923,3.479069,3.463729,3.476001,3.499950,3.499950,3.499950,3.499950
21.850067,3.449923,3.479069,3.463729,3.476001,3.499314,3.499314,3.499314,3.499314
21.860062,3.451457,3.488273,3.469865,3.479069,3.497949,3.497949,3.497949,3.497949
21.870066,3.451457,3.488273,3.469865,3.479069,3.495852,3.495852,3.495852,3.495852
21.880062,3.451457,3.489807,3.472933,3.480603,3.493025,3.493025,3.493025,3.493025
21.890066,3.451457,3.489807,3.472933,3.480603,3.489465,3.489465,3.489465,3.489465
21.900059,3.451457,3.489807,3.472933,3.480603,3.485176,3.485176,3.485176,3.485176
21.910063,3.451457,3.489807,3.472933,3.480603,3.480152,3.480152,3.480152,3.480152
21.920057,3.451457,3.489807,3.472933,3.480603,3.474401,3.474401,3.474401,3.474401
21.930065,3.451457,3.489807,3.472933,3.480603,3.467911,3.467911,3.467911,3.467911
21.940065,3.451457,3.489807,3.472933,3.480603,3.460693,3.460693,3.460693,3.460693
21.950068,3.451457,3.489807,3.472933,3.480603,3.452745,3.452745,3.452745,3.452745
21.960064,3.451457,3.489807,3.472933,3.479069,3.444073,3.444073,3.444073,3.444073
21.970066,3.451457,3.489807,3.472933,3.479069,3.434667,3.434667,3.434667,3.434667
21.980061,3.451457,3.488273,3.471399,3.479069,3.424541,3.424541,3.424541,3.424541
21.990067,3.451457,3.488273,3.471399,3.479069,3.413678,3.413678,3.413678,3.413678
22.000065,3.449923,3.485205,3.471399,3.476001,3.402098,3.402098,3.402098,3.402098
22.010065,3.449923,3.485205,3.471399,3.476001,3.389792,3.389792,3.389792,3.389792
22.020061,3.448389,3.471399,3.465263,3.459127,3.376771,3.376771,3.376771,3.376771
22.030062,3.448389,3.471399,3.465263,3.459127,3.363025,3.363025,3.363025,3.363025
22.040064,3.436117,3.449923,3.446855,3.439185,3.348559,3.348559,3.348559,3.348559
22.050066,3.436117,3.449923,3.446855,3.439185,3.333379,3.333379,3.333379,3.333379
22.060068,3.411574,3.425380,3.422312,3.416176,3.317486,3.317486,3.317486,3.317486
22.070065,3.411574,3.425380,3.422312,3.416176,3.300892,3.300892,3.300892,3.300892
22.080067,3.383962,3.399302,3.396234,3.390098,3.283581,3.283581,3.283581,3.283581
22.090069,3.383962,3.399302,3.396234,3.390098,3.265564,3.265564,3.265564,3.265564
22.100061,3.359418,3.371690,3.365554,3.359418,3.246861,3.246861,3.246861,3.246861
22.110041,3.359418,3.371690,3.365554,3.359418,3.227491,3.227491,3.227491,3.227491
22.120062,3.325671,3.337943,3.334875,3.327205,3.207342,3.207342,3.207342,3.207342
22.130058,3.325671,3.337943,3.334875,3.327205,3.186551,3.186551,3.186551,3.186551
22.140059,3.291923,3.302661,3.298059,3.293457,3.165062,3.165062,3.165062,3.165062
22.150059,3.291923,3.302661,3.298059,3.293457,3.142889,3.142889,3.142889,3.142889
22.160057,3.255108,3.264312,3.261244,3.255108,3.120040,3.120040,3.120040,3.120040
22.170059,3.255108,3.264312,3.261244,3.255108,3.096508,3.096508,3.096508,3.096508
22.180058,3.215224,3.219826,3.219826,3.212156,3.072312,3.072312,3.072312,3.072312
22.190062,3.215224,3.219826,3.219826,3.212156,3.047435,3.047435,3.047435,3.047435
22.200060,3.170739,3.173807,3.176875,3.169205,3.021907,3.021907,3.021907,3.021907
22.210068,3.170739,3.173807,3.176875,3.169205,2.995693,2.995693,2.995693,2.995693
22.220045,3.127787,3.130855,3.132389,3.126253,2.968914,2.968914,2.968914,2.968914
22.230061,3.127787,3.130855,3.132389,3.126253,2.941377,2.941377,2.941377,2.941377
22.240057,3.086370,3.089438,3.083302,3.083302,2.913249,2.913249,2.913249,2.913249
22.250065,3.086370,3.089438,3.083302,3.083302,2.884452,2.884452,2.884452,2.884452
22.260059,3.029613,3.041884,3.031147,3.034214,2.855062,2.855062,2.855062,2.855062
22.270067,3.029613,3.041884,3.031147,3.034214,2.825007,2.825007,2.825007,2.825007
22.280062,2.971321,2.988195,2.978991,2.978991,2.794364,2.794364,2.794364,2.794364
22.290068,2.971321,2.988195,2.978991,2.978991,2.763078,2.763078,2.763078,2.763078
22.300064,2.916098,2.929904,2.925302,2.922234,2.731207,2.731207,2.731207,2.731207
22.310066,2.916098,2.929904,2.925302,2.922234,2.698713,2.698713,2.698713,2.698713
22.320065,2.854739,2.868545,2.863943,2.860875,2.665638,2.665638,2.665638,2.665638
22.330059,2.854739,2.868545,2.863943,2.860875,2.631984,2.631984,2.631984,2.631984
22.340059,2.796447,2.802583,2.801049,2.797981,2.597731,2.597731,2.597731,2.597731
22.350060,2.796447,2.802583,2.801049,2.797981,2.562894,2.562894,2.562894,2.562894
22.360062,2.732020,2.738156,2.736622,2.735088,2.527486,2.527486,2.527486,2.527486
22.370064,2.732020,2.738156,2.736622,2.735088,2.491511,2.491511,2.491511,2.491511
22.380056,2.664525,2.672195,2.670661,2.666059,2.455010,2.455010,2.455010,2.455010
22.390060,2.664525,2.672195,2.670661,2.666059,2.417929,2.417929,2.417929,2.417929
22.400057,2.595496,2.601632,2.597030,2.598564,2.380324,2.380324,2.380324,2.380324
22.410063,2.595496,2.601632,2.597030,2.598564,2.342156,2.342156,2.342156,2.342156
22.420059,2.526467,2.526467,2.526467,2.526467,2.303493,2.303493,2.303493,2.303493
22.430061,2.526467,2.526467,2.526467,2.526467,2.264293,2.264293,2.264293,2.264293
22.440058,2.452836,2.449768,2.454370,2.454370,2.224610,2.224610,2.224610,2.224610
22.450071,2.452836,2.449768,2.454370,2.454370,2.184350,2.184350,2.184350,2.184350
22.460060,2.376137,2.373069,2.377671,2.374603,2.143693,2.143693,2.143693,2.143693
22.470066,2.376137,2.373069,2.377671,2.374603,2.102484,2.102484,2.102484,2.102484
22.480064,2.297904,2.296370,2.299438,2.296370,2.060831,2.060831,2.060831,2.060831
22.490065,2.297904,2.296370,2.299438,2.296370,2.018696,2.018696,2.018696,2.018696
22.500061,2.216603,2.215069,2.218137,2.216603,1.976126,1.976126,1.976126,1.976126
22.510063,2.216603,2.215069,2.218137,2.216603,1.933073,1.933073,1.933073,1.933073
22.520060,2.136836,2.130700,2.135302,2.138370,1.889604,1.889604,1.889604,1.889604
22.530022,2.136836,2.130700,2.135302,2.138370,1.845854,1.845854,1.845854,1.845854
22.540060,2.052467,2.044797,2.049399,2.050933,1.801338,1.801338,1.801338,1.801338
22.550064,2.052467,2.044797,2.049399,2.050933,1.756570,1.756570,1.756570,1.756570
22.560061,1.965030,1.955826,1.965030,1.966564,1.711422,1.711422,1.711422,1.711422
22.570065,1.965030,1.955826,1.965030,1.966564,1.665843,1.665843,1.665843,1.665843
22.580065,1.877593,1.868389,1.877593,1.876059,1.619897,1.619897,1.619897,1.619897
22.590033,1.877593,1.868389,1.877593,1.876059,1.573730,1.573730,1.573730,1.573730
22.600063,1.787088,1.779418,1.788622,1.790156,1.526897,1.526897,1.526897,1.526897
22.610062,1.787088,1.779418,1.788622,1.790156,1.479857,1.479857,1.479857,1.479857
22.620064,1.696583,1.687379,1.695049,1.698117,1.432456,1.432456,1.432456,1.432456
22.630060,1.696583,1.687379,1.695049,1.698117,1.384746,1.384746,1.384746,1.384746
22.640057,1.606078,1.595340,1.604544,1.604544,1.336711,1.336711,1.336711,1.336711
22.650059,1.606078,1.595340,1.604544,1.604544,1.288329,1.288329,1.288329,1.288329
22.660057,1.507903,1.501767,1.510971,1.509437,1.239667,1.239667,1.239667,1.239667
22.670057,1.507903,1.501767,1.510971,1.509437,1.190689,1.190689,1.190689,1.190689
22.680058,1.415864,1.405127,1.414330,1.412796,1.141434,1.141434,1.141434,1.141434
22.690060,1.415864,1.405127,1.414330,1.412796,1.091889,1.091889,1.091889,1.091889
22.700062,1.325360,1.308486,1.317690,1.317690,1.042089,1.042089,1.042089,1.042089
22.710070,1.325360,1.308486,1.317690,1.317690,0.992004,0.992004,0.992004,0.992004
22.720020,1.230253,1.213379,1.222583,1.224117,0.941961,0.941961,0.941961,0.941961
22.730062,1.230253,1.213379,1.222583,1.224117,0.891227,0.891227,0.891227,0.891227
22.740065,1.132078,1.113670,1.122874,1.122874,0.840482,0.840482,0.840482,0.840482
22.750069,1.132078,1.113670,1.122874,1.122874,0.789516,0.789516,0.789516,0.789516
22.760065,1.029301,1.010893,1.023165,1.017029,0.738382,0.738382,0.738382,0.738382
22.770067,1.029301,1.010893,1.023165,1.017029,0.687047,0.687047,0.687047,0.687047
22.780067,0.929592,0.911185,0.926525,0.918855,0.635543,0.635543,0.635543,0.635543
22.790068,0.929592,0.911185,0.926525,0.918855,0.583871,0.583871,0.583871,0.583871
22.800062,0.828350,0.814544,0.829884,0.817612,0.532076,0.532076,0.532076,0.532076
22.810064,0.828350,0.814544,0.829884,0.817612,0.480105,0.480105,0.480105,0.480105
22.820065,0.727107,0.716369,0.730175,0.717903,0.428018,0.428018,0.428018,0.428018
22.830067,0.727107,0.716369,0.730175,0.717903,0.375800,0.375800,0.375800,0.375800
22.840036,0.625864,0.615126,0.632000,0.615126,0.323638,0.323638,0.323638,0.323638
22.850067,0.625864,0.615126,0.632000,0.615126,0.271077,0.271077,0.271077,0.271077
22.860058,0.524621,0.507748,0.518486,0.512350,0.218629,0.218629,0.218629,0.218629
22.870066,0.524621,0.507748,0.518486,0.512350,0.166037,0.166037,0.166037,0.166037
22.880066,0.417243,0.401903,0.409573,0.401903,0.113418,0.113418,0.113418,0.113418
22.890064,0.417243,0.401903,0.409573,0.401903,0.060759,0.060759,0.060759,0.060759
22.900066,0.309864,0.297592,0.306796,0.297592,0.008049,0.008049,0.008049,0.008049
22.910067,0.309864,0.297592,0.306796,0.297592,-0.044677,-0.044677,-0.044677,-0.044677
22.920065,0.208621,0.193282,0.200952,0.194816,-0.097403,-0.097403,-0.097403,-0.097403
22.930065,0.208621,0.193282,0.200952,0.194816,-0.150130,-0.150130,-0.150130,-0.150130
22.940065,0.102777,0.088971,0.095107,0.088971,-0.202851,-0.202851,-0.202851,-0.202851
22.950066,0.102777,0.088971,0.095107,0.088971,-0.255544,-0.255544,-0.255544,-0.255544
22.960068,-0.003068,-0.018408,-0.007670,-0.015340,-0.308211,-0.308211,-0.308211,-0.308211
22.970068,-0.003068,-0.018408,-0.007670,-0.015340,-0.360827,-0.360827,-0.360827,-0.360827
22.980061,-0.111981,-0.131922,-0.111981,-0.133456,-0.413334,-0.413334,-0.413334,-0.413334
22.990063,-0.111981,-0.131922,-0.111981,-0.133456,-0.465811,-0.465811,-0.465811,-0.465811
23.000055,-0.217825,-0.236233,-0.217825,-0.240835,-0.518165,-0.518165,-0.518165,-0.518165
23.010057,-0.217825,-0.236233,-0.217825,-0.240835,-0.570467,-0.570467,-0.570467,-0.570467
23.020058,-0.322136,-0.339010,-0.325204,-0.345146,-0.622650,-0.622650,-0.622650,-0.622650
23.030062,-0.322136,-0.339010,-0.325204,-0.345146,-0.674724,-0.674724,-0.674724,-0.674724
23.040058,-0.426447,-0.440253,-0.431049,-0.447922,-0.726626,-0.726626,-0.726626,-0.726626
23.050058,-0.426447,-0.440253,-0.431049,-0.447922,-0.778409,-0.778409,-0.778409,-0.778409
23.060061,-0.529223,-0.541495,-0.535359,-0.550699,-0.830041,-0.830041,-0.830041,-0.830041
23.070057,-0.529223,-0.541495,-0.535359,-0.550699,-0.881478,-0.881478,-0.881478,-0.881478
23.080059,-0.636602,-0.645806,-0.639670,-0.655010,-0.932751,-0.932751,-0.932751,-0.932751
23.090061,-0.636602,-0.645806,-0.639670,-0.655010,-0.983839,-0.983839,-0.983839,-0.983839
23.100058,-0.740913,-0.747049,-0.742447,-0.757787,-1.034684,-1.034684,-1.034684,-1.034684
23.110062,-0.740913,-0.747049,-0.742447,-0.757787,-1.085357,-1.085357,-1.085357,-1.085357
23.120056,-0.845224,-0.845224,-0.848292,-0.859029,-1.135751,-1.135751,-1.135751,-1.135751
23.130060,-0.948000,-0.940330,-0.948000,-0.957204,-1.185942,-1.185942,-1.185942,-1.185942
23.140059,-0.948000,-0.940330,-0.948000,-0.957204,-1.235863,-1.235863,-1.235863,-1.235863
23.150061,-0.948000,-0.940330,-0.948000,-0.957204,-1.285524,-1.285524,-1.285524,-1.285524
23.160059,-1.046175,-1.030835,-1.041573,-1.053845,-1.334898,-1.334898,-1.334898,-1.334898
23.170048,-1.046175,-1.030835,-1.041573,-1.053845,-1.383930,-1.383930,-1.383930,-1.383930
23.180059,-1.147418,-1.129010,-1.142816,-1.152020,-1.432783,-1.432783,-1.432783,-1.432783
23.190039,-1.147418,-1.129010,-1.142816,-1.152020,-1.481159,-1.481159,-1.481159,-1.481159
23.200062,-1.240991,-1.230253,-1.240991,-1.253263,-1.529414,-1.529414,-1.529414,-1.529414
23.210064,-1.240991,-1.230253,-1.240991,-1.253263,-1.577246,-1.577246,-1.577246,-1.577246
23.220064,-1.337631,-1.328428,-1.339165,-1.351437,-1.624714,-1.624714,-1.624714,-1.624714
23.230061,-1.337631,-1.328428,-1.339165,-1.351437,-1.671805,-1.671805,-1.671805,-1.671805
23.240063,-1.432738,-1.428136,-1.435806,-1.446544,-1.718549,-1.718549,-1.718549,-1.718549
23.250065,-1.432738,-1.428136,-1.435806,-1.446544,-1.764913,-1.764913,-1.764913,-1.764913
23.260065,-1.533981,-1.526311,-1.533981,-1.550855,-1.810883,-1.810883,-1.810883,-1.810883
23.270067,-1.533981,-1.526311,-1.533981,-1.550855,-1.856451,-1.856451,-1.856451,-1.856451
23.280069,-1.632156,-1.627554,-1.633690,-1.653632,-1.901594,-1.901594,-1.901594,-1.901594
23.290064,-1.632156,-1.627554,-1.633690,-1.653632,-1.946291,-1.946291,-1.946291,-1.946291
23.300064,-1.727263,-1.721127,-1.730331,-1.744136,-1.990565,-1.990565,-1.990565,-1.990565
23.310066,-1.727263,-1.721127,-1.730331,-1.744136,-2.034403,-2.034403,-2.034403,-2.034403
23.320066,-1.820835,-1.811632,-1.822369,-1.836175,-2.077777,-2.077777,-2.077777,-2.077777
23.330061,-1.820835,-1.811632,-1.822369,-1.836175,-2.120656,-2.120656,-2.120656,-2.120656
23.340061,-1.909806,-1.902136,-1.909806,-1.923612,-2.163070,-2.163070,-2.163070,-2.163070
23.350065,-1.909806,-1.902136,-1.909806,-1.923612,-2.205021,-2.205021,-2.205021,-2.205021
23.360064,-1.997243,-1.989573,-1.998777,-2.011049,-2.246435,-2.246435,-2.246435,-2.246435
23.370062,-1.997243,-1.989573,-1.998777,-2.011049,-2.287342,-2.287342,-2.287342,-2.287342
23.380062,-2.083146,-2.078544,-2.087748,-2.096952,-2.327733,-2.327733,-2.327733,-2.327733
23.390060,-2.083146,-2.078544,-2.087748,-2.096952,-2.367588,-2.367588,-2.367588,-2.367588
23.400042,-2.170583,-2.159845,-2.173651,-2.182855,-2.406828,-2.406828,-2.406828,-2.406828
23.410067,-2.170583,-2.159845,-2.173651,-2.182855,-2.445688,-2.445688,-2.445688,-2.445688
23.420063,-2.253418,-2.244214,-2.256486,-2.267224,-2.483876,-2.483876,-2.483876,-2.483876
23.430063,-2.253418,-2.244214,-2.256486,-2.267224,-2.521508,-2.521508,-2.521508,-2.521508
23.440060,-2.334719,-2.327049,-2.337787,-2.346991,-2.558540,-2.558540,-2.558540,-2.558540
23.450068,-2.334719,-2.327049,-2.337787,-2.346991,-2.595026,-2.595026,-2.595026,-2.595026
23.460062,-2.412952,-2.406816,-2.414486,-2.426758,-2.630864,-2.630864,-2.630864,-2.630864
23.470066,-2.412952,-2.406816,-2.414486,-2.426758,-2.666121,-2.666121,-2.666121,-2.666121
23.480061,-2.491185,-2.481981,-2.492719,-2.506525,-2.700728,-2.700728,-2.700728,-2.700728
23.490063,-2.491185,-2.481981,-2.492719,-2.506525,-2.734731,-2.734731,-2.734731,-2.734731
23.500061,-2.564816,-2.557146,-2.566350,-2.581690,-2.768093,-2.768093,-2.768093,-2.768093
23.510065,-2.564816,-2.557146,-2.566350,-2.581690,-2.800818,-2.800818,-2.800818,-2.800818
23.520063,-2.636913,-2.632311,-2.638447,-2.653787,-2.832876,-2.832876,-2.832876,-2.832876
23.530060,-2.636913,-2.632311,-2.638447,-2.653787,-2.864267,-2.864267,-2.864267,-2.864267
23.540058,-2.705942,-2.701340,-2.705942,-2.721282,-2.894992,-2.894992,-2.894992,-2.894992
23.550062,-2.705942,-2.701340,-2.705942,-2.721282,-2.925050,-2.925050,-2.925050,-2.925050
23.560059,-2.773438,-2.765768,-2.771904,-2.784175,-2.954403,-2.954403,-2.954403,-2.954403
23.570061,-2.773438,-2.765768,-2.771904,-2.784175,-2.983077,-2.983077,-2.983077,-2.983077
23.580063,-2.839399,-2.833263,-2.836331,-2.847069,-3.011049,-3.011049,-3.011049,-3.011049
23.590038,-2.839399,-2.833263,-2.836331,-2.847069,-3.038239,-3.038239,-3.038239,-3.038239
23.600058,-2.899224,-2.896156,-2.894622,-2.908428,-3.064828,-3.064828,-3.064828,-3.064828
23.610062,-2.899224,-2.896156,-2.894622,-2.908428,-3.090652,-3.090652,-3.090652,-3.090652
23.620058,-2.957515,-2.955981,-2.955981,-2.966719,-3.115727,-3.115727,-3.115727,-3.115727
23.630060,-2.957515,-2.955981,-2.955981,-2.966719,-3.140074,-3.140074,-3.140074,-3.140074
23.640059,-3.014273,-3.011205,-3.011205,-3.023477,-3.163670,-3.163670,-3.163670,-3.163670
23.650063,-3.014273,-3.011205,-3.011205,-3.023477,-3.186523,-3.186523,-3.186523,-3.186523
23.660059,-3.067962,-3.066428,-3.060292,-3.078700,-3.208605,-3.208605,-3.208605,-3.208605
23.670061,-3.067962,-3.066428,-3.060292,-3.078700,-3.229929,-3.229929,-3.229929,-3.229929
23.680061,-3.120117,-3.117049,-3.112448,-3.127787,-3.250481,-3.250481,-3.250481,-3.250481
23.690062,-3.120117,-3.117049,-3.112448,-3.127787,-3.270258,-3.270258,-3.270258,-3.270258
23.700056,-3.163069,-3.163069,-3.161535,-3.170739,-3.289243,-3.289243,-3.289243,-3.289243
23.710058,-3.163069,-3.163069,-3.161535,-3.170739,-3.307449,-3.307449,-3.307449,-3.307449
23.720057,-3.198350,-3.198350,-3.201418,-3.206020,-3.324859,-3.324859,-3.324859,-3.324859
23.730061,-3.198350,-3.198350,-3.201418,-3.206020,-3.341481,-3.341481,-3.341481,-3.341481
23.740059,-3.239768,-3.233632,-3.242836,-3.244370,-3.357287,-3.357287,-3.357287,-3.357287
23.750061,-3.239768,-3.233632,-3.242836,-3.244370,-3.372294,-3.372294,-3.372294,-3.372294
23.760057,-3.285787,-3.273515,-3.282719,-3.282719,-3.386479,-3.386479,-3.386479,-3.386479
23.770058,-3.285787,-3.273515,-3.282719,-3.282719,-3.399850,-3.399850,-3.399850,-3.399850
23.780058,-3.321069,-3.307263,-3.319535,-3.319535,-3.412401,-3.412401,-3.412401,-3.412401
23.790058,-3.321069,-3.307263,-3.319535,-3.319535,-3.424127,-3.424127,-3.424127,-3.424127
23.800058,-3.351748,-3.337943,-3.347147,-3.350214,-3.435022,-3.435022,-3.435022,-3.435022
23.810059,-3.351748,-3.337943,-3.347147,-3.350214,-3.445086,-3.445086,-3.445086,-3.445086
23.820061,-3.376292,-3.367088,-3.371690,-3.374758,-3.454314,-3.454314,-3.454314,-3.454314
23.830061,-3.376292,-3.367088,-3.371690,-3.374758,-3.462700,-3.462700,-3.462700,-3.462700
23.840057,-3.402370,-3.393166,-3.396234,-3.400836,-3.470242,-3.470242,-3.470242,-3.470242
23.850061,-3.402370,-3.393166,-3.396234,-3.400836,-3.476943,-3.476943,-3.476943,-3.476943
23.860056,-3.423846,-3.416176,-3.419244,-3.428447,-3.482789,-3.482789,-3.482789,-3.482789
23.870060,-3.423846,-3.416176,-3.419244,-3.428447,-3.487790,-3.487790,-3.487790,-3.487790
23.880058,-3.439185,-3.433049,-3.436117,-3.443787,-3.491936,-3.491936,-3.491936,-3.491936
23.890060,-3.439185,-3.433049,-3.436117,-3.443787,-3.495228,-3.495228,-3.495228,-3.495228
23.900059,-3.452991,-3.448389,-3.446855,-3.454525,-3.497661,-3.497661,-3.497661,-3.497661
23.910069,-3.452991,-3.448389,-3.446855,-3.454525,-3.499238,-3.499238,-3.499238,-3.499238
23.920061,-3.462195,-3.459127,-3.459127,-3.465263,-3.499953,-3.499953,-3.499953,-3.499953
23.930065,-3.462195,-3.459127,-3.459127,-3.465263,-3.499807,-3.499807,-3.499807,-3.499807
23.940033,-3.469865,-3.466797,-3.465263,-3.472933,-3.498804,-3.498804,-3.498804,-3.498804
23.950068,-3.469865,-3.466797,-3.465263,-3.472933,-3.496928,-3.496928,-3.496928,-3.496928
23.960060,-3.474467,-3.471399,-3.465263,-3.476001,-3.494195,-3.494195,-3.494195,-3.494195
23.970066,-3.474467,-3.471399,-3.465263,-3.476001,-3.490596,-3.490596,-3.490596,-3.490596
23.980064,-3.474467,-3.471399,-3.465263,-3.476001,-3.486134,-3.486134,-3.486134,-3.486134
23.990067,-3.474467,-3.471399,-3.465263,-3.476001,-3.480808,-3.480808,-3.480808,-3.480808
24.000065,-3.474467,-3.471399,-3.465263,-3.476001,-3.474619,-3.474619,-3.474619,-3.474619
24.010065,-3.474467,-3.471399,-3.465263,-3.476001,-3.467566,-3.467566,-3.467566,-3.467566
24.020058,-3.474467,-3.471399,-3.465263,-3.476001,-3.459656,-3.459656,-3.459656,-3.459656
24.030064,-3.474467,-3.471399,-3.465263,-3.476001,-3.450876,-3.450876,-3.450876,-3.450876
24.040060,-3.474467,-3.471399,-3.465263,-3.476001,-3.441242,-3.441242,-3.441242,-3.441242
24.050074,-3.474467,-3.471399,-3.465263,-3.476001,-3.430732,-3.430732,-3.430732,-3.430732
24.060062,-3.472933,-3.469865,-3.465263,-3.474467,-3.419390,-3.419390,-3.419390,-3.419390
24.070066,-3.472933,-3.469865,-3.465263,-3.474467,-3.407178,-3.407178,-3.407178,-3.407178
24.080065,-3.471399,-3.460661,-3.463729,-3.462195,-3.394118,-3.394118,-3.394118,-3.394118
24.090067,-3.471399,-3.460661,-3.463729,-3.462195,-3.380200,-3.380200,-3.380200,-3.380200
24.100063,-3.451457,-3.439185,-3.456059,-3.440719,-3.365444,-3.365444,-3.365444,-3.365444
24.110067,-3.451457,-3.439185,-3.456059,-3.440719,-3.349830,-3.349830,-3.349830,-3.349830
24.120058,-3.426913,-3.416176,-3.436117,-3.420778,-3.333392,-3.333392,-3.333392,-3.333392
24.130066,-3.426913,-3.416176,-3.436117,-3.420778,-3.316089,-3.316089,-3.316089,-3.316089
24.140062,-3.399302,-3.388564,-3.410040,-3.396234,-3.297964,-3.297964,-3.297964,-3.297964
24.150066,-3.399302,-3.388564,-3.410040,-3.396234,-3.278997,-3.278997,-3.278997,-3.278997
24.160065,-3.370156,-3.357884,-3.380894,-3.362486,-3.259207,-3.259207,-3.259207,-3.259207
24.170023,-3.370156,-3.357884,-3.380894,-3.362486,-3.238676,-3.238676,-3.238676,-3.238676
24.180065,-3.337943,-3.325671,-3.347147,-3.325671,-3.217150,-3.217150,-3.217150,-3.217150
24.190065,-3.337943,-3.325671,-3.347147,-3.325671,-3.194893,-3.194893,-3.194893,-3.194893
24.200054,-3.302661,-3.287321,-3.308797,-3.290389,-3.171852,-3.171852,-3.171852,-3.171852
24.210058,-3.302661,-3.287321,-3.308797,-3.290389,-3.147968,-3.147968,-3.147968,-3.147968
24.220060,-3.259710,-3.245904,-3.270447,-3.252040,-3.123285,-3.123285,-3.123285,-3.123285
24.230059,-3.259710,-3.245904,-3.270447,-3.252040,-3.097816,-3.097816,-3.097816,-3.097816
24.240063,-3.213690,-3.207554,-3.232098,-3.213690,-3.071538,-3.071538,-3.071538,-3.071538
24.250059,-3.213690,-3.207554,-3.232098,-3.213690,-3.044493,-3.044493,-3.044493,-3.044493
24.260059,-3.170739,-3.169205,-3.187613,-3.173807,-3.016662,-3.016662,-3.016662,-3.016662
24.270060,-3.170739,-3.169205,-3.187613,-3.173807,-2.988055,-2.988055,-2.988055,-2.988055
24.280056,-3.129321,-3.124719,-3.133923,-3.127787,-2.958690,-2.958690,-2.958690,-2.958690
24.290070,-3.129321,-3.124719,-3.133923,-3.127787,-2.928514,-2.928514,-2.928514,-2.928514
24.300064,-3.075632,-3.072564,-3.081768,-3.075632,-2.897640,-2.897640,-2.897640,-2.897640
24.310064,-3.075632,-3.072564,-3.081768,-3.075632,-2.866002,-2.866002,-2.866002,-2.866002
24.320024,-3.018875,-3.015807,-3.028079,-3.017341,-2.833755,-2.833755,-2.833755,-2.833755
24.330065,-3.018875,-3.015807,-3.028079,-3.017341,-2.800512,-2.800512,-2.800512,-2.800512
24.340065,-2.959049,-2.957515,-2.968253,-2.955981,-2.766678,-2.766678,-2.766678,-2.766678
24.350065,-2.959049,-2.957515,-2.968253,-2.955981,-2.732120,-2.732120,-2.732120,-2.732120
24.360062,-2.897690,-2.894622,-2.905360,-2.893088,-2.696869,-2.696869,-2.696869,-2.696869
24.370068,-2.897690,-2.894622,-2.905360,-2.893088,-2.660887,-2.660887,-2.660887,-2.660887
24.380064,-2.831729,-2.828661,-2.839399,-2.825593,-2.624239,-2.624239,-2.624239,-2.624239
24.390066,-2.831729,-2.828661,-2.839399,-2.825593,-2.586889,-2.586889,-2.586889,-2.586889
24.400066,-2.762700,-2.758098,-2.768836,-2.762700,-2.548866,-2.548866,-2.548866,-2.548866
24.410067,-2.762700,-2.758098,-2.768836,-2.762700,-2.510181,-2.510181,-2.510181,-2.510181
24.420065,-2.692137,-2.687535,-2.698272,-2.693671,-2.470840,-2.470840,-2.470840,-2.470840
24.430067,-2.692137,-2.687535,-2.698272,-2.693671,-2.430845,-2.430845,-2.430845,-2.430845
24.440063,-2.618505,-2.612370,-2.623107,-2.618505,-2.390225,-2.390225,-2.390225,-2.390225
24.450066,-2.618505,-2.612370,-2.623107,-2.618505,-2.348958,-2.348958,-2.348958,-2.348958
24.460062,-2.543340,-2.534137,-2.547942,-2.541806,-2.307088,-2.307088,-2.307088,-2.307088
24.470068,-2.543340,-2.534137,-2.547942,-2.541806,-2.264574,-2.264574,-2.264574,-2.264574
24.480066,-2.462039,-2.454370,-2.468175,-2.462039,-2.221497,-2.221497,-2.221497,-2.221497
24.490061,-2.462039,-2.454370,-2.468175,-2.462039,-2.177838,-2.177838,-2.177838,-2.177838
24.500055,-2.380738,-2.374603,-2.386874,-2.379205,-2.133603,-2.133603,-2.133603,-2.133603
24.510059,-2.380738,-2.374603,-2.386874,-2.379205,-2.088763,-2.088763,-2.088763,-2.088763
24.520056,-2.296370,-2.291768,-2.302505,-2.297904,-2.043397,-2.043397,-2.043397,-2.043397
24.530058,-2.296370,-2.291768,-2.302505,-2.297904,-1.997459,-1.997459,-1.997459,-1.997459
24.540056,-2.208933,-2.202797,-2.215069,-2.210467,-1.951011,-1.951011,-1.951011,-1.951011
24.550060,-2.208933,-2.202797,-2.215069,-2.210467,-1.904010,-1.904010,-1.904010,-1.904010
24.560057,-2.118428,-2.112292,-2.123030,-2.121496,-1.856529,-1.856529,-1.856529,-1.856529
24.570057,-2.118428,-2.112292,-2.123030,-2.121496,-1.808533,-1.808533,-1.808533,-1.808533
24.580057,-2.029457,-2.023321,-2.035593,-2.027923,-1.760044,-1.760044,-1.760044,-1.760044
24.590063,-2.029457,-2.023321,-2.035593,-2.027923,-1.711056,-1.711056,-1.711056,-1.711056
24.600058,-1.935884,-1.929748,-1.943554,-1.938952,-1.661663,-1.661663,-1.661663,-1.661663
24.610060,-1.935884,-1.929748,-1.943554,-1.938952,-1.611778,-1.611778,-1.611778,-1.611778
24.620060,-1.840777,-1.833107,-1.846913,-1.845379,-1.561463,-1.561463,-1.561463,-1.561463
24.630068,-1.840777,-1.833107,-1.846913,-1.845379,-1.510680,-1.510680,-1.510680,-1.510680
24.640060,-1.741068,-1.734933,-1.750272,-1.747204,-1.459563,-1.459563,-1.459563,-1.459563
24.650055,-1.741068,-1.734933,-1.750272,-1.747204,-1.408035,-1.408035,-1.408035,-1.408035
24.660063,-1.644428,-1.636758,-1.642894,-1.645962,-1.356053,-1.356053,-1.356053,-1.356053
24.670063,-1.644428,-1.636758,-1.642894,-1.645962,-1.303732,-1.303732,-1.303732,-1.303732
24.680063,-1.541651,-1.535515,-1.541651,-1.546253,-1.251055,-1.251055,-1.251055,-1.251055
24.690067,-1.541651,-1.535515,-1.541651,-1.546253,-1.198009,-1.198009,-1.198009,-1.198009
24.700064,-1.435806,-1.438874,-1.440408,-1.445010,-1.144664,-1.144664,-1.144664,-1.144664
24.710064,-1.435806,-1.438874,-1.440408,-1.445010,-1.090978,-1.090978,-1.090978,-1.090978
24.720066,-1.339165,-1.342233,-1.340699,-1.342233,-1.036977,-1.036977,-1.036977,-1.036977
24.730066,-1.339165,-1.342233,-1.340699,-1.342233,-0.982695,-0.982695,-0.982695,-0.982695
24.740063,-1.234855,-1.237923,-1.240991,-1.239457,-0.928147,-0.928147,-0.928147,-0.928147
24.750065,-1.234855,-1.237923,-1.240991,-1.239457,-0.873304,-0.873304,-0.873304,-0.873304
24.760067,-1.130544,-1.129010,-1.130544,-1.130544,-0.818216,-0.818216,-0.818216,-0.818216
24.770065,-1.130544,-1.129010,-1.130544,-1.130544,-0.762901,-0.762901,-0.762901,-0.762901
24.780064,-1.020097,-1.023165,-1.020097,-1.023165,-0.707368,-0.707368,-0.707368,-0.707368
24.790066,-1.020097,-1.023165,-1.020097,-1.023165,-0.651606,-0.651606,-0.651606,-0.651606
24.800066,-0.906583,-0.912719,-0.909651,-0.914253,-0.595665,-0.595665,-0.595665,-0.595665
24.810068,-0.906583,-0.912719,-0.909651,-0.914253,-0.539526,-0.539526,-0.539526,-0.539526
24.820065,-0.791534,-0.802272,-0.796136,-0.799204,-0.483255,-0.483255,-0.483255,-0.483255
24.830063,-0.791534,-0.802272,-0.796136,-0.799204,-0.426824,-0.426824,-0.426824,-0.426824
24.840067,-0.681088,-0.690291,-0.682622,-0.684156,-0.370234,-0.370234,-0.370234,-0.370234
24.850063,-0.681088,-0.690291,-0.682622,-0.684156,-0.313550,-0.313550,-0.313550,-0.313550
24.860065,-0.569107,-0.576777,-0.569107,-0.572175,-0.256739,-0.256739,-0.256739,-0.256739
24.870066,-0.569107,-0.576777,-0.569107,-0.572175,-0.199851,-0.199851,-0.199851,-0.199851
24.880045,-0.458660,-0.467864,-0.460194,-0.460194,-0.143001,-0.143001,-0.143001,-0.143001
24.890062,-0.458660,-0.467864,-0.460194,-0.460194,-0.085873,-0.085873,-0.085873,-0.085873
24.900059,-0.348214,-0.357418,-0.346680,-0.351282,-0.028816,-0.028816,-0.028816,-0.028816
24.910063,-0.348214,-0.357418,-0.346680,-0.351282,0.028308,0.028308,0.028308,0.028308
24.920057,-0.234699,-0.248505,-0.233165,-0.237767,0.085405,0.085405,0.085405,0.085405
24.930061,-0.234699,-0.248505,-0.233165,-0.237767,0.142548,0.142548,0.142548,0.142548
24.940062,-0.121184,-0.136524,-0.119651,-0.125786,0.199648,0.199648,0.199648,0.199648
24.950058,-0.121184,-0.136524,-0.119651,-0.125786,0.256701,0.256701,0.256701,0.256701
24.960060,-0.007670,-0.015340,-0.007670,0.001534,0.313740,0.313740,0.313740,0.313740
24.970064,-0.007670,-0.015340,-0.007670,0.001534,0.370735,0.370735,0.370735,0.370735
24.980061,0.105845,0.098175,0.102777,0.113515,0.427600,0.427600,0.427600,0.427600
24.990059,0.105845,0.098175,0.102777,0.113515,0.484400,0.484400,0.484400,0.484400
25.000059,0.220893,0.208621,0.217825,0.227029,0.541088,0.541088,0.541088,0.541088
25.010057,0.220893,0.208621,0.217825,0.227029,0.597652,0.597652,0.597652,0.597652
25.020060,0.331340,0.319068,0.332874,0.339010,0.654088,0.654088,0.654088,0.654088
25.030058,0.331340,0.319068,0.332874,0.339010,0.710365,0.710365,0.710365,0.710365
25.040056,0.443321,0.426447,0.440253,0.454058,0.766462,0.766462,0.766462,0.766462
25.050056,0.443321,0.426447,0.440253,0.454058,0.822389,0.822389,0.822389,0.822389
25.060057,0.558369,0.539961,0.550699,0.569107,0.878115,0.878115,0.878115,0.878115
25.070059,0.558369,0.539961,0.550699,0.569107,0.933641,0.933641,0.933641,0.933641
25.080057,0.665748,0.651942,0.662680,0.681088,0.988916,0.988916,0.988916,0.988916
25.090057,0.665748,0.651942,0.662680,0.681088,1.043956,1.043956,1.043956,1.043956
25.100056,0.779262,0.763923,0.774660,0.788466,1.098723,1.098723,1.098723,1.098723
25.110023,0.779262,0.763923,0.774660,0.788466,1.153047,1.153047,1.153047,1.153047
25.120068,0.892777,0.875903,0.889709,0.905049,1.207499,1.207499,1.207499,1.207499
25.130066,0.892777,0.875903,0.889709,0.905049,1.261397,1.261397,1.261397,1.261397
25.140066,1.003224,0.989418,1.004758,1.015495,1.314986,1.314986,1.314986,1.314986
25.150064,1.003224,0.989418,1.004758,1.015495,1.368224,1.368224,1.368224,1.368224
25.160063,1.113670,1.099864,1.118272,1.129010,1.421117,1.421117,1.421117,1.421117
25.170065,1.113670,1.099864,1.118272,1.129010,1.473661,1.473661,1.473661,1.473661
25.180071,1.222583,1.208777,1.227185,1.236389,1.525841,1.525841,1.525841,1.525841
25.190067,1.222583,1.208777,1.227185,1.236389,1.577590,1.577590,1.577590,1.577590
25.200056,1.329962,1.317690,1.333030,1.346835,1.628882,1.628882,1.628882,1.628882
25.210060,1.329962,1.317690,1.333030,1.346835,1.679831,1.679831,1.679831,1.679831
25.220062,1.441942,1.425068,1.437340,1.455748,1.730329,1.730329,1.730329,1.730329
25.230064,1.441942,1.425068,1.437340,1.455748,1.780380,1.780380,1.780380,1.780380
25.240063,1.544719,1.529379,1.541651,1.558525,1.829945,1.829945,1.829945,1.829945
25.250067,1.544719,1.529379,1.541651,1.558525,1.879054,1.879054,1.879054,1.879054
25.260056,1.644428,1.633690,1.647496,1.658233,1.927593,1.927593,1.927593,1.927593
25.270063,1.644428,1.633690,1.647496,1.658233,1.975724,1.975724,1.975724,1.975724
25.280058,1.745670,1.734933,1.748738,1.761010,2.023261,2.023261,2.023261,2.023261
25.290060,1.745670,1.734933,1.748738,1.761010,2.070303,2.070303,2.070303,2.070303
25.300060,1.846913,1.836175,1.842311,1.862253,2.116781,2.116781,2.116781,2.116781
25.310062,1.846913,1.836175,1.842311,1.862253,2.162705,2.162705,2.162705,2.162705
25.320061,1.940486,1.934350,1.940486,1.958894,2.208038,2.208038,2.208038,2.208038
25.330059,1.940486,1.934350,1.940486,1.958894,2.252786,2.252786,2.252786,2.252786
25.340057,2.035593,2.030991,2.037127,2.052467,2.296926,2.296926,2.296926,2.296926
25.350060,2.035593,2.030991,2.037127,2.052467,2.340463,2.340463,2.340463,2.340463
25.360060,2.127632,2.127632,2.127632,2.142972,2.383369,2.383369,2.383369,2.383369
25.370060,2.127632,2.127632,2.127632,2.142972,2.425635,2.425635,2.425635,2.425635
25.380060,2.218137,2.221205,2.221205,2.236544,2.467242,2.467242,2.467242,2.467242
25.390059,2.218137,2.221205,2.221205,2.236544,2.508180,2.508180,2.508180,2.508180
25.400059,2.307107,2.313243,2.308641,2.323981,2.548447,2.548447,2.548447,2.548447
25.410063,2.307107,2.313243,2.308641,2.323981,2.588040,2.588040,2.588040,2.588040
25.420067,2.394544,2.400680,2.396078,2.409884,2.626934,2.626934,2.626934,2.626934
25.430065,2.394544,2.400680,2.396078,2.409884,2.665090,2.665090,2.665090,2.665090
25.440067,2.477379,2.486583,2.475845,2.494253,2.702529,2.702529,2.702529,2.702529
25.450064,2.477379,2.486583,2.475845,2.494253,2.739222,2.739222,2.739222,2.739222
25.460068,2.557146,2.570952,2.557146,2.577088,2.775185,2.775185,2.775185,2.775185
25.470066,2.557146,2.570952,2.557146,2.577088,2.810378,2.810378,2.810378,2.810378
25.480021,2.633845,2.649185,2.635379,2.655321,2.844646,2.844646,2.844646,2.844646
25.490068,2.633845,2.649185,2.635379,2.655321,2.878457,2.878457,2.878457,2.878457
25.500065,2.709010,2.725884,2.710544,2.732020,2.911307,2.911307,2.911307,2.911307
25.510063,2.709010,2.725884,2.710544,2.732020,2.943356,2.943356,2.943356,2.943356
25.520063,2.781108,2.802583,2.779574,2.804117,2.974607,2.974607,2.974607,2.974607
25.530066,2.781108,2.802583,2.779574,2.804117,3.005039,3.005039,3.005039,3.005039
25.540062,2.850137,2.874680,2.847069,2.874680,3.034629,3.034629,3.034629,3.034629
25.550066,2.850137,2.874680,2.847069,2.874680,3.063402,3.063402,3.063402,3.063402
25.560062,2.913030,2.940642,2.913030,2.937574,3.091309,3.091309,3.091309,3.091309
25.570055,2.913030,2.940642,2.913030,2.937574,3.118347,3.118347,3.118347,3.118347
25.580059,2.975923,3.000467,2.975923,3.003535,3.144551,3.144551,3.144551,3.144551
25.590057,2.975923,3.000467,2.975923,3.003535,3.169871,3.169871,3.169871,3.169871
25.600056,3.037282,3.060292,3.034214,3.061826,3.194307,3.194307,3.194307,3.194307
25.610056,3.037282,3.060292,3.034214,3.061826,3.217857,3.217857,3.217857,3.217857
25.620058,3.094040,3.110914,3.087904,3.107846,3.240517,3.240517,3.240517,3.240517
25.630064,3.094040,3.110914,3.087904,3.107846,3.262279,3.262279,3.262279,3.262279
25.640060,3.140059,3.158467,3.143127,3.153865,3.283107,3.283107,3.283107,3.283107
25.650057,3.140059,3.158467,3.143127,3.153865,3.303020,3.303020,3.303020,3.303020
25.660059,3.184545,3.204486,3.189147,3.201418,3.322016,3.322016,3.322016,3.322016
25.670059,3.184545,3.204486,3.189147,3.201418,3.340080,3.340080,3.340080,3.340080
25.680059,3.230564,3.253574,3.232098,3.248972,3.357202,3.357202,3.357202,3.357202
25.690058,3.230564,3.253574,3.232098,3.248972,3.373381,3.373381,3.373381,3.373381
25.700058,3.271981,3.293457,3.271981,3.288855,3.388609,3.388609,3.388609,3.388609
25.710056,3.271981,3.293457,3.271981,3.288855,3.402882,3.402882,3.402882,3.402882
25.720055,3.307263,3.331807,3.310331,3.325671,3.416194,3.416194,3.416194,3.416194
25.730059,3.307263,3.331807,3.310331,3.325671,3.428548,3.428548,3.428548,3.428548
25.740017,3.341011,3.365554,3.347147,3.357884,3.439881,3.439881,3.439881,3.439881
25.750063,3.341011,3.365554,3.347147,3.357884,3.450334,3.450334,3.450334,3.450334
25.760061,3.365554,3.394700,3.377826,3.385496,3.459758,3.459758,3.459758,3.459758
25.770058,3.365554,3.394700,3.377826,3.385496,3.468198,3.468198,3.468198,3.468198
25.780058,3.388564,3.419244,3.403904,3.408506,3.475655,3.475655,3.475655,3.475655
25.790060,3.388564,3.419244,3.403904,3.408506,3.482123,3.482123,3.482123,3.482123
25.800055,3.408506,3.439185,3.423846,3.431515,3.487596,3.487596,3.487596,3.487596
25.810061,3.408506,3.439185,3.423846,3.431515,3.492078,3.492078,3.492078,3.492078
25.820061,3.426913,3.457593,3.442253,3.451457,3.495560,3.495560,3.495560,3.495560
25.830063,3.426913,3.457593,3.442253,3.451457,3.498043,3.498043,3.498043,3.498043
25.840061,3.442253,3.468331,3.456059,3.465263,3.499523,3.499523,3.499523,3.499523
25.850061,3.442253,3.468331,3.456059,3.465263,3.500000,3.500000,3.500000,3.500000
25.860060,3.449923,3.477535,3.463729,3.474467,3.499472,3.499472,3.499472,3.499472
25.870060,3.449923,3.477535,3.463729,3.474467,3.497939,3.497939,3.497939,3.497939
25.880058,3.452991,3.486739,3.469865,3.479069,3.495399,3.495399,3.495399,3.495399
25.890060,3.452991,3.486739,3.469865,3.479069,3.491852,3.491852,3.491852,3.491852
25.900057,3.454525,3.489807,3.471399,3.480603,3.487299,3.487299,3.487299,3.487299
25.910059,3.454525,3.489807,3.471399,3.480603,3.481737,3.481737,3.481737,3.481737
25.920061,3.454525,3.489807,3.471399,3.480603,3.475168,3.475168,3.475168,3.475168
25.930059,3.454525,3.489807,3.471399,3.480603,3.467595,3.467595,3.467595,3.467595
25.940060,3.454525,3.489807,3.471399,3.480603,3.459015,3.459015,3.459015,3.459015
25.950060,3.454525,3.489807,3.471399,3.480603,3.449433,3.449433,3.449433,3.449433
25.960058,3.454525,3.488273,3.471399,3.479069,3.438849,3.438849,3.438849,3.438849
25.970058,3.454525,3.488273,3.471399,3.479069,3.427264,3.427264,3.427264,3.427264
25.980057,3.454525,3.486739,3.469865,3.479069,3.414683,3.414683,3.414683,3.414683
25.990057,3.454525,3.486739,3.469865,3.479069,3.401106,3.401106,3.401106,3.401106
26.000053,3.451457,3.482137,3.469865,3.472933,3.386538,3.386538,3.386538,3.386538
26.010056,3.451457,3.482137,3.469865,3.472933,3.370973,3.370973,3.370973,3.370973
26.020056,3.445321,3.463729,3.459127,3.454525,3.354427,3.354427,3.354427,3.354427
26.030056,3.445321,3.463729,3.459127,3.454525,3.336894,3.336894,3.336894,3.336894
26.040056,3.423846,3.436117,3.434583,3.426913,3.318387,3.318387,3.318387,3.318387
26.050058,3.423846,3.436117,3.434583,3.426913,3.298898,3.298898,3.298898,3.298898
26.060059,3.391632,3.405438,3.403904,3.397768,3.278440,3.278440,3.278440,3.278440
26.070061,3.391632,3.405438,3.403904,3.397768,3.257017,3.257017,3.257017,3.257017
26.080059,3.359418,3.374758,3.367088,3.362486,3.234640,3.234640,3.234640,3.234640
26.090038,3.359418,3.374758,3.367088,3.362486,3.211353,3.211353,3.211353,3.211353
26.100031,3.327205,3.337943,3.330273,3.325671,3.187091,3.187091,3.187091,3.187091
26.110065,3.327205,3.337943,3.330273,3.325671,3.161778,3.161778,3.161778,3.161778
26.120054,3.285787,3.294991,3.290389,3.282719,3.135639,3.135639,3.135639,3.135639
26.130062,3.285787,3.294991,3.290389,3.282719,3.108523,3.108523,3.108523,3.108523
26.140062,3.239768,3.245904,3.244370,3.235166,3.080503,3.080503,3.080503,3.080503
26.150066,3.239768,3.245904,3.244370,3.235166,3.051559,3.051559,3.051559,3.051559
26.160063,3.189147,3.195282,3.195282,3.183011,3.021726,3.021726,3.021726,3.021726
26.170057,3.189147,3.195282,3.195282,3.183011,2.990997,2.990997,2.990997,2.990997
26.180059,3.140059,3.144661,3.144661,3.133923,2.959349,2.959349,2.959349,2.959349
26.190067,3.140059,3.144661,3.144661,3.133923,2.926805,2.926805,2.926805,2.926805
26.200060,3.089438,3.094040,3.086370,3.084836,2.893426,2.893426,2.893426,2.893426
26.210066,3.089438,3.094040,3.086370,3.084836,2.859138,2.859138,2.859138,2.859138
26.220066,3.025011,3.037282,3.025011,3.026545,2.824009,2.824009,2.824009,2.824009
26.230066,3.025011,3.037282,3.025011,3.026545,2.788034,2.788034,2.788034,2.788034
26.240063,2.959049,2.974389,2.962117,2.962117,2.751233,2.751233,2.751233,2.751233
26.250071,2.959049,2.974389,2.962117,2.962117,2.713562,2.713562,2.713562,2.713562
26.260067,2.886952,2.905360,2.894622,2.896156,2.675111,2.675111,2.675111,2.675111
26.270067,2.886952,2.905360,2.894622,2.896156,2.635831,2.635831,2.635831,2.635831
26.280066,2.814855,2.830195,2.820991,2.822525,2.595767,2.595767,2.595767,2.595767
26.290066,2.814855,2.830195,2.820991,2.822525,2.554909,2.554909,2.554909,2.554909
26.300060,2.745826,2.751962,2.747360,2.748894,2.513296,2.513296,2.513296,2.513296
26.310068,2.745826,2.751962,2.747360,2.748894,2.470862,2.470862,2.470862,2.470862
26.320051,2.670661,2.673729,2.670661,2.670661,2.427788,2.427788,2.427788,2.427788
26.330059,2.670661,2.673729,2.670661,2.670661,2.383857,2.383857,2.383857,2.383857
26.340057,2.589360,2.592428,2.590894,2.590894,2.339242,2.339242,2.339242,2.339242
26.350060,2.589360,2.592428,2.590894,2.590894,2.293901,2.293901,2.293901,2.293901
26.360058,2.504991,2.511127,2.506525,2.506525,2.247867,2.247867,2.247867,2.247867
26.370060,2.504991,2.511127,2.506525,2.506525,2.201123,2.201123,2.201123,2.201123
26.380056,2.420622,2.423690,2.420622,2.420622,2.153727,2.153727,2.153727,2.153727
26.390062,2.420622,2.423690,2.420622,2.420622,2.105629,2.105629,2.105629,2.105629
26.400059,2.330117,2.333185,2.328583,2.328583,2.056924,2.056924,2.056924,2.056924
26.410059,2.330117,2.333185,2.328583,2.328583,2.007559,2.007559,2.007559,2.007559
26.420057,2.238078,2.233476,2.236544,2.238078,1.957585,1.957585,1.957585,1.957585
26.430061,2.238078,2.233476,2.236544,2.238078,1.906977,1.906977,1.906977,1.906977
26.440060,2.141438,2.136836,2.142972,2.142972,1.855799,1.855799,1.855799,1.855799
26.450062,2.141438,2.136836,2.142972,2.142972,1.804028,1.804028,1.804028,1.804028
26.460060,2.043263,2.035593,2.046331,2.041729,1.751703,1.751703,1.751703,1.751703
26.470060,2.043263,2.035593,2.046331,2.041729,1.698827,1.698827,1.698827,1.698827
26.480066,1.943554,1.932816,1.943554,1.940486,1.645385,1.645385,1.645385,1.645385
26.490059,1.943554,1.932816,1.943554,1.940486,1.591494,1.591494,1.591494,1.591494
26.500059,1.839243,1.830039,1.839243,1.836175,1.537069,1.537069,1.537069,1.537069
26.510061,1.839243,1.830039,1.839243,1.836175,1.482142,1.482142,1.482142,1.482142
26.520061,1.733399,1.722661,1.734933,1.733399,1.426743,1.426743,1.426743,1.426743
26.530060,1.733399,1.722661,1.734933,1.733399,1.370914,1.370914,1.370914,1.370914
26.540060,1.626020,1.613748,1.627554,1.626020,1.314630,1.314630,1.314630,1.314630
26.550062,1.626020,1.613748,1.627554,1.626020,1.257918,1.257918,1.257918,1.257918
26.560061,1.517107,1.504835,1.514039,1.515573,1.200823,1.200823,1.200823,1.200823
26.570063,1.517107,1.504835,1.514039,1.515573,1.143323,1.143323,1.143323,1.143323
26.580061,1.408195,1.394389,1.402059,1.406661,1.085466,1.085466,1.085466,1.085466
26.590061,1.408195,1.394389,1.402059,1.406661,1.027251,1.027251,1.027251,1.027251
26.600058,1.297748,1.280874,1.288544,1.294680,0.968712,0.968712,0.968712,0.968712
26.610060,1.297748,1.280874,1.288544,1.294680,0.909833,0.909833,0.909833,0.909833
26.620062,1.182699,1.168894,1.173495,1.178097,0.850647,0.850647,0.850647,0.850647
26.630056,1.182699,1.168894,1.173495,1.178097,0.791216,0.791216,0.791216,0.791216
26.640059,1.067651,1.050777,1.059981,1.056913,0.731488,0.731488,0.731488,0.731488
26.650063,1.067651,1.050777,1.059981,1.056913,0.671490,0.671490,0.671490,0.671490
26.660059,0.951068,0.932660,0.943398,0.940330,0.611317,0.611317,0.611317,0.611317
26.670061,0.951068,0.932660,0.943398,0.940330,0.550882,0.550882,0.550882,0.550882
26.680058,0.832952,0.819146,0.828350,0.822214,0.490310,0.490310,0.490310,0.490310
26.690056,0.832952,0.819146,0.828350,0.822214,0.429533,0.429533,0.429533,0.429533
26.700060,0.713301,0.705631,0.710233,0.704097,0.368583,0.368583,0.368583,0.368583
26.710060,0.713301,0.705631,0.710233,0.704097,0.307505,0.307505,0.307505,0.307505
26.720058,0.596719,0.582913,0.593651,0.584447,0.246323,0.246323,0.246323,0.246323
26.730057,0.596719,0.582913,0.593651,0.584447,0.185045,0.185045,0.185045,0.185045
26.740059,0.477068,0.460194,0.472466,0.463262,0.123658,0.123658,0.123658,0.123658
26.750057,0.477068,0.460194,0.472466,0.463262,0.062232,0.062232,0.062232,0.062232
26.760059,0.349748,0.339010,0.346680,0.337476,0.000743,0.000743,0.000743,0.000743
26.770061,0.349748,0.339010,0.346680,0.337476,-0.060777,-0.060777,-0.060777,-0.060777
26.780060,0.220893,0.216291,0.222427,0.214757,-0.122275,-0.122275,-0.122275,-0.122275
26.790060,0.220893,0.216291,0.222427,0.214757,-0.183768,-0.183768,-0.183768,-0.183768
26.800035,0.098175,0.095107,0.099709,0.090505,-0.245082,-0.245082,-0.245082,-0.245082
26.810059,0.098175,0.095107,0.099709,0.090505,-0.306643,-0.306643,-0.306643,-0.306643
26.820059,-0.016874,-0.033748,-0.021476,-0.030680,-0.367987,-0.367987,-0.367987,-0.367987
26.830059,-0.016874,-0.033748,-0.021476,-0.030680,-0.429236,-0.429236,-0.429236,-0.429236
26.840054,-0.138058,-0.162602,-0.145728,-0.164136,-0.490344,-0.490344,-0.490344,-0.490344
26.850056,-0.138058,-0.162602,-0.145728,-0.164136,-0.551374,-0.551374,-0.551374,-0.551374
26.860058,-0.263845,-0.282252,-0.269981,-0.288388,-0.612259,-0.612259,-0.612259,-0.612259
26.870062,-0.263845,-0.282252,-0.269981,-0.288388,-0.672978,-0.672978,-0.672978,-0.672978
26.880058,-0.385029,-0.400369,-0.391165,-0.409573,-0.733479,-0.733479,-0.733479,-0.733479
26.890066,-0.385029,-0.400369,-0.391165,-0.409573,-0.793839,-0.793839,-0.793839,-0.793839
26.900066,-0.509282,-0.521554,-0.512350,-0.530757,-0.853920,-0.853920,-0.853920,-0.853920
26.910069,-0.509282,-0.521554,-0.512350,-0.530757,-0.913780,-0.913780,-0.913780,-0.913780
26.920067,-0.630466,-0.639670,-0.633534,-0.651942,-0.973358,-0.973358,-0.973358,-0.973358
26.930067,-0.630466,-0.639670,-0.633534,-0.651942,-1.032659,-1.032659,-1.032659,-1.032659
26.940063,-0.751651,-0.757787,-0.750117,-0.770058,-1.091645,-1.091645,-1.091645,-1.091645
26.950068,-0.751651,-0.757787,-0.750117,-0.770058,-1.150350,-1.150350,-1.150350,-1.150350
26.960066,-0.872835,-0.871301,-0.871301,-0.888175,-1.208695,-1.208695,-1.208695,-1.208695
26.970066,-0.872835,-0.871301,-0.871301,-0.888175,-1.266692,-1.266692,-1.266692,-1.266692
26.980064,-0.992486,-0.983282,-0.987884,-1.006292,-1.324301,-1.324301,-1.324301,-1.324301
26.990063,-0.992486,-0.983282,-0.987884,-1.006292,-1.381515,-1.381515,-1.381515,-1.381515
27.000065,-1.106000,-1.093728,-1.096796,-1.121340,-1.438339,-1.438339,-1.438339,-1.438339
27.010063,-1.106000,-1.093728,-1.096796,-1.121340,-1.494715,-1.494715,-1.494715,-1.494715
27.020065,-1.216447,-1.207243,-1.217981,-1.236389,-1.550658,-1.550658,-1.550658,-1.550658
27.030039,-1.216447,-1.207243,-1.217981,-1.236389,-1.605979,-1.605979,-1.605979,-1.605979
27.040062,-1.331496,-1.323826,-1.334563,-1.351437,-1.661094,-1.661094,-1.661094,-1.661094
27.050066,-1.331496,-1.323826,-1.334563,-1.351437,-1.715592,-1.715592,-1.715592,-1.715592
27.060064,-1.445010,-1.437340,-1.451146,-1.464952,-1.769543,-1.769543,-1.769543,-1.769543
27.070068,-1.445010,-1.437340,-1.451146,-1.464952,-1.822996,-1.822996,-1.822996,-1.822996
27.080065,-1.560059,-1.553923,-1.566195,-1.584602,-1.875837,-1.875837,-1.875837,-1.875837
27.090063,-1.560059,-1.553923,-1.566195,-1.584602,-1.928127,-1.928127,-1.928127,-1.928127
27.100061,-1.673573,-1.668971,-1.679709,-1.693515,-1.979818,-1.979818,-1.979818,-1.979818
27.110069,-1.673573,-1.668971,-1.679709,-1.693515,-2.030962,-2.030962,-2.030962,-2.030962
27.120064,-1.785554,-1.777884,-1.788622,-1.802428,-2.081400,-2.081400,-2.081400,-2.081400
27.130060,-1.785554,-1.777884,-1.788622,-1.802428,-2.131213,-2.131213,-2.131213,-2.131213
27.140060,-1.889865,-1.882195,-1.896001,-1.906738,-2.180393,-2.180393,-2.180393,-2.180393
27.150063,-1.889865,-1.882195,-1.896001,-1.906738,-2.228903,-2.228903,-2.228903,-2.228903
27.160061,-1.992641,-1.984971,-1.997243,-2.007981,-2.276704,-2.276704,-2.276704,-2.276704
27.170061,-1.992641,-1.984971,-1.997243,-2.007981,-2.323804,-2.323804,-2.323804,-2.323804
27.180065,-2.092350,-2.086214,-2.096952,-2.104622,-2.370201,-2.370201,-2.370201,-2.370201
27.190069,-2.092350,-2.086214,-2.096952,-2.104622,-2.415861,-2.415861,-2.415861,-2.415861
27.200062,-2.193593,-2.182855,-2.196661,-2.205865,-2.460711,-2.460711,-2.460711,-2.460711
27.210062,-2.193593,-2.182855,-2.196661,-2.205865,-2.504832,-2.504832,-2.504832,-2.504832
27.220058,-2.288700,-2.282564,-2.291768,-2.302505,-2.548156,-2.548156,-2.548156,-2.548156
27.230064,-2.288700,-2.282564,-2.291768,-2.302505,-2.590715,-2.590715,-2.590715,-2.590715
27.240061,-2.379205,-2.371535,-2.383806,-2.393010,-2.632423,-2.632423,-2.632423,-2.632423
27.250065,-2.379205,-2.371535,-2.383806,-2.393010,-2.673333,-2.673333,-2.673333,-2.673333
27.260065,-2.469709,-2.460505,-2.472777,-2.483515,-2.713383,-2.713383,-2.713383,-2.713383
27.270065,-2.469709,-2.460505,-2.472777,-2.483515,-2.752583,-2.752583,-2.752583,-2.752583
27.280062,-2.561748,-2.549476,-2.560214,-2.567884,-2.790891,-2.790891,-2.790891,-2.790891
27.290066,-2.561748,-2.549476,-2.560214,-2.567884,-2.828351,-2.828351,-2.828351,-2.828351
27.300060,-2.644583,-2.636913,-2.644583,-2.655321,-2.864876,-2.864876,-2.864876,-2.864876
27.310068,-2.644583,-2.636913,-2.644583,-2.655321,-2.900548,-2.900548,-2.900548,-2.900548
27.320066,-2.722816,-2.716680,-2.722816,-2.733554,-2.935254,-2.935254,-2.935254,-2.935254
27.330065,-2.722816,-2.716680,-2.722816,-2.733554,-2.969037,-2.969037,-2.969037,-2.969037
27.340067,-2.801049,-2.793379,-2.799515,-2.811787,-3.001880,-3.001880,-3.001880,-3.001880
27.350069,-2.801049,-2.793379,-2.799515,-2.811787,-3.033766,-3.033766,-3.033766,-3.033766
27.360065,-2.874680,-2.870079,-2.871613,-2.883884,-3.064663,-3.064663,-3.064663,-3.064663
27.370066,-2.874680,-2.870079,-2.871613,-2.883884,-3.094595,-3.094595,-3.094595,-3.094595
27.380064,-2.943710,-2.942176,-2.940642,-2.954448,-3.123526,-3.123526,-3.123526,-3.123526
27.390068,-2.943710,-2.942176,-2.940642,-2.954448,-3.151475,-3.151475,-3.151475,-3.151475
27.400064,-3.009671,-3.006603,-3.006603,-3.018875,-3.178393,-3.178393,-3.178393,-3.178393
27.410065,-3.009671,-3.006603,-3.006603,-3.018875,-3.204296,-3.204296,-3.204296,-3.204296
27.420067,-3.069496,-3.071030,-3.063360,-3.081768,-3.229170,-3.229170,-3.229170,-3.229170
27.430067,-3.069496,-3.071030,-3.063360,-3.081768,-3.253002,-3.253002,-3.253002,-3.253002
27.440063,-3.127787,-3.127787,-3.120117,-3.138525,-3.275772,-3.275772,-3.275772,-3.275772
27.450068,-3.127787,-3.127787,-3.120117,-3.138525,-3.297505,-3.297505,-3.297505,-3.297505
27.460037,-3.175341,-3.175341,-3.175341,-3.184545,-3.318097,-3.318097,-3.318097,-3.318097
27.470066,-3.175341,-3.175341,-3.175341,-3.184545,-3.337733,-3.337733,-3.337733,-3.337733
27.480061,-3.221360,-3.219826,-3.225962,-3.227496,-3.356222,-3.356222,-3.356222,-3.356222
27.490067,-3.221360,-3.219826,-3.225962,-3.227496,-3.373637,-3.373637,-3.373637,-3.373637
27.500063,-3.273515,-3.261244,-3.273515,-3.273515,-3.389942,-3.389942,-3.389942,-3.389942
27.510067,-3.273515,-3.261244,-3.273515,-3.273515,-3.405153,-3.405153,-3.405153,-3.405153
27.520060,-3.318001,-3.302661,-3.314933,-3.316467,-3.419237,-3.419237,-3.419237,-3.419237
27.530066,-3.318001,-3.302661,-3.314933,-3.316467,-3.432226,-3.432226,-3.432226,-3.432226
27.540060,-3.354816,-3.337943,-3.348680,-3.350214,-3.444077,-3.444077,-3.444077,-3.444077
27.550062,-3.354816,-3.337943,-3.348680,-3.350214,-3.454809,-3.454809,-3.454809,-3.454809
27.560062,-3.382428,-3.371690,-3.377826,-3.379360,-3.464409,-3.464409,-3.464409,-3.464409
27.570068,-3.382428,-3.371690,-3.377826,-3.379360,-3.472875,-3.472875,-3.472875,-3.472875
27.580063,-3.408506,-3.402370,-3.405438,-3.410040,-3.480193,-3.480193,-3.480193,-3.480193
27.590063,-3.408506,-3.402370,-3.405438,-3.410040,-3.486371,-3.486371,-3.486371,-3.486371
27.600058,-3.431515,-3.425380,-3.428447,-3.437651,-3.491398,-3.491398,-3.491398,-3.491398
27.610067,-3.431515,-3.425380,-3.428447,-3.437651,-3.495281,-3.495281,-3.495281,-3.495281
27.620062,-3.449923,-3.443787,-3.445321,-3.452991,-3.498005,-3.498005,-3.498005,-3.498005
27.630064,-3.449923,-3.443787,-3.445321,-3.452991,-3.499576,-3.499576,-3.499576,-3.499576
27.640059,-3.462195,-3.456059,-3.459127,-3.463729,-3.499988,-3.499988,-3.499988,-3.499988
27.650066,-3.462195,-3.456059,-3.459127,-3.463729,-3.499241,-3.499241,-3.499241,-3.499241
27.660063,-3.469865,-3.466797,-3.466797,-3.472933,-3.497335,-3.497335,-3.497335,-3.497335
27.670065,-3.469865,-3.466797,-3.466797,-3.472933,-3.494266,-3.494266,-3.494266,-3.494266
27.680059,-3.476001,-3.471399,-3.466797,-3.476001,-3.490039,-3.490039,-3.490039,-3.490039
27.690044,-3.476001,-3.471399,-3.466797,-3.476001,-3.484658,-3.484658,-3.484658,-3.484658
27.700062,-3.476001,-3.471399,-3.466797,-3.476001,-3.478096,-3.478096,-3.478096,-3.478096
27.710060,-3.476001,-3.471399,-3.466797,-3.476001,-3.470385,-3.470385,-3.470385,-3.470385
27.720058,-3.476001,-3.471399,-3.466797,-3.476001,-3.461517,-3.461517,-3.461517,-3.461517
27.730047,-3.476001,-3.471399,-3.466797,-3.476001,-3.451500,-3.451500,-3.451500,-3.451500
27.740057,-3.476001,-3.471399,-3.466797,-3.476001,-3.440307,-3.440307,-3.440307,-3.440307
27.750059,-3.476001,-3.471399,-3.466797,-3.476001,-3.427969,-3.427969,-3.427969,-3.427969
27.760056,-3.474467,-3.469865,-3.465263,-3.474467,-3.414487,-3.414487,-3.414487,-3.414487
27.770058,-3.474467,-3.469865,-3.465263,-3.474467,-3.399850,-3.399850,-3.399850,-3.399850
27.780060,-3.471399,-3.460661,-3.463729,-3.463729,-3.384070,-3.384070,-3.384070,-3.384070
27.790060,-3.471399,-3.460661,-3.463729,-3.463729,-3.367151,-3.367151,-3.367151,-3.367151
27.800056,-3.448389,-3.436117,-3.454525,-3.439185,-3.349105,-3.349105,-3.349105,-3.349105
27.810059,-3.448389,-3.436117,-3.454525,-3.439185,-3.329919,-3.329919,-3.329919,-3.329919
27.820057,-3.419244,-3.408506,-3.426913,-3.413108,-3.309611,-3.309611,-3.309611,-3.309611
27.830057,-3.419244,-3.408506,-3.426913,-3.413108,-3.288183,-3.288183,-3.288183,-3.288183
27.840038,-3.385496,-3.376292,-3.396234,-3.382428,-3.265681,-3.265681,-3.265681,-3.265681
27.850063,-3.385496,-3.376292,-3.396234,-3.382428,-3.241970,-3.241970,-3.241970,-3.241970
27.860060,-3.350214,-3.339477,-3.360952,-3.341011,-3.217229,-3.217229,-3.217229,-3.217229
27.870062,-3.350214,-3.339477,-3.360952,-3.341011,-3.191375,-3.191375,-3.191375,-3.191375
27.880068,-3.310331,-3.298059,-3.321069,-3.294991,-3.164424,-3.164424,-3.164424,-3.164424
27.890062,-3.310331,-3.298059,-3.321069,-3.294991,-3.136421,-3.136421,-3.136421,-3.136421
27.900064,-3.264312,-3.252040,-3.275049,-3.252040,-3.107333,-3.107333,-3.107333,-3.107333
27.910067,-3.264312,-3.252040,-3.275049,-3.252040,-3.077179,-3.077179,-3.077179,-3.077179
27.920059,-3.210622,-3.206020,-3.230564,-3.206020,-3.045999,-3.045999,-3.045999,-3.045999
27.930065,-3.210622,-3.206020,-3.230564,-3.206020,-3.013733,-3.013733,-3.013733,-3.013733
27.940065,-3.161535,-3.160001,-3.176875,-3.160001,-2.980452,-2.980452,-2.980452,-2.980452
27.950073,-3.161535,-3.160001,-3.176875,-3.160001,-2.946120,-2.946120,-2.946120,-2.946120
27.960062,-3.109380,-3.107846,-3.113981,-3.107846,-2.910841,-2.910841,-2.910841,-2.910841
27.970070,-3.109380,-3.107846,-3.113981,-3.107846,-2.874492,-2.874492,-2.874492,-2.874492
27.980068,-3.044952,-3.041884,-3.054156,-3.044952,-2.837187,-2.837187,-2.837187,-2.837187
27.990067,-3.044952,-3.041884,-3.054156,-3.044952,-2.798894,-2.798894,-2.798894,-2.798894
28.000059,-2.977457,-2.971321,-2.985127,-2.974389,-2.759660,-2.759660,-2.759660,-2.759660
28.010065,-2.977457,-2.971321,-2.985127,-2.974389,-2.719419,-2.719419,-2.719419,-2.719419
28.020063,-2.908428,-2.899224,-2.911496,-2.905360,-2.678267,-2.678267,-2.678267,-2.678267
28.030067,-2.908428,-2.899224,-2.911496,-2.905360,-2.636155,-2.636155,-2.636155,-2.636155
28.040060,-2.833263,-2.822525,-2.836331,-2.828661,-2.593178,-2.593178,-2.593178,-2.593178
28.050066,-2.833263,-2.822525,-2.836331,-2.828661,-2.549237,-2.549237,-2.549237,-2.549237
28.060059,-2.750428,-2.741224,-2.756564,-2.750428,-2.504464,-2.504464,-2.504464,-2.504464
28.070065,-2.750428,-2.741224,-2.756564,-2.750428,-2.458750,-2.458750,-2.458750,-2.458750
28.080055,-2.669127,-2.659923,-2.673729,-2.669127,-2.412252,-2.412252,-2.412252,-2.412252
28.090065,-2.669127,-2.659923,-2.673729,-2.669127,-2.364822,-2.364822,-2.364822,-2.364822
28.100060,-2.581690,-2.570952,-2.586292,-2.583224,-2.316630,-2.316630,-2.316630,-2.316630
28.110067,-2.581690,-2.570952,-2.586292,-2.583224,-2.267552,-2.267552,-2.267552,-2.267552
28.120058,-2.494253,-2.480447,-2.498855,-2.492719,-2.217765,-2.217765,-2.217765,-2.217765
28.130068,-2.494253,-2.480447,-2.498855,-2.492719,-2.167107,-2.167107,-2.167107,-2.167107
28.140062,-2.399146,-2.386874,-2.403748,-2.399146,-2.115745,-2.115745,-2.115745,-2.115745
28.150066,-2.399146,-2.386874,-2.403748,-2.399146,-2.063593,-2.063593,-2.063593,-2.063593
28.160065,-2.302505,-2.290234,-2.307107,-2.302505,-2.010737,-2.010737,-2.010737,-2.010737
28.170069,-2.302505,-2.290234,-2.307107,-2.302505,-1.957131,-1.957131,-1.957131,-1.957131
28.180063,-2.201263,-2.188991,-2.205865,-2.199729,-1.902888,-1.902888,-1.902888,-1.902888
28.190063,-2.201263,-2.188991,-2.205865,-2.199729,-1.847921,-1.847921,-1.847921,-1.847921
28.200024,-2.095418,-2.084680,-2.100020,-2.096952,-1.792530,-1.792530,-1.792530,-1.792530
28.210064,-2.095418,-2.084680,-2.100020,-2.096952,-1.736040,-1.736040,-1.736040,-1.736040
28.220064,-1.989573,-1.978835,-1.992641,-1.992641,-1.679145,-1.679145,-1.679145,-1.679145
28.230066,-1.989573,-1.978835,-1.992641,-1.992641,-1.621646,-1.621646,-1.621646,-1.621646
28.240067,-1.882195,-1.868389,-1.882195,-1.885263,-1.563568,-1.563568,-1.563568,-1.563568
28.250061,-1.882195,-1.868389,-1.882195,-1.885263,-1.504946,-1.504946,-1.504946,-1.504946
28.260067,-1.770214,-1.759476,-1.771748,-1.771748,-1.445725,-1.445725,-1.445725,-1.445725
28.270063,-1.770214,-1.759476,-1.771748,-1.771748,-1.386024,-1.386024,-1.386024,-1.386024
28.280060,-1.656700,-1.649030,-1.656700,-1.658233,-1.325819,-1.325819,-1.325819,-1.325819
28.290062,-1.656700,-1.649030,-1.656700,-1.658233,-1.265095,-1.265095,-1.265095,-1.265095
28.300058,-1.538583,-1.533981,-1.538583,-1.544719,-1.203945,-1.203945,-1.203945,-1.203945
28.310061,-1.538583,-1.533981,-1.538583,-1.544719,-1.142311,-1.142311,-1.142311,-1.142311
28.320063,-1.423534,-1.420466,-1.425068,-1.426602,-1.080253,-1.080253,-1.080253,-1.080253
28.330059,-1.423534,-1.420466,-1.425068,-1.426602,-1.017818,-1.017818,-1.017818,-1.017818
28.340057,-1.308486,-1.305418,-1.313088,-1.308486,-0.955001,-0.955001,-0.955001,-0.955001
28.350058,-1.308486,-1.305418,-1.313088,-1.308486,-0.891810,-0.891810,-0.891810,-0.891810
28.360060,-1.182699,-1.184233,-1.194971,-1.184233,-0.828272,-0.828272,-0.828272,-0.828272
28.370054,-1.182699,-1.184233,-1.194971,-1.184233,-0.764471,-0.764471,-0.764471,-0.764471
28.380062,-1.052311,-1.061515,-1.066117,-1.061515,-0.700276,-0.700276,-0.700276,-0.700276
28.390066,-1.052311,-1.061515,-1.066117,-1.061515,-0.635853,-0.635853,-0.635853,-0.635853
28.400063,-0.923457,-0.937262,-0.938796,-0.935728,-0.571209,-0.571209,-0.571209,-0.571209
28.410063,-0.923457,-0.937262,-0.938796,-0.935728,-0.506325,-0.506325,-0.506325,-0.506325
28.420063,-0.793068,-0.808408,-0.799204,-0.803806,-0.441242,-0.441242,-0.441242,-0.441242
28.430061,-0.793068,-0.808408,-0.799204,-0.803806,-0.375980,-0.375980,-0.375980,-0.375980
28.440062,-0.670350,-0.678020,-0.667282,-0.670350,-0.310550,-0.310550,-0.310550,-0.310550
28.450062,-0.670350,-0.678020,-0.667282,-0.670350,-0.244976,-0.244976,-0.244976,-0.244976
28.460062,-0.539961,-0.547631,-0.538427,-0.541495,-0.179307,-0.179307,-0.179307,-0.179307
28.470066,-0.539961,-0.547631,-0.538427,-0.541495,-0.113507,-0.113507,-0.113507,-0.113507
28.480061,-0.412641,-0.423379,-0.411107,-0.414175,-0.047713,-0.047713,-0.047713,-0.047713
28.490067,-0.412641,-0.423379,-0.411107,-0.414175,0.018198,0.018198,0.018198,0.018198
28.500063,-0.283786,-0.296058,-0.282252,-0.285320,0.084079,0.084079,0.084079,0.084079
28.510069,-0.283786,-0.296058,-0.282252,-0.285320,0.150007,0.150007,0.150007,0.150007
28.520065,-0.150330,-0.168738,-0.151864,-0.154932,0.215849,0.215849,0.215849,0.215849
28.530066,-0.150330,-0.168738,-0.151864,-0.154932,0.281665,0.281665,0.281665,0.281665
28.540066,-0.019942,-0.033748,-0.019942,-0.009204,0.347414,0.347414,0.347414,0.347414
28.550064,-0.019942,-0.033748,-0.019942,-0.009204,0.413045,0.413045,0.413045,0.413045
28.560068,0.108913,0.101243,0.110447,0.116583,0.478596,0.478596,0.478596,0.478596
28.570068,0.108913,0.101243,0.110447,0.116583,0.543972,0.543972,0.543972,0.543972
28.580061,0.239301,0.228563,0.242369,0.246971,0.609135,0.609135,0.609135,0.609135
28.590063,0.239301,0.228563,0.242369,0.246971,0.674171,0.674171,0.674171,0.674171
28.600067,0.368155,0.355884,0.372757,0.380427,0.738999,0.738999,0.738999,0.738999
28.610069,0.368155,0.355884,0.372757,0.380427,0.803580,0.803580,0.803580,0.803580
28.620062,0.498544,0.481670,0.500078,0.512350,0.867836,0.867836,0.867836,0.867836
28.630064,0.498544,0.481670,0.500078,0.512350,0.931867,0.931867,0.931867,0.931867
28.640030,0.628932,0.608990,0.627398,0.641204,0.995361,0.995361,0.995361,0.995361
28.650066,0.628932,0.608990,0.627398,0.641204,1.058977,1.058977,1.058977,1.058977
28.660065,0.757787,0.737845,0.756253,0.766990,1.121989,1.121989,1.121989,1.121989
28.670065,0.757787,0.737845,0.756253,0.766990,1.184640,1.184640,1.184640,1.184640
28.680061,0.886641,0.869767,0.885107,0.898913,1.246858,1.246858,1.246858,1.246858
28.690067,0.886641,0.869767,0.885107,0.898913,1.308712,1.308712,1.308712,1.308712
28.700066,1.013961,1.000156,1.018563,1.029301,1.370078,1.370078,1.370078,1.370078
28.710060,1.013961,1.000156,1.018563,1.029301,1.430948,1.430948,1.430948,1.430948
28.720057,1.141282,1.129010,1.147418,1.158156,1.491349,1.491349,1.491349,1.491349
28.730057,1.141282,1.129010,1.147418,1.158156,1.551243,1.551243,1.551243,1.551243
28.740057,1.267068,1.253263,1.271670,1.282408,1.610607,1.610607,1.610607,1.610607
28.750061,1.267068,1.253263,1.271670,1.282408,1.669436,1.669436,1.669436,1.669436
28.760059,1.391321,1.375981,1.391321,1.405127,1.727652,1.727652,1.727652,1.727652
28.770060,1.391321,1.375981,1.391321,1.405127,1.785274,1.785274,1.785274,1.785274
28.780060,1.512505,1.498699,1.506369,1.523243,1.842267,1.842267,1.842267,1.842267
28.790060,1.512505,1.498699,1.506369,1.523243,1.898620,1.898620,1.898620,1.898620
28.800058,1.630622,1.618350,1.624486,1.644428,1.954298,1.954298,1.954298,1.954298
28.810059,1.630622,1.618350,1.624486,1.644428,2.009290,2.009290,2.009290,2.009290
28.820057,1.748738,1.736467,1.742602,1.765612,2.063573,2.063573,2.063573,2.063573
28.830055,1.748738,1.736467,1.742602,1.765612,2.117122,2.117122,2.117122,2.117122
28.840061,1.862253,1.851515,1.860719,1.879127,2.169957,2.169957,2.169957,2.169957
28.850037,1.862253,1.851515,1.860719,1.879127,2.221873,2.221873,2.221873,2.221873
28.860065,1.972700,1.968098,1.974234,1.989573,2.273266,2.273266,2.273266,2.273266
28.870066,1.972700,1.968098,1.974234,1.989573,2.323706,2.323706,2.323706,2.323706
28.880066,2.081612,2.080078,2.083146,2.101554,2.373316,2.373316,2.373316,2.373316
28.890064,2.081612,2.080078,2.083146,2.101554,2.422072,2.422072,2.422072,2.422072
28.900066,2.190525,2.188991,2.188991,2.208933,2.469978,2.469978,2.469978,2.469978
28.910069,2.190525,2.188991,2.188991,2.208933,2.516996,2.516996,2.516996,2.516996
28.920057,2.291768,2.293302,2.288700,2.311709,2.563044,2.563044,2.563044,2.563044
28.930067,2.291768,2.293302,2.288700,2.311709,2.608276,2.608276,2.608276,2.608276
28.940063,2.389942,2.394544,2.389942,2.406816,2.652504,2.652504,2.652504,2.652504
28.950068,2.389942,2.394544,2.389942,2.406816,2.695805,2.695805,2.695805,2.695805
28.960064,2.481981,2.492719,2.483515,2.501923,2.738102,2.738102,2.738102,2.738102
28.970066,2.481981,2.492719,2.483515,2.501923,2.779430,2.779430,2.779430,2.779430
28.980064,2.572486,2.586292,2.574020,2.595496,2.819742,2.819742,2.819742,2.819742
28.990040,2.572486,2.586292,2.574020,2.595496,2.858936,2.858936,2.858936,2.858936
29.000061,2.661457,2.675263,2.662991,2.686001,2.897270,2.897270,2.897270,2.897270
29.010061,2.661457,2.675263,2.662991,2.686001,2.934471,2.934471,2.934471,2.934471
29.020063,2.748894,2.765768,2.748894,2.771904,2.970602,2.970602,2.970602,2.970602
29.030060,2.748894,2.765768,2.748894,2.771904,3.005634,3.005634,3.005634,3.005634
29.040058,2.830195,2.851671,2.831729,2.853205,3.039579,3.039579,3.039579,3.039579
29.050060,2.830195,2.851671,2.831729,2.853205,3.072420,3.072420,3.072420,3.072420
29.060061,2.903826,2.928370,2.908428,2.928370,3.104125,3.104125,3.104125,3.104125
29.070034,2.903826,2.928370,2.908428,2.928370,3.134618,3.134618,3.134618,3.134618
29.080059,2.975923,3.000467,2.980525,3.005069,3.164106,3.164106,3.164106,3.164106
29.090057,2.975923,3.000467,2.980525,3.005069,3.192358,3.192358,3.192358,3.192358
29.100060,3.046486,3.069496,3.044952,3.069496,3.219440,3.219440,3.219440,3.219440
29.110058,3.046486,3.069496,3.044952,3.069496,3.245326,3.245326,3.245326,3.245326
29.120056,3.107846,3.121651,3.103244,3.121651,3.270015,3.270015,3.270015,3.270015
29.130058,3.107846,3.121651,3.103244,3.121651,3.293503,3.293503,3.293503,3.293503
29.140055,3.158467,3.175341,3.164603,3.175341,3.315760,3.315760,3.315760,3.315760
29.150057,3.158467,3.175341,3.164603,3.175341,3.336800,3.336800,3.336800,3.336800
29.160059,3.210622,3.230564,3.215224,3.229030,3.356599,3.356599,3.356599,3.356599
29.170057,3.210622,3.230564,3.215224,3.229030,3.375145,3.375145,3.375145,3.375145
29.180058,3.262778,3.282719,3.262778,3.278117,3.392436,3.392436,3.392436,3.392436
29.190060,3.262778,3.282719,3.262778,3.278117,3.408469,3.408469,3.408469,3.408469
29.200060,3.305729,3.325671,3.307263,3.324137,3.423228,3.423228,3.423228,3.423228
29.210060,3.305729,3.325671,3.307263,3.324137,3.436708,3.436708,3.436708,3.436708
29.220058,3.342545,3.367088,3.348680,3.360952,3.448901,3.448901,3.448901,3.448901
29.230059,3.342545,3.367088,3.348680,3.360952,3.459804,3.459804,3.459804,3.459804
29.240065,3.370156,3.397768,3.382428,3.391632,3.469416,3.469416,3.469416,3.469416
29.250067,3.370156,3.397768,3.382428,3.391632,3.477722,3.477722,3.477722,3.477722
29.260063,3.393166,3.425380,3.408506,3.417710,3.484717,3.484717,3.484717,3.484717
29.270065,3.393166,3.425380,3.408506,3.417710,3.490405,3.490405,3.490405,3.490405
29.280066,3.417710,3.446855,3.431515,3.442253,3.494777,3.494777,3.494777,3.494777
29.290058,3.417710,3.446855,3.431515,3.442253,3.497829,3.497829,3.497829,3.497829
29.300066,3.437651,3.465263,3.449923,3.462195,3.499565,3.499565,3.499565,3.499565
29.310064,3.437651,3.465263,3.449923,3.462195,3.499976,3.499976,3.499976,3.499976
29.320066,3.449923,3.477535,3.462195,3.474467,3.499063,3.499063,3.499063,3.499063
29.330063,3.449923,3.477535,3.462195,3.474467,3.496825,3.496825,3.496825,3.496825
29.340065,3.456059,3.486739,3.469865,3.479069,3.493259,3.493259,3.493259,3.493259
29.350065,3.456059,3.486739,3.469865,3.479069,3.488367,3.488367,3.488367,3.488367
29.360058,3.456059,3.489807,3.472933,3.480603,3.482153,3.482153,3.482153,3.482153
29.370026,3.456059,3.489807,3.472933,3.480603,3.474638,3.474638,3.474638,3.474638
29.380058,3.456059,3.489807,3.472933,3.480603,3.465742,3.465742,3.465742,3.465742
29.390060,3.456059,3.489807,3.472933,3.480603,3.455550,3.455550,3.455550,3.455550
29.400063,3.456059,3.489807,3.472933,3.480603,3.444038,3.444038,3.444038,3.444038
29.410059,3.456059,3.489807,3.472933,3.480603,3.431213,3.431213,3.431213,3.431213
29.420061,3.456059,3.488273,3.471399,3.479069,3.417070,3.417070,3.417070,3.417070
29.430059,3.456059,3.488273,3.471399,3.479069,3.401620,3.401620,3.401620,3.401620
29.440037,3.454525,3.486739,3.469865,3.476001,3.384902,3.384902,3.384902,3.384902
29.450068,3.454525,3.486739,3.469865,3.476001,3.366788,3.366788,3.366788,3.366788
29.460060,3.446855,3.466797,3.460661,3.456059,3.347444,3.347444,3.347444,3.347444
29.470064,3.446855,3.466797,3.460661,3.456059,3.326790,3.326790,3.326790,3.326790
29.480047,3.425380,3.437651,3.434583,3.426913,3.304899,3.304899,3.304899,3.304899
29.490067,3.425380,3.437651,3.434583,3.426913,3.281651,3.281651,3.281651,3.281651
29.500067,3.388564,3.403904,3.397768,3.393166,3.257177,3.257177,3.257177,3.257177
29.510063,3.388564,3.403904,3.397768,3.393166,3.231447,3.231447,3.231447,3.231447
29.520061,3.351748,3.367088,3.356350,3.353282,3.204466,3.204466,3.204466,3.204466
29.530062,3.351748,3.367088,3.356350,3.353282,3.176232,3.176232,3.176232,3.176232
29.540066,3.310331,3.321069,3.311865,3.310331,3.146754,3.146754,3.146754,3.146754
29.550062,3.310331,3.321069,3.311865,3.310331,3.116069,3.116069,3.116069,3.116069
29.560064,3.261244,3.268914,3.264312,3.259710,3.084159,3.084159,3.084159,3.084159
29.570065,3.261244,3.268914,3.264312,3.259710,3.051043,3.051043,3.051043,3.051043
29.580061,3.204486,3.213690,3.210622,3.202952,3.016752,3.016752,3.016752,3.016752
29.590067,3.204486,3.213690,3.210622,3.202952,2.981249,2.981249,2.981249,2.981249
29.600061,3.146195,3.155399,3.150797,3.144661,2.944618,2.944618,2.944618,2.944618
29.610065,3.146195,3.155399,3.150797,3.144661,2.906796,2.906796,2.906796,2.906796
29.620066,3.089438,3.097108,3.086370,3.086370,2.867849,2.867849,2.867849,2.867849
29.630070,3.089438,3.097108,3.086370,3.086370,2.827758,2.827758,2.827758,2.827758
29.640062,3.015807,3.032681,3.017341,3.021943,2.786598,2.786598,2.786598,2.786598
29.650066,3.015807,3.032681,3.017341,3.021943,2.744295,2.744295,2.744295,2.744295
29.660059,2.939108,2.957515,2.943710,2.946778,2.700952,2.700952,2.700952,2.700952
29.670065,2.939108,2.957515,2.943710,2.946778,2.656481,2.656481,2.656481,2.656481
29.680061,2.859341,2.873146,2.863943,2.865477,2.611002,2.611002,2.611002,2.611002
29.690065,2.859341,2.873146,2.863943,2.865477,2.564455,2.564455,2.564455,2.564455
29.700064,2.778040,2.787243,2.781108,2.782642,2.516917,2.516917,2.516917,2.516917
29.710066,2.778040,2.787243,2.781108,2.782642,2.468349,2.468349,2.468349,2.468349
29.720066,2.692137,2.698272,2.696738,2.693671,2.418815,2.418815,2.418815,2.418815
29.730064,2.692137,2.698272,2.696738,2.693671,2.368322,2.368322,2.368322,2.368322
29.740067,2.601632,2.606234,2.606234,2.603166,2.316868,2.316868,2.316868,2.316868
29.750067,2.601632,2.606234,2.606234,2.603166,2.264492,2.264492,2.264492,2.264492
29.760061,2.504991,2.504991,2.512661,2.506525,2.211231,2.211231,2.211231,2.211231
29.770067,2.504991,2.504991,2.512661,2.506525,2.157035,2.157035,2.157035,2.157035
29.780062,2.406816,2.402214,2.412952,2.406816,2.102024,2.102024,2.102024,2.102024
29.790066,2.406816,2.402214,2.412952,2.406816,2.046105,2.046105,2.046105,2.046105
29.800066,2.302505,2.296370,2.307107,2.299438,1.989392,1.989392,1.989392,1.989392
29.810066,2.302505,2.296370,2.307107,2.299438,1.931870,1.931870,1.931870,1.931870
29.820059,2.195127,2.185923,2.192059,2.188991,1.873602,1.873602,1.873602,1.873602
29.830065,2.195127,2.185923,2.192059,2.188991,1.814498,1.814498,1.814498,1.814498
29.840059,2.084680,2.070874,2.080078,2.075476,1.754730,1.754730,1.754730,1.754730
29.850065,2.084680,2.070874,2.080078,2.075476,1.694174,1.694174,1.694174,1.694174
29.860054,1.969632,1.952758,1.965030,1.960428,1.633017,1.633017,1.633017,1.633017
29.870045,1.969632,1.952758,1.965030,1.960428,1.571197,1.571197,1.571197,1.571197
29.880058,1.851515,1.834641,1.848447,1.843845,1.508579,1.508579,1.508579,1.508579
29.890066,1.851515,1.834641,1.848447,1.843845,1.445367,1.445367,1.445367,1.445367
29.900068,1.725729,1.716525,1.727263,1.724195,1.381596,1.381596,1.381596,1.381596
29.910070,1.725729,1.716525,1.727263,1.724195,1.317255,1.317255,1.317255,1.317255
29.920065,1.603010,1.593806,1.606078,1.607612,1.252415,1.252415,1.252415,1.252415
29.930065,1.603010,1.593806,1.606078,1.607612,1.187017,1.187017,1.187017,1.187017
29.940065,1.480292,1.466486,1.480292,1.483360,1.121113,1.121113,1.121113,1.121113
29.950066,1.480292,1.466486,1.480292,1.483360,1.054743,1.054743,1.054743,1.054743
29.960064,1.357573,1.336097,1.349903,1.356039,0.987942,0.987942,0.987942,0.987942
29.970066,1.357573,1.336097,1.349903,1.356039,0.920689,0.920689,0.920689,0.920689
29.980061,1.228719,1.207243,1.219515,1.222583,0.853091,0.853091,0.853091,0.853091
29.990065,1.228719,1.207243,1.219515,1.222583,0.785058,0.785058,0.785058,0.785058
30.000055,1.096796,1.075321,1.087592,1.084525,0.716781,0.716781,0.716781,0.716781
30.010065,1.096796,1.075321,1.087592,1.084525,0.648062,0.648062,0.648062,0.648062
30.020058,0.964874,0.940330,0.955670,0.951068,0.579177,0.579177,0.579177,0.579177
30.030066,0.964874,0.940330,0.955670,0.951068,0.509918,0.509918,0.509918,0.509918
30.040058,0.829884,0.808408,0.822214,0.817612,0.440543,0.440543,0.440543,0.440543
30.050020,0.829884,0.808408,0.822214,0.817612,0.371160,0.371160,0.371160,0.371160
30.060057,0.693359,0.678020,0.690291,0.684156,0.301093,0.301093,0.301093,0.301093
30.070061,0.693359,0.678020,0.690291,0.684156,0.231107,0.231107,0.231107,0.231107
30.080057,0.558369,0.538427,0.556835,0.546097,0.161050,0.161050,0.161050,0.161050
30.090063,0.558369,0.538427,0.556835,0.546097,0.090836,0.090836,0.090836,0.090836
30.100060,0.418777,0.397301,0.412641,0.404971,0.020609,0.020609,0.020609,0.020609
30.110060,0.418777,0.397301,0.412641,0.404971,-0.049663,-0.049663,-0.049663,-0.049663
30.120058,0.277651,0.257709,0.271515,0.263845,-0.119934,-0.119934,-0.119934,-0.119934
30.130060,0.277651,0.257709,0.271515,0.263845,-0.190220,-0.190220,-0.190220,-0.190220
30.140057,0.138058,0.118117,0.128854,0.121184,-0.260411,-0.260411,-0.260411,-0.260411
30.150059,0.138058,0.118117,0.128854,0.121184,-0.330568,-0.330568,-0.330568,-0.330568
30.160055,-0.003068,-0.027612,-0.010738,-0.019942,-0.400566,-0.400566,-0.400566,-0.400566
30.170063,-0.003068,-0.027612,-0.010738,-0.019942,-0.470520,-0.470520,-0.470520,-0.470520
30.180058,-0.145728,-0.174874,-0.150330,-0.170272,-0.540222,-0.540222,-0.540222,-0.540222
30.190060,-0.145728,-0.174874,-0.150330,-0.170272,-0.609783,-0.609783,-0.609783,-0.609783
30.200058,-0.286854,-0.311398,-0.285320,-0.311398,-0.679097,-0.679097,-0.679097,-0.679097
30.210060,-0.286854,-0.311398,-0.285320,-0.311398,-0.748187,-0.748187,-0.748187,-0.748187
30.220062,-0.426447,-0.449456,-0.421845,-0.447922,-0.817000,-0.817000,-0.817000,-0.817000
30.230061,-0.426447,-0.449456,-0.421845,-0.447922,-0.885481,-0.885481,-0.885481,-0.885481
30.240059,-0.566039,-0.582913,-0.562971,-0.584447,-0.953638,-0.953638,-0.953638,-0.953638
30.250063,-0.566039,-0.582913,-0.562971,-0.584447,-1.021458,-1.021458,-1.021458,-1.021458
30.260061,-0.704097,-0.719437,-0.702563,-0.724039,-1.088855,-1.088855,-1.088855,-1.088855
30.270060,-0.704097,-0.719437,-0.702563,-0.724039,-1.155840,-1.155840,-1.155840,-1.155840
30.280058,-0.842156,-0.852893,-0.846758,-0.859029,-1.222371,-1.222371,-1.222371,-1.222371
30.290060,-0.842156,-0.852893,-0.846758,-0.859029,-1.288466,-1.288466,-1.288466,-1.288466
30.300060,-0.980214,-0.977146,-0.981748,-0.990952,-1.354034,-1.354034,-1.354034,-1.354034
30.310057,-0.980214,-0.977146,-0.981748,-0.990952,-1.419064,-1.419064,-1.419064,-1.419064
30.320057,-1.109068,-1.102932,-1.107534,-1.118272,-1.483546,-1.483546,-1.483546,-1.483546
30.330059,-1.109068,-1.102932,-1.107534,-1.118272,-1.547467,-1.547467,-1.547467,-1.547467
30.340059,-1.234855,-1.231787,-1.237923,-1.247127,-1.610766,-1.610766,-1.610766,-1.610766
30.350061,-1.234855,-1.231787,-1.237923,-1.247127,-1.673438,-1.673438,-1.673438,-1.673438
30.360058,-1.366777,-1.365243,-1.371379,-1.377515,-1.735419,-1.735419,-1.735419,-1.735419
30.370070,-1.366777,-1.365243,-1.371379,-1.377515,-1.796789,-1.796789,-1.796789,-1.796789
30.380030,-1.497165,-1.497165,-1.503301,-1.510971,-1.857143,-1.857143,-1.857143,-1.857143
30.390064,-1.497165,-1.497165,-1.503301,-1.510971,-1.917196,-1.917196,-1.917196,-1.917196
30.400064,-1.635224,-1.629088,-1.636758,-1.649030,-1.976286,-1.976286,-1.976286,-1.976286
30.410070,-1.635224,-1.629088,-1.636758,-1.649030,-2.034605,-2.034605,-2.034605,-2.034605
30.420063,-1.761010,-1.754874,-1.761010,-1.774816,-2.092042,-2.092042,-2.092042,-2.092042
30.430065,-1.761010,-1.754874,-1.761010,-1.774816,-2.148678,-2.148678,-2.148678,-2.148678
30.440058,-1.879127,-1.874525,-1.882195,-1.892933,-2.204406,-2.204406,-2.204406,-2.204406
30.450062,-1.879127,-1.874525,-1.882195,-1.892933,-2.259302,-2.259302,-2.259302,-2.259302
30.460062,-1.994175,-1.989573,-1.998777,-2.007981,-2.313260,-2.313260,-2.313260,-2.313260
30.470068,-1.994175,-1.989573,-1.998777,-2.007981,-2.366311,-2.366311,-2.366311,-2.366311
30.480032,-2.106156,-2.101554,-2.113826,-2.119962,-2.418188,-2.418188,-2.418188,-2.418188
30.490065,-2.106156,-2.101554,-2.113826,-2.119962,-2.469425,-2.469425,-2.469425,-2.469425
30.500061,-2.221205,-2.210467,-2.224272,-2.233476,-2.519481,-2.519481,-2.519481,-2.519481
30.510061,-2.221205,-2.210467,-2.224272,-2.233476,-2.568518,-2.568518,-2.568518,-2.568518
30.520060,-2.330117,-2.319379,-2.334719,-2.342389,-2.616502,-2.616502,-2.616502,-2.616502
30.530060,-2.330117,-2.319379,-2.334719,-2.342389,-2.663417,-2.663417,-2.663417,-2.663417
30.540058,-2.432894,-2.425224,-2.437496,-2.448234,-2.709241,-2.709241,-2.709241,-2.709241
30.550060,-2.432894,-2.425224,-2.437496,-2.448234,-2.753965,-2.753965,-2.753965,-2.753965
30.560059,-2.535671,-2.524933,-2.537205,-2.547942,-2.797533,-2.797533,-2.797533,-2.797533
30.570059,-2.535671,-2.524933,-2.537205,-2.547942,-2.839963,-2.839963,-2.839963,-2.839963
30.580059,-2.630777,-2.624641,-2.632311,-2.646117,-2.881220,-2.881220,-2.881220,-2.881220
30.590061,-2.630777,-2.624641,-2.632311,-2.646117,-2.921298,-2.921298,-2.921298,-2.921298
30.600058,-2.722816,-2.716680,-2.724350,-2.735088,-2.960139,-2.960139,-2.960139,-2.960139
30.610062,-2.722816,-2.716680,-2.724350,-2.735088,-2.997783,-2.997783,-2.997783,-2.997783
30.620062,-2.810253,-2.802583,-2.808719,-2.822525,-3.034169,-3.034169,-3.034169,-3.034169
30.630060,-2.810253,-2.802583,-2.808719,-2.822525,-3.069293,-3.069293,-3.069293,-3.069293
30.640060,-2.894622,-2.888486,-2.886952,-2.902292,-3.103142,-3.103142,-3.103142,-3.103142
30.650084,-2.894622,-2.888486,-2.886952,-2.902292,-3.135774,-3.135774,-3.135774,-3.135774
30.660061,-2.972855,-2.966719,-2.968253,-2.982059,-3.166956,-3.166956,-3.166956,-3.166956
30.670061,-2.972855,-2.966719,-2.968253,-2.982059,-3.196884,-3.196884,-3.196884,-3.196884
30.680063,-3.044952,-3.040350,-3.037282,-3.057224,-3.225477,-3.225477,-3.225477,-3.225477
30.690081,-3.044952,-3.040350,-3.037282,-3.057224,-3.252764,-3.252764,-3.252764,-3.252764
30.700060,-3.112448,-3.110914,-3.104778,-3.124719,-3.278584,-3.278584,-3.278584,-3.278584
30.710079,-3.112448,-3.110914,-3.104778,-3.124719,-3.303133,-3.303133,-3.303133,-3.303133
30.720060,-3.169205,-3.167671,-3.172273,-3.181477,-3.326200,-3.326200,-3.326200,-3.326200
30.730070,-3.169205,-3.167671,-3.172273,-3.181477,-3.347935,-3.347935,-3.347935,-3.347935
30.740068,-3.221360,-3.216758,-3.227496,-3.229030,-3.368233,-3.368233,-3.368233,-3.368233
30.750059,-3.221360,-3.216758,-3.227496,-3.229030,-3.387097,-3.387097,-3.387097,-3.387097
30.760059,-3.281185,-3.262778,-3.278117,-3.281185,-3.404546,-3.404546,-3.404546,-3.404546
30.770061,-3.281185,-3.262778,-3.278117,-3.281185,-3.420563,-3.420563,-3.420563,-3.420563
30.780060,-3.327205,-3.308797,-3.325671,-3.325671,-3.435123,-3.435123,-3.435123,-3.435123
30.790060,-3.327205,-3.308797,-3.325671,-3.325671,-3.448231,-3.448231,-3.448231,-3.448231
30.800058,-3.365554,-3.350214,-3.362486,-3.364020,-3.459874,-3.459874,-3.459874,-3.459874
30.810059,-3.365554,-3.350214,-3.362486,-3.364020,-3.470047,-3.470047,-3.470047,-3.470047
30.820057,-3.397768,-3.387030,-3.394700,-3.397768,-3.478743,-3.478743,-3.478743,-3.478743
30.830061,-3.397768,-3.387030,-3.394700,-3.397768,-3.485962,-3.485962,-3.485962,-3.485962
30.840057,-3.426913,-3.416176,-3.422312,-3.429981,-3.491689,-3.491689,-3.491689,-3.491689
30.850060,-3.426913,-3.416176,-3.422312,-3.429981,-3.495928,-3.495928,-3.495928,-3.495928
30.860058,-3.446855,-3.439185,-3.443787,-3.451457,-3.498671,-3.498671,-3.498671,-3.498671
30.870064,-3.446855,-3.439185,-3.443787,-3.451457,-3.499918,-3.499918,-3.499918,-3.499918
30.880056,-3.462195,-3.456059,-3.459127,-3.465263,-3.499665,-3.499665,-3.499665,-3.499665
30.890068,-3.462195,-3.456059,-3.459127,-3.465263,-3.497907,-3.497907,-3.497907,-3.497907
30.900064,-3.471399,-3.466797,-3.466797,-3.474467,-3.494650,-3.494650,-3.494650,-3.494650
30.910065,-3.471399,-3.466797,-3.466797,-3.474467,-3.489888,-3.489888,-3.489888,-3.489888
30.920067,-3.474467,-3.471399,-3.466797,-3.476001,-3.483622,-3.483622,-3.483622,-3.483622
30.930065,-3.474467,-3.471399,-3.466797,-3.476001,-3.475858,-3.475858,-3.475858,-3.475858
30.940065,-3.474467,-3.471399,-3.466797,-3.476001,-3.466593,-3.466593,-3.466593,-3.466593
30.950068,-3.474467,-3.471399,-3.466797,-3.476001,-3.455825,-3.455825,-3.455825,-3.455825
30.960066,-3.474467,-3.471399,-3.466797,-3.476001,-3.443569,-3.443569,-3.443569,-3.443569
30.970066,-3.474467,-3.471399,-3.466797,-3.476001,-3.429816,-3.429816,-3.429816,-3.429816
30.980068,-3.474467,-3.471399,-3.466797,-3.474467,-3.414574,-3.414574,-3.414574,-3.414574
30.990067,-3.474467,-3.471399,-3.466797,-3.474467,-3.397857,-3.397857,-3.397857,-3.397857
31.000069,-3.472933,-3.465263,-3.465263,-3.466797,-3.379655,-3.379655,-3.379655,-3.379655
31.010067,-3.472933,-3.465263,-3.465263,-3.466797,-3.359987,-3.359987,-3.359987,-3.359987
31.020061,-3.449923,-3.439185,-3.454525,-3.440719,-3.338867,-3.338867,-3.338867,-3.338867
31.030060,-3.449923,-3.439185,-3.454525,-3.440719,-3.316281,-3.316281,-3.316281,-3.316281
31.040060,-3.417710,-3.408506,-3.425380,-3.411574,-3.292241,-3.292241,-3.292241,-3.292241
31.050066,-3.417710,-3.408506,-3.425380,-3.411574,-3.266745,-3.266745,-3.266745,-3.266745
31.060051,-3.379360,-3.371690,-3.390098,-3.374758,-3.239876,-3.239876,-3.239876,-3.239876
31.070061,-3.379360,-3.371690,-3.390098,-3.374758,-3.211518,-3.211518,-3.211518,-3.211518
31.080059,-3.339477,-3.328739,-3.348680,-3.327205,-3.181783,-3.181783,-3.181783,-3.181783
31.090061,-3.339477,-3.328739,-3.348680,-3.327205,-3.150641,-3.150641,-3.150641,-3.150641
31.100063,-3.291923,-3.279651,-3.301127,-3.278117,-3.118107,-3.118107,-3.118107,-3.118107
31.110060,-3.291923,-3.279651,-3.301127,-3.278117,-3.084216,-3.084216,-3.084216,-3.084216
31.120054,-3.232098,-3.225962,-3.248972,-3.225962,-3.048974,-3.048974,-3.048974,-3.048974
31.130062,-3.232098,-3.225962,-3.248972,-3.225962,-3.012339,-3.012339,-3.012339,-3.012339
31.140057,-3.175341,-3.173807,-3.193748,-3.175341,-2.974415,-2.974415,-2.974415,-2.974415
31.150059,-3.175341,-3.173807,-3.193748,-3.175341,-2.935145,-2.935145,-2.935145,-2.935145
31.160057,-3.117049,-3.115515,-3.124719,-3.115515,-2.894594,-2.894594,-2.894594,-2.894594
31.170061,-3.117049,-3.115515,-3.124719,-3.115515,-2.852725,-2.852725,-2.852725,-2.852725
31.180059,-3.046486,-3.043418,-3.052622,-3.043418,-2.809618,-2.809618,-2.809618,-2.809618
31.190069,-3.046486,-3.043418,-3.052622,-3.043418,-2.765204,-2.765204,-2.765204,-2.765204
31.200066,-2.968253,-2.965185,-2.974389,-2.965185,-2.719619,-2.719619,-2.719619,-2.719619
31.210066,-2.968253,-2.965185,-2.974389,-2.965185,-2.672799,-2.672799,-2.672799,-2.672799
31.220064,-2.886952,-2.883884,-2.890020,-2.882350,-2.624788,-2.624788,-2.624788,-2.624788
31.230066,-2.886952,-2.883884,-2.890020,-2.882350,-2.575590,-2.575590,-2.575590,-2.575590
31.240068,-2.801049,-2.796447,-2.804117,-2.796447,-2.525230,-2.525230,-2.525230,-2.525230
31.250063,-2.801049,-2.796447,-2.804117,-2.796447,-2.473776,-2.473776,-2.473776,-2.473776
31.260065,-2.705942,-2.704408,-2.713612,-2.707476,-2.421177,-2.421177,-2.421177,-2.421177
31.270069,-2.705942,-2.704408,-2.713612,-2.707476,-2.367469,-2.367469,-2.367469,-2.367469
31.280066,-2.610836,-2.607768,-2.616971,-2.612370,-2.312732,-2.312732,-2.312732,-2.312732
31.290066,-2.610836,-2.607768,-2.616971,-2.612370,-2.256927,-2.256927,-2.256927,-2.256927
31.300064,-2.512661,-2.501923,-2.515729,-2.511127,-2.200104,-2.200104,-2.200104,-2.200104
31.310064,-2.512661,-2.501923,-2.515729,-2.511127,-2.142282,-2.142282,-2.142282,-2.142282
31.320068,-2.405282,-2.396078,-2.406816,-2.402214,-2.083465,-2.083465,-2.083465,-2.083465
31.330067,-2.405282,-2.396078,-2.406816,-2.402214,-2.023722,-2.023722,-2.023722,-2.023722
31.340065,-2.293302,-2.288700,-2.296370,-2.291768,-1.963063,-1.963063,-1.963063,-1.963063
31.350065,-2.293302,-2.288700,-2.296370,-2.291768,-1.901487,-1.901487,-1.901487,-1.901487
31.360062,-2.178253,-2.172117,-2.181321,-2.176719,-1.839069,-1.839069,-1.839069,-1.839069
31.370066,-2.178253,-2.172117,-2.181321,-2.176719,-1.775761,-1.775761,-1.775761,-1.775761
31.380068,-2.060137,-2.054001,-2.064739,-2.060137,-1.711648,-1.711648,-1.711648,-1.711648
31.390066,-2.060137,-2.054001,-2.064739,-2.060137,-1.646760,-1.646760,-1.646760,-1.646760
31.400064,-1.940486,-1.934350,-1.938952,-1.938952,-1.581119,-1.581119,-1.581119,-1.581119
31.410067,-1.940486,-1.934350,-1.938952,-1.938952,-1.514726,-1.514726,-1.514726,-1.514726
31.420063,-1.803962,-1.805496,-1.813166,-1.816234,-1.447656,-1.447656,-1.447656,-1.447656
31.430071,-1.803962,-1.805496,-1.813166,-1.816234,-1.379833,-1.379833,-1.379833,-1.379833
31.440063,-1.675107,-1.676641,-1.681243,-1.685845,-1.311471,-1.311471,-1.311471,-1.311471
31.450066,-1.675107,-1.676641,-1.681243,-1.685845,-1.242423,-1.242423,-1.242423,-1.242423
31.460064,-1.544719,-1.547787,-1.549321,-1.553923,-1.172830,-1.172830,-1.172830,-1.172830
31.470068,-1.544719,-1.547787,-1.549321,-1.553923,-1.102621,-1.102621,-1.102621,-1.102621
31.480062,-1.420466,-1.417398,-1.415864,-1.415864,-1.031970,-1.031970,-1.031970,-1.031970
31.490065,-1.420466,-1.417398,-1.415864,-1.415864,-0.960776,-0.960776,-0.960776,-0.960776
31.500061,-1.290078,-1.285476,-1.283942,-1.279340,-0.889152,-0.889152,-0.889152,-0.889152
31.510071,-1.290078,-1.285476,-1.283942,-1.279340,-0.817014,-0.817014,-0.817014,-0.817014
31.520058,-1.148952,-1.145884,-1.147418,-1.141282,-0.744637,-0.744637,-0.744637,-0.744637
31.530062,-1.148952,-1.145884,-1.147418,-1.141282,-0.671756,-0.671756,-0.671756,-0.671756
31.540062,-1.003224,-1.007825,-1.006292,-1.007825,-0.598597,-0.598597,-0.598597,-0.598597
31.550064,-1.003224,-1.007825,-1.006292,-1.007825,-0.525098,-0.525098,-0.525098,-0.525098
31.560066,-0.855961,-0.863631,-0.865165,-0.852893,-0.451359,-0.451359,-0.451359,-0.451359
31.570072,-0.855961,-0.863631,-0.865165,-0.852893,-0.377340,-0.377340,-0.377340,-0.377340
31.580063,-0.708699,-0.714835,-0.714835,-0.702563,-0.303239,-0.303239,-0.303239,-0.303239
31.590065,-0.708699,-0.714835,-0.714835,-0.702563,-0.228876,-0.228876,-0.228876,-0.228876
31.600063,-0.561437,-0.567573,-0.566039,-0.562971,-0.154412,-0.154412,-0.154412,-0.154412
31.610064,-0.561437,-0.567573,-0.566039,-0.562971,-0.079841,-0.079841,-0.079841,-0.079841
31.620056,-0.415709,-0.423379,-0.420311,-0.417243,-0.005265,-0.005265,-0.005265,-0.005265
31.630066,-0.415709,-0.423379,-0.420311,-0.417243,0.069477,0.069477,0.069477,0.069477
31.640060,-0.266913,-0.280719,-0.276117,-0.271515,0.144104,0.144104,0.144104,0.144104
31.650068,-0.266913,-0.280719,-0.276117,-0.271515,0.218809,0.218809,0.218809,0.218809
31.660059,-0.119651,-0.139592,-0.121184,-0.124252,0.293296,0.293296,0.293296,0.293296
31.670019,-0.119651,-0.139592,-0.121184,-0.124252,0.367464,0.367464,0.367464,0.367464
31.680059,0.026078,0.021476,0.026078,0.035282,0.442083,0.442083,0.442083,0.442083
31.690063,0.026078,0.021476,0.026078,0.035282,0.516262,0.516262,0.516262,0.516262
31.700058,0.173340,0.167204,0.174874,0.182544,0.590157,0.590157,0.590157,0.590157
31.710060,0.173340,0.167204,0.174874,0.182544,0.663868,0.663868,0.663868,0.663868
31.720062,0.320602,0.309864,0.325204,0.332874,0.737309,0.737309,0.737309,0.737309
31.730061,0.320602,0.309864,0.325204,0.332874,0.810424,0.810424,0.810424,0.810424
31.740063,0.469398,0.452524,0.470932,0.481670,0.883211,0.883211,0.883211,0.883211
31.750061,0.469398,0.452524,0.470932,0.481670,0.955599,0.955599,0.955599,0.955599
31.760061,0.616660,0.598253,0.616660,0.628932,1.027578,1.027578,1.027578,1.027578
31.770065,0.616660,0.598253,0.616660,0.628932,1.099157,1.099157,1.099157,1.099157
31.780058,0.762389,0.740913,0.760855,0.771592,1.170171,1.170171,1.170171,1.170171
31.790068,0.762389,0.740913,0.760855,0.771592,1.240788,1.240788,1.240788,1.240788
31.800060,0.909651,0.889709,0.905049,0.920389,1.310746,1.310746,1.310746,1.310746
31.810066,0.909651,0.889709,0.905049,0.920389,1.380221,1.380221,1.380221,1.380221
31.820059,1.053845,1.036971,1.053845,1.066117,1.448990,1.448990,1.448990,1.448990
31.830065,1.053845,1.036971,1.053845,1.066117,1.517215,1.517215,1.517215,1.517215
31.840061,1.196505,1.184233,1.201107,1.211845,1.584687,1.584687,1.584687,1.584687
31.850063,1.196505,1.184233,1.201107,1.211845,1.651500,1.651500,1.651500,1.651500
31.860065,1.336097,1.325360,1.340699,1.351437,1.717574,1.717574,1.717574,1.717574
31.870066,1.336097,1.325360,1.340699,1.351437,1.782867,1.782867,1.782867,1.782867
31.880066,1.475690,1.463418,1.477224,1.489496,1.847350,1.847350,1.847350,1.847350
31.890066,1.475690,1.463418,1.477224,1.489496,1.911009,1.911009,1.911009,1.911009
31.900057,1.612214,1.598408,1.612214,1.624486,1.973744,1.973744,1.973744,1.973744
31.910065,1.612214,1.598408,1.612214,1.624486,2.035691,2.035691,2.035691,2.035691
31.920055,1.745670,1.731865,1.745670,1.756408,2.096604,2.096604,2.096604,2.096604
31.930063,1.745670,1.731865,1.745670,1.756408,2.156674,2.156674,2.156674,2.156674
31.940058,1.872991,1.863787,1.872991,1.883729,2.215683,2.215683,2.215683,2.215683
31.950064,1.872991,1.863787,1.872991,1.883729,2.273743,2.273743,2.273743,2.273743
31.960060,2.001845,1.991107,1.997243,2.011049,2.330706,2.330706,2.330706,2.330706
31.970066,2.001845,1.991107,1.997243,2.011049,2.386667,2.386667,2.386667,2.386667
31.980061,2.123030,2.116894,2.118428,2.133768,2.441461,2.441461,2.441461,2.441461
31.990065,2.123030,2.116894,2.118428,2.133768,2.495192,2.495192,2.495192,2.495192
32.000065,2.235010,2.238078,2.235010,2.251884,2.547736,2.547736,2.547736,2.547736
32.010059,2.235010,2.238078,2.235010,2.251884,2.599108,2.599108,2.599108,2.599108
32.020061,2.348525,2.354661,2.345457,2.366933,2.649291,2.649291,2.649291,2.649291
32.030056,2.348525,2.354661,2.345457,2.366933,2.698230,2.698230,2.698230,2.698230
32.040054,2.460505,2.469709,2.452836,2.478913,2.745931,2.745931,2.745931,2.745931
32.050064,2.460505,2.469709,2.452836,2.478913,2.792412,2.792412,2.792412,2.792412
32.060059,2.563282,2.575554,2.558680,2.586292,2.837522,2.837522,2.837522,2.837522
32.070061,2.563282,2.575554,2.558680,2.586292,2.881353,2.881353,2.881353,2.881353
32.080063,2.662991,2.676797,2.666059,2.687535,2.923829,2.923829,2.923829,2.923829
32.090069,2.662991,2.676797,2.666059,2.687535,2.964973,2.964973,2.964973,2.964973
32.100056,2.759632,2.778040,2.762700,2.784175,3.004658,3.004658,3.004658,3.004658
32.110065,2.759632,2.778040,2.762700,2.784175,3.043016,3.043016,3.043016,3.043016
32.120060,2.851671,2.871613,2.853205,2.873146,3.079895,3.079895,3.079895,3.079895
32.130062,2.851671,2.871613,2.853205,2.873146,3.115357,3.115357,3.115357,3.115357
32.140064,2.932972,2.957515,2.937574,2.959049,3.149356,3.149356,3.149356,3.149356
32.150059,2.932972,2.957515,2.937574,2.959049,3.181855,3.181855,3.181855,3.181855
32.160061,3.012739,3.038816,3.015807,3.040350,3.212867,3.212867,3.212867,3.212867
32.170067,3.012739,3.038816,3.015807,3.040350,3.242388,3.242388,3.242388,3.242388
32.180061,3.089438,3.107846,3.084836,3.106312,3.270344,3.270344,3.270344,3.270344
32.190060,3.089438,3.107846,3.084836,3.106312,3.296769,3.296769,3.296769,3.296769
32.200062,3.150797,3.164603,3.152331,3.166137,3.321635,3.321635,3.321635,3.321635
32.210056,3.150797,3.164603,3.152331,3.166137,3.344916,3.344916,3.344916,3.344916
32.220055,3.209088,3.225962,3.210622,3.225962,3.366619,3.366619,3.366619,3.366619
32.230061,3.209088,3.225962,3.210622,3.225962,3.386736,3.386736,3.386736,3.386736
32.240059,3.264312,3.284253,3.262778,3.284253,3.405235,3.405235,3.405235,3.405235
32.250061,3.264312,3.284253,3.262778,3.284253,3.422111,3.422111,3.422111,3.422111
32.260067,3.313399,3.334875,3.313399,3.333341,3.437368,3.437368,3.437368,3.437368
32.270020,3.313399,3.334875,3.313399,3.333341,3.450911,3.450911,3.450911,3.450911
32.280037,3.350214,3.376292,3.359418,3.373224,3.462892,3.462892,3.462892,3.462892
32.290066,3.350214,3.376292,3.359418,3.373224,3.473220,3.473220,3.473220,3.473220
32.300064,3.382428,3.414642,3.396234,3.402370,3.481856,3.481856,3.481856,3.481856
32.310043,3.382428,3.414642,3.396234,3.402370,3.488807,3.488807,3.488807,3.488807
32.320061,3.408506,3.440719,3.423846,3.431515,3.494110,3.494110,3.494110,3.494110
32.330051,3.408506,3.440719,3.423846,3.431515,3.497719,3.497719,3.497719,3.497719
32.340057,3.433049,3.462195,3.446855,3.456059,3.499650,3.499650,3.499650,3.499650
32.350060,3.433049,3.462195,3.446855,3.456059,3.499893,3.499893,3.499893,3.499893
32.360058,3.448389,3.477535,3.462195,3.472933,3.498447,3.498447,3.498447,3.498447
32.370060,3.448389,3.477535,3.462195,3.472933,3.495311,3.495311,3.495311,3.495311
32.380062,3.456059,3.485205,3.471399,3.479069,3.490486,3.490486,3.490486,3.490486
32.390064,3.456059,3.485205,3.471399,3.479069,3.483969,3.483969,3.483969,3.483969
32.400059,3.456059,3.488273,3.472933,3.480603,3.475768,3.475768,3.475768,3.475768
32.410061,3.456059,3.488273,3.472933,3.480603,3.465876,3.465876,3.465876,3.465876
32.420055,3.456059,3.488273,3.472933,3.480603,3.454305,3.454305,3.454305,3.454305
32.430061,3.456059,3.488273,3.472933,3.480603,3.441046,3.441046,3.441046,3.441046
32.440060,3.457593,3.488273,3.472933,3.479069,3.426114,3.426114,3.426114,3.426114
32.450054,3.457593,3.488273,3.472933,3.479069,3.409522,3.409522,3.409522,3.409522
32.460060,3.456059,3.486739,3.471399,3.479069,3.391248,3.391248,3.391248,3.391248
32.470062,3.456059,3.486739,3.471399,3.479069,3.371320,3.371320,3.371320,3.371320
32.480057,3.451457,3.474467,3.466797,3.465263,3.349751,3.349751,3.349751,3.349751
32.490063,3.451457,3.474467,3.466797,3.465263,3.326524,3.326524,3.326524,3.326524
32.500061,3.429981,3.445321,3.443787,3.436117,3.301684,3.301684,3.301684,3.301684
32.510059,3.429981,3.445321,3.443787,3.436117,3.275215,3.275215,3.275215,3.275215
32.520058,3.391632,3.406972,3.405438,3.396234,3.247136,3.247136,3.247136,3.247136
32.530060,3.391632,3.406972,3.405438,3.396234,3.217452,3.217452,3.217452,3.217452
32.540024,3.351748,3.364020,3.359418,3.351748,3.186304,3.186304,3.186304,3.186304
32.550060,3.351748,3.364020,3.359418,3.351748,3.153352,3.153352,3.153352,3.153352
32.560059,3.304195,3.313399,3.310331,3.304195,3.118961,3.118961,3.118961,3.118961
32.570061,3.304195,3.313399,3.310331,3.304195,3.083005,3.083005,3.083005,3.083005
32.580059,3.247438,3.253574,3.252040,3.245904,3.045536,3.045536,3.045536,3.045536
32.590057,3.247438,3.253574,3.252040,3.245904,3.006564,3.006564,3.006564,3.006564
32.600060,3.183011,3.187613,3.189147,3.181477,2.966087,2.966087,2.966087,2.966087
32.610058,3.183011,3.187613,3.189147,3.181477,2.924135,2.924135,2.924135,2.924135
32.620060,3.120117,3.123185,3.120117,3.115515,2.880724,2.880724,2.880724,2.880724
32.630062,3.120117,3.123185,3.120117,3.115515,2.835875,2.835875,2.835875,2.835875
32.640060,3.043418,3.055690,3.041884,3.046486,2.789618,2.789618,2.789618,2.789618
32.650059,3.043418,3.055690,3.041884,3.046486,2.741955,2.741955,2.741955,2.741955
32.660061,2.959049,2.972855,2.960583,2.965185,2.692929,2.692929,2.692929,2.692929
32.670071,2.959049,2.972855,2.960583,2.965185,2.642490,2.642490,2.642490,2.642490
32.680065,2.870079,2.880816,2.873146,2.874680,2.590811,2.590811,2.590811,2.590811
32.690063,2.870079,2.880816,2.873146,2.874680,2.537791,2.537791,2.537791,2.537791
32.700066,2.778040,2.784175,2.779574,2.781108,2.483499,2.483499,2.483499,2.483499
32.710064,2.778040,2.784175,2.779574,2.781108,2.427943,2.427943,2.427943,2.427943
32.720058,2.679865,2.684467,2.679865,2.679865,2.371198,2.371198,2.371198,2.371198
32.730064,2.679865,2.684467,2.679865,2.679865,2.313190,2.313190,2.313190,2.313190
32.740059,2.575554,2.578622,2.575554,2.577088,2.254066,2.254066,2.254066,2.254066
32.750065,2.575554,2.578622,2.575554,2.577088,2.193736,2.193736,2.193736,2.193736
32.760063,2.466641,2.463573,2.466641,2.466641,2.132342,2.132342,2.132342,2.132342
32.770069,2.466641,2.463573,2.466641,2.466641,2.069817,2.069817,2.069817,2.069817
32.780067,2.351593,2.348525,2.353127,2.350059,2.006270,2.006270,2.006270,2.006270
32.790028,2.351593,2.348525,2.353127,2.350059,1.941932,1.941932,1.941932,1.941932
32.800064,2.233476,2.224272,2.233476,2.231942,1.876113,1.876113,1.876113,1.876113
32.810062,2.233476,2.224272,2.233476,2.231942,1.809593,1.809593,1.809593,1.809593
32.820061,2.110758,2.098486,2.110758,2.112292,1.742104,1.742104,1.742104,1.742104
32.830063,2.110758,2.098486,2.110758,2.112292,1.673717,1.673717,1.673717,1.673717
32.840061,1.980369,1.968098,1.977301,1.981903,1.604491,1.604491,1.604491,1.604491
32.850067,1.980369,1.968098,1.977301,1.981903,1.534386,1.534386,1.534386,1.534386
32.860065,1.848447,1.833107,1.843845,1.848447,1.463507,1.463507,1.463507,1.463507
32.870064,1.848447,1.833107,1.843845,1.848447,1.391884,1.391884,1.391884,1.391884
32.880070,1.711923,1.695049,1.707321,1.713457,1.319487,1.319487,1.319487,1.319487
32.890064,1.711923,1.695049,1.707321,1.713457,1.246459,1.246459,1.246459,1.246459
32.900066,1.573864,1.555457,1.567729,1.570796,1.172728,1.172728,1.172728,1.172728
32.910072,1.573864,1.555457,1.567729,1.570796,1.098340,1.098340,1.098340,1.098340
32.920055,1.434272,1.411263,1.426602,1.431204,1.023558,1.023558,1.023558,1.023558
32.930058,1.434272,1.411263,1.426602,1.431204,0.948063,0.948063,0.948063,0.948063
32.940056,1.291612,1.267068,1.287010,1.287010,0.872106,0.872106,0.872106,0.872106
32.950062,1.291612,1.267068,1.287010,1.287010,0.795627,0.795627,0.795627,0.795627
32.960060,1.145884,1.119806,1.144350,1.135146,0.718740,0.718740,0.718740,0.718740
32.970058,1.145884,1.119806,1.144350,1.135146,0.641488,0.641488,0.641488,0.641488
32.980057,0.995554,0.969476,0.992486,0.975612,0.563860,0.563860,0.563860,0.563860
32.990063,0.995554,0.969476,0.992486,0.975612,0.485883,0.485883,0.485883,0.485883
33.000057,0.842156,0.820680,0.840622,0.820680,0.407681,0.407681,0.407681,0.407681
33.010059,0.842156,0.820680,0.840622,0.820680,0.329216,0.329216,0.329216,0.329216
33.020058,0.682622,0.671884,0.685690,0.671884,0.250558,0.250558,0.250558,0.250558
33.030056,0.682622,0.671884,0.685690,0.671884,0.171752,0.171752,0.171752,0.171752
33.040054,0.529223,0.518486,0.536893,0.520020,0.092812,0.092812,0.092812,0.092812
33.050060,0.529223,0.518486,0.536893,0.520020,0.013744,0.013744,0.013744,0.013744
33.060059,0.371223,0.358952,0.375825,0.366621,-0.065287,-0.065287,-0.065287,-0.065287
33.070057,0.371223,0.358952,0.375825,0.366621,-0.144343,-0.144343,-0.144343,-0.144343
33.080063,0.219359,0.200952,0.213223,0.207087,-0.223378,-0.223378,-0.223378,-0.223378
33.090057,0.219359,0.200952,0.213223,0.207087,-0.302284,-0.302284,-0.302284,-0.302284
33.100056,0.061359,0.044485,0.053689,0.047553,-0.381070,-0.381070,-0.381070,-0.381070
33.110054,0.061359,0.044485,0.053689,0.047553,-0.459714,-0.459714,-0.459714,-0.459714
33.120060,-0.095107,-0.125786,-0.102777,-0.119651,-0.538186,-0.538186,-0.538186,-0.538186
33.130062,-0.095107,-0.125786,-0.102777,-0.119651,-0.616396,-0.616396,-0.616396,-0.616396
33.140064,-0.254641,-0.280719,-0.260777,-0.277651,-0.694323,-0.694323,-0.694323,-0.694323
33.150059,-0.254641,-0.280719,-0.260777,-0.277651,-0.771887,-0.771887,-0.771887,-0.771887
33.160053,-0.414175,-0.431049,-0.415709,-0.434117,-0.849065,-0.849065,-0.849065,-0.849065
33.170063,-0.414175,-0.431049,-0.415709,-0.434117,-0.925925,-0.925925,-0.925925,-0.925925
33.180058,-0.569107,-0.585981,-0.575243,-0.587515,-1.002260,-1.002260,-1.002260,-1.002260
33.190056,-0.569107,-0.585981,-0.575243,-0.587515,-1.078136,-1.078136,-1.078136,-1.078136
33.200054,-0.724039,-0.739379,-0.731709,-0.742447,-1.153484,-1.153484,-1.153484,-1.153484
33.210041,-0.724039,-0.739379,-0.731709,-0.742447,-1.228176,-1.228176,-1.228176,-1.228176
33.220062,-0.878971,-0.888175,-0.885107,-0.894311,-1.302519,-1.302519,-1.302519,-1.302519
33.230064,-0.878971,-0.888175,-0.885107,-0.894311,-1.376067,-1.376067,-1.376067,-1.376067
33.240063,-1.032369,-1.027767,-1.033903,-1.041573,-1.448915,-1.448915,-1.448915,-1.448915
33.250065,-1.032369,-1.027767,-1.033903,-1.041573,-1.521053,-1.521053,-1.521053,-1.521053
33.260063,-1.175029,-1.171961,-1.179631,-1.185767,-1.592434,-1.592434,-1.592434,-1.592434
33.270065,-1.175029,-1.171961,-1.179631,-1.185767,-1.663004,-1.663004,-1.663004,-1.663004
33.280064,-1.320758,-1.319224,-1.325360,-1.334563,-1.732739,-1.732739,-1.732739,-1.732739
33.290066,-1.320758,-1.319224,-1.325360,-1.334563,-1.801623,-1.801623,-1.801623,-1.801623
33.300064,-1.466486,-1.468020,-1.474156,-1.480292,-1.869578,-1.869578,-1.869578,-1.869578
33.310062,-1.466486,-1.468020,-1.474156,-1.480292,-1.936589,-1.936589,-1.936589,-1.936589
33.320065,-1.613748,-1.615282,-1.619884,-1.633690,-2.002625,-2.002625,-2.002625,-2.002625
33.330067,-1.613748,-1.615282,-1.619884,-1.633690,-2.067655,-2.067655,-2.067655,-2.067655
33.340057,-1.759476,-1.757942,-1.762544,-1.776350,-2.131575,-2.131575,-2.131575,-2.131575
33.350063,-1.759476,-1.757942,-1.762544,-1.776350,-2.194481,-2.194481,-2.194481,-2.194481
33.360065,-1.896001,-1.894467,-1.899068,-1.912874,-2.256244,-2.256244,-2.256244,-2.256244
33.370068,-1.896001,-1.894467,-1.899068,-1.912874,-2.316854,-2.316854,-2.316854,-2.316854
33.380066,-2.026389,-2.023321,-2.032525,-2.040195,-2.376260,-2.376260,-2.376260,-2.376260
33.390068,-2.026389,-2.023321,-2.032525,-2.040195,-2.434453,-2.434453,-2.434453,-2.434453
33.400066,-2.152175,-2.149107,-2.159845,-2.164447,-2.491379,-2.491379,-2.491379,-2.491379
33.410061,-2.152175,-2.149107,-2.159845,-2.164447,-2.547020,-2.547020,-2.547020,-2.547020
33.420063,-2.277962,-2.271826,-2.277962,-2.290234,-2.601362,-2.601362,-2.601362,-2.601362
33.430065,-2.277962,-2.271826,-2.277962,-2.290234,-2.654369,-2.654369,-2.654369,-2.654369
33.440060,-2.396078,-2.394544,-2.393010,-2.409884,-2.705962,-2.705962,-2.705962,-2.705962
33.450066,-2.396078,-2.394544,-2.393010,-2.409884,-2.756205,-2.756205,-2.756205,-2.756205
33.460060,-2.511127,-2.508059,-2.508059,-2.524933,-2.804955,-2.804955,-2.804955,-2.804955
33.470066,-2.511127,-2.508059,-2.508059,-2.524933,-2.852307,-2.852307,-2.852307,-2.852307
33.480061,-2.620039,-2.618505,-2.615438,-2.633845,-2.898114,-2.898114,-2.898114,-2.898114
33.490067,-2.620039,-2.618505,-2.615438,-2.633845,-2.942475,-2.942475,-2.942475,-2.942475
33.500057,-2.724350,-2.721282,-2.725884,-2.736622,-2.985221,-2.985221,-2.985221,-2.985221
33.510063,-2.724350,-2.721282,-2.725884,-2.736622,-3.026470,-3.026470,-3.026470,-3.026470
33.520061,-2.824059,-2.819457,-2.825593,-2.834797,-3.066107,-3.066107,-3.066107,-3.066107
33.530067,-2.824059,-2.819457,-2.825593,-2.834797,-3.104165,-3.104165,-3.104165,-3.104165
33.540062,-2.916098,-2.911496,-2.914564,-2.925302,-3.140549,-3.140549,-3.140549,-3.140549
33.550068,-2.916098,-2.911496,-2.914564,-2.925302,-3.175320,-3.175320,-3.175320,-3.175320
33.560062,-3.003535,-2.997399,-2.998933,-3.009671,-3.208382,-3.208382,-3.208382,-3.208382
33.570065,-3.003535,-2.997399,-2.998933,-3.009671,-3.239785,-3.239785,-3.239785,-3.239785
33.580059,-3.083302,-3.080234,-3.077166,-3.089438,-3.269448,-3.269448,-3.269448,-3.269448
33.590057,-3.083302,-3.080234,-3.077166,-3.089438,-3.297386,-3.297386,-3.297386,-3.297386
33.600063,-3.150797,-3.152331,-3.150797,-3.160001,-3.323611,-3.323611,-3.323611,-3.323611
33.610065,-3.150797,-3.152331,-3.150797,-3.160001,-3.348059,-3.348059,-3.348059,-3.348059
33.620060,-3.209088,-3.207554,-3.216758,-3.215224,-3.370714,-3.370714,-3.370714,-3.370714
33.630066,-3.209088,-3.207554,-3.216758,-3.215224,-3.391603,-3.391603,-3.391603,-3.391603
33.640057,-3.271981,-3.261244,-3.270447,-3.271981,-3.410663,-3.410663,-3.410663,-3.410663
33.650063,-3.271981,-3.261244,-3.270447,-3.271981,-3.427932,-3.427932,-3.427932,-3.427932
33.660053,-3.324137,-3.310331,-3.322603,-3.324137,-3.443349,-3.443349,-3.443349,-3.443349
33.670059,-3.324137,-3.310331,-3.322603,-3.324137,-3.456947,-3.456947,-3.456947,-3.456947
33.680061,-3.368622,-3.357884,-3.367088,-3.368622,-3.468693,-3.468693,-3.468693,-3.468693
33.690063,-3.368622,-3.357884,-3.367088,-3.368622,-3.478584,-3.478584,-3.478584,-3.478584
33.700062,-3.406972,-3.397768,-3.400836,-3.405438,-3.486608,-3.486608,-3.486608,-3.486608
33.710064,-3.406972,-3.397768,-3.400836,-3.405438,-3.492762,-3.492762,-3.492762,-3.492762
33.720062,-3.434583,-3.426913,-3.431515,-3.439185,-3.497040,-3.497040,-3.497040,-3.497040
33.730064,-3.434583,-3.426913,-3.431515,-3.439185,-3.499438,-3.499438,-3.499438,-3.499438
33.740063,-3.457593,-3.448389,-3.451457,-3.459127,-3.499951,-3.499951,-3.499951,-3.499951
33.750065,-3.457593,-3.448389,-3.451457,-3.459127,-3.498578,-3.498578,-3.498578,-3.498578
33.760063,-3.468331,-3.463729,-3.465263,-3.471399,-3.495318,-3.495318,-3.495318,-3.495318
33.770061,-3.468331,-3.463729,-3.465263,-3.471399,-3.490170,-3.490170,-3.490170,-3.490170
33.780064,-3.474467,-3.471399,-3.468331,-3.476001,-3.483131,-3.483131,-3.483131,-3.483131
33.790066,-3.474467,-3.471399,-3.468331,-3.476001,-3.474207,-3.474207,-3.474207,-3.474207
33.800064,-3.474467,-3.471399,-3.468331,-3.477535,-3.463401,-3.463401,-3.463401,-3.463401
33.810062,-3.474467,-3.471399,-3.468331,-3.477535,-3.450716,-3.450716,-3.450716,-3.450716
33.820065,-3.474467,-3.471399,-3.468331,-3.477535,-3.436149,-3.436149,-3.436149,-3.436149
33.830067,-3.474467,-3.471399,-3.468331,-3.477535,-3.419713,-3.419713,-3.419713,-3.419713
33.840065,-3.474467,-3.469865,-3.466797,-3.476001,-3.401420,-3.401420,-3.401420,-3.401420
33.850063,-3.474467,-3.469865,-3.466797,-3.476001,-3.381275,-3.381275,-3.381275,-3.381275
33.860065,-3.469865,-3.462195,-3.465263,-3.462195,-3.359271,-3.359271,-3.359271,-3.359271
33.870068,-3.469865,-3.462195,-3.465263,-3.462195,-3.335428,-3.335428,-3.335428,-3.335428
33.880062,-3.440719,-3.431515,-3.448389,-3.433049,-3.309780,-3.309780,-3.309780,-3.309780
33.890064,-3.440719,-3.431515,-3.448389,-3.433049,-3.282304,-3.282304,-3.282304,-3.282304
33.900063,-3.402370,-3.391632,-3.413108,-3.396234,-3.253031,-3.253031,-3.253031,-3.253031
33.910027,-3.402370,-3.391632,-3.413108,-3.396234,-3.222080,-3.222080,-3.222080,-3.222080
33.920059,-3.356350,-3.345613,-3.368622,-3.347147,-3.189138,-3.189138,-3.189138,-3.189138
33.930061,-3.356350,-3.345613,-3.368622,-3.347147,-3.154537,-3.154537,-3.154537,-3.154537
33.940060,-3.307263,-3.294991,-3.316467,-3.293457,-3.118205,-3.118205,-3.118205,-3.118205
33.950062,-3.307263,-3.294991,-3.316467,-3.293457,-3.080141,-3.080141,-3.080141,-3.080141
33.960060,-3.245904,-3.235166,-3.259710,-3.236700,-3.040384,-3.040384,-3.040384,-3.040384
33.970058,-3.245904,-3.235166,-3.259710,-3.236700,-2.998947,-2.998947,-2.998947,-2.998947
33.980061,-3.178409,-3.178409,-3.195282,-3.179943,-2.955837,-2.955837,-2.955837,-2.955837
33.990059,-3.178409,-3.178409,-3.195282,-3.179943,-2.911090,-2.911090,-2.911090,-2.911090
34.000061,-3.115515,-3.113981,-3.117049,-3.112448,-2.864723,-2.864723,-2.864723,-2.864723
34.010067,-3.115515,-3.113981,-3.117049,-3.112448,-2.816732,-2.816732,-2.816732,-2.816732
34.020058,-3.034214,-3.032681,-3.040350,-3.032681,-2.767240,-2.767240,-2.767240,-2.767240
34.030064,-3.034214,-3.032681,-3.040350,-3.032681,-2.716133,-2.716133,-2.716133,-2.716133
34.040058,-2.946778,-2.945244,-2.949846,-2.943710,-2.663568,-2.663568,-2.663568,-2.663568
34.050060,-2.946778,-2.945244,-2.949846,-2.943710,-2.609457,-2.609457,-2.609457,-2.609457
34.060059,-2.850137,-2.848603,-2.857807,-2.850137,-2.553916,-2.553916,-2.553916,-2.553916
34.070061,-2.850137,-2.848603,-2.857807,-2.850137,-2.496913,-2.496913,-2.496913,-2.496913
34.080059,-2.748894,-2.747360,-2.758098,-2.750428,-2.438532,-2.438532,-2.438532,-2.438532
34.090057,-2.748894,-2.747360,-2.758098,-2.750428,-2.378772,-2.378772,-2.378772,-2.378772
34.100060,-2.643049,-2.643049,-2.650719,-2.646117,-2.317658,-2.317658,-2.317658,-2.317658
34.110058,-2.643049,-2.643049,-2.650719,-2.646117,-2.255248,-2.255248,-2.255248,-2.255248
34.120068,-2.534137,-2.528001,-2.538738,-2.534137,-2.191506,-2.191506,-2.191506,-2.191506
34.130066,-2.534137,-2.528001,-2.538738,-2.534137,-2.126579,-2.126579,-2.126579,-2.126579
34.140060,-2.417554,-2.409884,-2.420622,-2.414486,-2.060453,-2.060453,-2.060453,-2.060453
34.150066,-2.417554,-2.409884,-2.420622,-2.414486,-1.993091,-1.993091,-1.993091,-1.993091
34.160061,-2.294836,-2.288700,-2.297904,-2.293302,-1.924676,-1.924676,-1.924676,-1.924676
34.170067,-2.294836,-2.288700,-2.297904,-2.293302,-1.855093,-1.855093,-1.855093,-1.855093
34.180061,-2.167515,-2.159845,-2.169049,-2.164447,-1.784504,-1.784504,-1.784504,-1.784504
34.190056,-2.167515,-2.159845,-2.169049,-2.164447,-1.712905,-1.712905,-1.712905,-1.712905
34.200066,-2.032525,-2.027923,-2.032525,-2.030991,-1.640210,-1.640210,-1.640210,-1.640210
34.210060,-2.032525,-2.027923,-2.032525,-2.030991,-1.566656,-1.566656,-1.566656,-1.566656
34.220058,-1.892933,-1.889865,-1.894467,-1.896001,-1.492193,-1.492193,-1.492193,-1.492193
34.230064,-1.892933,-1.889865,-1.894467,-1.896001,-1.416799,-1.416799,-1.416799,-1.416799
34.240055,-1.750272,-1.744136,-1.751806,-1.753340,-1.340710,-1.340710,-1.340710,-1.340710
34.250061,-1.750272,-1.744136,-1.751806,-1.753340,-1.263714,-1.263714,-1.263714,-1.263714
34.260063,-1.607612,-1.598408,-1.604544,-1.607612,-1.185994,-1.185994,-1.185994,-1.185994
34.270058,-1.607612,-1.598408,-1.604544,-1.607612,-1.107635,-1.107635,-1.107635,-1.107635
34.280060,-1.458816,-1.452680,-1.455748,-1.458816,-1.028579,-1.028579,-1.028579,-1.028579
34.290062,-1.458816,-1.452680,-1.455748,-1.458816,-0.948924,-0.948924,-0.948924,-0.948924
34.300034,-1.313088,-1.308486,-1.306952,-1.310020,-0.868904,-0.868904,-0.868904,-0.868904
34.310059,-1.313088,-1.308486,-1.306952,-1.310020,-0.787976,-0.787976,-0.787976,-0.787976
34.320057,-1.158156,-1.156622,-1.156622,-1.158156,-0.706768,-0.706768,-0.706768,-0.706768
34.330059,-1.158156,-1.156622,-1.156622,-1.158156,-0.625103,-0.625103,-0.625103,-0.625103
34.340061,-0.998622,-0.998622,-0.998622,-1.000156,-0.543034,-0.543034,-0.543034,-0.543034
34.350063,-0.998622,-0.998622,-0.998622,-1.000156,-0.460659,-0.460659,-0.460659,-0.460659
34.360062,-0.829884,-0.836020,-0.836020,-0.832952,-0.377991,-0.377991,-0.377991,-0.377991
34.370060,-0.829884,-0.836020,-0.836020,-0.832952,-0.295088,-0.295088,-0.295088,-0.295088
34.380058,-0.664214,-0.671884,-0.673418,-0.664214,-0.211975,-0.211975,-0.211975,-0.211975
34.390060,-0.664214,-0.671884,-0.673418,-0.664214,-0.128686,-0.128686,-0.128686,-0.128686
34.400066,-0.498544,-0.510816,-0.507748,-0.501612,-0.045250,-0.045250,-0.045250,-0.045250
34.410061,-0.498544,-0.510816,-0.507748,-0.501612,0.038138,0.038138,0.038138,0.038138
34.420063,-0.337476,-0.349748,-0.343612,-0.342078,0.121590,0.121590,0.121590,0.121590
34.430065,-0.337476,-0.349748,-0.343612,-0.342078,0.205019,0.205019,0.205019,0.205019
34.440060,-0.171806,-0.190214,-0.181010,-0.174874,0.288316,0.288316,0.288316,0.288316
34.450062,-0.171806,-0.190214,-0.181010,-0.174874,0.371544,0.371544,0.371544,0.371544
34.460060,-0.009204,-0.021476,-0.007670,0.003068,0.454545,0.454545,0.454545,0.454545
34.470066,-0.009204,-0.021476,-0.007670,0.003068,0.537382,0.537382,0.537382,0.537382
34.480064,0.158000,0.148796,0.159534,0.168738,0.619876,0.619876,0.619876,0.619876
34.490063,0.158000,0.148796,0.159534,0.168738,0.702059,0.702059,0.702059,0.702059
34.500057,0.320602,0.309864,0.326738,0.332874,0.783861,0.783861,0.783861,0.783861
34.510063,0.320602,0.309864,0.326738,0.332874,0.865318,0.865318,0.865318,0.865318
34.520058,0.486272,0.469398,0.489340,0.498544,0.946222,0.946222,0.946222,0.946222
34.530064,0.486272,0.469398,0.489340,0.498544,1.026705,1.026705,1.026705,1.026705
34.540062,0.648874,0.630466,0.650408,0.662680,1.106586,1.106586,1.106586,1.106586
34.550068,0.648874,0.630466,0.650408,0.662680,1.185904,1.185904,1.185904,1.185904
34.560059,0.820680,0.793068,0.811476,0.825282,1.264464,1.264464,1.264464,1.264464
34.570065,0.820680,0.793068,0.811476,0.825282,1.342438,1.342438,1.342438,1.342438
34.580055,0.983282,0.955670,0.974078,0.987884,1.419554,1.419554,1.419554,1.419554
34.590065,0.983282,0.955670,0.974078,0.987884,1.496026,1.496026,1.496026,1.496026
34.600063,1.142816,1.121340,1.141282,1.150486,1.571594,1.571594,1.571594,1.571594
34.610065,1.142816,1.121340,1.141282,1.150486,1.646283,1.646283,1.646283,1.646283
34.620018,1.296214,1.280874,1.302350,1.313088,1.719713,1.719713,1.719713,1.719713
34.630070,1.296214,1.280874,1.302350,1.313088,1.792882,1.792882,1.792882,1.792882
34.640064,1.448078,1.435806,1.454214,1.474156,1.864665,1.864665,1.864665,1.864665
34.650066,1.448078,1.435806,1.454214,1.474156,1.935414,1.935414,1.935414,1.935414
34.660065,1.598408,1.589204,1.604544,1.622952,2.005041,2.005041,2.005041,2.005041
34.670063,1.598408,1.589204,1.604544,1.622952,2.073563,2.073563,2.073563,2.073563
34.680054,1.750272,1.738001,1.750272,1.770214,2.140829,2.140829,2.140829,2.140829
34.690060,1.750272,1.738001,1.750272,1.770214,2.207009,2.207009,2.207009,2.207009
34.700062,1.896001,1.883729,1.894467,1.915942,2.271874,2.271874,2.271874,2.271874
34.710064,1.896001,1.883729,1.894467,1.915942,2.335463,2.335463,2.335463,2.335463
34.720062,2.032525,2.026389,2.037127,2.054001,2.397689,2.397689,2.397689,2.397689
34.730068,2.032525,2.026389,2.037127,2.054001,2.458570,2.458570,2.458570,2.458570
34.740063,2.165981,2.167515,2.170583,2.182855,2.517998,2.517998,2.517998,2.517998
34.750065,2.165981,2.167515,2.170583,2.182855,2.576018,2.576018,2.576018,2.576018
34.760063,2.294836,2.302505,2.297904,2.311709,2.632530,2.632530,2.632530,2.632530
34.770061,2.294836,2.302505,2.297904,2.311709,2.687538,2.687538,2.687538,2.687538
34.780064,2.422156,2.428292,2.422156,2.440564,2.740997,2.740997,2.740997,2.740997
34.790066,2.422156,2.428292,2.422156,2.440564,2.792882,2.792882,2.792882,2.792882
34.800064,2.538738,2.547942,2.538738,2.560214,2.843122,2.843122,2.843122,2.843122
34.810066,2.538738,2.547942,2.538738,2.560214,2.891736,2.891736,2.891736,2.891736
34.820065,2.652253,2.662991,2.647651,2.672195,2.938662,2.938662,2.938662,2.938662
34.830063,2.652253,2.662991,2.647651,2.672195,2.983868,2.983868,2.983868,2.983868
34.840057,2.759632,2.774972,2.753496,2.781108,3.027339,3.027339,3.027339,3.027339
34.850029,2.759632,2.774972,2.753496,2.781108,3.068945,3.068945,3.068945,3.068945
34.860058,2.859341,2.879282,2.854739,2.883884,3.108984,3.108984,3.108984,3.108984
34.870056,2.859341,2.879282,2.854739,2.883884,3.147100,3.147100,3.147100,3.147100
34.880058,2.949846,2.975923,2.949846,2.977457,3.183375,3.183375,3.183375,3.183375
34.890064,2.949846,2.975923,2.949846,2.977457,3.217805,3.217805,3.217805,3.217805
34.900059,3.040350,3.061826,3.034214,3.061826,3.250303,3.250303,3.250303,3.250303
34.910057,3.040350,3.061826,3.034214,3.061826,3.280908,3.280908,3.280908,3.280908
34.920055,3.117049,3.132389,3.118583,3.132389,3.309591,3.309591,3.309591,3.309591
34.930058,3.117049,3.132389,3.118583,3.132389,3.336324,3.336324,3.336324,3.336324
34.940063,3.181477,3.199884,3.187613,3.198350,3.361105,3.361105,3.361105,3.361105
34.950066,3.181477,3.199884,3.187613,3.198350,3.383892,3.383892,3.383892,3.383892
34.960030,3.244370,3.265846,3.245904,3.262778,3.404601,3.404601,3.404601,3.404601
34.970051,3.244370,3.265846,3.245904,3.262778,3.423409,3.423409,3.423409,3.423409
34.980042,3.302661,3.324137,3.302661,3.321069,3.440136,3.440136,3.440136,3.440136
34.990063,3.302661,3.324137,3.302661,3.321069,3.454865,3.454865,3.454865,3.454865
35.000057,3.347147,3.371690,3.353282,3.367088,3.467503,3.467503,3.467503,3.467503
35.010059,3.347147,3.371690,3.353282,3.367088,3.478089,3.478089,3.478089,3.478089
35.020058,3.383962,3.414642,3.396234,3.403904,3.486601,3.486601,3.486601,3.486601
35.030056,3.383962,3.414642,3.396234,3.403904,3.493036,3.493036,3.493036,3.493036
35.040054,3.413108,3.445321,3.426913,3.436117,3.497386,3.497386,3.497386,3.497386
35.050056,3.413108,3.445321,3.426913,3.436117,3.499647,3.499647,3.499647,3.499647
35.060059,3.437651,3.465263,3.449923,3.460661,3.499815,3.499815,3.499815,3.499815
35.070057,3.437651,3.465263,3.449923,3.460661,3.497887,3.497887,3.497887,3.497887
35.080059,3.452991,3.480603,3.463729,3.474467,3.493860,3.493860,3.493860,3.493860
35.090061,3.452991,3.480603,3.463729,3.474467,3.487735,3.487735,3.487735,3.487735
35.100060,3.456059,3.486739,3.471399,3.479069,3.479514,3.479514,3.479514,3.479514
35.110062,3.456059,3.486739,3.471399,3.479069,3.469199,3.469199,3.469199,3.469199
35.120060,3.456059,3.486739,3.471399,3.479069,3.456796,3.456796,3.456796,3.456796
35.130062,3.456059,3.486739,3.471399,3.479069,3.442303,3.442303,3.442303,3.442303
35.140060,3.456059,3.486739,3.471399,3.479069,3.425735,3.425735,3.425735,3.425735
35.150059,3.456059,3.486739,3.471399,3.479069,3.407096,3.407096,3.407096,3.407096
35.160057,3.456059,3.486739,3.469865,3.477535,3.386395,3.386395,3.386395,3.386395
35.170059,3.456059,3.486739,3.469865,3.477535,3.363633,3.363633,3.363633,3.363633
35.180061,3.451457,3.474467,3.466797,3.465263,3.338835,3.338835,3.338835,3.338835
35.190063,3.451457,3.474467,3.466797,3.465263,3.311998,3.311998,3.311998,3.311998
35.200069,3.428447,3.443787,3.439185,3.433049,3.283147,3.283147,3.283147,3.283147
35.210060,3.428447,3.443787,3.439185,3.433049,3.252328,3.252328,3.252328,3.252328
35.220081,3.385496,3.397768,3.396234,3.388564,3.219425,3.219425,3.219425,3.219425
35.230061,3.385496,3.397768,3.396234,3.388564,3.184712,3.184712,3.184712,3.184712
35.240059,3.339477,3.348680,3.342545,3.337943,3.147976,3.147976,3.147976,3.147976
35.250061,3.339477,3.348680,3.342545,3.337943,3.109296,3.109296,3.109296,3.109296
35.260059,3.284253,3.290389,3.285787,3.279651,3.068728,3.068728,3.068728,3.068728
35.270058,3.284253,3.290389,3.285787,3.279651,3.026284,3.026284,3.026284,3.026284
35.280060,3.215224,3.219826,3.218292,3.212156,2.981966,2.981966,2.981966,2.981966
35.290058,3.215224,3.219826,3.218292,3.212156,2.935813,2.935813,2.935813,2.935813
35.300056,3.143127,3.146195,3.146195,3.140059,2.887856,2.887856,2.887856,2.887856
35.310059,3.143127,3.146195,3.146195,3.140059,2.838107,2.838107,2.838107,2.838107
35.320057,3.064894,3.072564,3.063360,3.063360,2.786620,2.786620,2.786620,2.786620
35.330059,3.064894,3.072564,3.063360,3.063360,2.733380,2.733380,2.733380,2.733380
35.340061,2.971321,2.985127,2.977457,2.975923,2.678466,2.678466,2.678466,2.678466
35.350063,2.971321,2.985127,2.977457,2.975923,2.621871,2.621871,2.621871,2.621871
35.360065,2.874680,2.886952,2.882350,2.877748,2.563637,2.563637,2.563637,2.563637
35.370068,2.874680,2.886952,2.882350,2.877748,2.503822,2.503822,2.503822,2.503822
35.380058,2.770370,2.776506,2.774972,2.773438,2.442514,2.442514,2.442514,2.442514
35.390064,2.770370,2.776506,2.774972,2.773438,2.379581,2.379581,2.379581,2.379581
35.400066,2.658389,2.662991,2.664525,2.661457,2.315196,2.315196,2.315196,2.315196
35.410065,2.658389,2.662991,2.664525,2.661457,2.249377,2.249377,2.249377,2.249377
35.420067,2.546408,2.544874,2.543340,2.544874,2.182130,2.182130,2.182130,2.182130
35.430061,2.546408,2.544874,2.543340,2.544874,2.113542,2.113542,2.113542,2.113542
35.440063,2.425224,2.419088,2.422156,2.422156,2.043577,2.043577,2.043577,2.043577
35.450062,2.425224,2.419088,2.422156,2.422156,1.972349,1.972349,1.972349,1.972349
35.460056,2.291768,2.285632,2.288700,2.290234,1.899918,1.899918,1.899918,1.899918
35.470055,2.291768,2.285632,2.288700,2.290234,1.826241,1.826241,1.826241,1.826241
35.480053,2.155243,2.144506,2.152175,2.155243,1.751403,1.751403,1.751403,1.751403
35.490059,2.155243,2.144506,2.152175,2.155243,1.675421,1.675421,1.675421,1.675421
35.500061,2.014117,2.000311,2.007981,2.011049,1.598375,1.598375,1.598375,1.598375
35.510059,2.014117,2.000311,2.007981,2.011049,1.520335,1.520335,1.520335,1.520335
35.520058,1.869923,1.849981,1.860719,1.859185,1.441307,1.441307,1.441307,1.441307
35.530060,1.869923,1.849981,1.860719,1.859185,1.361364,1.361364,1.361364,1.361364
35.540058,1.708855,1.699651,1.708855,1.704253,1.280527,1.280527,1.280527,1.280527
35.550060,1.708855,1.699651,1.708855,1.704253,1.198855,1.198855,1.198855,1.198855
35.560059,1.553923,1.546253,1.555457,1.553923,1.116428,1.116428,1.116428,1.116428
35.570057,1.553923,1.546253,1.555457,1.553923,1.033271,1.033271,1.033271,1.033271
35.580055,1.402059,1.385185,1.398991,1.395923,0.949441,0.949441,0.949441,0.949441
35.590065,1.402059,1.385185,1.398991,1.395923,0.864901,0.864901,0.864901,0.864901
35.600060,1.247127,1.224117,1.236389,1.239457,0.779897,0.779897,0.779897,0.779897
35.610058,1.247127,1.224117,1.236389,1.239457,0.694327,0.694327,0.694327,0.694327
35.620060,1.081457,1.059981,1.070719,1.069185,0.608276,0.608276,0.608276,0.608276
35.630062,1.081457,1.059981,1.070719,1.069185,0.521814,0.521814,0.521814,0.521814
35.640060,0.914253,0.891243,0.901981,0.901981,0.435024,0.435024,0.435024,0.435024
35.650059,0.914253,0.891243,0.901981,0.901981,0.347893,0.347893,0.347893,0.347893
35.660057,0.743981,0.725573,0.734777,0.730175,0.260527,0.260527,0.260527,0.260527
35.670059,0.743981,0.725573,0.734777,0.730175,0.172941,0.172941,0.172941,0.172941
35.680061,0.575243,0.558369,0.572175,0.561437,0.085219,0.085219,0.085219,0.085219
35.690060,0.575243,0.558369,0.572175,0.561437,-0.002584,-0.002584,-0.002584,-0.002584
35.700062,0.403437,0.380427,0.397301,0.388097,-0.090419,-0.090419,-0.090419,-0.090419
35.710060,0.403437,0.380427,0.397301,0.388097,-0.178232,-0.178232,-0.178232,-0.178232
35.720058,0.227029,0.202485,0.213223,0.211689,-0.265943,-0.265943,-0.265943,-0.265943
35.730061,0.227029,0.202485,0.213223,0.211689,-0.353573,-0.353573,-0.353573,-0.353573
35.740055,0.049087,0.030680,0.036816,0.033748,-0.440969,-0.440969,-0.440969,-0.440969
35.750065,0.049087,0.030680,0.036816,0.033748,-0.528218,-0.528218,-0.528218,-0.528218
35.760056,-0.125786,-0.156466,-0.133456,-0.151864,-0.615018,-0.615018,-0.615018,-0.615018
35.770061,-0.125786,-0.156466,-0.133456,-0.151864,-0.701573,-0.701573,-0.701573,-0.701573
35.780060,-0.302194,-0.328272,-0.303728,-0.326738,-0.787671,-0.787671,-0.787671,-0.787671
35.790058,-0.302194,-0.328272,-0.303728,-0.326738,-0.873308,-0.873308,-0.873308,-0.873308
35.800056,-0.477068,-0.498544,-0.472466,-0.501612,-0.958410,-0.958410,-0.958410,-0.958410
35.810059,-0.477068,-0.498544,-0.472466,-0.501612,-1.042968,-1.042968,-1.042968,-1.042968
35.820057,-0.650408,-0.662680,-0.644272,-0.671884,-1.126892,-1.126892,-1.126892,-1.126892
35.830055,-0.650408,-0.662680,-0.644272,-0.671884,-1.210124,-1.210124,-1.210124,-1.210124
35.840057,-0.823748,-0.826816,-0.819146,-0.842156,-1.292624,-1.292624,-1.292624,-1.292624
35.850060,-0.823748,-0.826816,-0.819146,-0.842156,-1.374341,-1.374341,-1.374341,-1.374341
35.860058,-0.994020,-0.983282,-0.989418,-1.006292,-1.455215,-1.455215,-1.455215,-1.455215
35.870060,-0.994020,-0.983282,-0.989418,-1.006292,-1.535180,-1.535180,-1.535180,-1.535180
35.880054,-1.158156,-1.141282,-1.150486,-1.164292,-1.614174,-1.614174,-1.614174,-1.614174
35.890060,-1.158156,-1.141282,-1.150486,-1.164292,-1.692232,-1.692232,-1.692232,-1.692232
35.900063,-1.314622,-1.303884,-1.317690,-1.326894,-1.769208,-1.769208,-1.769208,-1.769208
35.910057,-1.314622,-1.303884,-1.317690,-1.326894,-1.845035,-1.845035,-1.845035,-1.845035
35.920059,-1.475690,-1.466486,-1.480292,-1.491030,-1.919758,-1.919758,-1.919758,-1.919758
35.930058,-1.475690,-1.466486,-1.480292,-1.491030,-1.993260,-1.993260,-1.993260,-1.993260
35.940056,-1.638292,-1.632156,-1.650564,-1.658233,-2.065502,-2.065502,-2.065502,-2.065502
35.950058,-1.638292,-1.632156,-1.650564,-1.658233,-2.136480,-2.136480,-2.136480,-2.136480
35.960060,-1.800894,-1.791690,-1.807030,-1.817768,-2.206100,-2.206100,-2.206100,-2.206100
35.970062,-1.800894,-1.791690,-1.807030,-1.817768,-2.274333,-2.274333,-2.274333,-2.274333
35.980057,-1.951224,-1.940486,-1.955826,-1.963496,-2.341093,-2.341093,-2.341093,-2.341093
35.990063,-1.951224,-1.940486,-1.955826,-1.963496,-2.406418,-2.406418,-2.406418,-2.406418
36.000057,-2.092350,-2.081612,-2.095418,-2.104622,-2.470173,-2.470173,-2.470173,-2.470173
36.010017,-2.092350,-2.081612,-2.095418,-2.104622,-2.532122,-2.532122,-2.532122,-2.532122
36.020061,-2.230408,-2.219671,-2.233476,-2.244214,-2.592985,-2.592985,-2.592985,-2.592985
36.030060,-2.230408,-2.219671,-2.233476,-2.244214,-2.651925,-2.651925,-2.651925,-2.651925
36.040058,-2.370001,-2.356195,-2.371535,-2.377671,-2.709160,-2.709160,-2.709160,-2.709160
36.050068,-2.370001,-2.356195,-2.371535,-2.377671,-2.764745,-2.764745,-2.764745,-2.764745
36.060062,-2.497321,-2.483515,-2.498855,-2.508059,-2.818463,-2.818463,-2.818463,-2.818463
36.070065,-2.497321,-2.483515,-2.498855,-2.508059,-2.870418,-2.870418,-2.870418,-2.870418
36.080059,-2.616971,-2.606234,-2.616971,-2.627709,-2.920487,-2.920487,-2.920487,-2.920487
36.090061,-2.616971,-2.606234,-2.616971,-2.627709,-2.968713,-2.968713,-2.968713,-2.968713
36.100033,-2.727418,-2.722816,-2.732020,-2.741224,-3.014888,-3.014888,-3.014888,-3.014888
36.110065,-2.727418,-2.722816,-2.732020,-2.741224,-3.059404,-3.059404,-3.059404,-3.059404
36.120060,-2.839399,-2.831729,-2.840933,-2.848603,-3.101775,-3.101775,-3.101775,-3.101775
36.130066,-2.839399,-2.831729,-2.840933,-2.848603,-3.142176,-3.142176,-3.142176,-3.142176
36.140030,-2.939108,-2.932972,-2.937574,-2.949846,-3.180394,-3.180394,-3.180394,-3.180394
36.150043,-2.939108,-2.932972,-2.937574,-2.949846,-3.216745,-3.216745,-3.216745,-3.216745
36.160049,-3.031147,-3.025011,-3.029613,-3.043418,-3.250975,-3.250975,-3.250975,-3.250975
36.170013,-3.031147,-3.025011,-3.029613,-3.043418,-3.282951,-3.282951,-3.282951,-3.282951
36.180058,-3.115515,-3.112448,-3.112448,-3.126253,-3.313049,-3.313049,-3.313049,-3.313049
36.190063,-3.115515,-3.112448,-3.112448,-3.126253,-3.340866,-3.340866,-3.340866,-3.340866
36.200058,-3.183011,-3.183011,-3.192214,-3.195282,-3.366462,-3.366462,-3.366462,-3.366462
36.210068,-3.183011,-3.183011,-3.192214,-3.195282,-3.389906,-3.389906,-3.389906,-3.389906
36.220062,-3.252040,-3.244370,-3.256642,-3.255108,-3.411103,-3.411103,-3.411103,-3.411103
36.230068,-3.252040,-3.244370,-3.256642,-3.255108,-3.430080,-3.430080,-3.430080,-3.430080
36.240059,-3.314933,-3.299593,-3.313399,-3.313399,-3.446789,-3.446789,-3.446789,-3.446789
36.250065,-3.314933,-3.299593,-3.313399,-3.313399,-3.461261,-3.461261,-3.461261,-3.461261
36.260059,-3.365554,-3.350214,-3.360952,-3.364020,-3.473442,-3.473442,-3.473442,-3.473442
36.270065,-3.365554,-3.350214,-3.360952,-3.364020,-3.483351,-3.483351,-3.483351,-3.483351
36.280060,-3.408506,-3.396234,-3.400836,-3.406972,-3.490957,-3.490957,-3.490957,-3.490957
36.290070,-3.408506,-3.396234,-3.400836,-3.406972,-3.496268,-3.496268,-3.496268,-3.496268
36.300060,-3.437651,-3.429981,-3.433049,-3.443787,-3.499265,-3.499265,-3.499265,-3.499265
36.310066,-3.437651,-3.429981,-3.433049,-3.443787,-3.499952,-3.499952,-3.499952,-3.499952
36.320057,-3.459127,-3.451457,-3.454525,-3.463729,-3.498324,-3.498324,-3.498324,-3.498324
36.330059,-3.459127,-3.451457,-3.454525,-3.463729,-3.494378,-3.494378,-3.494378,-3.494378
36.340057,-3.471399,-3.465263,-3.468331,-3.474467,-3.488114,-3.488114,-3.488114,-3.488114
36.350063,-3.471399,-3.465263,-3.468331,-3.474467,-3.479530,-3.479530,-3.479530,-3.479530
36.360058,-3.474467,-3.471399,-3.468331,-3.476001,-3.468640,-3.468640,-3.468640,-3.468640
36.370064,-3.474467,-3.471399,-3.468331,-3.476001,-3.455432,-3.455432,-3.455432,-3.455432
36.380043,-3.474467,-3.471399,-3.468331,-3.476001,-3.439955,-3.439955,-3.439955,-3.439955
36.390060,-3.474467,-3.471399,-3.468331,-3.476001,-3.422129,-3.422129,-3.422129,-3.422129
36.400063,-3.474467,-3.469865,-3.468331,-3.474467,-3.402037,-3.402037,-3.402037,-3.402037
36.410061,-3.474467,-3.469865,-3.468331,-3.474467,-3.379676,-3.379676,-3.379676,-3.379676
36.420055,-3.471399,-3.465263,-3.466797,-3.465263,-3.355056,-3.355056,-3.355056,-3.355056
36.430061,-3.471399,-3.465263,-3.466797,-3.465263,-3.328171,-3.328171,-3.328171,-3.328171
36.440056,-3.443787,-3.434583,-3.446855,-3.431515,-3.299073,-3.299073,-3.299073,-3.299073
36.450024,-3.443787,-3.434583,-3.446855,-3.431515,-3.267845,-3.267845,-3.267845,-3.267845
36.460056,-3.400836,-3.390098,-3.406972,-3.390098,-3.234208,-3.234208,-3.234208,-3.234208
36.470058,-3.400836,-3.390098,-3.406972,-3.390098,-3.198502,-3.198502,-3.198502,-3.198502
36.480061,-3.351748,-3.337943,-3.356350,-3.336409,-3.160627,-3.160627,-3.160627,-3.160627
36.490063,-3.351748,-3.337943,-3.356350,-3.336409,-3.120615,-3.120615,-3.120615,-3.120615
36.500061,-3.294991,-3.281185,-3.298059,-3.276583,-3.078511,-3.078511,-3.078511,-3.078511
36.510063,-3.294991,-3.281185,-3.298059,-3.276583,-3.034306,-3.034306,-3.034306,-3.034306
36.520058,-3.219826,-3.216758,-3.235166,-3.216758,-2.988062,-2.988062,-2.988062,-2.988062
36.530060,-3.219826,-3.216758,-3.235166,-3.216758,-2.939770,-2.939770,-2.939770,-2.939770
36.540058,-3.149263,-3.149263,-3.158467,-3.150797,-2.889492,-2.889492,-2.889492,-2.889492
36.550064,-3.149263,-3.149263,-3.158467,-3.150797,-2.837217,-2.837217,-2.837217,-2.837217
36.560059,-3.064894,-3.067962,-3.074098,-3.069496,-2.783047,-2.783047,-2.783047,-2.783047
36.570061,-3.064894,-3.067962,-3.074098,-3.069496,-2.726954,-2.726954,-2.726954,-2.726954
36.580059,-2.969787,-2.974389,-2.980525,-2.972855,-2.669002,-2.669002,-2.669002,-2.669002
36.590057,-2.969787,-2.974389,-2.980525,-2.972855,-2.609233,-2.609233,-2.609233,-2.609233
36.600060,-2.870079,-2.870079,-2.877748,-2.870079,-2.547665,-2.547665,-2.547665,-2.547665
36.610058,-2.870079,-2.870079,-2.877748,-2.870079,-2.484336,-2.484336,-2.484336,-2.484336
36.620064,-2.764234,-2.758098,-2.767302,-2.761166,-2.419277,-2.419277,-2.419277,-2.419277
36.630062,-2.764234,-2.758098,-2.767302,-2.761166,-2.352599,-2.352599,-2.352599,-2.352599
36.640057,-2.649185,-2.641515,-2.652253,-2.646117,-2.284299,-2.284299,-2.284299,-2.284299
36.650059,-2.649185,-2.641515,-2.652253,-2.646117,-2.214383,-2.214383,-2.214383,-2.214383
36.660057,-2.526467,-2.517263,-2.529535,-2.524933,-2.142979,-2.142979,-2.142979,-2.142979
36.670055,-2.526467,-2.517263,-2.529535,-2.524933,-2.070052,-2.070052,-2.070052,-2.070052
36.680054,-2.393010,-2.386874,-2.396078,-2.391476,-1.995719,-1.995719,-1.995719,-1.995719
36.690060,-2.393010,-2.386874,-2.396078,-2.391476,-1.919935,-1.919935,-1.919935,-1.919935
36.700054,-2.254952,-2.248816,-2.256486,-2.253418,-1.842868,-1.842868,-1.842868,-1.842868
36.710060,-2.254952,-2.248816,-2.256486,-2.253418,-1.764438,-1.764438,-1.764438,-1.764438
36.720039,-2.109224,-2.106156,-2.112292,-2.107690,-1.685008,-1.685008,-1.685008,-1.685008
36.730061,-2.109224,-2.106156,-2.112292,-2.107690,-1.604048,-1.604048,-1.604048,-1.604048
36.740059,-1.960428,-1.955826,-1.968098,-1.958894,-1.522123,-1.522123,-1.522123,-1.522123
36.750061,-1.960428,-1.955826,-1.968098,-1.958894,-1.439083,-1.439083,-1.439083,-1.439083
36.760059,-1.805496,-1.800894,-1.816234,-1.808564,-1.355074,-1.355074,-1.355074,-1.355074
36.770061,-1.805496,-1.800894,-1.816234,-1.808564,-1.270082,-1.270082,-1.270082,-1.270082
36.780060,-1.645962,-1.641360,-1.652098,-1.649030,-1.184205,-1.184205,-1.184205,-1.184205
36.790058,-1.645962,-1.641360,-1.652098,-1.649030,-1.097460,-1.097460,-1.097460,-1.097460
36.800060,-1.481826,-1.478758,-1.478758,-1.484894,-1.009937,-1.009937,-1.009937,-1.009937
36.810059,-1.481826,-1.478758,-1.478758,-1.484894,-0.921689,-0.921689,-0.921689,-0.921689
36.820061,-1.320758,-1.317690,-1.313088,-1.320758,-0.832713,-0.832713,-0.832713,-0.832713
36.830059,-1.320758,-1.317690,-1.313088,-1.320758,-0.743215,-0.743215,-0.743215,-0.743215
36.840057,-1.148952,-1.147418,-1.148952,-1.148952,-0.653138,-0.653138,-0.653138,-0.653138
36.850060,-1.148952,-1.147418,-1.148952,-1.148952,-0.562535,-0.562535,-0.562535,-0.562535
36.860054,-0.972544,-0.974078,-0.971010,-0.974078,-0.471588,-0.471588,-0.471588,-0.471588
36.870060,-0.972544,-0.974078,-0.971010,-0.974078,-0.380162,-0.380162,-0.380162,-0.380162
36.880035,-0.786932,-0.794602,-0.786932,-0.790000,-0.288748,-0.288748,-0.288748,-0.288748
36.890057,-0.786932,-0.794602,-0.786932,-0.790000,-0.196626,-0.196626,-0.196626,-0.196626
36.900055,-0.604389,-0.613592,-0.601321,-0.604389,-0.104598,-0.104598,-0.104598,-0.104598
36.910057,-0.604389,-0.613592,-0.601321,-0.604389,-0.012372,-0.012372,-0.012372,-0.012372
36.920055,-0.423379,-0.432583,-0.420311,-0.423379,0.079830,0.079830,0.079830,0.079830
36.930058,-0.423379,-0.432583,-0.420311,-0.423379,0.172060,0.172060,0.172060,0.172060
36.940060,-0.243903,-0.259243,-0.243903,-0.243903,0.264210,0.264210,0.264210,0.264210
36.950058,-0.243903,-0.259243,-0.243903,-0.243903,0.356174,0.356174,0.356174,0.356174
36.960056,-0.061359,-0.079767,-0.061359,-0.055223,0.447921,0.447921,0.447921,0.447921
36.970062,-0.061359,-0.079767,-0.061359,-0.055223,0.539448,0.539448,0.539448,0.539448
36.980061,0.119651,0.111981,0.122718,0.131922,0.630598,0.630598,0.630598,0.630598
36.990055,0.119651,0.111981,0.122718,0.131922,0.721275,0.721275,0.721275,0.721275
37.000061,0.305262,0.291456,0.306796,0.314466,0.811622,0.811622,0.811622,0.811622
37.010025,0.305262,0.291456,0.306796,0.314466,0.901049,0.901049,0.901049,0.901049
37.020023,0.489340,0.469398,0.486272,0.498544,0.990184,0.990184,0.990184,0.990184
37.030064,0.489340,0.469398,0.486272,0.498544,1.079041,1.079041,1.079041,1.079041
37.040062,0.667282,0.645806,0.665748,0.678020,1.166782,1.166782,1.166782,1.166782
37.050064,0.667282,0.645806,0.665748,0.678020,1.253821,1.253821,1.253821,1.253821
37.060040,0.854427,0.826816,0.843690,0.857495,1.339741,1.339741,1.339741,1.339741
37.070065,0.854427,0.826816,0.843690,0.857495,1.425204,1.425204,1.425204,1.425204
37.080059,1.032369,1.007825,1.026233,1.038505,1.509415,1.509415,1.509415,1.509415
37.090065,1.032369,1.007825,1.026233,1.038505,1.592708,1.592708,1.592708,1.592708
37.100063,1.208777,1.187301,1.208777,1.216447,1.674834,1.674834,1.674834,1.674834
37.110065,1.208777,1.187301,1.208777,1.216447,1.755851,1.755851,1.755851,1.755851
37.120060,1.377515,1.362175,1.383651,1.389787,1.835615,1.835615,1.835615,1.835615
37.130066,1.377515,1.362175,1.383651,1.389787,1.914192,1.914192,1.914192,1.914192
37.140060,1.544719,1.543185,1.547787,1.556991,1.991360,1.991360,1.991360,1.991360
37.150066,1.544719,1.543185,1.547787,1.556991,2.067242,2.067242,2.067242,2.067242
37.160053,1.708855,1.708855,1.710389,1.722661,2.141561,2.141561,2.141561,2.141561
37.170063,1.708855,1.708855,1.710389,1.722661,2.214541,2.214541,2.214541,2.214541
37.180061,1.869923,1.868389,1.868389,1.882195,2.285892,2.285892,2.285892,2.285892
37.190063,1.869923,1.868389,1.868389,1.882195,2.355707,2.355707,2.355707,2.355707
37.200069,2.023321,2.024855,2.021787,2.037127,2.423868,2.423868,2.423868,2.423868
37.210064,2.023321,2.024855,2.021787,2.037127,2.490281,2.490281,2.490281,2.490281
37.220062,2.172117,2.178253,2.165981,2.185923,2.554979,2.554979,2.554979,2.554979
37.230064,2.172117,2.178253,2.165981,2.185923,2.617883,2.617883,2.617883,2.617883
37.240063,2.313243,2.325515,2.305573,2.336253,2.678931,2.678931,2.678931,2.678931
37.250065,2.313243,2.325515,2.305573,2.336253,2.738141,2.738141,2.738141,2.738141
37.260036,2.451302,2.465107,2.443632,2.480447,2.795225,2.795225,2.795225,2.795225
37.270065,2.451302,2.465107,2.443632,2.480447,2.850660,2.850660,2.850660,2.850660
37.280064,2.578622,2.597030,2.574020,2.609302,2.903913,2.903913,2.903913,2.903913
37.290066,2.578622,2.597030,2.574020,2.609302,2.955141,2.955141,2.955141,2.955141
37.300064,2.699806,2.719748,2.695205,2.727418,3.004247,3.004247,3.004247,3.004247
37.310066,2.699806,2.719748,2.695205,2.727418,3.051229,3.051229,3.051229,3.051229
37.320061,2.816389,2.839399,2.817923,2.839399,3.096030,3.096030,3.096030,3.096030
37.330059,2.816389,2.839399,2.817923,2.839399,3.138633,3.138633,3.138633,3.138633
37.340057,2.922234,2.951380,2.923768,2.946778,3.179001,3.179001,3.179001,3.179001
37.350067,2.922234,2.951380,2.923768,2.946778,3.217139,3.217139,3.217139,3.217139
37.360065,3.020409,3.049554,3.021943,3.046486,3.252934,3.252934,3.252934,3.252934
37.370068,3.020409,3.049554,3.021943,3.046486,3.286423,3.286423,3.286423,3.286423
37.380066,3.109380,3.126253,3.109380,3.124719,3.317549,3.317549,3.317549,3.317549
37.390064,3.109380,3.126253,3.109380,3.124719,3.346293,3.346293,3.346293,3.346293
37.400063,3.179943,3.201418,3.189147,3.198350,3.372634,3.372634,3.372634,3.372634
37.410065,3.179943,3.201418,3.189147,3.198350,3.396557,3.396557,3.396557,3.396557
37.420063,3.248972,3.273515,3.253574,3.267380,3.418030,3.418030,3.418030,3.418030
37.430054,3.248972,3.273515,3.253574,3.267380,3.437031,3.437031,3.437031,3.437031
37.440063,3.311865,3.334875,3.313399,3.330273,3.453579,3.453579,3.453579,3.453579
37.450062,3.311865,3.334875,3.313399,3.330273,3.467619,3.467619,3.467619,3.467619
37.460064,3.359418,3.387030,3.367088,3.379360,3.479151,3.479151,3.479151,3.479151
37.470058,3.359418,3.387030,3.367088,3.379360,3.488159,3.488159,3.488159,3.488159
37.480068,3.396234,3.428447,3.408506,3.419244,3.494648,3.494648,3.494648,3.494648
37.490067,3.396234,3.428447,3.408506,3.419244,3.498593,3.498593,3.498593,3.498593
37.500065,3.425380,3.456059,3.440719,3.449923,3.499997,3.499997,3.499997,3.499997
37.510067,3.425380,3.456059,3.440719,3.449923,3.498853,3.498853,3.498853,3.498853
37.520061,3.446855,3.474467,3.460661,3.471399,3.495163,3.495163,3.495163,3.495163
37.530067,3.446855,3.474467,3.460661,3.471399,3.488919,3.488919,3.488919,3.488919
37.540066,3.456059,3.486739,3.471399,3.479069,3.480134,3.480134,3.480134,3.480134
37.550034,3.456059,3.486739,3.471399,3.479069,3.468838,3.468838,3.468838,3.468838
37.560066,3.457593,3.488273,3.471399,3.480603,3.454924,3.454924,3.454924,3.454924
37.570065,3.457593,3.488273,3.471399,3.480603,3.438526,3.438526,3.438526,3.438526
37.580067,3.457593,3.488273,3.471399,3.479069,3.419595,3.419595,3.419595,3.419595
37.590065,3.457593,3.488273,3.471399,3.479069,3.398158,3.398158,3.398158,3.398158
37.600067,3.456059,3.486739,3.469865,3.479069,3.374214,3.374214,3.374214,3.374214
37.610065,3.456059,3.486739,3.469865,3.479069,3.347802,3.347802,3.347802,3.347802
37.620064,3.448389,3.471399,3.462195,3.460661,3.318908,3.318908,3.318908,3.318908
37.630070,3.448389,3.471399,3.462195,3.460661,3.287550,3.287550,3.287550,3.287550
37.640064,3.420778,3.434583,3.429981,3.425380,3.253795,3.253795,3.253795,3.253795
37.650066,3.420778,3.434583,3.429981,3.425380,3.217614,3.217614,3.217614,3.217614
37.660065,3.371690,3.383962,3.377826,3.373224,3.179047,3.179047,3.179047,3.179047
37.670063,3.371690,3.383962,3.377826,3.373224,3.138130,3.138130,3.138130,3.138130
37.680065,3.318001,3.325671,3.318001,3.314933,3.094869,3.094869,3.094869,3.094869
37.690067,3.318001,3.325671,3.318001,3.314933,3.049302,3.049302,3.049302,3.049302
37.700062,3.252040,3.255108,3.255108,3.247438,3.001506,3.001506,3.001506,3.001506
37.710064,3.252040,3.255108,3.255108,3.247438,2.951435,2.951435,2.951435,2.951435
37.720055,3.169205,3.173807,3.178409,3.167671,2.899212,2.899212,2.899212,2.899212
37.730061,3.169205,3.173807,3.178409,3.167671,2.844751,2.844751,2.844751,2.844751
37.740059,3.087904,3.092506,3.087904,3.084836,2.788178,2.788178,2.788178,2.788178
37.750065,3.087904,3.092506,3.087904,3.084836,2.729485,2.729485,2.729485,2.729485
37.760052,2.985127,3.005069,2.995865,2.994331,2.668858,2.668858,2.668858,2.668858
37.770065,2.985127,3.005069,2.995865,2.994331,2.606060,2.606060,2.606060,2.606060
37.780064,2.883884,2.902292,2.891554,2.888486,2.541405,2.541405,2.541405,2.541405
37.790066,2.883884,2.902292,2.891554,2.888486,2.474785,2.474785,2.474785,2.474785
37.800064,2.770370,2.781108,2.770370,2.770370,2.406326,2.406326,2.406326,2.406326
37.810062,2.770370,2.781108,2.770370,2.770370,2.336052,2.336052,2.336052,2.336052
37.820061,2.646117,2.653787,2.646117,2.644583,2.264019,2.264019,2.264019,2.264019
37.830063,2.646117,2.653787,2.646117,2.644583,2.190209,2.190209,2.190209,2.190209
37.840057,2.517263,2.523399,2.515729,2.514195,2.114806,2.114806,2.114806,2.114806
37.850063,2.517263,2.523399,2.515729,2.514195,2.037713,2.037713,2.037713,2.037713
37.860062,2.382272,2.383806,2.377671,2.377671,1.959115,1.959115,1.959115,1.959115
37.870060,2.382272,2.383806,2.377671,2.377671,1.879027,1.879027,1.879027,1.879027
37.880058,2.235010,2.231942,2.230408,2.231942,1.797481,1.797481,1.797481,1.797481
37.890064,2.235010,2.231942,2.230408,2.231942,1.714517,1.714517,1.714517,1.714517
37.900055,2.084680,2.077010,2.078544,2.081612,1.630332,1.630332,1.630332,1.630332
37.910061,2.084680,2.077010,2.078544,2.081612,1.544787,1.544787,1.544787,1.544787
37.920055,1.925146,1.912874,1.917476,1.922078,1.458127,1.458127,1.458127,1.458127
37.930058,1.925146,1.912874,1.917476,1.922078,1.370279,1.370279,1.370279,1.370279
37.940056,1.757942,1.747204,1.751806,1.754874,1.281391,1.281391,1.281391,1.281391
37.950062,1.757942,1.747204,1.751806,1.754874,1.191440,1.191440,1.191440,1.191440
37.960060,1.587670,1.580000,1.584602,1.584602,1.100609,1.100609,1.100609,1.100609
37.970062,1.587670,1.580000,1.584602,1.584602,1.008891,1.008891,1.008891,1.008891
37.980061,1.417398,1.405127,1.411263,1.415864,0.916392,0.916392,0.916392,0.916392
37.990059,1.417398,1.405127,1.411263,1.415864,0.823156,0.823156,0.823156,0.823156
38.000057,1.240991,1.225651,1.231787,1.237923,0.729297,0.729297,0.729297,0.729297
38.010059,1.240991,1.225651,1.231787,1.237923,0.634778,0.634778,0.634778,0.634778
38.020058,1.059981,1.044641,1.050777,1.049243,0.539795,0.539795,0.539795,0.539795
38.030060,1.059981,1.044641,1.050777,1.049243,0.444330,0.444330,0.444330,0.444330
38.040062,0.875903,0.860563,0.866699,0.860563,0.348473,0.348473,0.348473,0.348473
38.050060,0.875903,0.860563,0.866699,0.860563,0.252374,0.252374,0.252374,0.252374
38.060059,0.681088,0.678020,0.684156,0.671884,0.156020,0.156020,0.156020,0.156020
38.070057,0.681088,0.678020,0.684156,0.671884,0.059524,0.059524,0.059524,0.059524
38.080055,0.492408,0.493942,0.497010,0.487806,-0.037055,-0.037055,-0.037055,-0.037055
38.090057,0.492408,0.493942,0.497010,0.487806,-0.133711,-0.133711,-0.133711,-0.133711
38.100060,0.305262,0.299126,0.300660,0.289922,-0.230252,-0.230252,-0.230252,-0.230252
38.110058,0.305262,0.299126,0.300660,0.289922,-0.326641,-0.326641,-0.326641,-0.326641
38.120056,0.116583,0.107379,0.107379,0.087437,-0.422847,-0.422847,-0.422847,-0.422847
38.130058,0.116583,0.107379,0.107379,0.087437,-0.518791,-0.518791,-0.518791,-0.518791
38.140060,-0.076699,-0.098175,-0.082835,-0.118117,-0.614348,-0.614348,-0.614348,-0.614348
38.150070,-0.076699,-0.098175,-0.082835,-0.118117,-0.709553,-0.709553,-0.709553,-0.709553
38.160065,-0.273049,-0.291456,-0.268447,-0.309864,-0.804129,-0.804129,-0.804129,-0.804129
38.170063,-0.273049,-0.291456,-0.268447,-0.309864,-0.898171,-0.898171,-0.898171,-0.898171
38.180061,-0.463262,-0.477068,-0.458660,-0.498544,-0.991523,-0.991523,-0.991523,-0.991523
38.190067,-0.463262,-0.477068,-0.458660,-0.498544,-1.084242,-1.084242,-1.084242,-1.084242
38.200066,-0.655010,-0.662680,-0.653476,-0.685690,-1.176100,-1.176100,-1.176100,-1.176100
38.210068,-0.655010,-0.662680,-0.653476,-0.685690,-1.267093,-1.267093,-1.267093,-1.267093
38.220062,-0.843690,-0.846758,-0.843690,-0.863631,-1.357127,-1.357127,-1.357127,-1.357127
38.230064,-0.843690,-0.846758,-0.843690,-0.863631,-1.446191,-1.446191,-1.446191,-1.446191
38.240063,-1.030835,-1.023165,-1.033903,-1.043107,-1.534128,-1.534128,-1.534128,-1.534128
38.250065,-1.030835,-1.023165,-1.033903,-1.043107,-1.620980,-1.620980,-1.620980,-1.620980
38.260067,-1.210311,-1.194971,-1.208777,-1.219515,-1.706583,-1.706583,-1.706583,-1.706583
38.270065,-1.210311,-1.194971,-1.208777,-1.219515,-1.790885,-1.790885,-1.790885,-1.790885
38.280060,-1.383651,-1.372913,-1.386719,-1.395923,-1.873814,-1.873814,-1.873814,-1.873814
38.290066,-1.383651,-1.372913,-1.386719,-1.395923,-1.955390,-1.955390,-1.955390,-1.955390
38.300064,-1.560059,-1.552389,-1.567729,-1.578466,-2.035445,-2.035445,-2.035445,-2.035445
38.310066,-1.560059,-1.552389,-1.567729,-1.578466,-2.113965,-2.113965,-2.113965,-2.113965
38.320061,-1.738001,-1.731865,-1.747204,-1.757942,-2.190819,-2.190819,-2.190819,-2.190819
38.330067,-1.738001,-1.731865,-1.747204,-1.757942,-2.266109,-2.266109,-2.266109,-2.266109
38.340057,-1.908272,-1.900602,-1.914408,-1.925146,-2.339545,-2.339545,-2.339545,-2.339545
38.350067,-1.908272,-1.900602,-1.914408,-1.925146,-2.411309,-2.411309,-2.411309,-2.411309
38.360062,-2.064739,-2.057069,-2.075476,-2.080078,-2.481148,-2.481148,-2.481148,-2.481148
38.370068,-2.064739,-2.057069,-2.075476,-2.080078,-2.549126,-2.549126,-2.549126,-2.549126
38.380066,-2.219671,-2.205865,-2.227340,-2.231942,-2.615115,-2.615115,-2.615115,-2.615115
38.390064,-2.219671,-2.205865,-2.227340,-2.231942,-2.679083,-2.679083,-2.679083,-2.679083
38.400066,-2.368467,-2.354661,-2.374603,-2.379205,-2.741000,-2.741000,-2.741000,-2.741000
38.410065,-2.368467,-2.354661,-2.374603,-2.379205,-2.800783,-2.800783,-2.800783,-2.800783
38.420063,-2.508059,-2.497321,-2.511127,-2.521865,-2.858392,-2.858392,-2.858392,-2.858392
38.430065,-2.508059,-2.497321,-2.511127,-2.521865,-2.913814,-2.913814,-2.913814,-2.913814
38.440037,-2.638447,-2.632311,-2.643049,-2.656855,-2.966797,-2.966797,-2.966797,-2.966797
38.450066,-2.638447,-2.632311,-2.643049,-2.656855,-3.017792,-3.017792,-3.017792,-3.017792
38.460064,-2.764234,-2.758098,-2.765768,-2.779574,-3.066270,-3.066270,-3.066270,-3.066270
38.470066,-2.764234,-2.758098,-2.765768,-2.779574,-3.112382,-3.112382,-3.112382,-3.112382
38.480064,-2.880816,-2.876214,-2.880816,-2.891554,-3.156051,-3.156051,-3.156051,-3.156051
38.490067,-2.880816,-2.876214,-2.880816,-2.891554,-3.197259,-3.197259,-3.197259,-3.197259
38.500065,-2.986661,-2.980525,-2.988195,-2.998933,-3.235960,-3.235960,-3.235960,-3.235960
38.510067,-2.986661,-2.980525,-2.988195,-2.998933,-3.272127,-3.272127,-3.272127,-3.272127
38.520061,-3.083302,-3.078700,-3.081768,-3.097108,-3.305706,-3.305706,-3.305706,-3.305706
38.530067,-3.083302,-3.078700,-3.081768,-3.097108,-3.336729,-3.336729,-3.336729,-3.336729
38.540066,-3.164603,-3.164603,-3.170739,-3.176875,-3.365108,-3.365108,-3.365108,-3.365108
38.550068,-3.164603,-3.164603,-3.170739,-3.176875,-3.390839,-3.390839,-3.390839,-3.390839
38.560066,-3.239768,-3.233632,-3.244370,-3.245904,-3.413897,-3.413897,-3.413897,-3.413897
38.570068,-3.239768,-3.233632,-3.244370,-3.245904,-3.434258,-3.434258,-3.434258,-3.434258
38.580063,-3.313399,-3.296525,-3.307263,-3.311865,-3.451901,-3.451901,-3.451901,-3.451901
38.590069,-3.313399,-3.296525,-3.307263,-3.311865,-3.466824,-3.466824,-3.466824,-3.466824
38.600060,-3.368622,-3.350214,-3.362486,-3.365554,-3.478984,-3.478984,-3.478984,-3.478984
38.610065,-3.368622,-3.350214,-3.362486,-3.365554,-3.488401,-3.488401,-3.488401,-3.488401
38.620060,-3.411574,-3.397768,-3.406972,-3.411574,-3.495041,-3.495041,-3.495041,-3.495041
38.630066,-3.411574,-3.397768,-3.406972,-3.411574,-3.498905,-3.498905,-3.498905,-3.498905
38.640064,-3.442253,-3.434583,-3.440719,-3.448389,-3.499982,-3.499982,-3.499982,-3.499982
38.650066,-3.442253,-3.434583,-3.440719,-3.448389,-3.498270,-3.498270,-3.498270,-3.498270
38.660061,-3.465263,-3.459127,-3.462195,-3.468331,-3.493767,-3.493767,-3.493767,-3.493767
38.670063,-3.465263,-3.459127,-3.462195,-3.468331,-3.486473,-3.486473,-3.486473,-3.486473
38.680061,-3.474467,-3.469865,-3.468331,-3.476001,-3.476393,-3.476393,-3.476393,-3.476393
38.690063,-3.474467,-3.469865,-3.468331,-3.476001,-3.463522,-3.463522,-3.463522,-3.463522
38.700062,-3.474467,-3.471399,-3.468331,-3.476001,-3.447881,-3.447881,-3.447881,-3.447881
38.710064,-3.474467,-3.471399,-3.468331,-3.476001,-3.429466,-3.429466,-3.429466,-3.429466
38.720055,-3.474467,-3.471399,-3.468331,-3.476001,-3.408319,-3.408319,-3.408319,-3.408319
38.730061,-3.474467,-3.471399,-3.468331,-3.476001,-3.384397,-3.384397,-3.384397,-3.384397
38.740059,-3.472933,-3.466797,-3.466797,-3.472933,-3.357767,-3.357767,-3.357767,-3.357767
38.750065,-3.472933,-3.466797,-3.466797,-3.472933,-3.328401,-3.328401,-3.328401,-3.328401
38.760067,-3.449923,-3.440719,-3.454525,-3.440719,-3.296362,-3.296362,-3.296362,-3.296362
38.770061,-3.449923,-3.440719,-3.454525,-3.440719,-3.261682,-3.261682,-3.261682,-3.261682
38.780037,-3.406972,-3.394700,-3.413108,-3.397768,-3.224439,-3.224439,-3.224439,-3.224439
38.790066,-3.406972,-3.394700,-3.413108,-3.397768,-3.184373,-3.184373,-3.184373,-3.184373
38.800064,-3.351748,-3.339477,-3.356350,-3.339477,-3.141844,-3.141844,-3.141844,-3.141844
38.810062,-3.351748,-3.339477,-3.356350,-3.339477,-3.096753,-3.096753,-3.096753,-3.096753
38.820065,-3.288855,-3.275049,-3.293457,-3.273515,-3.049143,-3.049143,-3.049143,-3.049143
38.830067,-3.288855,-3.275049,-3.293457,-3.273515,-2.999025,-2.999025,-2.999025,-2.999025
38.840065,-3.206020,-3.204486,-3.222894,-3.202952,-2.946494,-2.946494,-2.946494,-2.946494
38.850063,-3.206020,-3.204486,-3.222894,-3.202952,-2.891547,-2.891547,-2.891547,-2.891547
38.860062,-3.129321,-3.129321,-3.133923,-3.127787,-2.834244,-2.834244,-2.834244,-2.834244
38.870064,-3.129321,-3.129321,-3.133923,-3.127787,-2.774594,-2.774594,-2.774594,-2.774594
38.880062,-3.037282,-3.034214,-3.041884,-3.034214,-2.712692,-2.712692,-2.712692,-2.712692
38.890064,-3.037282,-3.034214,-3.041884,-3.034214,-2.648524,-2.648524,-2.648524,-2.648524
38.900066,-2.931438,-2.928370,-2.934506,-2.926836,-2.582202,-2.582202,-2.582202,-2.582202
38.910057,-2.931438,-2.928370,-2.934506,-2.926836,-2.513791,-2.513791,-2.513791,-2.513791
38.920055,-2.814855,-2.804117,-2.817923,-2.808719,-2.443278,-2.443278,-2.443278,-2.443278
38.930061,-2.814855,-2.804117,-2.817923,-2.808719,-2.370705,-2.370705,-2.370705,-2.370705
38.940060,-2.689069,-2.678331,-2.692137,-2.687535,-2.296198,-2.296198,-2.296198,-2.296198
38.950054,-2.689069,-2.678331,-2.692137,-2.687535,-2.218977,-2.218977,-2.218977,-2.218977
38.960030,-2.554078,-2.541806,-2.557146,-2.554078,-2.140091,-2.140091,-2.140091,-2.140091
38.970058,-2.554078,-2.541806,-2.557146,-2.554078,-2.059088,-2.059088,-2.059088,-2.059088
38.980030,-2.412952,-2.400680,-2.414486,-2.411418,-1.976848,-1.976848,-1.976848,-1.976848
38.990059,-2.412952,-2.400680,-2.414486,-2.411418,-1.892600,-1.892600,-1.892600,-1.892600
39.000061,-2.261088,-2.248816,-2.262622,-2.259554,-1.807029,-1.807029,-1.807029,-1.807029
39.010059,-2.261088,-2.248816,-2.262622,-2.259554,-1.720031,-1.720031,-1.720031,-1.720031
39.020058,-2.101554,-2.089282,-2.107690,-2.098486,-1.631656,-1.631656,-1.631656,-1.631656
39.030060,-2.101554,-2.089282,-2.107690,-2.098486,-1.541955,-1.541955,-1.541955,-1.541955
39.040062,-1.935884,-1.925146,-1.946622,-1.932816,-1.451045,-1.451045,-1.451045,-1.451045
39.050056,-1.935884,-1.925146,-1.946622,-1.932816,-1.359024,-1.359024,-1.359024,-1.359024
39.060062,-1.764078,-1.748738,-1.773282,-1.756408,-1.265800,-1.265800,-1.265800,-1.265800
39.070065,-1.764078,-1.748738,-1.773282,-1.756408,-1.171611,-1.171611,-1.171611,-1.171611
39.080063,-1.587670,-1.570796,-1.593806,-1.576932,-1.076537,-1.076537,-1.076537,-1.076537
39.090061,-1.587670,-1.570796,-1.593806,-1.576932,-0.980626,-0.980626,-0.980626,-0.980626
39.100063,-1.395923,-1.394389,-1.409729,-1.395923,-0.883916,-0.883916,-0.883916,-0.883916
39.110065,-1.395923,-1.394389,-1.409729,-1.395923,-0.786466,-0.786466,-0.786466,-0.786466
39.120064,-1.214913,-1.214913,-1.231787,-1.214913,-0.688496,-0.688496,-0.688496,-0.688496
39.130066,-1.214913,-1.214913,-1.231787,-1.214913,-0.589917,-0.589917,-0.589917,-0.589917
39.140064,-1.033903,-1.029301,-1.033903,-1.026233,-0.490946,-0.490946,-0.490946,-0.490946
39.150066,-1.033903,-1.029301,-1.033903,-1.026233,-0.391562,-0.391562,-0.391562,-0.391562
39.160061,-0.837554,-0.837554,-0.837554,-0.839088,-0.291962,-0.291962,-0.291962,-0.291962
39.170055,-0.837554,-0.837554,-0.837554,-0.839088,-0.192169,-0.192169,-0.192169,-0.192169
39.180061,-0.635068,-0.636602,-0.633534,-0.632000,-0.092141,-0.092141,-0.092141,-0.092141
39.190063,-0.635068,-0.636602,-0.633534,-0.632000,0.007898,0.007898,0.007898,0.007898
39.200062,-0.435651,-0.434117,-0.432583,-0.434117,0.107812,0.107812,0.107812,0.107812
39.210068,-0.435651,-0.434117,-0.432583,-0.434117,0.207707,0.207707,0.207707,0.207707
39.220062,-0.242369,-0.242369,-0.237767,-0.240835,0.307277,0.307277,0.307277,0.307277
39.230068,-0.242369,-0.242369,-0.237767,-0.240835,0.406642,0.406642,0.406642,0.406642
39.240063,-0.042951,-0.049087,-0.042951,-0.035282,0.505535,0.505535,0.505535,0.505535
39.250065,-0.042951,-0.049087,-0.042951,-0.035282,0.604060,0.604060,0.604060,0.604060
39.260067,0.156466,0.154932,0.158000,0.165670,0.701990,0.701990,0.701990,0.701990
39.270065,0.156466,0.154932,0.158000,0.165670,0.799286,0.799286,0.799286,0.799286
39.280064,0.352816,0.346680,0.360486,0.366621,0.895858,0.895858,0.895858,0.895858
39.290062,0.352816,0.346680,0.360486,0.366621,0.991662,0.991662,0.991662,0.991662
39.300060,0.549165,0.535359,0.556835,0.562971,1.086595,1.086595,1.086595,1.086595
39.310062,0.549165,0.535359,0.556835,0.562971,1.180594,1.180594,1.180594,1.180594
39.320057,0.739379,0.725573,0.742447,0.754719,1.273518,1.273518,1.273518,1.273518
39.330063,0.739379,0.725573,0.742447,0.754719,1.365428,1.365428,1.365428,1.365428
39.340061,0.932660,0.921923,0.931126,0.948000,1.456055,1.456055,1.456055,1.456055
39.350063,0.932660,0.921923,0.931126,0.948000,1.545483,1.545483,1.545483,1.545483
39.360062,1.129010,1.116738,1.127476,1.138214,1.633536,1.633536,1.633536,1.633536
39.370064,1.129010,1.116738,1.127476,1.138214,1.720186,1.720186,1.720186,1.720186
39.380032,1.317690,1.308486,1.319224,1.326894,1.805088,1.805088,1.805088,1.805088
39.390068,1.317690,1.308486,1.319224,1.326894,1.888981,1.888981,1.888981,1.888981
39.400040,1.497165,1.491030,1.500233,1.507903,1.970730,1.970730,1.970730,1.970730
39.410065,1.497165,1.491030,1.500233,1.507903,2.051212,2.051212,2.051212,2.051212
39.420063,1.672039,1.668971,1.675107,1.681243,2.129685,2.129685,2.129685,2.129685
39.430061,1.672039,1.668971,1.675107,1.681243,2.206331,2.206331,2.206331,2.206331
39.440060,1.843845,1.840777,1.845379,1.853049,2.281084,2.281084,2.281084,2.281084
39.450058,1.843845,1.840777,1.845379,1.853049,2.353865,2.353865,2.353865,2.353865
39.460060,2.006447,2.007981,2.007981,2.020253,2.424628,2.424628,2.424628,2.424628
39.470058,2.006447,2.007981,2.007981,2.020253,2.493309,2.493309,2.493309,2.493309
39.480061,2.164447,2.169049,2.165981,2.179787,2.559844,2.559844,2.559844,2.559844
39.490063,2.164447,2.169049,2.165981,2.179787,2.624153,2.624153,2.624153,2.624153
39.500061,2.311709,2.322447,2.305573,2.328583,2.686189,2.686189,2.686189,2.686189
39.510059,2.311709,2.322447,2.305573,2.328583,2.745927,2.745927,2.745927,2.745927
39.520061,2.454370,2.468175,2.445166,2.472777,2.803289,2.803289,2.803289,2.803289
39.530060,2.454370,2.468175,2.445166,2.472777,2.858238,2.858238,2.858238,2.858238
39.540062,2.584758,2.603166,2.584758,2.606234,2.910716,2.910716,2.910716,2.910716
39.550060,2.584758,2.603166,2.584758,2.606234,2.960682,2.960682,2.960682,2.960682
39.560066,2.709010,2.732020,2.705942,2.733554,3.008114,3.008114,3.008114,3.008114
39.570061,2.709010,2.732020,2.705942,2.733554,3.052896,3.052896,3.052896,3.052896
39.580059,2.825593,2.850137,2.827127,2.848603,3.095056,3.095056,3.095056,3.095056
39.590061,2.825593,2.850137,2.827127,2.848603,3.134559,3.134559,3.134559,3.134559
39.600063,2.932972,2.957515,2.929904,2.954448,3.171359,3.171359,3.171359,3.171359
39.610058,2.932972,2.957515,2.929904,2.954448,3.205391,3.205391,3.205391,3.205391
39.620068,3.026545,3.051088,3.023477,3.048020,3.236683,3.236683,3.236683,3.236683
39.630058,3.026545,3.051088,3.023477,3.048020,3.265126,3.265126,3.265126,3.265126
39.640053,3.109380,3.124719,3.103244,3.121651,3.290761,3.290761,3.290761,3.290761
39.650059,3.109380,3.124719,3.103244,3.121651,3.313564,3.313564,3.313564,3.313564
39.660057,3.170739,3.192214,3.176875,3.186079,3.333485,3.333485,3.333485,3.333485
39.670059,3.170739,3.192214,3.176875,3.186079,3.350520,3.350520,3.350520,3.350520
39.680035,3.230564,3.252040,3.233632,3.247438,3.364614,3.364614,3.364614,3.364614
39.690044,3.230564,3.252040,3.233632,3.247438,3.375841,3.375841,3.375841,3.375841
39.700050,3.282719,3.301127,3.281185,3.299593,3.384130,3.384130,3.384130,3.384130
39.710064,3.282719,3.301127,3.281185,3.299593,3.389479,3.389479,3.389479,3.389479
39.720055,3.321069,3.341011,3.322603,3.337943,3.391874,3.391874,3.391874,3.391874
39.730064,3.321069,3.341011,3.322603,3.337943,3.391325,3.391325,3.391325,3.391325
39.740063,3.342545,3.368622,3.350214,3.359418,3.387828,3.387828,3.387828,3.387828
39.750061,3.342545,3.368622,3.350214,3.359418,3.381385,3.381385,3.381385,3.381385
39.760059,3.354816,3.382428,3.365554,3.373224,3.372003,3.372003,3.372003,3.372003
39.770069,3.354816,3.382428,3.365554,3.373224,3.359674,3.359674,3.359674,3.359674
39.780064,3.357884,3.383962,3.367088,3.374758,3.344433,3.344433,3.344433,3.344433
39.790070,3.357884,3.383962,3.367088,3.374758,3.326271,3.326271,3.326271,3.326271
39.800068,3.357884,3.383962,3.367088,3.373224,3.305220,3.305220,3.305220,3.305220
39.810059,3.357884,3.383962,3.367088,3.373224,3.281300,3.281300,3.281300,3.281300
39.820053,3.356350,3.382428,3.365554,3.373224,3.254521,3.254521,3.254521,3.254521
39.830059,3.356350,3.382428,3.365554,3.373224,3.224882,3.224882,3.224882,3.224882
39.840057,3.345613,3.362486,3.351748,3.351748,3.192435,3.192435,3.192435,3.192435
39.850048,3.345613,3.362486,3.351748,3.351748,3.157236,3.157236,3.157236,3.157236
39.860058,3.307263,3.321069,3.313399,3.308797,3.119205,3.119205,3.119205,3.119205
39.870064,3.307263,3.321069,3.313399,3.308797,3.078474,3.078474,3.078474,3.078474
39.880058,3.253574,3.262778,3.256642,3.250506,3.035093,3.035093,3.035093,3.035093
39.890060,3.253574,3.262778,3.256642,3.250506,2.989031,2.989031,2.989031,2.989031
39.900055,3.184545,3.195282,3.187613,3.183011,2.940377,2.940377,2.940377,2.940377
39.910061,3.184545,3.195282,3.187613,3.183011,2.889118,2.889118,2.889118,2.889118
39.920059,3.113981,3.120117,3.109380,3.109380,2.835352,2.835352,2.835352,2.835352
39.930061,3.113981,3.120117,3.109380,3.109380,2.779094,2.779094,2.779094,2.779094
39.940060,3.023477,3.037282,3.021943,3.028079,2.720422,2.720422,2.720422,2.720422
39.950062,3.023477,3.037282,3.021943,3.028079,2.659349,2.659349,2.659349,2.659349
39.960056,2.925302,2.943710,2.932972,2.929904,2.595982,2.595982,2.595982,2.595982
39.970058,2.925302,2.943710,2.932972,2.929904,2.530316,2.530316,2.530316,2.530316
39.980064,2.816389,2.831729,2.825593,2.811787,2.462407,2.462407,2.462407,2.462407
39.990067,2.816389,2.831729,2.825593,2.811787,2.392361,2.392361,2.392361,2.392361
40.000057,2.698272,2.709010,2.704408,2.692137,2.320279,2.320279,2.320279,2.320279
40.010017,2.698272,2.709010,2.704408,2.692137,2.246413,2.246413,2.246413,2.246413
40.020061,2.572486,2.583224,2.577088,2.563282,2.169969,2.169969,2.169969,2.169969
40.030067,2.572486,2.583224,2.577088,2.563282,2.091894,2.091894,2.091894,2.091894
40.040070,2.439030,2.439030,2.434428,2.425224,2.012022,2.012022,2.012022,2.012022
40.050064,2.439030,2.439030,2.434428,2.425224,1.930417,1.930417,1.930417,1.930417
40.060059,2.288700,2.290234,2.288700,2.279496,1.847160,1.847160,1.847160,1.847160
40.070068,2.288700,2.290234,2.288700,2.279496,1.762150,1.762150,1.762150,1.762150
40.080063,2.138370,2.132234,2.133768,2.138370,1.675752,1.675752,1.675752,1.675752
40.090065,2.138370,2.132234,2.133768,2.138370,1.587795,1.587795,1.587795,1.587795
40.100060,1.974234,1.968098,1.969632,1.977301,1.498538,1.498538,1.498538,1.498538
40.110073,1.974234,1.968098,1.969632,1.977301,1.407782,1.407782,1.407782,1.407782
40.120060,1.797826,1.797826,1.802428,1.803962,1.316044,1.316044,1.316044,1.316044
40.130028,1.797826,1.797826,1.802428,1.803962,1.223384,1.223384,1.223384,1.223384
40.140064,1.622952,1.622952,1.626020,1.629088,1.128993,1.128993,1.128993,1.128993
40.150066,1.622952,1.622952,1.626020,1.629088,1.033931,1.033931,1.033931,1.033931
40.160061,1.449612,1.440408,1.448078,1.452680,0.938078,0.938078,0.938078,0.938078
40.170059,1.449612,1.440408,1.448078,1.452680,0.841381,0.841381,0.841381,0.841381
40.180058,1.273204,1.256330,1.260932,1.268602,0.743940,0.743940,0.743940,0.743940
40.190056,1.273204,1.256330,1.260932,1.268602,0.645874,0.645874,0.645874,0.645874
40.200058,1.087592,1.073787,1.073787,1.072253,0.547266,0.547266,0.547266,0.547266
40.210060,1.087592,1.073787,1.073787,1.072253,0.448154,0.448154,0.448154,0.448154
40.220055,0.892777,0.882039,0.885107,0.880505,0.348788,0.348788,0.348788,0.348788
40.230057,0.892777,0.882039,0.885107,0.880505,0.249053,0.249053,0.249053,0.249053
40.240063,0.701029,0.691825,0.691825,0.691825,0.149072,0.149072,0.149072,0.149072
40.250061,0.701029,0.691825,0.691825,0.691825,0.049120,0.049120,0.049120,0.049120
40.260063,0.509282,0.500078,0.501612,0.495476,-0.050904,-0.050904,-0.050904,-0.050904
40.270031,0.509282,0.500078,0.501612,0.495476,-0.150480,-0.150480,-0.150480,-0.150480
40.280067,0.311398,0.296058,0.302194,0.288388,-0.250584,-0.250584,-0.250584,-0.250584
40.290066,0.311398,0.296058,0.302194,0.288388,-0.350051,-0.350051,-0.350051,-0.350051
40.300064,0.108913,0.093573,0.096641,0.085903,-0.449140,-0.449140,-0.449140,-0.449140
40.310070,0.108913,0.093573,0.096641,0.085903,-0.547829,-0.547829,-0.547829,-0.547829
40.320065,-0.093573,-0.118117,-0.104311,-0.122718,-0.645901,-0.645901,-0.645901,-0.645901
40.330067,-0.093573,-0.118117,-0.104311,-0.122718,-0.743436,-0.743436,-0.743436,-0.743436
40.340061,-0.296058,-0.312932,-0.303728,-0.319068,-0.840139,-0.840139,-0.840139,-0.840139
40.350063,-0.296058,-0.312932,-0.303728,-0.319068,-0.936144,-0.936144,-0.936144,-0.936144
40.360062,-0.492408,-0.503146,-0.498544,-0.518486,-1.031207,-1.031207,-1.031207,-1.031207
40.370064,-0.492408,-0.503146,-0.498544,-0.518486,-1.125322,-1.125322,-1.125322,-1.125322
40.380066,-0.688757,-0.696427,-0.693359,-0.711767,-1.218369,-1.218369,-1.218369,-1.218369
40.390068,-0.688757,-0.696427,-0.693359,-0.711767,-1.310257,-1.310257,-1.310257,-1.310257
40.400063,-0.883573,-0.882039,-0.886641,-0.898913,-1.400863,-1.400863,-1.400863,-1.400863
40.410069,-0.883573,-0.882039,-0.886641,-0.898913,-1.490233,-1.490233,-1.490233,-1.490233
40.420063,-1.075321,-1.059981,-1.064583,-1.081457,-1.578091,-1.578091,-1.578091,-1.578091
40.430061,-1.075321,-1.059981,-1.064583,-1.081457,-1.664529,-1.664529,-1.664529,-1.664529
40.440063,-1.253263,-1.237923,-1.239457,-1.264000,-1.749425,-1.749425,-1.749425,-1.749425
40.450066,-1.253263,-1.237923,-1.239457,-1.264000,-1.832645,-1.832645,-1.832645,-1.832645
40.460064,-1.425068,-1.418932,-1.422000,-1.440408,-1.914140,-1.914140,-1.914140,-1.914140
40.470070,-1.425068,-1.418932,-1.422000,-1.440408,-1.993890,-1.993890,-1.993890,-1.993890
40.480064,-1.606078,-1.601476,-1.613748,-1.626020,-2.071706,-2.071706,-2.071706,-2.071706
40.490067,-1.606078,-1.601476,-1.613748,-1.626020,-2.147612,-2.147612,-2.147612,-2.147612
40.500065,-1.784020,-1.773282,-1.793224,-1.803962,-2.221470,-2.221470,-2.221470,-2.221470
40.510067,-1.784020,-1.773282,-1.793224,-1.803962,-2.293290,-2.293290,-2.293290,-2.293290
40.520061,-1.949690,-1.938952,-1.957360,-1.965030,-2.362908,-2.362908,-2.362908,-2.362908
40.530064,-1.949690,-1.938952,-1.957360,-1.965030,-2.430352,-2.430352,-2.430352,-2.430352
40.540066,-2.100020,-2.092350,-2.106156,-2.116894,-2.495521,-2.495521,-2.495521,-2.495521
40.550068,-2.100020,-2.092350,-2.106156,-2.116894,-2.558337,-2.558337,-2.558337,-2.558337
40.560066,-2.250350,-2.238078,-2.253418,-2.262622,-2.618742,-2.618742,-2.618742,-2.618742
40.570065,-2.250350,-2.238078,-2.253418,-2.262622,-2.676702,-2.676702,-2.676702,-2.676702
40.580067,-2.389942,-2.379205,-2.393010,-2.402214,-2.732149,-2.732149,-2.732149,-2.732149
40.590069,-2.389942,-2.379205,-2.393010,-2.402214,-2.785040,-2.785040,-2.785040,-2.785040
40.600063,-2.521865,-2.509593,-2.526467,-2.534137,-2.835294,-2.835294,-2.835294,-2.835294
40.610062,-2.521865,-2.509593,-2.526467,-2.534137,-2.882896,-2.882896,-2.882896,-2.882896
40.620056,-2.639981,-2.632311,-2.644583,-2.655321,-2.927777,-2.927777,-2.927777,-2.927777
40.630058,-2.639981,-2.632311,-2.644583,-2.655321,-2.969927,-2.969927,-2.969927,-2.969927
40.640064,-2.751962,-2.745826,-2.755030,-2.765768,-3.009310,-3.009310,-3.009310,-3.009310
40.650055,-2.751962,-2.745826,-2.755030,-2.765768,-3.045817,-3.045817,-3.045817,-3.045817
40.660053,-2.859341,-2.847069,-2.854739,-2.867011,-3.079484,-3.079484,-3.079484,-3.079484
40.670063,-2.859341,-2.847069,-2.854739,-2.867011,-3.110283,-3.110283,-3.110283,-3.110283
40.680054,-2.946778,-2.937574,-2.943710,-2.954448,-3.138108,-3.138108,-3.138108,-3.138108
40.690067,-2.946778,-2.937574,-2.943710,-2.954448,-3.163029,-3.163029,-3.163029,-3.163029
40.700058,-3.020409,-3.015807,-3.020409,-3.031147,-3.184927,-3.184927,-3.184927,-3.184927
40.710064,-3.020409,-3.015807,-3.020409,-3.031147,-3.203851,-3.203851,-3.203851,-3.203851
40.720058,-3.086370,-3.086370,-3.084836,-3.100176,-3.219734,-3.219734,-3.219734,-3.219734
40.730064,-3.086370,-3.086370,-3.084836,-3.100176,-3.232603,-3.232603,-3.232603,-3.232603
40.740063,-3.138525,-3.141593,-3.140059,-3.150797,-3.242414,-3.242414,-3.242414,-3.242414
40.750069,-3.138525,-3.141593,-3.140059,-3.150797,-3.249168,-3.249168,-3.249168,-3.249168
40.760059,-3.176875,-3.178409,-3.183011,-3.186079,-3.252850,-3.252850,-3.252850,-3.252850
40.770073,-3.176875,-3.178409,-3.183011,-3.186079,-3.253465,-3.253465,-3.253465,-3.253465
40.780067,-3.204486,-3.202952,-3.209088,-3.209088,-3.251006,-3.251006,-3.251006,-3.251006
40.790066,-3.204486,-3.202952,-3.209088,-3.209088,-3.245475,-3.245475,-3.245475,-3.245475
40.800068,-3.219826,-3.218292,-3.227496,-3.227496,-3.236875,-3.236875,-3.236875,-3.236875
40.810066,-3.219826,-3.218292,-3.227496,-3.227496,-3.225214,-3.225214,-3.225214,-3.225214
40.820023,-3.227496,-3.222894,-3.230564,-3.232098,-3.210571,-3.210571,-3.210571,-3.210571
40.830067,-3.227496,-3.222894,-3.230564,-3.232098,-3.192754,-3.192754,-3.192754,-3.192754
40.840065,-3.227496,-3.222894,-3.230564,-3.232098,-3.171983,-3.171983,-3.171983,-3.171983
40.850063,-3.227496,-3.222894,-3.230564,-3.232098,-3.148206,-3.148206,-3.148206,-3.148206
40.860065,-3.225962,-3.221360,-3.229030,-3.230564,-3.121448,-3.121448,-3.121448,-3.121448
40.870064,-3.225962,-3.221360,-3.229030,-3.230564,-3.091738,-3.091738,-3.091738,-3.091738
40.880062,-3.210622,-3.204486,-3.222894,-3.207554,-3.059084,-3.059084,-3.059084,-3.059084
40.890068,-3.210622,-3.204486,-3.222894,-3.207554,-3.023519,-3.023519,-3.023519,-3.023519
40.900063,-3.169205,-3.167671,-3.186079,-3.170739,-2.985115,-2.985115,-2.985115,-2.985115
40.910065,-3.169205,-3.167671,-3.186079,-3.170739,-2.943853,-2.943853,-2.943853,-2.943853
40.920059,-3.118583,-3.115515,-3.126253,-3.117049,-2.899835,-2.899835,-2.899835,-2.899835
40.930058,-3.118583,-3.115515,-3.126253,-3.117049,-2.853030,-2.853030,-2.853030,-2.853030
40.940060,-3.054156,-3.048020,-3.061826,-3.052622,-2.803523,-2.803523,-2.803523,-2.803523
40.950058,-3.054156,-3.048020,-3.061826,-3.052622,-2.751352,-2.751352,-2.751352,-2.751352
40.960060,-2.977457,-2.969787,-2.980525,-2.972855,-2.696547,-2.696547,-2.696547,-2.696547
40.970047,-2.977457,-2.969787,-2.980525,-2.972855,-2.639261,-2.639261,-2.639261,-2.639261
40.980057,-2.888486,-2.879282,-2.893088,-2.883884,-2.579340,-2.579340,-2.579340,-2.579340
40.990067,-2.888486,-2.879282,-2.893088,-2.883884,-2.516976,-2.516976,-2.516976,-2.516976
41.000061,-2.787243,-2.779574,-2.791845,-2.784175,-2.452289,-2.452289,-2.452289,-2.452289
41.010059,-2.787243,-2.779574,-2.791845,-2.784175,-2.385254,-2.385254,-2.385254,-2.385254
41.020058,-2.675263,-2.666059,-2.678331,-2.673729,-2.315939,-2.315939,-2.315939,-2.315939
41.030064,-2.675263,-2.666059,-2.678331,-2.673729,-2.244395,-2.244395,-2.244395,-2.244395
41.040062,-2.554078,-2.543340,-2.558680,-2.554078,-2.170754,-2.170754,-2.170754,-2.170754
41.050060,-2.554078,-2.543340,-2.558680,-2.554078,-2.095031,-2.095031,-2.095031,-2.095031
41.060059,-2.426758,-2.412952,-2.428292,-2.425224,-2.017337,-2.017337,-2.017337,-2.017337
41.070061,-2.426758,-2.412952,-2.428292,-2.425224,-1.937680,-1.937680,-1.937680,-1.937680
41.080025,-2.285632,-2.270292,-2.287166,-2.285632,-1.856523,-1.856523,-1.856523,-1.856523
41.090057,-2.285632,-2.270292,-2.287166,-2.285632,-1.772985,-1.772985,-1.772985,-1.772985
41.100056,-2.135302,-2.123030,-2.138370,-2.135302,-1.688079,-1.688079,-1.688079,-1.688079
41.110062,-2.135302,-2.123030,-2.138370,-2.135302,-1.601523,-1.601523,-1.601523,-1.601523
41.120056,-1.978835,-1.968098,-1.981903,-1.977301,-1.513511,-1.513511,-1.513511,-1.513511
41.130058,-1.978835,-1.968098,-1.981903,-1.977301,-1.424026,-1.424026,-1.424026,-1.424026
41.140057,-1.816234,-1.802428,-1.816234,-1.816234,-1.333185,-1.333185,-1.333185,-1.333185
41.150059,-1.816234,-1.802428,-1.816234,-1.816234,-1.241098,-1.241098,-1.241098,-1.241098
41.160057,-1.645962,-1.630622,-1.642894,-1.645962,-1.147833,-1.147833,-1.147833,-1.147833
41.170055,-1.645962,-1.630622,-1.642894,-1.645962,-1.053499,-1.053499,-1.053499,-1.053499
41.180058,-1.458816,-1.455748,-1.463418,-1.469554,-0.958172,-0.958172,-0.958172,-0.958172
41.190060,-1.458816,-1.455748,-1.463418,-1.469554,-0.861919,-0.861919,-0.861919,-0.861919
41.200058,-1.283942,-1.280874,-1.287010,-1.293146,-0.764894,-0.764894,-0.764894,-0.764894
41.210060,-1.283942,-1.280874,-1.287010,-1.293146,-0.667150,-0.667150,-0.667150,-0.667150
41.220066,-1.109068,-1.099864,-1.107534,-1.109068,-0.568709,-0.568709,-0.568709,-0.568709
41.230064,-1.109068,-1.099864,-1.107534,-1.109068,-0.469862,-0.469862,-0.469862,-0.469862
41.240067,-0.914253,-0.909651,-0.917321,-0.912719,-0.370556,-0.370556,-0.370556,-0.370556
41.250065,-0.914253,-0.909651,-0.917321,-0.912719,-0.270957,-0.270957,-0.270957,-0.270957
41.260059,-0.711767,-0.713301,-0.713301,-0.714835,-0.171150,-0.171150,-0.171150,-0.171150
41.270065,-0.711767,-0.713301,-0.713301,-0.714835,-0.071128,-0.071128,-0.071128,-0.071128
41.280060,-0.513884,-0.512350,-0.509282,-0.512350,0.028809,0.028809,0.028809,0.028809
41.290062,-0.513884,-0.512350,-0.509282,-0.512350,0.128776,0.128776,0.128776,0.128776
41.300064,-0.320602,-0.322136,-0.317534,-0.319068,0.228554,0.228554,0.228554,0.228554
41.310062,-0.320602,-0.322136,-0.317534,-0.319068,0.328063,0.328063,0.328063,0.328063
41.320061,-0.122718,-0.139592,-0.130388,-0.122718,0.427190,0.427190,0.427190,0.427190
41.330063,-0.122718,-0.139592,-0.130388,-0.122718,0.525888,0.525888,0.525888,0.525888
41.340065,0.073631,0.062893,0.064427,0.085903,0.623993,0.623993,0.623993,0.623993
41.350067,0.073631,0.062893,0.064427,0.085903,0.721485,0.721485,0.721485,0.721485
41.360062,0.269981,0.257709,0.266913,0.285320,0.818168,0.818168,0.818168,0.818168
41.370064,0.269981,0.257709,0.266913,0.285320,0.914049,0.914049,0.914049,0.914049
41.380058,0.463262,0.449456,0.464796,0.484738,1.008915,1.008915,1.008915,1.008915
41.390057,0.463262,0.449456,0.464796,0.484738,1.102773,1.102773,1.102773,1.102773
41.400040,0.659612,0.641204,0.665748,0.678020,1.195363,1.195363,1.195363,1.195363
41.410065,0.659612,0.641204,0.665748,0.678020,1.287114,1.287114,1.287114,1.287114
41.420059,0.855961,0.832952,0.855961,0.866699,1.377282,1.377282,1.377282,1.377282
41.430065,0.855961,0.832952,0.855961,0.866699,1.466124,1.466124,1.466124,1.466124
41.440063,1.046175,1.026233,1.047709,1.058447,1.553429,1.553429,1.553429,1.553429
41.450066,1.046175,1.026233,1.047709,1.058447,1.639153,1.639153,1.639153,1.639153
41.460064,1.231787,1.219515,1.239457,1.248661,1.723202,1.723202,1.723202,1.723202
41.470066,1.231787,1.219515,1.239457,1.248661,1.805515,1.805515,1.805515,1.805515
41.480061,1.414330,1.398991,1.422000,1.432738,1.885933,1.885933,1.885933,1.885933
41.490067,1.414330,1.398991,1.422000,1.432738,1.964521,1.964521,1.964521,1.964521
41.500065,1.590738,1.576932,1.593806,1.603010,2.041073,2.041073,2.041073,2.041073
41.510063,1.590738,1.576932,1.593806,1.603010,2.115547,2.115547,2.115547,2.115547
41.520058,1.762544,1.750272,1.764078,1.770214,2.187839,2.187839,2.187839,2.187839
41.530064,1.762544,1.750272,1.764078,1.770214,2.257972,2.257972,2.257972,2.257972
41.540066,1.922078,1.911340,1.922078,1.932816,2.325812,2.325812,2.325812,2.325812
41.550064,1.922078,1.911340,1.922078,1.932816,2.391235,2.391235,2.391235,2.391235
41.560066,2.073942,2.067806,2.073942,2.086214,2.454268,2.454268,2.454268,2.454268
41.570068,2.073942,2.067806,2.073942,2.086214,2.514801,2.514801,2.514801,2.514801
41.580059,2.218137,2.218137,2.219671,2.235010,2.572729,2.572729,2.572729,2.572729
41.590065,2.218137,2.218137,2.219671,2.235010,2.628119,2.628119,2.628119,2.628119
41.600060,2.351593,2.357729,2.356195,2.371535,2.680774,2.680774,2.680774,2.680774
41.610065,2.351593,2.357729,2.356195,2.371535,2.730757,2.730757,2.730757,2.730757
41.620056,2.477379,2.486583,2.478913,2.497321,2.777894,2.777894,2.777894,2.777894
41.630066,2.477379,2.486583,2.478913,2.497321,2.822282,2.822282,2.822282,2.822282
41.640064,2.590894,2.606234,2.592428,2.613904,2.863753,2.863753,2.863753,2.863753
41.650066,2.590894,2.606234,2.592428,2.613904,2.902326,2.902326,2.902326,2.902326
41.660061,2.698272,2.710544,2.699806,2.721282,2.937906,2.937906,2.937906,2.937906
41.670067,2.698272,2.710544,2.699806,2.721282,2.970546,2.970546,2.970546,2.970546
41.680061,2.797981,2.810253,2.793379,2.814855,3.000113,3.000113,3.000113,3.000113
41.690063,2.797981,2.810253,2.793379,2.814855,3.026651,3.026651,3.026651,3.026651
41.700058,2.876214,2.896156,2.874680,2.896156,3.050079,3.050079,3.050079,3.050079
41.710060,2.876214,2.896156,2.874680,2.896156,3.070413,3.070413,3.070413,3.070413
41.720055,2.943710,2.968253,2.945244,2.968253,3.087599,3.087599,3.087599,3.087599
41.730064,2.943710,2.968253,2.945244,2.968253,3.101653,3.101653,3.101653,3.101653
41.740059,3.000467,3.028079,3.003535,3.028079,3.112520,3.112520,3.112520,3.112520
41.750057,3.000467,3.028079,3.003535,3.028079,3.120215,3.120215,3.120215,3.120215
41.760056,3.048020,3.071030,3.044952,3.069496,3.124720,3.124720,3.124720,3.124720
41.770058,3.048020,3.071030,3.044952,3.069496,3.126029,3.126029,3.126029,3.126029
41.780056,3.080234,3.098642,3.071030,3.094040,3.124141,3.124141,3.124141,3.124141
41.790062,3.080234,3.098642,3.071030,3.094040,3.119050,3.119050,3.119050,3.119050
41.800060,3.100176,3.115515,3.090972,3.110914,3.110772,3.110772,3.110772,3.110772
41.810062,3.100176,3.115515,3.090972,3.110914,3.099301,3.099301,3.099301,3.099301
41.820057,3.107846,3.120117,3.100176,3.113981,3.084662,3.084662,3.084662,3.084662
41.830059,3.107846,3.120117,3.100176,3.113981,3.066852,3.066852,3.066852,3.066852
41.840057,3.107846,3.120117,3.100176,3.113981,3.045907,3.045907,3.045907,3.045907
41.850060,3.107846,3.120117,3.100176,3.113981,3.021833,3.021833,3.021833,3.021833
41.860062,3.106312,3.118583,3.098642,3.113981,2.994649,2.994649,2.994649,2.994649
41.870060,3.106312,3.118583,3.098642,3.113981,2.964393,2.964393,2.964393,2.964393
41.880070,3.100176,3.106312,3.089438,3.098642,2.931073,2.931073,2.931073,2.931073
41.890068,3.100176,3.106312,3.089438,3.098642,2.894770,2.894770,2.894770,2.894770
41.900066,3.054156,3.067962,3.051088,3.058758,2.855488,2.855488,2.855488,2.855488
41.910065,3.054156,3.067962,3.051088,3.058758,2.813266,2.813266,2.813266,2.813266
41.920063,2.985127,3.011205,2.994331,3.002001,2.768166,2.768166,2.768166,2.768166
41.930065,2.985127,3.011205,2.994331,3.002001,2.720203,2.720203,2.720203,2.720203
41.940063,2.920700,2.942176,2.925302,2.931438,2.669435,2.669435,2.669435,2.669435
41.950066,2.920700,2.942176,2.925302,2.931438,2.615922,2.615922,2.615922,2.615922
41.960064,2.840933,2.859341,2.845535,2.848603,2.559727,2.559727,2.559727,2.559727
41.970062,2.840933,2.859341,2.845535,2.848603,2.500894,2.500894,2.500894,2.500894
41.980061,2.751962,2.765768,2.755030,2.758098,2.439492,2.439492,2.439492,2.439492
41.990067,2.751962,2.765768,2.755030,2.758098,2.375534,2.375534,2.375534,2.375534
42.000065,2.650719,2.661457,2.653787,2.653787,2.309179,2.309179,2.309179,2.309179
42.010067,2.650719,2.661457,2.653787,2.653787,2.240404,2.240404,2.240404,2.240404
42.020065,2.540272,2.546408,2.538738,2.538738,2.169358,2.169358,2.169358,2.169358
42.030067,2.540272,2.546408,2.538738,2.538738,2.096053,2.096053,2.096053,2.096053
42.040066,2.417554,2.417554,2.414486,2.416020,2.020593,2.020593,2.020593,2.020593
42.050072,2.417554,2.417554,2.414486,2.416020,1.943007,1.943007,1.943007,1.943007
42.060062,2.281030,2.282564,2.279496,2.281030,1.863526,1.863526,1.863526,1.863526
42.070068,2.281030,2.282564,2.279496,2.281030,1.782034,1.782034,1.782034,1.782034
42.080067,2.138370,2.135302,2.136836,2.138370,1.698741,1.698741,1.698741,1.698741
42.090069,2.138370,2.135302,2.136836,2.138370,1.613700,1.613700,1.613700,1.613700
42.100063,1.984971,1.980369,1.980369,1.984971,1.527025,1.527025,1.527025,1.527025
42.110065,1.984971,1.980369,1.980369,1.984971,1.438745,1.438745,1.438745,1.438745
42.120064,1.822369,1.816234,1.820835,1.823903,1.349002,1.349002,1.349002,1.349002
42.130066,1.822369,1.816234,1.820835,1.823903,1.257846,1.257846,1.257846,1.257846
42.140057,1.656700,1.647496,1.652098,1.655166,1.165510,1.165510,1.165510,1.165510
42.150059,1.656700,1.647496,1.652098,1.655166,1.071902,1.071902,1.071902,1.071902
42.160057,1.474156,1.474156,1.478758,1.483360,0.977200,0.977200,0.977200,0.977200
42.170063,1.474156,1.474156,1.478758,1.483360,0.881462,0.881462,0.881462,0.881462
42.180061,1.294680,1.291612,1.297748,1.302350,0.784896,0.784896,0.784896,0.784896
42.190060,1.294680,1.291612,1.297748,1.302350,0.687530,0.687530,0.687530,0.687530
42.200058,1.118272,1.107534,1.119806,1.113670,0.589476,0.589476,0.589476,0.589476
42.210060,1.118272,1.107534,1.119806,1.113670,0.490783,0.490783,0.490783,0.490783
42.220062,0.935728,0.921923,0.935728,0.918855,0.391633,0.391633,0.391633,0.391633
42.230061,0.935728,0.921923,0.935728,0.918855,0.292146,0.292146,0.292146,0.292146
42.240055,0.743981,0.733243,0.742447,0.725573,0.192412,0.192412,0.192412,0.192412
42.250057,0.743981,0.733243,0.742447,0.725573,0.092442,0.092442,0.092442,0.092442
42.260059,0.546097,0.541495,0.541495,0.532291,-0.007552,-0.007552,-0.007552,-0.007552
42.270058,0.546097,0.541495,0.541495,0.532291,-0.107519,-0.107519,-0.107519,-0.107519
42.280056,0.348214,0.337476,0.343612,0.337476,-0.207296,-0.207296,-0.207296,-0.207296
42.290058,0.348214,0.337476,0.343612,0.337476,-0.306842,-0.306842,-0.306842,-0.306842
42.300056,0.148796,0.136524,0.142660,0.133456,-0.406022,-0.406022,-0.406022,-0.406022
42.310059,0.148796,0.136524,0.142660,0.133456,-0.504726,-0.504726,-0.504726,-0.504726
42.320057,-0.050621,-0.073631,-0.058291,-0.075165,-0.602855,-0.602855,-0.602855,-0.602855
42.330059,-0.050621,-0.073631,-0.058291,-0.075165,-0.700297,-0.700297,-0.700297,-0.700297
42.340057,-0.251573,-0.271515,-0.260777,-0.279185,-0.796946,-0.796946,-0.796946,-0.796946
42.350071,-0.251573,-0.271515,-0.260777,-0.279185,-0.892827,-0.892827,-0.892827,-0.892827
42.360062,-0.449456,-0.461728,-0.460194,-0.477068,-0.987500,-0.987500,-0.987500,-0.987500
42.370068,-0.449456,-0.461728,-0.460194,-0.477068,-1.081221,-1.081221,-1.081221,-1.081221
42.380066,-0.648874,-0.653476,-0.656544,-0.668816,-1.173659,-1.173659,-1.173659,-1.173659
42.390068,-0.648874,-0.653476,-0.656544,-0.668816,-1.264842,-1.264842,-1.264842,-1.264842
42.400063,-0.842156,-0.840622,-0.846758,-0.857495,-1.354600,-1.354600,-1.354600,-1.354600
42.410069,-0.842156,-0.840622,-0.846758,-0.857495,-1.442917,-1.442917,-1.442917,-1.442917
42.420063,-1.033903,-1.017029,-1.030835,-1.038505,-1.529559,-1.529559,-1.529559,-1.529559
42.430065,-1.033903,-1.017029,-1.030835,-1.038505,-1.614599,-1.614599,-1.614599,-1.614599
42.440056,-1.211845,-1.193437,-1.208777,-1.217981,-1.697752,-1.697752,-1.697752,-1.697752
42.450066,-1.211845,-1.193437,-1.208777,-1.217981,-1.779206,-1.779206,-1.779206,-1.779206
42.460060,-1.380583,-1.372913,-1.386719,-1.395923,-1.858587,-1.858587,-1.858587,-1.858587
42.470066,-1.380583,-1.372913,-1.386719,-1.395923,-1.936014,-1.936014,-1.936014,-1.936014
42.480061,-1.555457,-1.550855,-1.566195,-1.575398,-2.011223,-2.011223,-2.011223,-2.011223
42.490067,-1.555457,-1.550855,-1.566195,-1.575398,-2.084294,-2.084294,-2.084294,-2.084294
42.500061,-1.728797,-1.722661,-1.738001,-1.748738,-2.155001,-2.155001,-2.155001,-2.155001
42.510059,-1.728797,-1.722661,-1.738001,-1.748738,-2.223397,-2.223397,-2.223397,-2.223397
42.520065,-1.891399,-1.885263,-1.896001,-1.909806,-2.289378,-2.289378,-2.289378,-2.289378
42.530064,-1.891399,-1.885263,-1.896001,-1.909806,-2.352824,-2.352824,-2.352824,-2.352824
42.540058,-2.040195,-2.037127,-2.047865,-2.054001,-2.413629,-2.413629,-2.413629,-2.413629
42.550060,-2.040195,-2.037127,-2.047865,-2.054001,-2.471864,-2.471864,-2.471864,-2.471864
42.560059,-2.179787,-2.175185,-2.187457,-2.193593,-2.527329,-2.527329,-2.527329,-2.527329
42.570061,-2.179787,-2.175185,-2.187457,-2.193593,-2.580071,-2.580071,-2.580071,-2.580071
42.580055,-2.313243,-2.310175,-2.320913,-2.325515,-2.629930,-2.629930,-2.629930,-2.629930
42.590061,-2.313243,-2.310175,-2.320913,-2.325515,-2.676947,-2.676947,-2.676947,-2.676947
42.600056,-2.434428,-2.431360,-2.439030,-2.446700,-2.720976,-2.720976,-2.720976,-2.720976
42.610065,-2.434428,-2.431360,-2.439030,-2.446700,-2.762066,-2.762066,-2.762066,-2.762066
42.620060,-2.546408,-2.541806,-2.549476,-2.557146,-2.800070,-2.800070,-2.800070,-2.800070
42.630062,-2.546408,-2.541806,-2.549476,-2.557146,-2.835016,-2.835016,-2.835016,-2.835016
42.640057,-2.646117,-2.646117,-2.646117,-2.658389,-2.866821,-2.866821,-2.866821,-2.866821
42.650059,-2.646117,-2.646117,-2.646117,-2.658389,-2.895490,-2.895490,-2.895490,-2.895490
42.660057,-2.738156,-2.732020,-2.730486,-2.745826,-2.920959,-2.920959,-2.920959,-2.920959
42.670059,-2.738156,-2.732020,-2.730486,-2.745826,-2.943225,-2.943225,-2.943225,-2.943225
42.680058,-2.814855,-2.807185,-2.807185,-2.820991,-2.962232,-2.962232,-2.962232,-2.962232
42.690056,-2.814855,-2.807185,-2.807185,-2.820991,-2.977981,-2.977981,-2.977981,-2.977981
42.700062,-2.873146,-2.868545,-2.868545,-2.882350,-2.990448,-2.990448,-2.990448,-2.990448
42.710060,-2.873146,-2.868545,-2.868545,-2.882350,-2.999609,-2.999609,-2.999609,-2.999609
42.720058,-2.922234,-2.919166,-2.919166,-2.932972,-3.005459,-3.005459,-3.005459,-3.005459
42.730061,-2.922234,-2.919166,-2.919166,-2.932972,-3.007992,-3.007992,-3.007992,-3.007992
42.740059,-2.960583,-2.955981,-2.960583,-2.969787,-3.007202,-3.007202,-3.007202,-3.007202
42.750061,-2.960583,-2.955981,-2.960583,-2.969787,-3.003087,-3.003087,-3.003087,-3.003087
42.760059,-2.985127,-2.978991,-2.980525,-2.991263,-2.995653,-2.995653,-2.995653,-2.995653
42.770058,-2.985127,-2.978991,-2.980525,-2.991263,-2.984908,-2.984908,-2.984908,-2.984908
42.780056,-2.994331,-2.988195,-2.988195,-2.997399,-2.970861,-2.970861,-2.970861,-2.970861
42.790054,-2.994331,-2.988195,-2.988195,-2.997399,-2.953523,-2.953523,-2.953523,-2.953523
42.800053,-2.994331,-2.988195,-2.988195,-2.997399,-2.932917,-2.932917,-2.932917,-2.932917
42.810059,-2.994331,-2.988195,-2.988195,-2.997399,-2.909051,-2.909051,-2.909051,-2.909051
42.820057,-2.992797,-2.986661,-2.986661,-2.997399,-2.881974,-2.881974,-2.881974,-2.881974
42.830055,-2.992797,-2.986661,-2.986661,-2.997399,-2.851696,-2.851696,-2.851696,-2.851696
42.840046,-2.977457,-2.969787,-2.978991,-2.978991,-2.818293,-2.818293,-2.818293,-2.818293
42.850063,-2.977457,-2.969787,-2.978991,-2.978991,-2.781654,-2.781654,-2.781654,-2.781654
42.860062,-2.939108,-2.928370,-2.942176,-2.936040,-2.742011,-2.742011,-2.742011,-2.742011
42.870060,-2.939108,-2.928370,-2.942176,-2.936040,-2.699316,-2.699316,-2.699316,-2.699316
42.880058,-2.877748,-2.870079,-2.883884,-2.880816,-2.653633,-2.653633,-2.653633,-2.653633
42.890060,-2.877748,-2.870079,-2.883884,-2.880816,-2.604979,-2.604979,-2.604979,-2.604979
42.900055,-2.810253,-2.802583,-2.816389,-2.810253,-2.553464,-2.553464,-2.553464,-2.553464
42.910061,-2.810253,-2.802583,-2.816389,-2.810253,-2.499058,-2.499058,-2.499058,-2.499058
42.920063,-2.728952,-2.721282,-2.735088,-2.728952,-2.441890,-2.441890,-2.441890,-2.441890
42.930058,-2.728952,-2.721282,-2.735088,-2.728952,-2.382048,-2.382048,-2.382048,-2.382048
42.940060,-2.638447,-2.629243,-2.643049,-2.639981,-2.319520,-2.319520,-2.319520,-2.319520
42.950066,-2.638447,-2.629243,-2.643049,-2.639981,-2.254379,-2.254379,-2.254379,-2.254379
42.960064,-2.537205,-2.521865,-2.538738,-2.537205,-2.186778,-2.186778,-2.186778,-2.186778
42.970066,-2.537205,-2.521865,-2.538738,-2.537205,-2.116727,-2.116727,-2.116727,-2.116727
42.980064,-2.417554,-2.405282,-2.419088,-2.417554,-2.044357,-2.044357,-2.044357,-2.044357
42.990063,-2.417554,-2.405282,-2.419088,-2.417554,-1.969673,-1.969673,-1.969673,-1.969673
43.000061,-2.288700,-2.279496,-2.293302,-2.291768,-1.892842,-1.892842,-1.892842,-1.892842
43.010067,-2.288700,-2.279496,-2.293302,-2.291768,-1.813837,-1.813837,-1.813837,-1.813837
43.020065,-2.152175,-2.144506,-2.158311,-2.153709,-1.732867,-1.732867,-1.732867,-1.732867
43.030067,-2.152175,-2.144506,-2.158311,-2.153709,-1.649928,-1.649928,-1.649928,-1.649928
43.040066,-2.009515,-1.997243,-2.011049,-2.009515,-1.565203,-1.565203,-1.565203,-1.565203
43.050068,-2.009515,-1.997243,-2.011049,-2.009515,-1.478696,-1.478696,-1.478696,-1.478696
43.060036,-1.853049,-1.842311,-1.853049,-1.854583,-1.390850,-1.390850,-1.390850,-1.390850
43.070057,-1.853049,-1.842311,-1.853049,-1.854583,-1.300992,-1.300992,-1.300992,-1.300992
43.080055,-1.687379,-1.678175,-1.688913,-1.691981,-1.209910,-1.209910,-1.209910,-1.209910
43.090061,-1.687379,-1.678175,-1.688913,-1.691981,-1.117405,-1.117405,-1.117405,-1.117405
43.100060,-1.518641,-1.509437,-1.523243,-1.521709,-1.023767,-1.023767,-1.023767,-1.023767
43.110058,-1.518641,-1.509437,-1.523243,-1.521709,-0.928976,-0.928976,-0.928976,-0.928976
43.120056,-1.349903,-1.339165,-1.354505,-1.349903,-0.833149,-0.833149,-0.833149,-0.833149
43.130058,-1.349903,-1.339165,-1.354505,-1.349903,-0.736409,-0.736409,-0.736409,-0.736409
43.140060,-1.171961,-1.161224,-1.179631,-1.171961,-0.638846,-0.638846,-0.638846,-0.638846
43.150059,-1.171961,-1.161224,-1.179631,-1.171961,-0.540656,-0.540656,-0.540656,-0.540656
43.160057,-0.981748,-0.975612,-0.992486,-0.983282,-0.441847,-0.441847,-0.441847,-0.441847
43.170059,-0.981748,-0.975612,-0.992486,-0.983282,-0.342572,-0.342572,-0.342572,-0.342572
43.180054,-0.773126,-0.785398,-0.785398,-0.783864,-0.242998,-0.242998,-0.242998,-0.242998
43.190056,-0.773126,-0.785398,-0.785398,-0.783864,-0.143124,-0.143124,-0.143124,-0.143124
43.200047,-0.575243,-0.587515,-0.581379,-0.584447,-0.043239,-0.043239,-0.043239,-0.043239
43.210064,-0.575243,-0.587515,-0.581379,-0.584447,0.056928,0.056928,0.056928,0.056928
43.220062,-0.385029,-0.400369,-0.385029,-0.388097,0.156802,0.156802,0.156802,0.156802
43.230057,-0.385029,-0.400369,-0.385029,-0.388097,0.256411,0.256411,0.256411,0.256411
43.240063,-0.197884,-0.211689,-0.191748,-0.194816,0.355790,0.355790,0.355790,0.355790
43.250069,-0.197884,-0.211689,-0.191748,-0.194816,0.454733,0.454733,0.454733,0.454733
43.260067,0.000000,-0.004602,0.006136,0.013806,0.553032,0.553032,0.553032,0.553032
43.270065,0.000000,-0.004602,0.006136,0.013806,0.650673,0.650673,0.650673,0.650673
43.280067,0.199418,0.193282,0.207087,0.213223,0.747536,0.747536,0.747536,0.747536
43.290066,0.199418,0.193282,0.207087,0.213223,0.843485,0.843485,0.843485,0.843485
43.300064,0.395767,0.381961,0.404971,0.414175,0.938409,0.938409,0.938409,0.938409
43.310066,0.395767,0.381961,0.404971,0.414175,1.032242,1.032242,1.032242,1.032242
43.320065,0.595185,0.570641,0.596719,0.608990,1.124825,1.124825,1.124825,1.124825
43.330067,0.595185,0.570641,0.596719,0.608990,1.216098,1.216098,1.216098,1.216098
43.340065,0.783864,0.762389,0.786932,0.797670,1.305879,1.305879,1.305879,1.305879
43.350071,0.783864,0.762389,0.786932,0.797670,1.394162,1.394162,1.394162,1.394162
43.360065,0.974078,0.957204,0.975612,0.984816,1.480721,1.480721,1.480721,1.480721
43.370064,0.974078,0.957204,0.975612,0.984816,1.565574,1.565574,1.565574,1.565574
43.380062,1.162758,1.147418,1.167360,1.176563,1.648537,1.648537,1.648537,1.648537
43.390060,1.162758,1.147418,1.167360,1.176563,1.729561,1.729561,1.729561,1.729561
43.400066,1.343767,1.328428,1.349903,1.360641,1.808599,1.808599,1.808599,1.808599
43.410065,1.343767,1.328428,1.349903,1.360641,1.885457,1.885457,1.885457,1.885457
43.420063,1.517107,1.506369,1.523243,1.532447,1.960070,1.960070,1.960070,1.960070
43.430069,1.517107,1.506369,1.523243,1.532447,2.032406,2.032406,2.032406,2.032406
43.440067,1.684311,1.673573,1.688913,1.693515,2.102308,2.102308,2.102308,2.102308
43.450066,1.684311,1.673573,1.688913,1.693515,2.169724,2.169724,2.169724,2.169724
43.460064,1.846913,1.831573,1.843845,1.853049,2.234577,2.234577,2.234577,2.234577
43.470066,1.846913,1.831573,1.843845,1.853049,2.296786,2.296786,2.296786,2.296786
43.480064,1.992641,1.981903,1.989573,2.003379,2.356297,2.356297,2.356297,2.356297
43.490067,1.992641,1.981903,1.989573,2.003379,2.413018,2.413018,2.413018,2.413018
43.500065,2.130700,2.129166,2.132234,2.146039,2.466869,2.466869,2.466869,2.466869
43.510025,2.130700,2.129166,2.132234,2.146039,2.517602,2.517602,2.517602,2.517602
43.520058,2.259554,2.265690,2.261088,2.277962,2.565732,2.565732,2.565732,2.565732
43.530033,2.259554,2.265690,2.261088,2.277962,2.610543,2.610543,2.610543,2.610543
43.540058,2.379205,2.383806,2.379205,2.397612,2.652492,2.652492,2.652492,2.652492
43.550011,2.379205,2.383806,2.379205,2.397612,2.691009,2.691009,2.691009,2.691009
43.560059,2.485049,2.494253,2.480447,2.504991,2.726689,2.726689,2.726689,2.726689
43.570061,2.485049,2.494253,2.480447,2.504991,2.758960,2.758960,2.758960,2.758960
43.580059,2.577088,2.590894,2.574020,2.598564,2.787957,2.787957,2.787957,2.787957
43.590061,2.577088,2.590894,2.574020,2.598564,2.813657,2.813657,2.813657,2.813657
43.600060,2.659923,2.673729,2.656855,2.681399,2.836008,2.836008,2.836008,2.836008
43.610069,2.659923,2.673729,2.656855,2.681399,2.855012,2.855012,2.855012,2.855012
43.620068,2.732020,2.748894,2.733554,2.755030,2.870600,2.870600,2.870600,2.870600
43.630066,2.732020,2.748894,2.733554,2.755030,2.882786,2.882786,2.882786,2.882786
43.640064,2.790311,2.810253,2.790311,2.813321,2.891544,2.891544,2.891544,2.891544
43.650070,2.790311,2.810253,2.790311,2.813321,2.896867,2.896867,2.896867,2.896867
43.660061,2.833263,2.856273,2.833263,2.857807,2.898743,2.898743,2.898743,2.898743
43.670067,2.833263,2.856273,2.833263,2.857807,2.897170,2.897170,2.897170,2.897170
43.680058,2.860875,2.886952,2.862409,2.883884,2.892156,2.892156,2.892156,2.892156
43.690067,2.860875,2.886952,2.862409,2.883884,2.883686,2.883686,2.883686,2.883686
43.700062,2.876214,2.900758,2.876214,2.893088,2.871790,2.871790,2.871790,2.871790
43.710064,2.876214,2.900758,2.876214,2.893088,2.856465,2.856465,2.856465,2.856465
43.720062,2.876214,2.903826,2.877748,2.894622,2.837748,2.837748,2.837748,2.837748
43.730064,2.876214,2.903826,2.877748,2.894622,2.815627,2.815627,2.815627,2.815627
43.740059,2.876214,2.902292,2.877748,2.893088,2.790175,2.790175,2.790175,2.790175
43.750065,2.876214,2.902292,2.877748,2.893088,2.761353,2.761353,2.761353,2.761353
43.760059,2.874680,2.891554,2.873146,2.885418,2.729276,2.729276,2.729276,2.729276
43.770065,2.874680,2.891554,2.873146,2.885418,2.693898,2.693898,2.693898,2.693898
43.780064,2.836331,2.854739,2.844001,2.848603,2.655333,2.655333,2.655333,2.655333
43.790066,2.836331,2.854739,2.844001,2.848603,2.613574,2.613574,2.613574,2.613574
43.800064,2.782642,2.801049,2.790311,2.794913,2.568713,2.568713,2.568713,2.568713
43.810066,2.782642,2.801049,2.790311,2.794913,2.520756,2.520756,2.520756,2.520756
43.820068,2.719748,2.735088,2.724350,2.728952,2.469789,2.469789,2.469789,2.469789
43.830067,2.719748,2.735088,2.724350,2.728952,2.415862,2.415862,2.415862,2.415862
43.840061,2.643049,2.656855,2.646117,2.647651,2.359092,2.359092,2.359092,2.359092
43.850067,2.643049,2.656855,2.646117,2.647651,2.299434,2.299434,2.299434,2.299434
43.860023,2.552544,2.563282,2.555612,2.557146,2.237312,2.237312,2.237312,2.237312
43.870056,2.552544,2.563282,2.555612,2.557146,2.172040,2.172040,2.172040,2.172040
43.880058,2.449768,2.455904,2.452836,2.455904,2.104380,2.104380,2.104380,2.104380
43.890060,2.449768,2.455904,2.452836,2.455904,2.034173,2.034173,2.034173,2.034173
43.900021,2.334719,2.337787,2.333185,2.336253,1.961831,1.961831,1.961831,1.961831
43.910061,2.334719,2.337787,2.333185,2.336253,1.886579,1.886579,1.886579,1.886579
43.920059,2.210467,2.207399,2.207399,2.210467,1.809363,1.809363,1.809363,1.809363
43.930061,2.210467,2.207399,2.207399,2.210467,1.729943,1.729943,1.729943,1.729943
43.940056,2.073942,2.066272,2.072408,2.073942,1.648523,1.648523,1.648523,1.648523
43.950058,2.073942,2.066272,2.072408,2.073942,1.565057,1.565057,1.565057,1.565057
43.960060,1.925146,1.917476,1.923612,1.926680,1.479735,1.479735,1.479735,1.479735
43.970058,1.925146,1.917476,1.923612,1.926680,1.392645,1.392645,1.392645,1.392645
43.980057,1.770214,1.762544,1.767146,1.770214,1.303945,1.303945,1.303945,1.303945
43.990059,1.770214,1.762544,1.767146,1.770214,1.213622,1.213622,1.213622,1.213622
44.000057,1.607612,1.599942,1.606078,1.607612,1.121890,1.121890,1.121890,1.121890
44.010059,1.607612,1.599942,1.606078,1.607612,1.028765,1.028765,1.028765,1.028765
44.020061,1.435806,1.426602,1.441942,1.435806,0.934463,0.934463,0.934463,0.934463
44.030064,1.435806,1.426602,1.441942,1.435806,0.839042,0.839042,0.839042,0.839042
44.040062,1.259398,1.247127,1.262466,1.257864,0.742661,0.742661,0.742661,0.742661
44.050060,1.259398,1.247127,1.262466,1.257864,0.645377,0.645377,0.645377,0.645377
44.060059,1.076855,1.064583,1.067651,1.069185,0.547373,0.547373,0.547373,0.547373
44.070057,1.076855,1.064583,1.067651,1.069185,0.448724,0.448724,0.448724,0.448724
44.080063,0.888175,0.877437,0.877437,0.877437,0.349524,0.349524,0.349524,0.349524
44.090061,0.888175,0.877437,0.877437,0.877437,0.249961,0.249961,0.249961,0.249961
44.100060,0.697961,0.688757,0.687223,0.687223,0.150168,0.150168,0.150168,0.150168
44.110062,0.697961,0.688757,0.687223,0.687223,0.050172,0.050172,0.050172,0.050172
44.120060,0.507748,0.498544,0.500078,0.497010,-0.049819,-0.049819,-0.049819,-0.049819
44.130062,0.507748,0.498544,0.500078,0.497010,-0.149717,-0.149717,-0.149717,-0.149717
44.140060,0.309864,0.286854,0.300660,0.289922,-0.249391,-0.249391,-0.249391,-0.249391
44.150063,0.309864,0.286854,0.300660,0.289922,-0.348720,-0.348720,-0.348720,-0.348720
44.160065,0.105845,0.085903,0.096641,0.085903,-0.447576,-0.447576,-0.447576,-0.447576
44.170059,0.105845,0.085903,0.096641,0.085903,-0.545810,-0.545810,-0.545810,-0.545810
44.180061,-0.098175,-0.127320,-0.104311,-0.122718,-0.643349,-0.643349,-0.643349,-0.643349
44.190060,-0.098175,-0.127320,-0.104311,-0.122718,-0.740061,-0.740061,-0.740061,-0.740061
44.200058,-0.306796,-0.322136,-0.305262,-0.320602,-0.835791,-0.835791,-0.835791,-0.835791
44.210056,-0.306796,-0.322136,-0.305262,-0.320602,-0.930447,-0.930447,-0.930447,-0.930447
44.220055,-0.501612,-0.512350,-0.498544,-0.518486,-1.023891,-1.023891,-1.023891,-1.023891
44.230061,-0.501612,-0.512350,-0.498544,-0.518486,-1.116099,-1.116099,-1.116099,-1.116099
44.240059,-0.688757,-0.702563,-0.693359,-0.708699,-1.206833,-1.206833,-1.206833,-1.206833
44.250069,-0.688757,-0.702563,-0.693359,-0.708699,-1.296120,-1.296120,-1.296120,-1.296120
44.260067,-0.878971,-0.886641,-0.885107,-0.892777,-1.383646,-1.383646,-1.383646,-1.383646
44.270069,-0.878971,-0.886641,-0.885107,-0.892777,-1.469443,-1.469443,-1.469443,-1.469443
44.280056,-1.067651,-1.059981,-1.069185,-1.073787,-1.553262,-1.553262,-1.553262,-1.553262
44.290066,-1.067651,-1.059981,-1.069185,-1.073787,-1.635289,-1.635289,-1.635289,-1.635289
44.300056,-1.240991,-1.234855,-1.240991,-1.250195,-1.715084,-1.715084,-1.715084,-1.715084
44.310024,-1.240991,-1.234855,-1.240991,-1.250195,-1.792501,-1.792501,-1.792501,-1.792501
44.320061,-1.408195,-1.409729,-1.414330,-1.422000,-1.868198,-1.868198,-1.868198,-1.868198
44.330067,-1.408195,-1.409729,-1.414330,-1.422000,-1.941267,-1.941267,-1.941267,-1.941267
44.340057,-1.580000,-1.583068,-1.587670,-1.596874,-2.011775,-2.011775,-2.011775,-2.011775
44.350063,-1.580000,-1.583068,-1.587670,-1.596874,-2.079845,-2.079845,-2.079845,-2.079845
44.360058,-1.748738,-1.748738,-1.753340,-1.765612,-2.145168,-2.145168,-2.145168,-2.145168
44.370056,-1.748738,-1.748738,-1.753340,-1.765612,-2.207827,-2.207827,-2.207827,-2.207827
44.380058,-1.899068,-1.897534,-1.903670,-1.914408,-2.267669,-2.267669,-2.267669,-2.267669
44.390057,-1.899068,-1.897534,-1.903670,-1.914408,-2.324630,-2.324630,-2.324630,-2.324630
44.400059,-2.038661,-2.034059,-2.044797,-2.050933,-2.378644,-2.378644,-2.378644,-2.378644
44.410057,-2.038661,-2.034059,-2.044797,-2.050933,-2.429630,-2.429630,-2.429630,-2.429630
44.420059,-2.169049,-2.162913,-2.173651,-2.181321,-2.477533,-2.477533,-2.477533,-2.477533
44.430058,-2.169049,-2.162913,-2.173651,-2.181321,-2.522280,-2.522280,-2.522280,-2.522280
44.440052,-2.288700,-2.281030,-2.291768,-2.302505,-2.563801,-2.563801,-2.563801,-2.563801
44.450058,-2.288700,-2.281030,-2.291768,-2.302505,-2.602094,-2.602094,-2.602094,-2.602094
44.460056,-2.396078,-2.391476,-2.393010,-2.408350,-2.637054,-2.637054,-2.637054,-2.637054
44.470058,-2.396078,-2.391476,-2.393010,-2.408350,-2.668673,-2.668673,-2.668673,-2.668673
44.480057,-2.491185,-2.488117,-2.489651,-2.504991,-2.696874,-2.696874,-2.696874,-2.696874
44.490059,-2.491185,-2.488117,-2.489651,-2.504991,-2.721650,-2.721650,-2.721650,-2.721650
44.500057,-2.572486,-2.569418,-2.572486,-2.587826,-2.742954,-2.742954,-2.742954,-2.742954
44.510056,-2.572486,-2.569418,-2.572486,-2.587826,-2.760757,-2.760757,-2.760757,-2.760757
44.520061,-2.643049,-2.641515,-2.641515,-2.655321,-2.775045,-2.775045,-2.775045,-2.775045
44.530056,-2.643049,-2.641515,-2.641515,-2.655321,-2.785783,-2.785783,-2.785783,-2.785783
44.540054,-2.699806,-2.695205,-2.699806,-2.710544,-2.792969,-2.792969,-2.792969,-2.792969
44.550060,-2.699806,-2.695205,-2.699806,-2.710544,-2.796590,-2.796590,-2.796590,-2.796590
44.560059,-2.741224,-2.736622,-2.739690,-2.750428,-2.796635,-2.796635,-2.796635,-2.796635
44.570061,-2.741224,-2.736622,-2.739690,-2.750428,-2.793106,-2.793106,-2.793106,-2.793106
44.580055,-2.768836,-2.761166,-2.767302,-2.776506,-2.786007,-2.786007,-2.786007,-2.786007
44.590031,-2.768836,-2.761166,-2.767302,-2.776506,-2.775374,-2.775374,-2.775374,-2.775374
44.600060,-2.781108,-2.773438,-2.778040,-2.787243,-2.761126,-2.761126,-2.761126,-2.761126
44.610062,-2.781108,-2.773438,-2.778040,-2.787243,-2.743368,-2.743368,-2.743368,-2.743368
44.620060,-2.782642,-2.773438,-2.778040,-2.787243,-2.722110,-2.722110,-2.722110,-2.722110
44.630058,-2.782642,-2.773438,-2.778040,-2.787243,-2.697359,-2.697359,-2.697359,-2.697359
44.640057,-2.781108,-2.771904,-2.778040,-2.785709,-2.669156,-2.669156,-2.669156,-2.669156
44.650059,-2.781108,-2.771904,-2.778040,-2.785709,-2.637517,-2.637517,-2.637517,-2.637517
44.660061,-2.767302,-2.756564,-2.768836,-2.767302,-2.602505,-2.602505,-2.602505,-2.602505
44.670059,-2.767302,-2.756564,-2.768836,-2.767302,-2.564155,-2.564155,-2.564155,-2.564155
44.680061,-2.724350,-2.716680,-2.732020,-2.727418,-2.522507,-2.522507,-2.522507,-2.522507
44.690060,-2.724350,-2.716680,-2.732020,-2.727418,-2.477633,-2.477633,-2.477633,-2.477633
44.700058,-2.664525,-2.661457,-2.672195,-2.669127,-2.429574,-2.429574,-2.429574,-2.429574
44.710060,-2.664525,-2.661457,-2.672195,-2.669127,-2.378377,-2.378377,-2.378377,-2.378377
44.720058,-2.589360,-2.589360,-2.597030,-2.595496,-2.324149,-2.324149,-2.324149,-2.324149
44.730061,-2.589360,-2.589360,-2.597030,-2.595496,-2.266915,-2.266915,-2.266915,-2.266915
44.740047,-2.504991,-2.501923,-2.512661,-2.508059,-2.206842,-2.206842,-2.206842,-2.206842
44.750072,-2.504991,-2.501923,-2.512661,-2.508059,-2.143716,-2.143716,-2.143716,-2.143716
44.760063,-2.406816,-2.405282,-2.416020,-2.411418,-2.078020,-2.078020,-2.078020,-2.078020
44.770065,-2.406816,-2.405282,-2.416020,-2.411418,-2.009594,-2.009594,-2.009594,-2.009594
44.780060,-2.302505,-2.296370,-2.305573,-2.302505,-1.938658,-1.938658,-1.938658,-1.938658
44.790066,-2.302505,-2.296370,-2.305573,-2.302505,-1.865112,-1.865112,-1.865112,-1.865112
44.800064,-2.181321,-2.173651,-2.182855,-2.178253,-1.789232,-1.789232,-1.789232,-1.789232
44.810062,-2.181321,-2.173651,-2.182855,-2.178253,-1.711063,-1.711063,-1.711063,-1.711063
44.820057,-2.047865,-2.043263,-2.046331,-2.047865,-1.630719,-1.630719,-1.630719,-1.630719
44.830055,-2.047865,-2.043263,-2.046331,-2.047865,-1.548256,-1.548256,-1.548256,-1.548256
44.840054,-1.903670,-1.897534,-1.902136,-1.908272,-1.463787,-1.463787,-1.463787,-1.463787
44.850067,-1.903670,-1.897534,-1.902136,-1.908272,-1.377349,-1.377349,-1.377349,-1.377349
44.860062,-1.751806,-1.744136,-1.750272,-1.753340,-1.289277,-1.289277,-1.289277,-1.289277
44.870056,-1.751806,-1.744136,-1.750272,-1.753340,-1.199530,-1.199530,-1.199530,-1.199530
44.880062,-1.589204,-1.584602,-1.593806,-1.592272,-1.108194,-1.108194,-1.108194,-1.108194
44.890064,-1.589204,-1.584602,-1.593806,-1.592272,-1.015427,-1.015427,-1.015427,-1.015427
44.900055,-1.422000,-1.420466,-1.428136,-1.423534,-0.921505,-0.921505,-0.921505,-0.921505
44.910065,-1.422000,-1.420466,-1.428136,-1.423534,-0.826209,-0.826209,-0.826209,-0.826209
44.920063,-1.250195,-1.248661,-1.256330,-1.251729,-0.729993,-0.729993,-0.729993,-0.729993
44.930061,-1.250195,-1.248661,-1.256330,-1.251729,-0.632836,-0.632836,-0.632836,-0.632836
44.940060,-1.067651,-1.067651,-1.076855,-1.069185,-0.534919,-0.534919,-0.534919,-0.534919
44.950066,-1.067651,-1.067651,-1.076855,-1.069185,-0.436222,-0.436222,-0.436222,-0.436222
44.960068,-0.874369,-0.885107,-0.888175,-0.878971,-0.337068,-0.337068,-0.337068,-0.337068
44.970066,-0.874369,-0.885107,-0.888175,-0.878971,-0.237517,-0.237517,-0.237517,-0.237517
44.980064,-0.678020,-0.690291,-0.676486,-0.678020,-0.137672,-0.137672,-0.137672,-0.137672
44.990067,-0.678020,-0.690291,-0.676486,-0.678020,-0.037689,-0.037689,-0.037689,-0.037689
45.000065,-0.480136,-0.490874,-0.474000,-0.478602,0.062302,0.062302,0.062302,0.062302
45.010067,-0.480136,-0.490874,-0.474000,-0.478602,0.162160,0.162160,0.162160,0.162160
45.020061,-0.286854,-0.296058,-0.280719,-0.286854,0.261728,0.261728,0.261728,0.261728
45.030067,-0.286854,-0.296058,-0.280719,-0.286854,0.360999,0.360999,0.360999,0.360999
45.040066,-0.088971,-0.105845,-0.084369,-0.088971,0.459683,0.459683,0.459683,0.459683
45.050060,-0.088971,-0.105845,-0.084369,-0.088971,0.557716,0.557716,0.557716,0.557716
45.060047,0.110447,0.099709,0.113515,0.121184,0.654837,0.654837,0.654837,0.654837
45.070057,0.110447,0.099709,0.113515,0.121184,0.751304,0.751304,0.751304,0.751304
45.080059,0.305262,0.292990,0.312932,0.320602,0.846651,0.846651,0.846651,0.846651
45.090057,0.305262,0.292990,0.312932,0.320602,0.940824,0.940824,0.940824,0.940824
45.100063,0.501612,0.484738,0.507748,0.520020,1.033738,1.033738,1.033738,1.033738
45.110058,0.501612,0.484738,0.507748,0.520020,1.125150,1.125150,1.125150,1.125150
45.120064,0.696427,0.670350,0.699495,0.707165,1.215083,1.215083,1.215083,1.215083
45.130066,0.696427,0.670350,0.699495,0.707165,1.303373,1.303373,1.303373,1.303373
45.140060,0.885107,0.860563,0.885107,0.897379,1.389782,1.389782,1.389782,1.389782
45.150066,0.885107,0.860563,0.885107,0.897379,1.474423,1.474423,1.474423,1.474423
45.160065,1.070719,1.055379,1.072253,1.087592,1.556992,1.556992,1.556992,1.556992
45.170067,1.070719,1.055379,1.072253,1.087592,1.637446,1.637446,1.637446,1.637446
45.180069,1.253263,1.239457,1.254797,1.270136,1.715674,1.715674,1.715674,1.715674
45.190063,1.253263,1.239457,1.254797,1.270136,1.791536,1.791536,1.791536,1.791536
45.200066,1.428136,1.411263,1.432738,1.441942,1.864982,1.864982,1.864982,1.864982
45.210068,1.428136,1.411263,1.432738,1.441942,1.935901,1.935901,1.935901,1.935901
45.220066,1.592272,1.580000,1.596874,1.601476,2.004167,2.004167,2.004167,2.004167
45.230064,1.592272,1.580000,1.596874,1.601476,2.069719,2.069719,2.069719,2.069719
45.240063,1.748738,1.738001,1.753340,1.757942,2.132432,2.132432,2.132432,2.132432
45.250065,1.748738,1.738001,1.753340,1.757942,2.192259,2.192259,2.192259,2.192259
45.260063,1.896001,1.886797,1.896001,1.906738,2.249104,2.249104,2.249104,2.249104
45.270065,1.896001,1.886797,1.896001,1.906738,2.302892,2.302892,2.302892,2.302892
45.280048,2.038661,2.026389,2.035593,2.046331,2.353445,2.353445,2.353445,2.353445
45.290066,2.038661,2.026389,2.035593,2.046331,2.400980,2.400980,2.400980,2.400980
45.300064,2.162913,2.156777,2.159845,2.173651,2.445125,2.445125,2.445125,2.445125
45.310062,2.162913,2.156777,2.159845,2.173651,2.485949,2.485949,2.485949,2.485949
45.320061,2.271826,2.273360,2.270292,2.285632,2.523385,2.523385,2.523385,2.523385
45.330063,2.271826,2.273360,2.270292,2.285632,2.557396,2.557396,2.557396,2.557396
45.340057,2.371535,2.377671,2.366933,2.385340,2.587899,2.587899,2.587899,2.587899
45.350067,2.371535,2.377671,2.366933,2.385340,2.614897,2.614897,2.614897,2.614897
45.360065,2.455904,2.463573,2.451302,2.472777,2.638301,2.638301,2.638301,2.638301
45.370071,2.455904,2.463573,2.451302,2.472777,2.658116,2.658116,2.658116,2.658116
45.380062,2.529535,2.540272,2.528001,2.547942,2.674274,2.674274,2.674274,2.674274
45.390064,2.529535,2.540272,2.528001,2.547942,2.686794,2.686794,2.686794,2.686794
45.400063,2.589360,2.603166,2.589360,2.609302,2.695633,2.695633,2.695633,2.695633
45.410034,2.589360,2.603166,2.589360,2.609302,2.700777,2.700777,2.700777,2.700777
45.420059,2.636913,2.647651,2.633845,2.652253,2.702245,2.702245,2.702245,2.702245
45.430061,2.636913,2.647651,2.633845,2.652253,2.700004,2.700004,2.700004,2.700004
45.440060,2.666059,2.678331,2.664525,2.684467,2.694064,2.694064,2.694064,2.694064
45.450066,2.666059,2.678331,2.664525,2.684467,2.684427,2.684427,2.684427,2.684427
45.460064,2.682933,2.696738,2.679865,2.699806,2.671118,2.671118,2.671118,2.671118
45.470066,2.682933,2.696738,2.679865,2.699806,2.654139,2.654139,2.654139,2.654139
45.480061,2.684467,2.701340,2.682933,2.699806,2.633532,2.633532,2.633532,2.633532
45.490063,2.684467,2.701340,2.682933,2.699806,2.609292,2.609292,2.609292,2.609292
45.500053,2.682933,2.701340,2.682933,2.699806,2.581509,2.581509,2.581509,2.581509
45.510059,2.682933,2.701340,2.682933,2.699806,2.550136,2.550136,2.550136,2.550136
45.520061,2.675263,2.686001,2.673729,2.681399,2.515262,2.515262,2.515262,2.515262
45.530064,2.675263,2.686001,2.673729,2.681399,2.476937,2.476937,2.476937,2.476937
45.540062,2.630777,2.646117,2.638447,2.641515,2.435215,2.435215,2.435215,2.435215
45.550060,2.630777,2.646117,2.638447,2.641515,2.390149,2.390149,2.390149,2.390149
45.560059,2.572486,2.586292,2.578622,2.578622,2.341800,2.341800,2.341800,2.341800
45.570065,2.572486,2.586292,2.578622,2.578622,2.290183,2.290183,2.290183,2.290183
45.580063,2.500389,2.511127,2.506525,2.504991,2.235467,2.235467,2.235467,2.235467
45.590065,2.500389,2.511127,2.506525,2.504991,2.177633,2.177633,2.177633,2.177633
45.600067,2.419088,2.426758,2.420622,2.420622,2.116812,2.116812,2.116812,2.116812
45.610065,2.419088,2.426758,2.420622,2.420622,2.053087,2.053087,2.053087,2.053087
45.620049,2.322447,2.327049,2.322447,2.323981,1.986634,1.986634,1.986634,1.986634
45.630062,2.322447,2.327049,2.322447,2.323981,1.917269,1.917269,1.917269,1.917269
45.640060,2.212001,2.212001,2.212001,2.213535,1.845349,1.845349,1.845349,1.845349
45.650059,2.212001,2.212001,2.212001,2.213535,1.770885,1.770885,1.770885,1.770885
45.660057,2.089282,2.084680,2.087748,2.089282,1.693971,1.693971,1.693971,1.693971
45.670059,2.089282,2.084680,2.087748,2.089282,1.614697,1.614697,1.614697,1.614697
45.680058,1.952758,1.946622,1.951224,1.957360,1.533248,1.533248,1.533248,1.533248
45.690060,1.952758,1.946622,1.951224,1.957360,1.449648,1.449648,1.449648,1.449648
45.700058,1.808564,1.791690,1.805496,1.810098,1.364073,1.364073,1.364073,1.364073
45.710056,1.808564,1.791690,1.805496,1.810098,1.276631,1.276631,1.276631,1.276631
45.720058,1.652098,1.645962,1.650564,1.653632,1.187432,1.187432,1.187432,1.187432
45.730061,1.652098,1.645962,1.650564,1.653632,1.096574,1.096574,1.096574,1.096574
45.740055,1.491030,1.474156,1.487962,1.491030,1.004269,1.004269,1.004269,1.004269
45.750061,1.491030,1.474156,1.487962,1.491030,0.910521,0.910521,0.910521,0.910521
45.760059,1.323826,1.302350,1.314622,1.322292,0.815566,0.815566,0.815566,0.815566
45.770061,1.323826,1.302350,1.314622,1.322292,0.719493,0.719493,0.719493,0.719493
45.780060,1.147418,1.121340,1.141282,1.139748,0.622460,0.622460,0.622460,0.622460
45.790062,1.147418,1.121340,1.141282,1.139748,0.524580,0.524580,0.524580,0.524580
45.800060,0.952602,0.934194,0.960272,0.946466,0.426026,0.426026,0.426026,0.426026
45.810059,0.952602,0.934194,0.960272,0.946466,0.326880,0.326880,0.326880,0.326880
45.820061,0.763923,0.751651,0.773126,0.754719,0.227297,0.227297,0.227297,0.227297
45.830059,0.763923,0.751651,0.773126,0.754719,0.127475,0.127475,0.127475,0.127475
45.840061,0.576777,0.562971,0.582913,0.564505,0.027488,0.027488,0.027488,0.027488
45.850060,0.576777,0.562971,0.582913,0.564505,-0.072491,-0.072491,-0.072491,-0.072491
45.860058,0.383495,0.365087,0.388097,0.366621,-0.172318,-0.172318,-0.172318,-0.172318
45.870060,0.383495,0.365087,0.388097,0.366621,-0.271881,-0.271881,-0.271881,-0.271881
45.880054,0.185612,0.165670,0.179476,0.170272,-0.370971,-0.370971,-0.370971,-0.370971
45.890060,0.185612,0.165670,0.179476,0.170272,-0.469575,-0.469575,-0.469575,-0.469575
45.900066,-0.016874,-0.046019,-0.026078,-0.036816,-0.567479,-0.567479,-0.567479,-0.567479
45.910061,-0.016874,-0.046019,-0.026078,-0.036816,-0.664457,-0.664457,-0.664457,-0.664457
45.920059,-0.217825,-0.248505,-0.230097,-0.245437,-0.760472,-0.760472,-0.760472,-0.760472
45.930061,-0.217825,-0.248505,-0.230097,-0.245437,-0.855400,-0.855400,-0.855400,-0.855400
45.940060,-0.417243,-0.438719,-0.424913,-0.440253,-0.948997,-0.948997,-0.948997,-0.948997
45.950062,-0.417243,-0.438719,-0.424913,-0.440253,-1.041294,-1.041294,-1.041294,-1.041294
45.960060,-0.613592,-0.627398,-0.616660,-0.633534,-1.131991,-1.131991,-1.131991,-1.131991
45.970058,-0.613592,-0.627398,-0.616660,-0.633534,-1.221077,-1.221077,-1.221077,-1.221077
45.980057,-0.803806,-0.814544,-0.809942,-0.820680,-1.308337,-1.308337,-1.308337,-1.308337
45.990055,-0.803806,-0.814544,-0.809942,-0.820680,-1.393708,-1.393708,-1.393708,-1.393708
46.000057,-0.992486,-0.990952,-0.994020,-1.003224,-1.477096,-1.477096,-1.477096,-1.477096
46.010056,-0.992486,-0.990952,-0.994020,-1.003224,-1.558283,-1.558283,-1.558283,-1.558283
46.020023,-1.168894,-1.164292,-1.167360,-1.178097,-1.636957,-1.636957,-1.636957,-1.636957
46.030060,-1.168894,-1.164292,-1.167360,-1.178097,-1.713800,-1.713800,-1.713800,-1.713800
46.040070,-1.336097,-1.334563,-1.339165,-1.349903,-1.787927,-1.787927,-1.787927,-1.787927
46.050064,-1.336097,-1.334563,-1.339165,-1.349903,-1.859359,-1.859359,-1.859359,-1.859359
46.060059,-1.500233,-1.501767,-1.509437,-1.515573,-1.928066,-1.928066,-1.928066,-1.928066
46.070065,-1.500233,-1.501767,-1.509437,-1.515573,-1.994041,-1.994041,-1.994041,-1.994041
46.080067,-1.664369,-1.667437,-1.675107,-1.682777,-2.057115,-2.057115,-2.057115,-2.057115
46.090065,-1.664369,-1.667437,-1.675107,-1.682777,-2.117150,-2.117150,-2.117150,-2.117150
46.100063,-1.817768,-1.816234,-1.822369,-1.837709,-2.174098,-2.174098,-2.174098,-2.174098
46.110062,-1.817768,-1.816234,-1.822369,-1.837709,-2.227907,-2.227907,-2.227907,-2.227907
46.120064,-1.955826,-1.952758,-1.960428,-1.971166,-2.278468,-2.278468,-2.278468,-2.278468
46.130066,-1.955826,-1.952758,-1.960428,-1.971166,-2.325724,-2.325724,-2.325724,-2.325724
46.140064,-2.080078,-2.075476,-2.084680,-2.090816,-2.369574,-2.369574,-2.369574,-2.369574
46.150066,-2.080078,-2.075476,-2.084680,-2.090816,-2.409971,-2.409971,-2.409971,-2.409971
46.160069,-2.193593,-2.185923,-2.196661,-2.202797,-2.446863,-2.446863,-2.446863,-2.446863
46.170067,-2.193593,-2.185923,-2.196661,-2.202797,-2.480175,-2.480175,-2.480175,-2.480175
46.180061,-2.291768,-2.290234,-2.297904,-2.305573,-2.509863,-2.509863,-2.509863,-2.509863
46.190063,-2.291768,-2.290234,-2.297904,-2.305573,-2.535903,-2.535903,-2.535903,-2.535903
46.200047,-2.380738,-2.376137,-2.383806,-2.391476,-2.558205,-2.558205,-2.558205,-2.558205
46.210072,-2.380738,-2.376137,-2.383806,-2.391476,-2.576851,-2.576851,-2.576851,-2.576851
46.220066,-2.454370,-2.448234,-2.454370,-2.465107,-2.591678,-2.591678,-2.591678,-2.591678
46.230068,-2.454370,-2.448234,-2.454370,-2.465107,-2.602726,-2.602726,-2.602726,-2.602726
46.240067,-2.514195,-2.504991,-2.511127,-2.521865,-2.609966,-2.609966,-2.609966,-2.609966
46.250061,-2.514195,-2.504991,-2.511127,-2.521865,-2.613387,-2.613387,-2.613387,-2.613387
46.260059,-2.555612,-2.547942,-2.551010,-2.563282,-2.612988,-2.612988,-2.612988,-2.612988
46.270058,-2.555612,-2.547942,-2.551010,-2.563282,-2.608765,-2.608765,-2.608765,-2.608765
46.280060,-2.583224,-2.577088,-2.581690,-2.590894,-2.600719,-2.600719,-2.600719,-2.600719
46.290020,-2.583224,-2.577088,-2.581690,-2.590894,-2.588922,-2.588922,-2.588922,-2.588922
46.300060,-2.593962,-2.590894,-2.595496,-2.604700,-2.573219,-2.573219,-2.573219,-2.573219
46.310059,-2.593962,-2.590894,-2.595496,-2.604700,-2.553794,-2.553794,-2.553794,-2.553794
46.320061,-2.593962,-2.590894,-2.595496,-2.604700,-2.530628,-2.530628,-2.530628,-2.530628
46.330063,-2.593962,-2.590894,-2.595496,-2.604700,-2.503744,-2.503744,-2.503744,-2.503744
46.340057,-2.592428,-2.589360,-2.593962,-2.603166,-2.473203,-2.473203,-2.473203,-2.473203
46.350060,-2.592428,-2.589360,-2.593962,-2.603166,-2.439013,-2.439013,-2.439013,-2.439013
46.360058,-2.578622,-2.566350,-2.580156,-2.581690,-2.401237,-2.401237,-2.401237,-2.401237
46.370064,-2.578622,-2.566350,-2.580156,-2.581690,-2.359930,-2.359930,-2.359930,-2.359930
46.380058,-2.532603,-2.521865,-2.537205,-2.534137,-2.315180,-2.315180,-2.315180,-2.315180
46.390038,-2.532603,-2.521865,-2.537205,-2.534137,-2.267105,-2.267105,-2.267105,-2.267105
46.400059,-2.465107,-2.455904,-2.471243,-2.468175,-2.215508,-2.215508,-2.215508,-2.215508
46.410072,-2.465107,-2.455904,-2.471243,-2.468175,-2.160670,-2.160670,-2.160670,-2.160670
46.420067,-2.386874,-2.376137,-2.391476,-2.389942,-2.102745,-2.102745,-2.102745,-2.102745
46.430065,-2.386874,-2.376137,-2.391476,-2.389942,-2.041724,-2.041724,-2.041724,-2.041724
46.440063,-2.297904,-2.285632,-2.302505,-2.296370,-1.977675,-1.977675,-1.977675,-1.977675
46.450066,-2.297904,-2.285632,-2.302505,-2.296370,-1.910703,-1.910703,-1.910703,-1.910703
46.460064,-2.195127,-2.181321,-2.196661,-2.188991,-1.840961,-1.840961,-1.840961,-1.840961
46.470066,-2.195127,-2.181321,-2.196661,-2.188991,-1.768458,-1.768458,-1.768458,-1.768458
46.480061,-2.075476,-2.064739,-2.080078,-2.070874,-1.693410,-1.693410,-1.693410,-1.693410
46.490067,-2.075476,-2.064739,-2.080078,-2.070874,-1.615804,-1.615804,-1.615804,-1.615804
46.500019,-1.948156,-1.935884,-1.948156,-1.942020,-1.536243,-1.536243,-1.536243,-1.536243
46.510067,-1.948156,-1.935884,-1.948156,-1.942020,-1.453640,-1.453640,-1.453640,-1.453640
46.520065,-1.805496,-1.793224,-1.807030,-1.800894,-1.369271,-1.369271,-1.369271,-1.369271
46.530064,-1.805496,-1.793224,-1.807030,-1.800894,-1.282939,-1.282939,-1.282939,-1.282939
46.540066,-1.655166,-1.639826,-1.653632,-1.656700,-1.194676,-1.194676,-1.194676,-1.194676
46.550064,-1.655166,-1.639826,-1.653632,-1.656700,-1.104675,-1.104675,-1.104675,-1.104675
46.560066,-1.495631,-1.481826,-1.492563,-1.495631,-1.013040,-1.013040,-1.013040,-1.013040
46.570065,-1.495631,-1.481826,-1.492563,-1.495631,-0.919963,-0.919963,-0.919963,-0.919963
46.580059,-1.333030,-1.320758,-1.325360,-1.329962,-0.825549,-0.825549,-0.825549,-0.825549
46.590061,-1.333030,-1.320758,-1.325360,-1.329962,-0.729872,-0.729872,-0.729872,-0.729872
46.600063,-1.156622,-1.147418,-1.153554,-1.158156,-0.633144,-0.633144,-0.633144,-0.633144
46.610065,-1.156622,-1.147418,-1.153554,-1.158156,-0.535522,-0.535522,-0.535522,-0.535522
46.620064,-0.969476,-0.966408,-0.971010,-0.975612,-0.437149,-0.437149,-0.437149,-0.437149
46.630062,-0.969476,-0.966408,-0.971010,-0.975612,-0.338131,-0.338131,-0.338131,-0.338131
46.640034,-0.773126,-0.777728,-0.774660,-0.780796,-0.238934,-0.238934,-0.238934,-0.238934
46.650063,-0.773126,-0.777728,-0.774660,-0.780796,-0.138854,-0.138854,-0.138854,-0.138854
46.660061,-0.579845,-0.579845,-0.576777,-0.578311,-0.038889,-0.038889,-0.038889,-0.038889
46.670063,-0.579845,-0.579845,-0.576777,-0.578311,0.061120,0.061120,0.061120,0.061120
46.680061,-0.383495,-0.386563,-0.388097,-0.380427,0.160961,0.160961,0.160961,0.160961
46.690067,-0.383495,-0.386563,-0.388097,-0.380427,0.260575,0.260575,0.260575,0.260575
46.700066,-0.187146,-0.204019,-0.197884,-0.190214,0.359706,0.359706,0.359706,0.359706
46.710068,-0.187146,-0.204019,-0.197884,-0.190214,0.458261,0.458261,0.458261,0.458261
46.720066,0.018408,-0.003068,0.000000,0.018408,0.556068,0.556068,0.556068,0.556068
46.730064,0.018408,-0.003068,0.000000,0.018408,0.652979,0.652979,0.652979,0.652979
46.740063,0.217825,0.193282,0.200952,0.219359,0.748866,0.748866,0.748866,0.748866
46.750061,0.217825,0.193282,0.200952,0.219359,0.843580,0.843580,0.843580,0.843580
46.760056,0.403437,0.386563,0.400369,0.420311,0.936958,0.936958,0.936958,0.936958
46.770058,0.403437,0.386563,0.400369,0.420311,1.028903,1.028903,1.028903,1.028903
46.780060,0.593651,0.576777,0.599787,0.613592,1.119241,1.119241,1.119241,1.119241
46.790058,0.593651,0.576777,0.599787,0.613592,1.207820,1.207820,1.207820,1.207820
46.800060,0.786932,0.765456,0.785398,0.796136,1.294557,1.294557,1.294557,1.294557
46.810059,0.786932,0.765456,0.785398,0.796136,1.379239,1.379239,1.379239,1.379239
46.820061,0.974078,0.954136,0.972544,0.984816,1.461814,1.461814,1.461814,1.461814
46.830059,0.974078,0.954136,0.972544,0.984816,1.542081,1.542081,1.542081,1.542081
46.840054,1.155088,1.139748,1.161224,1.175029,1.619942,1.619942,1.619942,1.619942
46.850060,1.155088,1.139748,1.161224,1.175029,1.695337,1.695337,1.695337,1.695337
46.860058,1.329962,1.317690,1.339165,1.349903,1.768079,1.768079,1.768079,1.768079
46.870060,1.329962,1.317690,1.339165,1.349903,1.838101,1.838101,1.838101,1.838101
46.880058,1.497165,1.486428,1.503301,1.509437,1.905235,1.905235,1.905235,1.905235
46.890060,1.497165,1.486428,1.503301,1.509437,1.969421,1.969421,1.969421,1.969421
46.900059,1.655166,1.641360,1.655166,1.662835,2.030545,2.030545,2.030545,2.030545
46.910061,1.655166,1.641360,1.655166,1.662835,2.088526,2.088526,2.088526,2.088526
46.920059,1.797826,1.787088,1.799360,1.810098,2.143261,2.143261,2.143261,2.143261
46.930061,1.797826,1.787088,1.799360,1.810098,2.194666,2.194666,2.194666,2.194666
46.940063,1.931282,1.925146,1.932816,1.945088,2.242668,2.242668,2.242668,2.242668
46.950058,1.931282,1.925146,1.932816,1.945088,2.287158,2.287158,2.287158,2.287158
46.960060,2.055535,2.049399,2.057069,2.066272,2.328116,2.328116,2.328116,2.328116
46.970058,2.055535,2.049399,2.057069,2.066272,2.365443,2.365443,2.365443,2.365443
46.980057,2.162913,2.164447,2.164447,2.176719,2.399097,2.399097,2.399097,2.399097
46.990063,2.162913,2.164447,2.164447,2.176719,2.429032,2.429032,2.429032,2.429032
47.000061,2.256486,2.261088,2.256486,2.271826,2.455164,2.455164,2.455164,2.455164
47.010056,2.256486,2.261088,2.256486,2.271826,2.477474,2.477474,2.477474,2.477474
47.020016,2.334719,2.342389,2.336253,2.351593,2.495863,2.495863,2.495863,2.495863
47.030064,2.334719,2.342389,2.336253,2.351593,2.510506,2.510506,2.510506,2.510506
47.040054,2.403748,2.409884,2.403748,2.419088,2.521147,2.521147,2.521147,2.521147
47.050064,2.403748,2.409884,2.403748,2.419088,2.527876,2.527876,2.527876,2.527876
47.060040,2.452836,2.463573,2.452836,2.469709,2.530647,2.530647,2.530647,2.530647
47.070065,2.452836,2.463573,2.452836,2.469709,2.529474,2.529474,2.529474,2.529474
47.080059,2.488117,2.500389,2.488117,2.506525,2.524351,2.524351,2.524351,2.524351
47.090065,2.488117,2.500389,2.488117,2.506525,2.515278,2.515278,2.515278,2.515278
47.100060,2.508059,2.520331,2.506525,2.524933,2.502286,2.502286,2.502286,2.502286
47.110062,2.508059,2.520331,2.506525,2.524933,2.485370,2.485370,2.485370,2.485370
47.120060,2.511127,2.524933,2.509593,2.528001,2.464579,2.464579,2.464579,2.464579
47.130062,2.511127,2.524933,2.509593,2.528001,2.439918,2.439918,2.439918,2.439918
47.140060,2.509593,2.523399,2.509593,2.526467,2.411448,2.411448,2.411448,2.411448
47.150063,2.509593,2.523399,2.509593,2.526467,2.379192,2.379192,2.379192,2.379192
47.160069,2.503457,2.512661,2.504991,2.515729,2.343204,2.343204,2.343204,2.343204
47.170063,2.503457,2.512661,2.504991,2.515729,2.303569,2.303569,2.303569,2.303569
47.180061,2.460505,2.472777,2.471243,2.474311,2.260319,2.260319,2.260319,2.260319
47.190067,2.460505,2.472777,2.471243,2.474311,2.213488,2.213488,2.213488,2.213488
47.200069,2.400680,2.412952,2.409884,2.409884,2.163216,2.163216,2.163216,2.163216
47.210068,2.400680,2.412952,2.409884,2.409884,2.109548,2.109548,2.109548,2.109548
47.220058,2.327049,2.336253,2.331651,2.331651,2.052622,2.052622,2.052622,2.052622
47.230064,2.327049,2.336253,2.331651,2.331651,1.992397,1.992397,1.992397,1.992397
47.240059,2.242680,2.244214,2.244214,2.245748,1.929108,1.929108,1.929108,1.929108
47.250065,2.242680,2.244214,2.244214,2.245748,1.862717,1.862717,1.862717,1.862717
47.260067,2.141438,2.139904,2.142972,2.146039,1.793413,1.793413,1.793413,1.793413
47.270065,2.141438,2.139904,2.142972,2.146039,1.721325,1.721325,1.721325,1.721325
47.280060,2.024855,2.021787,2.023321,2.029457,1.646579,1.646579,1.646579,1.646579
47.290066,2.024855,2.021787,2.023321,2.029457,1.569154,1.569154,1.569154,1.569154
47.300064,1.897534,1.891399,1.897534,1.899068,1.489329,1.489329,1.489329,1.489329
47.310066,1.897534,1.891399,1.897534,1.899068,1.407115,1.407115,1.407115,1.407115
47.320068,1.759476,1.753340,1.756408,1.757942,1.322714,1.322714,1.322714,1.322714
47.330063,1.759476,1.753340,1.756408,1.757942,1.236277,1.236277,1.236277,1.236277
47.340061,1.607612,1.601476,1.601476,1.606078,1.147895,1.147895,1.147895,1.147895
47.350060,1.607612,1.601476,1.601476,1.606078,1.057736,1.057736,1.057736,1.057736
47.360058,1.446544,1.435806,1.441942,1.448078,0.965883,0.965883,0.965883,0.965883
47.370060,1.446544,1.435806,1.441942,1.448078,0.872526,0.872526,0.872526,0.872526
47.380058,1.279340,1.265534,1.271670,1.279340,0.777805,0.777805,0.777805,0.777805
47.390060,1.279340,1.265534,1.271670,1.279340,0.681880,0.681880,0.681880,0.681880
47.400055,1.106000,1.090660,1.095262,1.090660,0.584949,0.584949,0.584949,0.584949
47.410065,1.106000,1.090660,1.095262,1.090660,0.486995,0.486995,0.486995,0.486995
47.420063,0.921923,0.908117,0.909651,0.898913,0.388386,0.388386,0.388386,0.388386
47.430061,0.921923,0.908117,0.909651,0.898913,0.289194,0.289194,0.289194,0.289194
47.440060,0.733243,0.724039,0.725573,0.711767,0.189606,0.189606,0.189606,0.189606
47.450058,0.733243,0.724039,0.725573,0.711767,0.089709,0.089709,0.089709,0.089709
47.460060,0.543029,0.538427,0.539961,0.524621,-0.010299,-0.010299,-0.010299,-0.010299
47.470062,0.543029,0.538427,0.539961,0.524621,-0.110253,-0.110253,-0.110253,-0.110253
47.480057,0.348214,0.337476,0.340544,0.322136,-0.209935,-0.209935,-0.209935,-0.209935
47.490055,0.348214,0.337476,0.340544,0.322136,-0.309276,-0.309276,-0.309276,-0.309276
47.500034,0.148796,0.134990,0.136524,0.125786,-0.407859,-0.407859,-0.407859,-0.407859
47.510059,0.148796,0.134990,0.136524,0.125786,-0.506211,-0.506211,-0.506211,-0.506211
47.520058,-0.053689,-0.078233,-0.064427,-0.081301,-0.603457,-0.603457,-0.603457,-0.603457
47.530060,-0.053689,-0.078233,-0.064427,-0.081301,-0.699688,-0.699688,-0.699688,-0.699688
47.540062,-0.257709,-0.274583,-0.265379,-0.283786,-0.794770,-0.794770,-0.794770,-0.794770
47.550060,-0.257709,-0.274583,-0.265379,-0.283786,-0.888487,-0.888487,-0.888487,-0.888487
47.560059,-0.455592,-0.466330,-0.458660,-0.487806,-0.980743,-0.980743,-0.980743,-0.980743
47.570061,-0.455592,-0.466330,-0.458660,-0.487806,-1.071377,-1.071377,-1.071377,-1.071377
47.580059,-0.648874,-0.655010,-0.647340,-0.679554,-1.160196,-1.160196,-1.160196,-1.160196
47.590061,-0.648874,-0.655010,-0.647340,-0.679554,-1.247159,-1.247159,-1.247159,-1.247159
47.600063,-0.842156,-0.837554,-0.831418,-0.855961,-1.332012,-1.332012,-1.332012,-1.332012
47.610058,-0.842156,-0.837554,-0.831418,-0.855961,-1.414636,-1.414636,-1.414636,-1.414636
47.620056,-1.024699,-1.013961,-1.013961,-1.032369,-1.494926,-1.494926,-1.494926,-1.494926
47.630054,-1.024699,-1.013961,-1.013961,-1.032369,-1.572771,-1.572771,-1.572771,-1.572771
47.640057,-1.194971,-1.182699,-1.196505,-1.201107,-1.648029,-1.648029,-1.648029,-1.648029
47.650063,-1.194971,-1.182699,-1.196505,-1.201107,-1.720593,-1.720593,-1.720593,-1.720593
47.660042,-1.366777,-1.348369,-1.365243,-1.369845,-1.790135,-1.790135,-1.790135,-1.790135
47.670067,-1.366777,-1.348369,-1.365243,-1.369845,-1.857010,-1.857010,-1.857010,-1.857010
47.680061,-1.527845,-1.510971,-1.527845,-1.535515,-1.920627,-1.920627,-1.920627,-1.920627
47.690067,-1.527845,-1.510971,-1.527845,-1.535515,-1.981134,-1.981134,-1.981134,-1.981134
47.700066,-1.676641,-1.667437,-1.684311,-1.693515,-2.038334,-2.038334,-2.038334,-2.038334
47.710068,-1.676641,-1.667437,-1.684311,-1.693515,-2.092167,-2.092167,-2.092167,-2.092167
47.720070,-1.816234,-1.808564,-1.822369,-1.836175,-2.142552,-2.142552,-2.142552,-2.142552
47.730061,-1.816234,-1.808564,-1.822369,-1.836175,-2.189338,-2.189338,-2.189338,-2.189338
47.740067,-1.943554,-1.934350,-1.949690,-1.960428,-2.232553,-2.232553,-2.232553,-2.232553
47.750065,-1.943554,-1.934350,-1.949690,-1.960428,-2.272052,-2.272052,-2.272052,-2.272052
47.760067,-2.057069,-2.046331,-2.060137,-2.066272,-2.307807,-2.307807,-2.307807,-2.307807
47.770065,-2.057069,-2.046331,-2.060137,-2.066272,-2.339722,-2.339722,-2.339722,-2.339722
47.780064,-2.158311,-2.146039,-2.159845,-2.165981,-2.367765,-2.367765,-2.367765,-2.367765
47.790066,-2.158311,-2.146039,-2.159845,-2.165981,-2.391891,-2.391891,-2.391891,-2.391891
47.800064,-2.242680,-2.233476,-2.245748,-2.253418,-2.412041,-2.412041,-2.412041,-2.412041
47.810062,-2.242680,-2.233476,-2.245748,-2.253418,-2.428196,-2.428196,-2.428196,-2.428196
47.820068,-2.313243,-2.304039,-2.317845,-2.323981,-2.440324,-2.440324,-2.440324,-2.440324
47.830063,-2.313243,-2.304039,-2.317845,-2.323981,-2.448394,-2.448394,-2.448394,-2.448394
47.840065,-2.368467,-2.359263,-2.368467,-2.376137,-2.452402,-2.452402,-2.452402,-2.452402
47.850060,-2.368467,-2.359263,-2.368467,-2.376137,-2.452336,-2.452336,-2.452336,-2.452336
47.860065,-2.405282,-2.397612,-2.403748,-2.412952,-2.448191,-2.448191,-2.448191,-2.448191
47.870064,-2.405282,-2.397612,-2.403748,-2.412952,-2.439979,-2.439979,-2.439979,-2.439979
47.880066,-2.428292,-2.420622,-2.428292,-2.437496,-2.427706,-2.427706,-2.427706,-2.427706
47.890064,-2.428292,-2.420622,-2.428292,-2.437496,-2.411395,-2.411395,-2.411395,-2.411395
47.900066,-2.432894,-2.425224,-2.432894,-2.442098,-2.391067,-2.391067,-2.391067,-2.391067
47.910061,-2.432894,-2.425224,-2.432894,-2.442098,-2.366770,-2.366770,-2.366770,-2.366770
47.920067,-2.432894,-2.423690,-2.432894,-2.440564,-2.338508,-2.338508,-2.338508,-2.338508
47.930042,-2.432894,-2.423690,-2.432894,-2.440564,-2.306437,-2.306437,-2.306437,-2.306437
47.940067,-2.429826,-2.419088,-2.429826,-2.434428,-2.270362,-2.270362,-2.270362,-2.270362
47.950047,-2.429826,-2.419088,-2.429826,-2.434428,-2.230664,-2.230664,-2.230664,-2.230664
47.960068,-2.391476,-2.385340,-2.396078,-2.396078,-2.187086,-2.187086,-2.187086,-2.187086
47.970066,-2.391476,-2.385340,-2.396078,-2.396078,-2.139942,-2.139942,-2.139942,-2.139942
47.980068,-2.331651,-2.328583,-2.339321,-2.334719,-2.089210,-2.089210,-2.089210,-2.089210
47.990067,-2.331651,-2.328583,-2.339321,-2.334719,-2.035002,-2.035002,-2.035002,-2.035002
48.000069,-2.258020,-2.251884,-2.265690,-2.261088,-1.977391,-1.977391,-1.977391,-1.977391
48.010063,-2.258020,-2.251884,-2.265690,-2.261088,-1.916489,-1.916489,-1.916489,-1.916489
48.020065,-2.170583,-2.161379,-2.178253,-2.170583,-1.852382,-1.852382,-1.852382,-1.852382
48.030064,-2.170583,-2.161379,-2.178253,-2.170583,-1.785181,-1.785181,-1.785181,-1.785181
48.040066,-2.066272,-2.058603,-2.075476,-2.066272,-1.714978,-1.714978,-1.714978,-1.714978
48.050064,-2.066272,-2.058603,-2.075476,-2.066272,-1.641914,-1.641914,-1.641914,-1.641914
48.060066,-1.951224,-1.938952,-1.957360,-1.952758,-1.566117,-1.566117,-1.566117,-1.566117
48.070065,-1.951224,-1.938952,-1.957360,-1.952758,-1.487703,-1.487703,-1.487703,-1.487703
48.080067,-1.817768,-1.807030,-1.822369,-1.823903,-1.406791,-1.406791,-1.406791,-1.406791
48.090069,-1.817768,-1.807030,-1.822369,-1.823903,-1.323519,-1.323519,-1.323519,-1.323519
48.100063,-1.676641,-1.664369,-1.678175,-1.681243,-1.238083,-1.238083,-1.238083,-1.238083
48.110065,-1.676641,-1.664369,-1.678175,-1.681243,-1.150557,-1.150557,-1.150557,-1.150557
48.120064,-1.527845,-1.514039,-1.524777,-1.527845,-1.061131,-1.061131,-1.061131,-1.061131
48.130066,-1.527845,-1.514039,-1.524777,-1.527845,-0.969907,-0.969907,-0.969907,-0.969907
48.140068,-1.363709,-1.360641,-1.363709,-1.369845,-0.877064,-0.877064,-0.877064,-0.877064
48.150066,-1.363709,-1.360641,-1.363709,-1.369845,-0.782782,-0.782782,-0.782782,-0.782782
48.160069,-1.194971,-1.193437,-1.199573,-1.199573,-0.687213,-0.687213,-0.687213,-0.687213
48.170063,-1.194971,-1.193437,-1.199573,-1.199573,-0.590538,-0.590538,-0.590538,-0.590538
48.180061,-1.023165,-1.013961,-1.017029,-1.021631,-0.492896,-0.492896,-0.492896,-0.492896
48.190063,-1.023165,-1.013961,-1.017029,-1.021631,-0.394386,-0.394386,-0.394386,-0.394386
48.200066,-0.832952,-0.828350,-0.829884,-0.836020,-0.295280,-0.295280,-0.295280,-0.295280
48.210068,-0.832952,-0.828350,-0.829884,-0.836020,-0.195678,-0.195678,-0.195678,-0.195678
48.220055,-0.633534,-0.635068,-0.632000,-0.638136,-0.095919,-0.095919,-0.095919,-0.095919
48.230061,-0.633534,-0.635068,-0.632000,-0.638136,0.004135,0.004135,0.004135,0.004135
48.240059,-0.440253,-0.440253,-0.435651,-0.438719,0.104070,0.104070,0.104070,0.104070
48.250065,-0.440253,-0.440253,-0.435651,-0.438719,0.203851,0.203851,0.203851,0.203851
48.260063,-0.246971,-0.246971,-0.242369,-0.242369,0.303164,0.303164,0.303164,0.303164
48.270042,-0.246971,-0.246971,-0.242369,-0.242369,0.401725,0.401725,0.401725,0.401725
48.280056,-0.049087,-0.052155,-0.042951,-0.033748,0.499930,0.499930,0.499930,0.499930
48.290058,-0.049087,-0.052155,-0.042951,-0.033748,0.597099,0.597099,0.597099,0.597099
48.300056,0.151864,0.151864,0.154932,0.173340,0.693146,0.693146,0.693146,0.693146
48.310059,0.151864,0.151864,0.154932,0.173340,0.788035,0.788035,0.788035,0.788035
48.320057,0.346680,0.342078,0.354350,0.374291,0.881475,0.881475,0.881475,0.881475
48.330059,0.346680,0.342078,0.354350,0.374291,0.973382,0.973382,0.973382,0.973382
48.340061,0.543029,0.532291,0.546097,0.567573,1.063558,1.063558,1.063558,1.063558
48.350060,0.543029,0.532291,0.546097,0.567573,1.151868,1.151868,1.151868,1.151868
48.360062,0.734777,0.717903,0.731709,0.751651,1.238145,1.238145,1.238145,1.238145
48.370064,0.734777,0.717903,0.731709,0.751651,1.322251,1.322251,1.322251,1.322251
48.380062,0.917321,0.908117,0.918855,0.938796,1.404014,1.404014,1.404014,1.404014
48.390064,0.917321,0.908117,0.918855,0.938796,1.483335,1.483335,1.483335,1.483335
48.400059,1.098330,1.090660,1.104466,1.116738,1.560006,1.560006,1.560006,1.560006
48.410019,1.098330,1.090660,1.104466,1.116738,1.633674,1.633674,1.633674,1.633674
48.420059,1.273204,1.268602,1.280874,1.293146,1.705054,1.705054,1.705054,1.705054
48.430058,1.273204,1.268602,1.280874,1.293146,1.773155,1.773155,1.773155,1.773155
48.440060,1.437340,1.435806,1.445010,1.452680,1.838132,1.838132,1.838132,1.838132
48.450062,1.437340,1.435806,1.445010,1.452680,1.899904,1.899904,1.899904,1.899904
48.460060,1.589204,1.587670,1.592272,1.601476,1.958311,1.958311,1.958311,1.958311
48.470058,1.589204,1.587670,1.592272,1.601476,2.013291,2.013291,2.013291,2.013291
48.480057,1.734933,1.730331,1.728797,1.744136,2.064723,2.064723,2.064723,2.064723
48.490059,1.734933,1.730331,1.728797,1.744136,2.112535,2.112535,2.112535,2.112535
48.500057,1.865321,1.860719,1.857651,1.876059,2.156634,2.156634,2.156634,2.156634
48.510059,1.865321,1.860719,1.857651,1.876059,2.196943,2.196943,2.196943,2.196943
48.520058,1.980369,1.978835,1.972700,1.991107,2.233371,2.233371,2.233371,2.233371
48.530045,1.980369,1.978835,1.972700,1.991107,2.265844,2.265844,2.265844,2.265844
48.540058,2.081612,2.083146,2.083146,2.093884,2.294400,2.294400,2.294400,2.294400
48.550056,2.081612,2.083146,2.083146,2.093884,2.318874,2.318874,2.318874,2.318874
48.560059,2.165981,2.173651,2.169049,2.182855,2.339276,2.339276,2.339276,2.339276
48.570065,2.165981,2.173651,2.169049,2.182855,2.355549,2.355549,2.355549,2.355549
48.580059,2.236544,2.248816,2.239612,2.253418,2.367660,2.367660,2.367660,2.367660
48.590061,2.236544,2.248816,2.239612,2.253418,2.375603,2.375603,2.375603,2.375603
48.600060,2.293302,2.304039,2.291768,2.307107,2.379350,2.379350,2.379350,2.379350
48.610062,2.293302,2.304039,2.291768,2.307107,2.378898,2.378898,2.378898,2.378898
48.620060,2.334719,2.340855,2.333185,2.346991,2.374247,2.374247,2.374247,2.374247
48.630058,2.334719,2.340855,2.333185,2.346991,2.365400,2.365400,2.365400,2.365400
48.640060,2.356195,2.363865,2.356195,2.368467,2.352372,2.352372,2.352372,2.352372
48.650059,2.356195,2.363865,2.356195,2.368467,2.335185,2.335185,2.335185,2.335185
48.660061,2.359263,2.368467,2.360797,2.373069,2.313872,2.313872,2.313872,2.313872
48.670063,2.359263,2.368467,2.360797,2.373069,2.288454,2.288454,2.288454,2.288454
48.680069,2.359263,2.366933,2.359263,2.371535,2.258967,2.258967,2.258967,2.258967
48.690060,2.359263,2.366933,2.359263,2.371535,2.225534,2.225534,2.225534,2.225534
48.700062,2.354661,2.357729,2.353127,2.362331,2.188120,2.188120,2.188120,2.188120
48.710064,2.354661,2.357729,2.353127,2.362331,2.146837,2.146837,2.146837,2.146837
48.720062,2.313243,2.313243,2.317845,2.319379,2.101757,2.101757,2.101757,2.101757
48.730061,2.313243,2.313243,2.317845,2.319379,2.052954,2.052954,2.052954,2.052954
48.740067,2.247282,2.248816,2.254952,2.256486,2.000471,2.000471,2.000471,2.000471
48.750065,2.247282,2.248816,2.254952,2.256486,1.944474,1.944474,1.944474,1.944474
48.760067,2.169049,2.169049,2.175185,2.179787,1.885015,1.885015,1.885015,1.885015
48.770069,2.169049,2.169049,2.175185,2.179787,1.822204,1.822204,1.822204,1.822204
48.780064,2.083146,2.075476,2.083146,2.087748,1.756186,1.756186,1.756186,1.756186
48.790066,2.083146,2.075476,2.083146,2.087748,1.687024,1.687024,1.687024,1.687024
48.800064,1.977301,1.965030,1.974234,1.978835,1.614891,1.614891,1.614891,1.614891
48.810070,1.977301,1.965030,1.974234,1.978835,1.539857,1.539857,1.539857,1.539857
48.820061,1.856117,1.840777,1.854583,1.857651,1.462170,1.462170,1.462170,1.462170
48.830059,1.856117,1.840777,1.854583,1.857651,1.381839,1.381839,1.381839,1.381839
48.840069,1.721127,1.707321,1.718059,1.725729,1.298989,1.298989,1.298989,1.298989
48.850060,1.721127,1.707321,1.718059,1.725729,1.213965,1.213965,1.213965,1.213965
48.860058,1.573864,1.561593,1.569263,1.578466,1.126723,1.126723,1.126723,1.126723
48.870064,1.573864,1.561593,1.569263,1.578466,1.037427,1.037427,1.037427,1.037427
48.880058,1.418932,1.403593,1.417398,1.423534,0.946402,0.946402,0.946402,0.946402
48.890068,1.418932,1.403593,1.417398,1.423534,0.853562,0.853562,0.853562,0.853562
48.900055,1.256330,1.239457,1.254797,1.254797,0.759450,0.759450,0.759450,0.759450
48.910065,1.256330,1.239457,1.254797,1.254797,0.663771,0.663771,0.663771,0.663771
48.920063,1.082991,1.064583,1.086058,1.075321,0.567056,0.567056,0.567056,0.567056
48.930061,1.082991,1.064583,1.086058,1.075321,0.469310,0.469310,0.469310,0.469310
48.940060,0.901981,0.880505,0.903515,0.892777,0.370794,0.370794,0.370794,0.370794
48.950066,0.901981,0.880505,0.903515,0.892777,0.271563,0.271563,0.271563,0.271563
48.960064,0.711767,0.697961,0.719437,0.702563,0.171946,0.171946,0.171946,0.171946
48.970058,0.711767,0.697961,0.719437,0.702563,0.072070,0.072070,0.072070,0.072070
48.980064,0.518486,0.506214,0.532291,0.515418,-0.027989,-0.027989,-0.027989,-0.027989
48.990067,0.518486,0.506214,0.532291,0.515418,-0.127911,-0.127911,-0.127911,-0.127911
49.000069,0.323670,0.305262,0.320602,0.319068,-0.227542,-0.227542,-0.227542,-0.227542
49.010067,0.323670,0.305262,0.320602,0.319068,-0.326714,-0.326714,-0.326714,-0.326714
49.020065,0.127320,0.107379,0.118117,0.110447,-0.425265,-0.425265,-0.425265,-0.425265
49.030064,0.127320,0.107379,0.118117,0.110447,-0.522966,-0.522966,-0.522966,-0.522966
49.040058,-0.073631,-0.102777,-0.081301,-0.101243,-0.619654,-0.619654,-0.619654,-0.619654
49.050064,-0.073631,-0.102777,-0.081301,-0.101243,-0.715262,-0.715262,-0.715262,-0.715262
49.060062,-0.276117,-0.299126,-0.280719,-0.300660,-0.809479,-0.809479,-0.809479,-0.809479
49.070065,-0.276117,-0.299126,-0.280719,-0.300660,-0.902172,-0.902172,-0.902172,-0.902172
49.080040,-0.470932,-0.492408,-0.478602,-0.493942,-0.992978,-0.992978,-0.992978,-0.992978
49.090065,-0.470932,-0.492408,-0.478602,-0.493942,-1.082349,-1.082349,-1.082349,-1.082349
49.100060,-0.674952,-0.679554,-0.671884,-0.682622,-1.169438,-1.169438,-1.169438,-1.169438
49.110065,-0.674952,-0.679554,-0.671884,-0.682622,-1.254426,-1.254426,-1.254426,-1.254426
49.120060,-0.866699,-0.862097,-0.862097,-0.871301,-1.336986,-1.336986,-1.336986,-1.336986
49.130066,-0.866699,-0.862097,-0.862097,-0.871301,-1.417133,-1.417133,-1.417133,-1.417133
49.140064,-1.043107,-1.032369,-1.038505,-1.047709,-1.494595,-1.494595,-1.494595,-1.494595
49.150043,-1.043107,-1.032369,-1.038505,-1.047709,-1.569138,-1.569138,-1.569138,-1.569138
49.160046,-1.201107,-1.198039,-1.205709,-1.210311,-1.640931,-1.640931,-1.640931,-1.640931
49.170063,-1.201107,-1.198039,-1.205709,-1.210311,-1.709752,-1.709752,-1.709752,-1.709752
49.180058,-1.357573,-1.360641,-1.366777,-1.374447,-1.775247,-1.775247,-1.775247,-1.775247
49.190060,-1.357573,-1.360641,-1.366777,-1.374447,-1.837485,-1.837485,-1.837485,-1.837485
49.200062,-1.517107,-1.515573,-1.526311,-1.543185,-1.896284,-1.896284,-1.896284,-1.896284
49.210064,-1.517107,-1.515573,-1.526311,-1.543185,-1.951559,-1.951559,-1.951559,-1.951559
49.220058,-1.668971,-1.661301,-1.675107,-1.695049,-2.003164,-2.003164,-2.003164,-2.003164
49.230057,-1.668971,-1.661301,-1.675107,-1.695049,-2.051034,-2.051034,-2.051034,-2.051034
49.240059,-1.803962,-1.790156,-1.803962,-1.825437,-2.095117,-2.095117,-2.095117,-2.095117
49.250057,-1.803962,-1.790156,-1.803962,-1.825437,-2.135258,-2.135258,-2.135258,-2.135258
49.260059,-1.917476,-1.906738,-1.920544,-1.935884,-2.171443,-2.171443,-2.171443,-2.171443
49.270061,-1.917476,-1.906738,-1.920544,-1.935884,-2.203566,-2.203566,-2.203566,-2.203566
49.280056,-2.018719,-2.007981,-2.023321,-2.029457,-2.231553,-2.231553,-2.231553,-2.231553
49.290062,-2.018719,-2.007981,-2.023321,-2.029457,-2.255399,-2.255399,-2.255399,-2.255399
49.300053,-2.104622,-2.095418,-2.106156,-2.113826,-2.275008,-2.275008,-2.275008,-2.275008
49.310059,-2.104622,-2.095418,-2.106156,-2.113826,-2.290384,-2.290384,-2.290384,-2.290384
49.320057,-2.179787,-2.165981,-2.178253,-2.185923,-2.301463,-2.301463,-2.301463,-2.301463
49.330013,-2.179787,-2.165981,-2.178253,-2.185923,-2.308224,-2.308224,-2.308224,-2.308224
49.340057,-2.231942,-2.221205,-2.230408,-2.241146,-2.310702,-2.310702,-2.310702,-2.310702
49.350056,-2.231942,-2.221205,-2.230408,-2.241146,-2.308834,-2.308834,-2.308834,-2.308834
49.360058,-2.268758,-2.261088,-2.268758,-2.279496,-2.302642,-2.302642,-2.302642,-2.302642
49.370060,-2.268758,-2.261088,-2.268758,-2.279496,-2.292132,-2.292132,-2.292132,-2.292132
49.380054,-2.288700,-2.279496,-2.288700,-2.299438,-2.277334,-2.277334,-2.277334,-2.277334
49.390060,-2.288700,-2.279496,-2.288700,-2.299438,-2.258251,-2.258251,-2.258251,-2.258251
49.400059,-2.293302,-2.281030,-2.291768,-2.300972,-2.234939,-2.234939,-2.234939,-2.234939
49.410057,-2.293302,-2.281030,-2.291768,-2.300972,-2.207435,-2.207435,-2.207435,-2.207435
49.420059,-2.293302,-2.281030,-2.290234,-2.299438,-2.175783,-2.175783,-2.175783,-2.175783
49.430058,-2.293302,-2.281030,-2.290234,-2.299438,-2.140047,-2.140047,-2.140047,-2.140047
49.440056,-2.279496,-2.268758,-2.281030,-2.285632,-2.100291,-2.100291,-2.100291,-2.100291
49.450058,-2.279496,-2.268758,-2.281030,-2.285632,-2.056579,-2.056579,-2.056579,-2.056579
49.460056,-2.233476,-2.225806,-2.241146,-2.238078,-2.009011,-2.009011,-2.009011,-2.009011
49.470058,-2.233476,-2.225806,-2.241146,-2.238078,-1.957667,-1.957667,-1.957667,-1.957667
49.480057,-2.165981,-2.159845,-2.173651,-2.169049,-1.902636,-1.902636,-1.902636,-1.902636
49.490059,-2.165981,-2.159845,-2.173651,-2.169049,-1.844024,-1.844024,-1.844024,-1.844024
49.500061,-2.083146,-2.078544,-2.089282,-2.084680,-1.781930,-1.781930,-1.781930,-1.781930
49.510059,-2.083146,-2.078544,-2.089282,-2.084680,-1.716486,-1.716486,-1.716486,-1.716486
49.520058,-1.988039,-1.981903,-1.991107,-1.989573,-1.647838,-1.647838,-1.647838,-1.647838
49.530060,-1.988039,-1.981903,-1.991107,-1.989573,-1.576064,-1.576064,-1.576064,-1.576064
49.540058,-1.876059,-1.869923,-1.879127,-1.880661,-1.501334,-1.501334,-1.501334,-1.501334
49.550056,-1.876059,-1.869923,-1.879127,-1.880661,-1.423781,-1.423781,-1.423781,-1.423781
49.560059,-1.748738,-1.744136,-1.750272,-1.756408,-1.343541,-1.343541,-1.343541,-1.343541
49.570061,-1.748738,-1.744136,-1.750272,-1.756408,-1.260750,-1.260750,-1.260750,-1.260750
49.580059,-1.606078,-1.606078,-1.609146,-1.616816,-1.175623,-1.175623,-1.175623,-1.175623
49.590065,-1.606078,-1.606078,-1.609146,-1.616816,-1.088218,-1.088218,-1.088218,-1.088218
49.600056,-1.457282,-1.460350,-1.460350,-1.464952,-0.998908,-0.998908,-0.998908,-0.998908
49.610058,-1.457282,-1.460350,-1.460350,-1.464952,-0.907630,-0.907630,-0.907630,-0.907630
49.620056,-1.303884,-1.306952,-1.303884,-1.308486,-0.814668,-0.814668,-0.814668,-0.814668
49.630058,-1.303884,-1.306952,-1.303884,-1.308486,-0.720172,-0.720172,-0.720172,-0.720172
49.640057,-1.139748,-1.139748,-1.138214,-1.139748,-0.624343,-0.624343,-0.624343,-0.624343
49.650059,-1.139748,-1.139748,-1.138214,-1.139748,-0.527368,-0.527368,-0.527368,-0.527368
49.660057,-0.960272,-0.960272,-0.958738,-0.963340,-0.429392,-0.429392,-0.429392,-0.429392
49.670063,-0.960272,-0.960272,-0.958738,-0.963340,-0.330595,-0.330595,-0.330595,-0.330595
49.680054,-0.768524,-0.776194,-0.763923,-0.770058,-0.231337,-0.231337,-0.231337,-0.231337
49.690060,-0.768524,-0.776194,-0.763923,-0.770058,-0.131532,-0.131532,-0.131532,-0.131532
49.700058,-0.572175,-0.579845,-0.567573,-0.572175,-0.031606,-0.031606,-0.031606,-0.031606
49.710060,-0.572175,-0.579845,-0.567573,-0.572175,0.068409,0.068409,0.068409,0.068409
49.720058,-0.378893,-0.388097,-0.374291,-0.375825,0.168176,0.168176,0.168176,0.168176
49.730061,-0.378893,-0.388097,-0.374291,-0.375825,0.267644,0.267644,0.267644,0.267644
49.740055,-0.182544,-0.197884,-0.177942,-0.181010,0.366509,0.366509,0.366509,0.366509
49.750057,-0.182544,-0.197884,-0.177942,-0.181010,0.464664,0.464664,0.464664,0.464664
49.760056,0.015340,0.007670,0.016874,0.029146,0.561837,0.561837,0.561837,0.561837
49.770061,0.015340,0.007670,0.016874,0.029146,0.657958,0.657958,0.657958,0.657958
49.780067,0.214757,0.205553,0.208621,0.227029,0.752783,0.752783,0.752783,0.752783
49.790058,0.214757,0.205553,0.208621,0.227029,0.845974,0.845974,0.845974,0.845974
49.800060,0.408039,0.394233,0.401903,0.426447,0.937573,0.937573,0.937573,0.937573
49.810059,0.408039,0.394233,0.401903,0.426447,1.027287,1.027287,1.027287,1.027287
49.820057,0.602855,0.581379,0.595185,0.619728,1.114985,1.114985,1.114985,1.114985
49.830063,0.602855,0.581379,0.595185,0.619728,1.200511,1.200511,1.200511,1.200511
49.840057,0.791534,0.770058,0.780796,0.800738,1.283604,1.283604,1.283604,1.283604
49.850060,0.791534,0.770058,0.780796,0.800738,1.364200,1.364200,1.364200,1.364200
49.860058,0.974078,0.954136,0.977146,0.987884,1.442085,1.442085,1.442085,1.442085
49.870060,0.974078,0.954136,0.977146,0.987884,1.517144,1.517144,1.517144,1.517144
49.880054,1.152020,1.135146,1.155088,1.167360,1.589188,1.589188,1.589188,1.589188
49.890057,1.152020,1.135146,1.155088,1.167360,1.658119,1.658119,1.658119,1.658119
49.900055,1.317690,1.303884,1.323826,1.334563,1.723765,1.723765,1.723765,1.723765
49.910057,1.317690,1.303884,1.323826,1.334563,1.786031,1.786031,1.786031,1.786031
49.920055,1.475690,1.463418,1.478758,1.486428,1.844754,1.844754,1.844754,1.844754
49.930058,1.475690,1.463418,1.478758,1.486428,1.899851,1.899851,1.899851,1.899851
49.940056,1.618350,1.607612,1.621418,1.626020,1.951176,1.951176,1.951176,1.951176
49.950066,1.618350,1.607612,1.621418,1.626020,1.998711,1.998711,1.998711,1.998711
49.960064,1.751806,1.739534,1.751806,1.759476,2.042240,2.042240,2.042240,2.042240
49.970066,1.751806,1.739534,1.751806,1.759476,2.081758,2.081758,2.081758,2.081758
49.980064,1.866855,1.856117,1.866855,1.877593,2.117131,2.117131,2.117131,2.117131
49.990067,1.866855,1.856117,1.866855,1.877593,2.148349,2.148349,2.148349,2.148349
50.000061,1.966564,1.960428,1.968098,1.978835,2.175285,2.175285,2.175285,2.175285
50.010067,1.966564,1.960428,1.968098,1.978835,2.197953,2.197953,2.197953,2.197953
50.020058,2.054001,2.049399,2.055535,2.064739,2.216244,2.216244,2.216244,2.216244
50.030064,2.054001,2.049399,2.055535,2.064739,2.230169,2.230169,2.230169,2.230169
50.040058,2.123030,2.123030,2.123030,2.136836,2.239663,2.239663,2.239663,2.239663
50.050068,2.123030,2.123030,2.123030,2.136836,2.244730,2.244730,2.244730,2.244730
50.060062,2.173651,2.176719,2.175185,2.190525,2.245343,2.245343,2.245343,2.245343
50.070065,2.173651,2.176719,2.175185,2.190525,2.241503,2.241503,2.241503,2.241503
50.080055,2.207399,2.212001,2.208933,2.222739,2.233228,2.233228,2.233228,2.233228
50.090065,2.207399,2.212001,2.208933,2.222739,2.220503,2.220503,2.220503,2.220503
50.100063,2.224272,2.230408,2.224272,2.238078,2.203379,2.203379,2.203379,2.203379
50.110065,2.224272,2.230408,2.224272,2.238078,2.181876,2.181876,2.181876,2.181876
50.120060,2.225806,2.231942,2.224272,2.238078,2.156054,2.156054,2.156054,2.156054
50.130062,2.225806,2.231942,2.224272,2.238078,2.125927,2.125927,2.125927,2.125927
50.140057,2.224272,2.230408,2.224272,2.236544,2.091596,2.091596,2.091596,2.091596
50.150066,2.224272,2.230408,2.224272,2.236544,2.053062,2.053062,2.053062,2.053062
50.160065,2.202797,2.204331,2.205865,2.210467,2.010474,2.010474,2.010474,2.010474
50.170067,2.202797,2.204331,2.205865,2.210467,1.963873,1.963873,1.963873,1.963873
50.180065,2.149107,2.149107,2.155243,2.156777,1.913371,1.913371,1.913371,1.913371
50.190056,2.149107,2.149107,2.155243,2.156777,1.859115,1.859115,1.859115,1.859115
50.200062,2.077010,2.077010,2.084680,2.080078,1.801082,1.801082,1.801082,1.801082
50.210060,2.077010,2.077010,2.084680,2.080078,1.739485,1.739485,1.739485,1.739485
50.220058,1.991107,1.986505,1.995709,1.991107,1.674421,1.674421,1.674421,1.674421
50.230061,1.991107,1.986505,1.995709,1.991107,1.606005,1.606005,1.606005,1.606005
50.240063,1.889865,1.880661,1.894467,1.889865,1.534394,1.534394,1.534394,1.534394
50.250061,1.889865,1.880661,1.894467,1.889865,1.459739,1.459739,1.459739,1.459739
50.260063,1.773282,1.762544,1.770214,1.774816,1.382141,1.382141,1.382141,1.382141
50.270065,1.773282,1.762544,1.770214,1.774816,1.301820,1.301820,1.301820,1.301820
50.280060,1.641360,1.633690,1.636758,1.642894,1.218948,1.218948,1.218948,1.218948
50.290066,1.641360,1.633690,1.636758,1.642894,1.133533,1.133533,1.133533,1.133533
50.300056,1.497165,1.489496,1.494097,1.498699,1.046039,1.046039,1.046039,1.046039
50.310066,1.497165,1.489496,1.494097,1.498699,0.956274,0.956274,0.956274,0.956274
50.320061,1.342233,1.331496,1.337631,1.343767,0.864738,0.864738,0.864738,0.864738
50.330063,1.342233,1.331496,1.337631,1.343767,0.771421,0.771421,0.771421,0.771421
50.340065,1.178097,1.165826,1.170428,1.178097,0.676601,0.676601,0.676601,0.676601
50.350063,1.178097,1.165826,1.170428,1.178097,0.580476,0.580476,0.580476,0.580476
50.360065,1.001690,0.990952,0.994020,0.994020,0.483154,0.483154,0.483154,0.483154
50.370064,1.001690,0.990952,0.994020,0.994020,0.384934,0.384934,0.384934,0.384934
50.380066,0.819146,0.809942,0.811476,0.809942,0.285958,0.285958,0.285958,0.285958
50.390064,0.819146,0.809942,0.811476,0.809942,0.186428,0.186428,0.186428,0.186428
50.400063,0.630466,0.625864,0.630466,0.624330,0.086592,0.086592,0.086592,0.086592
50.410069,0.630466,0.625864,0.630466,0.624330,-0.013446,-0.013446,-0.013446,-0.013446
50.420063,0.438719,0.431049,0.437185,0.429515,-0.113314,-0.113314,-0.113314,-0.113314
50.430065,0.438719,0.431049,0.437185,0.429515,-0.213011,-0.213011,-0.213011,-0.213011
50.440060,0.240835,0.233165,0.236233,0.227029,-0.312116,-0.312116,-0.312116,-0.312116
50.450066,0.240835,0.233165,0.236233,0.227029,-0.410677,-0.410677,-0.410677,-0.410677
50.460060,0.036816,0.030680,0.030680,0.024544,-0.508241,-0.508241,-0.508241,-0.508241
50.470066,0.036816,0.030680,0.030680,0.024544,-0.604840,-0.604840,-0.604840,-0.604840
50.480068,-0.162602,-0.191748,-0.167204,-0.184078,-0.700131,-0.700131,-0.700131,-0.700131
50.490040,-0.162602,-0.191748,-0.167204,-0.184078,-0.793662,-0.793662,-0.793662,-0.793662
50.500053,-0.360486,-0.385029,-0.365087,-0.380427,-0.885927,-0.885927,-0.885927,-0.885927
50.510063,-0.360486,-0.385029,-0.365087,-0.380427,-0.976268,-0.976268,-0.976268,-0.976268
50.520054,-0.553767,-0.572175,-0.558369,-0.576777,-1.064417,-1.064417,-1.064417,-1.064417
50.530064,-0.553767,-0.572175,-0.558369,-0.576777,-1.150501,-1.150501,-1.150501,-1.150501
50.540054,-0.743981,-0.754719,-0.747049,-0.763923,-1.234024,-1.234024,-1.234024,-1.234024
50.550037,-0.743981,-0.754719,-0.747049,-0.763923,-1.314915,-1.314915,-1.314915,-1.314915
50.560062,-0.938796,-0.932660,-0.932660,-0.940330,-1.393392,-1.393392,-1.393392,-1.393392
50.570065,-0.938796,-0.932660,-0.932660,-0.940330,-1.468797,-1.468797,-1.468797,-1.468797
50.580067,-1.115204,-1.099864,-1.102932,-1.109068,-1.541108,-1.541108,-1.541108,-1.541108
50.590069,-1.115204,-1.099864,-1.102932,-1.109068,-1.610215,-1.610215,-1.610215,-1.610215
50.600060,-1.271670,-1.259398,-1.262466,-1.274738,-1.675912,-1.675912,-1.675912,-1.675912
50.610065,-1.271670,-1.259398,-1.262466,-1.274738,-1.738181,-1.738181,-1.738181,-1.738181
50.620056,-1.417398,-1.415864,-1.414330,-1.428136,-1.796744,-1.796744,-1.796744,-1.796744
50.630062,-1.417398,-1.415864,-1.414330,-1.428136,-1.851642,-1.851642,-1.851642,-1.851642
50.640068,-1.563127,-1.563127,-1.561593,-1.578466,-1.902681,-1.902681,-1.902681,-1.902681
50.650066,-1.563127,-1.563127,-1.561593,-1.578466,-1.949703,-1.949703,-1.949703,-1.949703
50.660065,-1.699651,-1.699651,-1.699651,-1.718059,-1.992663,-1.992663,-1.992663,-1.992663
50.670067,-1.699651,-1.699651,-1.699651,-1.718059,-2.031458,-2.031458,-2.031458,-2.031458
50.680065,-1.820835,-1.816234,-1.817768,-1.834641,-2.066011,-2.066011,-2.066011,-2.066011
50.690063,-1.820835,-1.816234,-1.817768,-1.834641,-2.096245,-2.096245,-2.096245,-2.096245
50.700062,-1.919010,-1.915942,-1.922078,-1.929748,-2.122096,-2.122096,-2.122096,-2.122096
50.710060,-1.919010,-1.915942,-1.922078,-1.929748,-2.143515,-2.143515,-2.143515,-2.143515
50.720062,-2.003379,-1.997243,-2.006447,-2.014117,-2.160450,-2.160450,-2.160450,-2.160450
50.730064,-2.003379,-1.997243,-2.006447,-2.014117,-2.172860,-2.172860,-2.172860,-2.172860
50.740059,-2.070874,-2.064739,-2.072408,-2.078544,-2.180718,-2.180718,-2.180718,-2.180718
50.750061,-2.070874,-2.064739,-2.072408,-2.078544,-2.184013,-2.184013,-2.184013,-2.184013
50.760063,-2.119962,-2.113826,-2.119962,-2.127632,-2.182729,-2.182729,-2.182729,-2.182729
50.770061,-2.119962,-2.113826,-2.119962,-2.127632,-2.176870,-2.176870,-2.176870,-2.176870
50.780056,-2.152175,-2.142972,-2.152175,-2.158311,-2.166451,-2.166451,-2.166451,-2.166451
50.790043,-2.152175,-2.142972,-2.152175,-2.158311,-2.151509,-2.151509,-2.151509,-2.151509
50.800056,-2.167515,-2.153709,-2.164447,-2.170583,-2.132004,-2.132004,-2.132004,-2.132004
50.810062,-2.167515,-2.153709,-2.164447,-2.170583,-2.108025,-2.108025,-2.108025,-2.108025
50.820053,-2.167515,-2.152175,-2.162913,-2.170583,-2.079661,-2.079661,-2.079661,-2.079661
50.830063,-2.167515,-2.152175,-2.162913,-2.170583,-2.046867,-2.046867,-2.046867,-2.046867
50.840057,-2.165981,-2.152175,-2.162913,-2.169049,-2.009838,-2.009838,-2.009838,-2.009838
50.850067,-2.165981,-2.152175,-2.162913,-2.169049,-1.968511,-1.968511,-1.968511,-1.968511
50.860054,-2.130700,-2.121496,-2.135302,-2.136836,-1.923135,-1.923135,-1.923135,-1.923135
50.870064,-2.130700,-2.121496,-2.135302,-2.136836,-1.873605,-1.873605,-1.873605,-1.873605
50.880058,-2.072408,-2.064739,-2.078544,-2.075476,-1.820218,-1.820218,-1.820218,-1.820218
50.890064,-2.072408,-2.064739,-2.078544,-2.075476,-1.762942,-1.762942,-1.762942,-1.762942
50.900063,-1.995709,-1.986505,-1.998777,-1.998777,-1.701986,-1.701986,-1.701986,-1.701986
50.910061,-1.995709,-1.986505,-1.998777,-1.998777,-1.637456,-1.637456,-1.637456,-1.637456
50.920059,-1.900602,-1.891399,-1.903670,-1.908272,-1.569465,-1.569465,-1.569465,-1.569465
50.930065,-1.900602,-1.891399,-1.903670,-1.908272,-1.498127,-1.498127,-1.498127,-1.498127
50.940063,-1.794758,-1.779418,-1.794758,-1.800894,-1.423692,-1.423692,-1.423692,-1.423692
50.950016,-1.794758,-1.779418,-1.794758,-1.800894,-1.346595,-1.346595,-1.346595,-1.346595
50.960060,-1.672039,-1.658233,-1.673573,-1.672039,-1.265975,-1.265975,-1.265975,-1.265975
50.970047,-1.672039,-1.658233,-1.673573,-1.672039,-1.183117,-1.183117,-1.183117,-1.183117
50.980057,-1.535515,-1.523243,-1.532447,-1.530913,-1.097607,-1.097607,-1.097607,-1.097607
50.990059,-1.535515,-1.523243,-1.532447,-1.530913,-1.009843,-1.009843,-1.009843,-1.009843
51.000057,-1.388253,-1.379049,-1.383651,-1.382117,-0.919970,-0.919970,-0.919970,-0.919970
51.010059,-1.388253,-1.379049,-1.383651,-1.382117,-0.828144,-0.828144,-0.828144,-0.828144
51.020058,-1.233321,-1.221049,-1.231787,-1.222583,-0.734619,-0.734619,-0.734619,-0.734619
51.030056,-1.233321,-1.221049,-1.231787,-1.222583,-0.639563,-0.639563,-0.639563,-0.639563
51.040054,-1.063049,-1.050777,-1.069185,-1.053845,-0.543173,-0.543173,-0.543173,-0.543173
51.050056,-1.063049,-1.050777,-1.069185,-1.053845,-0.445629,-0.445629,-0.445629,-0.445629
51.060055,-0.877437,-0.871301,-0.886641,-0.871301,-0.347196,-0.347196,-0.347196,-0.347196
51.070057,-0.877437,-0.871301,-0.886641,-0.871301,-0.248035,-0.248035,-0.248035,-0.248035
51.080055,-0.674952,-0.681088,-0.693359,-0.687223,-0.148402,-0.148402,-0.148402,-0.148402
51.090057,-0.674952,-0.681088,-0.693359,-0.687223,-0.048474,-0.048474,-0.048474,-0.048474
51.100056,-0.483204,-0.490874,-0.497010,-0.490874,0.051523,0.051523,0.051523,0.051523
51.110054,-0.483204,-0.490874,-0.497010,-0.490874,0.151354,0.151354,0.151354,0.151354
51.120056,-0.297592,-0.300660,-0.292990,-0.294524,0.250831,0.250831,0.250831,0.250831
51.130058,-0.297592,-0.300660,-0.292990,-0.294524,0.349740,0.349740,0.349740,0.349740
51.140060,-0.102777,-0.107379,-0.095107,-0.096641,0.447863,0.447863,0.447863,0.447863
51.150063,-0.102777,-0.107379,-0.095107,-0.096641,0.544970,0.544970,0.544970,0.544970
51.160061,0.095107,0.101243,0.102777,0.108913,0.640833,0.640833,0.640833,0.640833
51.170059,0.095107,0.101243,0.102777,0.108913,0.735276,0.735276,0.735276,0.735276
51.180061,0.294524,0.296058,0.302194,0.306796,0.828087,0.828087,0.828087,0.828087
51.190060,0.294524,0.296058,0.302194,0.306796,0.919067,0.919067,0.919067,0.919067
51.200058,0.489340,0.481670,0.495476,0.506214,1.008021,1.008021,1.008021,1.008021
51.210060,0.489340,0.481670,0.495476,0.506214,1.094756,1.094756,1.094756,1.094756
51.220055,0.681088,0.659612,0.679554,0.697961,1.179028,1.179028,1.179028,1.179028
51.230061,0.681088,0.659612,0.679554,0.697961,1.260783,1.260783,1.260783,1.260783
51.240055,0.863631,0.843690,0.865165,0.878971,1.339701,1.339701,1.339701,1.339701
51.250057,0.863631,0.843690,0.865165,0.878971,1.415691,1.415691,1.415691,1.415691
51.260056,1.041573,1.024699,1.047709,1.058447,1.488569,1.488569,1.488569,1.488569
51.270058,1.041573,1.024699,1.047709,1.058447,1.558167,1.558167,1.558167,1.558167
51.280056,1.211845,1.201107,1.221049,1.230253,1.624331,1.624331,1.624331,1.624331
51.290058,1.211845,1.201107,1.221049,1.230253,1.686925,1.686925,1.686925,1.686925
51.300056,1.372913,1.360641,1.380583,1.385185,1.745789,1.745789,1.745789,1.745789
51.310055,1.372913,1.360641,1.380583,1.385185,1.800810,1.800810,1.800810,1.800810
51.320053,1.517107,1.506369,1.521709,1.529379,1.851869,1.851869,1.851869,1.851869
51.330051,1.517107,1.506369,1.521709,1.529379,1.898852,1.898852,1.898852,1.898852
51.340057,1.649030,1.638292,1.652098,1.659767,1.941667,1.941667,1.941667,1.941667
51.350067,1.649030,1.638292,1.652098,1.659767,1.980218,1.980218,1.980218,1.980218
51.360058,1.767146,1.757942,1.768680,1.779418,2.014336,2.014336,2.014336,2.014336
51.370064,1.767146,1.757942,1.768680,1.779418,2.044060,2.044060,2.044060,2.044060
51.380054,1.868389,1.859185,1.868389,1.880661,2.069230,2.069230,2.069230,2.069230
51.390068,1.868389,1.859185,1.868389,1.880661,2.089874,2.089874,2.089874,2.089874
51.400063,1.951224,1.946622,1.951224,1.963496,2.105874,2.105874,2.105874,2.105874
51.410065,1.951224,1.946622,1.951224,1.963496,2.117230,2.117230,2.117230,2.117230
51.420059,2.018719,2.015651,2.020253,2.029457,2.123899,2.123899,2.123899,2.123899
51.430058,2.018719,2.015651,2.020253,2.029457,2.125877,2.125877,2.125877,2.125877
51.440060,2.067806,2.064739,2.067806,2.077010,2.123152,2.123152,2.123152,2.123152
51.450062,2.067806,2.064739,2.067806,2.077010,2.115727,2.115727,2.115727,2.115727
51.460060,2.095418,2.096952,2.095418,2.109224,2.103619,2.103619,2.103619,2.103619
51.470062,2.095418,2.096952,2.095418,2.109224,2.086847,2.086847,2.086847,2.086847
51.480064,2.104622,2.107690,2.104622,2.118428,2.065453,2.065453,2.065453,2.065453
51.490063,2.104622,2.107690,2.104622,2.118428,2.039483,2.039483,2.039483,2.039483
51.500061,2.104622,2.106156,2.104622,2.118428,2.009003,2.009003,2.009003,2.009003
51.510071,2.104622,2.106156,2.104622,2.118428,1.974022,1.974022,1.974022,1.974022
51.520061,2.101554,2.101554,2.101554,2.112292,1.934728,1.934728,1.934728,1.934728
51.530056,2.101554,2.101554,2.101554,2.112292,1.891135,1.891135,1.891135,1.891135
51.540054,2.064739,2.061671,2.064739,2.069340,1.843321,1.843321,1.843321,1.843321
51.550064,2.064739,2.061671,2.064739,2.069340,1.791351,1.791351,1.791351,1.791351
51.560062,1.992641,1.994175,2.000311,2.001845,1.735461,1.735461,1.735461,1.735461
51.570065,1.992641,1.994175,2.000311,2.001845,1.675700,1.675700,1.675700,1.675700
51.580067,1.909806,1.909806,1.917476,1.920544,1.612200,1.612200,1.612200,1.612200
51.590065,1.909806,1.909806,1.917476,1.920544,1.545159,1.545159,1.545159,1.545159
51.600063,1.816234,1.813166,1.820835,1.823903,1.474687,1.474687,1.474687,1.474687
51.610065,1.816234,1.813166,1.820835,1.823903,1.400884,1.400884,1.400884,1.400884
51.620060,1.705787,1.701185,1.704253,1.710389,1.324038,1.324038,1.324038,1.324038
51.630066,1.705787,1.701185,1.704253,1.710389,1.244183,1.244183,1.244183,1.244183
51.640064,1.578466,1.570796,1.576932,1.583068,1.161580,1.161580,1.161580,1.161580
51.650055,1.578466,1.570796,1.576932,1.583068,1.076493,1.076493,1.076493,1.076493
51.660069,1.437340,1.426602,1.435806,1.441942,0.988825,0.988825,0.988825,0.988825
51.670067,1.437340,1.426602,1.435806,1.441942,0.899065,0.899065,0.899065,0.899065
51.680069,1.282408,1.273204,1.277806,1.287010,0.807300,0.807300,0.807300,0.807300
51.690067,1.282408,1.273204,1.277806,1.287010,0.713804,0.713804,0.713804,0.713804
51.700066,1.118272,1.110602,1.113670,1.119806,0.618692,0.618692,0.618692,0.618692
51.710064,1.118272,1.110602,1.113670,1.119806,0.522259,0.522259,0.522259,0.522259
51.720062,0.946466,0.934194,0.938796,0.935728,0.424684,0.424684,0.424684,0.424684
51.730072,0.946466,0.934194,0.938796,0.935728,0.326054,0.326054,0.326054,0.326054
51.740067,0.763923,0.754719,0.757787,0.750117,0.226865,0.226865,0.226865,0.226865
51.750069,0.763923,0.754719,0.757787,0.750117,0.127152,0.127152,0.127152,0.127152
51.760067,0.575243,0.569107,0.572175,0.564505,0.027214,0.027214,0.027214,0.027214
51.770065,0.575243,0.569107,0.572175,0.564505,-0.072754,-0.072754,-0.072754,-0.072754
51.780064,0.380427,0.374291,0.377359,0.371223,-0.172523,-0.172523,-0.172523,-0.172523
51.790066,0.380427,0.374291,0.377359,0.371223,-0.271886,-0.271886,-0.271886,-0.271886
51.800064,0.181010,0.173340,0.174874,0.165670,-0.370518,-0.370518,-0.370518,-0.370518
51.810066,0.181010,0.173340,0.174874,0.165670,-0.468352,-0.468352,-0.468352,-0.468352
51.820061,-0.018408,-0.035282,-0.027612,-0.038350,-0.564975,-0.564975,-0.564975,-0.564975
51.830067,-0.018408,-0.035282,-0.027612,-0.038350,-0.660407,-0.660407,-0.660407,-0.660407
51.840061,-0.220893,-0.237767,-0.225495,-0.246971,-0.754175,-0.754175,-0.754175,-0.754175
51.850067,-0.220893,-0.237767,-0.225495,-0.246971,-0.846268,-0.846268,-0.846268,-0.846268
51.860065,-0.420311,-0.427981,-0.418777,-0.441787,-0.936336,-0.936336,-0.936336,-0.936336
51.870068,-0.420311,-0.427981,-0.418777,-0.441787,-1.024252,-1.024252,-1.024252,-1.024252
51.880066,-0.612058,-0.615126,-0.612058,-0.636602,-1.109768,-1.109768,-1.109768,-1.109768
51.890064,-0.612058,-0.615126,-0.612058,-0.636602,-1.192715,-1.192715,-1.192715,-1.192715
51.900066,-0.800738,-0.797670,-0.797670,-0.826816,-1.272874,-1.272874,-1.272874,-1.272874
51.910069,-0.800738,-0.797670,-0.797670,-0.826816,-1.350108,-1.350108,-1.350108,-1.350108
51.920063,-0.980214,-0.969476,-0.971010,-1.000156,-1.424156,-1.424156,-1.424156,-1.424156
51.930065,-0.980214,-0.969476,-0.971010,-1.000156,-1.494950,-1.494950,-1.494950,-1.494950
51.940063,-1.145884,-1.130544,-1.141282,-1.161224,-1.562257,-1.562257,-1.562257,-1.562257
51.950066,-1.145884,-1.130544,-1.141282,-1.161224,-1.625965,-1.625965,-1.625965,-1.625965
51.960064,-1.297748,-1.288544,-1.293146,-1.316156,-1.685857,-1.685857,-1.685857,-1.685857
51.970066,-1.297748,-1.288544,-1.293146,-1.316156,-1.741853,-1.741853,-1.741853,-1.741853
51.980064,-1.445010,-1.434272,-1.451146,-1.464952,-1.793807,-1.793807,-1.793807,-1.793807
51.990070,-1.445010,-1.434272,-1.451146,-1.464952,-1.841618,-1.841618,-1.841618,-1.841618
52.000069,-1.584602,-1.573864,-1.590738,-1.601476,-1.885104,-1.885104,-1.885104,-1.885104
52.010071,-1.584602,-1.573864,-1.590738,-1.601476,-1.924234,-1.924234,-1.924234,-1.924234
52.020065,-1.714991,-1.698117,-1.711923,-1.730331,-1.958867,-1.958867,-1.958867,-1.958867
52.030060,-1.714991,-1.698117,-1.711923,-1.730331,-1.988957,-1.988957,-1.988957,-1.988957
52.040058,-1.817768,-1.802428,-1.814700,-1.825437,-2.014424,-2.014424,-2.014424,-2.014424
52.050064,-1.817768,-1.802428,-1.814700,-1.825437,-2.035218,-2.035218,-2.035218,-2.035218
52.060066,-1.899068,-1.886797,-1.896001,-1.906738,-2.051260,-2.051260,-2.051260,-2.051260
52.070065,-1.899068,-1.886797,-1.896001,-1.906738,-2.062525,-2.062525,-2.062525,-2.062525
52.080067,-1.961962,-1.954292,-1.965030,-1.974234,-2.068985,-2.068985,-2.068985,-2.068985
52.090065,-1.961962,-1.954292,-1.965030,-1.974234,-2.070622,-2.070622,-2.070622,-2.070622
52.100063,-2.014117,-2.001845,-2.012583,-2.021787,-2.067432,-2.067432,-2.067432,-2.067432
52.110062,-2.014117,-2.001845,-2.012583,-2.021787,-2.059419,-2.059419,-2.059419,-2.059419
52.120056,-2.046331,-2.032525,-2.040195,-2.047865,-2.046610,-2.046610,-2.046610,-2.046610
52.130066,-2.046331,-2.032525,-2.040195,-2.047865,-2.029001,-2.029001,-2.029001,-2.029001
52.140064,-2.054001,-2.043263,-2.049399,-2.055535,-2.006670,-2.006670,-2.006670,-2.006670
52.150066,-2.054001,-2.043263,-2.049399,-2.055535,-1.979637,-1.979637,-1.979637,-1.979637
52.160061,-2.054001,-2.043263,-2.047865,-2.054001,-1.948002,-1.948002,-1.948002,-1.948002
52.170067,-2.054001,-2.043263,-2.047865,-2.054001,-1.911781,-1.911781,-1.911781,-1.911781
52.180065,-2.047865,-2.037127,-2.046331,-2.050933,-1.871103,-1.871103,-1.871103,-1.871103
52.190063,-2.047865,-2.037127,-2.046331,-2.050933,-1.826055,-1.826055,-1.826055,-1.826055
52.200062,-2.006447,-1.998777,-2.007981,-2.011049,-1.776750,-1.776750,-1.776750,-1.776750
52.210060,-2.006447,-1.998777,-2.007981,-2.011049,-1.723256,-1.723256,-1.723256,-1.723256
52.220062,-1.938952,-1.932816,-1.942020,-1.943554,-1.665740,-1.665740,-1.665740,-1.665740
52.230064,-1.938952,-1.932816,-1.942020,-1.943554,-1.604293,-1.604293,-1.604293,-1.604293
52.240059,-1.853049,-1.846913,-1.856117,-1.857651,-1.539147,-1.539147,-1.539147,-1.539147
52.250065,-1.853049,-1.846913,-1.856117,-1.857651,-1.470329,-1.470329,-1.470329,-1.470329
52.260040,-1.753340,-1.745670,-1.754874,-1.756408,-1.398264,-1.398264,-1.398264,-1.398264
52.270065,-1.753340,-1.745670,-1.754874,-1.756408,-1.322582,-1.322582,-1.322582,-1.322582
52.280064,-1.636758,-1.629088,-1.635224,-1.639826,-1.243991,-1.243991,-1.243991,-1.243991
52.290066,-1.636758,-1.629088,-1.635224,-1.639826,-1.162452,-1.162452,-1.162452,-1.162452
52.300064,-1.504835,-1.501767,-1.501767,-1.509437,-1.078238,-1.078238,-1.078238,-1.078238
52.310066,-1.504835,-1.501767,-1.501767,-1.509437,-0.991457,-0.991457,-0.991457,-0.991457
52.320061,-1.365243,-1.363709,-1.360641,-1.366777,-0.902413,-0.902413,-0.902413,-0.902413
52.330067,-1.365243,-1.363709,-1.360641,-1.366777,-0.811178,-0.811178,-0.811178,-0.811178
52.340061,-1.210311,-1.207243,-1.214913,-1.211845,-0.718142,-0.718142,-0.718142,-0.718142
52.350067,-1.210311,-1.207243,-1.214913,-1.211845,-0.623345,-0.623345,-0.623345,-0.623345
52.360062,-1.044641,-1.041573,-1.050777,-1.044641,-0.527190,-0.527190,-0.527190,-0.527190
52.370068,-1.044641,-1.041573,-1.050777,-1.044641,-0.429751,-0.429751,-0.429751,-0.429751
52.380066,-0.859029,-0.863631,-0.866699,-0.863631,-0.331358,-0.331358,-0.331358,-0.331358
52.390064,-0.859029,-0.863631,-0.866699,-0.863631,-0.232225,-0.232225,-0.232225,-0.232225
52.400063,-0.667282,-0.665748,-0.671884,-0.667282,-0.132579,-0.132579,-0.132579,-0.132579
52.410069,-0.667282,-0.665748,-0.671884,-0.667282,-0.032582,-0.032582,-0.032582,-0.032582
52.420067,-0.475534,-0.477068,-0.469398,-0.474000,0.067386,0.067386,0.067386,0.067386
52.430065,-0.475534,-0.477068,-0.469398,-0.474000,0.167161,0.167161,0.167161,0.167161
52.440063,-0.282252,-0.286854,-0.277651,-0.280719,0.266470,0.266470,0.266470,0.266470
52.450062,-0.282252,-0.286854,-0.277651,-0.280719,0.365125,0.365125,0.365125,0.365125
52.460064,-0.079767,-0.092039,-0.082835,-0.081301,0.462878,0.462878,0.462878,0.462878
52.470066,-0.079767,-0.092039,-0.082835,-0.081301,0.559504,0.559504,0.559504,0.559504
52.480068,0.116583,0.118117,0.119651,0.125786,0.654708,0.654708,0.654708,0.654708
52.490067,0.116583,0.118117,0.119651,0.125786,0.748299,0.748299,0.748299,0.748299
52.500061,0.320602,0.308330,0.317534,0.325204,0.840015,0.840015,0.840015,0.840015
52.510063,0.320602,0.308330,0.317534,0.325204,0.929726,0.929726,0.929726,0.929726
52.520061,0.515418,0.498544,0.510816,0.520020,1.017141,1.017141,1.017141,1.017141
52.530067,0.515418,0.498544,0.510816,0.520020,1.102111,1.102111,1.102111,1.102111
52.540062,0.694893,0.681088,0.693359,0.705631,1.184310,1.184310,1.184310,1.184310
52.550068,0.694893,0.681088,0.693359,0.705631,1.263687,1.263687,1.263687,1.263687
52.560062,0.872835,0.866699,0.874369,0.891243,1.339900,1.339900,1.339900,1.339900
52.570057,0.872835,0.866699,0.874369,0.891243,1.412854,1.412854,1.412854,1.412854
52.580059,1.049243,1.046175,1.058447,1.069185,1.482390,1.482390,1.482390,1.482390
52.590057,1.049243,1.046175,1.058447,1.069185,1.548286,1.548286,1.548286,1.548286
52.600060,1.217981,1.214913,1.228719,1.234855,1.610439,1.610439,1.610439,1.610439
52.610062,1.217981,1.214913,1.228719,1.234855,1.668625,1.668625,1.668625,1.668625
52.620056,1.371379,1.365243,1.380583,1.383651,1.722713,1.722713,1.722713,1.722713
52.630066,1.371379,1.365243,1.380583,1.383651,1.772661,1.772661,1.772661,1.772661
52.640057,1.509437,1.506369,1.514039,1.521709,1.818186,1.818186,1.818186,1.818186
52.650066,1.509437,1.506369,1.514039,1.521709,1.859340,1.859340,1.859340,1.859340
52.660065,1.633690,1.630622,1.636758,1.644428,1.895899,1.895899,1.895899,1.895899
52.670063,1.633690,1.630622,1.636758,1.644428,1.927819,1.927819,1.927819,1.927819
52.680065,1.742602,1.738001,1.745670,1.751806,1.955031,1.955031,1.955031,1.955031
52.690063,1.742602,1.738001,1.745670,1.751806,1.977444,1.977444,1.977444,1.977444
52.700066,1.831573,1.828505,1.833107,1.840777,1.995013,1.995013,1.995013,1.995013
52.710064,1.831573,1.828505,1.833107,1.840777,2.007692,2.007692,2.007692,2.007692
52.720047,1.900602,1.899068,1.903670,1.914408,2.015440,2.015440,2.015440,2.015440
52.730064,1.900602,1.899068,1.903670,1.914408,2.018261,2.018261,2.018261,2.018261
52.740067,1.952758,1.951224,1.952758,1.965030,2.016119,2.016119,2.016119,2.016119
52.750065,1.952758,1.951224,1.952758,1.965030,2.009028,2.009028,2.009028,2.009028
52.760067,1.988039,1.984971,1.984971,1.995709,1.997001,1.997001,1.997001,1.997001
52.770061,1.988039,1.984971,1.984971,1.995709,1.980074,1.980074,1.980074,1.980074
52.780064,1.998777,1.997243,1.997243,2.007981,1.958271,1.958271,1.958271,1.958271
52.790054,1.998777,1.997243,1.997243,2.007981,1.931679,1.931679,1.931679,1.931679
52.800053,1.998777,1.997243,1.995709,2.007981,1.900321,1.900321,1.900321,1.900321
52.810059,1.998777,1.997243,1.995709,2.007981,1.864269,1.864269,1.864269,1.864269
52.820057,1.994175,1.988039,1.994175,2.000311,1.823646,1.823646,1.823646,1.823646
52.830059,1.994175,1.988039,1.994175,2.000311,1.778519,1.778519,1.778519,1.778519
52.840061,1.952758,1.946622,1.957360,1.958894,1.729011,1.729011,1.729011,1.729011
52.850067,1.952758,1.946622,1.957360,1.958894,1.675215,1.675215,1.675215,1.675215
52.860065,1.886797,1.879127,1.891399,1.889865,1.617318,1.617318,1.617318,1.617318
52.870068,1.886797,1.879127,1.891399,1.889865,1.555429,1.555429,1.555429,1.555429
52.880066,1.802428,1.791690,1.805496,1.803962,1.489734,1.489734,1.489734,1.489734
52.890068,1.802428,1.791690,1.805496,1.803962,1.420335,1.420335,1.420335,1.420335
52.900066,1.704253,1.691981,1.701185,1.702719,1.347459,1.347459,1.347459,1.347459
52.910069,1.704253,1.691981,1.701185,1.702719,1.271230,1.271230,1.271230,1.271230
52.920067,1.587670,1.572330,1.584602,1.584602,1.191881,1.191881,1.191881,1.191881
52.930065,1.587670,1.572330,1.584602,1.584602,1.109624,1.109624,1.109624,1.109624
52.940060,1.457282,1.438874,1.452680,1.460350,1.024652,1.024652,1.024652,1.024652
52.950066,1.457282,1.438874,1.452680,1.460350,0.937070,0.937070,0.937070,0.937070
52.960064,1.310020,1.291612,1.305418,1.311554,0.847216,0.847216,0.847216,0.847216
52.970070,1.310020,1.291612,1.305418,1.311554,0.755267,0.755267,0.755267,0.755267
52.980068,1.144350,1.132078,1.144350,1.148952,0.661505,0.661505,0.661505,0.661505
52.990070,1.144350,1.132078,1.144350,1.148952,0.566061,0.566061,0.566061,0.566061
53.000069,0.972544,0.961806,0.974078,0.971010,0.469327,0.469327,0.469327,0.469327
53.010063,0.972544,0.961806,0.974078,0.971010,0.371447,0.371447,0.371447,0.371447
53.020065,0.797670,0.785398,0.796136,0.791534,0.272618,0.272618,0.272618,0.272618
53.030067,0.797670,0.785398,0.796136,0.791534,0.173153,0.173153,0.173153,0.173153
53.040070,0.618194,0.601321,0.613592,0.608990,0.073298,0.073298,0.073298,0.073298
53.050068,0.618194,0.601321,0.613592,0.608990,-0.026685,-0.026685,-0.026685,-0.026685
53.060066,0.426447,0.408039,0.420311,0.418777,-0.126563,-0.126563,-0.126563,-0.126563
53.070068,0.426447,0.408039,0.420311,0.418777,-0.226099,-0.226099,-0.226099,-0.226099
53.080067,0.230097,0.207087,0.219359,0.216291,-0.324999,-0.324999,-0.324999,-0.324999
53.090065,0.230097,0.207087,0.219359,0.216291,-0.423061,-0.423061,-0.423061,-0.423061
53.100063,0.024544,0.001534,0.018408,0.012272,-0.519999,-0.519999,-0.519999,-0.519999
53.110065,0.024544,0.001534,0.018408,0.012272,-0.615604,-0.615604,-0.615604,-0.615604
53.120068,-0.173340,-0.204019,-0.181010,-0.199418,-0.709614,-0.709614,-0.709614,-0.709614
53.130062,-0.173340,-0.204019,-0.181010,-0.199418,-0.801751,-0.801751,-0.801751,-0.801751
53.140034,-0.371223,-0.394233,-0.375825,-0.397301,-0.891573,-0.891573,-0.891573,-0.891573
53.150066,-0.371223,-0.394233,-0.375825,-0.397301,-0.979696,-0.979696,-0.979696,-0.979696
53.160061,-0.562971,-0.579845,-0.570641,-0.584447,-1.064907,-1.064907,-1.064907,-1.064907
53.170059,-0.562971,-0.579845,-0.570641,-0.584447,-1.147436,-1.147436,-1.147436,-1.147436
53.180061,-0.754719,-0.763923,-0.753185,-0.770058,-1.227049,-1.227049,-1.227049,-1.227049
53.190056,-0.754719,-0.763923,-0.753185,-0.770058,-1.303475,-1.303475,-1.303475,-1.303475
53.200054,-0.937262,-0.940330,-0.931126,-0.944932,-1.376554,-1.376554,-1.376554,-1.376554
53.210060,-0.937262,-0.940330,-0.931126,-0.944932,-1.446145,-1.446145,-1.446145,-1.446145
53.220058,-1.106000,-1.099864,-1.092194,-1.107534,-1.511979,-1.511979,-1.511979,-1.511979
53.230061,-1.106000,-1.099864,-1.092194,-1.107534,-1.573947,-1.573947,-1.573947,-1.573947
53.240059,-1.253263,-1.244059,-1.245593,-1.264000,-1.631854,-1.631854,-1.631854,-1.631854
53.250057,-1.253263,-1.244059,-1.245593,-1.264000,-1.685569,-1.685569,-1.685569,-1.685569
53.260056,-1.395923,-1.386719,-1.400525,-1.406661,-1.734950,-1.734950,-1.734950,-1.734950
53.270058,-1.395923,-1.386719,-1.400525,-1.406661,-1.779907,-1.779907,-1.779907,-1.779907
53.280060,-1.532447,-1.521709,-1.535515,-1.544719,-1.820253,-1.820253,-1.820253,-1.820253
53.290062,-1.532447,-1.521709,-1.535515,-1.544719,-1.855934,-1.855934,-1.855934,-1.855934
53.300060,-1.650564,-1.642894,-1.658233,-1.667437,-1.886823,-1.886823,-1.886823,-1.886823
53.310059,-1.650564,-1.642894,-1.658233,-1.667437,-1.912856,-1.912856,-1.912856,-1.912856
53.320057,-1.750272,-1.742602,-1.753340,-1.764078,-1.933959,-1.933959,-1.933959,-1.933959
53.330059,-1.750272,-1.742602,-1.753340,-1.764078,-1.950090,-1.950090,-1.950090,-1.950090
53.340057,-1.830039,-1.819301,-1.830039,-1.842311,-1.961190,-1.961190,-1.961190,-1.961190
53.350060,-1.830039,-1.819301,-1.830039,-1.842311,-1.967235,-1.967235,-1.967235,-1.967235
53.360058,-1.889865,-1.877593,-1.889865,-1.899068,-1.968205,-1.968205,-1.968205,-1.968205
53.370064,-1.889865,-1.877593,-1.889865,-1.899068,-1.964094,-1.964094,-1.964094,-1.964094
53.380062,-1.929748,-1.920544,-1.929748,-1.937418,-1.954915,-1.954915,-1.954915,-1.954915
53.390060,-1.929748,-1.920544,-1.929748,-1.937418,-1.940690,-1.940690,-1.940690,-1.940690
53.400059,-1.949690,-1.940486,-1.948156,-1.958894,-1.921451,-1.921451,-1.921451,-1.921451
53.410027,-1.949690,-1.940486,-1.948156,-1.958894,-1.897324,-1.897324,-1.897324,-1.897324
53.420059,-1.951224,-1.942020,-1.949690,-1.960428,-1.868134,-1.868134,-1.868134,-1.868134
53.430061,-1.951224,-1.942020,-1.949690,-1.960428,-1.834178,-1.834178,-1.834178,-1.834178
53.440056,-1.949690,-1.940486,-1.949690,-1.958894,-1.795503,-1.795503,-1.795503,-1.795503
53.450066,-1.949690,-1.940486,-1.949690,-1.958894,-1.752122,-1.752122,-1.752122,-1.752122
53.460060,-1.920544,-1.912874,-1.922078,-1.926680,-1.704289,-1.704289,-1.704289,-1.704289
53.470066,-1.920544,-1.912874,-1.922078,-1.926680,-1.651966,-1.651966,-1.651966,-1.651966
53.480061,-1.857651,-1.853049,-1.862253,-1.866855,-1.595431,-1.595431,-1.595431,-1.595431
53.490067,-1.857651,-1.853049,-1.862253,-1.866855,-1.534695,-1.534695,-1.534695,-1.534695
53.500065,-1.774816,-1.771748,-1.782486,-1.785554,-1.470027,-1.470027,-1.470027,-1.470027
53.510067,-1.774816,-1.771748,-1.782486,-1.785554,-1.401528,-1.401528,-1.401528,-1.401528
53.520061,-1.676641,-1.675107,-1.681243,-1.687379,-1.329429,-1.329429,-1.329429,-1.329429
53.530064,-1.676641,-1.675107,-1.681243,-1.687379,-1.253853,-1.253853,-1.253853,-1.253853
53.540062,-1.567729,-1.563127,-1.566195,-1.570796,-1.175068,-1.175068,-1.175068,-1.175068
53.550060,-1.567729,-1.563127,-1.566195,-1.570796,-1.093222,-1.093222,-1.093222,-1.093222
53.560062,-1.441942,-1.437340,-1.437340,-1.441942,-1.008501,-1.008501,-1.008501,-1.008501
53.570061,-1.441942,-1.437340,-1.437340,-1.441942,-0.921210,-0.921210,-0.921210,-0.921210
53.580067,-1.299282,-1.297748,-1.296214,-1.300816,-0.831501,-0.831501,-0.831501,-0.831501
53.590065,-1.299282,-1.297748,-1.296214,-1.300816,-0.739664,-0.739664,-0.739664,-0.739664
53.600063,-1.142816,-1.139748,-1.139748,-1.145884,-0.645940,-0.645940,-0.645940,-0.645940
53.610065,-1.142816,-1.139748,-1.139748,-1.145884,-0.550542,-0.550542,-0.550542,-0.550542
53.620060,-0.972544,-0.972544,-0.974078,-0.974078,-0.453766,-0.453766,-0.453766,-0.453766
53.630058,-0.972544,-0.972544,-0.974078,-0.974078,-0.355817,-0.355817,-0.355817,-0.355817
53.640060,-0.786932,-0.791534,-0.794602,-0.783864,-0.256928,-0.256928,-0.256928,-0.256928
53.650066,-0.786932,-0.791534,-0.794602,-0.783864,-0.157366,-0.157366,-0.157366,-0.157366
53.660065,-0.595185,-0.605923,-0.602855,-0.582913,-0.057530,-0.057530,-0.057530,-0.057530
53.670067,-0.595185,-0.605923,-0.602855,-0.582913,0.042501,0.042501,0.042501,0.042501
53.680065,-0.400369,-0.415709,-0.404971,-0.389631,0.142322,0.142322,0.142322,0.142322
53.690060,-0.400369,-0.415709,-0.404971,-0.389631,0.241703,0.241703,0.241703,0.241703
53.700066,-0.210155,-0.220893,-0.199418,-0.197884,0.340475,0.340475,0.340475,0.340475
53.710064,-0.210155,-0.220893,-0.199418,-0.197884,0.438274,0.438274,0.438274,0.438274
53.720062,-0.012272,-0.016874,-0.004602,0.013806,0.534863,0.534863,0.534863,0.534863
53.730064,-0.012272,-0.016874,-0.004602,0.013806,0.630015,0.630015,0.630015,0.630015
53.740063,0.190214,0.179476,0.191748,0.200952,0.723424,0.723424,0.723424,0.723424
53.750065,0.190214,0.179476,0.191748,0.200952,0.814919,0.814919,0.814919,0.814919
53.760063,0.381961,0.369689,0.386563,0.397301,0.904161,0.904161,0.904161,0.904161
53.770069,0.381961,0.369689,0.386563,0.397301,0.991011,0.991011,0.991011,0.991011
53.780064,0.572175,0.555301,0.578311,0.589049,1.075100,1.075100,1.075100,1.075100
53.790058,0.572175,0.555301,0.578311,0.589049,1.156313,1.156313,1.156313,1.156313
53.800060,0.760855,0.736311,0.763923,0.773126,1.234451,1.234451,1.234451,1.234451
53.810066,0.760855,0.736311,0.763923,0.773126,1.309281,1.309281,1.309281,1.309281
53.820065,0.940330,0.920389,0.943398,0.951068,1.380505,1.380505,1.380505,1.380505
53.830067,0.940330,0.920389,0.943398,0.951068,1.448058,1.448058,1.448058,1.448058
53.840065,1.109068,1.095262,1.116738,1.124408,1.511684,1.511684,1.511684,1.511684
53.850067,1.109068,1.095262,1.116738,1.124408,1.571233,1.571233,1.571233,1.571233
53.860062,1.265534,1.253263,1.273204,1.279340,1.626520,1.626520,1.626520,1.626520
53.870068,1.265534,1.253263,1.273204,1.279340,1.677452,1.677452,1.677452,1.677452
53.880066,1.408195,1.397457,1.414330,1.422000,1.723836,1.723836,1.723836,1.723836
53.890064,1.408195,1.397457,1.414330,1.422000,1.765561,1.765561,1.765561,1.765561
53.900066,1.535515,1.526311,1.538583,1.547787,1.802535,1.802535,1.802535,1.802535
53.910065,1.535515,1.526311,1.538583,1.547787,1.834628,1.834628,1.834628,1.834628
53.920063,1.644428,1.635224,1.647496,1.653632,1.861761,1.861761,1.861761,1.861761
53.930065,1.644428,1.635224,1.647496,1.653632,1.883870,1.883870,1.883870,1.883870
53.940060,1.738001,1.727263,1.738001,1.745670,1.900866,1.900866,1.900866,1.900866
53.950069,1.738001,1.727263,1.738001,1.745670,1.912738,1.912738,1.912738,1.912738
53.960060,1.808564,1.802428,1.808564,1.819301,1.919416,1.919416,1.919416,1.919416
53.970070,1.808564,1.802428,1.808564,1.819301,1.920904,1.920904,1.920904,1.920904
53.980068,1.860719,1.854583,1.859185,1.871457,1.917184,1.917184,1.917184,1.917184
53.990059,1.860719,1.854583,1.859185,1.871457,1.908279,1.908279,1.908279,1.908279
54.000065,1.892933,1.885263,1.892933,1.902136,1.894181,1.894181,1.894181,1.894181
54.010063,1.892933,1.885263,1.892933,1.902136,1.874957,1.874957,1.874957,1.874957
54.020065,1.902136,1.897534,1.902136,1.909806,1.850642,1.850642,1.850642,1.850642
54.030064,1.902136,1.897534,1.902136,1.909806,1.821307,1.821307,1.821307,1.821307
54.040062,1.902136,1.897534,1.902136,1.909806,1.787037,1.787037,1.787037,1.787037
54.050068,1.902136,1.897534,1.902136,1.909806,1.747874,1.747874,1.747874,1.747874
54.060066,1.892933,1.885263,1.892933,1.897534,1.703997,1.703997,1.703997,1.703997
54.070065,1.892933,1.885263,1.892933,1.897534,1.655471,1.655471,1.655471,1.655471
54.080063,1.845379,1.837709,1.849981,1.851515,1.602457,1.602457,1.602457,1.602457
54.090065,1.845379,1.837709,1.849981,1.851515,1.545069,1.545069,1.545069,1.545069
54.100063,1.771748,1.765612,1.774816,1.776350,1.483501,1.483501,1.483501,1.483501
54.110069,1.771748,1.765612,1.774816,1.776350,1.417853,1.417853,1.417853,1.417853
54.120064,1.679709,1.673573,1.679709,1.684311,1.348401,1.348401,1.348401,1.348401
54.130066,1.679709,1.673573,1.679709,1.684311,1.275253,1.275253,1.275253,1.275253
54.140064,1.575398,1.566195,1.572330,1.578466,1.198655,1.198655,1.198655,1.198655
54.150063,1.575398,1.566195,1.572330,1.578466,1.118792,1.118792,1.118792,1.118792
54.160065,1.451146,1.441942,1.451146,1.457282,1.035840,1.035840,1.035840,1.035840
54.170067,1.451146,1.441942,1.451146,1.457282,0.950116,0.950116,0.950116,0.950116
54.180065,1.313088,1.302350,1.308486,1.316156,0.861808,0.861808,0.861808,0.861808
54.190063,1.313088,1.302350,1.308486,1.316156,0.771156,0.771156,0.771156,0.771156
54.200062,1.159690,1.148952,1.152020,1.158156,0.678425,0.678425,0.678425,0.678425
54.210064,1.159690,1.148952,1.152020,1.158156,0.583851,0.583851,0.583851,0.583851
54.220062,0.992486,0.983282,0.984816,0.987884,0.487696,0.487696,0.487696,0.487696
54.230061,0.992486,0.983282,0.984816,0.987884,0.390244,0.390244,0.390244,0.390244
54.240055,0.816078,0.808408,0.809942,0.808408,0.291798,0.291798,0.291798,0.291798
54.250065,0.816078,0.808408,0.809942,0.808408,0.192454,0.192454,0.192454,0.192454
54.260059,0.632000,0.628932,0.632000,0.627398,0.092727,0.092727,0.092727,0.092727
54.270065,0.632000,0.628932,0.632000,0.627398,-0.007311,-0.007311,-0.007311,-0.007311
54.280033,0.441787,0.435651,0.440253,0.437185,-0.106898,-0.106898,-0.106898,-0.106898
54.290066,0.441787,0.435651,0.440253,0.437185,-0.206821,-0.206821,-0.206821,-0.206821
54.300056,0.245437,0.237767,0.239301,0.233165,-0.305700,-0.305700,-0.305700,-0.305700
54.310066,0.245437,0.237767,0.239301,0.233165,-0.403851,-0.403851,-0.403851,-0.403851
54.320065,0.047553,0.039884,0.036816,0.030680,-0.500772,-0.500772,-0.500772,-0.500772
54.330067,0.047553,0.039884,0.036816,0.030680,-0.596240,-0.596240,-0.596240,-0.596240
54.340057,-0.151864,-0.173340,-0.161068,-0.181010,-0.689943,-0.689943,-0.689943,-0.689943
54.350067,-0.151864,-0.173340,-0.161068,-0.181010,-0.781848,-0.781848,-0.781848,-0.781848
54.360062,-0.352816,-0.365087,-0.358952,-0.377359,-0.871408,-0.871408,-0.871408,-0.871408
54.370064,-0.352816,-0.365087,-0.358952,-0.377359,-0.958563,-0.958563,-0.958563,-0.958563
54.380066,-0.547631,-0.564505,-0.552233,-0.567573,-1.042992,-1.042992,-1.042992,-1.042992
54.390064,-0.547631,-0.564505,-0.552233,-0.567573,-1.124423,-1.124423,-1.124423,-1.124423
54.400063,-0.736311,-0.737845,-0.737845,-0.753185,-1.202690,-1.202690,-1.202690,-1.202690
54.410069,-0.736311,-0.737845,-0.737845,-0.753185,-1.277597,-1.277597,-1.277597,-1.277597
54.420029,-0.914253,-0.918855,-0.918855,-0.928059,-1.348586,-1.348586,-1.348586,-1.348586
54.430058,-0.914253,-0.918855,-0.918855,-0.928059,-1.416241,-1.416241,-1.416241,-1.416241
54.440056,-1.082991,-1.075321,-1.079923,-1.089126,-1.479662,-1.479662,-1.479662,-1.479662
54.450058,-1.082991,-1.075321,-1.079923,-1.089126,-1.538923,-1.538923,-1.538923,-1.538923
54.460056,-1.230253,-1.222583,-1.227185,-1.240991,-1.593820,-1.593820,-1.593820,-1.593820
54.470058,-1.230253,-1.222583,-1.227185,-1.240991,-1.644215,-1.644215,-1.644215,-1.644215
54.480057,-1.368311,-1.365243,-1.366777,-1.380583,-1.689928,-1.689928,-1.689928,-1.689928
54.490059,-1.368311,-1.365243,-1.366777,-1.380583,-1.730874,-1.730874,-1.730874,-1.730874
54.500057,-1.497165,-1.494097,-1.495631,-1.509437,-1.766915,-1.766915,-1.766915,-1.766915
54.510067,-1.497165,-1.494097,-1.495631,-1.509437,-1.797967,-1.797967,-1.797967,-1.797967
54.520061,-1.610680,-1.606078,-1.609146,-1.627554,-1.823883,-1.823883,-1.823883,-1.823883
54.530064,-1.610680,-1.606078,-1.609146,-1.627554,-1.844644,-1.844644,-1.844644,-1.844644
54.540058,-1.704253,-1.696583,-1.704253,-1.721127,-1.860166,-1.860166,-1.860166,-1.860166
54.550060,-1.704253,-1.696583,-1.704253,-1.721127,-1.870413,-1.870413,-1.870413,-1.870413
54.560062,-1.776350,-1.767146,-1.773282,-1.790156,-1.875347,-1.875347,-1.875347,-1.875347
54.570061,-1.776350,-1.767146,-1.773282,-1.790156,-1.874955,-1.874955,-1.874955,-1.874955
54.580063,-1.825437,-1.814700,-1.823903,-1.836175,-1.869233,-1.869233,-1.869233,-1.869233
54.590061,-1.825437,-1.814700,-1.823903,-1.836175,-1.858198,-1.858198,-1.858198,-1.858198
54.600060,-1.853049,-1.842311,-1.849981,-1.859185,-1.841880,-1.841880,-1.841880,-1.841880
54.610062,-1.853049,-1.842311,-1.849981,-1.859185,-1.820318,-1.820318,-1.820318,-1.820318
54.620060,-1.857651,-1.849981,-1.854583,-1.865321,-1.793581,-1.793581,-1.793581,-1.793581
54.630062,-1.857651,-1.849981,-1.854583,-1.865321,-1.761731,-1.761731,-1.761731,-1.761731
54.640064,-1.857651,-1.848447,-1.854583,-1.863787,-1.724856,-1.724856,-1.724856,-1.724856
54.650063,-1.857651,-1.848447,-1.854583,-1.863787,-1.683080,-1.683080,-1.683080,-1.683080
54.660057,-1.842311,-1.830039,-1.840777,-1.848447,-1.636521,-1.636521,-1.636521,-1.636521
54.670059,-1.842311,-1.830039,-1.840777,-1.848447,-1.585280,-1.585280,-1.585280,-1.585280
54.680058,-1.787088,-1.776350,-1.791690,-1.794758,-1.529518,-1.529518,-1.529518,-1.529518
54.690060,-1.787088,-1.776350,-1.791690,-1.794758,-1.469383,-1.469383,-1.469383,-1.469383
54.700058,-1.708855,-1.699651,-1.711923,-1.714991,-1.405086,-1.405086,-1.405086,-1.405086
54.710056,-1.708855,-1.699651,-1.711923,-1.714991,-1.336755,-1.336755,-1.336755,-1.336755
54.720058,-1.613748,-1.603010,-1.612214,-1.618350,-1.264602,-1.264602,-1.264602,-1.264602
54.730057,-1.613748,-1.603010,-1.612214,-1.618350,-1.188866,-1.188866,-1.188866,-1.188866
54.740059,-1.503301,-1.494097,-1.500233,-1.506369,-1.109722,-1.109722,-1.109722,-1.109722
54.750061,-1.503301,-1.494097,-1.500233,-1.506369,-1.027397,-1.027397,-1.027397,-1.027397
54.760059,-1.377515,-1.368311,-1.374447,-1.377515,-0.942176,-0.942176,-0.942176,-0.942176
54.770061,-1.377515,-1.368311,-1.374447,-1.377515,-0.854236,-0.854236,-0.854236,-0.854236
54.780056,-1.233321,-1.224117,-1.234855,-1.239457,-0.763919,-0.763919,-0.763919,-0.763919
54.790058,-1.233321,-1.224117,-1.234855,-1.239457,-0.671381,-0.671381,-0.671381,-0.671381
54.800060,-1.075321,-1.066117,-1.075321,-1.078389,-0.576953,-0.576953,-0.576953,-0.576953
54.810059,-1.075321,-1.066117,-1.075321,-1.078389,-0.480889,-0.480889,-0.480889,-0.480889
54.820065,-0.900447,-0.895845,-0.900447,-0.905049,-0.383450,-0.383450,-0.383450,-0.383450
54.830059,-0.900447,-0.895845,-0.900447,-0.905049,-0.284988,-0.284988,-0.284988,-0.284988
54.840012,-0.716369,-0.713301,-0.713301,-0.719437,-0.186208,-0.186208,-0.186208,-0.186208
54.850060,-0.716369,-0.713301,-0.713301,-0.719437,-0.085949,-0.085949,-0.085949,-0.085949
54.860058,-0.527689,-0.526155,-0.520020,-0.526155,0.014005,0.014005,0.014005,0.014005
54.870056,-0.527689,-0.526155,-0.520020,-0.526155,0.113922,0.113922,0.113922,0.113922
54.880058,-0.331340,-0.334408,-0.326738,-0.334408,0.213451,0.213451,0.213451,0.213451
54.890038,-0.331340,-0.334408,-0.326738,-0.334408,0.312120,0.312120,0.312120,0.312120
54.900059,-0.136524,-0.142660,-0.134990,-0.138058,0.410263,0.410263,0.410263,0.410263
54.910057,-0.136524,-0.142660,-0.134990,-0.138058,0.506929,0.506929,0.506929,0.506929
54.920059,0.059825,0.062893,0.052155,0.073631,0.602096,0.602096,0.602096,0.602096
54.930058,0.059825,0.062893,0.052155,0.073631,0.695446,0.695446,0.695446,0.695446
54.940056,0.259243,0.257709,0.250039,0.271515,0.786741,0.786741,0.786741,0.786741
54.950058,0.259243,0.257709,0.250039,0.271515,0.875707,0.875707,0.875707,0.875707
54.960060,0.449456,0.446388,0.447922,0.467864,0.962071,0.962071,0.962071,0.962071
54.970062,0.449456,0.446388,0.447922,0.467864,1.045603,1.045603,1.045603,1.045603
54.980057,0.641204,0.628932,0.644272,0.655010,1.125972,1.125972,1.125972,1.125972
54.990059,0.641204,0.628932,0.644272,0.655010,1.203026,1.203026,1.203026,1.203026
55.000015,0.825282,0.811476,0.822214,0.837554,1.276220,1.276220,1.276220,1.276220
55.010059,0.825282,0.811476,0.822214,0.837554,1.346245,1.346245,1.346245,1.346245
55.020058,0.997088,0.989418,0.998622,1.010893,1.411953,1.411953,1.411953,1.411953
55.030060,0.997088,0.989418,0.998622,1.010893,1.473503,1.473503,1.473503,1.473503
55.040058,1.158156,1.155088,1.165826,1.173495,1.530650,1.530650,1.530650,1.530650
55.050060,1.158156,1.155088,1.165826,1.173495,1.583295,1.583295,1.583295,1.583295
55.060059,1.302350,1.302350,1.311554,1.319224,1.631222,1.631222,1.631222,1.631222
55.070061,1.302350,1.302350,1.311554,1.319224,1.674316,1.674316,1.674316,1.674316
55.080059,1.443476,1.431204,1.440408,1.451146,1.712435,1.712435,1.712435,1.712435
55.090061,1.443476,1.431204,1.440408,1.451146,1.745478,1.745478,1.745478,1.745478
55.100060,1.555457,1.544719,1.550855,1.560059,1.773336,1.773336,1.773336,1.773336
55.110058,1.555457,1.544719,1.550855,1.560059,1.795917,1.795917,1.795917,1.795917
55.120060,1.645962,1.635224,1.647496,1.652098,1.813167,1.813167,1.813167,1.813167
55.130058,1.645962,1.635224,1.647496,1.652098,1.825027,1.825027,1.825027,1.825027
55.140057,1.721127,1.708855,1.721127,1.727263,1.831456,1.831456,1.831456,1.831456
55.150063,1.721127,1.708855,1.721127,1.727263,1.832437,1.832437,1.832437,1.832437
55.160057,1.773282,1.765612,1.773282,1.782486,1.827964,1.827964,1.827964,1.827964
55.170059,1.773282,1.765612,1.773282,1.782486,1.818043,1.818043,1.818043,1.818043
55.180058,1.805496,1.799360,1.803962,1.814700,1.802715,1.802715,1.802715,1.802715
55.190060,1.805496,1.799360,1.803962,1.814700,1.782002,1.782002,1.782002,1.782002
55.200062,1.816234,1.808564,1.813166,1.823903,1.755984,1.755984,1.755984,1.755984
55.210060,1.816234,1.808564,1.813166,1.823903,1.724733,1.724733,1.724733,1.724733
55.220058,1.816234,1.807030,1.813166,1.823903,1.688333,1.688333,1.688333,1.688333
55.230061,1.816234,1.807030,1.813166,1.823903,1.646889,1.646889,1.646889,1.646889
55.240059,1.802428,1.793224,1.800894,1.807030,1.600540,1.600540,1.600540,1.600540
55.250061,1.802428,1.793224,1.800894,1.807030,1.549394,1.549394,1.549394,1.549394
55.260056,1.748738,1.742602,1.750272,1.754874,1.493640,1.493640,1.493640,1.493640
55.270058,1.748738,1.742602,1.750272,1.754874,1.433407,1.433407,1.433407,1.433407
55.280056,1.670505,1.664369,1.672039,1.676641,1.368917,1.368917,1.368917,1.368917
55.290062,1.670505,1.664369,1.672039,1.676641,1.300266,1.300266,1.300266,1.300266
55.300060,1.576932,1.570796,1.575398,1.581534,1.227800,1.227800,1.227800,1.227800
55.310062,1.576932,1.570796,1.575398,1.581534,1.151625,1.151625,1.151625,1.151625
55.320061,1.466486,1.457282,1.463418,1.469554,1.072041,1.072041,1.072041,1.072041
55.330063,1.466486,1.457282,1.463418,1.469554,0.989220,0.989220,0.989220,0.989220
55.340061,1.336097,1.325360,1.337631,1.340699,0.903467,0.903467,0.903467,0.903467
55.350063,1.336097,1.325360,1.337631,1.340699,0.814994,0.814994,0.814994,0.814994
55.360058,1.190369,1.179631,1.196505,1.191903,0.724141,0.724141,0.724141,0.724141
55.370060,1.190369,1.179631,1.196505,1.191903,0.631083,0.631083,0.631083,0.631083
55.380058,1.032369,1.020097,1.033903,1.023165,0.536198,0.536198,0.536198,0.536198
55.390060,1.032369,1.020097,1.033903,1.023165,0.439691,0.439691,0.439691,0.439691
55.400063,0.860563,0.851359,0.862097,0.851359,0.341876,0.341876,0.341876,0.341876
55.410061,0.860563,0.851359,0.862097,0.851359,0.243075,0.243075,0.243075,0.243075
55.420059,0.678020,0.671884,0.685690,0.671884,0.143618,0.143618,0.143618,0.143618
55.430061,0.678020,0.671884,0.685690,0.671884,0.043710,0.043710,0.043710,0.043710
55.440056,0.490874,0.484738,0.490874,0.484738,-0.056237,-0.056237,-0.056237,-0.056237
55.450062,0.490874,0.484738,0.490874,0.484738,-0.156050,-0.156050,-0.156050,-0.156050
55.460056,0.297592,0.289922,0.291456,0.280719,-0.255277,-0.255277,-0.255277,-0.255277
55.470058,0.297592,0.289922,0.291456,0.280719,-0.353724,-0.353724,-0.353724,-0.353724
55.480061,0.098175,0.092039,0.087437,0.076699,-0.451054,-0.451054,-0.451054,-0.451054
55.490059,0.098175,0.092039,0.087437,0.076699,-0.546971,-0.546971,-0.546971,-0.546971
55.500061,-0.101243,-0.121184,-0.113515,-0.131922,-0.641158,-0.641158,-0.641158,-0.641158
55.510059,-0.101243,-0.121184,-0.113515,-0.131922,-0.733354,-0.733354,-0.733354,-0.733354
55.520061,-0.302194,-0.317534,-0.308330,-0.329806,-0.823254,-0.823254,-0.823254,-0.823254
55.530060,-0.302194,-0.317534,-0.308330,-0.329806,-0.910591,-0.910591,-0.910591,-0.910591
55.540054,-0.500078,-0.509282,-0.500078,-0.526155,-0.995088,-0.995088,-0.995088,-0.995088
55.550060,-0.500078,-0.509282,-0.500078,-0.526155,-1.076540,-1.076540,-1.076540,-1.076540
55.560055,-0.687223,-0.693359,-0.688757,-0.711767,-1.154611,-1.154611,-1.154611,-1.154611
55.570057,-0.687223,-0.693359,-0.688757,-0.711767,-1.229116,-1.229116,-1.229116,-1.229116
55.580059,-0.869767,-0.866699,-0.871301,-0.888175,-1.299830,-1.299830,-1.299830,-1.299830
55.590061,-0.869767,-0.866699,-0.871301,-0.888175,-1.366498,-1.366498,-1.366498,-1.366498
55.600060,-1.038505,-1.023165,-1.035437,-1.049243,-1.428907,-1.428907,-1.428907,-1.428907
55.610065,-1.038505,-1.023165,-1.035437,-1.049243,-1.486945,-1.486945,-1.486945,-1.486945
55.620056,-1.190369,-1.170428,-1.184233,-1.190369,-1.540272,-1.540272,-1.540272,-1.540272
55.630058,-1.190369,-1.170428,-1.184233,-1.190369,-1.588867,-1.588867,-1.588867,-1.588867
55.640057,-1.326894,-1.310020,-1.322292,-1.329962,-1.632517,-1.632517,-1.632517,-1.632517
55.650063,-1.326894,-1.310020,-1.322292,-1.329962,-1.671128,-1.671128,-1.671128,-1.671128
55.660061,-1.448078,-1.435806,-1.449612,-1.454214,-1.704524,-1.704524,-1.704524,-1.704524
55.670063,-1.448078,-1.435806,-1.449612,-1.454214,-1.732625,-1.732625,-1.732625,-1.732625
55.680065,-1.553923,-1.544719,-1.556991,-1.567729,-1.755344,-1.755344,-1.755344,-1.755344
55.690067,-1.553923,-1.544719,-1.556991,-1.567729,-1.772593,-1.772593,-1.772593,-1.772593
55.700066,-1.644428,-1.633690,-1.647496,-1.659767,-1.784326,-1.784326,-1.784326,-1.784326
55.710068,-1.644428,-1.633690,-1.647496,-1.659767,-1.790507,-1.790507,-1.790507,-1.790507
55.720066,-1.711923,-1.699651,-1.710389,-1.722661,-1.791111,-1.791111,-1.791111,-1.791111
55.730068,-1.711923,-1.699651,-1.710389,-1.722661,-1.786136,-1.786136,-1.786136,-1.786136
55.740063,-1.751806,-1.744136,-1.750272,-1.764078,-1.775599,-1.775599,-1.775599,-1.775599
55.750061,-1.751806,-1.744136,-1.750272,-1.764078,-1.759526,-1.759526,-1.759526,-1.759526
55.760063,-1.771748,-1.764078,-1.770214,-1.782486,-1.737964,-1.737964,-1.737964,-1.737964
55.770061,-1.771748,-1.764078,-1.770214,-1.782486,-1.710981,-1.710981,-1.710981,-1.710981
55.780060,-1.771748,-1.765612,-1.771748,-1.784020,-1.678657,-1.678657,-1.678657,-1.678657
55.790066,-1.771748,-1.765612,-1.771748,-1.784020,-1.641068,-1.641068,-1.641068,-1.641068
55.800060,-1.770214,-1.764078,-1.770214,-1.780952,-1.598403,-1.598403,-1.598403,-1.598403
55.810066,-1.770214,-1.764078,-1.770214,-1.780952,-1.550684,-1.550684,-1.550684,-1.550684
55.820057,-1.734933,-1.727263,-1.739534,-1.742602,-1.498197,-1.498197,-1.498197,-1.498197
55.830063,-1.734933,-1.727263,-1.739534,-1.742602,-1.440965,-1.440965,-1.440965,-1.440965
55.840054,-1.667437,-1.661301,-1.670505,-1.673573,-1.379286,-1.379286,-1.379286,-1.379286
55.850063,-1.667437,-1.661301,-1.670505,-1.673573,-1.313209,-1.313209,-1.313209,-1.313209
55.860062,-1.578466,-1.572330,-1.580000,-1.583068,-1.243064,-1.243064,-1.243064,-1.243064
55.870064,-1.578466,-1.572330,-1.580000,-1.583068,-1.169012,-1.169012,-1.169012,-1.169012
55.880066,-1.472622,-1.472622,-1.472622,-1.478758,-1.091328,-1.091328,-1.091328,-1.091328
55.890068,-1.472622,-1.472622,-1.472622,-1.478758,-1.010215,-1.010215,-1.010215,-1.010215
55.900063,-1.354505,-1.351437,-1.351437,-1.356039,-0.925988,-0.925988,-0.925988,-0.925988
55.910069,-1.354505,-1.351437,-1.351437,-1.356039,-0.838809,-0.838809,-0.838809,-0.838809
55.920063,-1.213379,-1.211845,-1.214913,-1.216447,-0.749081,-0.749081,-0.749081,-0.749081
55.930065,-1.213379,-1.211845,-1.214913,-1.216447,-0.656947,-0.656947,-0.656947,-0.656947
55.940060,-1.058447,-1.056913,-1.055379,-1.061515,-0.562852,-0.562852,-0.562852,-0.562852
55.950066,-1.058447,-1.056913,-1.055379,-1.061515,-0.466935,-0.466935,-0.466935,-0.466935
55.960060,-0.885107,-0.889709,-0.883573,-0.886641,-0.369648,-0.369648,-0.369648,-0.369648
55.970062,-0.885107,-0.889709,-0.883573,-0.886641,-0.271129,-0.271129,-0.271129,-0.271129
55.980057,-0.699495,-0.708699,-0.699495,-0.699495,-0.171901,-0.171901,-0.171901,-0.171901
55.990067,-0.699495,-0.708699,-0.699495,-0.699495,-0.072026,-0.072026,-0.072026,-0.072026
56.000069,-0.512350,-0.518486,-0.503146,-0.509282,0.027975,0.027975,0.027975,0.027975
56.010063,-0.512350,-0.518486,-0.503146,-0.509282,0.127816,0.127816,0.127816,0.127816
56.020061,-0.319068,-0.331340,-0.308330,-0.322136,0.227212,0.227212,0.227212,0.227212
56.030067,-0.319068,-0.331340,-0.308330,-0.322136,0.325880,0.325880,0.325880,0.325880
56.040058,-0.119651,-0.131922,-0.116583,-0.125786,0.423375,0.423375,0.423375,0.423375
56.050068,-0.119651,-0.131922,-0.116583,-0.125786,0.519626,0.519626,0.519626,0.519626
56.060062,0.075165,0.078233,0.079767,0.087437,0.614057,0.614057,0.614057,0.614057
56.070065,0.075165,0.078233,0.079767,0.087437,0.706573,0.706573,0.706573,0.706573
56.080067,0.269981,0.271515,0.279185,0.288388,0.796732,0.796732,0.796732,0.796732
56.090065,0.269981,0.271515,0.279185,0.288388,0.884318,0.884318,0.884318,0.884318
56.100063,0.461728,0.458660,0.474000,0.480136,0.969021,0.969021,0.969021,0.969021
56.110065,0.461728,0.458660,0.474000,0.480136,1.050591,1.050591,1.050591,1.050591
56.120064,0.661146,0.639670,0.656544,0.667282,1.128738,1.128738,1.128738,1.128738
56.130070,0.661146,0.639670,0.656544,0.667282,1.203262,1.203262,1.203262,1.203262
56.140057,0.842156,0.822214,0.831418,0.845224,1.273767,1.273767,1.273767,1.273767
56.150028,0.842156,0.822214,0.831418,0.845224,1.340036,1.340036,1.340036,1.340036
56.160053,1.007825,0.995554,1.004758,1.013961,1.402323,1.402323,1.402323,1.402323
56.170063,1.007825,0.995554,1.004758,1.013961,1.459937,1.459937,1.459937,1.459937
56.180058,1.159690,1.155088,1.165826,1.175029,1.512739,1.512739,1.512739,1.512739
56.190063,1.159690,1.155088,1.165826,1.175029,1.560695,1.560695,1.560695,1.560695
56.200058,1.299282,1.296214,1.300816,1.317690,1.603511,1.603511,1.603511,1.603511
56.210064,1.299282,1.296214,1.300816,1.317690,1.641187,1.641187,1.641187,1.641187
56.220055,1.423534,1.418932,1.422000,1.438874,1.673472,1.673472,1.673472,1.673472
56.230064,1.423534,1.418932,1.422000,1.438874,1.700368,1.700368,1.700368,1.700368
56.240055,1.530913,1.524777,1.526311,1.540117,1.721699,1.721699,1.721699,1.721699
56.250057,1.530913,1.524777,1.526311,1.540117,1.737453,1.737453,1.737453,1.737453
56.260067,1.613748,1.607612,1.612214,1.621418,1.747557,1.747557,1.747557,1.747557
56.270061,1.613748,1.607612,1.612214,1.621418,1.751960,1.751960,1.751960,1.751960
56.280064,1.676641,1.670505,1.675107,1.682777,1.750663,1.750663,1.750663,1.750663
56.290062,1.676641,1.670505,1.675107,1.682777,1.743665,1.743665,1.743665,1.743665
56.300056,1.718059,1.708855,1.714991,1.725729,1.730993,1.730993,1.730993,1.730993
56.310066,1.718059,1.708855,1.714991,1.725729,1.712649,1.712649,1.712649,1.712649
56.320057,1.736467,1.725729,1.730331,1.741068,1.688763,1.688763,1.688763,1.688763
56.330067,1.736467,1.725729,1.730331,1.741068,1.659328,1.659328,1.659328,1.659328
56.340061,1.736467,1.725729,1.730331,1.741068,1.624514,1.624514,1.624514,1.624514
56.350060,1.736467,1.725729,1.730331,1.741068,1.584375,1.584375,1.584375,1.584375
56.360062,1.728797,1.718059,1.725729,1.733399,1.539062,1.539062,1.539062,1.539062
56.370037,1.728797,1.718059,1.725729,1.733399,1.488858,1.488858,1.488858,1.488858
56.380066,1.681243,1.668971,1.685845,1.687379,1.433509,1.433509,1.433509,1.433509
56.390068,1.681243,1.668971,1.685845,1.687379,1.373609,1.373609,1.373609,1.373609
56.400066,1.607612,1.595340,1.609146,1.615282,1.309228,1.309228,1.309228,1.309228
56.410069,1.607612,1.595340,1.609146,1.615282,1.240568,1.240568,1.240568,1.240568
56.420063,1.515573,1.503301,1.515573,1.520175,1.167902,1.167902,1.167902,1.167902
56.430065,1.515573,1.503301,1.515573,1.520175,1.091353,1.091353,1.091353,1.091353
56.440060,1.406661,1.389787,1.403593,1.408195,1.011281,1.011281,1.011281,1.011281
56.450062,1.406661,1.389787,1.403593,1.408195,0.927861,0.927861,0.927861,0.927861
56.460064,1.277806,1.259398,1.271670,1.274738,0.841430,0.841430,0.841430,0.841430
56.470066,1.277806,1.259398,1.271670,1.274738,0.752238,0.752238,0.752238,0.752238
56.480064,1.133612,1.112136,1.125942,1.119806,0.660618,0.660618,0.660618,0.660618
56.490067,1.133612,1.112136,1.125942,1.119806,0.566831,0.566831,0.566831,0.566831
56.500065,0.972544,0.949534,0.964874,0.954136,0.471205,0.471205,0.471205,0.471205
56.510063,0.972544,0.949534,0.964874,0.954136,0.374095,0.374095,0.374095,0.374095
56.520061,0.797670,0.780796,0.793068,0.780796,0.275754,0.275754,0.275754,0.275754
56.530064,0.797670,0.780796,0.793068,0.780796,0.176509,0.176509,0.176509,0.176509
56.540062,0.615126,0.599787,0.612058,0.599787,0.076760,0.076760,0.076760,0.076760
56.550060,0.615126,0.599787,0.612058,0.599787,-0.023231,-0.023231,-0.023231,-0.023231
56.560059,0.424913,0.408039,0.421845,0.406505,-0.123083,-0.123083,-0.123083,-0.123083
56.570065,0.424913,0.408039,0.421845,0.406505,-0.222545,-0.222545,-0.222545,-0.222545
56.580067,0.233165,0.211689,0.223961,0.216291,-0.321195,-0.321195,-0.321195,-0.321195
56.590065,0.233165,0.211689,0.223961,0.216291,-0.418699,-0.418699,-0.418699,-0.418699
56.600067,0.018408,0.009204,0.019942,0.015340,-0.514822,-0.514822,-0.514822,-0.514822
56.610062,0.018408,0.009204,0.019942,0.015340,-0.609106,-0.609106,-0.609106,-0.609106
56.620068,-0.181010,-0.200952,-0.179476,-0.194816,-0.701388,-0.701388,-0.701388,-0.701388
56.630066,-0.181010,-0.200952,-0.179476,-0.194816,-0.791248,-0.791248,-0.791248,-0.791248
56.640057,-0.371223,-0.391165,-0.374291,-0.389631,-0.878372,-0.878372,-0.878372,-0.878372
56.650066,-0.371223,-0.391165,-0.374291,-0.389631,-0.962633,-0.962633,-0.962633,-0.962633
56.660065,-0.556835,-0.578311,-0.562971,-0.582913,-1.043563,-1.043563,-1.043563,-1.043563
56.670063,-0.556835,-0.578311,-0.562971,-0.582913,-1.120974,-1.120974,-1.120974,-1.120974
56.680065,-0.742447,-0.754719,-0.740913,-0.762389,-1.194582,-1.194582,-1.194582,-1.194582
56.690067,-0.742447,-0.754719,-0.740913,-0.762389,-1.264161,-1.264161,-1.264161,-1.264161
56.700062,-0.921923,-0.915787,-0.915787,-0.932660,-1.329413,-1.329413,-1.329413,-1.329413
56.710064,-0.921923,-0.915787,-0.915787,-0.932660,-1.390195,-1.390195,-1.390195,-1.390195
56.720066,-1.084525,-1.063049,-1.070719,-1.087592,-1.446256,-1.446256,-1.446256,-1.446256
56.730064,-1.084525,-1.063049,-1.070719,-1.087592,-1.497421,-1.497421,-1.497421,-1.497421
56.740059,-1.222583,-1.204175,-1.213379,-1.228719,-1.543482,-1.543482,-1.543482,-1.543482
56.750061,-1.222583,-1.204175,-1.213379,-1.228719,-1.584342,-1.584342,-1.584342,-1.584342
56.760063,-1.348369,-1.337631,-1.349903,-1.359107,-1.619815,-1.619815,-1.619815,-1.619815
56.770065,-1.348369,-1.337631,-1.349903,-1.359107,-1.649800,-1.649800,-1.649800,-1.649800
56.780060,-1.458816,-1.449612,-1.463418,-1.469554,-1.674167,-1.674167,-1.674167,-1.674167
56.790062,-1.458816,-1.449612,-1.463418,-1.469554,-1.692869,-1.692869,-1.692869,-1.692869
56.800060,-1.553923,-1.543185,-1.556991,-1.566195,-1.705810,-1.705810,-1.705810,-1.705810
56.810062,-1.553923,-1.543185,-1.556991,-1.566195,-1.712958,-1.712958,-1.712958,-1.712958
56.820057,-1.626020,-1.615282,-1.627554,-1.639826,-1.714280,-1.714280,-1.714280,-1.714280
56.830063,-1.626020,-1.615282,-1.627554,-1.639826,-1.709770,-1.709770,-1.709770,-1.709770
56.840057,-1.673573,-1.662835,-1.672039,-1.684311,-1.699452,-1.699452,-1.699452,-1.699452
56.850067,-1.673573,-1.662835,-1.672039,-1.684311,-1.683324,-1.683324,-1.683324,-1.683324
56.860058,-1.696583,-1.685845,-1.691981,-1.704253,-1.661506,-1.661506,-1.661506,-1.661506
56.870064,-1.696583,-1.685845,-1.691981,-1.704253,-1.633985,-1.633985,-1.633985,-1.633985
56.880058,-1.698117,-1.687379,-1.693515,-1.705787,-1.600930,-1.600930,-1.600930,-1.600930
56.890060,-1.698117,-1.687379,-1.693515,-1.705787,-1.562399,-1.562399,-1.562399,-1.562399
56.900047,-1.696583,-1.687379,-1.691981,-1.702719,-1.518609,-1.518609,-1.518609,-1.518609
56.910057,-1.696583,-1.687379,-1.691981,-1.702719,-1.469522,-1.469522,-1.469522,-1.469522
56.920055,-1.661301,-1.650564,-1.661301,-1.665903,-1.415481,-1.415481,-1.415481,-1.415481
56.930058,-1.661301,-1.650564,-1.661301,-1.665903,-1.356586,-1.356586,-1.356586,-1.356586
56.940056,-1.587670,-1.583068,-1.593806,-1.595340,-1.293085,-1.293085,-1.293085,-1.293085
56.950058,-1.587670,-1.583068,-1.593806,-1.595340,-1.225155,-1.225155,-1.225155,-1.225155
56.960014,-1.497165,-1.495631,-1.498699,-1.504835,-1.153374,-1.153374,-1.153374,-1.153374
56.970058,-1.497165,-1.495631,-1.498699,-1.504835,-1.077006,-1.077006,-1.077006,-1.077006
56.980053,-1.394389,-1.391321,-1.389787,-1.395923,-0.997317,-0.997317,-0.997317,-0.997317
56.990059,-1.394389,-1.391321,-1.389787,-1.395923,-0.914139,-0.914139,-0.914139,-0.914139
57.000061,-1.267068,-1.264000,-1.265534,-1.270136,-0.827890,-0.827890,-0.827890,-0.827890
57.010059,-1.267068,-1.264000,-1.265534,-1.270136,-0.738827,-0.738827,-0.738827,-0.738827
57.020058,-1.122874,-1.119806,-1.119806,-1.124408,-0.647286,-0.647286,-0.647286,-0.647286
57.030060,-1.122874,-1.119806,-1.119806,-1.124408,-0.553483,-0.553483,-0.553483,-0.553483
57.040054,-0.960272,-0.963340,-0.958738,-0.963340,-0.457881,-0.457881,-0.457881,-0.457881
57.050056,-0.960272,-0.963340,-0.958738,-0.963340,-0.360651,-0.360651,-0.360651,-0.360651
57.060055,-0.783864,-0.788466,-0.782330,-0.786932,-0.262264,-0.262264,-0.262264,-0.262264
57.070057,-0.783864,-0.788466,-0.782330,-0.786932,-0.162935,-0.162935,-0.162935,-0.162935
57.080059,-0.590583,-0.607457,-0.595185,-0.596719,-0.063137,-0.063137,-0.063137,-0.063137
57.090061,-0.590583,-0.607457,-0.595185,-0.596719,0.036874,0.036874,0.036874,0.036874
57.100060,-0.400369,-0.418777,-0.401903,-0.406505,0.136684,0.136684,0.136684,0.136684
57.110062,-0.400369,-0.418777,-0.401903,-0.406505,0.236007,0.236007,0.236007,0.236007
57.120060,-0.216291,-0.227029,-0.210155,-0.210155,0.334431,0.334431,0.334431,0.334431
57.130058,-0.216291,-0.227029,-0.210155,-0.210155,0.431681,0.431681,0.431681,0.431681
57.140057,-0.016874,-0.024544,-0.021476,-0.001534,0.527327,0.527327,0.527327,0.527327
57.150059,-0.016874,-0.024544,-0.021476,-0.001534,0.621195,0.621195,0.621195,0.621195
57.160057,0.182544,0.177942,0.174874,0.197884,0.712781,0.712781,0.712781,0.712781
57.170059,0.182544,0.177942,0.174874,0.197884,0.801888,0.801888,0.801888,0.801888
57.180058,0.378893,0.365087,0.372757,0.392699,0.888114,0.888114,0.888114,0.888114
57.190060,0.378893,0.365087,0.372757,0.392699,0.971233,0.971233,0.971233,0.971233
57.200058,0.569107,0.547631,0.564505,0.578311,1.050893,1.050893,1.050893,1.050893
57.210045,0.569107,0.547631,0.564505,0.578311,1.126721,1.126721,1.126721,1.126721
57.220058,0.748583,0.727107,0.751651,0.759321,1.198802,1.198802,1.198802,1.198802
57.230061,0.748583,0.727107,0.751651,0.759321,1.266544,1.266544,1.266544,1.266544
57.240051,0.921923,0.901981,0.923457,0.935728,1.329737,1.329737,1.329737,1.329737
57.250061,0.921923,0.901981,0.923457,0.935728,1.388334,1.388334,1.388334,1.388334
57.260059,1.081457,1.069185,1.087592,1.096796,1.441965,1.441965,1.441965,1.441965
57.270058,1.081457,1.069185,1.087592,1.096796,1.490496,1.490496,1.490496,1.490496
57.280060,1.225651,1.214913,1.234855,1.240991,1.533768,1.533768,1.533768,1.533768
57.290062,1.225651,1.214913,1.234855,1.240991,1.571610,1.571610,1.571610,1.571610
57.300060,1.352971,1.342233,1.359107,1.366777,1.603879,1.603879,1.603879,1.603879
57.310059,1.352971,1.342233,1.359107,1.366777,1.630465,1.630465,1.630465,1.630465
57.320057,1.460350,1.449612,1.461884,1.471088,1.651279,1.651279,1.651279,1.651279
57.330063,1.460350,1.449612,1.461884,1.471088,1.666246,1.666246,1.666246,1.666246
57.340061,1.543185,1.533981,1.544719,1.553923,1.675297,1.675297,1.675297,1.675297
57.350060,1.543185,1.533981,1.544719,1.553923,1.678407,1.678407,1.678407,1.678407
57.360058,1.604544,1.595340,1.607612,1.613748,1.675562,1.675562,1.675562,1.675562
57.370060,1.604544,1.595340,1.607612,1.613748,1.666768,1.666768,1.666768,1.666768
57.380062,1.645962,1.636758,1.645962,1.652098,1.652049,1.652049,1.652049,1.652049
57.390064,1.645962,1.636758,1.645962,1.652098,1.631460,1.631460,1.631460,1.631460
57.400063,1.662835,1.652098,1.659767,1.665903,1.605077,1.605077,1.605077,1.605077
57.410065,1.662835,1.652098,1.659767,1.665903,1.572984,1.572984,1.572984,1.572984
57.420067,1.662835,1.650564,1.658233,1.664369,1.535293,1.535293,1.535293,1.535293
57.430069,1.662835,1.650564,1.658233,1.664369,1.492141,1.492141,1.492141,1.492141
57.440063,1.650564,1.638292,1.649030,1.650564,1.443707,1.443707,1.443707,1.443707
57.450062,1.650564,1.638292,1.649030,1.650564,1.390105,1.390105,1.390105,1.390105
57.460064,1.595340,1.589204,1.598408,1.603010,1.331557,1.331557,1.331557,1.331557
57.470066,1.595340,1.589204,1.598408,1.603010,1.268249,1.268249,1.268249,1.268249
57.480064,1.517107,1.510971,1.518641,1.521709,1.200461,1.200461,1.200461,1.200461
57.490067,1.517107,1.510971,1.518641,1.521709,1.128349,1.128349,1.128349,1.128349
57.500061,1.420466,1.411263,1.418932,1.417398,1.052280,1.052280,1.052280,1.052280
57.510067,1.420466,1.411263,1.418932,1.417398,0.972395,0.972395,0.972395,0.972395
57.520065,1.302350,1.291612,1.299282,1.299282,0.889099,0.889099,0.889099,0.889099
57.530064,1.302350,1.291612,1.299282,1.299282,0.802639,0.802639,0.802639,0.802639
57.540070,1.167360,1.156622,1.162758,1.164292,0.713259,0.713259,0.713259,0.713259
57.550060,1.167360,1.156622,1.162758,1.164292,0.621455,0.621455,0.621455,0.621455
57.560062,1.012427,1.001690,1.007825,1.004758,0.527393,0.527393,0.527393,0.527393
57.570068,1.012427,1.001690,1.007825,1.004758,0.431396,0.431396,0.431396,0.431396
57.580063,0.834486,0.837554,0.840622,0.831418,0.333987,0.333987,0.333987,0.333987
57.590065,0.834486,0.837554,0.840622,0.831418,0.235335,0.235335,0.235335,0.235335
57.600063,0.658078,0.665748,0.668816,0.664214,0.135933,0.135933,0.135933,0.135933
57.610027,0.658078,0.665748,0.668816,0.664214,0.036405,0.036405,0.036405,0.036405
57.620033,0.483204,0.478602,0.492408,0.477068,-0.063647,-0.063647,-0.063647,-0.063647
57.630062,0.483204,0.478602,0.492408,0.477068,-0.163639,-0.163639,-0.163639,-0.163639
57.640060,0.292990,0.282252,0.296058,0.276117,-0.262674,-0.262674,-0.262674,-0.262674
57.650063,0.292990,0.282252,0.296058,0.276117,-0.360782,-0.360782,-0.360782,-0.360782
57.660061,0.090505,0.084369,0.088971,0.070563,-0.457479,-0.457479,-0.457479,-0.457479
57.670067,0.090505,0.084369,0.088971,0.070563,-0.552569,-0.552569,-0.552569,-0.552569
57.680065,-0.113515,-0.131922,-0.108913,-0.141126,-0.645526,-0.645526,-0.645526,-0.645526
57.690067,-0.113515,-0.131922,-0.108913,-0.141126,-0.736133,-0.736133,-0.736133,-0.736133
57.700062,-0.314466,-0.328272,-0.306796,-0.334408,-0.823968,-0.823968,-0.823968,-0.823968
57.710064,-0.314466,-0.328272,-0.306796,-0.334408,-0.908799,-0.908799,-0.908799,-0.908799
57.720066,-0.506214,-0.513884,-0.507748,-0.524621,-0.990287,-0.990287,-0.990287,-0.990287
57.730068,-0.506214,-0.513884,-0.507748,-0.524621,-1.068122,-1.068122,-1.068122,-1.068122
57.740067,-0.691825,-0.694893,-0.694893,-0.705631,-1.141996,-1.141996,-1.141996,-1.141996
57.750065,-0.691825,-0.694893,-0.694893,-0.705631,-1.211668,-1.211668,-1.211668,-1.211668
57.760067,-0.868233,-0.865165,-0.872835,-0.880505,-1.276882,-1.276882,-1.276882,-1.276882
57.770069,-0.868233,-0.865165,-0.872835,-0.880505,-1.337393,-1.337393,-1.337393,-1.337393
57.780064,-1.030835,-1.017029,-1.029301,-1.035437,-1.392950,-1.392950,-1.392950,-1.392950
57.790066,-1.030835,-1.017029,-1.029301,-1.035437,-1.443394,-1.443394,-1.443394,-1.443394
57.800056,-1.170428,-1.155088,-1.170428,-1.176563,-1.488465,-1.488465,-1.488465,-1.488465
57.810062,-1.170428,-1.155088,-1.170428,-1.176563,-1.528103,-1.528103,-1.528103,-1.528103
57.820061,-1.293146,-1.283942,-1.297748,-1.305418,-1.562077,-1.562077,-1.562077,-1.562077
57.830059,-1.293146,-1.283942,-1.297748,-1.305418,-1.590291,-1.590291,-1.590291,-1.590291
57.840057,-1.405127,-1.397457,-1.408195,-1.412796,-1.612633,-1.612633,-1.612633,-1.612633
57.850060,-1.405127,-1.397457,-1.408195,-1.412796,-1.629019,-1.629019,-1.629019,-1.629019
57.860058,-1.497165,-1.491030,-1.497165,-1.506369,-1.639377,-1.639377,-1.639377,-1.639377
57.870060,-1.497165,-1.491030,-1.497165,-1.506369,-1.643678,-1.643678,-1.643678,-1.643678
57.880058,-1.564661,-1.558525,-1.567729,-1.578466,-1.641897,-1.641897,-1.641897,-1.641897
57.890060,-1.564661,-1.558525,-1.567729,-1.578466,-1.634038,-1.634038,-1.634038,-1.634038
57.900059,-1.609146,-1.601476,-1.610680,-1.622952,-1.620137,-1.620137,-1.620137,-1.620137
57.910061,-1.609146,-1.601476,-1.610680,-1.622952,-1.600222,-1.600222,-1.600222,-1.600222
57.920059,-1.629088,-1.618350,-1.626020,-1.636758,-1.574397,-1.574397,-1.574397,-1.574397
57.930058,-1.629088,-1.618350,-1.626020,-1.636758,-1.542726,-1.542726,-1.542726,-1.542726
57.940060,-1.629088,-1.616816,-1.624486,-1.635224,-1.505332,-1.505332,-1.505332,-1.505332
57.950062,-1.629088,-1.616816,-1.624486,-1.635224,-1.462349,-1.462349,-1.462349,-1.462349
57.960060,-1.619884,-1.609146,-1.618350,-1.626020,-1.413958,-1.413958,-1.413958,-1.413958
57.970062,-1.619884,-1.609146,-1.618350,-1.626020,-1.360300,-1.360300,-1.360300,-1.360300
57.980061,-1.567729,-1.561593,-1.572330,-1.576932,-1.301600,-1.301600,-1.301600,-1.301600
57.990059,-1.567729,-1.561593,-1.572330,-1.576932,-1.238077,-1.238077,-1.238077,-1.238077
58.000061,-1.491030,-1.486428,-1.494097,-1.500233,-1.169941,-1.169941,-1.169941,-1.169941
58.010059,-1.491030,-1.486428,-1.494097,-1.500233,-1.097482,-1.097482,-1.097482,-1.097482
58.020061,-1.394389,-1.388253,-1.394389,-1.398991,-1.020937,-1.020937,-1.020937,-1.020937
58.030064,-1.394389,-1.388253,-1.394389,-1.398991,-0.940584,-0.940584,-0.940584,-0.940584
58.040058,-1.277806,-1.268602,-1.280874,-1.280874,-0.856784,-0.856784,-0.856784,-0.856784
58.050060,-1.277806,-1.268602,-1.280874,-1.280874,-0.769774,-0.769774,-0.769774,-0.769774
58.060059,-1.142816,-1.132078,-1.141282,-1.144350,-0.679907,-0.679907,-0.679907,-0.679907
58.070057,-1.142816,-1.132078,-1.141282,-1.144350,-0.587552,-0.587552,-0.587552,-0.587552
58.080074,-0.978680,-0.980214,-0.986350,-0.992486,-0.492838,-0.492838,-0.492838,-0.492838
58.090061,-0.978680,-0.980214,-0.986350,-0.992486,-0.396622,-0.396622,-0.396622,-0.396622
58.100060,-0.805340,-0.809942,-0.811476,-0.820680,-0.298801,-0.298801,-0.298801,-0.298801
58.110062,-0.805340,-0.809942,-0.811476,-0.820680,-0.199888,-0.199888,-0.199888,-0.199888
58.120056,-0.632000,-0.630466,-0.628932,-0.633534,-0.100302,-0.100302,-0.100302,-0.100302
58.130058,-0.632000,-0.630466,-0.628932,-0.633534,-0.000331,-0.000331,-0.000331,-0.000331
58.140057,-0.443321,-0.443321,-0.440253,-0.441787,0.099554,0.099554,0.099554,0.099554
58.150063,-0.443321,-0.443321,-0.440253,-0.441787,0.199107,0.199107,0.199107,0.199107
58.160057,-0.246971,-0.254641,-0.248505,-0.251573,0.297785,0.297785,0.297785,0.297785
58.170063,-0.246971,-0.254641,-0.248505,-0.251573,0.395363,0.395363,0.395363,0.395363
58.180058,-0.049087,-0.058291,-0.058291,-0.044485,0.491329,0.491329,0.491329,0.491329
58.190060,-0.049087,-0.058291,-0.058291,-0.044485,0.585461,0.585461,0.585461,0.585461
58.200062,0.145728,0.148796,0.138058,0.158000,0.677308,0.677308,0.677308,0.677308
58.210060,0.145728,0.148796,0.138058,0.158000,0.766530,0.766530,0.766530,0.766530
58.220058,0.339010,0.340544,0.339010,0.357418,0.852815,0.852815,0.852815,0.852815
58.230061,0.339010,0.340544,0.339010,0.357418,0.935859,0.935859,0.935859,0.935859
58.240059,0.530757,0.526155,0.532291,0.552233,1.015257,1.015257,1.015257,1.015257
58.250057,0.530757,0.526155,0.532291,0.552233,1.090771,1.090771,1.090771,1.090771
58.260059,0.711767,0.702563,0.717903,0.728641,1.162097,1.162097,1.162097,1.162097
58.270065,0.711767,0.702563,0.717903,0.728641,1.229013,1.229013,1.229013,1.229013
58.280056,0.886641,0.875903,0.886641,0.897379,1.291098,1.291098,1.291098,1.291098
58.290062,0.886641,0.875903,0.886641,0.897379,1.348318,1.348318,1.348318,1.348318
58.300060,1.047709,1.040039,1.050777,1.056913,1.400330,1.400330,1.400330,1.400330
58.310062,1.047709,1.040039,1.050777,1.056913,1.446967,1.446967,1.446967,1.446967
58.320057,1.191903,1.184233,1.199573,1.208777,1.488008,1.488008,1.488008,1.488008
58.330059,1.191903,1.184233,1.199573,1.208777,1.523366,1.523366,1.523366,1.523366
58.340038,1.313088,1.308486,1.319224,1.334563,1.552809,1.552809,1.552809,1.552809
58.350060,1.313088,1.308486,1.319224,1.334563,1.576377,1.576377,1.576377,1.576377
58.360058,1.414330,1.408195,1.420466,1.434272,1.593825,1.593825,1.593825,1.593825
58.370060,1.414330,1.408195,1.420466,1.434272,1.605144,1.605144,1.605144,1.605144
58.380058,1.497165,1.489496,1.498699,1.510971,1.610273,1.610273,1.610273,1.610273
58.390057,1.497165,1.489496,1.498699,1.510971,1.609201,1.609201,1.609201,1.609201
58.400059,1.555457,1.546253,1.555457,1.564661,1.601924,1.601924,1.601924,1.601924
58.410061,1.555457,1.546253,1.555457,1.564661,1.588471,1.588471,1.588471,1.588471
58.420055,1.584602,1.578466,1.586136,1.592272,1.568895,1.568895,1.568895,1.568895
58.430058,1.584602,1.578466,1.586136,1.592272,1.543264,1.543264,1.543264,1.543264
58.440056,1.590738,1.584602,1.590738,1.599942,1.511673,1.511673,1.511673,1.511673
58.450054,1.590738,1.584602,1.590738,1.599942,1.474243,1.474243,1.474243,1.474243
58.460052,1.590738,1.583068,1.589204,1.598408,1.431127,1.431127,1.431127,1.431127
58.470028,1.590738,1.583068,1.589204,1.598408,1.382609,1.382609,1.382609,1.382609
58.480064,1.566195,1.553923,1.564661,1.570796,1.328420,1.328420,1.328420,1.328420
58.490067,1.566195,1.553923,1.564661,1.570796,1.269273,1.269273,1.269273,1.269273
58.500065,1.501767,1.489496,1.501767,1.509437,1.205229,1.205229,1.205229,1.205229
58.510063,1.501767,1.489496,1.501767,1.509437,1.136515,1.136515,1.136515,1.136515
58.520065,1.409729,1.402059,1.409729,1.415864,1.063408,1.063408,1.063408,1.063408
58.530064,1.409729,1.402059,1.409729,1.415864,0.986211,0.986211,0.986211,0.986211
58.540062,1.300816,1.291612,1.297748,1.303884,0.905172,0.905172,0.905172,0.905172
58.550068,1.300816,1.291612,1.297748,1.303884,0.820617,0.820617,0.820617,0.820617
58.560036,1.173495,1.161224,1.168894,1.170428,0.733197,0.733197,0.733197,0.733197
58.570065,1.173495,1.161224,1.168894,1.170428,0.642383,0.642383,0.642383,0.642383
58.580067,1.018563,1.015495,1.021631,1.018563,0.549382,0.549382,0.549382,0.549382
58.590065,1.018563,1.015495,1.021631,1.018563,0.454261,0.454261,0.454261,0.454261
58.600056,0.852893,0.854427,0.859029,0.857495,0.357509,0.357509,0.357509,0.357509
58.610065,0.852893,0.854427,0.859029,0.857495,0.259187,0.259187,0.259187,0.259187
58.620052,0.681088,0.684156,0.690291,0.684156,0.160106,0.160106,0.160106,0.160106
58.630066,0.681088,0.684156,0.690291,0.684156,0.060189,0.060189,0.060189,0.060189
58.640060,0.507748,0.501612,0.515418,0.501612,-0.039724,-0.039724,-0.039724,-0.039724
58.650066,0.507748,0.501612,0.515418,0.501612,-0.139579,-0.139579,-0.139579,-0.139579
58.660061,0.316000,0.305262,0.319068,0.299126,-0.238722,-0.238722,-0.238722,-0.238722
58.670067,0.316000,0.305262,0.319068,0.299126,-0.337020,-0.337020,-0.337020,-0.337020
58.680061,0.113515,0.105845,0.116583,0.096641,-0.433820,-0.433820,-0.433820,-0.433820
58.690063,0.113515,0.105845,0.116583,0.096641,-0.528941,-0.528941,-0.528941,-0.528941
58.700054,-0.085903,-0.105845,-0.084369,-0.113515,-0.621836,-0.621836,-0.621836,-0.621836
58.710064,-0.085903,-0.105845,-0.084369,-0.113515,-0.712406,-0.712406,-0.712406,-0.712406
58.720055,-0.285320,-0.302194,-0.292990,-0.309864,-0.799945,-0.799945,-0.799945,-0.799945
58.730061,-0.285320,-0.302194,-0.292990,-0.309864,-0.884435,-0.884435,-0.884435,-0.884435
58.740055,-0.481670,-0.492408,-0.487806,-0.500078,-0.965286,-0.965286,-0.965286,-0.965286
58.750061,-0.481670,-0.492408,-0.487806,-0.500078,-1.042363,-1.042363,-1.042363,-1.042363
58.760059,-0.671884,-0.673418,-0.673418,-0.682622,-1.115206,-1.115206,-1.115206,-1.115206
58.770065,-0.671884,-0.673418,-0.673418,-0.682622,-1.183661,-1.183661,-1.183661,-1.183661
58.780060,-0.845224,-0.843690,-0.848292,-0.857495,-1.247301,-1.247301,-1.247301,-1.247301
58.790062,-0.845224,-0.843690,-0.848292,-0.857495,-1.306006,-1.306006,-1.306006,-1.306006
58.800064,-1.007825,-0.995554,-1.006292,-1.012427,-1.359472,-1.359472,-1.359472,-1.359472
58.810066,-1.007825,-0.995554,-1.006292,-1.012427,-1.407530,-1.407530,-1.407530,-1.407530
58.820061,-1.145884,-1.127476,-1.139748,-1.150486,-1.449897,-1.449897,-1.449897,-1.449897
58.830063,-1.145884,-1.127476,-1.139748,-1.150486,-1.486520,-1.486520,-1.486520,-1.486520
58.840061,-1.265534,-1.253263,-1.265534,-1.274738,-1.517159,-1.517159,-1.517159,-1.517159
58.850060,-1.265534,-1.253263,-1.265534,-1.274738,-1.541733,-1.541733,-1.541733,-1.541733
58.860062,-1.369845,-1.360641,-1.374447,-1.379049,-1.560145,-1.560145,-1.560145,-1.560145
58.870049,-1.369845,-1.360641,-1.374447,-1.379049,-1.572285,-1.572285,-1.572285,-1.572285
58.880058,-1.455748,-1.446544,-1.458816,-1.464952,-1.578147,-1.578147,-1.578147,-1.578147
58.890057,-1.455748,-1.446544,-1.458816,-1.464952,-1.577670,-1.577670,-1.577670,-1.577670
58.900059,-1.518641,-1.506369,-1.520175,-1.527845,-1.570862,-1.570862,-1.570862,-1.570862
58.910065,-1.518641,-1.506369,-1.520175,-1.527845,-1.557741,-1.557741,-1.557741,-1.557741
58.920055,-1.552389,-1.543185,-1.553923,-1.566195,-1.538391,-1.538391,-1.538391,-1.538391
58.930065,-1.552389,-1.543185,-1.553923,-1.566195,-1.512830,-1.512830,-1.512830,-1.512830
58.940063,-1.560059,-1.552389,-1.561593,-1.573864,-1.481209,-1.481209,-1.481209,-1.481209
58.950066,-1.560059,-1.552389,-1.561593,-1.573864,-1.443619,-1.443619,-1.443619,-1.443619
58.960052,-1.560059,-1.550855,-1.560059,-1.572330,-1.400289,-1.400289,-1.400289,-1.400289
58.970066,-1.560059,-1.550855,-1.560059,-1.572330,-1.351224,-1.351224,-1.351224,-1.351224
58.980057,-1.535515,-1.530913,-1.535515,-1.546253,-1.296822,-1.296822,-1.296822,-1.296822
58.990063,-1.535515,-1.530913,-1.535515,-1.546253,-1.237109,-1.237109,-1.237109,-1.237109
59.000057,-1.474156,-1.469554,-1.472622,-1.481826,-1.172503,-1.172503,-1.172503,-1.172503
59.010056,-1.474156,-1.469554,-1.472622,-1.481826,-1.103142,-1.103142,-1.103142,-1.103142
59.020054,-1.386719,-1.383651,-1.386719,-1.386719,-1.029360,-1.029360,-1.029360,-1.029360
59.030060,-1.386719,-1.383651,-1.386719,-1.386719,-0.951366,-0.951366,-0.951366,-0.951366
59.040058,-1.273204,-1.276272,-1.280874,-1.279340,-0.869605,-0.869605,-0.869605,-0.869605
59.050060,-1.273204,-1.276272,-1.280874,-1.279340,-0.784320,-0.784320,-0.784320,-0.784320
59.060059,-1.145884,-1.144350,-1.147418,-1.152020,-0.695910,-0.695910,-0.695910,-0.695910
59.070057,-1.145884,-1.144350,-1.147418,-1.152020,-0.604679,-0.604679,-0.604679,-0.604679
59.080059,-0.989418,-0.997088,-1.000156,-1.003224,-0.511017,-0.511017,-0.511017,-0.511017
59.090065,-0.989418,-0.997088,-1.000156,-1.003224,-0.415275,-0.415275,-0.415275,-0.415275
59.100063,-0.817612,-0.836020,-0.836020,-0.834486,-0.317948,-0.317948,-0.317948,-0.317948
59.110046,-0.817612,-0.836020,-0.836020,-0.834486,-0.219501,-0.219501,-0.219501,-0.219501
59.120056,-0.641204,-0.653476,-0.656544,-0.650408,-0.119950,-0.119950,-0.119950,-0.119950
59.130058,-0.641204,-0.653476,-0.656544,-0.650408,-0.020026,-0.020026,-0.020026,-0.020026
59.140057,-0.460194,-0.467864,-0.464796,-0.461728,0.079909,0.079909,0.079909,0.079909
59.150063,-0.460194,-0.467864,-0.464796,-0.461728,0.179570,0.179570,0.179570,0.179570
59.160061,-0.269981,-0.282252,-0.262311,-0.268447,0.278335,0.278335,0.278335,0.278335
59.170059,-0.269981,-0.282252,-0.262311,-0.268447,0.375967,0.375967,0.375967,0.375967
59.180061,-0.073631,-0.087437,-0.069029,-0.061359,0.472022,0.472022,0.472022,0.472022
59.190060,-0.073631,-0.087437,-0.069029,-0.061359,0.566107,0.566107,0.566107,0.566107
59.200062,0.124252,0.121184,0.128854,0.141126,0.657806,0.657806,0.657806,0.657806
59.210060,0.124252,0.121184,0.128854,0.141126,0.746786,0.746786,0.746786,0.746786
59.220058,0.322136,0.311398,0.329806,0.335942,0.832627,0.832627,0.832627,0.832627
59.230061,0.322136,0.311398,0.329806,0.335942,0.915011,0.915011,0.915011,0.915011
59.240059,0.515418,0.497010,0.520020,0.527689,0.993600,0.993600,0.993600,0.993600
59.250061,0.515418,0.497010,0.520020,0.527689,1.068077,1.068077,1.068077,1.068077
59.260059,0.694893,0.673418,0.696427,0.707165,1.138070,1.138070,1.138070,1.138070
59.270061,0.694893,0.673418,0.696427,0.707165,1.203389,1.203389,1.203389,1.203389
59.280048,0.863631,0.846758,0.863631,0.880505,1.263587,1.263587,1.263587,1.263587
59.290058,0.863631,0.846758,0.863631,0.880505,1.318678,1.318678,1.318678,1.318678
59.300056,1.024699,1.009359,1.026233,1.046175,1.368228,1.368228,1.368228,1.368228
59.310059,1.024699,1.009359,1.026233,1.046175,1.412090,1.412090,1.412090,1.412090
59.320057,1.165826,1.152020,1.171961,1.188835,1.450062,1.450062,1.450062,1.450062
59.330059,1.165826,1.152020,1.171961,1.188835,1.482024,1.482024,1.482024,1.482024
59.340061,1.283942,1.271670,1.291612,1.303884,1.507799,1.507799,1.507799,1.507799
59.350060,1.283942,1.271670,1.291612,1.303884,1.527289,1.527289,1.527289,1.527289
59.360058,1.382117,1.371379,1.386719,1.397457,1.540419,1.540419,1.540419,1.540419
59.370060,1.382117,1.371379,1.386719,1.397457,1.547127,1.547127,1.547127,1.547127
59.380058,1.455748,1.448078,1.457282,1.469554,1.547383,1.547383,1.547383,1.547383
59.390057,1.455748,1.448078,1.457282,1.469554,1.541187,1.541187,1.541187,1.541187
59.400055,1.504835,1.495631,1.506369,1.514039,1.528558,1.528558,1.528558,1.528558
59.410057,1.504835,1.495631,1.506369,1.514039,1.509542,1.509542,1.509542,1.509542
59.420059,1.529379,1.518641,1.530913,1.537049,1.484226,1.484226,1.484226,1.484226
59.430058,1.529379,1.518641,1.530913,1.537049,1.452710,1.452710,1.452710,1.452710
59.440056,1.530913,1.520175,1.530913,1.537049,1.415119,1.415119,1.415119,1.415119
59.450058,1.530913,1.520175,1.530913,1.537049,1.371608,1.371608,1.371608,1.371608
59.460060,1.526311,1.514039,1.524777,1.529379,1.322358,1.322358,1.322358,1.322358
59.470062,1.526311,1.514039,1.524777,1.529379,1.267573,1.267573,1.267573,1.267573
59.480061,1.478758,1.466486,1.477224,1.484894,1.207493,1.207493,1.207493,1.207493
59.490059,1.478758,1.466486,1.477224,1.484894,1.142360,1.142360,1.142360,1.142360
59.500057,1.397457,1.385185,1.397457,1.405127,1.072453,1.072453,1.072453,1.072453
59.510059,1.397457,1.385185,1.397457,1.405127,0.998027,0.998027,0.998027,0.998027
59.520058,1.297748,1.282408,1.296214,1.302350,0.919470,0.919470,0.919470,0.919470
59.530060,1.297748,1.282408,1.296214,1.302350,0.837019,0.837019,0.837019,0.837019
59.540058,1.176563,1.161224,1.179631,1.178097,0.751096,0.751096,0.751096,0.751096
59.550056,1.176563,1.161224,1.179631,1.178097,0.662030,0.662030,0.662030,0.662030
59.560055,1.035437,1.018563,1.040039,1.030835,0.570211,0.570211,0.570211,0.570211
59.570061,1.035437,1.018563,1.040039,1.030835,0.475970,0.475970,0.475970,0.475970
59.580059,0.878971,0.860563,0.882039,0.872835,0.379800,0.379800,0.379800,0.379800
59.590061,0.878971,0.860563,0.882039,0.872835,0.282014,0.282014,0.282014,0.282014
59.600060,0.699495,0.693359,0.713301,0.701029,0.183110,0.183110,0.183110,0.183110
59.610062,0.699495,0.693359,0.713301,0.701029,0.083419,0.083419,0.083419,0.083419
59.620056,0.518486,0.510816,0.526155,0.520020,-0.016512,-0.016512,-0.016512,-0.016512
59.630062,0.518486,0.510816,0.526155,0.520020,-0.116403,-0.116403,-0.116403,-0.116403
59.640060,0.334408,0.312932,0.329806,0.323670,-0.215716,-0.215716,-0.215716,-0.215716
59.650063,0.334408,0.312932,0.329806,0.323670,-0.314101,-0.314101,-0.314101,-0.314101
59.660057,0.138058,0.118117,0.127320,0.121184,-0.411061,-0.411061,-0.411061,-0.411061
59.670059,0.138058,0.118117,0.127320,0.121184,-0.506273,-0.506273,-0.506273,-0.506273
59.680058,-0.064427,-0.093573,-0.070563,-0.085903,-0.599262,-0.599262,-0.599262,-0.599262
59.690060,-0.064427,-0.093573,-0.070563,-0.085903,-0.689687,-0.689687,-0.689687,-0.689687
59.700062,-0.265379,-0.288388,-0.268447,-0.288388,-0.777094,-0.777094,-0.777094,-0.777094
59.710060,-0.265379,-0.288388,-0.268447,-0.288388,-0.861150,-0.861150,-0.861150,-0.861150
59.720058,-0.460194,-0.480136,-0.461728,-0.480136,-0.941460,-0.941460,-0.941460,-0.941460
59.730057,-0.460194,-0.480136,-0.461728,-0.480136,-1.017707,-1.017707,-1.017707,-1.017707
59.740059,-0.645806,-0.659612,-0.647340,-0.659612,-1.089591,-1.089591,-1.089591,-1.089591
59.750061,-0.645806,-0.659612,-0.647340,-0.659612,-1.156766,-1.156766,-1.156766,-1.156766
59.760059,-0.819146,-0.829884,-0.823748,-0.836020,-1.218916,-1.218916,-1.218916,-1.218916
59.770058,-0.819146,-0.829884,-0.823748,-0.836020,-1.275817,-1.275817,-1.275817,-1.275817
59.780060,-0.983282,-0.980214,-0.983282,-0.990952,-1.327202,-1.327202,-1.327202,-1.327202
59.790058,-0.983282,-0.980214,-0.983282,-0.990952,-1.372852,-1.372852,-1.372852,-1.372852
59.800056,-1.122874,-1.109068,-1.116738,-1.127476,-1.412557,-1.412557,-1.412557,-1.412557
59.810059,-1.122874,-1.109068,-1.116738,-1.127476,-1.446161,-1.446161,-1.446161,-1.446161
59.820057,-1.236389,-1.230253,-1.237923,-1.248661,-1.473505,-1.473505,-1.473505,-1.473505
59.830059,-1.236389,-1.230253,-1.237923,-1.248661,-1.494472,-1.494472,-1.494472,-1.494472
59.840057,-1.336097,-1.329962,-1.339165,-1.346835,-1.508963,-1.508963,-1.508963,-1.508963
59.850060,-1.336097,-1.329962,-1.339165,-1.346835,-1.516925,-1.516925,-1.516925,-1.516925
59.860058,-1.414330,-1.406661,-1.417398,-1.422000,-1.518309,-1.518309,-1.518309,-1.518309
59.870060,-1.414330,-1.406661,-1.417398,-1.422000,-1.513113,-1.513113,-1.513113,-1.513113
59.880058,-1.471088,-1.460350,-1.469554,-1.478758,-1.501351,-1.501351,-1.501351,-1.501351
59.890060,-1.471088,-1.460350,-1.469554,-1.478758,-1.483075,-1.483075,-1.483075,-1.483075
59.900059,-1.497165,-1.486428,-1.495631,-1.506369,-1.458366,-1.458366,-1.458366,-1.458366
59.910061,-1.497165,-1.486428,-1.495631,-1.506369,-1.427316,-1.427316,-1.427316,-1.427316
59.920063,-1.500233,-1.489496,-1.498699,-1.507903,-1.390072,-1.390072,-1.390072,-1.390072
59.930058,-1.500233,-1.489496,-1.498699,-1.507903,-1.346809,-1.346809,-1.346809,-1.346809
59.940060,-1.497165,-1.486428,-1.495631,-1.503301,-1.297675,-1.297675,-1.297675,-1.297675
59.950058,-1.497165,-1.486428,-1.495631,-1.503301,-1.242896,-1.242896,-1.242896,-1.242896
59.960056,-1.458816,-1.451146,-1.457282,-1.458816,-1.182726,-1.182726,-1.182726,-1.182726
59.970062,-1.458816,-1.451146,-1.457282,-1.458816,-1.117381,-1.117381,-1.117381,-1.117381
59.980061,-1.382117,-1.380583,-1.385185,-1.385185,-1.047207,-1.047207,-1.047207,-1.047207
59.990059,-1.382117,-1.380583,-1.385185,-1.385185,-0.972472,-0.972472,-0.972472,-0.972472
60.000061,-1.277806,-1.279340,-1.288544,-1.288544,-0.893479,-0.893479,-0.893479,-0.893479
60.010059,-1.277806,-1.279340,-1.288544,-1.288544,-0.810628,-0.810628,-0.810628,-0.810628
60.020058,-1.159690,-1.156622,-1.167360,-1.162758,-0.724282,-0.724282,-0.724282,-0.724282
60.030064,-1.159690,-1.156622,-1.167360,-1.162758,-0.634713,-0.634713,-0.634713,-0.634713
60.040062,-1.015495,-1.015495,-1.021631,-1.018563,-0.542453,-0.542453,-0.542453,-0.542453
60.050060,-1.015495,-1.015495,-1.021631,-1.018563,-0.447827,-0.447827,-0.447827,-0.447827
60.060062,-0.852893,-0.857495,-0.860563,-0.855961,-0.351239,-0.351239,-0.351239,-0.351239
60.070065,-0.852893,-0.857495,-0.860563,-0.855961,-0.253161,-0.253161,-0.253161,-0.253161
60.080063,-0.668816,-0.685690,-0.673418,-0.678020,-0.154028,-0.154028,-0.154028,-0.154028
60.090069,-0.668816,-0.685690,-0.673418,-0.678020,-0.054202,-0.054202,-0.054202,-0.054202
60.100067,-0.483204,-0.501612,-0.487806,-0.490874,0.045782,0.045782,0.045782,0.045782
60.110069,-0.483204,-0.501612,-0.487806,-0.490874,0.145515,0.145515,0.145515,0.145515
60.120068,-0.300660,-0.314466,-0.299126,-0.302194,0.244572,0.244572,0.244572,0.244572
60.130066,-0.300660,-0.314466,-0.299126,-0.302194,0.342474,0.342474,0.342474,0.342474
60.140068,-0.105845,-0.121184,-0.102777,-0.107379,0.438870,0.438870,0.438870,0.438870
60.150063,-0.105845,-0.121184,-0.102777,-0.107379,0.533247,0.533247,0.533247,0.533247
60.160065,0.093573,0.085903,0.098175,0.101243,0.625242,0.625242,0.625242,0.625242
60.170063,0.093573,0.085903,0.098175,0.101243,0.714418,0.714418,0.714418,0.714418
60.180061,0.291456,0.277651,0.297592,0.302194,0.800380,0.800380,0.800380,0.800380
60.190063,0.291456,0.277651,0.297592,0.302194,0.882764,0.882764,0.882764,0.882764
60.200066,0.483204,0.466330,0.487806,0.498544,0.961192,0.961192,0.961192,0.961192
60.210064,0.483204,0.466330,0.487806,0.498544,1.035287,1.035287,1.035287,1.035287
60.220066,0.664214,0.644272,0.665748,0.676486,1.104744,1.104744,1.104744,1.104744
60.230064,0.664214,0.644272,0.665748,0.676486,1.169236,1.169236,1.169236,1.169236
60.240063,0.836020,0.814544,0.834486,0.845224,1.228499,1.228499,1.228499,1.228499
60.250065,0.836020,0.814544,0.834486,0.845224,1.282246,1.282246,1.282246,1.282246
60.260063,0.994020,0.974078,0.994020,1.004758,1.330227,1.330227,1.330227,1.330227
60.270065,0.994020,0.974078,0.994020,1.004758,1.372248,1.372248,1.372248,1.372248
60.280064,1.133612,1.119806,1.136680,1.150486,1.408099,1.408099,1.408099,1.408099
60.290062,1.133612,1.119806,1.136680,1.150486,1.437621,1.437621,1.437621,1.437621
60.300068,1.248661,1.236389,1.253263,1.268602,1.460693,1.460693,1.460693,1.460693
60.310066,1.248661,1.236389,1.253263,1.268602,1.477186,1.477186,1.477186,1.477186
60.320065,1.342233,1.333030,1.346835,1.360641,1.487040,1.487040,1.487040,1.487040
60.330067,1.342233,1.333030,1.346835,1.360641,1.490202,1.490202,1.490202,1.490202
60.340065,1.412796,1.402059,1.415864,1.425068,1.486658,1.486658,1.486658,1.486658
60.350063,1.412796,1.402059,1.415864,1.425068,1.476422,1.476422,1.476422,1.476422
60.360062,1.455748,1.448078,1.455748,1.466486,1.459530,1.459530,1.459530,1.459530
60.370064,1.455748,1.448078,1.455748,1.466486,1.436057,1.436057,1.436057,1.436057
60.380062,1.471088,1.463418,1.469554,1.480292,1.406121,1.406121,1.406121,1.406121
60.390064,1.471088,1.463418,1.469554,1.480292,1.369838,1.369838,1.369838,1.369838
60.400066,1.471088,1.463418,1.468020,1.478758,1.327354,1.327354,1.327354,1.327354
60.410065,1.471088,1.463418,1.468020,1.478758,1.278916,1.278916,1.278916,1.278916
60.420063,1.455748,1.445010,1.454214,1.458816,1.224697,1.224697,1.224697,1.224697
60.430061,1.455748,1.445010,1.454214,1.458816,1.164959,1.164959,1.164959,1.164959
60.440060,1.398991,1.386719,1.398991,1.395923,1.099936,1.099936,1.099936,1.099936
60.450066,1.398991,1.386719,1.398991,1.395923,1.029925,1.029925,1.029925,1.029925
60.460060,1.308486,1.297748,1.311554,1.311554,0.955320,0.955320,0.955320,0.955320
60.470066,1.308486,1.297748,1.311554,1.311554,0.876336,0.876336,0.876336,0.876336
60.480064,1.196505,1.188835,1.201107,1.199573,0.793439,0.793439,0.793439,0.793439
60.490067,1.196505,1.188835,1.201107,1.199573,0.706931,0.706931,0.706931,0.706931
60.500065,1.066117,1.056913,1.070719,1.064583,0.617255,0.617255,0.617255,0.617255
60.510067,1.066117,1.056913,1.070719,1.064583,0.524796,0.524796,0.524796,0.524796
60.520065,0.918855,0.906583,0.920389,0.912719,0.429985,0.429985,0.429985,0.429985
60.530041,0.918855,0.906583,0.920389,0.912719,0.333475,0.333475,0.333475,0.333475
60.540058,0.754719,0.736311,0.748583,0.743981,0.235090,0.235090,0.235090,0.235090
60.550068,0.754719,0.736311,0.748583,0.743981,0.135736,0.135736,0.135736,0.135736
60.560062,0.576777,0.562971,0.573709,0.566039,0.035923,0.035923,0.035923,0.035923
60.570068,0.576777,0.562971,0.573709,0.566039,-0.064079,-0.064079,-0.064079,-0.064079
60.580063,0.383495,0.368155,0.381961,0.375825,-0.163658,-0.163658,-0.163658,-0.163658
60.590069,0.383495,0.368155,0.381961,0.375825,-0.262591,-0.262591,-0.262591,-0.262591
60.600063,0.187146,0.171806,0.181010,0.176408,-0.360140,-0.360140,-0.360140,-0.360140
60.610065,0.187146,0.171806,0.181010,0.176408,-0.456040,-0.456040,-0.456040,-0.456040
60.620060,-0.024544,-0.035282,-0.021476,-0.027612,-0.549777,-0.549777,-0.549777,-0.549777
60.630066,-0.024544,-0.035282,-0.021476,-0.027612,-0.641018,-0.641018,-0.641018,-0.641018
60.640060,-0.225495,-0.237767,-0.222427,-0.237767,-0.729182,-0.729182,-0.729182,-0.729182
60.650066,-0.225495,-0.237767,-0.222427,-0.237767,-0.814023,-0.814023,-0.814023,-0.814023
60.660061,-0.415709,-0.427981,-0.415709,-0.434117,-0.895015,-0.895015,-0.895015,-0.895015
60.670063,-0.415709,-0.427981,-0.415709,-0.434117,-0.971883,-0.971883,-0.971883,-0.971883
60.680061,-0.595185,-0.613592,-0.598253,-0.616660,-1.044176,-1.044176,-1.044176,-1.044176
60.690063,-0.595185,-0.613592,-0.598253,-0.616660,-1.111664,-1.111664,-1.111664,-1.111664
60.700062,-0.771592,-0.785398,-0.776194,-0.788466,-1.173935,-1.173935,-1.173935,-1.173935
60.710064,-0.771592,-0.785398,-0.776194,-0.788466,-1.230767,-1.230767,-1.230767,-1.230767
60.720066,-0.937262,-0.935728,-0.940330,-0.944932,-1.281864,-1.281864,-1.281864,-1.281864
60.730064,-0.937262,-0.935728,-0.940330,-0.944932,-1.326970,-1.326970,-1.326970,-1.326970
60.740044,-1.078389,-1.066117,-1.075321,-1.081457,-1.365826,-1.365826,-1.365826,-1.365826
60.750076,-1.078389,-1.066117,-1.075321,-1.081457,-1.398503,-1.398503,-1.398503,-1.398503
60.760025,-1.193437,-1.185767,-1.193437,-1.202641,-1.424424,-1.424424,-1.424424,-1.424424
60.770065,-1.193437,-1.185767,-1.193437,-1.202641,-1.443908,-1.443908,-1.443908,-1.443908
60.780067,-1.291612,-1.287010,-1.293146,-1.302350,-1.456569,-1.456569,-1.456569,-1.456569
60.790066,-1.291612,-1.287010,-1.293146,-1.302350,-1.462428,-1.462428,-1.462428,-1.462428
60.800064,-1.368311,-1.362175,-1.369845,-1.375981,-1.461457,-1.461457,-1.461457,-1.461457
60.810066,-1.368311,-1.362175,-1.369845,-1.375981,-1.453656,-1.453656,-1.453656,-1.453656
60.820065,-1.418932,-1.409729,-1.417398,-1.425068,-1.439069,-1.439069,-1.439069,-1.439069
60.830059,-1.418932,-1.409729,-1.417398,-1.425068,-1.417759,-1.417759,-1.417759,-1.417759
60.840057,-1.443476,-1.429670,-1.435806,-1.449612,-1.389816,-1.389816,-1.389816,-1.389816
60.850063,-1.443476,-1.429670,-1.435806,-1.449612,-1.355343,-1.355343,-1.355343,-1.355343
60.860054,-1.443476,-1.429670,-1.435806,-1.451146,-1.314574,-1.314574,-1.314574,-1.314574
60.870068,-1.443476,-1.429670,-1.435806,-1.451146,-1.267565,-1.267565,-1.267565,-1.267565
60.880062,-1.437340,-1.423534,-1.434272,-1.441942,-1.214697,-1.214697,-1.214697,-1.214697
60.890064,-1.437340,-1.423534,-1.434272,-1.441942,-1.156109,-1.156109,-1.156109,-1.156109
60.900066,-1.386719,-1.382117,-1.394389,-1.394389,-1.092095,-1.092095,-1.092095,-1.092095
60.910069,-1.386719,-1.382117,-1.394389,-1.394389,-1.022949,-1.022949,-1.022949,-1.022949
60.920067,-1.299282,-1.300816,-1.314622,-1.311554,-0.949060,-0.949060,-0.949060,-0.949060
60.930065,-1.299282,-1.300816,-1.314622,-1.311554,-0.870696,-0.870696,-0.870696,-0.870696
60.940063,-1.193437,-1.187301,-1.204175,-1.199573,-0.788274,-0.788274,-0.788274,-0.788274
60.950047,-1.193437,-1.187301,-1.204175,-1.199573,-0.702279,-0.702279,-0.702279,-0.702279
60.960056,-1.066117,-1.056913,-1.069185,-1.067651,-0.612794,-0.612794,-0.612794,-0.612794
60.970062,-1.066117,-1.056913,-1.069185,-1.067651,-0.520461,-0.520461,-0.520461,-0.520461
60.980057,-0.912719,-0.908117,-0.911185,-0.915787,-0.425807,-0.425807,-0.425807,-0.425807
60.990063,-0.912719,-0.908117,-0.911185,-0.915787,-0.329057,-0.329057,-0.329057,-0.329057
61.000042,-0.742447,-0.740913,-0.743981,-0.747049,-0.231032,-0.231032,-0.231032,-0.231032
61.010059,-0.742447,-0.740913,-0.743981,-0.747049,-0.131595,-0.131595,-0.131595,-0.131595
61.020061,-0.562971,-0.567573,-0.559903,-0.566039,-0.031737,-0.031737,-0.031737,-0.031737
61.030060,-0.562971,-0.567573,-0.559903,-0.566039,0.068235,0.068235,0.068235,0.068235
61.040058,-0.375825,-0.388097,-0.368155,-0.377359,0.167817,0.167817,0.167817,0.167817
61.050060,-0.375825,-0.388097,-0.368155,-0.377359,0.266581,0.266581,0.266581,0.266581
61.060059,-0.181010,-0.199418,-0.174874,-0.182544,0.364026,0.364026,0.364026,0.364026
61.070061,-0.181010,-0.199418,-0.174874,-0.182544,0.459706,0.459706,0.459706,0.459706
61.080059,0.015340,0.009204,0.021476,0.030680,0.553146,0.553146,0.553146,0.553146
61.090061,0.015340,0.009204,0.021476,0.030680,0.643923,0.643923,0.643923,0.643923
61.100060,0.217825,0.207087,0.217825,0.228563,0.731565,0.731565,0.731565,0.731565
61.110062,0.217825,0.207087,0.217825,0.228563,0.815673,0.815673,0.815673,0.815673
61.120056,0.418777,0.392699,0.412641,0.421845,0.895821,0.895821,0.895821,0.895821
61.130058,0.418777,0.392699,0.412641,0.421845,0.971672,0.971672,0.971672,0.971672
61.140057,0.601321,0.573709,0.596719,0.605923,1.042813,1.042813,1.042813,1.042813
61.150021,0.601321,0.573709,0.596719,0.605923,1.108702,1.108702,1.108702,1.108702
61.160061,0.773126,0.745515,0.768524,0.777728,1.169725,1.169725,1.169725,1.169725
61.170063,0.773126,0.745515,0.768524,0.777728,1.224843,1.224843,1.224843,1.224843
61.180061,0.928059,0.909651,0.929592,0.937262,1.274031,1.274031,1.274031,1.274031
61.190063,0.928059,0.909651,0.929592,0.937262,1.317086,1.317086,1.317086,1.317086
61.200058,1.067651,1.056913,1.073787,1.082991,1.353746,1.353746,1.353746,1.353746
61.210056,1.067651,1.056913,1.073787,1.082991,1.383876,1.383876,1.383876,1.383876
61.220058,1.188835,1.179631,1.196505,1.210311,1.407313,1.407313,1.407313,1.407313
61.230057,1.188835,1.179631,1.196505,1.210311,1.423946,1.423946,1.423946,1.423946
61.240055,1.288544,1.276272,1.291612,1.305418,1.433680,1.433680,1.433680,1.433680
61.250057,1.288544,1.276272,1.291612,1.305418,1.436478,1.436478,1.436478,1.436478
61.260056,1.360641,1.346835,1.360641,1.374447,1.432317,1.432317,1.432317,1.432317
61.270042,1.360641,1.346835,1.360641,1.374447,1.421232,1.421232,1.421232,1.421232
61.280060,1.403593,1.392855,1.405127,1.414330,1.403210,1.403210,1.403210,1.403210
61.290066,1.403593,1.392855,1.405127,1.414330,1.378395,1.378395,1.378395,1.378395
61.300064,1.417398,1.408195,1.418932,1.426602,1.346907,1.346907,1.346907,1.346907
61.310066,1.417398,1.408195,1.418932,1.426602,1.308874,1.308874,1.308874,1.308874
61.320068,1.417398,1.408195,1.417398,1.425068,1.264482,1.264482,1.264482,1.264482
61.330036,1.417398,1.408195,1.417398,1.425068,1.214124,1.214124,1.214124,1.214124
61.340061,1.398991,1.388253,1.400525,1.403593,1.157575,1.157575,1.157575,1.157575
61.350071,1.398991,1.388253,1.400525,1.403593,1.095483,1.095483,1.095483,1.095483
61.360062,1.337631,1.325360,1.340699,1.342233,1.028171,1.028171,1.028171,1.028171
61.370068,1.337631,1.325360,1.340699,1.342233,0.955761,0.955761,0.955761,0.955761
61.380020,1.244059,1.234855,1.247127,1.248661,0.879118,0.879118,0.879118,0.879118
61.390064,1.244059,1.234855,1.247127,1.248661,0.797494,0.797494,0.797494,0.797494
61.400063,1.129010,1.119806,1.130544,1.129010,0.712343,0.712343,0.712343,0.712343
61.410065,1.129010,1.119806,1.130544,1.129010,0.623729,0.623729,0.623729,0.623729
61.420067,0.994020,0.983282,0.987884,0.989418,0.532075,0.532075,0.532075,0.532075
61.430065,0.994020,0.983282,0.987884,0.989418,0.437880,0.437880,0.437880,0.437880
61.440067,0.840622,0.831418,0.836020,0.836020,0.341540,0.341540,0.341540,0.341540
61.450066,0.840622,0.831418,0.836020,0.836020,0.243585,0.243585,0.243585,0.243585
61.460064,0.670350,0.667282,0.668816,0.667282,0.144495,0.144495,0.144495,0.144495
61.470066,0.670350,0.667282,0.668816,0.667282,0.044652,0.044652,0.044652,0.044652
61.480064,0.489340,0.481670,0.487806,0.483204,-0.055316,-0.055316,-0.055316,-0.055316
61.490070,0.489340,0.481670,0.487806,0.483204,-0.155024,-0.155024,-0.155024,-0.155024
61.500065,0.299126,0.286854,0.292990,0.282252,-0.253822,-0.253822,-0.253822,-0.253822
61.510067,0.299126,0.286854,0.292990,0.282252,-0.351398,-0.351398,-0.351398,-0.351398
61.520065,0.101243,0.093573,0.092039,0.076699,-0.447184,-0.447184,-0.447184,-0.447184
61.530056,0.101243,0.093573,0.092039,0.076699,-0.540649,-0.540649,-0.540649,-0.540649
61.540058,-0.101243,-0.121184,-0.108913,-0.131922,-0.631488,-0.631488,-0.631488,-0.631488
61.550060,-0.101243,-0.121184,-0.108913,-0.131922,-0.719157,-0.719157,-0.719157,-0.719157
61.560059,-0.300660,-0.319068,-0.306796,-0.325204,-0.803202,-0.803202,-0.803202,-0.803202
61.570065,-0.300660,-0.319068,-0.306796,-0.325204,-0.883271,-0.883271,-0.883271,-0.883271
61.580067,-0.492408,-0.504680,-0.501612,-0.515418,-0.958897,-0.958897,-0.958897,-0.958897
61.590065,-0.492408,-0.504680,-0.501612,-0.515418,-1.029709,-1.029709,-1.029709,-1.029709
61.600060,-0.674952,-0.679554,-0.685690,-0.693359,-1.095330,-1.095330,-1.095330,-1.095330
61.610062,-0.674952,-0.679554,-0.685690,-0.693359,-1.155530,-1.155530,-1.155530,-1.155530
61.620056,-0.843690,-0.842156,-0.849826,-0.859029,-1.209888,-1.209888,-1.209888,-1.209888
61.630062,-0.843690,-0.842156,-0.849826,-0.859029,-1.258250,-1.258250,-1.258250,-1.258250
61.640060,-1.006292,-0.983282,-0.994020,-1.003224,-1.300283,-1.300283,-1.300283,-1.300283
61.650059,-1.006292,-0.983282,-0.994020,-1.003224,-1.335804,-1.335804,-1.335804,-1.335804
61.660057,-1.129010,-1.106000,-1.116738,-1.127476,-1.364637,-1.364637,-1.364637,-1.364637
61.670059,-1.129010,-1.106000,-1.116738,-1.127476,-1.386637,-1.386637,-1.386637,-1.386637
61.680058,-1.222583,-1.210311,-1.222583,-1.231787,-1.401670,-1.401670,-1.401670,-1.401670
61.690060,-1.222583,-1.210311,-1.222583,-1.231787,-1.409677,-1.409677,-1.409677,-1.409677
61.700058,-1.302350,-1.297748,-1.306952,-1.313088,-1.410610,-1.410610,-1.410610,-1.410610
61.710056,-1.302350,-1.297748,-1.306952,-1.313088,-1.404461,-1.404461,-1.404461,-1.404461
61.720058,-1.362175,-1.351437,-1.362175,-1.366777,-1.391253,-1.391253,-1.391253,-1.391253
61.730057,-1.362175,-1.351437,-1.362175,-1.366777,-1.371061,-1.371061,-1.371061,-1.371061
61.740055,-1.388253,-1.379049,-1.386719,-1.391321,-1.343981,-1.343981,-1.343981,-1.343981
61.750057,-1.388253,-1.379049,-1.386719,-1.391321,-1.310128,-1.310128,-1.310128,-1.310128
61.760059,-1.389787,-1.380583,-1.388253,-1.394389,-1.269689,-1.269689,-1.269689,-1.269689
61.770065,-1.389787,-1.380583,-1.388253,-1.394389,-1.222843,-1.222843,-1.222843,-1.222843
61.780060,-1.386719,-1.375981,-1.385185,-1.391321,-1.169889,-1.169889,-1.169889,-1.169889
61.790058,-1.386719,-1.375981,-1.385185,-1.391321,-1.111023,-1.111023,-1.111023,-1.111023
61.800056,-1.340699,-1.339165,-1.349903,-1.349903,-1.046576,-1.046576,-1.046576,-1.046576
61.810059,-1.340699,-1.339165,-1.349903,-1.349903,-0.976817,-0.976817,-0.976817,-0.976817
61.820061,-1.257864,-1.254797,-1.270136,-1.270136,-0.902171,-0.902171,-0.902171,-0.902171
61.830059,-1.257864,-1.254797,-1.270136,-1.270136,-0.822965,-0.822965,-0.822965,-0.822965
61.840057,-1.152020,-1.141282,-1.156622,-1.155088,-0.739645,-0.739645,-0.739645,-0.739645
61.850060,-1.152020,-1.141282,-1.156622,-1.155088,-0.652585,-0.652585,-0.652585,-0.652585
61.860058,-1.020097,-1.012427,-1.024699,-1.023165,-0.562258,-0.562258,-0.562258,-0.562258
61.870064,-1.020097,-1.012427,-1.024699,-1.023165,-0.469042,-0.469042,-0.469042,-0.469042
61.880058,-0.866699,-0.862097,-0.865165,-0.869767,-0.373581,-0.373581,-0.373581,-0.373581
61.890060,-0.866699,-0.862097,-0.865165,-0.869767,-0.276168,-0.276168,-0.276168,-0.276168
61.900059,-0.696427,-0.694893,-0.694893,-0.696427,-0.177426,-0.177426,-0.177426,-0.177426
61.910057,-0.696427,-0.694893,-0.694893,-0.696427,-0.077833,-0.077833,-0.077833,-0.077833
61.920055,-0.512350,-0.512350,-0.509282,-0.512350,0.022124,0.022124,0.022124,0.022124
61.930042,-0.512350,-0.512350,-0.509282,-0.512350,0.121792,0.121792,0.121792,0.121792
61.940060,-0.320602,-0.326738,-0.319068,-0.323670,0.221137,0.221137,0.221137,0.221137
61.950062,-0.320602,-0.326738,-0.319068,-0.323670,0.319111,0.319111,0.319111,0.319111
61.960056,-0.125786,-0.134990,-0.122718,-0.128854,0.415394,0.415394,0.415394,0.415394
61.970058,-0.125786,-0.134990,-0.122718,-0.128854,0.509555,0.509555,0.509555,0.509555
61.980057,0.069029,0.073631,0.073631,0.079767,0.601024,0.601024,0.601024,0.601024
61.990063,0.069029,0.073631,0.073631,0.079767,0.689449,0.689449,0.689449,0.689449
62.000057,0.265379,0.266913,0.274583,0.280719,0.774184,0.774184,0.774184,0.774184
62.010059,0.265379,0.266913,0.274583,0.280719,0.854979,0.854979,0.854979,0.854979
62.020058,0.455592,0.449456,0.467864,0.472466,0.931302,0.931302,0.931302,0.931302
62.030060,0.455592,0.449456,0.467864,0.472466,1.002823,1.002823,1.002823,1.002823
62.040058,0.642738,0.627398,0.645806,0.651942,1.069139,1.069139,1.069139,1.069139
62.050056,0.642738,0.627398,0.645806,0.651942,1.129915,1.129915,1.129915,1.129915
62.060059,0.808408,0.797670,0.809942,0.817612,1.184834,1.184834,1.184834,1.184834
62.070061,0.808408,0.797670,0.809942,0.817612,1.233620,1.233620,1.233620,1.233620
62.080063,0.958738,0.952602,0.963340,0.972544,1.276004,1.276004,1.276004,1.276004
62.090061,0.958738,0.952602,0.963340,0.972544,1.311756,1.311756,1.311756,1.311756
62.100060,1.092194,1.087592,1.098330,1.106000,1.340702,1.340702,1.340702,1.340702
62.110062,1.092194,1.087592,1.098330,1.106000,1.362694,1.362694,1.362694,1.362694
62.120060,1.202641,1.196505,1.208777,1.216447,1.377603,1.377603,1.377603,1.377603
62.130062,1.202641,1.196505,1.208777,1.216447,1.385355,1.385355,1.385355,1.385355
62.140057,1.290078,1.277806,1.290078,1.297748,1.385908,1.385908,1.385908,1.385908
62.150059,1.290078,1.277806,1.290078,1.297748,1.379252,1.379252,1.379252,1.379252
62.160057,1.343767,1.333030,1.342233,1.352971,1.365428,1.365428,1.365428,1.365428
62.170063,1.343767,1.333030,1.342233,1.352971,1.344483,1.344483,1.344483,1.344483
62.180061,1.368311,1.357573,1.368311,1.377515,1.316551,1.316551,1.316551,1.316551
62.190063,1.368311,1.357573,1.368311,1.377515,1.281742,1.281742,1.281742,1.281742
62.200058,1.368311,1.357573,1.368311,1.377515,1.240291,1.240291,1.240291,1.240291
62.210060,1.368311,1.357573,1.368311,1.377515,1.192353,1.192353,1.192353,1.192353
62.220058,1.362175,1.346835,1.362175,1.363709,1.138215,1.138215,1.138215,1.138215
62.230061,1.362175,1.346835,1.362175,1.363709,1.078125,1.078125,1.078125,1.078125
62.240059,1.310020,1.296214,1.310020,1.310020,1.012425,1.012425,1.012425,1.012425
62.250061,1.310020,1.296214,1.310020,1.310020,0.941416,0.941416,0.941416,0.941416
62.260059,1.221049,1.208777,1.225651,1.221049,0.865553,0.865553,0.865553,0.865553
62.270058,1.221049,1.208777,1.225651,1.221049,0.785150,0.785150,0.785150,0.785150
62.280056,1.110602,1.096796,1.113670,1.109068,0.700647,0.700647,0.700647,0.700647
62.290062,1.110602,1.096796,1.113670,1.109068,0.612455,0.612455,0.612455,0.612455
62.300060,0.980214,0.960272,0.980214,0.974078,0.521141,0.521141,0.521141,0.521141
62.310020,0.980214,0.960272,0.980214,0.974078,0.427462,0.427462,0.427462,0.427462
62.320065,0.828350,0.809942,0.822214,0.820680,0.330795,0.330795,0.330795,0.330795
62.330067,0.828350,0.809942,0.822214,0.820680,0.232793,0.232793,0.232793,0.232793
62.340061,0.658078,0.644272,0.658078,0.653476,0.133672,0.133672,0.133672,0.133672
62.350067,0.658078,0.644272,0.658078,0.653476,0.033815,0.033815,0.033815,0.033815
62.360062,0.477068,0.461728,0.478602,0.470932,-0.066124,-0.066124,-0.066124,-0.066124
62.370064,0.477068,0.461728,0.478602,0.470932,-0.165708,-0.165708,-0.165708,-0.165708
62.380032,0.285320,0.266913,0.277651,0.268447,-0.264034,-0.264034,-0.264034,-0.264034
62.390064,0.285320,0.266913,0.277651,0.268447,-0.361589,-0.361589,-0.361589,-0.361589
62.400055,0.085903,0.069029,0.075165,0.067495,-0.456756,-0.456756,-0.456756,-0.456756
62.410069,0.085903,0.069029,0.075165,0.067495,-0.549662,-0.549662,-0.549662,-0.549662
62.420059,-0.116583,-0.142660,-0.124252,-0.141126,-0.639423,-0.639423,-0.639423,-0.639423
62.430065,-0.116583,-0.142660,-0.124252,-0.141126,-0.725894,-0.725894,-0.725894,-0.725894
62.440060,-0.317534,-0.335942,-0.319068,-0.337476,-0.808347,-0.808347,-0.808347,-0.808347
62.450062,-0.317534,-0.335942,-0.319068,-0.337476,-0.886549,-0.886549,-0.886549,-0.886549
62.460064,-0.504680,-0.523088,-0.506214,-0.527689,-0.959956,-0.959956,-0.959956,-0.959956
62.470066,-0.504680,-0.523088,-0.506214,-0.527689,-1.028231,-1.028231,-1.028231,-1.028231
62.480064,-0.682622,-0.697961,-0.687223,-0.701029,-1.090961,-1.090961,-1.090961,-1.090961
62.490067,-0.682622,-0.697961,-0.687223,-0.701029,-1.147870,-1.147870,-1.147870,-1.147870
62.500065,-0.849826,-0.855961,-0.851359,-0.860563,-1.198586,-1.198586,-1.198586,-1.198586
62.510067,-0.849826,-0.855961,-0.851359,-0.860563,-1.242895,-1.242895,-1.242895,-1.242895
62.520065,-0.998622,-0.992486,-0.995554,-1.003224,-1.280504,-1.280504,-1.280504,-1.280504
62.530064,-0.998622,-0.992486,-0.995554,-1.003224,-1.311250,-1.311250,-1.311250,-1.311250
62.540066,-1.115204,-1.106000,-1.112136,-1.121340,-1.334948,-1.334948,-1.334948,-1.334948
62.550068,-1.115204,-1.106000,-1.112136,-1.121340,-1.351467,-1.351467,-1.351467,-1.351467
62.560059,-1.208777,-1.202641,-1.208777,-1.217981,-1.360714,-1.360714,-1.360714,-1.360714
62.570057,-1.208777,-1.202641,-1.208777,-1.217981,-1.362651,-1.362651,-1.362651,-1.362651
62.580059,-1.280874,-1.274738,-1.282408,-1.290078,-1.357255,-1.357255,-1.357255,-1.357255
62.590065,-1.280874,-1.274738,-1.282408,-1.290078,-1.344541,-1.344541,-1.344541,-1.344541
62.600067,-1.329962,-1.317690,-1.328428,-1.333030,-1.324587,-1.324587,-1.324587,-1.324587
62.610062,-1.329962,-1.317690,-1.328428,-1.333030,-1.297505,-1.297505,-1.297505,-1.297505
62.620060,-1.346835,-1.331496,-1.342233,-1.346835,-1.263442,-1.263442,-1.263442,-1.263442
62.630043,-1.346835,-1.331496,-1.342233,-1.346835,-1.222627,-1.222627,-1.222627,-1.222627
62.640057,-1.345301,-1.331496,-1.340699,-1.345301,-1.175071,-1.175071,-1.175071,-1.175071
62.650066,-1.345301,-1.331496,-1.340699,-1.345301,-1.121192,-1.121192,-1.121192,-1.121192
62.660061,-1.320758,-1.313088,-1.323826,-1.328428,-1.061349,-1.061349,-1.061349,-1.061349
62.670063,-1.320758,-1.313088,-1.323826,-1.328428,-0.995731,-0.995731,-0.995731,-0.995731
62.680058,-1.253263,-1.251729,-1.264000,-1.267068,-0.924792,-0.924792,-0.924792,-0.924792
62.690063,-1.253263,-1.251729,-1.264000,-1.267068,-0.848766,-0.848766,-0.848766,-0.848766
62.700062,-1.156622,-1.153554,-1.165826,-1.165826,-0.768243,-0.768243,-0.768243,-0.768243
62.710068,-1.156622,-1.153554,-1.165826,-1.165826,-0.683495,-0.683495,-0.683495,-0.683495
62.720066,-1.036971,-1.032369,-1.041573,-1.041573,-0.595125,-0.595125,-0.595125,-0.595125
62.730064,-1.036971,-1.032369,-1.041573,-1.041573,-0.503531,-0.503531,-0.503531,-0.503531
62.740070,-0.891243,-0.897379,-0.895845,-0.897379,-0.409192,-0.409192,-0.409192,-0.409192
62.750065,-0.891243,-0.897379,-0.895845,-0.897379,-0.312755,-0.312755,-0.312755,-0.312755
62.760063,-0.725573,-0.733243,-0.722505,-0.727107,-0.214588,-0.214588,-0.214588,-0.214588
62.770065,-0.725573,-0.733243,-0.722505,-0.727107,-0.115277,-0.115277,-0.115277,-0.115277
62.780064,-0.547631,-0.553767,-0.541495,-0.546097,-0.015397,-0.015397,-0.015397,-0.015397
62.790066,-0.547631,-0.553767,-0.541495,-0.546097,0.084545,0.084545,0.084545,0.084545
62.800064,-0.360486,-0.372757,-0.354350,-0.355884,0.183964,0.183964,0.183964,0.183964
62.810066,-0.360486,-0.372757,-0.354350,-0.355884,0.282343,0.282343,0.282343,0.282343
62.820065,-0.165670,-0.181010,-0.161068,-0.164136,0.379128,0.379128,0.379128,0.379128
62.830067,-0.165670,-0.181010,-0.161068,-0.164136,0.473809,0.473809,0.473809,0.473809
62.840061,0.032214,0.029146,0.038350,0.042951,0.565787,0.565787,0.565787,0.565787
62.850067,0.032214,0.029146,0.038350,0.042951,0.654727,0.654727,0.654727,0.654727
62.860062,0.230097,0.222427,0.237767,0.242369,0.739925,0.739925,0.739925,0.739925
62.870068,0.230097,0.222427,0.237767,0.242369,0.821101,0.821101,0.821101,0.821101
62.880016,0.420311,0.408039,0.431049,0.437185,0.897317,0.897317,0.897317,0.897317
62.890068,0.420311,0.408039,0.431049,0.437185,0.969284,0.969284,0.969284,0.969284
62.900066,0.602855,0.584447,0.612058,0.619728,1.035479,1.035479,1.035479,1.035479
62.910065,0.602855,0.584447,0.612058,0.619728,1.095956,1.095956,1.095956,1.095956
62.920059,0.773126,0.754719,0.776194,0.785398,1.150308,1.150308,1.150308,1.150308
62.930061,0.773126,0.754719,0.776194,0.785398,1.198306,1.198306,1.198306,1.198306
62.940060,0.926525,0.911185,0.928059,0.938796,1.239655,1.239655,1.239655,1.239655
62.950062,0.926525,0.911185,0.928059,0.938796,1.274116,1.274116,1.274116,1.274116
62.960060,1.058447,1.046175,1.064583,1.072253,1.301478,1.301478,1.301478,1.301478
62.970058,1.058447,1.046175,1.064583,1.072253,1.321621,1.321621,1.321621,1.321621
62.980061,1.167360,1.156622,1.171961,1.179631,1.334409,1.334409,1.334409,1.334409
62.990067,1.167360,1.156622,1.171961,1.179631,1.339774,1.339774,1.339774,1.339774
63.000065,1.248661,1.237923,1.251729,1.259398,1.337677,1.337677,1.337677,1.337677
63.010067,1.248661,1.237923,1.251729,1.259398,1.328130,1.328130,1.328130,1.328130
63.020058,1.299282,1.290078,1.302350,1.310020,1.311198,1.311198,1.311198,1.311198
63.030064,1.299282,1.290078,1.302350,1.310020,1.286936,1.286936,1.286936,1.286936
63.040054,1.320758,1.311554,1.320758,1.331496,1.255547,1.255547,1.255547,1.255547
63.050060,1.320758,1.311554,1.320758,1.331496,1.217094,1.217094,1.217094,1.217094
63.060059,1.320758,1.311554,1.320758,1.329962,1.171888,1.171888,1.171888,1.171888
63.070061,1.320758,1.311554,1.320758,1.329962,1.120117,1.120117,1.120117,1.120117
63.080059,1.306952,1.293146,1.303884,1.310020,1.062135,1.062135,1.062135,1.062135
63.090061,1.306952,1.293146,1.303884,1.310020,0.998185,0.998185,0.998185,0.998185
63.100063,1.245593,1.234855,1.244059,1.248661,0.928660,0.928660,0.928660,0.928660
63.110062,1.245593,1.234855,1.244059,1.248661,0.853962,0.853962,0.853962,0.853962
63.120056,1.152020,1.141282,1.150486,1.152020,0.774530,0.774530,0.774530,0.774530
63.130058,1.152020,1.141282,1.150486,1.152020,0.690724,0.690724,0.690724,0.690724
63.140057,1.032369,1.021631,1.033903,1.021631,0.603110,0.603110,0.603110,0.603110
63.150055,1.032369,1.021631,1.033903,1.021631,0.512110,0.512110,0.512110,0.512110
63.160057,0.892777,0.882039,0.894311,0.877437,0.418260,0.418260,0.418260,0.418260
63.170055,0.892777,0.882039,0.894311,0.877437,0.322085,0.322085,0.322085,0.322085
63.180058,0.734777,0.728641,0.739379,0.719437,0.224118,0.224118,0.224118,0.224118
63.190063,0.734777,0.728641,0.739379,0.719437,0.124887,0.124887,0.124887,0.124887
63.200062,0.561437,0.559903,0.570641,0.546097,0.025045,0.025045,0.025045,0.025045
63.210064,0.561437,0.559903,0.570641,0.546097,-0.074925,-0.074925,-0.074925,-0.074925
63.220058,0.363553,0.366621,0.368155,0.354350,-0.174333,-0.174333,-0.174333,-0.174333
63.230064,0.363553,0.366621,0.368155,0.354350,-0.272875,-0.272875,-0.272875,-0.272875
63.240063,0.168738,0.170272,0.167204,0.161068,-0.369697,-0.369697,-0.369697,-0.369697
63.250065,0.168738,0.170272,0.167204,0.161068,-0.464452,-0.464452,-0.464452,-0.464452
63.260059,-0.027612,-0.036816,-0.030680,-0.044485,-0.556479,-0.556479,-0.556479,-0.556479
63.270065,-0.027612,-0.036816,-0.030680,-0.044485,-0.645390,-0.645390,-0.645390,-0.645390
63.280064,-0.225495,-0.240835,-0.230097,-0.248505,-0.730513,-0.730513,-0.730513,-0.730513
63.290070,-0.225495,-0.240835,-0.230097,-0.248505,-0.811501,-0.811501,-0.811501,-0.811501
63.300064,-0.420311,-0.427981,-0.420311,-0.438719,-0.887751,-0.887751,-0.887751,-0.887751
63.310066,-0.420311,-0.427981,-0.420311,-0.438719,-0.958977,-0.958977,-0.958977,-0.958977
63.320065,-0.607457,-0.604389,-0.604389,-0.619728,-1.024659,-1.024659,-1.024659,-1.024659
63.330063,-0.607457,-0.604389,-0.604389,-0.619728,-1.084472,-1.084472,-1.084472,-1.084472
63.340065,-0.777728,-0.777728,-0.774660,-0.786932,-1.138070,-1.138070,-1.138070,-1.138070
63.350063,-0.777728,-0.777728,-0.774660,-0.786932,-1.185119,-1.185119,-1.185119,-1.185119
63.360062,-0.928059,-0.923457,-0.928059,-0.932660,-1.225368,-1.225368,-1.225368,-1.225368
63.370064,-0.928059,-0.923457,-0.928059,-0.932660,-1.258582,-1.258582,-1.258582,-1.258582
63.380062,-1.053845,-1.036971,-1.050777,-1.058447,-1.284560,-1.284560,-1.284560,-1.284560
63.390026,-1.053845,-1.036971,-1.050777,-1.058447,-1.303106,-1.303106,-1.303106,-1.303106
63.400066,-1.153554,-1.139748,-1.152020,-1.161224,-1.314265,-1.314265,-1.314265,-1.314265
63.410065,-1.153554,-1.139748,-1.152020,-1.161224,-1.317804,-1.317804,-1.317804,-1.317804
63.420067,-1.228719,-1.217981,-1.228719,-1.239457,-1.313758,-1.313758,-1.313758,-1.313758
63.430065,-1.228719,-1.217981,-1.228719,-1.239457,-1.302149,-1.302149,-1.302149,-1.302149
63.440060,-1.279340,-1.268602,-1.279340,-1.285476,-1.283049,-1.283049,-1.283049,-1.283049
63.450062,-1.279340,-1.268602,-1.279340,-1.285476,-1.256548,-1.256548,-1.256548,-1.256548
63.460060,-1.297748,-1.287010,-1.296214,-1.302350,-1.222808,-1.222808,-1.222808,-1.222808
63.470062,-1.297748,-1.287010,-1.296214,-1.302350,-1.182006,-1.182006,-1.182006,-1.182006
63.480061,-1.297748,-1.285476,-1.296214,-1.300816,-1.134400,-1.134400,-1.134400,-1.134400
63.490063,-1.297748,-1.285476,-1.296214,-1.300816,-1.080225,-1.080225,-1.080225,-1.080225
63.500065,-1.279340,-1.271670,-1.279340,-1.287010,-1.019834,-1.019834,-1.019834,-1.019834
63.510021,-1.279340,-1.271670,-1.279340,-1.287010,-0.953853,-0.953853,-0.953853,-0.953853
63.520058,-1.216447,-1.213379,-1.216447,-1.225651,-0.881805,-0.881805,-0.881805,-0.881805
63.530045,-1.216447,-1.213379,-1.216447,-1.225651,-0.805032,-0.805032,-0.805032,-0.805032
63.540054,-1.121340,-1.118272,-1.118272,-1.125942,-0.723445,-0.723445,-0.723445,-0.723445
63.550060,-1.121340,-1.118272,-1.118272,-1.125942,-0.637701,-0.637701,-0.637701,-0.637701
63.560055,-0.994020,-0.995554,-0.994020,-1.000156,-0.548380,-0.548380,-0.548380,-0.548380
63.570057,-0.994020,-0.995554,-0.994020,-1.000156,-0.455827,-0.455827,-0.455827,-0.455827
63.580055,-0.843690,-0.849826,-0.845224,-0.849826,-0.360702,-0.360702,-0.360702,-0.360702
63.590061,-0.843690,-0.849826,-0.845224,-0.849826,-0.263451,-0.263451,-0.263451,-0.263451
63.600060,-0.678020,-0.685690,-0.682622,-0.681088,-0.164751,-0.164751,-0.164751,-0.164751
63.610062,-0.678020,-0.685690,-0.682622,-0.681088,-0.065108,-0.065108,-0.065108,-0.065108
63.620060,-0.500078,-0.509282,-0.504680,-0.501612,0.034853,0.034853,0.034853,0.034853
63.630062,-0.500078,-0.509282,-0.504680,-0.501612,0.134598,0.134598,0.134598,0.134598
63.640060,-0.311398,-0.323670,-0.316000,-0.311398,0.233488,0.233488,0.233488,0.233488
63.650059,-0.311398,-0.323670,-0.316000,-0.311398,0.330978,0.330978,0.330978,0.330978
63.660053,-0.115049,-0.121184,-0.107379,-0.113515,0.426462,0.426462,0.426462,0.426462
63.670059,-0.115049,-0.121184,-0.107379,-0.113515,0.519479,0.519479,0.519479,0.519479
63.680054,0.084369,0.085903,0.088971,0.093573,0.609322,0.609322,0.609322,0.609322
63.690056,0.084369,0.085903,0.088971,0.093573,0.695600,0.695600,0.695600,0.695600
63.700058,0.280719,0.280719,0.283786,0.288388,0.777749,0.777749,0.777749,0.777749
63.710060,0.280719,0.280719,0.283786,0.288388,0.855281,0.855281,0.855281,0.855281
63.720055,0.469398,0.461728,0.475534,0.486272,0.927711,0.927711,0.927711,0.927711
63.730057,0.469398,0.461728,0.475534,0.486272,0.994664,0.994664,0.994664,0.994664
63.740059,0.656544,0.636602,0.650408,0.664214,1.055733,1.055733,1.055733,1.055733
63.750053,0.656544,0.636602,0.650408,0.664214,1.110505,1.110505,1.110505,1.110505
63.760010,0.819146,0.800738,0.811476,0.825282,1.158503,1.158503,1.158503,1.158503
63.770061,0.819146,0.800738,0.811476,0.825282,1.200060,1.200060,1.200060,1.200060
63.780060,0.963340,0.946466,0.957204,0.967942,1.234263,1.234263,1.234263,1.234263
63.790062,0.963340,0.946466,0.957204,0.967942,1.261135,1.261135,1.261135,1.261135
63.800056,1.078389,1.070719,1.082991,1.087592,1.280512,1.280512,1.280512,1.280512
63.810059,1.078389,1.070719,1.082991,1.087592,1.292288,1.292288,1.292288,1.292288
63.820061,1.173495,1.165826,1.176563,1.182699,1.296380,1.296380,1.296380,1.296380
63.830059,1.173495,1.165826,1.176563,1.182699,1.292762,1.292762,1.292762,1.292762
63.840057,1.239457,1.228719,1.244059,1.248661,1.281453,1.281453,1.281453,1.281453
63.850060,1.239457,1.228719,1.244059,1.248661,1.262514,1.262514,1.262514,1.262514
63.860054,1.273204,1.264000,1.274738,1.283942,1.236073,1.236073,1.236073,1.236073
63.870060,1.273204,1.264000,1.274738,1.283942,1.202243,1.202243,1.202243,1.202243
63.880058,1.279340,1.268602,1.277806,1.288544,1.161272,1.161272,1.161272,1.161272
63.890060,1.279340,1.268602,1.277806,1.288544,1.113362,1.113362,1.113362,1.113362
63.900059,1.276272,1.262466,1.273204,1.282408,1.058824,1.058824,1.058824,1.058824
63.910057,1.276272,1.262466,1.273204,1.282408,0.997983,0.997983,0.997983,0.997983
63.920055,1.230253,1.214913,1.227185,1.231787,0.931193,0.931193,0.931193,0.931193
63.930058,1.230253,1.214913,1.227185,1.231787,0.858821,0.858821,0.858821,0.858821
63.940056,1.145884,1.129010,1.141282,1.145884,0.781364,0.781364,0.781364,0.781364
63.950058,1.145884,1.129010,1.141282,1.145884,0.699210,0.699210,0.699210,0.699210
63.960056,1.032369,1.015495,1.027767,1.029301,0.612899,0.612899,0.612899,0.612899
63.970058,1.032369,1.015495,1.027767,1.029301,0.522928,0.522928,0.522928,0.522928
63.980061,0.897379,0.880505,0.891243,0.894311,0.429860,0.429860,0.429860,0.429860
63.990059,0.897379,0.880505,0.891243,0.894311,0.334225,0.334225,0.334225,0.334225
64.000046,0.742447,0.728641,0.737845,0.734777,0.236775,0.236775,0.236775,0.236775
64.010063,0.742447,0.728641,0.737845,0.734777,0.137596,0.137596,0.137596,0.137596
64.020065,0.572175,0.556835,0.569107,0.562971,0.037819,0.037819,0.037819,0.037819
64.030067,0.572175,0.556835,0.569107,0.562971,-0.062159,-0.062159,-0.062159,-0.062159
64.040062,0.385029,0.366621,0.388097,0.369689,-0.161699,-0.161699,-0.161699,-0.161699
64.050064,0.385029,0.366621,0.388097,0.369689,-0.260214,-0.260214,-0.260214,-0.260214
64.060066,0.188680,0.170272,0.196350,0.162602,-0.357124,-0.357124,-0.357124,-0.357124
64.070061,0.188680,0.170272,0.196350,0.162602,-0.451821,-0.451821,-0.451821,-0.451821
64.080063,-0.010738,-0.036816,-0.003068,-0.042951,-0.543764,-0.543764,-0.543764,-0.543764
64.090065,-0.010738,-0.036816,-0.003068,-0.042951,-0.632377,-0.632377,-0.632377,-0.632377
64.100021,-0.210155,-0.239301,-0.205553,-0.246971,-0.716721,-0.716721,-0.716721,-0.716721
64.110069,-0.210155,-0.239301,-0.205553,-0.246971,-0.797435,-0.797435,-0.797435,-0.797435
64.120056,-0.403437,-0.427981,-0.398835,-0.427981,-0.872834,-0.872834,-0.872834,-0.872834
64.130066,-0.403437,-0.427981,-0.398835,-0.427981,-0.942998,-0.942998,-0.942998,-0.942998
64.140068,-0.590583,-0.605923,-0.595185,-0.610524,-1.007301,-1.007301,-1.007301,-1.007301
64.150063,-0.590583,-0.605923,-0.595185,-0.610524,-1.065434,-1.065434,-1.065434,-1.065434
64.160065,-0.760855,-0.770058,-0.763923,-0.777728,-1.117050,-1.117050,-1.117050,-1.117050
64.170067,-0.760855,-0.770058,-0.763923,-0.777728,-1.161837,-1.161837,-1.161837,-1.161837
64.180054,-0.911185,-0.912719,-0.915787,-0.918855,-1.199466,-1.199466,-1.199466,-1.199466
64.190063,-0.911185,-0.912719,-0.915787,-0.918855,-1.229786,-1.229786,-1.229786,-1.229786
64.200066,-1.038505,-1.027767,-1.032369,-1.041573,-1.252552,-1.252552,-1.252552,-1.252552
64.210068,-1.038505,-1.027767,-1.032369,-1.041573,-1.267624,-1.267624,-1.267624,-1.267624
64.220062,-1.132078,-1.122874,-1.130544,-1.138214,-1.274915,-1.274915,-1.274915,-1.274915
64.230064,-1.132078,-1.122874,-1.130544,-1.138214,-1.274377,-1.274377,-1.274377,-1.274377
64.240067,-1.201107,-1.193437,-1.202641,-1.208777,-1.266012,-1.266012,-1.266012,-1.266012
64.250031,-1.201107,-1.193437,-1.202641,-1.208777,-1.249928,-1.249928,-1.249928,-1.249928
64.260056,-1.245593,-1.234855,-1.242525,-1.250195,-1.226051,-1.226051,-1.226051,-1.226051
64.270065,-1.245593,-1.234855,-1.242525,-1.250195,-1.194668,-1.194668,-1.194668,-1.194668
64.280060,-1.256330,-1.245593,-1.251729,-1.260932,-1.155968,-1.155968,-1.155968,-1.155968
64.290062,-1.256330,-1.245593,-1.251729,-1.260932,-1.110113,-1.110113,-1.110113,-1.110113
64.300056,-1.256330,-1.244059,-1.250195,-1.257864,-1.057460,-1.057460,-1.057460,-1.057460
64.310059,-1.256330,-1.244059,-1.250195,-1.257864,-0.998269,-0.998269,-0.998269,-0.998269
64.320061,-1.222583,-1.213379,-1.219515,-1.230253,-0.932945,-0.932945,-0.932945,-0.932945
64.330063,-1.222583,-1.213379,-1.219515,-1.230253,-0.861863,-0.861863,-0.861863,-0.861863
64.340057,-1.148952,-1.141282,-1.145884,-1.156622,-0.785506,-0.785506,-0.785506,-0.785506
64.350060,-1.148952,-1.141282,-1.145884,-1.156622,-0.704280,-0.704280,-0.704280,-0.704280
64.360062,-1.036971,-1.032369,-1.036971,-1.043107,-0.618711,-0.618711,-0.618711,-0.618711
64.370064,-1.036971,-1.032369,-1.036971,-1.043107,-0.529327,-0.529327,-0.529327,-0.529327
64.380058,-0.900447,-0.900447,-0.901981,-0.909651,-0.436721,-0.436721,-0.436721,-0.436721
64.390060,-0.900447,-0.900447,-0.901981,-0.909651,-0.341424,-0.341424,-0.341424,-0.341424
64.400055,-0.743981,-0.747049,-0.743981,-0.750117,-0.244088,-0.244088,-0.244088,-0.244088
64.410057,-0.743981,-0.747049,-0.743981,-0.750117,-0.145211,-0.145211,-0.145211,-0.145211
64.420059,-0.570641,-0.579845,-0.569107,-0.576777,-0.045491,-0.045491,-0.045491,-0.045491
64.430061,-0.570641,-0.579845,-0.569107,-0.576777,0.054503,0.054503,0.054503,0.054503
64.440056,-0.388097,-0.400369,-0.383495,-0.389631,0.154073,0.154073,0.154073,0.154073
64.450058,-0.388097,-0.400369,-0.383495,-0.389631,0.252672,0.252672,0.252672,0.252672
64.460060,-0.196350,-0.211689,-0.191748,-0.191748,0.349633,0.349633,0.349633,0.349633
64.470062,-0.196350,-0.211689,-0.191748,-0.191748,0.444403,0.444403,0.444403,0.444403
64.480064,0.000000,-0.006136,0.006136,0.016874,0.536365,0.536365,0.536365,0.536365
64.490059,0.000000,-0.006136,0.006136,0.016874,0.624856,0.624856,0.624856,0.624856
64.500061,0.199418,0.191748,0.205553,0.213223,0.709401,0.709401,0.709401,0.709401
64.510063,0.199418,0.191748,0.205553,0.213223,0.789523,0.789523,0.789523,0.789523
64.520027,0.391165,0.377359,0.394233,0.404971,0.864366,0.864366,0.864366,0.864366
64.530060,0.391165,0.377359,0.394233,0.404971,0.934216,0.934216,0.934216,0.934216
64.540054,0.576777,0.558369,0.567573,0.589049,0.997922,0.997922,0.997922,0.997922
64.550056,0.576777,0.558369,0.567573,0.589049,1.055344,1.055344,1.055344,1.055344
64.560059,0.747049,0.724039,0.733243,0.753185,1.106074,1.106074,1.106074,1.106074
64.570061,0.747049,0.724039,0.733243,0.753185,1.149817,1.149817,1.149817,1.149817
64.580055,0.895845,0.875903,0.886641,0.905049,1.186266,1.186266,1.186266,1.186266
64.590057,0.895845,0.875903,0.886641,0.905049,1.215226,1.215226,1.215226,1.215226
64.600060,1.023165,1.006292,1.024699,1.032369,1.236482,1.236482,1.236482,1.236482
64.610054,1.023165,1.006292,1.024699,1.032369,1.249906,1.249906,1.249906,1.249906
64.620064,1.122874,1.110602,1.127476,1.133612,1.255412,1.255412,1.255412,1.255412
64.630020,1.122874,1.110602,1.127476,1.133612,1.252983,1.252983,1.252983,1.252983
64.640060,1.193437,1.179631,1.196505,1.201107,1.242556,1.242556,1.242556,1.242556
64.650063,1.193437,1.179631,1.196505,1.201107,1.224273,1.224273,1.224273,1.224273
64.660057,1.231787,1.219515,1.234855,1.239457,1.198220,1.198220,1.198220,1.198220
64.670059,1.231787,1.219515,1.234855,1.239457,1.164555,1.164555,1.164555,1.164555
64.680061,1.239457,1.227185,1.239457,1.245593,1.123494,1.123494,1.123494,1.123494
64.690063,1.239457,1.227185,1.239457,1.245593,1.075290,1.075290,1.075290,1.075290
64.700066,1.236389,1.224117,1.236389,1.240991,1.020251,1.020251,1.020251,1.020251
64.710060,1.236389,1.224117,1.236389,1.240991,0.958734,0.958734,0.958734,0.958734
64.720062,1.191903,1.182699,1.190369,1.193437,0.891132,0.891132,0.891132,0.891132
64.730057,1.191903,1.182699,1.190369,1.193437,0.817863,0.817863,0.817863,0.817863
64.740059,1.107534,1.098330,1.104466,1.104466,0.739374,0.739374,0.739374,0.739374
64.750061,1.107534,1.098330,1.104466,1.104466,0.656214,0.656214,0.656214,0.656214
64.760063,0.992486,0.983282,0.989418,0.987884,0.568857,0.568857,0.568857,0.568857
64.770058,0.992486,0.983282,0.989418,0.987884,0.477911,0.477911,0.477911,0.477911
64.780060,0.849826,0.848292,0.851359,0.854427,0.383922,0.383922,0.383922,0.383922
64.790062,0.849826,0.848292,0.851359,0.854427,0.287471,0.287471,0.287471,0.287471
64.800064,0.691825,0.696427,0.697961,0.694893,0.189270,0.189270,0.189270,0.189270
64.810059,0.691825,0.696427,0.697961,0.694893,0.089877,0.089877,0.089877,0.089877
64.820061,0.520020,0.521554,0.526155,0.521554,-0.010040,-0.010040,-0.010040,-0.010040
64.830063,0.520020,0.521554,0.526155,0.521554,-0.109935,-0.109935,-0.109935,-0.109935
64.840065,0.339010,0.329806,0.337476,0.328272,-0.208992,-0.208992,-0.208992,-0.208992
64.850060,0.339010,0.329806,0.337476,0.328272,-0.306642,-0.306642,-0.306642,-0.306642
64.860054,0.145728,0.138058,0.136524,0.127320,-0.402328,-0.402328,-0.402328,-0.402328
64.870064,0.145728,0.138058,0.136524,0.127320,-0.495395,-0.495395,-0.495395,-0.495395
64.880058,-0.056757,-0.075165,-0.064427,-0.079767,-0.585195,-0.585195,-0.585195,-0.585195
64.890060,-0.056757,-0.075165,-0.064427,-0.079767,-0.671172,-0.671172,-0.671172,-0.671172
64.900055,-0.257709,-0.276117,-0.265379,-0.289922,-0.752747,-0.752747,-0.752747,-0.752747
64.910057,-0.257709,-0.276117,-0.265379,-0.289922,-0.829433,-0.829433,-0.829433,-0.829433
64.920052,-0.450990,-0.461728,-0.458660,-0.483204,-0.900695,-0.900695,-0.900695,-0.900695
64.930061,-0.450990,-0.461728,-0.458660,-0.483204,-0.966142,-0.966142,-0.966142,-0.966142
64.940056,-0.632000,-0.635068,-0.636602,-0.658078,-1.025203,-1.025203,-1.025203,-1.025203
64.950058,-0.632000,-0.635068,-0.636602,-0.658078,-1.077619,-1.077619,-1.077619,-1.077619
64.960060,-0.793068,-0.794602,-0.790000,-0.806874,-1.123002,-1.123002,-1.123002,-1.123002
64.970062,-0.793068,-0.794602,-0.790000,-0.806874,-1.161053,-1.161053,-1.161053,-1.161053
64.980057,-0.937262,-0.928059,-0.928059,-0.949534,-1.191514,-1.191514,-1.191514,-1.191514
64.990059,-0.937262,-0.928059,-0.928059,-0.949534,-1.214199,-1.214199,-1.214199,-1.214199
65.000053,-1.052311,-1.032369,-1.041573,-1.058447,-1.228940,-1.228940,-1.228940,-1.228940
65.010056,-1.052311,-1.032369,-1.041573,-1.058447,-1.235653,-1.235653,-1.235653,-1.235653
65.020058,-1.135146,-1.119806,-1.127476,-1.139748,-1.234282,-1.234282,-1.234282,-1.234282
65.030060,-1.135146,-1.119806,-1.127476,-1.139748,-1.224838,-1.224838,-1.224838,-1.224838
65.040054,-1.190369,-1.178097,-1.187301,-1.198039,-1.207379,-1.207379,-1.207379,-1.207379
65.050056,-1.190369,-1.178097,-1.187301,-1.198039,-1.182007,-1.182007,-1.182007,-1.182007
65.060059,-1.216447,-1.204175,-1.211845,-1.221049,-1.148894,-1.148894,-1.148894,-1.148894
65.070053,-1.216447,-1.204175,-1.211845,-1.221049,-1.108260,-1.108260,-1.108260,-1.108260
65.080055,-1.216447,-1.205709,-1.213379,-1.221049,-1.060352,-1.060352,-1.060352,-1.060352
65.090057,-1.216447,-1.205709,-1.213379,-1.221049,-1.005494,-1.005494,-1.005494,-1.005494
65.100060,-1.204175,-1.196505,-1.202641,-1.210311,-0.944032,-0.944032,-0.944032,-0.944032
65.110062,-1.204175,-1.196505,-1.202641,-1.210311,-0.876364,-0.876364,-0.876364,-0.876364
65.120056,-1.144350,-1.141282,-1.144350,-1.152020,-0.803019,-0.803019,-0.803019,-0.803019
65.130058,-1.144350,-1.141282,-1.144350,-1.152020,-0.724354,-0.724354,-0.724354,-0.724354
65.140060,-1.044641,-1.047709,-1.046175,-1.050777,-0.640940,-0.640940,-0.640940,-0.640940
65.150055,-1.044641,-1.047709,-1.046175,-1.050777,-0.553350,-0.553350,-0.553350,-0.553350
65.160057,-0.914253,-0.921923,-0.917321,-0.923457,-0.462099,-0.462099,-0.462099,-0.462099
65.170067,-0.914253,-0.921923,-0.917321,-0.923457,-0.367797,-0.367797,-0.367797,-0.367797
65.180061,-0.762389,-0.771592,-0.762389,-0.770058,-0.271175,-0.271175,-0.271175,-0.271175
65.190063,-0.762389,-0.771592,-0.762389,-0.770058,-0.172763,-0.172763,-0.172763,-0.172763
65.200058,-0.596719,-0.602855,-0.592117,-0.598253,-0.073269,-0.073269,-0.073269,-0.073269
65.210060,-0.596719,-0.602855,-0.592117,-0.598253,0.026681,0.026681,0.026681,0.026681
65.220055,-0.415709,-0.423379,-0.408039,-0.415709,0.126444,0.126444,0.126444,0.126444
65.230057,-0.415709,-0.423379,-0.408039,-0.415709,0.225294,0.225294,0.225294,0.225294
65.240059,-0.223961,-0.237767,-0.217825,-0.225495,0.322615,0.322615,0.322615,0.322615
65.250053,-0.223961,-0.237767,-0.217825,-0.225495,0.417744,0.417744,0.417744,0.417744
65.260056,-0.026078,-0.035282,-0.018408,-0.013806,0.510092,0.510092,0.510092,0.510092
65.270058,-0.026078,-0.035282,-0.018408,-0.013806,0.598976,0.598976,0.598976,0.598976
65.280060,0.174874,0.167204,0.179476,0.185612,0.683834,0.683834,0.683834,0.683834
65.290062,0.174874,0.167204,0.179476,0.185612,0.764058,0.764058,0.764058,0.764058
65.300056,0.369689,0.352816,0.374291,0.381961,0.839149,0.839149,0.839149,0.839149
65.310059,0.369689,0.352816,0.374291,0.381961,0.908607,0.908607,0.908607,0.908607
65.320061,0.561437,0.532291,0.555301,0.566039,0.971981,0.971981,0.971981,0.971981
65.330055,0.561437,0.532291,0.555301,0.566039,1.028769,1.028769,1.028769,1.028769
65.340057,0.728641,0.696427,0.719437,0.731709,1.078657,1.078657,1.078657,1.078657
65.350067,0.728641,0.696427,0.719437,0.731709,1.121294,1.121294,1.121294,1.121294
65.360062,0.871301,0.849826,0.868233,0.880505,1.156353,1.156353,1.156353,1.156353
65.370064,0.871301,0.849826,0.868233,0.880505,1.183645,1.183645,1.183645,1.183645
65.380066,0.994020,0.980214,0.997088,1.006292,1.202946,1.202946,1.202946,1.202946
65.390068,0.994020,0.980214,0.997088,1.006292,1.214144,1.214144,1.214144,1.214144
65.400063,1.093728,1.081457,1.098330,1.102932,1.217152,1.217152,1.217152,1.217152
65.410065,1.093728,1.081457,1.098330,1.102932,1.211952,1.211952,1.211952,1.211952
65.420059,1.159690,1.148952,1.162758,1.168894,1.198575,1.198575,1.198575,1.198575
65.430061,1.159690,1.148952,1.162758,1.168894,1.177106,1.177106,1.177106,1.177106
65.440056,1.196505,1.185767,1.196505,1.202641,1.147701,1.147701,1.147701,1.147701
65.450066,1.196505,1.185767,1.196505,1.202641,1.110503,1.110503,1.110503,1.110503
65.460060,1.201107,1.188835,1.201107,1.205709,1.065835,1.065835,1.065835,1.065835
65.470062,1.201107,1.188835,1.201107,1.205709,1.013932,1.013932,1.013932,1.013932
65.480064,1.193437,1.179631,1.193437,1.194971,0.955205,0.955205,0.955205,0.955205
65.490059,1.193437,1.179631,1.193437,1.194971,0.890053,0.890053,0.890053,0.890053
65.500061,1.141282,1.122874,1.141282,1.139748,0.818780,0.818780,0.818780,0.818780
65.510063,1.141282,1.122874,1.141282,1.139748,0.742009,0.742009,0.742009,0.742009
65.520065,1.046175,1.030835,1.047709,1.044641,0.660233,0.660233,0.660233,0.660233
65.530060,1.046175,1.030835,1.047709,1.044641,0.574020,0.574020,0.574020,0.574020
65.540062,0.926525,0.911185,0.921923,0.921923,0.483863,0.483863,0.483863,0.483863
65.550064,0.926525,0.911185,0.921923,0.921923,0.390487,0.390487,0.390487,0.390487
65.560066,0.782330,0.770058,0.780796,0.777728,0.294470,0.294470,0.294470,0.294470
65.570068,0.782330,0.770058,0.780796,0.777728,0.196483,0.196483,0.196483,0.196483
65.580063,0.621262,0.608990,0.621262,0.615126,0.097215,0.097215,0.097215,0.097215
65.590065,0.621262,0.608990,0.621262,0.615126,-0.002714,-0.002714,-0.002714,-0.002714
65.600067,0.443321,0.424913,0.437185,0.432583,-0.102576,-0.102576,-0.102576,-0.102576
65.610062,0.443321,0.424913,0.437185,0.432583,-0.201665,-0.201665,-0.201665,-0.201665
65.620064,0.248505,0.230097,0.239301,0.233165,-0.299369,-0.299369,-0.299369,-0.299369
65.630066,0.248505,0.230097,0.239301,0.233165,-0.394964,-0.394964,-0.394964,-0.394964
65.640068,0.049087,0.033748,0.039884,0.032214,-0.487810,-0.487810,-0.487810,-0.487810
65.650063,0.049087,0.033748,0.039884,0.032214,-0.577258,-0.577258,-0.577258,-0.577258
65.660065,-0.150330,-0.179476,-0.159534,-0.174874,-0.662693,-0.662693,-0.662693,-0.662693
65.670067,-0.150330,-0.179476,-0.159534,-0.174874,-0.743567,-0.743567,-0.743567,-0.743567
65.680069,-0.348214,-0.371223,-0.354350,-0.369689,-0.819249,-0.819249,-0.819249,-0.819249
65.690063,-0.348214,-0.371223,-0.354350,-0.369689,-0.889255,-0.889255,-0.889255,-0.889255
65.700066,-0.533825,-0.549165,-0.539961,-0.555301,-0.953099,-0.953099,-0.953099,-0.953099
65.710060,-0.533825,-0.549165,-0.539961,-0.555301,-1.010325,-1.010325,-1.010325,-1.010325
65.720070,-0.707165,-0.717903,-0.710233,-0.724039,-1.060570,-1.060570,-1.060570,-1.060570
65.730064,-0.707165,-0.717903,-0.710233,-0.724039,-1.103438,-1.103438,-1.103438,-1.103438
65.740067,-0.859029,-0.863631,-0.860563,-0.874369,-1.138647,-1.138647,-1.138647,-1.138647
65.750069,-0.859029,-0.863631,-0.860563,-0.874369,-1.165951,-1.165951,-1.165951,-1.165951
65.760071,-0.984816,-0.977146,-0.983282,-0.995554,-1.185160,-1.185160,-1.185160,-1.185160
65.770073,-0.984816,-0.977146,-0.983282,-0.995554,-1.196131,-1.196131,-1.196131,-1.196131
65.780067,-1.078389,-1.066117,-1.072253,-1.087592,-1.198787,-1.198787,-1.198787,-1.198787
65.790062,-1.078389,-1.066117,-1.072253,-1.087592,-1.193112,-1.193112,-1.193112,-1.193112
65.800064,-1.141282,-1.132078,-1.138214,-1.152020,-1.179134,-1.179134,-1.179134,-1.179134
65.810051,-1.141282,-1.132078,-1.138214,-1.152020,-1.156995,-1.156995,-1.156995,-1.156995
65.820068,-1.176563,-1.165826,-1.175029,-1.184233,-1.126718,-1.126718,-1.126718,-1.126718
65.830048,-1.176563,-1.165826,-1.175029,-1.184233,-1.088712,-1.088712,-1.088712,-1.088712
65.840065,-1.179631,-1.168894,-1.178097,-1.187301,-1.042990,-1.042990,-1.042990,-1.042990
65.850067,-1.179631,-1.168894,-1.178097,-1.187301,-0.990050,-0.990050,-0.990050,-0.990050
65.860062,-1.173495,-1.164292,-1.173495,-1.181165,-0.930235,-0.930235,-0.930235,-0.930235
65.870064,-1.173495,-1.164292,-1.173495,-1.181165,-0.863884,-0.863884,-0.863884,-0.863884
65.880066,-1.122874,-1.116738,-1.124408,-1.130544,-0.791578,-0.791578,-0.791578,-0.791578
65.890068,-1.122874,-1.116738,-1.124408,-1.130544,-0.713665,-0.713665,-0.713665,-0.713665
65.900063,-1.027767,-1.027767,-1.032369,-1.036971,-0.630914,-0.630914,-0.630914,-0.630914
65.910065,-1.027767,-1.027767,-1.032369,-1.036971,-0.543633,-0.543633,-0.543633,-0.543633
65.920067,-0.903515,-0.903515,-0.909651,-0.909651,-0.452638,-0.452638,-0.452638,-0.452638
65.930069,-0.903515,-0.903515,-0.909651,-0.909651,-0.358467,-0.358467,-0.358467,-0.358467
65.940063,-0.753185,-0.753185,-0.762389,-0.757787,-0.261871,-0.261871,-0.261871,-0.261871
65.950066,-0.753185,-0.753185,-0.762389,-0.757787,-0.163375,-0.163375,-0.163375,-0.163375
65.960060,-0.589049,-0.584447,-0.592117,-0.587515,-0.063853,-0.063853,-0.063853,-0.063853
65.970062,-0.589049,-0.584447,-0.592117,-0.587515,0.036156,0.036156,0.036156,0.036156
65.980064,-0.406505,-0.404971,-0.409573,-0.404971,0.135813,0.135813,0.135813,0.135813
65.990067,-0.406505,-0.404971,-0.409573,-0.404971,0.234502,0.234502,0.234502,0.234502
66.000061,-0.216291,-0.217825,-0.219359,-0.214757,0.331455,0.331455,0.331455,0.331455
66.010063,-0.216291,-0.217825,-0.219359,-0.214757,0.426068,0.426068,0.426068,0.426068
66.020058,-0.016874,-0.013806,-0.012272,-0.004602,0.517562,0.517562,0.517562,0.517562
66.030067,-0.016874,-0.013806,-0.012272,-0.004602,0.605458,0.605458,0.605458,0.605458
66.040054,0.181010,0.187146,0.191748,0.193282,0.688869,0.688869,0.688869,0.688869
66.050064,0.181010,0.187146,0.191748,0.193282,0.767511,0.767511,0.767511,0.767511
66.060059,0.372757,0.372757,0.383495,0.389631,0.840581,0.840581,0.840581,0.840581
66.070068,0.372757,0.372757,0.383495,0.389631,0.907716,0.907716,0.907716,0.907716
66.080055,0.559903,0.549165,0.559903,0.575243,0.968264,0.968264,0.968264,0.968264
66.090065,0.559903,0.549165,0.559903,0.575243,1.022023,1.022023,1.022023,1.022023
66.100060,0.725573,0.710233,0.725573,0.736311,1.068356,1.068356,1.068356,1.068356
66.110054,0.725573,0.710233,0.725573,0.736311,1.107108,1.107108,1.107108,1.107108
66.120064,0.869767,0.857495,0.869767,0.880505,1.137949,1.137949,1.137949,1.137949
66.130043,0.869767,0.857495,0.869767,0.880505,1.160608,1.160608,1.160608,1.160608
66.140060,0.989418,0.981748,0.990952,1.000156,1.175013,1.175013,1.175013,1.175013
66.150055,0.989418,0.981748,0.990952,1.000156,1.180984,1.180984,1.180984,1.180984
66.160057,1.081457,1.069185,1.084525,1.090660,1.178495,1.178495,1.178495,1.178495
66.170059,1.081457,1.069185,1.084525,1.090660,1.167560,1.167560,1.167560,1.167560
66.180061,1.141282,1.125942,1.141282,1.147418,1.148258,1.148258,1.148258,1.148258
66.190063,1.141282,1.125942,1.141282,1.147418,1.120718,1.120718,1.120718,1.120718
66.200058,1.164292,1.150486,1.162758,1.168894,1.085151,1.085151,1.085151,1.085151
66.210060,1.164292,1.150486,1.162758,1.168894,1.041782,1.041782,1.041782,1.041782
66.220055,1.164292,1.150486,1.162758,1.167360,0.990949,0.990949,0.990949,0.990949
66.230064,1.164292,1.150486,1.162758,1.167360,0.932934,0.932934,0.932934,0.932934
66.240051,1.144350,1.130544,1.141282,1.142816,0.868354,0.868354,0.868354,0.868354
66.250061,1.144350,1.130544,1.141282,1.142816,0.797435,0.797435,0.797435,0.797435
66.260056,1.073787,1.064583,1.072253,1.070719,0.720839,0.720839,0.720839,0.720839
66.270058,1.073787,1.064583,1.072253,1.070719,0.639018,0.639018,0.639018,0.639018
66.280060,0.967942,0.957204,0.964874,0.964874,0.552636,0.552636,0.552636,0.552636
66.290062,0.967942,0.957204,0.964874,0.964874,0.462242,0.462242,0.462242,0.462242
66.300056,0.836020,0.828350,0.834486,0.834486,0.368601,0.368601,0.368601,0.368601
66.310051,0.836020,0.828350,0.834486,0.834486,0.272404,0.272404,0.272404,0.272404
66.320053,0.673418,0.678020,0.682622,0.681088,0.174114,0.174114,0.174114,0.174114
66.330055,0.673418,0.678020,0.682622,0.681088,0.074634,0.074634,0.074634,0.074634
66.340057,0.503146,0.504680,0.512350,0.507748,-0.025318,-0.025318,-0.025318,-0.025318
66.350060,0.503146,0.504680,0.512350,0.507748,-0.125039,-0.125039,-0.125039,-0.125039
66.360062,0.320602,0.316000,0.320602,0.312932,-0.223859,-0.223859,-0.223859,-0.223859
66.370056,0.320602,0.316000,0.320602,0.312932,-0.320952,-0.320952,-0.320952,-0.320952
66.380058,0.124252,0.122718,0.119651,0.110447,-0.415689,-0.415689,-0.415689,-0.415689
66.390060,0.124252,0.122718,0.119651,0.110447,-0.507380,-0.507380,-0.507380,-0.507380
66.400055,-0.075165,-0.092039,-0.076699,-0.101243,-0.595277,-0.595277,-0.595277,-0.595277
66.410057,-0.075165,-0.092039,-0.076699,-0.101243,-0.678838,-0.678838,-0.678838,-0.678838
66.420067,-0.273049,-0.289922,-0.273049,-0.299126,-0.757409,-0.757409,-0.757409,-0.757409
66.430061,-0.273049,-0.289922,-0.273049,-0.299126,-0.830385,-0.830385,-0.830385,-0.830385
66.440056,-0.463262,-0.474000,-0.461728,-0.484738,-0.897216,-0.897216,-0.897216,-0.897216
66.450058,-0.463262,-0.474000,-0.461728,-0.484738,-0.957470,-0.957470,-0.957470,-0.957470
66.460060,-0.641204,-0.644272,-0.635068,-0.656544,-1.010686,-1.010686,-1.010686,-1.010686
66.470055,-0.641204,-0.644272,-0.635068,-0.656544,-1.056459,-1.056459,-1.056459,-1.056459
66.480057,-0.797670,-0.797670,-0.799204,-0.809942,-1.094449,-1.094449,-1.094449,-1.094449
66.490059,-0.797670,-0.797670,-0.799204,-0.809942,-1.124404,-1.124404,-1.124404,-1.124404
66.500061,-0.931126,-0.923457,-0.932660,-0.937262,-1.146057,-1.146057,-1.146057,-1.146057
66.510063,-0.931126,-0.923457,-0.932660,-0.937262,-1.159261,-1.159261,-1.159261,-1.159261
66.520058,-1.033903,-1.015495,-1.027767,-1.036971,-1.163915,-1.163915,-1.163915,-1.163915
66.530060,-1.033903,-1.015495,-1.027767,-1.036971,-1.159984,-1.159984,-1.159984,-1.159984
66.540054,-1.101398,-1.087592,-1.096796,-1.107534,-1.147496,-1.147496,-1.147496,-1.147496
66.550056,-1.101398,-1.087592,-1.096796,-1.107534,-1.126529,-1.126529,-1.126529,-1.126529
66.560059,-1.139748,-1.127476,-1.136680,-1.145884,-1.097258,-1.097258,-1.097258,-1.097258
66.570061,-1.139748,-1.127476,-1.136680,-1.145884,-1.059857,-1.059857,-1.059857,-1.059857
66.580055,-1.147418,-1.135146,-1.142816,-1.152020,-1.014641,-1.014641,-1.014641,-1.014641
66.590057,-1.147418,-1.135146,-1.142816,-1.152020,-0.961913,-0.961913,-0.961913,-0.961913
66.600060,-1.142816,-1.132078,-1.139748,-1.147418,-0.902070,-0.902070,-0.902070,-0.902070
66.610062,-1.142816,-1.132078,-1.139748,-1.147418,-0.835563,-0.835563,-0.835563,-0.835563
66.620056,-1.090660,-1.092194,-1.093728,-1.101398,-0.762882,-0.762882,-0.762882,-0.762882
66.630058,-1.090660,-1.092194,-1.093728,-1.101398,-0.684550,-0.684550,-0.684550,-0.684550
66.640053,-0.998622,-1.006292,-1.003224,-1.010893,-0.601190,-0.601190,-0.601190,-0.601190
66.650024,-0.998622,-1.006292,-1.003224,-1.010893,-0.513672,-0.513672,-0.513672,-0.513672
66.660065,-0.874369,-0.883573,-0.875903,-0.885107,-0.421647,-0.421647,-0.421647,-0.421647
66.670067,-0.874369,-0.883573,-0.875903,-0.885107,-0.326891,-0.326891,-0.326891,-0.326891
66.680061,-0.725573,-0.731709,-0.722505,-0.728641,-0.229789,-0.229789,-0.229789,-0.229789
66.690063,-0.725573,-0.731709,-0.722505,-0.728641,-0.130936,-0.130936,-0.130936,-0.130936
66.700066,-0.558369,-0.561437,-0.552233,-0.555301,-0.031215,-0.031215,-0.031215,-0.031215
66.710060,-0.558369,-0.561437,-0.552233,-0.555301,0.068709,0.068709,0.068709,0.068709
66.720062,-0.372757,-0.383495,-0.366621,-0.372757,0.168114,0.168114,0.168114,0.168114
66.730064,-0.372757,-0.383495,-0.366621,-0.372757,0.266196,0.266196,0.266196,0.266196
66.740059,-0.182544,-0.197884,-0.174874,-0.181010,0.362241,0.362241,0.362241,0.362241
66.750061,-0.182544,-0.197884,-0.174874,-0.181010,0.455575,0.455575,0.455575,0.455575
66.760056,0.016874,0.009204,0.021476,0.029146,0.545321,0.545321,0.545321,0.545321
66.770065,0.016874,0.009204,0.021476,0.029146,0.631105,0.631105,0.631105,0.631105
66.780060,0.219359,0.204019,0.219359,0.228563,0.712013,0.712013,0.712013,0.712013
66.790062,0.219359,0.204019,0.219359,0.228563,0.787535,0.787535,0.787535,0.787535
66.800064,0.406505,0.392699,0.412641,0.421845,0.857133,0.857133,0.857133,0.857133
66.810066,0.406505,0.392699,0.412641,0.421845,0.920220,0.920220,0.920220,0.920220
66.820061,0.582913,0.566039,0.589049,0.598253,0.976300,0.976300,0.976300,0.976300
66.830063,0.582913,0.566039,0.589049,0.598253,1.025019,1.025019,1.025019,1.025019
66.840057,0.751651,0.724039,0.747049,0.754719,1.065905,1.065905,1.065905,1.065905
66.850067,0.751651,0.724039,0.747049,0.754719,1.098796,1.098796,1.098796,1.098796
66.860054,0.888175,0.865165,0.883573,0.894311,1.123296,1.123296,1.123296,1.123296
66.870064,0.888175,0.865165,0.883573,0.894311,1.139311,1.139311,1.139311,1.139311
66.880051,0.997088,0.981748,0.994020,1.004758,1.146658,1.146658,1.146658,1.146658
66.890060,0.997088,0.981748,0.994020,1.004758,1.145306,1.145306,1.145306,1.145306
66.900055,1.073787,1.063049,1.073787,1.082991,1.135262,1.135262,1.135262,1.135262
66.910065,1.073787,1.063049,1.073787,1.082991,1.116569,1.116569,1.116569,1.116569
66.920059,1.119806,1.109068,1.119806,1.127476,1.089414,1.089414,1.089414,1.089414
66.930054,1.119806,1.109068,1.119806,1.127476,1.053985,1.053985,1.053985,1.053985
66.940056,1.130544,1.119806,1.129010,1.136680,1.010506,1.010506,1.010506,1.010506
66.950066,1.130544,1.119806,1.129010,1.136680,0.959303,0.959303,0.959303,0.959303
66.960060,1.127476,1.115204,1.125942,1.130544,0.900854,0.900854,0.900854,0.900854
66.970062,1.127476,1.115204,1.125942,1.130544,0.835557,0.835557,0.835557,0.835557
66.980064,1.081457,1.070719,1.081457,1.079923,0.763866,0.763866,0.763866,0.763866
66.990059,1.081457,1.070719,1.081457,1.079923,0.686380,0.686380,0.686380,0.686380
67.000069,0.992486,0.981748,0.990952,0.990952,0.603620,0.603620,0.603620,0.603620
67.010063,0.992486,0.981748,0.990952,0.990952,0.516320,0.516320,0.516320,0.516320
67.020065,0.872835,0.863631,0.868233,0.869767,0.425101,0.425101,0.425101,0.425101
67.030067,0.872835,0.863631,0.868233,0.869767,0.330601,0.330601,0.330601,0.330601
67.040062,0.728641,0.722505,0.725573,0.725573,0.233685,0.233685,0.233685,0.233685
67.050064,0.728641,0.722505,0.725573,0.725573,0.134908,0.134908,0.134908,0.134908
67.060059,0.566039,0.559903,0.564505,0.559903,0.035225,0.035225,0.035225,0.035225
67.070068,0.566039,0.559903,0.564505,0.559903,-0.064777,-0.064777,-0.064777,-0.064777
67.080063,0.383495,0.374291,0.378893,0.372757,-0.164147,-0.164147,-0.164147,-0.164147
67.090065,0.383495,0.374291,0.378893,0.372757,-0.262300,-0.262300,-0.262300,-0.262300
67.100060,0.190214,0.177942,0.181010,0.173340,-0.358282,-0.358282,-0.358282,-0.358282
67.110069,0.190214,0.177942,0.181010,0.173340,-0.451585,-0.451585,-0.451585,-0.451585
67.120064,-0.010738,-0.029146,-0.023010,-0.030680,-0.541258,-0.541258,-0.541258,-0.541258
67.130066,-0.010738,-0.029146,-0.023010,-0.030680,-0.626779,-0.626779,-0.626779,-0.626779
67.140060,-0.211689,-0.231631,-0.220893,-0.239301,-0.707312,-0.707312,-0.707312,-0.707312
67.150063,-0.211689,-0.231631,-0.220893,-0.239301,-0.782450,-0.782450,-0.782450,-0.782450
67.160057,-0.406505,-0.418777,-0.411107,-0.429515,-0.851381,-0.851381,-0.851381,-0.851381
67.170059,-0.406505,-0.418777,-0.411107,-0.429515,-0.913773,-0.913773,-0.913773,-0.913773
67.180054,-0.587515,-0.592117,-0.589049,-0.607457,-0.968976,-0.968976,-0.968976,-0.968976
67.190063,-0.587515,-0.592117,-0.589049,-0.607457,-1.016680,-1.016680,-1.016680,-1.016680
67.200035,-0.748583,-0.753185,-0.750117,-0.763923,-1.056329,-1.056329,-1.056329,-1.056329
67.210068,-0.748583,-0.753185,-0.750117,-0.763923,-1.087937,-1.087937,-1.087937,-1.087937
67.220062,-0.888175,-0.883573,-0.889709,-0.894311,-1.110937,-1.110937,-1.110937,-1.110937
67.230064,-0.888175,-0.883573,-0.889709,-0.894311,-1.125283,-1.125283,-1.125283,-1.125283
67.240051,-0.995554,-0.983282,-0.990952,-0.997088,-1.130834,-1.130834,-1.130834,-1.130834
67.250069,-0.995554,-0.983282,-0.990952,-0.997088,-1.127550,-1.127550,-1.127550,-1.127550
67.260056,-1.066117,-1.053845,-1.061515,-1.070719,-1.115463,-1.115463,-1.115463,-1.115463
67.270065,-1.066117,-1.053845,-1.061515,-1.070719,-1.094629,-1.094629,-1.094629,-1.094629
67.280060,-1.104466,-1.096796,-1.101398,-1.110602,-1.065255,-1.065255,-1.065255,-1.065255
67.290062,-1.104466,-1.096796,-1.101398,-1.110602,-1.027528,-1.027528,-1.027528,-1.027528
67.300056,-1.112136,-1.104466,-1.107534,-1.118272,-0.981793,-0.981793,-0.981793,-0.981793
67.310066,-1.112136,-1.104466,-1.107534,-1.118272,-0.928319,-0.928319,-0.928319,-0.928319
67.320061,-1.109068,-1.101398,-1.104466,-1.113670,-0.867627,-0.867627,-0.867627,-0.867627
67.330063,-1.109068,-1.101398,-1.104466,-1.113670,-0.800070,-0.800070,-0.800070,-0.800070
67.340057,-1.056913,-1.055379,-1.058447,-1.063049,-0.726361,-0.726361,-0.726361,-0.726361
67.350067,-1.056913,-1.055379,-1.058447,-1.063049,-0.646826,-0.646826,-0.646826,-0.646826
67.360062,-0.963340,-0.967942,-0.972544,-0.972544,-0.562312,-0.562312,-0.562312,-0.562312
67.370064,-0.963340,-0.967942,-0.972544,-0.972544,-0.473343,-0.473343,-0.473343,-0.473343
67.380051,-0.837554,-0.837554,-0.848292,-0.840622,-0.380807,-0.380807,-0.380807,-0.380807
67.390068,-0.837554,-0.837554,-0.848292,-0.840622,-0.285079,-0.285079,-0.285079,-0.285079
67.400063,-0.687223,-0.685690,-0.693359,-0.684156,-0.187326,-0.187326,-0.187326,-0.187326
67.410065,-0.687223,-0.685690,-0.693359,-0.684156,-0.087990,-0.087990,-0.087990,-0.087990
67.420059,-0.515418,-0.515418,-0.521554,-0.518486,0.011873,0.011873,0.011873,0.011873
67.430061,-0.515418,-0.515418,-0.521554,-0.518486,0.111675,0.111675,0.111675,0.111675
67.440056,-0.331340,-0.335942,-0.339010,-0.335942,0.210524,0.210524,0.210524,0.210524
67.450058,-0.331340,-0.335942,-0.339010,-0.335942,0.307665,0.307665,0.307665,0.307665
67.460052,-0.136524,-0.148796,-0.147262,-0.139592,0.402299,0.402299,0.402299,0.402299
67.470062,-0.136524,-0.148796,-0.147262,-0.139592,0.493800,0.493800,0.493800,0.493800
67.480064,0.061359,0.061359,0.061359,0.072097,0.581304,0.581304,0.581304,0.581304
67.490067,0.061359,0.061359,0.061359,0.072097,0.664110,0.664110,0.664110,0.664110
67.500069,0.257709,0.256175,0.260777,0.268447,0.741591,0.741591,0.741591,0.741591
67.510063,0.257709,0.256175,0.260777,0.268447,0.813127,0.813127,0.813127,0.813127
67.520065,0.446388,0.437185,0.450990,0.458660,0.878135,0.878135,0.878135,0.878135
67.530067,0.446388,0.437185,0.450990,0.458660,0.936123,0.936123,0.936123,0.936123
67.540062,0.621262,0.607457,0.624330,0.632000,0.986579,0.986579,0.986579,0.986579
67.550064,0.621262,0.607457,0.624330,0.632000,1.029141,1.029141,1.029141,1.029141
67.560051,0.774660,0.757787,0.773126,0.780796,1.063403,1.063403,1.063403,1.063403
67.570061,0.774660,0.757787,0.773126,0.780796,1.089195,1.089195,1.089195,1.089195
67.580055,0.905049,0.891243,0.901981,0.912719,1.106205,1.106205,1.106205,1.106205
67.590065,0.905049,0.891243,0.901981,0.912719,1.114346,1.114346,1.114346,1.114346
67.600060,1.001690,0.992486,1.004758,1.012427,1.113525,1.113525,1.113525,1.113525
67.610069,1.001690,0.992486,1.004758,1.012427,1.103748,1.103748,1.103748,1.103748
67.620056,1.067651,1.058447,1.072253,1.075321,1.085118,1.085118,1.085118,1.085118
67.630066,1.067651,1.058447,1.072253,1.075321,1.057726,1.057726,1.057726,1.057726
67.640053,1.099864,1.086058,1.098330,1.101398,1.021872,1.021872,1.021872,1.021872
67.650063,1.099864,1.086058,1.098330,1.101398,0.977718,0.977718,0.977718,0.977718
67.660057,1.099864,1.086058,1.096796,1.099864,0.925748,0.925748,0.925748,0.925748
67.670067,1.099864,1.086058,1.096796,1.099864,0.866273,0.866273,0.866273,0.866273
67.680061,1.079923,1.064583,1.076855,1.076855,0.799865,0.799865,0.799865,0.799865
67.690063,1.079923,1.064583,1.076855,1.076855,0.726957,0.726957,0.726957,0.726957
67.700066,1.010893,0.994020,1.007825,1.007825,0.648222,0.648222,0.648222,0.648222
67.710030,1.010893,0.994020,1.007825,1.007825,0.564618,0.564618,0.564618,0.564618
67.720062,0.901981,0.888175,0.898913,0.900447,0.475852,0.475852,0.475852,0.475852
67.730057,0.901981,0.888175,0.898913,0.900447,0.383540,0.383540,0.383540,0.383540
67.740059,0.766990,0.762389,0.766990,0.762389,0.288137,0.288137,0.288137,0.288137
67.750061,0.766990,0.762389,0.766990,0.762389,0.190414,0.190414,0.190414,0.190414
67.760063,0.610524,0.607457,0.612058,0.605923,0.091231,0.091231,0.091231,0.091231
67.770065,0.610524,0.607457,0.612058,0.605923,-0.008708,-0.008708,-0.008708,-0.008708
67.780060,0.435651,0.426447,0.431049,0.424913,-0.108497,-0.108497,-0.108497,-0.108497
67.790062,0.435651,0.426447,0.431049,0.424913,-0.207404,-0.207404,-0.207404,-0.207404
67.800056,0.242369,0.233165,0.233165,0.230097,-0.304512,-0.304512,-0.304512,-0.304512
67.810059,0.242369,0.233165,0.233165,0.230097,-0.399108,-0.399108,-0.399108,-0.399108
67.820061,0.029146,0.036816,0.035282,0.030680,-0.490427,-0.490427,-0.490427,-0.490427
67.830055,0.029146,0.036816,0.035282,0.030680,-0.577677,-0.577677,-0.577677,-0.577677
67.840057,-0.171806,-0.177942,-0.164136,-0.179476,-0.660178,-0.660178,-0.660178,-0.660178
67.850060,-0.171806,-0.177942,-0.164136,-0.179476,-0.737267,-0.737267,-0.737267,-0.737267
67.860062,-0.362020,-0.369689,-0.355884,-0.378893,-0.808257,-0.808257,-0.808257,-0.808257
67.870056,-0.362020,-0.369689,-0.355884,-0.378893,-0.872590,-0.872590,-0.872590,-0.872590
67.880058,-0.533825,-0.544563,-0.533825,-0.558369,-0.929728,-0.929728,-0.929728,-0.929728
67.890060,-0.533825,-0.544563,-0.533825,-0.558369,-0.979170,-0.979170,-0.979170,-0.979170
67.900070,-0.699495,-0.707165,-0.697961,-0.719437,-1.020597,-1.020597,-1.020597,-1.020597
67.910057,-0.699495,-0.707165,-0.697961,-0.719437,-1.053532,-1.053532,-1.053532,-1.053532
67.920052,-0.843690,-0.840622,-0.837554,-0.855961,-1.077803,-1.077803,-1.077803,-1.077803
67.930061,-0.843690,-0.840622,-0.837554,-0.855961,-1.093188,-1.093188,-1.093188,-1.093188
67.940063,-0.958738,-0.948000,-0.951068,-0.963340,-1.099535,-1.099535,-1.099535,-1.099535
67.950058,-0.958738,-0.948000,-0.951068,-0.963340,-1.096797,-1.096797,-1.096797,-1.096797
67.960060,-1.035437,-1.018563,-1.024699,-1.038505,-1.084995,-1.084995,-1.084995,-1.084995
67.970062,-1.035437,-1.018563,-1.024699,-1.038505,-1.064221,-1.064221,-1.064221,-1.064221
67.980057,-1.075321,-1.061515,-1.070719,-1.078389,-1.034647,-1.034647,-1.034647,-1.034647
67.990059,-1.075321,-1.061515,-1.070719,-1.078389,-0.996503,-0.996503,-0.996503,-0.996503
68.000061,-1.081457,-1.073787,-1.079923,-1.084525,-0.950105,-0.950105,-0.950105,-0.950105
68.010063,-1.081457,-1.073787,-1.079923,-1.084525,-0.895860,-0.895860,-0.895860,-0.895860
68.020058,-1.078389,-1.070719,-1.075321,-1.082991,-0.834189,-0.834189,-0.834189,-0.834189
68.030060,-1.078389,-1.070719,-1.075321,-1.082991,-0.765592,-0.765592,-0.765592,-0.765592
68.040054,-1.027767,-1.030835,-1.030835,-1.038505,-0.690691,-0.690691,-0.690691,-0.690691
68.050056,-1.027767,-1.030835,-1.030835,-1.038505,-0.610031,-0.610031,-0.610031,-0.610031
68.060059,-0.932660,-0.941864,-0.937262,-0.948000,-0.524346,-0.524346,-0.524346,-0.524346
68.070023,-0.932660,-0.941864,-0.937262,-0.948000,-0.434619,-0.434619,-0.434619,-0.434619
68.080055,-0.803806,-0.813010,-0.805340,-0.813010,-0.340704,-0.340704,-0.340704,-0.340704
68.090050,-0.803806,-0.813010,-0.805340,-0.813010,-0.244366,-0.244366,-0.244366,-0.244366
68.100067,-0.651942,-0.656544,-0.648874,-0.653476,-0.145761,-0.145761,-0.145761,-0.145761
68.110062,-0.651942,-0.656544,-0.648874,-0.653476,-0.046134,-0.046134,-0.046134,-0.046134
68.120064,-0.478602,-0.487806,-0.474000,-0.481670,0.053831,0.053831,0.053831,0.053831
68.130066,-0.478602,-0.487806,-0.474000,-0.481670,0.153297,0.153297,0.153297,0.153297
68.140060,-0.291456,-0.305262,-0.288388,-0.292990,0.251419,0.251419,0.251419,0.251419
68.150070,-0.291456,-0.305262,-0.288388,-0.292990,0.347464,0.347464,0.347464,0.347464
68.160065,-0.099709,-0.115049,-0.092039,-0.087437,0.440469,0.440469,0.440469,0.440469
68.170067,-0.099709,-0.115049,-0.092039,-0.087437,0.529789,0.529789,0.529789,0.529789
68.180061,0.099709,0.095107,0.108913,0.127320,0.614585,0.614585,0.614585,0.614585
68.190071,0.099709,0.095107,0.108913,0.127320,0.694217,0.694217,0.694217,0.694217
68.200066,0.296058,0.288388,0.306796,0.322136,0.767917,0.767917,0.767917,0.767917
68.210068,0.296058,0.288388,0.306796,0.322136,0.835150,0.835150,0.835150,0.835150
68.220016,0.481670,0.467864,0.487806,0.498544,0.894987,0.894987,0.894987,0.894987
68.230064,0.481670,0.467864,0.487806,0.498544,0.947807,0.947807,0.947807,0.947807
68.240067,0.648874,0.630466,0.651942,0.668816,0.992337,0.992337,0.992337,0.992337
68.250069,0.648874,0.630466,0.651942,0.668816,1.028433,1.028433,1.028433,1.028433
68.260063,0.796136,0.777728,0.797670,0.809942,1.055814,1.055814,1.055814,1.055814
68.270065,0.796136,0.777728,0.797670,0.809942,1.074239,1.074239,1.074239,1.074239
68.280067,0.917321,0.900447,0.917321,0.931126,1.083547,1.083547,1.083547,1.083547
68.290062,0.917321,0.900447,0.917321,0.931126,1.083655,1.083655,1.083655,1.083655
68.300064,1.003224,0.990952,1.006292,1.012427,1.074559,1.074559,1.074559,1.074559
68.310066,1.003224,0.990952,1.006292,1.012427,1.056332,1.056332,1.056332,1.056332
68.320068,1.056913,1.043107,1.056913,1.064583,1.029119,1.029119,1.029119,1.029119
68.330070,1.056913,1.043107,1.056913,1.064583,0.993160,0.993160,0.993160,0.993160
68.340065,1.069185,1.056913,1.069185,1.072253,0.948771,0.948771,0.948771,0.948771
68.350067,1.069185,1.056913,1.069185,1.072253,0.896283,0.896283,0.896283,0.896283
68.360062,1.066117,1.052311,1.066117,1.066117,0.836172,0.836172,0.836172,0.836172
68.370064,1.066117,1.052311,1.066117,1.066117,0.768950,0.768950,0.768950,0.768950
68.380066,1.021631,1.010893,1.021631,1.018563,0.695186,0.695186,0.695186,0.695186
68.390060,1.021631,1.010893,1.021631,1.018563,0.615495,0.615495,0.615495,0.615495
68.400063,0.931126,0.923457,0.932660,0.929592,0.530586,0.530586,0.530586,0.530586
68.410065,0.931126,0.923457,0.932660,0.929592,0.441138,0.441138,0.441138,0.441138
68.420052,0.806874,0.802272,0.813010,0.806874,0.348063,0.348063,0.348063,0.348063
68.430069,0.806874,0.802272,0.813010,0.806874,0.251789,0.251789,0.251789,0.251789
68.440063,0.658078,0.655010,0.659612,0.656544,0.153552,0.153552,0.153552,0.153552
68.450066,0.658078,0.655010,0.659612,0.656544,0.053985,0.053985,0.053985,0.053985
68.460060,0.492408,0.484738,0.490874,0.484738,-0.045928,-0.045928,-0.045928,-0.045928
68.470062,0.492408,0.484738,0.490874,0.484738,-0.145502,-0.145502,-0.145502,-0.145502
68.480064,0.305262,0.294524,0.297592,0.289922,-0.243750,-0.243750,-0.243750,-0.243750
68.490067,0.305262,0.294524,0.297592,0.289922,-0.339813,-0.339813,-0.339813,-0.339813
68.500069,0.104311,0.101243,0.093573,0.090505,-0.432962,-0.432962,-0.432962,-0.432962
68.510063,0.104311,0.101243,0.093573,0.090505,-0.522310,-0.522310,-0.522310,-0.522310
68.520065,-0.095107,-0.110447,-0.105845,-0.119651,-0.607098,-0.607098,-0.607098,-0.607098
68.530067,-0.095107,-0.110447,-0.105845,-0.119651,-0.686613,-0.686613,-0.686613,-0.686613
68.540062,-0.294524,-0.306796,-0.299126,-0.314466,-0.760125,-0.760125,-0.760125,-0.760125
68.550064,-0.294524,-0.306796,-0.299126,-0.314466,-0.827034,-0.827034,-0.827034,-0.827034
68.560059,-0.483204,-0.490874,-0.484738,-0.500078,-0.886749,-0.886749,-0.886749,-0.886749
68.570061,-0.483204,-0.490874,-0.484738,-0.500078,-0.938763,-0.938763,-0.938763,-0.938763
68.580055,-0.651942,-0.655010,-0.656544,-0.670350,-0.982569,-0.982569,-0.982569,-0.982569
68.590065,-0.651942,-0.655010,-0.656544,-0.670350,-1.017847,-1.017847,-1.017847,-1.017847
68.600067,-0.796136,-0.797670,-0.800738,-0.813010,-1.044253,-1.044253,-1.044253,-1.044253
68.610062,-0.796136,-0.797670,-0.800738,-0.813010,-1.061547,-1.061547,-1.061547,-1.061547
68.620064,-0.917321,-0.909651,-0.917321,-0.921923,-1.069585,-1.069585,-1.069585,-1.069585
68.630066,-0.917321,-0.909651,-0.917321,-0.921923,-1.068293,-1.068293,-1.068293,-1.068293
68.640068,-1.001690,-0.983282,-0.992486,-1.001690,-1.057673,-1.057673,-1.057673,-1.057673
68.650070,-1.001690,-0.983282,-0.992486,-1.001690,-1.037820,-1.037820,-1.037820,-1.037820
68.660065,-1.046175,-1.030835,-1.038505,-1.047709,-1.008911,-1.008911,-1.008911,-1.008911
68.670067,-1.046175,-1.030835,-1.038505,-1.047709,-0.971179,-0.971179,-0.971179,-0.971179
68.680061,-1.053845,-1.043107,-1.050777,-1.058447,-0.924982,-0.924982,-0.924982,-0.924982
68.690063,-1.053845,-1.043107,-1.050777,-1.058447,-0.870666,-0.870666,-0.870666,-0.870666
68.700066,-1.050777,-1.040039,-1.047709,-1.056913,-0.808739,-0.808739,-0.808739,-0.808739
68.710068,-1.050777,-1.040039,-1.047709,-1.056913,-0.739740,-0.739740,-0.739740,-0.739740
68.720062,-1.004758,-1.001690,-1.004758,-1.015495,-0.664297,-0.664297,-0.664297,-0.664297
68.730042,-1.004758,-1.001690,-1.004758,-1.015495,-0.583243,-0.583243,-0.583243,-0.583243
68.740059,-0.908117,-0.909651,-0.909651,-0.920389,-0.496701,-0.496701,-0.496701,-0.496701
68.750061,-0.908117,-0.909651,-0.909651,-0.920389,-0.406012,-0.406012,-0.406012,-0.406012
68.760063,-0.777728,-0.780796,-0.779262,-0.783864,-0.311758,-0.311758,-0.311758,-0.311758
68.770058,-0.777728,-0.780796,-0.779262,-0.783864,-0.214810,-0.214810,-0.214810,-0.214810
68.780060,-0.625864,-0.622796,-0.622796,-0.625864,-0.115999,-0.115999,-0.115999,-0.115999
68.790062,-0.625864,-0.622796,-0.622796,-0.625864,-0.016218,-0.016218,-0.016218,-0.016218
68.800018,-0.452524,-0.450990,-0.449456,-0.452524,0.083299,0.083299,0.083299,0.083299
68.810059,-0.452524,-0.450990,-0.449456,-0.452524,0.182807,0.182807,0.182807,0.182807
68.820061,-0.263845,-0.268447,-0.263845,-0.263845,0.280268,0.280268,0.280268,0.280268
68.830063,-0.263845,-0.268447,-0.263845,-0.263845,0.375261,0.375261,0.375261,0.375261
68.840057,-0.058291,-0.072097,-0.073631,-0.061359,0.466775,0.466775,0.466775,0.466775
68.850021,-0.058291,-0.072097,-0.073631,-0.061359,0.553855,0.553855,0.553855,0.553855
68.860054,0.138058,0.134990,0.124252,0.142660,0.636590,0.636590,0.636590,0.636590
68.870064,0.138058,0.134990,0.124252,0.142660,0.713410,0.713410,0.713410,0.713410
68.880058,0.323670,0.322136,0.322136,0.337476,0.783723,0.783723,0.783723,0.783723
68.890060,0.323670,0.322136,0.322136,0.337476,0.847097,0.847097,0.847097,0.847097
68.900063,0.506214,0.500078,0.507748,0.524621,0.902902,0.902902,0.902902,0.902902
68.910065,0.506214,0.500078,0.507748,0.524621,0.950626,0.950626,0.950626,0.950626
68.920059,0.673418,0.658078,0.674952,0.685690,0.989813,0.989813,0.989813,0.989813
68.930069,0.673418,0.658078,0.674952,0.685690,1.020177,1.020177,1.020177,1.020177
68.940063,0.809942,0.797670,0.809942,0.819146,1.041391,1.041391,1.041391,1.041391
68.950066,0.809942,0.797670,0.809942,0.819146,1.053289,1.053289,1.053289,1.053289
68.960068,0.921923,0.909651,0.920389,0.929592,1.055750,1.055750,1.055750,1.055750
68.970062,0.921923,0.909651,0.920389,0.929592,1.048753,1.048753,1.048753,1.048753
68.980064,0.997088,0.987884,1.000156,1.006292,1.032345,1.032345,1.032345,1.032345
68.990067,0.997088,0.987884,1.000156,1.006292,1.006673,1.006673,1.006673,1.006673
69.000069,1.035437,1.023165,1.038505,1.044641,0.971984,0.971984,0.971984,0.971984
69.010071,1.035437,1.023165,1.038505,1.044641,0.928559,0.928559,0.928559,0.928559
69.020065,1.040039,1.026233,1.040039,1.046175,0.876814,0.876814,0.876814,0.876814
69.030067,1.040039,1.026233,1.040039,1.046175,0.817202,0.817202,0.817202,0.817202
69.040062,1.026233,1.009359,1.024699,1.021631,0.750240,0.750240,0.750240,0.750240
69.050064,1.026233,1.009359,1.024699,1.021631,0.676524,0.676524,0.676524,0.676524
69.060066,0.961806,0.946466,0.958738,0.957204,0.596779,0.596779,0.596779,0.596779
69.070068,0.961806,0.946466,0.958738,0.957204,0.511603,0.511603,0.511603,0.511603
69.080063,0.854427,0.843690,0.852893,0.854427,0.421919,0.421919,0.421919,0.421919
69.090065,0.854427,0.843690,0.852893,0.854427,0.328370,0.328370,0.328370,0.328370
69.100067,0.719437,0.707165,0.717903,0.717903,0.231930,0.231930,0.231930,0.231930
69.110069,0.719437,0.707165,0.717903,0.717903,0.133431,0.133431,0.133431,0.133431
69.120064,0.561437,0.546097,0.558369,0.556835,0.033770,0.033770,0.033770,0.033770
69.130066,0.561437,0.546097,0.558369,0.556835,-0.066198,-0.066198,-0.066198,-0.066198
69.140060,0.378893,0.362020,0.375825,0.371223,-0.165446,-0.165446,-0.165446,-0.165446
69.150063,0.378893,0.362020,0.375825,0.371223,-0.263251,-0.263251,-0.263251,-0.263251
69.160065,0.185612,0.170272,0.179476,0.170272,-0.358574,-0.358574,-0.358574,-0.358574
69.170067,0.185612,0.170272,0.179476,0.170272,-0.450577,-0.450577,-0.450577,-0.450577
69.180061,-0.015340,-0.038350,-0.021476,-0.033748,-0.538467,-0.538467,-0.538467,-0.538467
69.190063,-0.015340,-0.038350,-0.021476,-0.033748,-0.621420,-0.621420,-0.621420,-0.621420
69.200066,-0.216291,-0.242369,-0.222427,-0.240835,-0.698653,-0.698653,-0.698653,-0.698653
69.210068,-0.216291,-0.242369,-0.222427,-0.240835,-0.769458,-0.769458,-0.769458,-0.769458
69.220062,-0.406505,-0.427981,-0.411107,-0.432583,-0.833213,-0.833213,-0.833213,-0.833213
69.230064,-0.406505,-0.427981,-0.411107,-0.432583,-0.889325,-0.889325,-0.889325,-0.889325
69.240067,-0.585981,-0.598253,-0.587515,-0.604389,-0.937274,-0.937274,-0.937274,-0.937274
69.250061,-0.585981,-0.598253,-0.587515,-0.604389,-0.976596,-0.976596,-0.976596,-0.976596
69.260033,-0.739379,-0.748583,-0.742447,-0.751651,-1.006883,-1.006883,-1.006883,-1.006883
69.270065,-0.739379,-0.748583,-0.742447,-0.751651,-1.028078,-1.028078,-1.028078,-1.028078
69.280060,-0.866699,-0.868233,-0.866699,-0.872835,-1.039737,-1.039737,-1.039737,-1.039737
69.290070,-0.866699,-0.868233,-0.866699,-0.872835,-1.041840,-1.041840,-1.041840,-1.041840
69.300064,-0.963340,-0.951068,-0.949534,-0.961806,-1.034358,-1.034358,-1.034358,-1.034358
69.310066,-0.963340,-0.951068,-0.949534,-0.961806,-1.017347,-1.017347,-1.017347,-1.017347
69.320061,-1.015495,-0.995554,-1.000156,-1.017029,-0.990990,-0.990990,-0.990990,-0.990990
69.330063,-1.015495,-0.995554,-1.000156,-1.017029,-0.955486,-0.955486,-0.955486,-0.955486
69.340057,-1.027767,-1.013961,-1.021631,-1.032369,-0.911211,-0.911211,-0.911211,-0.911211
69.350052,-1.027767,-1.013961,-1.021631,-1.032369,-0.858547,-0.858547,-0.858547,-0.858547
69.360054,-1.026233,-1.013961,-1.020097,-1.030835,-0.797912,-0.797912,-0.797912,-0.797912
69.370056,-1.026233,-1.013961,-1.020097,-1.030835,-0.729931,-0.729931,-0.729931,-0.729931
69.380058,-0.986350,-0.983282,-0.986350,-0.997088,-0.655239,-0.655239,-0.655239,-0.655239
69.390060,-0.986350,-0.983282,-0.986350,-0.997088,-0.574490,-0.574490,-0.574490,-0.574490
69.400063,-0.894311,-0.905049,-0.898913,-0.908117,-0.488441,-0.488441,-0.488441,-0.488441
69.410057,-0.894311,-0.905049,-0.898913,-0.908117,-0.397925,-0.397925,-0.397925,-0.397925
69.420059,-0.766990,-0.779262,-0.768524,-0.776194,-0.303742,-0.303742,-0.303742,-0.303742
69.430061,-0.766990,-0.779262,-0.768524,-0.776194,-0.206740,-0.206740,-0.206740,-0.206740
69.440063,-0.616660,-0.622796,-0.610524,-0.618194,-0.107879,-0.107879,-0.107879,-0.107879
69.450058,-0.616660,-0.622796,-0.610524,-0.618194,-0.008057,-0.008057,-0.008057,-0.008057
69.460060,-0.443321,-0.450990,-0.440253,-0.444854,0.091804,0.091804,0.091804,0.091804
69.470062,-0.443321,-0.450990,-0.440253,-0.444854,0.190783,0.190783,0.190783,0.190783
69.480057,-0.256175,-0.268447,-0.253107,-0.257709,0.287915,0.287915,0.287915,0.287915
69.490036,-0.256175,-0.268447,-0.253107,-0.257709,0.382085,0.382085,0.382085,0.382085
69.500061,-0.059825,-0.076699,-0.056757,-0.052155,0.473138,0.473138,0.473138,0.473138
69.510063,-0.059825,-0.076699,-0.056757,-0.052155,0.559491,0.559491,0.559491,0.559491
69.520065,0.138058,0.130388,0.145728,0.151864,0.640568,0.640568,0.640568,0.640568
69.530060,0.138058,0.130388,0.145728,0.151864,0.715600,0.715600,0.715600,0.715600
69.540054,0.331340,0.319068,0.342078,0.346680,0.783875,0.783875,0.783875,0.783875
69.550056,0.331340,0.319068,0.342078,0.346680,0.844801,0.844801,0.844801,0.844801
69.560059,0.510816,0.497010,0.520020,0.529223,0.897738,0.897738,0.897738,0.897738
69.570061,0.510816,0.497010,0.520020,0.529223,0.942256,0.942256,0.942256,0.942256
69.580055,0.673418,0.656544,0.678020,0.685690,0.977864,0.977864,0.977864,0.977864
69.590057,0.673418,0.656544,0.678020,0.685690,1.004265,1.004265,1.004265,1.004265
69.600060,0.809942,0.793068,0.809942,0.816078,1.021183,1.021183,1.021183,1.021183
69.610062,0.809942,0.793068,0.809942,0.816078,1.028468,1.028468,1.028468,1.028468
69.620064,0.917321,0.897379,0.915787,0.924991,1.026044,1.026044,1.026044,1.026044
69.630058,0.917321,0.897379,0.915787,0.924991,1.013933,1.013933,1.013933,1.013933
69.640060,0.984816,0.969476,0.986350,0.992486,0.992245,0.992245,0.992245,0.992245
69.650063,0.984816,0.969476,0.986350,0.992486,0.961162,0.961162,0.961162,0.961162
69.660057,1.012427,1.000156,1.010893,1.018563,0.921016,0.921016,0.921016,0.921016
69.670059,1.012427,1.000156,1.010893,1.018563,0.872139,0.872139,0.872139,0.872139
69.680054,1.012427,1.000156,1.010893,1.017029,0.815047,0.815047,0.815047,0.815047
69.690056,1.012427,1.000156,1.010893,1.017029,0.750211,0.750211,0.750211,0.750211
69.700058,0.986350,0.972544,0.983282,0.983282,0.678279,0.678279,0.678279,0.678279
69.710060,0.986350,0.972544,0.983282,0.983282,0.599917,0.599917,0.599917,0.599917
69.720062,0.908117,0.898913,0.903515,0.905049,0.515893,0.515893,0.515893,0.515893
69.730064,0.908117,0.898913,0.903515,0.905049,0.426982,0.426982,0.426982,0.426982
69.740059,0.791534,0.783864,0.790000,0.786932,0.334069,0.334069,0.334069,0.334069
69.750053,0.791534,0.783864,0.790000,0.786932,0.238070,0.238070,0.238070,0.238070
69.760056,0.645806,0.642738,0.647340,0.639670,0.139673,0.139673,0.139673,0.139673
69.770058,0.645806,0.642738,0.647340,0.639670,0.040044,0.040044,0.040044,0.040044
69.780060,0.480136,0.470932,0.484738,0.463262,-0.059880,-0.059880,-0.059880,-0.059880
69.790062,0.480136,0.470932,0.484738,0.463262,-0.159229,-0.159229,-0.159229,-0.159229
69.800064,0.291456,0.282252,0.296058,0.266913,-0.257027,-0.257027,-0.257027,-0.257027
69.810059,0.291456,0.282252,0.296058,0.266913,-0.352277,-0.352277,-0.352277,-0.352277
69.820061,0.081301,0.088971,0.093573,0.064427,-0.444127,-0.444127,-0.444127,-0.444127
69.830063,0.081301,0.088971,0.093573,0.064427,-0.531692,-0.531692,-0.531692,-0.531692
69.840057,-0.116583,-0.128854,-0.110447,-0.136524,-0.614103,-0.614103,-0.614103,-0.614103
69.850060,-0.116583,-0.128854,-0.110447,-0.136524,-0.690597,-0.690597,-0.690597,-0.690597
69.860062,-0.309864,-0.323670,-0.317534,-0.329806,-0.760389,-0.760389,-0.760389,-0.760389
69.870064,-0.309864,-0.323670,-0.317534,-0.329806,-0.822856,-0.822856,-0.822856,-0.822856
69.880058,-0.489340,-0.498544,-0.497010,-0.507748,-0.877353,-0.877353,-0.877353,-0.877353
69.890060,-0.489340,-0.498544,-0.497010,-0.507748,-0.923385,-0.923385,-0.923385,-0.923385
69.900063,-0.656544,-0.670350,-0.659612,-0.671884,-0.960478,-0.960478,-0.960478,-0.960478
69.910057,-0.656544,-0.670350,-0.659612,-0.671884,-0.988279,-0.988279,-0.988279,-0.988279
69.920059,-0.796136,-0.803806,-0.797670,-0.808408,-1.006520,-1.006520,-1.006520,-1.006520
69.930061,-0.796136,-0.803806,-0.797670,-0.808408,-1.015017,-1.015017,-1.015017,-1.015017
69.940063,-0.903515,-0.901981,-0.903515,-0.909651,-1.013678,-1.013678,-1.013678,-1.013678
69.950066,-0.903515,-0.901981,-0.903515,-0.909651,-1.002515,-1.002515,-1.002515,-1.002515
69.960068,-0.974078,-0.960272,-0.966408,-0.977146,-0.981640,-0.981640,-0.981640,-0.981640
69.970070,-0.974078,-0.960272,-0.966408,-0.977146,-0.951239,-0.951239,-0.951239,-0.951239
69.980064,-1.001690,-0.984816,-0.992486,-1.006292,-0.911626,-0.911626,-0.911626,-0.911626
69.990067,-1.001690,-0.984816,-0.992486,-1.006292,-0.863163,-0.863163,-0.863163,-0.863163
70.000061,-1.001690,-0.987884,-0.994020,-1.007825,-0.806325,-0.806325,-0.806325,-0.806325
70.010063,-1.001690,-0.987884,-0.994020,-1.007825,-0.741645,-0.741645,-0.741645,-0.741645
70.020058,-0.977146,-0.971010,-0.975612,-0.986350,-0.669827,-0.669827,-0.669827,-0.669827
70.030067,-0.977146,-0.971010,-0.975612,-0.986350,-0.591387,-0.591387,-0.591387,-0.591387
70.040062,-0.898913,-0.901981,-0.903515,-0.912719,-0.507352,-0.507352,-0.507352,-0.507352
70.050064,-0.898913,-0.901981,-0.903515,-0.912719,-0.418271,-0.418271,-0.418271,-0.418271
70.060066,-0.777728,-0.783864,-0.782330,-0.786932,-0.325183,-0.325183,-0.325183,-0.325183
70.070068,-0.777728,-0.783864,-0.782330,-0.786932,-0.228931,-0.228931,-0.228931,-0.228931
70.080063,-0.630466,-0.630466,-0.628932,-0.636602,-0.130528,-0.130528,-0.130528,-0.130528
70.090065,-0.630466,-0.630466,-0.628932,-0.636602,-0.030837,-0.030837,-0.030837,-0.030837
70.100067,-0.461728,-0.463262,-0.458660,-0.466330,0.069090,0.069090,0.069090,0.069090
70.110046,-0.461728,-0.463262,-0.458660,-0.466330,0.168148,0.168148,0.168148,0.168148
70.120064,-0.277651,-0.279185,-0.274583,-0.280719,0.265831,0.265831,0.265831,0.265831
70.130066,-0.277651,-0.279185,-0.274583,-0.280719,0.360698,0.360698,0.360698,0.360698
70.140060,-0.082835,-0.085903,-0.078233,-0.079767,0.451965,0.451965,0.451965,0.451965
70.150063,-0.082835,-0.085903,-0.078233,-0.079767,0.538779,0.538779,0.538779,0.538779
70.160057,0.115049,0.119651,0.121184,0.131922,0.620197,0.620197,0.620197,0.620197
70.170067,0.115049,0.119651,0.121184,0.131922,0.695532,0.695532,0.695532,0.695532
70.180061,0.311398,0.306796,0.319068,0.328272,0.763926,0.763926,0.763926,0.763926
70.190063,0.311398,0.306796,0.319068,0.328272,0.824801,0.824801,0.824801,0.824801
70.200066,0.495476,0.484738,0.500078,0.504680,0.877449,0.877449,0.877449,0.877449
70.210068,0.495476,0.484738,0.500078,0.504680,0.921424,0.921424,0.921424,0.921424
70.220062,0.656544,0.642738,0.658078,0.664214,0.956240,0.956240,0.956240,0.956240
70.230064,0.656544,0.642738,0.658078,0.664214,0.981583,0.981583,0.981583,0.981583
70.240067,0.791534,0.779262,0.788466,0.797670,0.997179,0.997179,0.997179,0.997179
70.250069,0.791534,0.779262,0.788466,0.797670,1.002870,1.002870,1.002870,1.002870
70.260063,0.897379,0.882039,0.888175,0.905049,0.998602,0.998602,0.998602,0.998602
70.270065,0.897379,0.882039,0.888175,0.905049,0.984397,0.984397,0.984397,0.984397
70.280060,0.961806,0.951068,0.958738,0.971010,0.960431,0.960431,0.960431,0.960431
70.290070,0.961806,0.951068,0.958738,0.971010,0.926886,0.926886,0.926886,0.926886
70.300056,0.987884,0.975612,0.986350,0.990952,0.884180,0.884180,0.884180,0.884180
70.310066,0.987884,0.975612,0.986350,0.990952,0.832595,0.832595,0.832595,0.832595
70.320053,0.987884,0.974078,0.986350,0.989418,0.772809,0.772809,0.772809,0.772809
70.330063,0.987884,0.974078,0.986350,0.989418,0.705050,0.705050,0.705050,0.705050
70.340065,0.951068,0.941864,0.954136,0.951068,0.630241,0.630241,0.630241,0.630241
70.350067,0.951068,0.941864,0.954136,0.951068,0.549238,0.549238,0.549238,0.549238
70.360054,0.868233,0.862097,0.868233,0.866699,0.462936,0.462936,0.462936,0.462936
70.370064,0.868233,0.862097,0.868233,0.866699,0.371918,0.371918,0.371918,0.371918
70.380058,0.745515,0.739379,0.743981,0.740913,0.277449,0.277449,0.277449,0.277449
70.390060,0.745515,0.739379,0.743981,0.740913,0.180151,0.180151,0.180151,0.180151
70.400070,0.593651,0.590583,0.595185,0.592117,0.081203,0.081203,0.081203,0.081203
70.410065,0.593651,0.590583,0.595185,0.592117,-0.018403,-0.018403,-0.018403,-0.018403
70.420067,0.423379,0.412641,0.417243,0.417243,-0.117707,-0.117707,-0.117707,-0.117707
70.430069,0.423379,0.412641,0.417243,0.417243,-0.215702,-0.215702,-0.215702,-0.215702
70.440063,0.233165,0.222427,0.223961,0.222427,-0.311384,-0.311384,-0.311384,-0.311384
70.450066,0.233165,0.222427,0.223961,0.222427,-0.403874,-0.403874,-0.403874,-0.403874
70.460068,0.030680,0.029146,0.026078,0.018408,-0.492119,-0.492119,-0.492119,-0.492119
70.470070,0.030680,0.029146,0.026078,0.018408,-0.575334,-0.575334,-0.575334,-0.575334
70.480057,-0.168738,-0.184078,-0.174874,-0.193282,-0.652572,-0.652572,-0.652572,-0.652572
70.490067,-0.168738,-0.184078,-0.174874,-0.193282,-0.723205,-0.723205,-0.723205,-0.723205
70.500061,-0.358952,-0.372757,-0.366621,-0.385029,-0.786364,-0.786364,-0.786364,-0.786364
70.510071,-0.358952,-0.372757,-0.366621,-0.385029,-0.841579,-0.841579,-0.841579,-0.841579
70.520065,-0.535359,-0.543029,-0.541495,-0.558369,-0.888103,-0.888103,-0.888103,-0.888103
70.530067,-0.535359,-0.543029,-0.541495,-0.558369,-0.925603,-0.925603,-0.925603,-0.925603
70.540062,-0.691825,-0.696427,-0.696427,-0.711767,-0.953641,-0.953641,-0.953641,-0.953641
70.550064,-0.691825,-0.696427,-0.696427,-0.711767,-0.971972,-0.971972,-0.971972,-0.971972
70.560066,-0.817612,-0.817612,-0.820680,-0.836020,-0.980393,-0.980393,-0.980393,-0.980393
70.570122,-0.817612,-0.817612,-0.820680,-0.836020,-0.978789,-0.978789,-0.978789,-0.978789
70.580055,-0.908117,-0.901981,-0.908117,-0.917321,-0.967337,-0.967337,-0.967337,-0.967337
70.590065,-0.908117,-0.901981,-0.908117,-0.917321,-0.945925,-0.945925,-0.945925,-0.945925
70.600060,-0.960272,-0.944932,-0.952602,-0.961806,-0.914931,-0.914931,-0.914931,-0.914931
70.610069,-0.960272,-0.944932,-0.952602,-0.961806,-0.874605,-0.874605,-0.874605,-0.874605
70.620064,-0.969476,-0.952602,-0.957204,-0.971010,-0.825434,-0.825434,-0.825434,-0.825434
70.630066,-0.969476,-0.952602,-0.957204,-0.971010,-0.767834,-0.767834,-0.767834,-0.767834
70.640060,-0.961806,-0.951068,-0.955670,-0.966408,-0.702500,-0.702500,-0.702500,-0.702500
70.650063,-0.961806,-0.951068,-0.955670,-0.966408,-0.630017,-0.630017,-0.630017,-0.630017
70.660065,-0.903515,-0.909651,-0.908117,-0.915787,-0.551174,-0.551174,-0.551174,-0.551174
70.670067,-0.903515,-0.909651,-0.908117,-0.915787,-0.466750,-0.466750,-0.466750,-0.466750
70.680061,-0.803806,-0.816078,-0.806874,-0.814544,-0.377677,-0.377677,-0.377677,-0.377677
70.690063,-0.803806,-0.816078,-0.806874,-0.814544,-0.284799,-0.284799,-0.284799,-0.284799
70.700058,-0.668816,-0.678020,-0.667282,-0.673418,-0.189136,-0.189136,-0.189136,-0.189136
70.710060,-0.668816,-0.678020,-0.667282,-0.673418,-0.091604,-0.091604,-0.091604,-0.091604
70.720070,-0.509282,-0.516952,-0.506214,-0.512350,0.006779,0.006779,0.006779,0.006779
70.730064,-0.509282,-0.516952,-0.506214,-0.512350,0.104921,0.104921,0.104921,0.104921
70.740067,-0.332874,-0.343612,-0.335942,-0.334408,0.201887,0.201887,0.201887,0.201887
70.750069,-0.332874,-0.343612,-0.335942,-0.334408,0.296642,0.296642,0.296642,0.296642
70.760063,-0.142660,-0.156466,-0.151864,-0.145728,0.388180,0.388180,0.388180,0.388180
70.770065,-0.142660,-0.156466,-0.151864,-0.145728,0.475696,0.475696,0.475696,0.475696
70.780060,0.050621,0.047553,0.047553,0.062893,0.558064,0.558064,0.558064,0.558064
70.790070,0.050621,0.047553,0.047553,0.062893,0.634663,0.634663,0.634663,0.634663
70.800056,0.248505,0.237767,0.256175,0.259243,0.704480,0.704480,0.704480,0.704480
70.810066,0.248505,0.237767,0.256175,0.259243,0.767022,0.767022,0.767022,0.767022
70.820061,0.431049,0.414175,0.435651,0.444854,0.821435,0.821435,0.821435,0.821435
70.830070,0.431049,0.414175,0.435651,0.444854,0.867333,0.867333,0.867333,0.867333
70.840065,0.595185,0.573709,0.596719,0.604389,0.904090,0.904090,0.904090,0.904090
70.850067,0.595185,0.573709,0.596719,0.604389,0.931425,0.931425,0.931425,0.931425
70.860054,0.739379,0.711767,0.733243,0.737845,0.949009,0.949009,0.949009,0.949009
70.870064,0.739379,0.711767,0.733243,0.737845,0.956698,0.956698,0.956698,0.956698
70.880058,0.846758,0.822214,0.839088,0.846758,0.954396,0.954396,0.954396,0.954396
70.890068,0.846758,0.822214,0.839088,0.846758,0.942118,0.942118,0.942118,0.942118
70.900063,0.914253,0.894311,0.909651,0.921923,0.920035,0.920035,0.920035,0.920035
70.910065,0.914253,0.894311,0.909651,0.921923,0.888328,0.888328,0.888328,0.888328
70.920067,0.940330,0.929592,0.940330,0.948000,0.847389,0.847389,0.847389,0.847389
70.930069,0.940330,0.929592,0.940330,0.948000,0.797597,0.797597,0.797597,0.797597
70.940063,0.940330,0.931126,0.940330,0.946466,0.739523,0.739523,0.739523,0.739523
70.950066,0.940330,0.931126,0.940330,0.946466,0.673770,0.673770,0.673770,0.673770
70.960060,0.915787,0.903515,0.911185,0.914253,0.601054,0.601054,0.601054,0.601054
70.970062,0.915787,0.903515,0.911185,0.914253,0.522037,0.522037,0.522037,0.522037
70.980064,0.834486,0.829884,0.832952,0.836020,0.437656,0.437656,0.437656,0.437656
70.990067,0.834486,0.829884,0.832952,0.836020,0.348782,0.348782,0.348782,0.348782
71.000061,0.714835,0.711767,0.714835,0.713301,0.256335,0.256335,0.256335,0.256335
71.010063,0.714835,0.711767,0.714835,0.713301,0.161279,0.161279,0.161279,0.161279
71.020065,0.569107,0.561437,0.569107,0.562971,0.064660,0.064660,0.064660,0.064660
71.030067,0.569107,0.561437,0.569107,0.562971,-0.032550,-0.032550,-0.032550,-0.032550
71.040062,0.397301,0.388097,0.394233,0.388097,-0.129276,-0.129276,-0.129276,-0.129276
71.050064,0.397301,0.388097,0.394233,0.388097,-0.224537,-0.224537,-0.224537,-0.224537
71.060066,0.213223,0.204019,0.204019,0.196350,-0.317298,-0.317298,-0.317298,-0.317298
71.070061,0.213223,0.204019,0.204019,0.196350,-0.406556,-0.406556,-0.406556,-0.406556
71.080063,0.016874,0.013806,0.012272,0.003068,-0.491443,-0.491443,-0.491443,-0.491443
71.090065,0.016874,0.013806,0.012272,0.003068,-0.571008,-0.571008,-0.571008,-0.571008
71.100067,-0.181010,-0.194816,-0.181010,-0.202485,-0.644412,-0.644412,-0.644412,-0.644412
71.110062,-0.181010,-0.194816,-0.181010,-0.202485,-0.710872,-0.710872,-0.710872,-0.710872
71.120064,-0.368155,-0.377359,-0.368155,-0.386563,-0.769719,-0.769719,-0.769719,-0.769719
71.130066,-0.368155,-0.377359,-0.368155,-0.386563,-0.820267,-0.820267,-0.820267,-0.820267
71.140060,-0.536893,-0.543029,-0.541495,-0.552233,-0.862041,-0.862041,-0.862041,-0.862041
71.150063,-0.536893,-0.543029,-0.541495,-0.552233,-0.894574,-0.894574,-0.894574,-0.894574
71.160065,-0.682622,-0.687223,-0.685690,-0.697961,-0.917528,-0.917528,-0.917528,-0.917528
71.170044,-0.682622,-0.687223,-0.685690,-0.697961,-0.930643,-0.930643,-0.930643,-0.930643
71.180054,-0.796136,-0.802272,-0.797670,-0.808408,-0.933836,-0.933836,-0.933836,-0.933836
71.190018,-0.796136,-0.802272,-0.797670,-0.808408,-0.927092,-0.927092,-0.927092,-0.927092
71.200058,-0.878971,-0.875903,-0.875903,-0.885107,-0.910304,-0.910304,-0.910304,-0.910304
71.210037,-0.878971,-0.875903,-0.875903,-0.885107,-0.883922,-0.883922,-0.883922,-0.883922
71.220055,-0.921923,-0.908117,-0.912719,-0.920389,-0.847961,-0.847961,-0.847961,-0.847961
71.230057,-0.921923,-0.908117,-0.912719,-0.920389,-0.803011,-0.803011,-0.803011,-0.803011
71.240059,-0.924991,-0.909651,-0.917321,-0.923457,-0.749507,-0.749507,-0.749507,-0.749507
71.250061,-0.924991,-0.909651,-0.917321,-0.923457,-0.687994,-0.687994,-0.687994,-0.687994
71.260056,-0.905049,-0.900447,-0.906583,-0.911185,-0.619184,-0.619184,-0.619184,-0.619184
71.270058,-0.905049,-0.900447,-0.906583,-0.911185,-0.543755,-0.543755,-0.543755,-0.543755
71.280060,-0.834486,-0.839088,-0.837554,-0.843690,-0.462604,-0.462604,-0.462604,-0.462604
71.290031,-0.834486,-0.839088,-0.837554,-0.843690,-0.376805,-0.376805,-0.376805,-0.376805
71.300064,-0.725573,-0.725573,-0.724039,-0.728641,-0.286457,-0.286457,-0.286457,-0.286457
71.310066,-0.725573,-0.725573,-0.724039,-0.728641,-0.193458,-0.193458,-0.193458,-0.193458
71.320061,-0.585981,-0.582913,-0.581379,-0.585981,-0.098515,-0.098515,-0.098515,-0.098515
71.330063,-0.585981,-0.582913,-0.581379,-0.585981,-0.002575,-0.002575,-0.002575,-0.002575
71.340065,-0.418777,-0.423379,-0.417243,-0.415709,0.093300,0.093300,0.093300,0.093300
71.350067,-0.418777,-0.423379,-0.417243,-0.415709,0.187996,0.187996,0.187996,0.187996
71.360062,-0.239301,-0.246971,-0.237767,-0.233165,0.280533,0.280533,0.280533,0.280533
71.370064,-0.239301,-0.246971,-0.237767,-0.233165,0.369953,0.369953,0.369953,0.369953
71.380058,-0.041417,-0.055223,-0.046019,-0.030680,0.455216,0.455216,0.455216,0.455216
71.390060,-0.041417,-0.055223,-0.046019,-0.030680,0.535493,0.535493,0.535493,0.535493
71.400063,0.148796,0.141126,0.145728,0.151864,0.609814,0.609814,0.609814,0.609814
71.410065,0.148796,0.141126,0.145728,0.151864,0.677429,0.677429,0.677429,0.677429
71.420059,0.328272,0.320602,0.328272,0.335942,0.737576,0.737576,0.737576,0.737576
71.430069,0.328272,0.320602,0.328272,0.335942,0.789630,0.789630,0.789630,0.789630
71.440063,0.493942,0.484738,0.497010,0.507748,0.832974,0.832974,0.832974,0.832974
71.450066,0.493942,0.484738,0.497010,0.507748,0.867190,0.867190,0.867190,0.867190
71.460060,0.638136,0.628932,0.641204,0.650408,0.891864,0.891864,0.891864,0.891864
71.470062,0.638136,0.628932,0.641204,0.650408,0.906793,0.906793,0.906793,0.906793
71.480057,0.759321,0.745515,0.757787,0.765456,0.911766,0.911766,0.911766,0.911766
71.490028,0.759321,0.745515,0.757787,0.765456,0.906788,0.906788,0.906788,0.906788
71.500031,0.845224,0.831418,0.840622,0.849826,0.891865,0.891865,0.891865,0.891865
71.510063,0.845224,0.831418,0.840622,0.849826,0.867100,0.867100,0.867100,0.867100
71.520058,0.892777,0.875903,0.888175,0.900447,0.832906,0.832906,0.832906,0.832906
71.530060,0.892777,0.875903,0.888175,0.900447,0.789603,0.789603,0.789603,0.789603
71.540062,0.898913,0.882039,0.895845,0.906583,0.737648,0.737648,0.737648,0.737648
71.550056,0.898913,0.882039,0.895845,0.906583,0.677677,0.677677,0.677677,0.677677
71.560059,0.885107,0.869767,0.883573,0.888175,0.610269,0.610269,0.610269,0.610269
71.570068,0.885107,0.869767,0.883573,0.888175,0.536215,0.536215,0.536215,0.536215
71.580063,0.822214,0.811476,0.823748,0.825282,0.456355,0.456355,0.456355,0.456355
71.590065,0.822214,0.811476,0.823748,0.825282,0.371580,0.371580,0.371580,0.371580
71.600067,0.716369,0.707165,0.717903,0.714835,0.282762,0.282762,0.282762,0.282762
71.610062,0.716369,0.707165,0.717903,0.714835,0.190991,0.190991,0.190991,0.190991
71.620064,0.579845,0.566039,0.581379,0.575243,0.097120,0.097120,0.097120,0.097120
71.630066,0.579845,0.566039,0.581379,0.575243,0.002336,0.002336,0.002336,0.002336
71.640060,0.418777,0.400369,0.414175,0.411107,-0.092351,-0.092351,-0.092351,-0.092351
71.650063,0.418777,0.400369,0.414175,0.411107,-0.185926,-0.185926,-0.185926,-0.185926
71.660019,0.242369,0.222427,0.233165,0.228563,-0.276940,-0.276940,-0.276940,-0.276940
71.670067,0.242369,0.222427,0.233165,0.228563,-0.365515,-0.365515,-0.365515,-0.365515
71.680061,0.052155,0.035282,0.052155,0.038350,-0.449503,-0.449503,-0.449503,-0.449503
71.690056,0.052155,0.035282,0.052155,0.038350,-0.528416,-0.528416,-0.528416,-0.528416
71.700058,-0.139592,-0.161068,-0.133456,-0.162602,-0.601368,-0.601368,-0.601368,-0.601368
71.710060,-0.139592,-0.161068,-0.133456,-0.162602,-0.667534,-0.667534,-0.667534,-0.667534
71.720062,-0.326738,-0.335942,-0.317534,-0.345146,-0.726161,-0.726161,-0.726161,-0.726161
71.730064,-0.326738,-0.335942,-0.317534,-0.345146,-0.776625,-0.776625,-0.776625,-0.776625
71.740067,-0.493942,-0.500078,-0.487806,-0.512350,-0.818347,-0.818347,-0.818347,-0.818347
71.750046,-0.493942,-0.500078,-0.487806,-0.512350,-0.850826,-0.850826,-0.850826,-0.850826
71.760063,-0.638136,-0.644272,-0.638136,-0.658078,-0.873824,-0.873824,-0.873824,-0.873824
71.770065,-0.638136,-0.644272,-0.638136,-0.658078,-0.886967,-0.886967,-0.886967,-0.886967
71.780067,-0.754719,-0.757787,-0.756253,-0.766990,-0.890151,-0.890151,-0.890151,-0.890151
71.790024,-0.754719,-0.757787,-0.756253,-0.766990,-0.883408,-0.883408,-0.883408,-0.883408
71.800064,-0.836020,-0.834486,-0.834486,-0.842156,-0.866639,-0.866639,-0.866639,-0.866639
71.810066,-0.836020,-0.834486,-0.834486,-0.842156,-0.840214,-0.840214,-0.840214,-0.840214
71.820068,-0.878971,-0.869767,-0.874369,-0.880505,-0.804369,-0.804369,-0.804369,-0.804369
71.830063,-0.878971,-0.869767,-0.874369,-0.880505,-0.759524,-0.759524,-0.759524,-0.759524
71.840065,-0.882039,-0.871301,-0.875903,-0.883573,-0.706159,-0.706159,-0.706159,-0.706159
71.850067,-0.882039,-0.871301,-0.875903,-0.883573,-0.644927,-0.644927,-0.644927,-0.644927
71.860062,-0.859029,-0.859029,-0.859029,-0.865165,-0.576520,-0.576520,-0.576520,-0.576520
71.870064,-0.859029,-0.859029,-0.859029,-0.865165,-0.501616,-0.501616,-0.501616,-0.501616
71.880058,-0.790000,-0.796136,-0.793068,-0.797670,-0.421193,-0.421193,-0.421193,-0.421193
71.890045,-0.790000,-0.796136,-0.793068,-0.797670,-0.336212,-0.336212,-0.336212,-0.336212
71.900070,-0.676486,-0.691825,-0.678020,-0.687223,-0.247221,-0.247221,-0.247221,-0.247221
71.910065,-0.676486,-0.691825,-0.678020,-0.687223,-0.155701,-0.155701,-0.155701,-0.155701
71.920059,-0.535359,-0.549165,-0.538427,-0.546097,-0.062601,-0.062601,-0.062601,-0.062601
71.930031,-0.535359,-0.549165,-0.538427,-0.546097,0.030867,0.030867,0.030867,0.030867
71.940063,-0.378893,-0.392699,-0.378893,-0.385029,0.124491,0.124491,0.124491,0.124491
71.950058,-0.378893,-0.392699,-0.378893,-0.385029,0.216192,0.216192,0.216192,0.216192
71.960060,-0.205553,-0.219359,-0.200952,-0.205553,0.305397,0.305397,0.305397,0.305397
71.970062,-0.205553,-0.219359,-0.200952,-0.205553,0.391009,0.391009,0.391009,0.391009
71.980064,-0.018408,-0.026078,-0.012272,-0.007670,0.472093,0.472093,0.472093,0.472093
71.990067,-0.018408,-0.026078,-0.012272,-0.007670,0.547702,0.547702,0.547702,0.547702
72.000069,0.168738,0.161068,0.174874,0.181010,0.616955,0.616955,0.616955,0.616955
72.010063,0.168738,0.161068,0.174874,0.181010,0.679081,0.679081,0.679081,0.679081
72.020058,0.345146,0.335942,0.354350,0.360486,0.733329,0.733329,0.733329,0.733329
72.030060,0.345146,0.335942,0.354350,0.360486,0.779180,0.779180,0.779180,0.779180
72.040062,0.509282,0.492408,0.512350,0.523088,0.816055,0.816055,0.816055,0.816055
72.050064,0.509282,0.492408,0.512350,0.523088,0.843543,0.843543,0.843543,0.843543
72.060059,0.645806,0.625864,0.645806,0.656544,0.861312,0.861312,0.861312,0.861312
72.070068,0.645806,0.625864,0.645806,0.656544,0.869195,0.869195,0.869195,0.869195
72.080063,0.753185,0.730175,0.748583,0.756253,0.867090,0.867090,0.867090,0.867090
72.090065,0.753185,0.730175,0.748583,0.756253,0.855016,0.855016,0.855016,0.855016
72.100067,0.822214,0.805340,0.817612,0.825282,0.833134,0.833134,0.833134,0.833134
72.110069,0.822214,0.805340,0.817612,0.825282,0.801677,0.801677,0.801677,0.801677
72.120064,0.854427,0.836020,0.848292,0.859029,0.761065,0.761065,0.761065,0.761065
72.130066,0.854427,0.836020,0.848292,0.859029,0.711691,0.711691,0.711691,0.711691
72.140068,0.855961,0.837554,0.848292,0.860563,0.654179,0.654179,0.654179,0.654179
72.150063,0.855961,0.837554,0.848292,0.860563,0.589192,0.589192,0.589192,0.589192
72.160057,0.826816,0.816078,0.828350,0.828350,0.517509,0.517509,0.517509,0.517509
72.170067,0.826816,0.816078,0.828350,0.828350,0.439862,0.439862,0.439862,0.439862
72.180061,0.748583,0.745515,0.756253,0.743981,0.357282,0.357282,0.357282,0.357282
72.190063,0.748583,0.745515,0.756253,0.743981,0.270623,0.270623,0.270623,0.270623
72.200058,0.628932,0.627398,0.639670,0.622796,0.180946,0.180946,0.180946,0.180946
72.210037,0.628932,0.627398,0.639670,0.622796,0.089481,0.089481,0.089481,0.089481
72.220055,0.486272,0.477068,0.490874,0.472466,-0.003303,-0.003303,-0.003303,-0.003303
72.230057,0.486272,0.477068,0.490874,0.472466,-0.095766,-0.095766,-0.095766,-0.095766
72.240059,0.319068,0.306796,0.311398,0.299126,-0.186990,-0.186990,-0.186990,-0.186990
72.250061,0.319068,0.306796,0.311398,0.299126,-0.275968,-0.275968,-0.275968,-0.275968
72.260056,0.141126,0.128854,0.130388,0.111981,-0.361560,-0.361560,-0.361560,-0.361560
72.270065,0.141126,0.128854,0.130388,0.111981,-0.442899,-0.442899,-0.442899,-0.442899
72.280060,-0.047553,-0.061359,-0.055223,-0.070563,-0.518905,-0.518905,-0.518905,-0.518905
72.290062,-0.047553,-0.061359,-0.055223,-0.070563,-0.588796,-0.588796,-0.588796,-0.588796
72.300056,-0.234699,-0.246971,-0.239301,-0.262311,-0.651722,-0.651722,-0.651722,-0.651722
72.310059,-0.234699,-0.246971,-0.239301,-0.262311,-0.706964,-0.706964,-0.706964,-0.706964
72.320061,-0.406505,-0.417243,-0.408039,-0.434117,-0.753863,-0.753863,-0.753863,-0.753863
72.330055,-0.406505,-0.417243,-0.408039,-0.434117,-0.791878,-0.791878,-0.791878,-0.791878
72.340057,-0.556835,-0.564505,-0.561437,-0.573709,-0.820567,-0.820567,-0.820567,-0.820567
72.350060,-0.556835,-0.564505,-0.561437,-0.573709,-0.839601,-0.839601,-0.839601,-0.839601
72.360054,-0.682622,-0.687223,-0.685690,-0.694893,-0.848754,-0.848754,-0.848754,-0.848754
72.370056,-0.682622,-0.687223,-0.685690,-0.694893,-0.847925,-0.847925,-0.847925,-0.847925
72.380058,-0.777728,-0.776194,-0.774660,-0.783864,-0.837133,-0.837133,-0.837133,-0.837133
72.390060,-0.777728,-0.776194,-0.774660,-0.783864,-0.816494,-0.816494,-0.816494,-0.816494
72.400055,-0.829884,-0.825282,-0.828350,-0.832952,-0.786272,-0.786272,-0.786272,-0.786272
72.410065,-0.829884,-0.825282,-0.828350,-0.832952,-0.746807,-0.746807,-0.746807,-0.746807
72.420059,-0.840622,-0.837554,-0.840622,-0.843690,-0.698607,-0.698607,-0.698607,-0.698607
72.430061,-0.840622,-0.837554,-0.840622,-0.843690,-0.642192,-0.642192,-0.642192,-0.642192
72.440056,-0.831418,-0.832952,-0.832952,-0.837554,-0.578282,-0.578282,-0.578282,-0.578282
72.450012,-0.831418,-0.832952,-0.832952,-0.837554,-0.507941,-0.507941,-0.507941,-0.507941
72.460060,-0.774660,-0.780796,-0.777728,-0.782330,-0.431008,-0.431008,-0.431008,-0.431008
72.470055,-0.774660,-0.780796,-0.777728,-0.782330,-0.349394,-0.349394,-0.349394,-0.349394
72.480057,-0.678020,-0.685690,-0.678020,-0.685690,-0.263746,-0.263746,-0.263746,-0.263746
72.490059,-0.678020,-0.685690,-0.678020,-0.685690,-0.175027,-0.175027,-0.175027,-0.175027
72.500061,-0.544563,-0.553767,-0.544563,-0.552233,-0.084390,-0.084390,-0.084390,-0.084390
72.510048,-0.544563,-0.553767,-0.544563,-0.552233,0.007054,0.007054,0.007054,0.007054
72.520065,-0.392699,-0.403437,-0.389631,-0.395767,0.098565,0.098565,0.098565,0.098565
72.530060,-0.392699,-0.403437,-0.389631,-0.395767,0.188618,0.188618,0.188618,0.188618
72.540062,-0.222427,-0.236233,-0.216291,-0.222427,0.276344,0.276344,0.276344,0.276344
72.550064,-0.222427,-0.236233,-0.216291,-0.222427,0.360683,0.360683,0.360683,0.360683
72.560066,-0.041417,-0.053689,-0.035282,-0.033748,0.440587,0.440587,0.440587,0.440587
72.570061,-0.041417,-0.053689,-0.035282,-0.033748,0.515138,0.515138,0.515138,0.515138
72.580063,0.142660,0.138058,0.144194,0.148796,0.583473,0.583473,0.583473,0.583473
72.590065,0.142660,0.138058,0.144194,0.148796,0.644728,0.644728,0.644728,0.644728
72.600067,0.317534,0.306796,0.314466,0.326738,0.698196,0.698196,0.698196,0.698196
72.610062,0.317534,0.306796,0.314466,0.326738,0.743242,0.743242,0.743242,0.743242
72.620064,0.475534,0.460194,0.469398,0.489340,0.779336,0.779336,0.779336,0.779336
72.630043,0.475534,0.460194,0.469398,0.489340,0.805976,0.805976,0.805976,0.805976
72.640053,0.610524,0.598253,0.605923,0.621262,0.823006,0.823006,0.823006,0.823006
72.650070,0.610524,0.598253,0.605923,0.621262,0.830099,0.830099,0.830099,0.830099
72.660027,0.714835,0.701029,0.710233,0.724039,0.827231,0.827231,0.827231,0.827231
72.670059,0.714835,0.701029,0.710233,0.724039,0.814344,0.814344,0.814344,0.814344
72.680069,0.785398,0.771592,0.782330,0.788466,0.791688,0.791688,0.791688,0.791688
72.690063,0.785398,0.771592,0.782330,0.788466,0.759528,0.759528,0.759528,0.759528
72.700066,0.816078,0.802272,0.808408,0.814544,0.718247,0.718247,0.718247,0.718247
72.710068,0.816078,0.802272,0.808408,0.814544,0.668340,0.668340,0.668340,0.668340
72.720062,0.816078,0.800738,0.808408,0.813010,0.610460,0.610460,0.610460,0.610460
72.730064,0.816078,0.800738,0.808408,0.813010,0.545222,0.545222,0.545222,0.545222
72.740067,0.786932,0.774660,0.783864,0.782330,0.473463,0.473463,0.473463,0.473463
72.750061,0.786932,0.774660,0.783864,0.782330,0.396073,0.396073,0.396073,0.396073
72.760056,0.705631,0.699495,0.710233,0.704097,0.314023,0.314023,0.314023,0.314023
72.770058,0.705631,0.699495,0.710233,0.704097,0.228195,0.228195,0.228195,0.228195
72.780067,0.589049,0.573709,0.590583,0.587515,0.139676,0.139676,0.139676,0.139676
72.790070,0.589049,0.573709,0.590583,0.587515,0.049610,0.049610,0.049610,0.049610
72.800064,0.441787,0.421845,0.437185,0.438719,-0.040951,-0.040951,-0.040951,-0.040951
72.810066,0.441787,0.421845,0.437185,0.438719,-0.130911,-0.130911,-0.130911,-0.130911
72.820068,0.274583,0.257709,0.268447,0.263845,-0.219164,-0.219164,-0.219164,-0.219164
72.830070,0.274583,0.257709,0.268447,0.263845,-0.304648,-0.304648,-0.304648,-0.304648
72.840065,0.095107,0.081301,0.090505,0.082835,-0.386270,-0.386270,-0.386270,-0.386270
72.850067,0.095107,0.081301,0.090505,0.082835,-0.463146,-0.463146,-0.463146,-0.463146
72.860062,-0.085903,-0.113515,-0.090505,-0.110447,-0.534203,-0.534203,-0.534203,-0.534203
72.870064,-0.085903,-0.113515,-0.090505,-0.110447,-0.598710,-0.598710,-0.598710,-0.598710
72.880058,-0.265379,-0.289922,-0.268447,-0.286854,-0.655763,-0.655763,-0.655763,-0.655763
72.890068,-0.265379,-0.289922,-0.268447,-0.286854,-0.704767,-0.704767,-0.704767,-0.704767
72.900063,-0.435651,-0.446388,-0.431049,-0.446388,-0.745045,-0.745045,-0.745045,-0.745045
72.910065,-0.435651,-0.446388,-0.431049,-0.446388,-0.776147,-0.776147,-0.776147,-0.776147
72.920059,-0.576777,-0.581379,-0.573709,-0.585981,-0.797663,-0.797663,-0.797663,-0.797663
72.930061,-0.576777,-0.581379,-0.573709,-0.585981,-0.809382,-0.809382,-0.809382,-0.809382
72.940056,-0.685690,-0.691825,-0.685690,-0.697961,-0.811133,-0.811133,-0.811133,-0.811133
72.950058,-0.685690,-0.691825,-0.685690,-0.697961,-0.802900,-0.802900,-0.802900,-0.802900
72.960060,-0.760855,-0.763923,-0.760855,-0.770058,-0.784799,-0.784799,-0.784799,-0.784799
72.970062,-0.760855,-0.763923,-0.760855,-0.770058,-0.757037,-0.757037,-0.757037,-0.757037
72.980057,-0.797670,-0.797670,-0.797670,-0.803806,-0.719992,-0.719992,-0.719992,-0.719992
72.990013,-0.797670,-0.797670,-0.797670,-0.803806,-0.674297,-0.674297,-0.674297,-0.674297
73.000061,-0.800738,-0.800738,-0.800738,-0.806874,-0.619898,-0.619898,-0.619898,-0.619898
73.010056,-0.800738,-0.800738,-0.800738,-0.806874,-0.558135,-0.558135,-0.558135,-0.558135
73.020058,-0.777728,-0.779262,-0.777728,-0.783864,-0.489548,-0.489548,-0.489548,-0.489548
73.030052,-0.777728,-0.779262,-0.777728,-0.783864,-0.414969,-0.414969,-0.414969,-0.414969
73.040054,-0.705631,-0.707165,-0.705631,-0.714835,-0.335355,-0.335355,-0.335355,-0.335355
73.050064,-0.705631,-0.707165,-0.705631,-0.714835,-0.251593,-0.251593,-0.251593,-0.251593
73.060059,-0.595185,-0.596719,-0.598253,-0.602855,-0.164895,-0.164895,-0.164895,-0.164895
73.070061,-0.595185,-0.596719,-0.598253,-0.602855,-0.076183,-0.076183,-0.076183,-0.076183
73.080055,-0.455592,-0.458660,-0.463262,-0.458660,0.013242,0.013242,0.013242,0.013242
73.090057,-0.455592,-0.458660,-0.463262,-0.458660,0.102531,0.102531,0.102531,0.102531
73.100060,-0.297592,-0.299126,-0.302194,-0.299126,0.190351,0.190351,0.190351,0.190351
73.110062,-0.297592,-0.299126,-0.302194,-0.299126,0.275762,0.275762,0.275762,0.275762
73.120056,-0.122718,-0.127320,-0.127320,-0.125786,0.357560,0.357560,0.357560,0.357560
73.130051,-0.122718,-0.127320,-0.127320,-0.125786,0.434762,0.434762,0.434762,0.434762
73.140053,0.056757,0.061359,0.050621,0.064427,0.506571,0.506571,0.506571,0.506571
73.150055,0.056757,0.061359,0.050621,0.064427,0.571912,0.571912,0.571912,0.571912
73.160057,0.233165,0.231631,0.236233,0.242369,0.629997,0.629997,0.629997,0.629997
73.170059,0.233165,0.231631,0.236233,0.242369,0.680150,0.680150,0.680150,0.680150
73.180061,0.394233,0.388097,0.398835,0.408039,0.721700,0.721700,0.721700,0.721700
73.190056,0.394233,0.388097,0.398835,0.408039,0.754152,0.754152,0.754152,0.754152
73.200058,0.538427,0.527689,0.539961,0.552233,0.777100,0.777100,0.777100,0.777100
73.210060,0.538427,0.527689,0.539961,0.552233,0.790260,0.790260,0.790260,0.790260
73.220062,0.650408,0.638136,0.651942,0.667282,0.793465,0.793465,0.793465,0.793465
73.230064,0.650408,0.638136,0.651942,0.667282,0.786683,0.786683,0.786683,0.786683
73.240059,0.733243,0.714835,0.727107,0.739379,0.770002,0.770002,0.770002,0.770002
73.250061,0.733243,0.714835,0.727107,0.739379,0.743645,0.743645,0.743645,0.743645
73.260056,0.774660,0.757787,0.768524,0.776194,0.707940,0.707940,0.707940,0.707940
73.270065,0.774660,0.757787,0.768524,0.776194,0.663327,0.663327,0.663327,0.663327
73.280060,0.779262,0.766990,0.771592,0.777728,0.610400,0.610400,0.610400,0.610400
73.290062,0.779262,0.766990,0.771592,0.777728,0.549827,0.549827,0.549827,0.549827
73.300056,0.763923,0.751651,0.760855,0.759321,0.482383,0.482383,0.482383,0.482383
73.310059,0.763923,0.751651,0.760855,0.759321,0.408884,0.408884,0.408884,0.408884
73.320061,0.699495,0.693359,0.704097,0.696427,0.330275,0.330275,0.330275,0.330275
73.330063,0.699495,0.693359,0.704097,0.696427,0.247619,0.247619,0.247619,0.247619
73.340057,0.592117,0.584447,0.595185,0.587515,0.161909,0.161909,0.161909,0.161909
73.350060,0.592117,0.584447,0.595185,0.587515,0.074229,0.074229,0.074229,0.074229
73.360054,0.454058,0.443321,0.449456,0.450990,-0.014277,-0.014277,-0.014277,-0.014277
73.370041,0.454058,0.443321,0.449456,0.450990,-0.102343,-0.102343,-0.102343,-0.102343
73.380058,0.292990,0.283786,0.285320,0.283786,-0.189302,-0.189302,-0.189302,-0.189302
73.390068,0.292990,0.283786,0.285320,0.283786,-0.273678,-0.273678,-0.273678,-0.273678
73.400063,0.111981,0.113515,0.113515,0.107379,-0.354362,-0.354362,-0.354362,-0.354362
73.410065,0.111981,0.113515,0.113515,0.107379,-0.430470,-0.430470,-0.430470,-0.430470
73.420059,-0.065961,-0.076699,-0.062893,-0.076699,-0.500924,-0.500924,-0.500924,-0.500924
73.430069,-0.065961,-0.076699,-0.062893,-0.076699,-0.564990,-0.564990,-0.564990,-0.564990
73.440056,-0.237767,-0.250039,-0.236233,-0.257709,-0.621612,-0.621612,-0.621612,-0.621612
73.450020,-0.237767,-0.250039,-0.236233,-0.257709,-0.670149,-0.670149,-0.670149,-0.670149
73.460045,-0.395767,-0.408039,-0.398835,-0.417243,-0.710292,-0.710292,-0.710292,-0.710292
73.470055,-0.395767,-0.408039,-0.398835,-0.417243,-0.741218,-0.741218,-0.741218,-0.741218
73.480057,-0.535359,-0.541495,-0.539961,-0.552233,-0.762538,-0.762538,-0.762538,-0.762538
73.490059,-0.535359,-0.541495,-0.539961,-0.552233,-0.774048,-0.774048,-0.774048,-0.774048
73.500061,-0.650408,-0.653476,-0.651942,-0.662680,-0.775585,-0.775585,-0.775585,-0.775585
73.510056,-0.650408,-0.653476,-0.651942,-0.662680,-0.767146,-0.767146,-0.767146,-0.767146
73.520058,-0.727107,-0.728641,-0.727107,-0.737845,-0.748830,-0.748830,-0.748830,-0.748830
73.530052,-0.727107,-0.728641,-0.727107,-0.737845,-0.720910,-0.720910,-0.720910,-0.720910
73.540062,-0.765456,-0.765456,-0.762389,-0.771592,-0.683693,-0.683693,-0.683693,-0.683693
73.550064,-0.765456,-0.765456,-0.762389,-0.771592,-0.637699,-0.637699,-0.637699,-0.637699
73.560066,-0.768524,-0.768524,-0.765456,-0.773126,-0.583524,-0.583524,-0.583524,-0.583524
73.570061,-0.768524,-0.768524,-0.765456,-0.773126,-0.521910,-0.521910,-0.521910,-0.521910
73.580055,-0.742447,-0.745515,-0.743981,-0.750117,-0.453607,-0.453607,-0.453607,-0.453607
73.590065,-0.742447,-0.745515,-0.743981,-0.750117,-0.379430,-0.379430,-0.379430,-0.379430
73.600067,-0.668816,-0.674952,-0.673418,-0.678020,-0.300495,-0.300495,-0.300495,-0.300495
73.610031,-0.668816,-0.674952,-0.673418,-0.678020,-0.218031,-0.218031,-0.218031,-0.218031
73.620064,-0.555301,-0.567573,-0.558369,-0.564505,-0.132257,-0.132257,-0.132257,-0.132257
73.630058,-0.555301,-0.567573,-0.558369,-0.564505,-0.045235,-0.045235,-0.045235,-0.045235
73.640060,-0.420311,-0.427981,-0.418777,-0.423379,0.042363,0.042363,0.042363,0.042363
73.650063,-0.420311,-0.427981,-0.418777,-0.423379,0.129253,0.129253,0.129253,0.129253
73.660057,-0.260777,-0.274583,-0.260777,-0.265379,0.214356,0.214356,0.214356,0.214356
73.670059,-0.260777,-0.274583,-0.260777,-0.265379,0.296597,0.296597,0.296597,0.296597
73.680061,-0.088971,-0.107379,-0.085903,-0.092039,0.374870,0.374870,0.374870,0.374870
73.690056,-0.088971,-0.107379,-0.085903,-0.092039,0.448148,0.448148,0.448148,0.448148
73.700058,0.084369,0.078233,0.088971,0.093573,0.515481,0.515481,0.515481,0.515481
73.710060,0.084369,0.078233,0.088971,0.093573,0.575991,0.575991,0.575991,0.575991
73.720055,0.256175,0.245437,0.257709,0.265379,0.628900,0.628900,0.628900,0.628900
73.730057,0.256175,0.245437,0.257709,0.265379,0.673526,0.673526,0.673526,0.673526
73.740059,0.409573,0.395767,0.412641,0.423379,0.709252,0.709252,0.709252,0.709252
73.750061,0.409573,0.395767,0.412641,0.423379,0.735645,0.735645,0.735645,0.735645
73.760056,0.544563,0.527689,0.546097,0.555301,0.752348,0.752348,0.752348,0.752348
73.770058,0.544563,0.527689,0.546097,0.555301,0.759150,0.759150,0.759150,0.759150
73.780052,0.647340,0.630466,0.647340,0.656544,0.755965,0.755965,0.755965,0.755965
73.790062,0.647340,0.630466,0.647340,0.656544,0.742832,0.742832,0.742832,0.742832
73.800056,0.716369,0.694893,0.710233,0.720971,0.719941,0.719941,0.719941,0.719941
73.810059,0.716369,0.694893,0.710233,0.720971,0.687585,0.687585,0.687585,0.687585
73.820061,0.747049,0.724039,0.736311,0.743981,0.646211,0.646211,0.646211,0.646211
73.830063,0.747049,0.724039,0.736311,0.743981,0.596336,0.596336,0.596336,0.596336
73.840057,0.747049,0.724039,0.736311,0.742447,0.538685,0.538685,0.538685,0.538685
73.850060,0.747049,0.724039,0.736311,0.742447,0.473937,0.473937,0.473937,0.473937
73.860062,0.714835,0.701029,0.714835,0.714835,0.403000,0.403000,0.403000,0.403000
73.870064,0.714835,0.701029,0.714835,0.714835,0.326812,0.326812,0.326812,0.326812
73.880058,0.636602,0.627398,0.641204,0.636602,0.246425,0.246425,0.246425,0.246425
73.890060,0.636602,0.627398,0.641204,0.636602,0.162822,0.162822,0.162822,0.162822
73.900063,0.516952,0.509282,0.518486,0.513884,0.077187,0.077187,0.077187,0.077187
73.910057,0.516952,0.509282,0.518486,0.513884,-0.009379,-0.009379,-0.009379,-0.009379
73.920059,0.362020,0.360486,0.368155,0.362020,-0.095684,-0.095684,-0.095684,-0.095684
73.930061,0.362020,0.360486,0.368155,0.362020,-0.180682,-0.180682,-0.180682,-0.180682
73.940056,0.199418,0.200952,0.204019,0.196350,-0.263128,-0.263128,-0.263128,-0.263128
73.950058,0.199418,0.200952,0.204019,0.196350,-0.341972,-0.341972,-0.341972,-0.341972
73.960060,0.030680,0.030680,0.032214,0.026078,-0.416186,-0.416186,-0.416186,-0.416186
73.970062,0.030680,0.030680,0.032214,0.026078,-0.484738,-0.484738,-0.484738,-0.484738
73.980064,-0.138058,-0.158000,-0.142660,-0.158000,-0.546736,-0.546736,-0.546736,-0.546736
73.990059,-0.138058,-0.158000,-0.142660,-0.158000,-0.601330,-0.601330,-0.601330,-0.601330
74.000061,-0.303728,-0.319068,-0.305262,-0.325204,-0.647838,-0.647838,-0.647838,-0.647838
74.010063,-0.303728,-0.319068,-0.305262,-0.325204,-0.685616,-0.685616,-0.685616,-0.685616
74.020058,-0.454058,-0.463262,-0.449456,-0.474000,-0.714156,-0.714156,-0.714156,-0.714156
74.030060,-0.454058,-0.463262,-0.449456,-0.474000,-0.733085,-0.733085,-0.733085,-0.733085
74.040054,-0.576777,-0.582913,-0.573709,-0.593651,-0.742150,-0.742150,-0.742150,-0.742150
74.050056,-0.576777,-0.582913,-0.573709,-0.593651,-0.741240,-0.741240,-0.741240,-0.741240
74.060059,-0.670350,-0.673418,-0.664214,-0.681088,-0.730367,-0.730367,-0.730367,-0.730367
74.070061,-0.670350,-0.673418,-0.664214,-0.681088,-0.709675,-0.709675,-0.709675,-0.709675
74.080055,-0.722505,-0.724039,-0.717903,-0.733243,-0.679464,-0.679464,-0.679464,-0.679464
74.090042,-0.722505,-0.724039,-0.717903,-0.733243,-0.640208,-0.640208,-0.640208,-0.640208
74.100014,-0.734777,-0.734777,-0.733243,-0.742447,-0.592421,-0.592421,-0.592421,-0.592421
74.110062,-0.734777,-0.734777,-0.733243,-0.742447,-0.536348,-0.536348,-0.536348,-0.536348
74.120056,-0.725573,-0.725573,-0.724039,-0.733243,-0.473314,-0.473314,-0.473314,-0.473314
74.130058,-0.725573,-0.725573,-0.724039,-0.733243,-0.403957,-0.403957,-0.403957,-0.403957
74.140060,-0.670350,-0.670350,-0.670350,-0.678020,-0.329217,-0.329217,-0.329217,-0.329217
74.150063,-0.670350,-0.670350,-0.670350,-0.678020,-0.250108,-0.250108,-0.250108,-0.250108
74.160057,-0.570641,-0.573709,-0.572175,-0.578311,-0.167713,-0.167713,-0.167713,-0.167713
74.170059,-0.570641,-0.573709,-0.572175,-0.578311,-0.083161,-0.083161,-0.083161,-0.083161
74.180061,-0.443321,-0.446388,-0.441787,-0.447922,0.002469,0.002469,0.002469,0.002469
74.190063,-0.443321,-0.446388,-0.441787,-0.447922,0.087952,0.087952,0.087952,0.087952
74.200058,-0.292990,-0.296058,-0.288388,-0.292990,0.172103,0.172103,0.172103,0.172103
74.210060,-0.292990,-0.296058,-0.288388,-0.292990,0.253846,0.253846,0.253846,0.253846
74.220062,-0.125786,-0.134990,-0.124252,-0.122718,0.332016,0.332016,0.332016,0.332016
74.230064,-0.125786,-0.134990,-0.124252,-0.122718,0.405578,0.405578,0.405578,0.405578
74.240059,0.046019,0.047553,0.044485,0.061359,0.473494,0.473494,0.473494,0.473494
74.250061,0.046019,0.047553,0.044485,0.061359,0.534890,0.534890,0.534890,0.534890
74.260056,0.213223,0.211689,0.214757,0.220893,0.588896,0.588896,0.588896,0.588896
74.270058,0.213223,0.211689,0.214757,0.220893,0.634804,0.634804,0.634804,0.634804
74.280060,0.365087,0.363553,0.372757,0.380427,0.671957,0.671957,0.671957,0.671957
74.290062,0.365087,0.363553,0.372757,0.380427,0.699876,0.699876,0.699876,0.699876
74.300056,0.503146,0.495476,0.504680,0.513884,0.718165,0.718165,0.718165,0.718165
74.310059,0.503146,0.495476,0.504680,0.513884,0.726589,0.726589,0.726589,0.726589
74.320061,0.608990,0.595185,0.607457,0.616660,0.725030,0.725030,0.725030,0.725030
74.330063,0.608990,0.595185,0.607457,0.616660,0.713508,0.713508,0.713508,0.713508
74.340057,0.679554,0.664214,0.676486,0.684156,0.692205,0.692205,0.692205,0.692205
74.350060,0.679554,0.664214,0.676486,0.684156,0.661393,0.661393,0.661393,0.661393
74.360054,0.711767,0.691825,0.705631,0.713301,0.621527,0.621527,0.621527,0.621527
74.370056,0.711767,0.691825,0.705631,0.713301,0.573134,0.573134,0.573134,0.573134
74.380058,0.713301,0.691825,0.705631,0.713301,0.516905,0.516905,0.516905,0.516905
74.390053,0.713301,0.691825,0.705631,0.713301,0.453603,0.453603,0.453603,0.453603
74.400055,0.688757,0.671884,0.684156,0.688757,0.384111,0.384111,0.384111,0.384111
74.410065,0.688757,0.671884,0.684156,0.688757,0.309357,0.309357,0.309357,0.309357
74.420059,0.607457,0.598253,0.612058,0.613592,0.230463,0.230463,0.230463,0.230463
74.430061,0.607457,0.598253,0.612058,0.613592,0.148461,0.148461,0.148461,0.148461
74.440056,0.489340,0.480136,0.495476,0.493942,0.064498,0.064498,0.064498,0.064498
74.450058,0.489340,0.480136,0.495476,0.493942,-0.020254,-0.020254,-0.020254,-0.020254
74.460060,0.345146,0.335942,0.349748,0.345146,-0.104619,-0.104619,-0.104619,-0.104619
74.470055,0.345146,0.335942,0.349748,0.345146,-0.187449,-0.187449,-0.187449,-0.187449
74.480057,0.191748,0.176408,0.194816,0.184078,-0.267563,-0.267563,-0.267563,-0.267563
74.490059,0.191748,0.176408,0.194816,0.184078,-0.343880,-0.343880,-0.343880,-0.343880
74.500061,0.026078,0.009204,0.032214,0.013806,-0.415284,-0.415284,-0.415284,-0.415284
74.510063,0.026078,0.009204,0.032214,0.013806,-0.480862,-0.480862,-0.480862,-0.480862
74.520058,-0.144194,-0.173340,-0.138058,-0.168738,-0.539596,-0.539596,-0.539596,-0.539596
74.530060,-0.144194,-0.173340,-0.138058,-0.168738,-0.590772,-0.590772,-0.590772,-0.590772
74.540054,-0.309864,-0.331340,-0.305262,-0.331340,-0.633594,-0.633594,-0.633594,-0.633594
74.550056,-0.309864,-0.331340,-0.305262,-0.331340,-0.667549,-0.667549,-0.667549,-0.667549
74.560059,-0.452524,-0.469398,-0.450990,-0.470932,-0.692104,-0.692104,-0.692104,-0.692104
74.570061,-0.452524,-0.469398,-0.450990,-0.470932,-0.706952,-0.706952,-0.706952,-0.706952
74.580063,-0.569107,-0.575243,-0.570641,-0.581379,-0.711872,-0.711872,-0.711872,-0.711872
74.590057,-0.569107,-0.575243,-0.570641,-0.581379,-0.706805,-0.706805,-0.706805,-0.706805
74.600060,-0.655010,-0.656544,-0.651942,-0.662680,-0.691823,-0.691823,-0.691823,-0.691823
74.610062,-0.655010,-0.656544,-0.651942,-0.662680,-0.667145,-0.667145,-0.667145,-0.667145
74.620056,-0.697961,-0.699495,-0.696427,-0.707165,-0.633110,-0.633110,-0.633110,-0.633110
74.630058,-0.697961,-0.699495,-0.696427,-0.707165,-0.590217,-0.590217,-0.590217,-0.590217
74.640053,-0.704097,-0.704097,-0.701029,-0.713301,-0.539097,-0.539097,-0.539097,-0.539097
74.650063,-0.704097,-0.704097,-0.701029,-0.713301,-0.480338,-0.480338,-0.480338,-0.480338
74.660065,-0.685690,-0.691825,-0.684156,-0.693359,-0.414968,-0.414968,-0.414968,-0.414968
74.670067,-0.685690,-0.691825,-0.684156,-0.693359,-0.343778,-0.343778,-0.343778,-0.343778
74.680054,-0.621262,-0.625864,-0.622796,-0.628932,-0.267909,-0.267909,-0.267909,-0.267909
74.690063,-0.621262,-0.625864,-0.622796,-0.628932,-0.188235,-0.188235,-0.188235,-0.188235
74.700058,-0.515418,-0.526155,-0.516952,-0.523088,-0.106032,-0.106032,-0.106032,-0.106032
74.710060,-0.515418,-0.526155,-0.516952,-0.523088,-0.022459,-0.022459,-0.022459,-0.022459
74.720070,-0.383495,-0.394233,-0.381961,-0.388097,0.061438,0.061438,0.061438,0.061438
74.730064,-0.383495,-0.394233,-0.381961,-0.388097,0.144281,0.144281,0.144281,0.144281
74.740059,-0.231631,-0.243903,-0.228563,-0.231631,0.224961,0.224961,0.224961,0.224961
74.750069,-0.231631,-0.243903,-0.228563,-0.231631,0.302402,0.302402,0.302402,0.302402
74.760063,-0.067495,-0.081301,-0.062893,-0.061359,0.375418,0.375418,0.375418,0.375418
74.770065,-0.067495,-0.081301,-0.062893,-0.061359,0.443014,0.443014,0.443014,0.443014
74.780067,0.101243,0.096641,0.104311,0.110447,0.504224,0.504224,0.504224,0.504224
74.790070,0.101243,0.096641,0.104311,0.110447,0.558172,0.558172,0.558172,0.558172
74.800064,0.263845,0.254641,0.266913,0.271515,0.604084,0.604084,0.604084,0.604084
74.810074,0.263845,0.254641,0.266913,0.271515,0.641352,0.641352,0.641352,0.641352
74.820068,0.408039,0.392699,0.411107,0.418777,0.669378,0.669378,0.669378,0.669378
74.830070,0.408039,0.392699,0.411107,0.418777,0.687819,0.687819,0.687819,0.687819
74.840065,0.530757,0.512350,0.529223,0.538427,0.696395,0.696395,0.696395,0.696395
74.850060,0.530757,0.512350,0.529223,0.538427,0.694997,0.694997,0.694997,0.694997
74.860062,0.618194,0.601321,0.618194,0.625864,0.683643,0.683643,0.683643,0.683643
74.870071,0.618194,0.601321,0.618194,0.625864,0.662486,0.662486,0.662486,0.662486
74.880066,0.670350,0.651942,0.667282,0.673418,0.631871,0.631871,0.631871,0.631871
74.890068,0.670350,0.651942,0.667282,0.673418,0.592202,0.592202,0.592202,0.592202
74.900070,0.685690,0.662680,0.674952,0.684156,0.544063,0.544063,0.544063,0.544063
74.910065,0.685690,0.662680,0.674952,0.684156,0.488161,0.488161,0.488161,0.488161
74.920067,0.678020,0.659612,0.670350,0.676486,0.425297,0.425297,0.425297,0.425297
74.930069,0.678020,0.659612,0.670350,0.676486,0.356390,0.356390,0.356390,0.356390
74.940063,0.625864,0.615126,0.622796,0.627398,0.282426,0.282426,0.282426,0.282426
74.950043,0.625864,0.615126,0.622796,0.627398,0.204673,0.204673,0.204673,0.204673
74.960068,0.530757,0.521554,0.533825,0.530757,0.123662,0.123662,0.123662,0.123662
74.970062,0.530757,0.521554,0.533825,0.530757,0.041159,0.041159,0.041159,0.041159
74.980064,0.397301,0.391165,0.404971,0.392699,-0.041859,-0.041859,-0.041859,-0.041859
74.990067,0.397301,0.391165,0.404971,0.392699,-0.124148,-0.124148,-0.124148,-0.124148
75.000061,0.248505,0.240835,0.253107,0.236233,-0.204526,-0.204526,-0.204526,-0.204526
75.010063,0.248505,0.240835,0.253107,0.236233,-0.281877,-0.281877,-0.281877,-0.281877
75.020065,0.075165,0.081301,0.088971,0.072097,-0.355020,-0.355020,-0.355020,-0.355020
75.030067,0.075165,0.081301,0.088971,0.072097,-0.422950,-0.422950,-0.422950,-0.422950
75.040054,-0.090505,-0.099709,-0.078233,-0.104311,-0.484583,-0.484583,-0.484583,-0.484583
75.050064,-0.090505,-0.099709,-0.078233,-0.104311,-0.539174,-0.539174,-0.539174,-0.539174
75.060059,-0.248505,-0.260777,-0.248505,-0.271515,-0.585804,-0.585804,-0.585804,-0.585804
75.070068,-0.248505,-0.260777,-0.248505,-0.271515,-0.623882,-0.623882,-0.623882,-0.623882
75.080063,-0.389631,-0.403437,-0.394233,-0.420311,-0.652782,-0.652782,-0.652782,-0.652782
75.090073,-0.389631,-0.403437,-0.394233,-0.420311,-0.672146,-0.672146,-0.672146,-0.672146
75.100067,-0.512350,-0.521554,-0.516952,-0.536893,-0.681646,-0.681646,-0.681646,-0.681646
75.110069,-0.512350,-0.521554,-0.516952,-0.536893,-0.681178,-0.681178,-0.681178,-0.681178
75.120041,-0.607457,-0.612058,-0.605923,-0.621262,-0.670787,-0.670787,-0.670787,-0.670787
75.130066,-0.607457,-0.612058,-0.605923,-0.621262,-0.650512,-0.650512,-0.650512,-0.650512
75.140068,-0.662680,-0.664214,-0.659612,-0.671884,-0.620761,-0.620761,-0.620761,-0.620761
75.150070,-0.662680,-0.664214,-0.659612,-0.671884,-0.581946,-0.581946,-0.581946,-0.581946
75.160065,-0.678020,-0.678020,-0.671884,-0.685690,-0.534656,-0.534656,-0.534656,-0.534656
75.170067,-0.678020,-0.678020,-0.671884,-0.685690,-0.479539,-0.479539,-0.479539,-0.479539
75.180061,-0.667282,-0.670350,-0.665748,-0.674952,-0.417504,-0.417504,-0.417504,-0.417504
75.190063,-0.667282,-0.670350,-0.665748,-0.674952,-0.349319,-0.349319,-0.349319,-0.349319
75.200058,-0.610524,-0.616660,-0.613592,-0.619728,-0.276163,-0.276163,-0.276163,-0.276163
75.210060,-0.610524,-0.616660,-0.613592,-0.619728,-0.198942,-0.198942,-0.198942,-0.198942
75.220016,-0.513884,-0.521554,-0.516952,-0.521554,-0.119267,-0.119267,-0.119267,-0.119267
75.230064,-0.513884,-0.521554,-0.516952,-0.521554,-0.037227,-0.037227,-0.037227,-0.037227
75.240059,-0.389631,-0.400369,-0.386563,-0.394233,0.044876,0.044876,0.044876,0.044876
75.250061,-0.389631,-0.400369,-0.386563,-0.394233,0.126295,0.126295,0.126295,0.126295
75.260056,-0.242369,-0.254641,-0.239301,-0.243903,0.205674,0.205674,0.205674,0.205674
75.270058,-0.242369,-0.254641,-0.239301,-0.243903,0.281933,0.281933,0.281933,0.281933
75.280060,-0.078233,-0.092039,-0.078233,-0.079767,0.353970,0.353970,0.353970,0.353970
75.290054,-0.078233,-0.092039,-0.078233,-0.079767,0.420599,0.420599,0.420599,0.420599
75.300056,0.084369,0.079767,0.085903,0.093573,0.480958,0.480958,0.480958,0.480958
75.310059,0.084369,0.079767,0.085903,0.093573,0.534113,0.534113,0.534113,0.534113
75.320061,0.240835,0.234699,0.248505,0.251573,0.579238,0.579238,0.579238,0.579238
75.330055,0.240835,0.234699,0.248505,0.251573,0.615695,0.615695,0.615695,0.615695
75.340057,0.383495,0.371223,0.392699,0.397301,0.642948,0.642948,0.642948,0.642948
75.350060,0.383495,0.371223,0.392699,0.397301,0.660587,0.660587,0.660587,0.660587
75.360062,0.507748,0.490874,0.506214,0.515418,0.668355,0.668355,0.668355,0.668355
75.370056,0.507748,0.490874,0.506214,0.515418,0.666140,0.666140,0.666140,0.666140
75.380058,0.595185,0.578311,0.590583,0.601321,0.653979,0.653979,0.653979,0.653979
75.390060,0.595185,0.578311,0.590583,0.601321,0.632059,0.632059,0.632059,0.632059
75.400055,0.641204,0.627398,0.639670,0.647340,0.600718,0.600718,0.600718,0.600718
75.410057,0.641204,0.627398,0.639670,0.647340,0.560402,0.560402,0.560402,0.560402
75.420059,0.653476,0.636602,0.647340,0.656544,0.511743,0.511743,0.511743,0.511743
75.430061,0.653476,0.636602,0.647340,0.656544,0.455482,0.455482,0.455482,0.455482
75.440056,0.647340,0.632000,0.642738,0.647340,0.392454,0.392454,0.392454,0.392454
75.450058,0.647340,0.632000,0.642738,0.647340,0.323610,0.323610,0.323610,0.323610
75.460060,0.596719,0.578311,0.596719,0.593651,0.249951,0.249951,0.249951,0.249951
75.470055,0.596719,0.578311,0.596719,0.593651,0.172667,0.172667,0.172667,0.172667
75.480057,0.497010,0.481670,0.503146,0.493942,0.092847,0.092847,0.092847,0.092847
75.490059,0.497010,0.481670,0.503146,0.493942,0.011728,0.011728,0.011728,0.011728
75.500053,0.365087,0.349748,0.372757,0.358952,-0.069447,-0.069447,-0.069447,-0.069447
75.510056,0.365087,0.349748,0.372757,0.358952,-0.149492,-0.149492,-0.149492,-0.149492
75.520058,0.214757,0.200952,0.211689,0.205553,-0.227188,-0.227188,-0.227188,-0.227188
75.530052,0.214757,0.200952,0.211689,0.205553,-0.301341,-0.301341,-0.301341,-0.301341
75.540054,0.055223,0.041417,0.050621,0.044485,-0.370874,-0.370874,-0.370874,-0.370874
75.550056,0.055223,0.041417,0.050621,0.044485,-0.434724,-0.434724,-0.434724,-0.434724
75.560066,-0.115049,-0.133456,-0.111981,-0.130388,-0.491914,-0.491914,-0.491914,-0.491914
75.570023,-0.115049,-0.133456,-0.111981,-0.130388,-0.541362,-0.541362,-0.541362,-0.541362
75.580063,-0.276117,-0.288388,-0.269981,-0.285320,-0.582879,-0.582879,-0.582879,-0.582879
75.590065,-0.276117,-0.288388,-0.269981,-0.285320,-0.615340,-0.615340,-0.615340,-0.615340
75.600060,-0.412641,-0.421845,-0.409573,-0.424913,-0.638391,-0.638391,-0.638391,-0.638391
75.610062,-0.412641,-0.421845,-0.409573,-0.424913,-0.651718,-0.651718,-0.651718,-0.651718
75.620056,-0.518486,-0.529223,-0.521554,-0.533825,-0.655105,-0.655105,-0.655105,-0.655105
75.630058,-0.518486,-0.529223,-0.521554,-0.533825,-0.648507,-0.648507,-0.648507,-0.648507
75.640053,-0.598253,-0.607457,-0.601321,-0.608990,-0.632038,-0.632038,-0.632038,-0.632038
75.650063,-0.598253,-0.607457,-0.601321,-0.608990,-0.605932,-0.605932,-0.605932,-0.605932
75.660057,-0.644272,-0.647340,-0.641204,-0.653476,-0.570607,-0.570607,-0.570607,-0.570607
75.670059,-0.644272,-0.647340,-0.641204,-0.653476,-0.526612,-0.526612,-0.526612,-0.526612
75.680061,-0.650408,-0.650408,-0.644272,-0.658078,-0.474611,-0.474611,-0.474611,-0.474611
75.690056,-0.650408,-0.650408,-0.644272,-0.658078,-0.415404,-0.415404,-0.415404,-0.415404
75.700058,-0.625864,-0.628932,-0.627398,-0.635068,-0.349906,-0.349906,-0.349906,-0.349906
75.710060,-0.625864,-0.628932,-0.627398,-0.635068,-0.279088,-0.279088,-0.279088,-0.279088
75.720062,-0.555301,-0.561437,-0.559903,-0.567573,-0.204125,-0.204125,-0.204125,-0.204125
75.730064,-0.555301,-0.561437,-0.559903,-0.567573,-0.126080,-0.126080,-0.126080,-0.126080
75.740059,-0.450990,-0.454058,-0.452524,-0.457126,-0.046240,-0.046240,-0.046240,-0.046240
75.750061,-0.450990,-0.454058,-0.452524,-0.457126,0.034265,0.034265,0.034265,0.034265
75.760056,-0.319068,-0.323670,-0.317534,-0.323670,0.114134,0.114134,0.114134,0.114134
75.770058,-0.319068,-0.323670,-0.317534,-0.323670,0.192140,0.192140,0.192140,0.192140
75.780060,-0.168738,-0.176408,-0.167204,-0.171806,0.267096,0.267096,0.267096,0.267096
75.790062,-0.168738,-0.176408,-0.167204,-0.171806,0.337885,0.337885,0.337885,0.337885
75.800064,-0.007670,-0.006136,-0.006136,0.001534,0.403329,0.403329,0.403329,0.403329
75.810066,-0.007670,-0.006136,-0.006136,0.001534,0.462446,0.462446,0.462446,0.462446
75.820068,0.154932,0.154932,0.154932,0.161068,0.514355,0.514355,0.514355,0.514355
75.830063,0.154932,0.154932,0.154932,0.161068,0.558226,0.558226,0.558226,0.558226
75.840065,0.302194,0.297592,0.305262,0.311398,0.593394,0.593394,0.593394,0.593394
75.850060,0.302194,0.297592,0.305262,0.311398,0.619328,0.619328,0.619328,0.619328
75.860069,0.431049,0.421845,0.431049,0.443321,0.635629,0.635629,0.635629,0.635629
75.870064,0.431049,0.421845,0.431049,0.443321,0.642031,0.642031,0.642031,0.642031
75.880058,0.533825,0.521554,0.533825,0.541495,0.638454,0.638454,0.638454,0.638454
75.890068,0.533825,0.521554,0.533825,0.541495,0.624933,0.624933,0.624933,0.624933
75.900063,0.601321,0.585981,0.599787,0.605923,0.601712,0.601712,0.601712,0.601712
75.910065,0.601321,0.585981,0.599787,0.605923,0.569136,0.569136,0.569136,0.569136
75.920067,0.625864,0.612058,0.625864,0.628932,0.527733,0.527733,0.527733,0.527733
75.930054,0.625864,0.612058,0.625864,0.628932,0.478212,0.478212,0.478212,0.478212
75.940063,0.625864,0.612058,0.624330,0.625864,0.421150,0.421150,0.421150,0.421150
75.950066,0.625864,0.612058,0.624330,0.625864,0.357650,0.357650,0.357650,0.357650
75.960060,0.596719,0.581379,0.598253,0.592117,0.288634,0.288634,0.288634,0.288634
75.970062,0.596719,0.581379,0.598253,0.592117,0.215160,0.215160,0.215160,0.215160
75.980064,0.516952,0.504680,0.524621,0.510816,0.138437,0.138437,0.138437,0.138437
75.990067,0.516952,0.504680,0.524621,0.510816,0.059588,0.059588,0.059588,0.059588
76.000061,0.400369,0.389631,0.404971,0.388097,-0.020074,-0.020074,-0.020074,-0.020074
76.010071,0.400369,0.389631,0.404971,0.388097,-0.099353,-0.099353,-0.099353,-0.099353
76.020058,0.259243,0.250039,0.254641,0.239301,-0.176878,-0.176878,-0.176878,-0.176878
76.030067,0.259243,0.250039,0.254641,0.239301,-0.251646,-0.251646,-0.251646,-0.251646
76.040062,0.102777,0.096641,0.098175,0.088971,-0.322288,-0.322288,-0.322288,-0.322288
76.050064,0.102777,0.096641,0.098175,0.088971,-0.387841,-0.387841,-0.387841,-0.387841
76.060066,-0.065961,-0.076699,-0.061359,-0.075165,-0.447147,-0.447147,-0.447147,-0.447147
76.070061,-0.065961,-0.076699,-0.061359,-0.075165,-0.499313,-0.499313,-0.499313,-0.499313
76.080055,-0.223961,-0.231631,-0.219359,-0.234699,-0.543548,-0.543548,-0.543548,-0.543548
76.090057,-0.223961,-0.231631,-0.219359,-0.234699,-0.579154,-0.579154,-0.579154,-0.579154
76.100067,-0.360486,-0.368155,-0.362020,-0.377359,-0.605558,-0.605558,-0.605558,-0.605558
76.110062,-0.360486,-0.368155,-0.362020,-0.377359,-0.622336,-0.622336,-0.622336,-0.622336
76.120064,-0.474000,-0.483204,-0.477068,-0.493942,-0.629234,-0.629234,-0.629234,-0.629234
76.130066,-0.474000,-0.483204,-0.477068,-0.493942,-0.626147,-0.626147,-0.626147,-0.626147
76.140060,-0.561437,-0.567573,-0.562971,-0.575243,-0.613133,-0.613133,-0.613133,-0.613133
76.150070,-0.561437,-0.567573,-0.562971,-0.575243,-0.590381,-0.590381,-0.590381,-0.590381
76.160065,-0.612058,-0.616660,-0.608990,-0.621262,-0.558298,-0.558298,-0.558298,-0.558298
76.170067,-0.612058,-0.616660,-0.608990,-0.621262,-0.517354,-0.517354,-0.517354,-0.517354
76.180061,-0.622796,-0.625864,-0.618194,-0.632000,-0.468234,-0.468234,-0.468234,-0.468234
76.190063,-0.622796,-0.625864,-0.618194,-0.632000,-0.411729,-0.411729,-0.411729,-0.411729
76.200066,-0.607457,-0.613592,-0.607457,-0.615126,-0.348692,-0.348692,-0.348692,-0.348692
76.210068,-0.607457,-0.613592,-0.607457,-0.615126,-0.280165,-0.280165,-0.280165,-0.280165
76.220062,-0.547631,-0.555301,-0.549165,-0.553767,-0.207279,-0.207279,-0.207279,-0.207279
76.230064,-0.547631,-0.555301,-0.549165,-0.553767,-0.131153,-0.131153,-0.131153,-0.131153
76.240059,-0.449456,-0.457126,-0.449456,-0.455592,-0.053044,-0.053044,-0.053044,-0.053044
76.250069,-0.449456,-0.457126,-0.449456,-0.455592,0.025876,0.025876,0.025876,0.025876
76.260071,-0.320602,-0.332874,-0.319068,-0.325204,0.104273,0.104273,0.104273,0.104273
76.270065,-0.320602,-0.332874,-0.319068,-0.325204,0.180867,0.180867,0.180867,0.180867
76.280067,-0.171806,-0.188680,-0.170272,-0.174874,0.254487,0.254487,0.254487,0.254487
76.290070,-0.171806,-0.188680,-0.170272,-0.174874,0.323936,0.323936,0.323936,0.323936
76.300064,-0.013806,-0.026078,-0.012272,-0.006136,0.388076,0.388076,0.388076,0.388076
76.310066,-0.013806,-0.026078,-0.012272,-0.006136,0.445913,0.445913,0.445913,0.445913
76.320061,0.144194,0.133456,0.144194,0.148796,0.496496,0.496496,0.496496,0.496496
76.330063,0.144194,0.133456,0.144194,0.148796,0.539030,0.539030,0.539030,0.539030
76.340065,0.288388,0.276117,0.291456,0.297592,0.572818,0.572818,0.572818,0.572818
76.350067,0.288388,0.276117,0.291456,0.297592,0.597325,0.597325,0.597325,0.597325
76.360069,0.414175,0.400369,0.415709,0.426447,0.612159,0.612159,0.612159,0.612159
76.370064,0.414175,0.400369,0.415709,0.426447,0.617076,0.617076,0.617076,0.617076
76.380066,0.515418,0.501612,0.513884,0.524621,0.612008,0.612008,0.612008,0.612008
76.390068,0.515418,0.501612,0.513884,0.524621,0.597041,0.597041,0.597041,0.597041
76.400063,0.579845,0.562971,0.578311,0.585981,0.572426,0.572426,0.572426,0.572426
76.410065,0.579845,0.562971,0.578311,0.585981,0.538544,0.538544,0.538544,0.538544
76.420067,0.601321,0.587515,0.601321,0.605923,0.495976,0.495976,0.495976,0.495976
76.430069,0.601321,0.587515,0.601321,0.605923,0.445398,0.445398,0.445398,0.445398
76.440063,0.599787,0.587515,0.599787,0.604389,0.387678,0.387678,0.387678,0.387678
76.450066,0.599787,0.587515,0.599787,0.604389,0.323663,0.323663,0.323663,0.323663
76.460060,0.567573,0.556835,0.569107,0.567573,0.254501,0.254501,0.254501,0.254501
76.470055,0.567573,0.556835,0.569107,0.567573,0.181306,0.181306,0.181306,0.181306
76.480057,0.484738,0.480136,0.490874,0.484738,0.105190,0.105190,0.105190,0.105190
76.490067,0.484738,0.480136,0.490874,0.484738,0.027418,0.027418,0.027418,0.027418
76.500061,0.363553,0.357418,0.363553,0.358952,-0.050657,-0.050657,-0.050657,-0.050657
76.510063,0.363553,0.357418,0.363553,0.358952,-0.127824,-0.127824,-0.127824,-0.127824
76.520065,0.223961,0.213223,0.219359,0.214757,-0.202830,-0.202830,-0.202830,-0.202830
76.530067,0.223961,0.213223,0.219359,0.214757,-0.274398,-0.274398,-0.274398,-0.274398
76.540062,0.067495,0.062893,0.064427,0.061359,-0.341382,-0.341382,-0.341382,-0.341382
76.550064,0.067495,0.062893,0.064427,0.061359,-0.402698,-0.402698,-0.402698,-0.402698
76.560066,-0.096641,-0.107379,-0.093573,-0.108913,-0.457339,-0.457339,-0.457339,-0.457339
76.570068,-0.096641,-0.107379,-0.093573,-0.108913,-0.504392,-0.504392,-0.504392,-0.504392
76.580063,-0.248505,-0.256175,-0.245437,-0.262311,-0.543098,-0.543098,-0.543098,-0.543098
76.590065,-0.248505,-0.256175,-0.245437,-0.262311,-0.572838,-0.572838,-0.572838,-0.572838
76.600060,-0.378893,-0.385029,-0.377359,-0.394233,-0.593101,-0.593101,-0.593101,-0.593101
76.610062,-0.378893,-0.385029,-0.377359,-0.394233,-0.603576,-0.603576,-0.603576,-0.603576
76.620064,-0.481670,-0.490874,-0.484738,-0.498544,-0.604090,-0.604090,-0.604090,-0.604090
76.630058,-0.481670,-0.490874,-0.484738,-0.498544,-0.594635,-0.594635,-0.594635,-0.594635
76.640060,-0.556835,-0.562971,-0.559903,-0.570641,-0.575374,-0.575374,-0.575374,-0.575374
76.650063,-0.556835,-0.562971,-0.559903,-0.570641,-0.546611,-0.546611,-0.546611,-0.546611
76.660065,-0.595185,-0.599787,-0.592117,-0.602855,-0.508849,-0.508849,-0.508849,-0.508849
76.670067,-0.595185,-0.599787,-0.592117,-0.602855,-0.462708,-0.462708,-0.462708,-0.462708
76.680061,-0.596719,-0.602855,-0.593651,-0.604389,-0.408976,-0.408976,-0.408976,-0.408976
76.690063,-0.596719,-0.602855,-0.593651,-0.604389,-0.348518,-0.348518,-0.348518,-0.348518
76.700058,-0.567573,-0.576777,-0.569107,-0.576777,-0.282372,-0.282372,-0.282372,-0.282372
76.710068,-0.567573,-0.576777,-0.569107,-0.576777,-0.211573,-0.211573,-0.211573,-0.211573
76.720062,-0.493942,-0.503146,-0.498544,-0.501612,-0.137362,-0.137362,-0.137362,-0.137362
76.730064,-0.493942,-0.503146,-0.498544,-0.501612,-0.060941,-0.060941,-0.060941,-0.060941
76.740036,-0.385029,-0.395767,-0.383495,-0.392699,0.016171,0.016171,0.016171,0.016171
76.750061,-0.385029,-0.395767,-0.383495,-0.392699,0.093294,0.093294,0.093294,0.093294
76.760063,-0.250039,-0.263845,-0.250039,-0.256175,0.168656,0.168656,0.168656,0.168656
76.770065,-0.250039,-0.263845,-0.250039,-0.256175,0.241076,0.241076,0.241076,0.241076
76.780067,-0.101243,-0.116583,-0.098175,-0.104311,0.309365,0.309365,0.309365,0.309365
76.790070,-0.101243,-0.116583,-0.098175,-0.104311,0.372428,0.372428,0.372428,0.372428
76.800064,0.053689,0.047553,0.055223,0.067495,0.429144,0.429144,0.429144,0.429144
76.810066,0.053689,0.047553,0.055223,0.067495,0.478658,0.478658,0.478658,0.478658
76.820061,0.207087,0.193282,0.205553,0.220893,0.520057,0.520057,0.520057,0.520057
76.830070,0.207087,0.193282,0.205553,0.220893,0.552728,0.552728,0.552728,0.552728
76.840057,0.337476,0.326738,0.342078,0.357418,0.576025,0.576025,0.576025,0.576025
76.850067,0.337476,0.326738,0.342078,0.357418,0.589671,0.589671,0.589671,0.589671
76.860062,0.450990,0.437185,0.452524,0.467864,0.593377,0.593377,0.593377,0.593377
76.870064,0.450990,0.437185,0.452524,0.467864,0.587101,0.587101,0.587101,0.587101
76.880058,0.535359,0.520020,0.532291,0.541495,0.570957,0.570957,0.570957,0.570957
76.890068,0.535359,0.520020,0.532291,0.541495,0.545196,0.545196,0.545196,0.545196
76.900063,0.576777,0.561437,0.573709,0.581379,0.510304,0.510304,0.510304,0.510304
76.910057,0.576777,0.561437,0.573709,0.581379,0.466835,0.466835,0.466835,0.466835
76.920059,0.579845,0.564505,0.576777,0.582913,0.415528,0.415528,0.415528,0.415528
76.930061,0.579845,0.564505,0.576777,0.582913,0.357233,0.357233,0.357233,0.357233
76.940041,0.566039,0.553767,0.566039,0.564505,0.293140,0.293140,0.293140,0.293140
76.950058,0.566039,0.553767,0.566039,0.564505,0.223906,0.223906,0.223906,0.223906
76.960060,0.503146,0.493942,0.507748,0.501612,0.151071,0.151071,0.151071,0.151071
76.970062,0.503146,0.493942,0.507748,0.501612,0.075782,0.075782,0.075782,0.075782
76.980057,0.395767,0.389631,0.403437,0.394233,-0.000723,-0.000723,-0.000723,-0.000723
76.990059,0.395767,0.389631,0.403437,0.394233,-0.077133,-0.077133,-0.077133,-0.077133
77.000015,0.263845,0.250039,0.262311,0.256175,-0.151762,-0.151762,-0.151762,-0.151762
77.010063,0.263845,0.250039,0.262311,0.256175,-0.224431,-0.224431,-0.224431,-0.224431
77.020058,0.118117,0.104311,0.115049,0.105845,-0.292840,-0.292840,-0.292840,-0.292840
77.030060,0.118117,0.104311,0.115049,0.105845,-0.356186,-0.356186,-0.356186,-0.356186
77.040062,-0.036816,-0.061359,-0.039884,-0.052155,-0.413373,-0.413373,-0.413373,-0.413373
77.050064,-0.036816,-0.061359,-0.039884,-0.052155,-0.463454,-0.463454,-0.463454,-0.463454
77.060059,-0.188680,-0.210155,-0.193282,-0.208621,-0.505539,-0.505539,-0.505539,-0.505539
77.070061,-0.188680,-0.210155,-0.193282,-0.208621,-0.538948,-0.538948,-0.538948,-0.538948
77.080063,-0.328272,-0.345146,-0.329806,-0.345146,-0.563093,-0.563093,-0.563093,-0.563093
77.090065,-0.328272,-0.345146,-0.329806,-0.345146,-0.577579,-0.577579,-0.577579,-0.577579
77.100060,-0.447922,-0.455592,-0.443321,-0.457126,-0.582148,-0.582148,-0.582148,-0.582148
77.110062,-0.447922,-0.455592,-0.443321,-0.457126,-0.576734,-0.576734,-0.576734,-0.576734
77.120064,-0.526155,-0.532291,-0.523088,-0.535359,-0.561426,-0.561426,-0.561426,-0.561426
77.130058,-0.526155,-0.532291,-0.523088,-0.535359,-0.536514,-0.536514,-0.536514,-0.536514
77.140060,-0.567573,-0.575243,-0.566039,-0.576777,-0.502401,-0.502401,-0.502401,-0.502401
77.150063,-0.567573,-0.575243,-0.566039,-0.576777,-0.459679,-0.459679,-0.459679,-0.459679
77.160057,-0.572175,-0.579845,-0.572175,-0.581379,-0.409124,-0.409124,-0.409124,-0.409124
77.170059,-0.572175,-0.579845,-0.572175,-0.581379,-0.351561,-0.351561,-0.351561,-0.351561
77.180054,-0.553767,-0.558369,-0.555301,-0.561437,-0.288019,-0.288019,-0.288019,-0.288019
77.190063,-0.553767,-0.558369,-0.555301,-0.561437,-0.219553,-0.219553,-0.219553,-0.219553
77.200058,-0.492408,-0.492408,-0.492408,-0.498544,-0.147407,-0.147407,-0.147407,-0.147407
77.210060,-0.492408,-0.492408,-0.492408,-0.498544,-0.072789,-0.072789,-0.072789,-0.072789
77.220062,-0.389631,-0.392699,-0.386563,-0.394233,0.002992,0.002992,0.002992,0.002992
77.230064,-0.389631,-0.392699,-0.386563,-0.394233,0.078648,0.078648,0.078648,0.078648
77.240059,-0.259243,-0.265379,-0.257709,-0.262311,0.152832,0.152832,0.152832,0.152832
77.250061,-0.259243,-0.265379,-0.257709,-0.262311,0.224273,0.224273,0.224273,0.224273
77.260063,-0.113515,-0.122718,-0.110447,-0.118117,0.291744,0.291744,0.291744,0.291744
77.270058,-0.113515,-0.122718,-0.110447,-0.118117,0.354069,0.354069,0.354069,0.354069
77.280060,0.038350,0.041417,0.041417,0.049087,0.410153,0.410153,0.410153,0.410153
77.290062,0.038350,0.041417,0.041417,0.049087,0.459068,0.459068,0.459068,0.459068
77.300056,0.187146,0.185612,0.188680,0.197884,0.499913,0.499913,0.499913,0.499913
77.310059,0.187146,0.185612,0.188680,0.197884,0.532003,0.532003,0.532003,0.532003
77.320061,0.320602,0.316000,0.326738,0.331340,0.554784,0.554784,0.554784,0.554784
77.330063,0.320602,0.316000,0.326738,0.331340,0.567861,0.567861,0.567861,0.567861
77.340065,0.431049,0.420311,0.434117,0.441787,0.571002,0.571002,0.571002,0.571002
77.350060,0.431049,0.420311,0.434117,0.441787,0.564164,0.564164,0.564164,0.564164
77.360062,0.512350,0.500078,0.509282,0.520020,0.547459,0.547459,0.547459,0.547459
77.370056,0.512350,0.500078,0.509282,0.520020,0.521215,0.521215,0.521215,0.521215
77.380058,0.555301,0.541495,0.550699,0.559903,0.485852,0.485852,0.485852,0.485852
77.390060,0.555301,0.541495,0.550699,0.559903,0.442033,0.442033,0.442033,0.442033
77.400055,0.559903,0.546097,0.556835,0.562971,0.390495,0.390495,0.390495,0.390495
77.410057,0.559903,0.546097,0.556835,0.562971,0.332164,0.332164,0.332164,0.332164
77.420059,0.541495,0.529223,0.543029,0.541495,0.268069,0.268069,0.268069,0.268069
77.430061,0.541495,0.529223,0.543029,0.541495,0.199345,0.199345,0.199345,0.199345
77.440056,0.478602,0.466330,0.483204,0.475534,0.127198,0.127198,0.127198,0.127198
77.450058,0.478602,0.466330,0.483204,0.475534,0.052857,0.052857,0.052857,0.052857
77.460060,0.372757,0.358952,0.377359,0.368155,-0.022270,-0.022270,-0.022270,-0.022270
77.470055,0.372757,0.358952,0.377359,0.368155,-0.096944,-0.096944,-0.096944,-0.096944
77.480057,0.240835,0.225495,0.243903,0.233165,-0.169795,-0.169795,-0.169795,-0.169795
77.490059,0.240835,0.225495,0.243903,0.233165,-0.239600,-0.239600,-0.239600,-0.239600
77.500053,0.093573,0.079767,0.088971,0.082835,-0.305058,-0.305058,-0.305058,-0.305058
77.510056,0.093573,0.079767,0.088971,0.082835,-0.365049,-0.365049,-0.365049,-0.365049
77.520058,-0.058291,-0.082835,-0.062893,-0.076699,-0.418505,-0.418505,-0.418505,-0.418505
77.530060,-0.058291,-0.082835,-0.062893,-0.076699,-0.464463,-0.464463,-0.464463,-0.464463
77.540054,-0.207087,-0.227029,-0.208621,-0.227029,-0.502118,-0.502118,-0.502118,-0.502118
77.550056,-0.207087,-0.227029,-0.208621,-0.227029,-0.530828,-0.530828,-0.530828,-0.530828
77.560059,-0.337476,-0.352816,-0.339010,-0.357418,-0.550067,-0.550067,-0.550067,-0.550067
77.570053,-0.337476,-0.352816,-0.339010,-0.357418,-0.559502,-0.559502,-0.559502,-0.559502
77.580055,-0.443321,-0.455592,-0.444854,-0.463262,-0.558970,-0.558970,-0.558970,-0.558970
77.590057,-0.443321,-0.455592,-0.444854,-0.463262,-0.548478,-0.548478,-0.548478,-0.548478
77.600060,-0.516952,-0.524621,-0.518486,-0.532291,-0.528224,-0.528224,-0.528224,-0.528224
77.610062,-0.516952,-0.524621,-0.518486,-0.532291,-0.498567,-0.498567,-0.498567,-0.498567
77.620056,-0.552233,-0.555301,-0.549165,-0.561437,-0.460041,-0.460041,-0.460041,-0.460041
77.630058,-0.552233,-0.555301,-0.549165,-0.561437,-0.413358,-0.413358,-0.413358,-0.413358
77.640060,-0.552233,-0.556835,-0.550699,-0.561437,-0.359326,-0.359326,-0.359326,-0.359326
77.650063,-0.552233,-0.556835,-0.550699,-0.561437,-0.298922,-0.298922,-0.298922,-0.298922
77.660057,-0.521554,-0.527689,-0.523088,-0.529223,-0.233239,-0.233239,-0.233239,-0.233239
77.670059,-0.521554,-0.527689,-0.523088,-0.529223,-0.163476,-0.163476,-0.163476,-0.163476
77.680061,-0.447922,-0.455592,-0.450990,-0.452524,-0.090831,-0.090831,-0.090831,-0.090831
77.690063,-0.447922,-0.455592,-0.450990,-0.452524,-0.016643,-0.016643,-0.016643,-0.016643
77.700058,-0.337476,-0.345146,-0.335942,-0.342078,0.057729,0.057729,0.057729,0.057729
77.710060,-0.337476,-0.345146,-0.335942,-0.342078,0.131007,0.131007,0.131007,0.131007
77.720055,-0.204019,-0.219359,-0.200952,-0.208621,0.201777,0.201777,0.201777,0.201777
77.730057,-0.204019,-0.219359,-0.200952,-0.208621,0.268884,0.268884,0.268884,0.268884
77.740059,-0.053689,-0.072097,-0.055223,-0.052155,0.331051,0.331051,0.331051,0.331051
77.750053,-0.053689,-0.072097,-0.055223,-0.052155,0.387159,0.387159,0.387159,0.387159
77.760056,0.093573,0.088971,0.095107,0.102777,0.436227,0.436227,0.436227,0.436227
77.770058,0.093573,0.088971,0.095107,0.102777,0.477333,0.477333,0.477333,0.477333
77.780060,0.234699,0.225495,0.237767,0.243903,0.509785,0.509785,0.509785,0.509785
77.790062,0.234699,0.225495,0.237767,0.243903,0.532964,0.532964,0.532964,0.532964
77.800034,0.357418,0.345146,0.360486,0.366621,0.546430,0.546430,0.546430,0.546430
77.810066,0.357418,0.345146,0.360486,0.366621,0.550018,0.550018,0.550018,0.550018
77.820061,0.455592,0.438719,0.454058,0.463262,0.543600,0.543600,0.543600,0.543600
77.830032,0.455592,0.438719,0.454058,0.463262,0.527393,0.527393,0.527393,0.527393
77.840065,0.518486,0.503146,0.513884,0.523088,0.501478,0.501478,0.501478,0.501478
77.850067,0.518486,0.503146,0.513884,0.523088,0.466544,0.466544,0.466544,0.466544
77.860062,0.541495,0.526155,0.535359,0.543029,0.423167,0.423167,0.423167,0.423167
77.870064,0.541495,0.526155,0.535359,0.543029,0.372125,0.372125,0.372125,0.372125
77.880058,0.538427,0.524621,0.533825,0.536893,0.314418,0.314418,0.314418,0.314418
77.890060,0.538427,0.524621,0.533825,0.536893,0.250962,0.250962,0.250962,0.250962
77.900063,0.497010,0.487806,0.498544,0.495476,0.183018,0.183018,0.183018,0.183018
77.910065,0.497010,0.487806,0.498544,0.495476,0.111816,0.111816,0.111816,0.111816
77.920059,0.411107,0.403437,0.415709,0.408039,0.038698,0.038698,0.038698,0.038698
77.930061,0.411107,0.403437,0.415709,0.408039,-0.035091,-0.035091,-0.035091,-0.035091
77.940056,0.291456,0.283786,0.296058,0.282252,-0.108091,-0.108091,-0.108091,-0.108091
77.950058,0.291456,0.283786,0.296058,0.282252,-0.179049,-0.179049,-0.179049,-0.179049
77.960060,0.151864,0.145728,0.154932,0.141126,-0.246686,-0.246686,-0.246686,-0.246686
77.970070,0.151864,0.145728,0.154932,0.141126,-0.309704,-0.309704,-0.309704,-0.309704
77.980064,0.004602,-0.004602,0.007670,-0.003068,-0.366911,-0.366911,-0.366911,-0.366911
77.990067,0.004602,-0.004602,0.007670,-0.003068,-0.417321,-0.417321,-0.417321,-0.417321
78.000069,-0.142660,-0.161068,-0.139592,-0.162602,-0.459992,-0.459992,-0.459992,-0.459992
78.010071,-0.142660,-0.161068,-0.139592,-0.162602,-0.494145,-0.494145,-0.494145,-0.494145
78.020065,-0.280719,-0.292990,-0.282252,-0.299126,-0.519124,-0.519124,-0.519124,-0.519124
78.030060,-0.280719,-0.292990,-0.282252,-0.299126,-0.534512,-0.534512,-0.534512,-0.534512
78.040062,-0.394233,-0.404971,-0.395767,-0.411107,-0.540015,-0.540015,-0.540015,-0.540015
78.050064,-0.394233,-0.404971,-0.395767,-0.411107,-0.535532,-0.535532,-0.535532,-0.535532
78.060066,-0.477068,-0.486272,-0.478602,-0.490874,-0.521144,-0.521144,-0.521144,-0.521144
78.070061,-0.477068,-0.486272,-0.478602,-0.490874,-0.497147,-0.497147,-0.497147,-0.497147
78.080040,-0.526155,-0.529223,-0.524621,-0.535359,-0.464055,-0.464055,-0.464055,-0.464055
78.090065,-0.526155,-0.529223,-0.524621,-0.535359,-0.422198,-0.422198,-0.422198,-0.422198
78.100067,-0.535359,-0.536893,-0.529223,-0.539961,-0.372664,-0.372664,-0.372664,-0.372664
78.110062,-0.535359,-0.536893,-0.529223,-0.539961,-0.316290,-0.316290,-0.316290,-0.316290
78.120018,-0.516952,-0.521554,-0.515418,-0.523088,-0.254364,-0.254364,-0.254364,-0.254364
78.130043,-0.516952,-0.521554,-0.515418,-0.523088,-0.187355,-0.187355,-0.187355,-0.187355
78.140060,-0.454058,-0.461728,-0.455592,-0.463262,-0.116990,-0.116990,-0.116990,-0.116990
78.150063,-0.454058,-0.461728,-0.455592,-0.463262,-0.044666,-0.044666,-0.044666,-0.044666
78.160057,-0.354350,-0.365087,-0.354350,-0.360486,0.028407,0.028407,0.028407,0.028407
78.170059,-0.354350,-0.365087,-0.354350,-0.360486,0.100878,0.100878,0.100878,0.100878
78.180054,-0.219359,-0.240835,-0.223961,-0.230097,0.171390,0.171390,0.171390,0.171390
78.190056,-0.219359,-0.240835,-0.223961,-0.230097,0.238610,0.238610,0.238610,0.238610
78.200058,-0.076699,-0.099709,-0.081301,-0.085903,0.301288,0.301288,0.301288,0.301288
78.210060,-0.076699,-0.099709,-0.081301,-0.085903,0.358251,0.358251,0.358251,0.358251
78.220062,0.061359,0.058291,0.064427,0.072097,0.408437,0.408437,0.408437,0.408437
78.230064,0.061359,0.058291,0.064427,0.072097,0.450914,0.450914,0.450914,0.450914
78.240059,0.205553,0.197884,0.205553,0.214757,0.484863,0.484863,0.484863,0.484863
78.250061,0.205553,0.197884,0.205553,0.214757,0.509677,0.509677,0.509677,0.509677
78.260056,0.328272,0.317534,0.331340,0.342078,0.524885,0.524885,0.524885,0.524885
78.270058,0.328272,0.317534,0.331340,0.342078,0.530205,0.530205,0.530205,0.530205
78.280060,0.426447,0.411107,0.426447,0.441787,0.525542,0.525542,0.525542,0.525542
78.290024,0.426447,0.411107,0.426447,0.441787,0.511044,0.511044,0.511044,0.511044
78.300064,0.493942,0.478602,0.489340,0.501612,0.486795,0.486795,0.486795,0.486795
78.310066,0.493942,0.478602,0.489340,0.501612,0.453457,0.453457,0.453457,0.453457
78.320061,0.520020,0.506214,0.512350,0.523088,0.411616,0.411616,0.411616,0.411616
78.330063,0.520020,0.506214,0.512350,0.523088,0.362035,0.362035,0.362035,0.362035
78.340065,0.518486,0.506214,0.512350,0.520020,0.305658,0.305658,0.305658,0.305658
78.350052,0.518486,0.506214,0.512350,0.520020,0.243693,0.243693,0.243693,0.243693
78.360062,0.483204,0.474000,0.480136,0.481670,0.176965,0.176965,0.176965,0.176965
78.370064,0.483204,0.474000,0.480136,0.481670,0.107061,0.107061,0.107061,0.107061
78.380066,0.401903,0.392699,0.401903,0.398835,0.035222,0.035222,0.035222,0.035222
78.390060,0.401903,0.392699,0.401903,0.398835,-0.037189,-0.037189,-0.037189,-0.037189
78.400063,0.285320,0.269981,0.285320,0.276117,-0.108820,-0.108820,-0.108820,-0.108820
78.410065,0.285320,0.269981,0.285320,0.276117,-0.178304,-0.178304,-0.178304,-0.178304
78.420067,0.147262,0.134990,0.144194,0.136524,-0.244304,-0.244304,-0.244304,-0.244304
78.430069,0.147262,0.134990,0.144194,0.136524,-0.305579,-0.305579,-0.305579,-0.305579
78.440063,0.001534,-0.016874,0.001534,-0.007670,-0.360940,-0.360940,-0.360940,-0.360940
78.450066,0.001534,-0.016874,0.001534,-0.007670,-0.409368,-0.409368,-0.409368,-0.409368
78.460060,-0.144194,-0.168738,-0.139592,-0.162602,-0.449896,-0.449896,-0.449896,-0.449896
78.470062,-0.144194,-0.168738,-0.139592,-0.162602,-0.481803,-0.481803,-0.481803,-0.481803
78.480064,-0.277651,-0.297592,-0.273049,-0.294524,-0.504450,-0.504450,-0.504450,-0.504450
78.490067,-0.277651,-0.297592,-0.273049,-0.294524,-0.517425,-0.517425,-0.517425,-0.517425
78.500061,-0.388097,-0.403437,-0.385029,-0.404971,-0.520467,-0.520467,-0.520467,-0.520467
78.510063,-0.388097,-0.403437,-0.385029,-0.404971,-0.513528,-0.513528,-0.513528,-0.513528
78.520065,-0.467864,-0.477068,-0.463262,-0.481670,-0.496758,-0.496758,-0.496758,-0.496758
78.530067,-0.467864,-0.477068,-0.463262,-0.481670,-0.470448,-0.470448,-0.470448,-0.470448
78.540062,-0.509282,-0.513884,-0.506214,-0.520020,-0.435157,-0.435157,-0.435157,-0.435157
78.550064,-0.509282,-0.513884,-0.506214,-0.520020,-0.391521,-0.391521,-0.391521,-0.391521
78.560059,-0.513884,-0.518486,-0.510816,-0.523088,-0.340439,-0.340439,-0.340439,-0.340439
78.570061,-0.513884,-0.518486,-0.510816,-0.523088,-0.282814,-0.282814,-0.282814,-0.282814
78.580055,-0.490874,-0.495476,-0.490874,-0.498544,-0.219899,-0.219899,-0.219899,-0.219899
78.590057,-0.490874,-0.495476,-0.490874,-0.498544,-0.152712,-0.152712,-0.152712,-0.152712
78.600060,-0.424913,-0.427981,-0.426447,-0.431049,-0.082688,-0.082688,-0.082688,-0.082688
78.610062,-0.424913,-0.427981,-0.426447,-0.431049,-0.011158,-0.011158,-0.011158,-0.011158
78.620056,-0.322136,-0.326738,-0.320602,-0.326738,0.060492,0.060492,0.060492,0.060492
78.630058,-0.322136,-0.326738,-0.320602,-0.326738,0.130913,0.130913,0.130913,0.130913
78.640060,-0.193282,-0.200952,-0.188680,-0.196350,0.198689,0.198689,0.198689,0.198689
78.650024,-0.193282,-0.200952,-0.188680,-0.196350,0.262309,0.262309,0.262309,0.262309
78.660057,-0.049087,-0.058291,-0.046019,-0.046019,0.321221,0.321221,0.321221,0.321221
78.670059,-0.049087,-0.058291,-0.046019,-0.046019,0.373589,0.373589,0.373589,0.373589
78.680061,0.095107,0.096641,0.098175,0.101243,0.418647,0.418647,0.418647,0.418647
78.690063,0.095107,0.096641,0.098175,0.101243,0.455519,0.455519,0.455519,0.455519
78.700058,0.230097,0.227029,0.230097,0.236233,0.483465,0.483465,0.483465,0.483465
78.710060,0.230097,0.227029,0.230097,0.236233,0.501973,0.501973,0.501973,0.501973
78.720055,0.349748,0.337476,0.346680,0.354350,0.510666,0.510666,0.510666,0.510666
78.730057,0.349748,0.337476,0.346680,0.354350,0.509393,0.509393,0.509393,0.509393
78.740059,0.437185,0.420311,0.431049,0.441787,0.498179,0.498179,0.498179,0.498179
78.750061,0.437185,0.420311,0.431049,0.441787,0.477233,0.477233,0.477233,0.477233
78.760063,0.490874,0.475534,0.483204,0.492408,0.446995,0.446995,0.446995,0.446995
78.770058,0.490874,0.475534,0.483204,0.492408,0.408046,0.408046,0.408046,0.408046
78.780060,0.501612,0.489340,0.493942,0.503146,0.361141,0.361141,0.361141,0.361141
78.790062,0.501612,0.489340,0.493942,0.503146,0.307214,0.307214,0.307214,0.307214
78.800056,0.493942,0.480136,0.489340,0.493942,0.247350,0.247350,0.247350,0.247350
78.810059,0.493942,0.480136,0.489340,0.493942,0.182683,0.182683,0.182683,0.182683
78.820061,0.440253,0.429515,0.440253,0.440253,0.114486,0.114486,0.114486,0.114486
78.830063,0.440253,0.429515,0.440253,0.440253,0.044152,0.044152,0.044152,0.044152
78.840057,0.345146,0.332874,0.349748,0.343612,-0.026978,-0.026978,-0.026978,-0.026978
78.850060,0.345146,0.332874,0.349748,0.343612,-0.097496,-0.097496,-0.097496,-0.097496
78.860062,0.223961,0.207087,0.222427,0.216291,-0.166001,-0.166001,-0.166001,-0.166001
78.870056,0.223961,0.207087,0.222427,0.216291,-0.231149,-0.231149,-0.231149,-0.231149
78.880058,0.081301,0.069029,0.081301,0.073631,-0.291652,-0.291652,-0.291652,-0.291652
78.890060,0.081301,0.069029,0.081301,0.073631,-0.346354,-0.346354,-0.346354,-0.346354
78.900055,-0.061359,-0.085903,-0.064427,-0.076699,-0.394093,-0.394093,-0.394093,-0.394093
78.910065,-0.061359,-0.085903,-0.064427,-0.076699,-0.434019,-0.434019,-0.434019,-0.434019
78.920059,-0.200952,-0.222427,-0.202485,-0.220893,-0.465265,-0.465265,-0.465265,-0.465265
78.930061,-0.200952,-0.222427,-0.202485,-0.220893,-0.487279,-0.487279,-0.487279,-0.487279
78.940056,-0.320602,-0.337476,-0.322136,-0.339010,-0.499588,-0.499588,-0.499588,-0.499588
78.950058,-0.320602,-0.337476,-0.322136,-0.339010,-0.501969,-0.501969,-0.501969,-0.501969
78.960060,-0.415709,-0.427981,-0.415709,-0.431049,-0.494372,-0.494372,-0.494372,-0.494372
78.970062,-0.415709,-0.427981,-0.415709,-0.431049,-0.476958,-0.476958,-0.476958,-0.476958
78.980057,-0.475534,-0.484738,-0.470932,-0.487806,-0.450068,-0.450068,-0.450068,-0.450068
78.990059,-0.475534,-0.484738,-0.470932,-0.487806,-0.414257,-0.414257,-0.414257,-0.414257
79.000053,-0.495476,-0.500078,-0.492408,-0.504680,-0.370235,-0.370235,-0.370235,-0.370235
79.010056,-0.495476,-0.500078,-0.492408,-0.504680,-0.318875,-0.318875,-0.318875,-0.318875
79.020058,-0.489340,-0.493942,-0.489340,-0.498544,-0.261192,-0.261192,-0.261192,-0.261192
79.030060,-0.489340,-0.493942,-0.489340,-0.498544,-0.198385,-0.198385,-0.198385,-0.198385
79.040062,-0.443321,-0.446388,-0.446388,-0.447922,-0.131682,-0.131682,-0.131682,-0.131682
79.050056,-0.443321,-0.446388,-0.446388,-0.447922,-0.062416,-0.062416,-0.062416,-0.062416
79.060059,-0.355884,-0.363553,-0.362020,-0.357418,0.008015,0.008015,0.008015,0.008015
79.070061,-0.355884,-0.363553,-0.362020,-0.357418,0.078201,0.078201,0.078201,0.078201
79.080055,-0.237767,-0.250039,-0.236233,-0.234699,0.146719,0.146719,0.146719,0.146719
79.090057,-0.237767,-0.250039,-0.236233,-0.234699,0.212229,0.212229,0.212229,0.212229
79.100060,-0.098175,-0.116583,-0.099709,-0.104311,0.273381,0.273381,0.273381,0.273381
79.110062,-0.098175,-0.116583,-0.099709,-0.104311,0.328974,0.328974,0.328974,0.328974
79.120056,0.041417,0.036816,0.042951,0.049087,0.377876,0.377876,0.377876,0.377876
79.130058,0.041417,0.036816,0.042951,0.049087,0.419120,0.419120,0.419120,0.419120
79.140060,0.179476,0.170272,0.181010,0.185612,0.451856,0.451856,0.451856,0.451856
79.150063,0.179476,0.170272,0.181010,0.185612,0.475443,0.475443,0.475443,0.475443
79.160065,0.299126,0.289922,0.303728,0.308330,0.489401,0.489401,0.489401,0.489401
79.170059,0.299126,0.289922,0.303728,0.308330,0.493455,0.493455,0.493455,0.493455
79.180031,0.395767,0.383495,0.395767,0.404971,0.487562,0.487562,0.487562,0.487562
79.190063,0.395767,0.383495,0.395767,0.404971,0.471741,0.471741,0.471741,0.471741
79.200058,0.458660,0.441787,0.454058,0.464796,0.446429,0.446429,0.446429,0.446429
79.210060,0.458660,0.441787,0.454058,0.464796,0.412090,0.412090,0.412090,0.412090
79.220062,0.483204,0.469398,0.477068,0.486272,0.369430,0.369430,0.369430,0.369430
79.230064,0.483204,0.469398,0.477068,0.486272,0.319318,0.319318,0.319318,0.319318
79.240059,0.481670,0.469398,0.475534,0.483204,0.262799,0.262799,0.262799,0.262799
79.250061,0.481670,0.469398,0.475534,0.483204,0.200983,0.200983,0.200983,0.200983
79.260063,0.437185,0.431049,0.440253,0.440253,0.135171,0.135171,0.135171,0.135171
79.270058,0.437185,0.431049,0.440253,0.440253,0.066685,0.066685,0.066685,0.066685
79.280060,0.352816,0.349748,0.360486,0.355884,-0.003087,-0.003087,-0.003087,-0.003087
79.290062,0.352816,0.349748,0.360486,0.355884,-0.072720,-0.072720,-0.072720,-0.072720
79.300064,0.242369,0.234699,0.237767,0.234699,-0.140771,-0.140771,-0.140771,-0.140771
79.310059,0.242369,0.234699,0.237767,0.234699,-0.205880,-0.205880,-0.205880,-0.205880
79.320061,0.108913,0.099709,0.102777,0.098175,-0.266696,-0.266696,-0.266696,-0.266696
79.330063,0.108913,0.099709,0.102777,0.098175,-0.321969,-0.321969,-0.321969,-0.321969
79.340065,-0.033748,-0.050621,-0.039884,-0.049087,-0.370593,-0.370593,-0.370593,-0.370593
79.350060,-0.033748,-0.050621,-0.039884,-0.049087,-0.411555,-0.411555,-0.411555,-0.411555
79.360062,-0.173340,-0.191748,-0.177942,-0.193282,-0.444028,-0.444028,-0.444028,-0.444028
79.370064,-0.173340,-0.191748,-0.177942,-0.193282,-0.467373,-0.467373,-0.467373,-0.467373
79.380058,-0.296058,-0.308330,-0.297592,-0.314466,-0.481054,-0.481054,-0.481054,-0.481054
79.390060,-0.296058,-0.308330,-0.297592,-0.314466,-0.484845,-0.484845,-0.484845,-0.484845
79.400063,-0.394233,-0.401903,-0.392699,-0.408039,-0.478652,-0.478652,-0.478652,-0.478652
79.410065,-0.394233,-0.401903,-0.392699,-0.408039,-0.462610,-0.462610,-0.462610,-0.462610
79.420059,-0.455592,-0.463262,-0.454058,-0.467864,-0.437054,-0.437054,-0.437054,-0.437054
79.430061,-0.455592,-0.463262,-0.454058,-0.467864,-0.402516,-0.402516,-0.402516,-0.402516
79.440056,-0.478602,-0.484738,-0.474000,-0.487806,-0.359716,-0.359716,-0.359716,-0.359716
79.450058,-0.478602,-0.484738,-0.474000,-0.487806,-0.309549,-0.309549,-0.309549,-0.309549
79.460052,-0.474000,-0.481670,-0.472466,-0.481670,-0.253021,-0.253021,-0.253021,-0.253021
79.470062,-0.474000,-0.481670,-0.472466,-0.481670,-0.191316,-0.191316,-0.191316,-0.191316
79.480057,-0.431049,-0.438719,-0.432583,-0.437185,-0.125748,-0.125748,-0.125748,-0.125748
79.490051,-0.431049,-0.438719,-0.432583,-0.437185,-0.057676,-0.057676,-0.057676,-0.057676
79.500069,-0.345146,-0.354350,-0.351282,-0.354350,0.011636,0.011636,0.011636,0.011636
79.510063,-0.345146,-0.354350,-0.351282,-0.354350,0.080545,0.080545,0.080545,0.080545
79.520065,-0.230097,-0.240835,-0.236233,-0.234699,0.147652,0.147652,0.147652,0.147652
79.530037,-0.230097,-0.240835,-0.236233,-0.234699,0.211473,0.211473,0.211473,0.211473
79.540062,-0.093573,-0.111981,-0.102777,-0.098175,0.271158,0.271158,0.271158,0.271158
79.550064,-0.093573,-0.111981,-0.102777,-0.098175,0.324955,0.324955,0.324955,0.324955
79.560066,0.042951,0.039884,0.038350,0.052155,0.371921,0.371921,0.371921,0.371921
79.570061,0.042951,0.039884,0.038350,0.052155,0.411051,0.411051,0.411051,0.411051
79.580063,0.177942,0.171806,0.174874,0.185612,0.441566,0.441566,0.441566,0.441566
79.590065,0.177942,0.171806,0.174874,0.185612,0.462824,0.462824,0.462824,0.462824
79.600075,0.296058,0.285320,0.294524,0.303728,0.474377,0.474377,0.474377,0.474377
79.610069,0.296058,0.285320,0.294524,0.303728,0.475984,0.475984,0.475984,0.475984
79.620064,0.388097,0.372757,0.388097,0.395767,0.467628,0.467628,0.467628,0.467628
79.630066,0.388097,0.372757,0.388097,0.395767,0.449481,0.449481,0.449481,0.449481
79.640060,0.447922,0.431049,0.443321,0.450990,0.421932,0.421932,0.421932,0.421932
79.650063,0.447922,0.431049,0.443321,0.450990,0.385550,0.385550,0.385550,0.385550
79.660065,0.464796,0.450990,0.458660,0.467864,0.341117,0.341117,0.341117,0.341117
79.670059,0.464796,0.450990,0.458660,0.467864,0.289578,0.289578,0.289578,0.289578
79.680061,0.461728,0.447922,0.455592,0.461728,0.232005,0.232005,0.232005,0.232005
79.690063,0.461728,0.447922,0.455592,0.461728,0.169592,0.169592,0.169592,0.169592
79.700066,0.417243,0.406505,0.417243,0.412641,0.103694,0.103694,0.103694,0.103694
79.710068,0.417243,0.406505,0.417243,0.412641,0.035689,0.035689,0.035689,0.035689
79.720062,0.323670,0.322136,0.331340,0.323670,-0.032979,-0.032979,-0.032979,-0.032979
79.730064,0.323670,0.322136,0.331340,0.323670,-0.100889,-0.100889,-0.100889,-0.100889
79.740067,0.204019,0.200952,0.208621,0.205553,-0.166555,-0.166555,-0.166555,-0.166555
79.750069,0.204019,0.200952,0.208621,0.205553,-0.228679,-0.228679,-0.228679,-0.228679
79.760063,0.072097,0.067495,0.070563,0.065961,-0.285803,-0.285803,-0.285803,-0.285803
79.770065,0.072097,0.067495,0.070563,0.065961,-0.336839,-0.336839,-0.336839,-0.336839
79.780067,-0.062893,-0.081301,-0.070563,-0.082835,-0.380681,-0.380681,-0.380681,-0.380681
79.790070,-0.062893,-0.081301,-0.070563,-0.082835,-0.416395,-0.416395,-0.416395,-0.416395
79.800064,-0.199418,-0.214757,-0.200952,-0.219359,-0.443186,-0.443186,-0.443186,-0.443186
79.810066,-0.199418,-0.214757,-0.200952,-0.219359,-0.460545,-0.460545,-0.460545,-0.460545
79.820068,-0.312932,-0.325204,-0.312932,-0.334408,-0.468085,-0.468085,-0.468085,-0.468085
79.830063,-0.312932,-0.325204,-0.312932,-0.334408,-0.465645,-0.465645,-0.465645,-0.465645
79.840065,-0.401903,-0.409573,-0.400369,-0.418777,-0.453291,-0.453291,-0.453291,-0.453291
79.850060,-0.401903,-0.409573,-0.400369,-0.418777,-0.431287,-0.431287,-0.431287,-0.431287
79.860062,-0.450990,-0.458660,-0.449456,-0.464796,-0.400089,-0.400089,-0.400089,-0.400089
79.870064,-0.450990,-0.458660,-0.449456,-0.464796,-0.360390,-0.360390,-0.360390,-0.360390
79.880066,-0.461728,-0.469398,-0.458660,-0.470932,-0.313021,-0.313021,-0.313021,-0.313021
79.890060,-0.461728,-0.469398,-0.458660,-0.470932,-0.259036,-0.259036,-0.259036,-0.259036
79.900063,-0.449456,-0.457126,-0.447922,-0.455592,-0.199563,-0.199563,-0.199563,-0.199563
79.910065,-0.449456,-0.457126,-0.447922,-0.455592,-0.135868,-0.135868,-0.135868,-0.135868
79.920067,-0.392699,-0.401903,-0.391165,-0.395767,-0.069333,-0.069333,-0.069333,-0.069333
79.930061,-0.392699,-0.401903,-0.391165,-0.395767,-0.001438,-0.001438,-0.001438,-0.001438
79.940063,-0.296058,-0.306796,-0.296058,-0.303728,0.066459,0.066459,0.066459,0.066459
79.950066,-0.296058,-0.306796,-0.296058,-0.303728,0.132823,0.132823,0.132823,0.132823
79.960060,-0.173340,-0.187146,-0.173340,-0.177942,0.196255,0.196255,0.196255,0.196255
79.970024,-0.173340,-0.187146,-0.173340,-0.177942,0.255178,0.255178,0.255178,0.255178
79.980064,-0.038350,-0.050621,-0.036816,-0.026078,0.308940,0.308940,0.308940,0.308940
79.990067,-0.038350,-0.050621,-0.036816,-0.026078,0.355786,0.355786,0.355786,0.355786
80.000061,0.099709,0.093573,0.101243,0.104311,0.394867,0.394867,0.394867,0.394867
80.010063,0.099709,0.093573,0.101243,0.104311,0.425387,0.425387,0.425387,0.425387
80.020065,0.227029,0.216291,0.222427,0.233165,0.446670,0.446670,0.446670,0.446670
80.030067,0.227029,0.216291,0.222427,0.233165,0.458260,0.458260,0.458260,0.458260
80.040062,0.329806,0.319068,0.326738,0.337476,0.459916,0.459916,0.459916,0.459916
80.050064,0.329806,0.319068,0.326738,0.337476,0.451608,0.451608,0.451608,0.451608
80.060059,0.406505,0.391165,0.401903,0.412641,0.433518,0.433518,0.433518,0.433518
80.070061,0.406505,0.391165,0.401903,0.412641,0.406036,0.406036,0.406036,0.406036
80.080063,0.446388,0.431049,0.440253,0.449456,0.369763,0.369763,0.369763,0.369763
80.090065,0.446388,0.431049,0.440253,0.449456,0.325494,0.325494,0.325494,0.325494
80.100067,0.449456,0.434117,0.443321,0.452524,0.274202,0.274202,0.274202,0.274202
80.110062,0.449456,0.434117,0.443321,0.452524,0.217011,0.217011,0.217011,0.217011
80.120064,0.429515,0.417243,0.426447,0.426447,0.155136,0.155136,0.155136,0.155136
80.130066,0.429515,0.417243,0.426447,0.426447,0.089964,0.089964,0.089964,0.089964
80.140060,0.363553,0.352816,0.363553,0.358952,0.022913,0.022913,0.022913,0.022913
80.150063,0.363553,0.352816,0.363553,0.358952,-0.044554,-0.044554,-0.044554,-0.044554
80.160072,0.257709,0.248505,0.253107,0.251573,-0.111024,-0.111024,-0.111024,-0.111024
80.170059,0.257709,0.248505,0.253107,0.251573,-0.174886,-0.174886,-0.174886,-0.174886
80.180061,0.130388,0.122718,0.125786,0.121184,-0.234897,-0.234897,-0.234897,-0.234897
80.190063,0.130388,0.122718,0.125786,0.121184,-0.289682,-0.289682,-0.289682,-0.289682
80.200058,-0.007670,-0.016874,-0.010738,-0.018408,-0.338049,-0.338049,-0.338049,-0.338049
80.210060,-0.007670,-0.016874,-0.010738,-0.018408,-0.378949,-0.378949,-0.378949,-0.378949
80.220062,-0.150330,-0.159534,-0.145728,-0.162602,-0.411475,-0.411475,-0.411475,-0.411475
80.230064,-0.150330,-0.159534,-0.145728,-0.162602,-0.434907,-0.434907,-0.434907,-0.434907
80.240067,-0.269981,-0.279185,-0.265379,-0.283786,-0.448741,-0.448741,-0.448741,-0.448741
80.250069,-0.269981,-0.279185,-0.265379,-0.283786,-0.452679,-0.452679,-0.452679,-0.452679
80.260056,-0.363553,-0.369689,-0.362020,-0.377359,-0.446648,-0.446648,-0.446648,-0.446648
80.270058,-0.363553,-0.369689,-0.362020,-0.377359,-0.430762,-0.430762,-0.430762,-0.430762
80.280060,-0.423379,-0.431049,-0.421845,-0.437185,-0.405403,-0.405403,-0.405403,-0.405403
80.290070,-0.423379,-0.431049,-0.421845,-0.437185,-0.371076,-0.371076,-0.371076,-0.371076
80.300056,-0.444854,-0.454058,-0.443321,-0.454058,-0.328660,-0.328660,-0.328660,-0.328660
80.310066,-0.444854,-0.454058,-0.443321,-0.454058,-0.278941,-0.278941,-0.278941,-0.278941
80.320061,-0.441787,-0.449456,-0.440253,-0.450990,-0.223166,-0.223166,-0.223166,-0.223166
80.330032,-0.441787,-0.449456,-0.440253,-0.450990,-0.162694,-0.162694,-0.162694,-0.162694
80.340057,-0.397301,-0.404971,-0.398835,-0.406505,-0.098339,-0.098339,-0.098339,-0.098339
80.350060,-0.397301,-0.404971,-0.398835,-0.406505,-0.031999,-0.031999,-0.031999,-0.031999
80.360062,-0.312932,-0.320602,-0.316000,-0.322136,0.034933,0.034933,0.034933,0.034933
80.370056,-0.312932,-0.320602,-0.316000,-0.322136,0.101018,0.101018,0.101018,0.101018
80.380058,-0.200952,-0.210155,-0.196350,-0.207087,0.164771,0.164771,0.164771,0.164771
80.390060,-0.200952,-0.210155,-0.196350,-0.207087,0.224776,0.224776,0.224776,0.224776
80.400063,-0.069029,-0.079767,-0.067495,-0.072097,0.279706,0.279706,0.279706,0.279706
80.410057,-0.069029,-0.079767,-0.067495,-0.072097,0.328332,0.328332,0.328332,0.328332
80.420059,0.064427,0.065961,0.067495,0.072097,0.369571,0.369571,0.369571,0.369571
80.430061,0.064427,0.065961,0.067495,0.072097,0.402509,0.402509,0.402509,0.402509
80.440056,0.196350,0.191748,0.196350,0.202485,0.426399,0.426399,0.426399,0.426399
80.450058,0.196350,0.191748,0.196350,0.202485,0.440731,0.440731,0.440731,0.440731
80.460060,0.302194,0.297592,0.305262,0.311398,0.445175,0.445175,0.445175,0.445175
80.470062,0.302194,0.297592,0.305262,0.311398,0.439637,0.439637,0.439637,0.439637
80.480057,0.381961,0.371223,0.381961,0.388097,0.424255,0.424255,0.424255,0.424255
80.490059,0.381961,0.371223,0.381961,0.388097,0.399359,0.399359,0.399359,0.399359
80.500061,0.427981,0.412641,0.421845,0.429515,0.365526,0.365526,0.365526,0.365526
80.510056,0.427981,0.412641,0.421845,0.429515,0.323519,0.323519,0.323519,0.323519
80.520058,0.435651,0.418777,0.427981,0.434117,0.274280,0.274280,0.274280,0.274280
80.530060,0.435651,0.418777,0.427981,0.434117,0.218941,0.218941,0.218941,0.218941
80.540054,0.420311,0.403437,0.417243,0.417243,0.158733,0.158733,0.158733,0.158733
80.550056,0.420311,0.403437,0.417243,0.417243,0.094997,0.094997,0.094997,0.094997
80.560059,0.358952,0.343612,0.363553,0.355884,0.029177,0.029177,0.029177,0.029177
80.570061,0.358952,0.343612,0.363553,0.355884,-0.037176,-0.037176,-0.037176,-0.037176
80.580055,0.259243,0.243903,0.262311,0.248505,-0.102625,-0.102625,-0.102625,-0.102625
80.590057,0.259243,0.243903,0.262311,0.248505,-0.165681,-0.165681,-0.165681,-0.165681
80.600060,0.134990,0.119651,0.138058,0.116583,-0.224928,-0.224928,-0.224928,-0.224928
80.610062,0.134990,0.119651,0.138058,0.116583,-0.278987,-0.278987,-0.278987,-0.278987
80.620056,-0.001534,-0.016874,0.004602,-0.015340,-0.326639,-0.326639,-0.326639,-0.326639
80.630035,-0.001534,-0.016874,0.004602,-0.015340,-0.366770,-0.366770,-0.366770,-0.366770
80.640060,-0.133456,-0.159534,-0.138058,-0.158000,-0.398653,-0.398653,-0.398653,-0.398653
80.650055,-0.133456,-0.159534,-0.138058,-0.158000,-0.421367,-0.421367,-0.421367,-0.421367
80.660057,-0.254641,-0.274583,-0.254641,-0.276117,-0.434475,-0.434475,-0.434475,-0.434475
80.670059,-0.254641,-0.274583,-0.254641,-0.276117,-0.437671,-0.437671,-0.437671,-0.437671
80.680054,-0.346680,-0.362020,-0.346680,-0.368155,-0.430891,-0.430891,-0.430891,-0.430891
80.690063,-0.346680,-0.362020,-0.346680,-0.368155,-0.414287,-0.414287,-0.414287,-0.414287
80.700058,-0.409573,-0.418777,-0.408039,-0.423379,-0.388265,-0.388265,-0.388265,-0.388265
80.710060,-0.409573,-0.418777,-0.408039,-0.423379,-0.353371,-0.353371,-0.353371,-0.353371
80.720062,-0.431049,-0.440253,-0.429515,-0.443321,-0.310472,-0.310472,-0.310472,-0.310472
80.730057,-0.431049,-0.440253,-0.429515,-0.443321,-0.260525,-0.260525,-0.260525,-0.260525
80.740059,-0.424913,-0.434117,-0.426447,-0.437185,-0.204655,-0.204655,-0.204655,-0.204655
80.750061,-0.424913,-0.434117,-0.426447,-0.437185,-0.144147,-0.144147,-0.144147,-0.144147
80.760056,-0.380427,-0.388097,-0.381961,-0.391165,-0.080456,-0.080456,-0.080456,-0.080456
80.770058,-0.380427,-0.388097,-0.381961,-0.391165,-0.014965,-0.014965,-0.014965,-0.014965
80.780060,-0.296058,-0.302194,-0.296058,-0.302194,0.050803,0.050803,0.050803,0.050803
80.790062,-0.296058,-0.302194,-0.296058,-0.302194,0.115307,0.115307,0.115307,0.115307
80.800056,-0.181010,-0.190214,-0.179476,-0.185612,0.177074,0.177074,0.177074,0.177074
80.810059,-0.181010,-0.190214,-0.179476,-0.185612,0.234702,0.234702,0.234702,0.234702
80.820061,-0.052155,-0.059825,-0.049087,-0.047553,0.286857,0.286857,0.286857,0.286857
80.830055,-0.052155,-0.059825,-0.049087,-0.047553,0.332327,0.332327,0.332327,0.332327
80.840057,0.078233,0.082835,0.084369,0.087437,0.370064,0.370064,0.370064,0.370064
80.850060,0.078233,0.082835,0.084369,0.087437,0.399226,0.399226,0.399226,0.399226
80.860054,0.207087,0.204019,0.207087,0.211689,0.419118,0.419118,0.419118,0.419118
80.870056,0.207087,0.204019,0.207087,0.211689,0.429294,0.429294,0.429294,0.429294
80.880058,0.308330,0.302194,0.308330,0.314466,0.429513,0.429513,0.429513,0.429513
80.890060,0.308330,0.302194,0.308330,0.314466,0.419784,0.419784,0.419784,0.419784
80.900063,0.381961,0.369689,0.378893,0.386563,0.400326,0.400326,0.400326,0.400326
80.910057,0.381961,0.369689,0.378893,0.386563,0.371603,0.371603,0.371603,0.371603
80.920059,0.418777,0.401903,0.412641,0.418777,0.334285,0.334285,0.334285,0.334285
80.930061,0.418777,0.401903,0.412641,0.418777,0.289235,0.289235,0.289235,0.289235
80.940063,0.420311,0.403437,0.414175,0.418777,0.237509,0.237509,0.237509,0.237509
80.950066,0.420311,0.403437,0.414175,0.418777,0.180319,0.180319,0.180319,0.180319
80.960060,0.394233,0.380427,0.392699,0.394233,0.119021,0.119021,0.119021,0.119021
80.970062,0.394233,0.380427,0.392699,0.394233,0.054983,0.054983,0.054983,0.054983
80.980064,0.325204,0.311398,0.328272,0.322136,-0.010249,-0.010249,-0.010249,-0.010249
80.990059,0.325204,0.311398,0.328272,0.322136,-0.075150,-0.075150,-0.075150,-0.075150
81.000076,0.220893,0.205553,0.219359,0.214757,-0.138309,-0.138309,-0.138309,-0.138309
81.010063,0.220893,0.205553,0.219359,0.214757,-0.197985,-0.197985,-0.197985,-0.197985
81.020058,0.093573,0.081301,0.088971,0.082835,-0.253039,-0.253039,-0.253039,-0.253039
81.030060,0.093573,0.081301,0.088971,0.082835,-0.302125,-0.302125,-0.302125,-0.302125
81.040062,-0.039884,-0.061359,-0.044485,-0.052155,-0.344032,-0.344032,-0.344032,-0.344032
81.050064,-0.039884,-0.061359,-0.044485,-0.052155,-0.377840,-0.377840,-0.377840,-0.377840
81.060059,-0.170272,-0.191748,-0.171806,-0.187146,-0.402720,-0.402720,-0.402720,-0.402720
81.070061,-0.170272,-0.191748,-0.171806,-0.187146,-0.418105,-0.418105,-0.418105,-0.418105
81.080055,-0.280719,-0.296058,-0.276117,-0.296058,-0.423639,-0.423639,-0.423639,-0.423639
81.090057,-0.280719,-0.296058,-0.276117,-0.296058,-0.419192,-0.419192,-0.419192,-0.419192
81.100060,-0.362020,-0.375825,-0.357418,-0.377359,-0.404880,-0.404880,-0.404880,-0.404880
81.110054,-0.362020,-0.375825,-0.357418,-0.377359,-0.381035,-0.381035,-0.381035,-0.381035
81.120056,-0.409573,-0.418777,-0.404971,-0.423379,-0.348231,-0.348231,-0.348231,-0.348231
81.130058,-0.409573,-0.418777,-0.404971,-0.423379,-0.307237,-0.307237,-0.307237,-0.307237
81.140060,-0.417243,-0.426447,-0.414175,-0.429515,-0.259029,-0.259029,-0.259029,-0.259029
81.150055,-0.417243,-0.426447,-0.414175,-0.429515,-0.204749,-0.204749,-0.204749,-0.204749
81.160057,-0.400369,-0.406505,-0.400369,-0.409573,-0.145706,-0.145706,-0.145706,-0.145706
81.170021,-0.400369,-0.406505,-0.400369,-0.409573,-0.083489,-0.083489,-0.083489,-0.083489
81.180054,-0.340544,-0.345146,-0.340544,-0.346680,-0.018923,-0.018923,-0.018923,-0.018923
81.190063,-0.340544,-0.345146,-0.340544,-0.346680,0.045829,0.045829,0.045829,0.045829
81.200058,-0.243903,-0.248505,-0.240835,-0.246971,0.109331,0.109331,0.109331,0.109331
81.210060,-0.243903,-0.248505,-0.240835,-0.246971,0.170211,0.170211,0.170211,0.170211
81.220055,-0.119651,-0.128854,-0.115049,-0.125786,0.226958,0.226958,0.226958,0.226958
81.230057,-0.119651,-0.128854,-0.115049,-0.125786,0.278223,0.278223,0.278223,0.278223
81.240059,0.018408,0.010738,0.012272,0.016874,0.322825,0.322825,0.322825,0.322825
81.250053,0.018408,0.010738,0.012272,0.016874,0.359652,0.359652,0.359652,0.359652
81.260056,0.145728,0.138058,0.138058,0.144194,0.387861,0.387861,0.387861,0.387861
81.270058,0.145728,0.138058,0.138058,0.144194,0.406775,0.406775,0.406775,0.406775
81.280060,0.251573,0.246971,0.250039,0.257709,0.415937,0.415937,0.415937,0.415937
81.290062,0.251573,0.246971,0.250039,0.257709,0.415141,0.415141,0.415141,0.415141
81.300056,0.335942,0.329806,0.337476,0.345146,0.404409,0.404409,0.404409,0.404409
81.310066,0.335942,0.329806,0.337476,0.345146,0.383985,0.383985,0.383985,0.383985
81.320061,0.391165,0.378893,0.389631,0.397301,0.354396,0.354396,0.354396,0.354396
81.330063,0.391165,0.378893,0.389631,0.397301,0.316311,0.316311,0.316311,0.316311
81.340065,0.408039,0.391165,0.401903,0.408039,0.270701,0.270701,0.270701,0.270701
81.350067,0.408039,0.391165,0.401903,0.408039,0.218626,0.218626,0.218626,0.218626
81.360062,0.400369,0.383495,0.395767,0.397301,0.161372,0.161372,0.161372,0.161372
81.370064,0.400369,0.383495,0.395767,0.397301,0.100266,0.100266,0.100266,0.100266
81.380066,0.349748,0.334408,0.348214,0.342078,0.036862,0.036862,0.036862,0.036862
81.390068,0.349748,0.334408,0.348214,0.342078,-0.027395,-0.027395,-0.027395,-0.027395
81.400063,0.259243,0.246971,0.257709,0.245437,-0.090888,-0.090888,-0.090888,-0.090888
81.410065,0.259243,0.246971,0.257709,0.245437,-0.152125,-0.152125,-0.152125,-0.152125
81.420067,0.141126,0.133456,0.136524,0.122718,-0.209596,-0.209596,-0.209596,-0.209596
81.430069,0.141126,0.133456,0.136524,0.122718,-0.261937,-0.261937,-0.261937,-0.261937
81.440025,0.009204,0.003068,0.006136,0.000000,-0.307709,-0.307709,-0.307709,-0.307709
81.450066,0.009204,0.003068,0.006136,0.000000,-0.346290,-0.346290,-0.346290,-0.346290
81.460060,-0.121184,-0.136524,-0.122718,-0.141126,-0.376264,-0.376264,-0.376264,-0.376264
81.470062,-0.121184,-0.136524,-0.122718,-0.141126,-0.397083,-0.397083,-0.397083,-0.397083
81.480064,-0.237767,-0.250039,-0.240835,-0.254641,-0.408225,-0.408225,-0.408225,-0.408225
81.490067,-0.237767,-0.250039,-0.240835,-0.254641,-0.409434,-0.409434,-0.409434,-0.409434
81.500061,-0.326738,-0.340544,-0.326738,-0.343612,-0.400690,-0.400690,-0.400690,-0.400690
81.510071,-0.326738,-0.340544,-0.326738,-0.343612,-0.382181,-0.382181,-0.382181,-0.382181
81.520065,-0.385029,-0.397301,-0.383495,-0.398835,-0.354394,-0.354394,-0.354394,-0.354394
81.530075,-0.385029,-0.397301,-0.383495,-0.398835,-0.317956,-0.317956,-0.317956,-0.317956
81.540070,-0.403437,-0.414175,-0.400369,-0.415709,-0.273878,-0.273878,-0.273878,-0.273878
81.550064,-0.403437,-0.414175,-0.400369,-0.415709,-0.223149,-0.223149,-0.223149,-0.223149
81.560066,-0.395767,-0.408039,-0.395767,-0.406505,-0.167009,-0.167009,-0.167009,-0.167009
81.570068,-0.395767,-0.408039,-0.395767,-0.406505,-0.106858,-0.106858,-0.106858,-0.106858
81.580063,-0.348214,-0.357418,-0.346680,-0.355884,-0.044153,-0.044153,-0.044153,-0.044153
81.590065,-0.348214,-0.357418,-0.346680,-0.355884,0.019547,0.019547,0.019547,0.019547
81.600067,-0.260777,-0.271515,-0.259243,-0.266913,0.082701,0.082701,0.082701,0.082701
81.610069,-0.260777,-0.271515,-0.259243,-0.266913,0.143750,0.143750,0.143750,0.143750
81.620071,-0.144194,-0.156466,-0.144194,-0.150330,0.201215,0.201215,0.201215,0.201215
81.630028,-0.144194,-0.156466,-0.144194,-0.150330,0.253425,0.253425,0.253425,0.253425
81.640068,-0.016874,-0.026078,-0.021476,-0.007670,0.299739,0.299739,0.299739,0.299739
81.650063,-0.016874,-0.026078,-0.021476,-0.007670,0.338438,0.338438,0.338438,0.338438
81.660065,0.110447,0.102777,0.102777,0.118117,0.368741,0.368741,0.368741,0.368741
81.670067,0.110447,0.102777,0.102777,0.118117,0.389926,0.389926,0.389926,0.389926
81.680031,0.227029,0.216291,0.220893,0.233165,0.401439,0.401439,0.401439,0.401439
81.690063,0.227029,0.216291,0.220893,0.233165,0.403069,0.403069,0.403069,0.403069
81.700058,0.316000,0.305262,0.314466,0.323670,0.394721,0.394721,0.394721,0.394721
81.710060,0.316000,0.305262,0.314466,0.323670,0.376613,0.376613,0.376613,0.376613
81.720062,0.375825,0.360486,0.371223,0.380427,0.349205,0.349205,0.349205,0.349205
81.730064,0.375825,0.360486,0.371223,0.380427,0.313174,0.313174,0.313174,0.313174
81.740059,0.392699,0.377359,0.389631,0.395767,0.269445,0.269445,0.269445,0.269445
81.750061,0.392699,0.377359,0.389631,0.395767,0.219053,0.219053,0.219053,0.219053
81.760056,0.388097,0.374291,0.385029,0.388097,0.163319,0.163319,0.163319,0.163319
81.770058,0.388097,0.374291,0.385029,0.388097,0.103547,0.103547,0.103547,0.103547
81.780060,0.342078,0.334408,0.343612,0.342078,0.041287,0.041287,0.041287,0.041287
81.790062,0.342078,0.334408,0.343612,0.342078,-0.021926,-0.021926,-0.021926,-0.021926
81.800056,0.257709,0.251573,0.257709,0.251573,-0.084504,-0.084504,-0.084504,-0.084504
81.810059,0.257709,0.251573,0.257709,0.251573,-0.144911,-0.144911,-0.144911,-0.144911
81.820061,0.144194,0.136524,0.139592,0.133456,-0.201633,-0.201633,-0.201633,-0.201633
81.830063,0.144194,0.136524,0.139592,0.133456,-0.253239,-0.253239,-0.253239,-0.253239
81.840057,0.013806,0.006136,0.010738,0.004602,-0.298452,-0.298452,-0.298452,-0.298452
81.850060,0.013806,0.006136,0.010738,0.004602,-0.336150,-0.336150,-0.336150,-0.336150
81.860054,-0.115049,-0.130388,-0.118117,-0.136524,-0.365393,-0.365393,-0.365393,-0.365393
81.870056,-0.115049,-0.130388,-0.118117,-0.136524,-0.385453,-0.385453,-0.385453,-0.385453
81.880058,-0.230097,-0.243903,-0.230097,-0.248505,-0.395818,-0.395818,-0.395818,-0.395818
81.890060,-0.230097,-0.243903,-0.230097,-0.248505,-0.396239,-0.396239,-0.396239,-0.396239
81.900055,-0.317534,-0.331340,-0.316000,-0.335942,-0.386710,-0.386710,-0.386710,-0.386710
81.910042,-0.317534,-0.331340,-0.316000,-0.335942,-0.367519,-0.367519,-0.367519,-0.367519
81.920059,-0.372757,-0.385029,-0.372757,-0.388097,-0.339022,-0.339022,-0.339022,-0.339022
81.930061,-0.372757,-0.385029,-0.372757,-0.388097,-0.302056,-0.302056,-0.302056,-0.302056
81.940056,-0.391165,-0.400369,-0.388097,-0.403437,-0.257545,-0.257545,-0.257545,-0.257545
81.950050,-0.391165,-0.400369,-0.388097,-0.403437,-0.206606,-0.206606,-0.206606,-0.206606
81.960052,-0.380427,-0.392699,-0.381961,-0.392699,-0.150490,-0.150490,-0.150490,-0.150490
81.970055,-0.380427,-0.392699,-0.381961,-0.392699,-0.090628,-0.090628,-0.090628,-0.090628
81.980057,-0.332874,-0.342078,-0.332874,-0.340544,-0.028569,-0.028569,-0.028569,-0.028569
81.990059,-0.332874,-0.342078,-0.332874,-0.340544,0.034151,0.034151,0.034151,0.034151
82.000061,-0.243903,-0.256175,-0.243903,-0.250039,0.095944,0.095944,0.095944,0.095944
82.010063,-0.243903,-0.256175,-0.243903,-0.250039,0.155233,0.155233,0.155233,0.155233
82.020065,-0.125786,-0.142660,-0.124252,-0.133456,0.210504,0.210504,0.210504,0.210504
82.030067,-0.125786,-0.142660,-0.124252,-0.133456,0.260331,0.260331,0.260331,0.260331
82.040062,0.001534,-0.006136,0.000000,0.007670,0.303514,0.303514,0.303514,0.303514
82.050064,0.001534,-0.006136,0.000000,0.007670,0.338936,0.338936,0.338936,0.338936
82.060066,0.125786,0.118117,0.124252,0.131922,0.365684,0.365684,0.365684,0.365684
82.070061,0.125786,0.118117,0.124252,0.131922,0.383089,0.383089,0.383089,0.383089
82.080063,0.236233,0.227029,0.234699,0.239301,0.390726,0.390726,0.390726,0.390726
82.090065,0.236233,0.227029,0.234699,0.239301,0.388388,0.388388,0.388388,0.388388
82.100067,0.316000,0.306796,0.319068,0.323670,0.376137,0.376137,0.376137,0.376137
82.110062,0.316000,0.306796,0.319068,0.323670,0.354308,0.354308,0.354308,0.354308
82.120064,0.368155,0.354350,0.366621,0.374291,0.323443,0.323443,0.323443,0.323443
82.130058,0.368155,0.354350,0.366621,0.374291,0.284352,0.284352,0.284352,0.284352
82.140060,0.380427,0.365087,0.375825,0.383495,0.238011,0.238011,0.238011,0.238011
82.150063,0.380427,0.365087,0.375825,0.383495,0.185627,0.185627,0.185627,0.185627
82.160065,0.369689,0.357418,0.368155,0.368155,0.128569,0.128569,0.128569,0.128569
82.170067,0.369689,0.357418,0.368155,0.368155,0.068272,0.068272,0.068272,0.068272
82.180069,0.317534,0.308330,0.319068,0.309864,0.006279,0.006279,0.006279,0.006279
82.190063,0.317534,0.308330,0.319068,0.309864,-0.055757,-0.055757,-0.055757,-0.055757
82.200066,0.227029,0.219359,0.230097,0.213223,-0.116343,-0.116343,-0.116343,-0.116343
82.210060,0.227029,0.219359,0.230097,0.213223,-0.173825,-0.173825,-0.173825,-0.173825
82.220062,0.107379,0.101243,0.110447,0.090505,-0.226768,-0.226768,-0.226768,-0.226768
82.230064,0.107379,0.101243,0.110447,0.090505,-0.273794,-0.273794,-0.273794,-0.273794
82.240059,-0.019942,-0.033748,-0.015340,-0.032214,-0.313712,-0.313712,-0.313712,-0.313712
82.250069,-0.019942,-0.033748,-0.015340,-0.032214,-0.345490,-0.345490,-0.345490,-0.345490
82.260063,-0.148796,-0.161068,-0.139592,-0.162602,-0.368286,-0.368286,-0.368286,-0.368286
82.270065,-0.148796,-0.161068,-0.139592,-0.162602,-0.381529,-0.381529,-0.381529,-0.381529
82.280067,-0.256175,-0.265379,-0.248505,-0.268447,-0.384882,-0.384882,-0.384882,-0.384882
82.290070,-0.256175,-0.265379,-0.248505,-0.268447,-0.378260,-0.378260,-0.378260,-0.378260
82.300072,-0.332874,-0.342078,-0.329806,-0.346680,-0.361836,-0.361836,-0.361836,-0.361836
82.310066,-0.332874,-0.342078,-0.329806,-0.346680,-0.336045,-0.336045,-0.336045,-0.336045
82.320068,-0.372757,-0.383495,-0.371223,-0.385029,-0.301568,-0.301568,-0.301568,-0.301568
82.330070,-0.372757,-0.383495,-0.371223,-0.385029,-0.259284,-0.259284,-0.259284,-0.259284
82.340065,-0.375825,-0.388097,-0.375825,-0.389631,-0.210309,-0.210309,-0.210309,-0.210309
82.350067,-0.375825,-0.388097,-0.375825,-0.389631,-0.155921,-0.155921,-0.155921,-0.155921
82.360062,-0.355884,-0.366621,-0.355884,-0.363553,-0.097553,-0.097553,-0.097553,-0.097553
82.370064,-0.355884,-0.366621,-0.355884,-0.363553,-0.036702,-0.036702,-0.036702,-0.036702
82.380066,-0.292990,-0.303728,-0.292990,-0.299126,0.025040,0.025040,0.025040,0.025040
82.390068,-0.292990,-0.303728,-0.292990,-0.299126,0.086059,0.086059,0.086059,0.086059
82.400063,-0.194816,-0.207087,-0.191748,-0.199418,0.144719,0.144719,0.144719,0.144719
82.410065,-0.194816,-0.207087,-0.191748,-0.199418,0.199581,0.199581,0.199581,0.199581
82.420059,-0.072097,-0.087437,-0.072097,-0.073631,0.249120,0.249120,0.249120,0.249120
82.430061,-0.072097,-0.087437,-0.072097,-0.073631,0.292084,0.292084,0.292084,0.292084
82.440063,0.052155,0.049087,0.052155,0.059825,0.327332,0.327332,0.327332,0.327332
82.450066,0.052155,0.049087,0.052155,0.059825,0.353960,0.353960,0.353960,0.353960
82.460068,0.171806,0.165670,0.170272,0.177942,0.371253,0.371253,0.371253,0.371253
82.470070,0.171806,0.165670,0.170272,0.177942,0.378772,0.378772,0.378772,0.378772
82.480064,0.268447,0.260777,0.269981,0.276117,0.376319,0.376319,0.376319,0.376319
82.490059,0.268447,0.260777,0.269981,0.276117,0.363968,0.363968,0.363968,0.363968
82.500061,0.335942,0.323670,0.335942,0.342078,0.342039,0.342039,0.342039,0.342039
82.510071,0.335942,0.323670,0.335942,0.342078,0.311106,0.311106,0.311106,0.311106
82.520065,0.366621,0.352816,0.363553,0.369689,0.272032,0.272032,0.272032,0.272032
82.530067,0.366621,0.352816,0.363553,0.369689,0.225802,0.225802,0.225802,0.225802
82.540062,0.368155,0.352816,0.363553,0.369689,0.173679,0.173679,0.173679,0.173679
82.550064,0.368155,0.352816,0.363553,0.369689,0.116985,0.116985,0.116985,0.116985
82.560066,0.337476,0.326738,0.335942,0.334408,0.057301,0.057301,0.057301,0.057301
82.570068,0.337476,0.326738,0.335942,0.334408,-0.003859,-0.003859,-0.003859,-0.003859
82.580070,0.263845,0.256175,0.265379,0.259243,-0.064826,-0.064826,-0.064826,-0.064826
82.590065,0.263845,0.256175,0.265379,0.259243,-0.123998,-0.123998,-0.123998,-0.123998
82.600067,0.156466,0.150330,0.154932,0.148796,-0.179793,-0.179793,-0.179793,-0.179793
82.610069,0.156466,0.150330,0.154932,0.148796,-0.230769,-0.230769,-0.230769,-0.230769
82.620064,0.033748,0.027612,0.030680,0.026078,-0.275537,-0.275537,-0.275537,-0.275537
82.630051,0.033748,0.027612,0.030680,0.026078,-0.312857,-0.312857,-0.312857,-0.312857
82.640060,-0.090505,-0.108913,-0.095107,-0.111981,-0.341908,-0.341908,-0.341908,-0.341908
82.650063,-0.090505,-0.108913,-0.095107,-0.111981,-0.361764,-0.361764,-0.361764,-0.361764
82.660065,-0.207087,-0.222427,-0.205553,-0.225495,-0.371939,-0.371939,-0.371939,-0.371939
82.670067,-0.207087,-0.222427,-0.205553,-0.225495,-0.372170,-0.372170,-0.372170,-0.372170
82.680061,-0.296058,-0.311398,-0.294524,-0.311398,-0.362460,-0.362460,-0.362460,-0.362460
82.690071,-0.296058,-0.311398,-0.294524,-0.311398,-0.343055,-0.343055,-0.343055,-0.343055
82.700066,-0.349748,-0.360486,-0.349748,-0.362020,-0.314515,-0.314515,-0.314515,-0.314515
82.710068,-0.349748,-0.360486,-0.349748,-0.362020,-0.277567,-0.277567,-0.277567,-0.277567
82.720062,-0.365087,-0.375825,-0.363553,-0.375825,-0.233226,-0.233226,-0.233226,-0.233226
82.730072,-0.365087,-0.375825,-0.363553,-0.375825,-0.182662,-0.182662,-0.182662,-0.182662
82.740067,-0.355884,-0.366621,-0.355884,-0.365087,-0.127289,-0.127289,-0.127289,-0.127289
82.750069,-0.355884,-0.366621,-0.355884,-0.365087,-0.068537,-0.068537,-0.068537,-0.068537
82.760063,-0.305262,-0.314466,-0.311398,-0.314466,-0.008029,-0.008029,-0.008029,-0.008029
82.770065,-0.305262,-0.314466,-0.311398,-0.314466,0.052642,0.052642,0.052642,0.052642
82.780060,-0.217825,-0.227029,-0.225495,-0.223961,0.111776,0.111776,0.111776,0.111776
82.790062,-0.217825,-0.227029,-0.225495,-0.223961,0.167876,0.167876,0.167876,0.167876
82.800064,-0.102777,-0.115049,-0.110447,-0.110447,0.219368,0.219368,0.219368,0.219368
82.810066,-0.102777,-0.115049,-0.110447,-0.110447,0.264865,0.264865,0.264865,0.264865
82.820061,0.018408,0.021476,0.012272,0.024544,0.303149,0.303149,0.303149,0.303149
82.830063,0.018408,0.021476,0.012272,0.024544,0.333202,0.333202,0.333202,0.333202
82.840057,0.138058,0.138058,0.131922,0.144194,0.354189,0.354189,0.354189,0.354189
82.850060,0.138058,0.138058,0.131922,0.144194,0.365567,0.365567,0.365567,0.365567
82.860054,0.242369,0.236233,0.236233,0.245437,0.367025,0.367025,0.367025,0.367025
82.870064,0.242369,0.236233,0.236233,0.245437,0.358520,0.358520,0.358520,0.358520
82.880058,0.314466,0.306796,0.312932,0.320602,0.340292,0.340292,0.340292,0.340292
82.890060,0.314466,0.306796,0.312932,0.320602,0.312842,0.312842,0.312842,0.312842
82.900055,0.354350,0.339010,0.351282,0.357418,0.276925,0.276925,0.276925,0.276925
82.910057,0.354350,0.339010,0.351282,0.357418,0.233494,0.233494,0.233494,0.233494
82.920059,0.357418,0.342078,0.352816,0.358952,0.183789,0.183789,0.183789,0.183789
82.930061,0.357418,0.342078,0.352816,0.358952,0.129071,0.129071,0.129071,0.129071
82.940056,0.335942,0.322136,0.334408,0.331340,0.070960,0.070960,0.070960,0.070960
82.950058,0.335942,0.322136,0.334408,0.331340,0.010955,0.010955,0.010955,0.010955
82.960060,0.268447,0.259243,0.269981,0.260777,-0.049269,-0.049269,-0.049269,-0.049269
82.970062,0.268447,0.259243,0.269981,0.260777,-0.108083,-0.108083,-0.108083,-0.108083
82.980064,0.168738,0.158000,0.167204,0.156466,-0.163867,-0.163867,-0.163867,-0.163867
82.990059,0.168738,0.158000,0.167204,0.156466,-0.215092,-0.215092,-0.215092,-0.215092
83.000061,0.047553,0.036816,0.047553,0.035282,-0.260358,-0.260358,-0.260358,-0.260358
83.010056,0.047553,0.036816,0.047553,0.035282,-0.298418,-0.298418,-0.298418,-0.298418
83.020058,-0.075165,-0.099709,-0.076699,-0.093573,-0.328250,-0.328250,-0.328250,-0.328250
83.030060,-0.075165,-0.099709,-0.076699,-0.093573,-0.349035,-0.349035,-0.349035,-0.349035
83.040062,-0.191748,-0.210155,-0.190214,-0.208621,-0.360184,-0.360184,-0.360184,-0.360184
83.050064,-0.191748,-0.210155,-0.190214,-0.208621,-0.361411,-0.361411,-0.361411,-0.361411
83.060059,-0.280719,-0.296058,-0.280719,-0.296058,-0.352683,-0.352683,-0.352683,-0.352683
83.070061,-0.280719,-0.296058,-0.280719,-0.296058,-0.334248,-0.334248,-0.334248,-0.334248
83.080055,-0.337476,-0.351282,-0.335942,-0.351282,-0.306609,-0.306609,-0.306609,-0.306609
83.090057,-0.337476,-0.351282,-0.335942,-0.351282,-0.270537,-0.270537,-0.270537,-0.270537
83.100060,-0.354350,-0.365087,-0.352816,-0.365087,-0.227031,-0.227031,-0.227031,-0.227031
83.110062,-0.354350,-0.365087,-0.352816,-0.365087,-0.177311,-0.177311,-0.177311,-0.177311
83.120056,-0.348214,-0.357418,-0.346680,-0.355884,-0.122737,-0.122737,-0.122737,-0.122737
83.130058,-0.348214,-0.357418,-0.346680,-0.355884,-0.064820,-0.064820,-0.064820,-0.064820
83.140060,-0.300660,-0.306796,-0.299126,-0.308330,-0.005192,-0.005192,-0.005192,-0.005192
83.150063,-0.300660,-0.306796,-0.299126,-0.308330,0.054525,0.054525,0.054525,0.054525
83.160057,-0.216291,-0.222427,-0.213223,-0.220893,0.112650,0.112650,0.112650,0.112650
83.170059,-0.216291,-0.222427,-0.213223,-0.220893,0.167567,0.167567,0.167567,0.167567
83.180061,-0.101243,-0.111981,-0.101243,-0.108913,0.217772,0.217772,0.217772,0.217772
83.190063,-0.101243,-0.111981,-0.101243,-0.108913,0.261858,0.261858,0.261858,0.261858
83.200058,0.019942,0.023010,0.023010,0.029146,0.298573,0.298573,0.298573,0.298573
83.210060,0.019942,0.023010,0.023010,0.029146,0.326943,0.326943,0.326943,0.326943
83.220062,0.141126,0.136524,0.139592,0.145728,0.346151,0.346151,0.346151,0.346151
83.230057,0.141126,0.136524,0.139592,0.145728,0.355674,0.355674,0.355674,0.355674
83.240059,0.239301,0.233165,0.237767,0.243903,0.355247,0.355247,0.355247,0.355247
83.250061,0.239301,0.233165,0.237767,0.243903,0.344885,0.344885,0.344885,0.344885
83.260056,0.308330,0.300660,0.309864,0.314466,0.324888,0.324888,0.324888,0.324888
83.270058,0.308330,0.300660,0.309864,0.314466,0.295809,0.295809,0.295809,0.295809
83.280060,0.343612,0.329806,0.340544,0.346680,0.258483,0.258483,0.258483,0.258483
83.290054,0.343612,0.329806,0.340544,0.346680,0.213950,0.213950,0.213950,0.213950
83.300056,0.346680,0.329806,0.340544,0.346680,0.163469,0.163469,0.163469,0.163469
83.310059,0.346680,0.329806,0.340544,0.346680,0.108431,0.108431,0.108431,0.108431
83.320061,0.319068,0.306796,0.317534,0.319068,0.050436,0.050436,0.050436,0.050436
83.330055,0.319068,0.306796,0.317534,0.319068,-0.008923,-0.008923,-0.008923,-0.008923
83.340057,0.251573,0.239301,0.251573,0.246971,-0.067930,-0.067930,-0.067930,-0.067930
83.350060,0.251573,0.239301,0.251573,0.246971,-0.125009,-0.125009,-0.125009,-0.125009
83.360062,0.147262,0.134990,0.153398,0.139592,-0.178453,-0.178453,-0.178453,-0.178453
83.370064,0.147262,0.134990,0.153398,0.139592,-0.226815,-0.226815,-0.226815,-0.226815
83.380066,0.024544,0.013806,0.032214,0.018408,-0.268703,-0.268703,-0.268703,-0.268703
83.390060,0.024544,0.013806,0.032214,0.018408,-0.302920,-0.302920,-0.302920,-0.302920
83.400055,-0.096641,-0.116583,-0.090505,-0.113515,-0.328541,-0.328541,-0.328541,-0.328541
83.410065,-0.096641,-0.116583,-0.090505,-0.113515,-0.344832,-0.344832,-0.344832,-0.344832
83.420059,-0.205553,-0.222427,-0.200952,-0.220893,-0.351320,-0.351320,-0.351320,-0.351320
83.430061,-0.205553,-0.222427,-0.200952,-0.220893,-0.347834,-0.347834,-0.347834,-0.347834
83.440063,-0.286854,-0.302194,-0.282252,-0.302194,-0.334479,-0.334479,-0.334479,-0.334479
83.450058,-0.286854,-0.302194,-0.282252,-0.302194,-0.311639,-0.311639,-0.311639,-0.311639
83.460060,-0.335942,-0.346680,-0.331340,-0.348214,-0.279961,-0.279961,-0.279961,-0.279961
83.470062,-0.335942,-0.346680,-0.331340,-0.348214,-0.240343,-0.240343,-0.240343,-0.240343
83.480064,-0.345146,-0.354350,-0.342078,-0.354350,-0.193953,-0.193953,-0.193953,-0.193953
83.490059,-0.345146,-0.354350,-0.342078,-0.354350,-0.142089,-0.142089,-0.142089,-0.142089
83.500061,-0.331340,-0.340544,-0.329806,-0.339010,-0.086226,-0.086226,-0.086226,-0.086226
83.510056,-0.331340,-0.340544,-0.329806,-0.339010,-0.027977,-0.027977,-0.027977,-0.027977
83.520058,-0.273049,-0.285320,-0.274583,-0.279185,0.031037,0.031037,0.031037,0.031037
83.530060,-0.273049,-0.285320,-0.274583,-0.279185,0.089071,0.089071,0.089071,0.089071
83.540062,-0.177942,-0.194816,-0.179476,-0.184078,0.144483,0.144483,0.144483,0.144483
83.550072,-0.177942,-0.194816,-0.179476,-0.184078,0.195728,0.195728,0.195728,0.195728
83.560066,-0.062893,-0.078233,-0.061359,-0.061359,0.241250,0.241250,0.241250,0.241250
83.570068,-0.062893,-0.078233,-0.061359,-0.061359,0.279811,0.279811,0.279811,0.279811
83.580063,0.056757,0.052155,0.059825,0.062893,0.310278,0.310278,0.310278,0.310278
83.590065,0.056757,0.052155,0.059825,0.062893,0.331815,0.331815,0.331815,0.331815
83.600060,0.168738,0.162602,0.170272,0.173340,0.343774,0.343774,0.343774,0.343774
83.610069,0.168738,0.162602,0.170272,0.173340,0.345834,0.345834,0.345834,0.345834
83.620056,0.259243,0.250039,0.257709,0.263845,0.337940,0.337940,0.337940,0.337940
83.630066,0.259243,0.250039,0.257709,0.263845,0.320290,0.320290,0.320290,0.320290
83.640053,0.316000,0.305262,0.314466,0.320602,0.293467,0.293467,0.293467,0.293467
83.650063,0.316000,0.305262,0.314466,0.320602,0.258143,0.258143,0.258143,0.258143
83.660065,0.337476,0.320602,0.331340,0.337476,0.215453,0.215453,0.215453,0.215453
83.670059,0.337476,0.320602,0.331340,0.337476,0.166565,0.166565,0.166565,0.166565
83.680061,0.331340,0.317534,0.329806,0.331340,0.112925,0.112925,0.112925,0.112925
83.690056,0.331340,0.317534,0.329806,0.331340,0.056085,0.056085,0.056085,0.056085
83.700058,0.289922,0.279185,0.289922,0.285320,-0.002338,-0.002338,-0.002338,-0.002338
83.710014,0.289922,0.279185,0.289922,0.285320,-0.060357,-0.060357,-0.060357,-0.060357
83.720062,0.207087,0.197884,0.204019,0.200952,-0.117035,-0.117035,-0.117035,-0.117035
83.730064,0.207087,0.197884,0.204019,0.200952,-0.170046,-0.170046,-0.170046,-0.170046
83.740059,0.093573,0.087437,0.088971,0.081301,-0.217982,-0.217982,-0.217982,-0.217982
83.750061,0.093573,0.087437,0.088971,0.081301,-0.259561,-0.259561,-0.259561,-0.259561
83.760056,-0.027612,-0.039884,-0.030680,-0.044485,-0.293499,-0.293499,-0.293499,-0.293499
83.770065,-0.027612,-0.039884,-0.030680,-0.044485,-0.318872,-0.318872,-0.318872,-0.318872
83.780037,-0.147262,-0.161068,-0.144194,-0.167204,-0.334872,-0.334872,-0.334872,-0.334872
83.790070,-0.147262,-0.161068,-0.144194,-0.167204,-0.341134,-0.341134,-0.341134,-0.341134
83.800064,-0.243903,-0.254641,-0.240835,-0.262311,-0.337388,-0.337388,-0.337388,-0.337388
83.810059,-0.243903,-0.254641,-0.240835,-0.262311,-0.323794,-0.323794,-0.323794,-0.323794
83.820061,-0.306796,-0.319068,-0.303728,-0.320602,-0.300738,-0.300738,-0.300738,-0.300738
83.830063,-0.306796,-0.319068,-0.303728,-0.320602,-0.268898,-0.268898,-0.268898,-0.268898
83.840065,-0.334408,-0.345146,-0.331340,-0.345146,-0.229211,-0.229211,-0.229211,-0.229211
83.850060,-0.334408,-0.345146,-0.331340,-0.345146,-0.182861,-0.182861,-0.182861,-0.182861
83.860062,-0.332874,-0.345146,-0.331340,-0.342078,-0.131199,-0.131199,-0.131199,-0.131199
83.870064,-0.332874,-0.345146,-0.331340,-0.342078,-0.075726,-0.075726,-0.075726,-0.075726
83.880058,-0.297592,-0.306796,-0.297592,-0.303728,-0.018124,-0.018124,-0.018124,-0.018124
83.890060,-0.297592,-0.306796,-0.297592,-0.303728,0.039965,0.039965,0.039965,0.039965
83.900055,-0.220893,-0.231631,-0.220893,-0.225495,0.096790,0.096790,0.096790,0.096790
83.910057,-0.220893,-0.231631,-0.220893,-0.225495,0.150720,0.150720,0.150720,0.150720
83.920059,-0.111981,-0.127320,-0.116583,-0.119651,0.200125,0.200125,0.200125,0.200125
83.930061,-0.111981,-0.127320,-0.116583,-0.119651,0.243575,0.243575,0.243575,0.243575
83.940056,0.007670,0.001534,0.001534,0.013806,0.279754,0.279754,0.279754,0.279754
83.950058,0.007670,0.001534,0.001534,0.013806,0.307632,0.307632,0.307632,0.307632
83.960052,0.122718,0.118117,0.118117,0.127320,0.326370,0.326370,0.326370,0.326370
83.970062,0.122718,0.118117,0.118117,0.127320,0.335427,0.335427,0.335427,0.335427
83.980057,0.222427,0.213223,0.216291,0.227029,0.334528,0.334528,0.334528,0.334528
83.990059,0.222427,0.213223,0.216291,0.227029,0.323703,0.323703,0.323703,0.323703
84.000061,0.289922,0.279185,0.288388,0.296058,0.303288,0.303288,0.303288,0.303288
84.010063,0.289922,0.279185,0.288388,0.296058,0.273887,0.273887,0.273887,0.273887
84.020058,0.323670,0.311398,0.320602,0.326738,0.236381,0.236381,0.236381,0.236381
84.030060,0.323670,0.311398,0.320602,0.326738,0.191878,0.191878,0.191878,0.191878
84.040054,0.325204,0.311398,0.322136,0.328272,0.141729,0.141729,0.141729,0.141729
84.050102,0.325204,0.311398,0.322136,0.328272,0.087147,0.087147,0.087147,0.087147
84.060059,0.299126,0.288388,0.296058,0.297592,0.030534,0.030534,0.030534,0.030534
84.070061,0.299126,0.288388,0.296058,0.297592,-0.027176,-0.027176,-0.027176,-0.027176
84.080055,0.230097,0.222427,0.227029,0.227029,-0.083985,-0.083985,-0.083985,-0.083985
84.090065,0.230097,0.222427,0.227029,0.227029,-0.138264,-0.138264,-0.138264,-0.138264
84.100060,0.125786,0.119651,0.124252,0.116583,-0.188287,-0.188287,-0.188287,-0.188287
84.110062,0.125786,0.119651,0.124252,0.116583,-0.232643,-0.232643,-0.232643,-0.232643
84.120056,0.006136,-0.001534,0.004602,-0.001534,-0.269960,-0.269960,-0.269960,-0.269960
84.130035,0.006136,-0.001534,0.004602,-0.001534,-0.299075,-0.299075,-0.299075,-0.299075
84.140060,-0.111981,-0.127320,-0.110447,-0.128854,-0.319302,-0.319302,-0.319302,-0.319302
84.150063,-0.111981,-0.127320,-0.110447,-0.128854,-0.329853,-0.329853,-0.329853,-0.329853
84.160057,-0.213223,-0.225495,-0.211689,-0.228563,-0.330470,-0.330470,-0.330470,-0.330470
84.170059,-0.213223,-0.225495,-0.211689,-0.228563,-0.321140,-0.321140,-0.321140,-0.321140
84.180061,-0.283786,-0.296058,-0.282252,-0.300660,-0.302162,-0.302162,-0.302162,-0.302162
84.190063,-0.283786,-0.296058,-0.282252,-0.300660,-0.274089,-0.274089,-0.274089,-0.274089
84.200027,-0.322136,-0.332874,-0.319068,-0.334408,-0.237926,-0.237926,-0.237926,-0.237926
84.210068,-0.322136,-0.332874,-0.319068,-0.334408,-0.194320,-0.194320,-0.194320,-0.194320
84.220062,-0.323670,-0.335942,-0.320602,-0.335942,-0.145073,-0.145073,-0.145073,-0.145073
84.230072,-0.323670,-0.335942,-0.320602,-0.335942,-0.091452,-0.091452,-0.091452,-0.091452
84.240074,-0.297592,-0.308330,-0.296058,-0.305262,-0.035165,-0.035165,-0.035165,-0.035165
84.250069,-0.297592,-0.308330,-0.296058,-0.305262,0.022100,0.022100,0.022100,0.022100
84.260071,-0.231631,-0.237767,-0.230097,-0.236233,0.078657,0.078657,0.078657,0.078657
84.270065,-0.231631,-0.237767,-0.230097,-0.236233,0.132753,0.132753,0.132753,0.132753
84.280067,-0.128854,-0.138058,-0.127320,-0.133456,0.182736,0.182736,0.182736,0.182736
84.290070,-0.128854,-0.138058,-0.127320,-0.133456,0.227140,0.227140,0.227140,0.227140
84.300064,-0.010738,-0.012272,-0.009204,-0.003068,0.264553,0.264553,0.264553,0.264553
84.310066,-0.010738,-0.012272,-0.009204,-0.003068,0.293902,0.293902,0.293902,0.293902
84.320068,0.108913,0.104311,0.102777,0.108913,0.314246,0.314246,0.314246,0.314246
84.330025,0.108913,0.104311,0.102777,0.108913,0.324975,0.324975,0.324975,0.324975
84.340057,0.210155,0.200952,0.204019,0.210155,0.325826,0.325826,0.325826,0.325826
84.350044,0.210155,0.200952,0.204019,0.210155,0.316731,0.316731,0.316731,0.316731
84.360069,0.276117,0.268447,0.277651,0.280719,0.297921,0.297921,0.297921,0.297921
84.370064,0.276117,0.268447,0.277651,0.280719,0.270054,0.270054,0.270054,0.270054
84.380066,0.312932,0.300660,0.309864,0.317534,0.233956,0.233956,0.233956,0.233956
84.390068,0.312932,0.300660,0.309864,0.317534,0.190726,0.190726,0.190726,0.190726
84.400055,0.316000,0.302194,0.311398,0.319068,0.141766,0.141766,0.141766,0.141766
84.410057,0.316000,0.302194,0.311398,0.319068,0.088478,0.088478,0.088478,0.088478
84.420036,0.294524,0.282252,0.292990,0.292990,0.032660,0.032660,0.032660,0.032660
84.430061,0.294524,0.282252,0.292990,0.292990,-0.024391,-0.024391,-0.024391,-0.024391
84.440056,0.228563,0.217825,0.227029,0.225495,-0.080423,-0.080423,-0.080423,-0.080423
84.450066,0.228563,0.217825,0.227029,0.225495,-0.133986,-0.133986,-0.133986,-0.133986
84.460068,0.125786,0.115049,0.124252,0.119651,-0.183311,-0.183311,-0.183311,-0.183311
84.470070,0.125786,0.115049,0.124252,0.119651,-0.226939,-0.226939,-0.226939,-0.226939
84.480064,0.009204,-0.006136,0.010738,0.003068,-0.263493,-0.263493,-0.263493,-0.263493
84.490067,0.009204,-0.006136,0.010738,0.003068,-0.291898,-0.291898,-0.291898,-0.291898
84.500053,-0.105845,-0.128854,-0.101243,-0.124252,-0.311220,-0.311220,-0.311220,-0.311220
84.510063,-0.105845,-0.128854,-0.101243,-0.124252,-0.320931,-0.320931,-0.320931,-0.320931
84.520058,-0.205553,-0.223961,-0.200952,-0.223961,-0.320688,-0.320688,-0.320688,-0.320688
84.530060,-0.205553,-0.223961,-0.200952,-0.223961,-0.310516,-0.310516,-0.310516,-0.310516
84.540062,-0.277651,-0.292990,-0.273049,-0.292990,-0.290743,-0.290743,-0.290743,-0.290743
84.550064,-0.277651,-0.292990,-0.273049,-0.292990,-0.261960,-0.261960,-0.261960,-0.261960
84.560059,-0.312932,-0.325204,-0.309864,-0.325204,-0.225097,-0.225097,-0.225097,-0.225097
84.570061,-0.312932,-0.325204,-0.309864,-0.325204,-0.181279,-0.181279,-0.181279,-0.181279
84.580055,-0.314466,-0.326738,-0.311398,-0.325204,-0.131890,-0.131890,-0.131890,-0.131890
84.590057,-0.314466,-0.326738,-0.311398,-0.325204,-0.078436,-0.078436,-0.078436,-0.078436
84.600060,-0.286854,-0.296058,-0.288388,-0.291456,-0.022619,-0.022619,-0.022619,-0.022619
84.610062,-0.286854,-0.296058,-0.288388,-0.291456,0.033845,0.033845,0.033845,0.033845
84.620056,-0.216291,-0.223961,-0.214757,-0.219359,0.089170,0.089170,0.089170,0.089170
84.630058,-0.216291,-0.223961,-0.214757,-0.219359,0.141665,0.141665,0.141665,0.141665
84.640060,-0.115049,-0.124252,-0.113515,-0.122718,0.189675,0.189675,0.189675,0.189675
84.650055,-0.115049,-0.124252,-0.113515,-0.122718,0.231671,0.231671,0.231671,0.231671
84.660057,-0.001534,0.001534,0.001534,0.007670,0.266385,0.266385,0.266385,0.266385
84.670059,-0.001534,0.001534,0.001534,0.007670,0.292720,0.292720,0.292720,0.292720
84.680061,0.111981,0.113515,0.113515,0.118117,0.309843,0.309843,0.309843,0.309843
84.690063,0.111981,0.113515,0.113515,0.118117,0.317233,0.317233,0.317233,0.317233
84.700058,0.211689,0.205553,0.210155,0.214757,0.314657,0.314657,0.314657,0.314657
84.710060,0.211689,0.205553,0.210155,0.214757,0.302198,0.302198,0.302198,0.302198
84.720055,0.276117,0.266913,0.277651,0.279185,0.280260,0.280260,0.280260,0.280260
84.730057,0.276117,0.266913,0.277651,0.279185,0.249522,0.249522,0.249522,0.249522
84.740051,0.305262,0.292990,0.302194,0.308330,0.210990,0.210990,0.210990,0.210990
84.750053,0.305262,0.292990,0.302194,0.308330,0.165829,0.165829,0.165829,0.165829
84.760056,0.305262,0.292990,0.302194,0.308330,0.115507,0.115507,0.115507,0.115507
84.770058,0.305262,0.292990,0.302194,0.308330,0.061584,0.061584,0.061584,0.061584
84.780052,0.276117,0.265379,0.273049,0.274583,0.005799,0.005799,0.005799,0.005799
84.790054,0.276117,0.265379,0.273049,0.274583,-0.050125,-0.050125,-0.050125,-0.050125
84.800056,0.207087,0.196350,0.202485,0.199418,-0.104375,-0.104375,-0.104375,-0.104375
84.810059,0.207087,0.196350,0.202485,0.199418,-0.155286,-0.155286,-0.155286,-0.155286
84.820053,0.101243,0.095107,0.098175,0.092039,-0.201168,-0.201168,-0.201168,-0.201168
84.830063,0.101243,0.095107,0.098175,0.092039,-0.240654,-0.240654,-0.240654,-0.240654
84.840057,-0.023010,-0.029146,-0.019942,-0.026078,-0.272430,-0.272430,-0.272430,-0.272430
84.850060,-0.023010,-0.029146,-0.019942,-0.026078,-0.295530,-0.295530,-0.295530,-0.295530
84.860054,-0.134990,-0.147262,-0.131922,-0.147262,-0.309197,-0.309197,-0.309197,-0.309197
84.870056,-0.134990,-0.147262,-0.131922,-0.147262,-0.313016,-0.313016,-0.313016,-0.313016
84.880058,-0.227029,-0.236233,-0.222427,-0.239301,-0.306866,-0.306866,-0.306866,-0.306866
84.890060,-0.227029,-0.236233,-0.222427,-0.239301,-0.290942,-0.290942,-0.290942,-0.290942
84.900040,-0.283786,-0.296058,-0.280719,-0.297592,-0.265811,-0.265811,-0.265811,-0.265811
84.910027,-0.283786,-0.296058,-0.280719,-0.297592,-0.232234,-0.232234,-0.232234,-0.232234
84.920059,-0.306796,-0.319068,-0.303728,-0.319068,-0.191117,-0.191117,-0.191117,-0.191117
84.930054,-0.306796,-0.319068,-0.303728,-0.319068,-0.144065,-0.144065,-0.144065,-0.144065
84.940018,-0.303728,-0.314466,-0.300660,-0.312932,-0.092649,-0.092649,-0.092649,-0.092649
84.950058,-0.303728,-0.314466,-0.300660,-0.312932,-0.037917,-0.037917,-0.037917,-0.037917
84.960060,-0.262311,-0.273049,-0.262311,-0.268447,0.017744,0.017744,0.017744,0.017744
84.970055,-0.262311,-0.273049,-0.262311,-0.268447,0.072773,0.072773,0.072773,0.072773
84.980057,-0.181010,-0.194816,-0.181010,-0.187146,0.125406,0.125406,0.125406,0.125406
84.990059,-0.181010,-0.194816,-0.181010,-0.187146,0.173955,0.173955,0.173955,0.173955
85.000061,-0.073631,-0.088971,-0.073631,-0.073631,0.216831,0.216831,0.216831,0.216831
85.010063,-0.073631,-0.088971,-0.073631,-0.073631,0.252696,0.252696,0.252696,0.252696
85.020058,0.041417,0.038350,0.039884,0.047553,0.280376,0.280376,0.280376,0.280376
85.030060,0.041417,0.038350,0.039884,0.047553,0.298989,0.298989,0.298989,0.298989
85.040054,0.147262,0.144194,0.148796,0.153398,0.307937,0.307937,0.307937,0.307937
85.050056,0.147262,0.144194,0.148796,0.153398,0.306938,0.306938,0.306938,0.306938
85.060059,0.233165,0.223961,0.231631,0.237767,0.296025,0.296025,0.296025,0.296025
85.070061,0.233165,0.223961,0.231631,0.237767,0.275548,0.275548,0.275548,0.275548
85.080055,0.283786,0.271515,0.280719,0.288388,0.246203,0.246203,0.246203,0.246203
85.090057,0.283786,0.271515,0.280719,0.288388,0.208902,0.208902,0.208902,0.208902
85.100060,0.299126,0.285320,0.292990,0.300660,0.164891,0.164891,0.164891,0.164891
85.110039,0.299126,0.285320,0.292990,0.300660,0.115690,0.115690,0.115690,0.115690
85.120056,0.289922,0.279185,0.288388,0.289922,0.062572,0.062572,0.062572,0.062572
85.130058,0.289922,0.279185,0.288388,0.289922,0.007599,0.007599,0.007599,0.007599
85.140060,0.242369,0.233165,0.243903,0.237767,-0.047549,-0.047549,-0.047549,-0.047549
85.150063,0.242369,0.233165,0.243903,0.237767,-0.101090,-0.101090,-0.101090,-0.101090
85.160057,0.156466,0.147262,0.158000,0.147262,-0.151269,-0.151269,-0.151269,-0.151269
85.170059,0.156466,0.147262,0.158000,0.147262,-0.196484,-0.196484,-0.196484,-0.196484
85.180061,0.041417,0.038350,0.041417,0.035282,-0.235201,-0.235201,-0.235201,-0.235201
85.190056,0.041417,0.038350,0.041417,0.035282,-0.266213,-0.266213,-0.266213,-0.266213
85.200058,-0.070563,-0.087437,-0.072097,-0.087437,-0.288490,-0.288490,-0.288490,-0.288490
85.210060,-0.070563,-0.087437,-0.072097,-0.087437,-0.301318,-0.301318,-0.301318,-0.301318
85.220055,-0.171806,-0.191748,-0.173340,-0.190214,-0.304271,-0.304271,-0.304271,-0.304271
85.230057,-0.171806,-0.191748,-0.173340,-0.190214,-0.297257,-0.297257,-0.297257,-0.297257
85.240059,-0.251573,-0.265379,-0.251573,-0.266913,-0.280513,-0.280513,-0.280513,-0.280513
85.250053,-0.251573,-0.265379,-0.251573,-0.266913,-0.254592,-0.254592,-0.254592,-0.254592
85.260056,-0.294524,-0.305262,-0.291456,-0.306796,-0.220351,-0.220351,-0.220351,-0.220351
85.270058,-0.294524,-0.305262,-0.291456,-0.306796,-0.178900,-0.178900,-0.178900,-0.178900
85.280060,-0.297592,-0.308330,-0.294524,-0.309864,-0.131629,-0.131629,-0.131629,-0.131629
85.290062,-0.297592,-0.308330,-0.294524,-0.309864,-0.080068,-0.080068,-0.080068,-0.080068
85.300056,-0.276117,-0.289922,-0.276117,-0.283786,-0.025967,-0.025967,-0.025967,-0.025967
85.310059,-0.276117,-0.289922,-0.276117,-0.283786,0.028958,0.028958,0.028958,0.028958
85.320061,-0.213223,-0.225495,-0.211689,-0.217825,0.082845,0.082845,0.082845,0.082845
85.330063,-0.213223,-0.225495,-0.211689,-0.217825,0.133945,0.133945,0.133945,0.133945
85.340057,-0.108913,-0.131922,-0.115049,-0.119651,0.180544,0.180544,0.180544,0.180544
85.350060,-0.108913,-0.131922,-0.115049,-0.119651,0.221117,0.221117,0.221117,0.221117
85.360054,0.003068,-0.012272,-0.003068,0.010738,0.254333,0.254333,0.254333,0.254333
85.370056,0.003068,-0.012272,-0.003068,0.010738,0.279099,0.279099,0.279099,0.279099
85.380058,0.111981,0.101243,0.107379,0.116583,0.294585,0.294585,0.294585,0.294585
85.390060,0.111981,0.101243,0.107379,0.116583,0.300283,0.300283,0.300283,0.300283
85.400063,0.199418,0.191748,0.199418,0.205553,0.296006,0.296006,0.296006,0.296006
85.410065,0.199418,0.191748,0.199418,0.205553,0.281901,0.281901,0.281901,0.281901
85.420059,0.260777,0.251573,0.260777,0.266913,0.258450,0.258450,0.258450,0.258450
85.430061,0.260777,0.251573,0.260777,0.266913,0.226418,0.226418,0.226418,0.226418
85.440056,0.288388,0.277651,0.285320,0.292990,0.186905,0.186905,0.186905,0.186905
85.450058,0.288388,0.277651,0.285320,0.292990,0.141197,0.141197,0.141197,0.141197
85.460060,0.288388,0.276117,0.285320,0.289922,0.090841,0.090841,0.090841,0.090841
85.470055,0.288388,0.276117,0.285320,0.289922,0.037522,0.037522,0.037522,0.037522
85.480057,0.254641,0.245437,0.251573,0.250039,-0.016989,-0.016989,-0.016989,-0.016989
85.490059,0.254641,0.245437,0.251573,0.250039,-0.070899,-0.070899,-0.070899,-0.070899
85.500061,0.181010,0.171806,0.179476,0.173340,-0.122330,-0.122330,-0.122330,-0.122330
85.510063,0.181010,0.171806,0.179476,0.173340,-0.169621,-0.169621,-0.169621,-0.169621
85.520058,0.073631,0.067495,0.073631,0.065961,-0.211171,-0.211171,-0.211171,-0.211171
85.530060,0.073631,0.067495,0.073631,0.065961,-0.245580,-0.245580,-0.245580,-0.245580
85.540062,-0.041417,-0.053689,-0.041417,-0.049087,-0.271725,-0.271725,-0.271725,-0.271725
85.550064,-0.041417,-0.053689,-0.041417,-0.049087,-0.288706,-0.288706,-0.288706,-0.288706
85.560059,-0.147262,-0.162602,-0.147262,-0.162602,-0.295962,-0.295962,-0.295962,-0.295962
85.570068,-0.147262,-0.162602,-0.147262,-0.162602,-0.293246,-0.293246,-0.293246,-0.293246
85.580055,-0.230097,-0.242369,-0.230097,-0.245437,-0.280680,-0.280680,-0.280680,-0.280680
85.590057,-0.230097,-0.242369,-0.230097,-0.245437,-0.258661,-0.258661,-0.258661,-0.258661
85.600060,-0.279185,-0.292990,-0.276117,-0.292990,-0.227953,-0.227953,-0.227953,-0.227953
85.610062,-0.279185,-0.292990,-0.276117,-0.292990,-0.189565,-0.189565,-0.189565,-0.189565
85.620056,-0.289922,-0.302194,-0.286854,-0.302194,-0.144851,-0.144851,-0.144851,-0.144851
85.630066,-0.289922,-0.302194,-0.286854,-0.302194,-0.095269,-0.095269,-0.095269,-0.095269
85.640060,-0.276117,-0.289922,-0.276117,-0.285320,-0.042558,-0.042558,-0.042558,-0.042558
85.650063,-0.276117,-0.289922,-0.276117,-0.285320,0.011564,0.011564,0.011564,0.011564
85.660057,-0.222427,-0.234699,-0.225495,-0.228563,0.065200,0.065200,0.065200,0.065200
85.670059,-0.222427,-0.234699,-0.225495,-0.228563,0.116586,0.116586,0.116586,0.116586
85.680061,-0.131922,-0.147262,-0.139592,-0.138058,0.163938,0.163938,0.163938,0.163938
85.690063,-0.131922,-0.147262,-0.139592,-0.138058,0.205680,0.205680,0.205680,0.205680
85.700058,-0.023010,-0.023010,-0.023010,-0.013806,0.240364,0.240364,0.240364,0.240364
85.710068,-0.023010,-0.023010,-0.023010,-0.013806,0.266852,0.266852,0.266852,0.266852
85.720062,0.087437,0.090505,0.087437,0.092039,0.284198,0.284198,0.284198,0.284198
85.730057,0.087437,0.090505,0.087437,0.092039,0.291857,0.291857,0.291857,0.291857
85.740059,0.184078,0.181010,0.182544,0.188680,0.289557,0.289557,0.289557,0.289557
85.750023,0.184078,0.181010,0.182544,0.188680,0.277433,0.277433,0.277433,0.277433
85.760063,0.251573,0.242369,0.248505,0.254641,0.255734,0.255734,0.255734,0.255734
85.770065,0.251573,0.242369,0.248505,0.254641,0.225372,0.225372,0.225372,0.225372
85.780075,0.280719,0.268447,0.277651,0.283786,0.187309,0.187309,0.187309,0.187309
85.790070,0.280719,0.268447,0.277651,0.283786,0.142937,0.142937,0.142937,0.142937
85.800064,0.280719,0.268447,0.277651,0.283786,0.093696,0.093696,0.093696,0.093696
85.810066,0.280719,0.268447,0.277651,0.283786,0.041322,0.041322,0.041322,0.041322
85.820061,0.251573,0.239301,0.248505,0.248505,-0.012429,-0.012429,-0.012429,-0.012429
85.830063,0.251573,0.239301,0.248505,0.248505,-0.065698,-0.065698,-0.065698,-0.065698
85.840065,0.181010,0.168738,0.181010,0.174874,-0.116612,-0.116612,-0.116612,-0.116612
85.850037,0.181010,0.168738,0.181010,0.174874,-0.163368,-0.163368,-0.163368,-0.163368
85.860062,0.078233,0.067495,0.076699,0.072097,-0.204655,-0.204655,-0.204655,-0.204655
85.870064,0.078233,0.067495,0.076699,0.072097,-0.238746,-0.238746,-0.238746,-0.238746
85.880058,-0.041417,-0.053689,-0.035282,-0.046019,-0.264542,-0.264542,-0.264542,-0.264542
85.890068,-0.041417,-0.053689,-0.035282,-0.046019,-0.281194,-0.281194,-0.281194,-0.281194
85.900055,-0.144194,-0.162602,-0.139592,-0.158000,-0.288108,-0.288108,-0.288108,-0.288108
85.910057,-0.144194,-0.162602,-0.139592,-0.158000,-0.285067,-0.285067,-0.285067,-0.285067
85.920059,-0.223961,-0.239301,-0.220893,-0.239301,-0.272164,-0.272164,-0.272164,-0.272164
85.930054,-0.223961,-0.239301,-0.220893,-0.239301,-0.249863,-0.249863,-0.249863,-0.249863
85.940063,-0.269981,-0.286854,-0.268447,-0.285320,-0.218908,-0.218908,-0.218908,-0.218908
85.950066,-0.269981,-0.286854,-0.268447,-0.285320,-0.180424,-0.180424,-0.180424,-0.180424
85.960060,-0.280719,-0.294524,-0.277651,-0.292990,-0.135735,-0.135735,-0.135735,-0.135735
85.970062,-0.280719,-0.294524,-0.277651,-0.292990,-0.086352,-0.086352,-0.086352,-0.086352
85.980064,-0.266913,-0.279185,-0.265379,-0.277651,-0.034052,-0.034052,-0.034052,-0.034052
85.990067,-0.266913,-0.279185,-0.265379,-0.277651,0.019395,0.019395,0.019395,0.019395
86.000061,-0.213223,-0.222427,-0.211689,-0.222427,0.072054,0.072054,0.072054,0.072054
86.010063,-0.213223,-0.222427,-0.211689,-0.222427,0.122172,0.122172,0.122172,0.122172
86.020065,-0.121184,-0.133456,-0.122718,-0.131922,0.167981,0.167981,0.167981,0.167981
86.030060,-0.121184,-0.133456,-0.122718,-0.131922,0.207849,0.207849,0.207849,0.207849
86.040054,-0.013806,-0.015340,-0.013806,-0.006136,0.240408,0.240408,0.240408,0.240408
86.050056,-0.013806,-0.015340,-0.013806,-0.006136,0.264549,0.264549,0.264549,0.264549
86.060059,0.093573,0.095107,0.095107,0.101243,0.279400,0.279400,0.279400,0.279400
86.070061,0.093573,0.095107,0.095107,0.101243,0.284454,0.284454,0.284454,0.284454
86.080055,0.187146,0.184078,0.187146,0.193282,0.279538,0.279538,0.279538,0.279538
86.090065,0.187146,0.184078,0.187146,0.193282,0.264820,0.264820,0.264820,0.264820
86.100060,0.250039,0.242369,0.246971,0.253107,0.240834,0.240834,0.240834,0.240834
86.110062,0.250039,0.242369,0.246971,0.253107,0.208414,0.208414,0.208414,0.208414
86.120071,0.274583,0.262311,0.271515,0.277651,0.168691,0.168691,0.168691,0.168691
86.130066,0.274583,0.262311,0.271515,0.277651,0.123112,0.123112,0.123112,0.123112
86.140038,0.273049,0.260777,0.269981,0.273049,0.073407,0.073407,0.073407,0.073407
86.150063,0.273049,0.260777,0.269981,0.273049,0.020855,0.020855,0.020855,0.020855
86.160065,0.237767,0.225495,0.239301,0.233165,-0.032180,-0.032180,-0.032180,-0.032180
86.170067,0.237767,0.225495,0.239301,0.233165,-0.084077,-0.084077,-0.084077,-0.084077
86.180061,0.161068,0.151864,0.167204,0.154932,-0.132873,-0.132873,-0.132873,-0.132873
86.190071,0.161068,0.151864,0.167204,0.154932,-0.176979,-0.176979,-0.176979,-0.176979
86.200058,0.055223,0.046019,0.061359,0.049087,-0.214714,-0.214714,-0.214714,-0.214714
86.210060,0.055223,0.046019,0.061359,0.049087,-0.244830,-0.244830,-0.244830,-0.244830
86.220062,-0.053689,-0.076699,-0.050621,-0.072097,-0.266247,-0.266247,-0.266247,-0.266247
86.230064,-0.053689,-0.076699,-0.050621,-0.072097,-0.278196,-0.278196,-0.278196,-0.278196
86.240059,-0.154932,-0.174874,-0.150330,-0.176408,-0.280256,-0.280256,-0.280256,-0.280256
86.250069,-0.154932,-0.174874,-0.150330,-0.176408,-0.272358,-0.272358,-0.272358,-0.272358
86.260063,-0.230097,-0.245437,-0.225495,-0.248505,-0.254798,-0.254798,-0.254798,-0.254798
86.270065,-0.230097,-0.245437,-0.225495,-0.248505,-0.228180,-0.228180,-0.228180,-0.228180
86.280060,-0.271515,-0.283786,-0.266913,-0.282252,-0.193505,-0.193505,-0.193505,-0.193505
86.290062,-0.271515,-0.283786,-0.266913,-0.282252,-0.151945,-0.151945,-0.151945,-0.151945
86.300064,-0.274583,-0.286854,-0.269981,-0.285320,-0.105041,-0.105041,-0.105041,-0.105041
86.310066,-0.274583,-0.286854,-0.269981,-0.285320,-0.054434,-0.054434,-0.054434,-0.054434
86.320061,-0.251573,-0.260777,-0.251573,-0.257709,-0.001955,-0.001955,-0.001955,-0.001955
86.330063,-0.251573,-0.260777,-0.251573,-0.257709,0.050554,0.050554,0.050554,0.050554
86.340065,-0.185612,-0.200952,-0.187146,-0.194816,0.101173,0.101173,0.101173,0.101173
86.350029,-0.185612,-0.200952,-0.187146,-0.194816,0.147950,0.147950,0.147950,0.147950
86.360062,-0.088971,-0.107379,-0.090505,-0.096641,0.189664,0.189664,0.189664,0.189664
86.370064,-0.088971,-0.107379,-0.090505,-0.096641,0.224406,0.224406,0.224406,0.224406
86.380058,0.024544,0.012272,0.018408,0.026078,0.251037,0.251037,0.251037,0.251037
86.390060,0.024544,0.012272,0.018408,0.026078,0.268640,0.268640,0.268640,0.268640
86.400063,0.127320,0.115049,0.122718,0.127320,0.276556,0.276556,0.276556,0.276556
86.410065,0.127320,0.115049,0.122718,0.127320,0.274518,0.274518,0.274518,0.274518
86.420059,0.207087,0.197884,0.205553,0.210155,0.262605,0.262605,0.262605,0.262605
86.430061,0.207087,0.197884,0.205553,0.210155,0.241242,0.241242,0.241242,0.241242
86.440056,0.254641,0.245437,0.253107,0.259243,0.211221,0.211221,0.211221,0.211221
86.450058,0.254641,0.245437,0.253107,0.259243,0.173609,0.173609,0.173609,0.173609
86.460060,0.266913,0.254641,0.262311,0.268447,0.129766,0.129766,0.129766,0.129766
86.470062,0.266913,0.254641,0.262311,0.268447,0.081283,0.081283,0.081283,0.081283
86.480057,0.257709,0.246971,0.254641,0.256175,0.029933,0.029933,0.029933,0.029933
86.490059,0.257709,0.246971,0.254641,0.256175,-0.022451,-0.022451,-0.022451,-0.022451
86.500053,0.210155,0.197884,0.207087,0.204019,-0.073931,-0.073931,-0.073931,-0.073931
86.510056,0.210155,0.197884,0.207087,0.204019,-0.122694,-0.122694,-0.122694,-0.122694
86.520058,0.119651,0.115049,0.118117,0.111981,-0.166946,-0.166946,-0.166946,-0.166946
86.530060,0.119651,0.115049,0.118117,0.111981,-0.205092,-0.205092,-0.205092,-0.205092
86.540062,0.010738,0.003068,0.010738,0.004602,-0.235717,-0.235717,-0.235717,-0.235717
86.550064,0.010738,0.003068,0.010738,0.004602,-0.257748,-0.257748,-0.257748,-0.257748
86.560059,-0.098175,-0.115049,-0.098175,-0.115049,-0.270365,-0.270365,-0.270365,-0.270365
86.570061,-0.098175,-0.115049,-0.098175,-0.115049,-0.273123,-0.273123,-0.273123,-0.273123
86.580055,-0.185612,-0.202485,-0.185612,-0.202485,-0.265922,-0.265922,-0.265922,-0.265922
86.590057,-0.185612,-0.202485,-0.185612,-0.202485,-0.249028,-0.249028,-0.249028,-0.249028
86.600060,-0.245437,-0.259243,-0.245437,-0.260777,-0.223060,-0.223060,-0.223060,-0.223060
86.610062,-0.245437,-0.259243,-0.245437,-0.260777,-0.188965,-0.188965,-0.188965,-0.188965
86.620056,-0.268447,-0.280719,-0.263845,-0.279185,-0.148019,-0.148019,-0.148019,-0.148019
86.630058,-0.268447,-0.280719,-0.263845,-0.279185,-0.101688,-0.101688,-0.101688,-0.101688
86.640060,-0.263845,-0.276117,-0.260777,-0.273049,-0.051692,-0.051692,-0.051692,-0.051692
86.650063,-0.263845,-0.276117,-0.260777,-0.273049,0.000148,0.000148,0.000148,0.000148
86.660057,-0.219359,-0.231631,-0.217825,-0.227029,0.051884,0.051884,0.051884,0.051884
86.670059,-0.219359,-0.231631,-0.217825,-0.227029,0.101700,0.101700,0.101700,0.101700
86.680054,-0.136524,-0.153398,-0.141126,-0.145728,0.147661,0.147661,0.147661,0.147661
86.690063,-0.136524,-0.153398,-0.141126,-0.145728,0.188198,0.188198,0.188198,0.188198
86.700058,-0.030680,-0.046019,-0.038350,-0.027612,0.221726,0.221726,0.221726,0.221726
86.710060,-0.030680,-0.046019,-0.038350,-0.027612,0.247058,0.247058,0.247058,0.247058
86.720055,0.073631,0.069029,0.067495,0.079767,0.263249,0.263249,0.263249,0.263249
86.730064,0.073631,0.069029,0.067495,0.079767,0.269713,0.269713,0.269713,0.269713
86.740059,0.167204,0.159534,0.162602,0.171806,0.266207,0.266207,0.266207,0.266207
86.750061,0.167204,0.159534,0.162602,0.171806,0.252870,0.252870,0.252870,0.252870
86.760056,0.231631,0.222427,0.227029,0.234699,0.230201,0.230201,0.230201,0.230201
86.770058,0.231631,0.222427,0.227029,0.234699,0.199027,0.199027,0.199027,0.199027
86.780022,0.257709,0.246971,0.254641,0.260777,0.160677,0.160677,0.160677,0.160677
86.790062,0.257709,0.246971,0.254641,0.260777,0.116132,0.116132,0.116132,0.116132
86.800056,0.257709,0.245437,0.253107,0.257709,0.067481,0.067481,0.067481,0.067481
86.810059,0.257709,0.245437,0.253107,0.257709,0.016386,0.016386,0.016386,0.016386
86.820061,0.227029,0.217825,0.225495,0.223961,-0.035271,-0.035271,-0.035271,-0.035271
86.830063,0.227029,0.217825,0.225495,0.223961,-0.085565,-0.085565,-0.085565,-0.085565
86.840057,0.156466,0.147262,0.154932,0.147262,-0.132600,-0.132600,-0.132600,-0.132600
86.850060,0.156466,0.147262,0.154932,0.147262,-0.174626,-0.174626,-0.174626,-0.174626
86.860054,0.050621,0.047553,0.050621,0.046019,-0.210098,-0.210098,-0.210098,-0.210098
86.870056,0.050621,0.047553,0.050621,0.046019,-0.237705,-0.237705,-0.237705,-0.237705
86.880058,-0.061359,-0.072097,-0.058291,-0.069029,-0.256390,-0.256390,-0.256390,-0.256390
86.890060,-0.061359,-0.072097,-0.058291,-0.069029,-0.265481,-0.265481,-0.265481,-0.265481
86.900063,-0.156466,-0.170272,-0.153398,-0.168738,-0.264631,-0.264631,-0.264631,-0.264631
86.910057,-0.156466,-0.170272,-0.153398,-0.168738,-0.253878,-0.253878,-0.253878,-0.253878
86.920059,-0.223961,-0.236233,-0.222427,-0.239301,-0.233629,-0.233629,-0.233629,-0.233629
86.930061,-0.223961,-0.236233,-0.222427,-0.239301,-0.204644,-0.204644,-0.204644,-0.204644
86.940056,-0.257709,-0.269981,-0.254641,-0.269981,-0.168031,-0.168031,-0.168031,-0.168031
86.950058,-0.257709,-0.269981,-0.254641,-0.269981,-0.125145,-0.125145,-0.125145,-0.125145
86.960060,-0.259243,-0.273049,-0.256175,-0.271515,-0.077603,-0.077603,-0.077603,-0.077603
86.970062,-0.259243,-0.273049,-0.256175,-0.271515,-0.027194,-0.027194,-0.027194,-0.027194
86.980057,-0.231631,-0.242369,-0.230097,-0.239301,0.024158,0.024158,0.024158,0.024158
86.990059,-0.231631,-0.242369,-0.230097,-0.239301,0.074560,0.074560,0.074560,0.074560
87.000061,-0.161068,-0.174874,-0.161068,-0.168738,0.122065,0.122065,0.122065,0.122065
87.010063,-0.161068,-0.174874,-0.161068,-0.168738,0.164931,0.164931,0.164931,0.164931
87.020058,-0.062893,-0.076699,-0.062893,-0.059825,0.201504,0.201504,0.201504,0.201504
87.030060,-0.062893,-0.076699,-0.062893,-0.059825,0.230430,0.230430,0.230430,0.230430
87.040054,0.044485,0.039884,0.044485,0.052155,0.250602,0.250602,0.250602,0.250602
87.050056,0.044485,0.039884,0.044485,0.052155,0.261270,0.261270,0.261270,0.261270
87.060059,0.142660,0.134990,0.141126,0.145728,0.262029,0.262029,0.262029,0.262029
87.070061,0.142660,0.134990,0.141126,0.145728,0.252850,0.252850,0.252850,0.252850
87.080063,0.216291,0.205553,0.211689,0.217825,0.234098,0.234098,0.234098,0.234098
87.090057,0.216291,0.205553,0.211689,0.217825,0.206475,0.206475,0.206475,0.206475
87.100060,0.251573,0.239301,0.246971,0.251573,0.171044,0.171044,0.171044,0.171044
87.110062,0.251573,0.239301,0.246971,0.251573,0.129155,0.129155,0.129155,0.129155
87.120056,0.253107,0.240835,0.248505,0.253107,0.082403,0.082403,0.082403,0.082403
87.130066,0.253107,0.240835,0.248505,0.253107,0.032545,0.032545,0.032545,0.032545
87.140053,0.230097,0.219359,0.227029,0.225495,-0.018440,-0.018440,-0.018440,-0.018440
87.150063,0.230097,0.219359,0.227029,0.225495,-0.068720,-0.068720,-0.068720,-0.068720
87.160057,0.167204,0.158000,0.165670,0.154932,-0.116271,-0.116271,-0.116271,-0.116271
87.170059,0.167204,0.158000,0.165670,0.154932,-0.159365,-0.159365,-0.159365,-0.159365
87.180054,0.067495,0.064427,0.069029,0.056757,-0.196268,-0.196268,-0.196268,-0.196268
87.190025,0.067495,0.064427,0.069029,0.056757,-0.225562,-0.225562,-0.225562,-0.225562
87.200058,-0.038350,-0.052155,-0.039884,-0.056757,-0.246348,-0.246348,-0.246348,-0.246348
87.210060,-0.038350,-0.052155,-0.039884,-0.056757,-0.257575,-0.257575,-0.257575,-0.257575
87.220062,-0.136524,-0.153398,-0.136524,-0.158000,-0.258907,-0.258907,-0.258907,-0.258907
87.230064,-0.136524,-0.153398,-0.136524,-0.158000,-0.250297,-0.250297,-0.250297,-0.250297
87.240059,-0.211689,-0.223961,-0.210155,-0.227029,-0.232080,-0.232080,-0.232080,-0.232080
87.250061,-0.211689,-0.223961,-0.210155,-0.227029,-0.204968,-0.204968,-0.204968,-0.204968
87.260056,-0.250039,-0.263845,-0.246971,-0.263845,-0.170012,-0.170012,-0.170012,-0.170012
87.270058,-0.250039,-0.263845,-0.246971,-0.263845,-0.128538,-0.128538,-0.128538,-0.128538
87.280052,-0.253107,-0.266913,-0.250039,-0.265379,-0.082165,-0.082165,-0.082165,-0.082165
87.290062,-0.253107,-0.266913,-0.250039,-0.265379,-0.032651,-0.032651,-0.032651,-0.032651
87.300034,-0.228563,-0.240835,-0.230097,-0.237767,0.017897,0.017897,0.017897,0.017897
87.310066,-0.228563,-0.240835,-0.230097,-0.237767,0.068008,0.068008,0.068008,0.068008
87.320023,-0.161068,-0.173340,-0.168738,-0.170272,0.115053,0.115053,0.115053,0.115053
87.330063,-0.161068,-0.173340,-0.168738,-0.170272,0.157970,0.157970,0.157970,0.157970
87.340057,-0.065961,-0.076699,-0.075165,-0.070563,0.194516,0.194516,0.194516,0.194516
87.350067,-0.065961,-0.076699,-0.075165,-0.070563,0.223514,0.223514,0.223514,0.223514
87.360062,0.036816,0.038350,0.036816,0.042951,0.243772,0.243772,0.243772,0.243772
87.370064,0.036816,0.038350,0.036816,0.042951,0.254565,0.254565,0.254565,0.254565
87.380058,0.139592,0.131922,0.133456,0.138058,0.255447,0.255447,0.255447,0.255447
87.390068,0.139592,0.131922,0.133456,0.138058,0.246392,0.246392,0.246392,0.246392
87.400063,0.211689,0.200952,0.205553,0.210155,0.227775,0.227775,0.227775,0.227775
87.410065,0.211689,0.200952,0.205553,0.210155,0.200285,0.200285,0.200285,0.200285
87.420059,0.243903,0.234699,0.240835,0.243903,0.165055,0.165055,0.165055,0.165055
87.430061,0.243903,0.234699,0.240835,0.243903,0.123397,0.123397,0.123397,0.123397
87.440056,0.246971,0.234699,0.242369,0.246971,0.077026,0.077026,0.077026,0.077026
87.450066,0.246971,0.234699,0.242369,0.246971,0.027629,0.027629,0.027629,0.027629
87.460060,0.225495,0.211689,0.222427,0.220893,-0.022741,-0.022741,-0.022741,-0.022741
87.470070,0.225495,0.211689,0.222427,0.220893,-0.072198,-0.072198,-0.072198,-0.072198
87.480034,0.161068,0.151864,0.159534,0.154932,-0.118612,-0.118612,-0.118612,-0.118612
87.490067,0.161068,0.151864,0.159534,0.154932,-0.160580,-0.160580,-0.160580,-0.160580
87.500061,0.062893,0.053689,0.062893,0.059825,-0.196053,-0.196053,-0.196053,-0.196053
87.510071,0.062893,0.053689,0.062893,0.059825,-0.223815,-0.223815,-0.223815,-0.223815
87.520073,-0.044485,-0.062893,-0.042951,-0.052155,-0.242739,-0.242739,-0.242739,-0.242739
87.530060,-0.044485,-0.062893,-0.042951,-0.052155,-0.252089,-0.252089,-0.252089,-0.252089
87.540062,-0.139592,-0.159534,-0.138058,-0.156466,-0.251517,-0.251517,-0.251517,-0.251517
87.550056,-0.139592,-0.159534,-0.138058,-0.156466,-0.241057,-0.241057,-0.241057,-0.241057
87.560059,-0.210155,-0.225495,-0.208621,-0.225495,-0.221087,-0.221087,-0.221087,-0.221087
87.570015,-0.210155,-0.225495,-0.208621,-0.225495,-0.192583,-0.192583,-0.192583,-0.192583
87.580055,-0.243903,-0.257709,-0.242369,-0.257709,-0.156240,-0.156240,-0.156240,-0.156240
87.590034,-0.243903,-0.257709,-0.242369,-0.257709,-0.114003,-0.114003,-0.114003,-0.114003
87.600060,-0.245437,-0.259243,-0.242369,-0.257709,-0.067083,-0.067083,-0.067083,-0.067083
87.610054,-0.245437,-0.259243,-0.242369,-0.257709,-0.017706,-0.017706,-0.017706,-0.017706
87.620056,-0.217825,-0.227029,-0.217825,-0.227029,0.032338,0.032338,0.032338,0.032338
87.630058,-0.217825,-0.227029,-0.217825,-0.227029,0.081049,0.081049,0.081049,0.081049
87.640053,-0.147262,-0.158000,-0.150330,-0.158000,0.126442,0.126442,0.126442,0.126442
87.650055,-0.147262,-0.158000,-0.150330,-0.158000,0.166800,0.166800,0.166800,0.166800
87.660057,-0.050621,-0.059825,-0.050621,-0.049087,0.200467,0.200467,0.200467,0.200467
87.670059,-0.050621,-0.059825,-0.050621,-0.049087,0.226131,0.226131,0.226131,0.226131
87.680054,0.052155,0.052155,0.052155,0.059825,0.242761,0.242761,0.242761,0.242761
87.690063,0.052155,0.052155,0.052155,0.059825,0.249710,0.249710,0.249710,0.249710
87.700058,0.144194,0.141126,0.142660,0.150330,0.246697,0.246697,0.246697,0.246697
87.710060,0.144194,0.141126,0.142660,0.150330,0.233840,0.233840,0.233840,0.233840
87.720055,0.211689,0.204019,0.207087,0.216291,0.211683,0.211683,0.211683,0.211683
87.730064,0.211689,0.204019,0.207087,0.216291,0.181071,0.181071,0.181071,0.181071
87.740059,0.240835,0.230097,0.236233,0.240835,0.143274,0.143274,0.143274,0.143274
87.750061,0.240835,0.230097,0.236233,0.240835,0.099785,0.099785,0.099785,0.099785
87.760056,0.240835,0.228563,0.234699,0.239301,0.052366,0.052366,0.052366,0.052366
87.770058,0.240835,0.228563,0.234699,0.239301,0.002889,0.002889,0.002889,0.002889
87.780060,0.210155,0.197884,0.208621,0.205553,-0.046627,-0.046627,-0.046627,-0.046627
87.790062,0.210155,0.197884,0.208621,0.205553,-0.094238,-0.094238,-0.094238,-0.094238
87.800064,0.141126,0.130388,0.138058,0.133456,-0.137999,-0.137999,-0.137999,-0.137999
87.810059,0.141126,0.130388,0.138058,0.133456,-0.176153,-0.176153,-0.176153,-0.176153
87.820061,0.038350,0.029146,0.041417,0.032214,-0.207171,-0.207171,-0.207171,-0.207171
87.830063,0.038350,0.029146,0.041417,0.032214,-0.229814,-0.229814,-0.229814,-0.229814
87.840057,-0.067495,-0.088971,-0.062893,-0.084369,-0.243163,-0.243163,-0.243163,-0.243163
87.850060,-0.067495,-0.088971,-0.062893,-0.084369,-0.246695,-0.246695,-0.246695,-0.246695
87.860062,-0.156466,-0.176408,-0.151864,-0.173340,-0.240264,-0.240264,-0.240264,-0.240264
87.870056,-0.156466,-0.176408,-0.151864,-0.173340,-0.224136,-0.224136,-0.224136,-0.224136
87.880058,-0.220893,-0.233165,-0.214757,-0.233165,-0.198976,-0.198976,-0.198976,-0.198976
87.890060,-0.220893,-0.233165,-0.214757,-0.233165,-0.165779,-0.165779,-0.165779,-0.165779
87.900063,-0.240835,-0.253107,-0.239301,-0.251573,-0.125917,-0.125917,-0.125917,-0.125917
87.910057,-0.240835,-0.253107,-0.239301,-0.251573,-0.080993,-0.080993,-0.080993,-0.080993
87.920059,-0.236233,-0.248505,-0.236233,-0.246971,-0.032854,-0.032854,-0.032854,-0.032854
87.930061,-0.236233,-0.248505,-0.236233,-0.246971,0.016578,0.016578,0.016578,0.016578
87.940063,-0.194816,-0.205553,-0.194816,-0.202485,0.065273,0.065273,0.065273,0.065273
87.950066,-0.194816,-0.205553,-0.194816,-0.202485,0.111251,0.111251,0.111251,0.111251
87.960060,-0.116583,-0.125786,-0.118117,-0.124252,0.152654,0.152654,0.152654,0.152654
87.970062,-0.116583,-0.125786,-0.118117,-0.124252,0.187776,0.187776,0.187776,0.187776
87.980057,-0.016874,-0.018408,-0.016874,-0.009204,0.215201,0.215201,0.215201,0.215201
87.990059,-0.016874,-0.018408,-0.016874,-0.009204,0.233842,0.233842,0.233842,0.233842
88.000061,0.084369,0.082835,0.084369,0.088971,0.242903,0.242903,0.242903,0.242903
88.010063,0.084369,0.082835,0.084369,0.088971,0.242032,0.242032,0.242032,0.242032
88.020058,0.168738,0.165670,0.165670,0.173340,0.231268,0.231268,0.231268,0.231268
88.030067,0.168738,0.165670,0.165670,0.173340,0.211045,0.211045,0.211045,0.211045
88.040062,0.222427,0.214757,0.217825,0.223961,0.182219,0.182219,0.182219,0.182219
88.050064,0.222427,0.214757,0.217825,0.223961,0.145945,0.145945,0.145945,0.145945
88.060066,0.236233,0.225495,0.231631,0.234699,0.103752,0.103752,0.103752,0.103752
88.070061,0.236233,0.225495,0.231631,0.234699,0.057341,0.057341,0.057341,0.057341
88.080055,0.227029,0.214757,0.223961,0.223961,0.008656,0.008656,0.008656,0.008656
88.090057,0.227029,0.214757,0.223961,0.223961,-0.040364,-0.040364,-0.040364,-0.040364
88.100060,0.179476,0.167204,0.176408,0.173340,-0.087653,-0.087653,-0.087653,-0.087653
88.110062,0.179476,0.167204,0.176408,0.173340,-0.131281,-0.131281,-0.131281,-0.131281
88.120056,0.095107,0.085903,0.093573,0.085903,-0.169442,-0.169442,-0.169442,-0.169442
88.130066,0.095107,0.085903,0.093573,0.085903,-0.200577,-0.200577,-0.200577,-0.200577
88.140060,-0.007670,-0.016874,-0.009204,-0.019942,-0.223375,-0.223375,-0.223375,-0.223375
88.150063,-0.007670,-0.016874,-0.009204,-0.019942,-0.236944,-0.236944,-0.236944,-0.236944
88.160065,-0.107379,-0.122718,-0.107379,-0.130388,-0.240687,-0.240687,-0.240687,-0.240687
88.170059,-0.107379,-0.122718,-0.107379,-0.130388,-0.234473,-0.234473,-0.234473,-0.234473
88.180054,-0.182544,-0.199418,-0.184078,-0.204019,-0.218565,-0.218565,-0.218565,-0.218565
88.190056,-0.182544,-0.199418,-0.184078,-0.204019,-0.193610,-0.193610,-0.193610,-0.193610
88.200058,-0.228563,-0.242369,-0.225495,-0.242369,-0.160660,-0.160660,-0.160660,-0.160660
88.210060,-0.228563,-0.242369,-0.225495,-0.242369,-0.121078,-0.121078,-0.121078,-0.121078
88.220062,-0.234699,-0.246971,-0.231631,-0.245437,-0.076512,-0.076512,-0.076512,-0.076512
88.230064,-0.234699,-0.246971,-0.231631,-0.245437,-0.028825,-0.028825,-0.028825,-0.028825
88.240051,-0.216291,-0.227029,-0.213223,-0.223961,0.019972,0.019972,0.019972,0.019972
88.250061,-0.216291,-0.227029,-0.213223,-0.223961,0.067938,0.067938,0.067938,0.067938
88.260056,-0.153398,-0.168738,-0.156466,-0.161068,0.112973,0.112973,0.112973,0.112973
88.270058,-0.153398,-0.168738,-0.156466,-0.161068,0.153271,0.153271,0.153271,0.153271
88.280060,-0.062893,-0.078233,-0.064427,-0.062893,0.187097,0.187097,0.187097,0.187097
88.290062,-0.062893,-0.078233,-0.064427,-0.062893,0.213089,0.213089,0.213089,0.213089
88.300064,0.038350,0.033748,0.039884,0.044485,0.230135,0.230135,0.230135,0.230135
88.310059,0.038350,0.033748,0.039884,0.044485,0.237531,0.237531,0.237531,0.237531
88.320061,0.133456,0.124252,0.130388,0.133456,0.234975,0.234975,0.234975,0.234975
88.330063,0.133456,0.124252,0.130388,0.133456,0.222571,0.222571,0.222571,0.222571
88.340057,0.197884,0.188680,0.194816,0.199418,0.200868,0.200868,0.200868,0.200868
88.350037,0.197884,0.188680,0.194816,0.199418,0.170822,0.170822,0.170822,0.170822
88.360069,0.228563,0.219359,0.225495,0.230097,0.133458,0.133458,0.133458,0.133458
88.370064,0.228563,0.219359,0.225495,0.230097,0.090632,0.090632,0.090632,0.090632
88.380058,0.228563,0.219359,0.223961,0.230097,0.044066,0.044066,0.044066,0.044066
88.390068,0.228563,0.219359,0.223961,0.230097,-0.004337,-0.004337,-0.004337,-0.004337
88.400063,0.196350,0.190214,0.197884,0.194816,-0.052464,-0.052464,-0.052464,-0.052464
88.410065,0.196350,0.190214,0.197884,0.194816,-0.098356,-0.098356,-0.098356,-0.098356
88.420067,0.125786,0.124252,0.131922,0.121184,-0.140008,-0.140008,-0.140008,-0.140008
88.430069,0.125786,0.124252,0.131922,0.121184,-0.175726,-0.175726,-0.175726,-0.175726
88.440063,0.030680,0.027612,0.033748,0.024544,-0.203949,-0.203949,-0.203949,-0.203949
88.450066,0.030680,0.027612,0.033748,0.024544,-0.223524,-0.223524,-0.223524,-0.223524
88.460068,-0.072097,-0.088971,-0.069029,-0.087437,-0.233608,-0.233608,-0.233608,-0.233608
88.470070,-0.072097,-0.088971,-0.069029,-0.087437,-0.233782,-0.233782,-0.233782,-0.233782
88.480057,-0.156466,-0.174874,-0.154932,-0.173340,-0.224052,-0.224052,-0.224052,-0.224052
88.490067,-0.156466,-0.174874,-0.154932,-0.173340,-0.204812,-0.204812,-0.204812,-0.204812
88.500069,-0.213223,-0.225495,-0.210155,-0.227029,-0.176901,-0.176901,-0.176901,-0.176901
88.510063,-0.213223,-0.225495,-0.210155,-0.227029,-0.141507,-0.141507,-0.141507,-0.141507
88.520058,-0.228563,-0.240835,-0.225495,-0.240835,-0.100152,-0.100152,-0.100152,-0.100152
88.530052,-0.228563,-0.240835,-0.225495,-0.240835,-0.054613,-0.054613,-0.054613,-0.054613
88.540062,-0.220893,-0.233165,-0.217825,-0.230097,-0.006703,-0.006703,-0.006703,-0.006703
88.550064,-0.220893,-0.233165,-0.217825,-0.230097,0.041389,0.041389,0.041389,0.041389
88.560066,-0.171806,-0.187146,-0.173340,-0.181010,0.087649,0.087649,0.087649,0.087649
88.570068,-0.171806,-0.187146,-0.173340,-0.181010,0.130111,0.130111,0.130111,0.130111
88.580063,-0.088971,-0.107379,-0.092039,-0.096641,0.166942,0.166942,0.166942,0.166942
88.590065,-0.088971,-0.107379,-0.092039,-0.096641,0.196615,0.196615,0.196615,0.196615
88.600067,0.012272,0.003068,0.009204,0.015340,0.217824,0.217824,0.217824,0.217824
88.610062,0.012272,0.003068,0.009204,0.015340,0.229673,0.229673,0.229673,0.229673
88.620064,0.107379,0.099709,0.105845,0.110447,0.231664,0.231664,0.231664,0.231664
88.630066,0.107379,0.099709,0.105845,0.110447,0.223711,0.223711,0.223711,0.223711
88.640060,0.181010,0.170272,0.177942,0.184078,0.206158,0.206158,0.206158,0.206158
88.650063,0.181010,0.170272,0.177942,0.184078,0.179764,0.179764,0.179764,0.179764
88.660065,0.220893,0.210155,0.216291,0.220893,0.145681,0.145681,0.145681,0.145681
88.670067,0.220893,0.210155,0.216291,0.220893,0.105340,0.105340,0.105340,0.105340
88.680069,0.223961,0.214757,0.219359,0.223961,0.060525,0.060525,0.060525,0.060525
88.690063,0.223961,0.214757,0.219359,0.223961,0.013166,0.013166,0.013166,0.013166
88.700066,0.204019,0.194816,0.199418,0.199418,-0.034720,-0.034720,-0.034720,-0.034720
88.710037,0.204019,0.194816,0.199418,0.199418,-0.080917,-0.080917,-0.080917,-0.080917
88.720062,0.142660,0.136524,0.139592,0.134990,-0.123798,-0.123798,-0.123798,-0.123798
88.730064,0.142660,0.136524,0.139592,0.134990,-0.161163,-0.161163,-0.161163,-0.161163
88.740059,0.047553,0.042951,0.047553,0.044485,-0.191492,-0.191492,-0.191492,-0.191492
88.750061,0.047553,0.042951,0.047553,0.044485,-0.213494,-0.213494,-0.213494,-0.213494
88.760056,-0.053689,-0.067495,-0.053689,-0.064427,-0.226219,-0.226219,-0.226219,-0.226219
88.770058,-0.053689,-0.067495,-0.053689,-0.064427,-0.229115,-0.229115,-0.229115,-0.229115
88.780052,-0.141126,-0.158000,-0.141126,-0.158000,-0.222069,-0.222069,-0.222069,-0.222069
88.790062,-0.141126,-0.158000,-0.141126,-0.158000,-0.205357,-0.205357,-0.205357,-0.205357
88.800056,-0.202485,-0.216291,-0.200952,-0.217825,-0.179740,-0.179740,-0.179740,-0.179740
88.810059,-0.202485,-0.216291,-0.200952,-0.217825,-0.146329,-0.146329,-0.146329,-0.146329
88.820061,-0.223961,-0.237767,-0.219359,-0.236233,-0.106597,-0.106597,-0.106597,-0.106597
88.830063,-0.223961,-0.237767,-0.219359,-0.236233,-0.062252,-0.062252,-0.062252,-0.062252
88.840057,-0.219359,-0.231631,-0.216291,-0.228563,-0.015257,-0.015257,-0.015257,-0.015257
88.850060,-0.219359,-0.231631,-0.216291,-0.228563,0.032368,0.032368,0.032368,0.032368
88.860062,-0.174874,-0.191748,-0.176408,-0.184078,0.078509,0.078509,0.078509,0.078509
88.870056,-0.174874,-0.191748,-0.176408,-0.184078,0.121160,0.121160,0.121160,0.121160
88.880058,-0.090505,-0.113515,-0.099709,-0.105845,0.158448,0.158448,0.158448,0.158448
88.890060,-0.090505,-0.113515,-0.099709,-0.105845,0.188775,0.188775,0.188775,0.188775
88.900063,0.006136,-0.006136,0.000000,0.009204,0.210770,0.210770,0.210770,0.210770
88.910057,0.006136,-0.006136,0.000000,0.009204,0.223492,0.223492,0.223492,0.223492
88.920036,0.099709,0.088971,0.092039,0.101243,0.226390,0.226390,0.226390,0.226390
88.930061,0.099709,0.088971,0.092039,0.101243,0.219325,0.219325,0.219325,0.219325
88.940056,0.171806,0.164136,0.165670,0.174874,0.202634,0.202634,0.202634,0.202634
88.950058,0.171806,0.164136,0.165670,0.174874,0.177029,0.177029,0.177029,0.177029
88.960060,0.213223,0.204019,0.208621,0.214757,0.143674,0.143674,0.143674,0.143674
88.970062,0.213223,0.204019,0.208621,0.214757,0.104010,0.104010,0.104010,0.104010
88.980057,0.217825,0.208621,0.213223,0.217825,0.059826,0.059826,0.059826,0.059826
88.990059,0.217825,0.208621,0.213223,0.217825,0.013013,0.013013,0.013013,0.013013
89.000061,0.197884,0.190214,0.199418,0.194816,-0.034298,-0.034298,-0.034298,-0.034298
89.010063,0.197884,0.190214,0.199418,0.194816,-0.080024,-0.080024,-0.080024,-0.080024
89.020058,0.139592,0.134990,0.141126,0.134990,-0.122147,-0.122147,-0.122147,-0.122147
89.030060,0.139592,0.134990,0.141126,0.134990,-0.158829,-0.158829,-0.158829,-0.158829
89.040062,0.047553,0.044485,0.047553,0.042951,-0.188421,-0.188421,-0.188421,-0.188421
89.050056,0.047553,0.044485,0.047553,0.042951,-0.209608,-0.209608,-0.209608,-0.209608
89.060059,-0.052155,-0.067495,-0.053689,-0.069029,-0.221473,-0.221473,-0.221473,-0.221473
89.070061,-0.052155,-0.067495,-0.053689,-0.069029,-0.223477,-0.223477,-0.223477,-0.223477
89.080055,-0.139592,-0.156466,-0.139592,-0.159534,-0.215543,-0.215543,-0.215543,-0.215543
89.090057,-0.139592,-0.156466,-0.139592,-0.159534,-0.198013,-0.198013,-0.198013,-0.198013
89.100060,-0.199418,-0.214757,-0.197884,-0.214757,-0.171694,-0.171694,-0.171694,-0.171694
89.110062,-0.199418,-0.214757,-0.197884,-0.214757,-0.137749,-0.137749,-0.137749,-0.137749
89.120056,-0.219359,-0.230097,-0.214757,-0.230097,-0.097707,-0.097707,-0.097707,-0.097707
89.130058,-0.219359,-0.230097,-0.214757,-0.230097,-0.053328,-0.053328,-0.053328,-0.053328
89.140060,-0.213223,-0.223961,-0.210155,-0.222427,-0.006639,-0.006639,-0.006639,-0.006639
89.150040,-0.213223,-0.223961,-0.210155,-0.222427,0.040191,0.040191,0.040191,0.040191
89.160065,-0.167204,-0.177942,-0.168738,-0.174874,0.085395,0.085395,0.085395,0.085395
89.170067,-0.167204,-0.177942,-0.168738,-0.174874,0.126597,0.126597,0.126597,0.126597
89.180061,-0.087437,-0.099709,-0.088971,-0.093573,0.162058,0.162058,0.162058,0.162058
89.190063,-0.087437,-0.099709,-0.088971,-0.093573,0.190217,0.190217,0.190217,0.190217
89.200066,0.007670,0.009204,0.009204,0.015340,0.209800,0.209800,0.209800,0.209800
89.210068,0.007670,0.009204,0.009204,0.015340,0.219926,0.219926,0.219926,0.219926
89.220062,0.101243,0.098175,0.101243,0.107379,0.220153,0.220153,0.220153,0.220153
89.230064,0.101243,0.098175,0.101243,0.107379,0.210465,0.210465,0.210465,0.210465
89.240059,0.173340,0.170272,0.171806,0.176408,0.191330,0.191330,0.191330,0.191330
89.250061,0.173340,0.170272,0.171806,0.176408,0.163564,0.163564,0.163564,0.163564
89.260063,0.211689,0.202485,0.205553,0.210155,0.128481,0.128481,0.128481,0.128481
89.270065,0.211689,0.202485,0.205553,0.210155,0.087594,0.087594,0.087594,0.087594
89.280060,0.213223,0.202485,0.208621,0.211689,0.042844,0.042844,0.042844,0.042844
89.290070,0.213223,0.202485,0.208621,0.211689,-0.003822,-0.003822,-0.003822,-0.003822
89.300064,0.188680,0.176408,0.187146,0.184078,-0.050244,-0.050244,-0.050244,-0.050244
89.310066,0.188680,0.176408,0.187146,0.184078,-0.094342,-0.094342,-0.094342,-0.094342
89.320053,0.124252,0.113515,0.122718,0.119651,-0.134055,-0.134055,-0.134055,-0.134055
89.330063,0.124252,0.113515,0.122718,0.119651,-0.167725,-0.167725,-0.167725,-0.167725
89.340057,0.029146,0.019942,0.030680,0.026078,-0.193687,-0.193687,-0.193687,-0.193687
89.350067,0.029146,0.019942,0.030680,0.026078,-0.210838,-0.210838,-0.210838,-0.210838
89.360054,-0.069029,-0.090505,-0.070563,-0.081301,-0.218367,-0.218367,-0.218367,-0.218367
89.370064,-0.069029,-0.090505,-0.070563,-0.081301,-0.215954,-0.215954,-0.215954,-0.215954
89.380035,-0.150330,-0.170272,-0.150330,-0.165670,-0.203753,-0.203753,-0.203753,-0.203753
89.390053,-0.150330,-0.170272,-0.150330,-0.165670,-0.182217,-0.182217,-0.182217,-0.182217
89.400063,-0.202485,-0.217825,-0.199418,-0.216291,-0.152378,-0.152378,-0.152378,-0.152378
89.410065,-0.202485,-0.217825,-0.199418,-0.216291,-0.115643,-0.115643,-0.115643,-0.115643
89.420059,-0.213223,-0.225495,-0.208621,-0.225495,-0.073709,-0.073709,-0.073709,-0.073709
89.430061,-0.213223,-0.225495,-0.208621,-0.225495,-0.028391,-0.028391,-0.028391,-0.028391
89.440063,-0.199418,-0.211689,-0.197884,-0.210155,0.018143,0.018143,0.018143,0.018143
89.450066,-0.199418,-0.211689,-0.197884,-0.210155,0.063791,0.063791,0.063791,0.063791
89.460068,-0.147262,-0.159534,-0.150330,-0.156466,0.106451,0.106451,0.106451,0.106451
89.470070,-0.147262,-0.159534,-0.150330,-0.156466,0.144193,0.144193,0.144193,0.144193
89.480057,-0.062893,-0.075165,-0.065961,-0.062893,0.175230,0.175230,0.175230,0.175230
89.490067,-0.062893,-0.075165,-0.065961,-0.062893,0.198229,0.198229,0.198229,0.198229
89.500061,0.035282,0.033748,0.030680,0.039884,0.212058,0.212058,0.212058,0.212058
89.510063,0.035282,0.033748,0.030680,0.039884,0.216115,0.216115,0.216115,0.216115
89.520058,0.122718,0.118117,0.116583,0.124252,0.210221,0.210221,0.210221,0.210221
89.530067,0.122718,0.118117,0.116583,0.124252,0.194628,0.194628,0.194628,0.194628
89.540062,0.185612,0.177942,0.179476,0.185612,0.170088,0.170088,0.170088,0.170088
89.550064,0.185612,0.177942,0.179476,0.185612,0.137726,0.137726,0.137726,0.137726
89.560066,0.210155,0.199418,0.204019,0.208621,0.099029,0.099029,0.099029,0.099029
89.570061,0.210155,0.199418,0.204019,0.208621,0.055801,0.055801,0.055801,0.055801
89.580070,0.207087,0.194816,0.202485,0.204019,0.010024,0.010024,0.010024,0.010024
89.590065,0.207087,0.194816,0.202485,0.204019,-0.036127,-0.036127,-0.036127,-0.036127
89.600029,0.168738,0.161068,0.168738,0.162602,-0.080409,-0.080409,-0.080409,-0.080409
89.610062,0.168738,0.161068,0.168738,0.162602,-0.121199,-0.121199,-0.121199,-0.121199
89.620064,0.092039,0.087437,0.096641,0.085903,-0.156162,-0.156162,-0.156162,-0.156162
89.630058,0.092039,0.087437,0.096641,0.085903,-0.183834,-0.183834,-0.183834,-0.183834
89.640060,-0.004602,-0.012272,-0.003068,-0.009204,-0.202927,-0.202927,-0.202927,-0.202927
89.650063,-0.004602,-0.012272,-0.003068,-0.009204,-0.212551,-0.212551,-0.212551,-0.212551
89.660057,-0.098175,-0.115049,-0.098175,-0.115049,-0.212265,-0.212265,-0.212265,-0.212265
89.670059,-0.098175,-0.115049,-0.098175,-0.115049,-0.202084,-0.202084,-0.202084,-0.202084
89.680061,-0.168738,-0.184078,-0.168738,-0.184078,-0.182485,-0.182485,-0.182485,-0.182485
89.690063,-0.168738,-0.184078,-0.168738,-0.184078,-0.154395,-0.154395,-0.154395,-0.154395
89.700058,-0.207087,-0.217825,-0.202485,-0.219359,-0.119121,-0.119121,-0.119121,-0.119121
89.710060,-0.207087,-0.217825,-0.202485,-0.219359,-0.078330,-0.078330,-0.078330,-0.078330
89.720055,-0.207087,-0.220893,-0.204019,-0.220893,-0.033933,-0.033933,-0.033933,-0.033933
89.730057,-0.207087,-0.220893,-0.204019,-0.220893,0.012035,0.012035,0.012035,0.012035
89.740059,-0.177942,-0.193282,-0.177942,-0.188680,0.057367,0.057367,0.057367,0.057367
89.750061,-0.177942,-0.193282,-0.177942,-0.188680,0.099947,0.099947,0.099947,0.099947
89.760056,-0.111981,-0.128854,-0.115049,-0.121184,0.137793,0.137793,0.137793,0.137793
89.770058,-0.111981,-0.128854,-0.115049,-0.121184,0.169119,0.169119,0.169119,0.169119
89.780060,-0.021476,-0.033748,-0.023010,-0.013806,0.192450,0.192450,0.192450,0.192450
89.790062,-0.021476,-0.033748,-0.023010,-0.013806,0.206697,0.206697,0.206697,0.206697
89.800064,0.072097,0.067495,0.072097,0.078233,0.211192,0.211192,0.211192,0.211192
89.810066,0.072097,0.067495,0.072097,0.078233,0.205723,0.205723,0.205723,0.205723
89.820061,0.151864,0.144194,0.150330,0.154932,0.190564,0.190564,0.190564,0.190564
89.830055,0.151864,0.144194,0.150330,0.154932,0.166425,0.166425,0.166425,0.166425
89.840057,0.196350,0.187146,0.193282,0.197884,0.134458,0.134458,0.134458,0.134458
89.850060,0.196350,0.187146,0.193282,0.197884,0.096152,0.096152,0.096152,0.096152
89.860062,0.204019,0.193282,0.197884,0.204019,0.053357,0.053357,0.053357,0.053357
89.870064,0.204019,0.193282,0.197884,0.204019,0.008079,0.008079,0.008079,0.008079
89.880058,0.185612,0.177942,0.184078,0.184078,-0.037514,-0.037514,-0.037514,-0.037514
89.890060,0.185612,0.177942,0.184078,0.184078,-0.081280,-0.081280,-0.081280,-0.081280
89.900055,0.131922,0.127320,0.130388,0.125786,-0.121136,-0.121136,-0.121136,-0.121136
89.910065,0.131922,0.127320,0.130388,0.125786,-0.155201,-0.155201,-0.155201,-0.155201
89.920059,0.042951,0.039884,0.044485,0.038350,-0.181830,-0.181830,-0.181830,-0.181830
89.930061,0.042951,0.039884,0.044485,0.038350,-0.199773,-0.199773,-0.199773,-0.199773
89.940056,-0.053689,-0.067495,-0.053689,-0.069029,-0.208185,-0.208185,-0.208185,-0.208185
89.950058,-0.053689,-0.067495,-0.053689,-0.069029,-0.206668,-0.206668,-0.206668,-0.206668
89.960052,-0.139592,-0.151864,-0.136524,-0.156466,-0.195298,-0.195298,-0.195298,-0.195298
89.970055,-0.139592,-0.151864,-0.136524,-0.156466,-0.174610,-0.174610,-0.174610,-0.174610
89.980057,-0.191748,-0.204019,-0.188680,-0.205553,-0.145611,-0.145611,-0.145611,-0.145611
89.990059,-0.191748,-0.204019,-0.188680,-0.205553,-0.109663,-0.109663,-0.109663,-0.109663
90.000061,-0.202485,-0.216291,-0.199418,-0.214757,-0.068540,-0.068540,-0.068540,-0.068540
90.010056,-0.202485,-0.216291,-0.199418,-0.214757,-0.024175,-0.024175,-0.024175,-0.024175
90.020058,-0.191748,-0.205553,-0.188680,-0.200952,0.021304,0.021304,0.021304,0.021304
90.030060,-0.191748,-0.205553,-0.188680,-0.200952,0.065695,0.065695,0.065695,0.065695
90.040062,-0.141126,-0.158000,-0.142660,-0.145728,0.106883,0.106883,0.106883,0.106883
90.050056,-0.141126,-0.158000,-0.142660,-0.145728,0.142893,0.142893,0.142893,0.142893
90.060059,-0.058291,-0.075165,-0.059825,-0.058291,0.171980,0.171980,0.171980,0.171980
90.070061,-0.058291,-0.075165,-0.059825,-0.058291,0.192758,0.192758,0.192758,0.192758
90.080055,0.036816,0.032214,0.035282,0.046019,0.204231,0.204231,0.204231,0.204231
90.090057,0.036816,0.032214,0.035282,0.046019,0.205846,0.205846,0.205846,0.205846
90.100060,0.121184,0.115049,0.116583,0.125786,0.197530,0.197530,0.197530,0.197530
90.110062,0.121184,0.115049,0.116583,0.125786,0.179681,0.179681,0.179681,0.179681
90.120056,0.181010,0.171806,0.174874,0.182544,0.153193,0.153193,0.153193,0.153193
90.130058,0.181010,0.171806,0.174874,0.182544,0.119303,0.119303,0.119303,0.119303
90.140053,0.199418,0.190214,0.194816,0.197884,0.079721,0.079721,0.079721,0.079721
90.150055,0.199418,0.190214,0.194816,0.197884,0.036293,0.036293,0.036293,0.036293
90.160057,0.193282,0.184078,0.191748,0.191748,-0.008819,-0.008819,-0.008819,-0.008819
90.170052,0.193282,0.184078,0.191748,0.191748,-0.053466,-0.053466,-0.053466,-0.053466
90.180061,0.151864,0.144194,0.151864,0.147262,-0.095472,-0.095472,-0.095472,-0.095472
90.190063,0.151864,0.144194,0.151864,0.147262,-0.132789,-0.132789,-0.132789,-0.132789
90.200058,0.070563,0.067495,0.075165,0.067495,-0.163583,-0.163583,-0.163583,-0.163583
90.210060,0.070563,0.067495,0.075165,0.067495,-0.186396,-0.186396,-0.186396,-0.186396
90.220062,-0.023010,-0.035282,-0.024544,-0.030680,-0.200097,-0.200097,-0.200097,-0.200097
90.230057,-0.023010,-0.035282,-0.024544,-0.030680,-0.204030,-0.204030,-0.204030,-0.204030
90.240013,-0.111981,-0.128854,-0.111981,-0.128854,-0.198057,-0.198057,-0.198057,-0.198057
90.250061,-0.111981,-0.128854,-0.111981,-0.128854,-0.182324,-0.182324,-0.182324,-0.182324
90.260056,-0.171806,-0.190214,-0.173340,-0.188680,-0.157762,-0.157762,-0.157762,-0.157762
90.270058,-0.171806,-0.190214,-0.173340,-0.188680,-0.125513,-0.125513,-0.125513,-0.125513
90.280060,-0.199418,-0.213223,-0.196350,-0.211689,-0.087144,-0.087144,-0.087144,-0.087144
90.290062,-0.199418,-0.213223,-0.196350,-0.211689,-0.044577,-0.044577,-0.044577,-0.044577
90.300064,-0.194816,-0.208621,-0.191748,-0.204019,0.000139,0.000139,0.000139,0.000139
90.310059,-0.194816,-0.208621,-0.191748,-0.204019,0.044782,0.044782,0.044782,0.044782
90.320061,-0.151864,-0.165670,-0.154932,-0.162602,0.087170,0.087170,0.087170,0.087170
90.330063,-0.151864,-0.165670,-0.154932,-0.162602,0.125240,0.125240,0.125240,0.125240
90.340057,-0.078233,-0.088971,-0.081301,-0.084369,0.157087,0.157087,0.157087,0.157087
90.350060,-0.078233,-0.088971,-0.081301,-0.084369,0.181195,0.181195,0.181195,0.181195
90.360062,0.013806,0.013806,0.010738,0.019942,0.196334,0.196334,0.196334,0.196334
90.370064,0.013806,0.013806,0.010738,0.019942,0.201782,0.201782,0.201782,0.201782
90.380058,0.102777,0.098175,0.099709,0.107379,0.197273,0.197273,0.197273,0.197273
90.390060,0.102777,0.098175,0.099709,0.107379,0.183025,0.183025,0.183025,0.183025
90.400055,0.167204,0.161068,0.164136,0.170272,0.159765,0.159765,0.159765,0.159765
90.410057,0.167204,0.161068,0.164136,0.170272,0.128626,0.128626,0.128626,0.128626
90.420052,0.193282,0.185612,0.188680,0.193282,0.091196,0.091196,0.091196,0.091196
90.430046,0.193282,0.185612,0.188680,0.193282,0.049301,0.049301,0.049301,0.049301
90.440063,0.190214,0.182544,0.187146,0.190214,0.004891,0.004891,0.004891,0.004891
90.450066,0.190214,0.182544,0.187146,0.190214,-0.039615,-0.039615,-0.039615,-0.039615
90.460060,0.156466,0.147262,0.158000,0.153398,-0.082092,-0.082092,-0.082092,-0.082092
90.470062,0.156466,0.147262,0.158000,0.153398,-0.120464,-0.120464,-0.120464,-0.120464
90.480064,0.084369,0.076699,0.085903,0.081301,-0.152792,-0.152792,-0.152792,-0.152792
90.490044,0.084369,0.076699,0.085903,0.081301,-0.177444,-0.177444,-0.177444,-0.177444
90.500061,-0.009204,-0.023010,-0.007670,-0.012272,-0.193299,-0.193299,-0.193299,-0.193299
90.510033,-0.009204,-0.023010,-0.007670,-0.012272,-0.199463,-0.199463,-0.199463,-0.199463
90.520058,-0.099709,-0.118117,-0.098175,-0.115049,-0.195683,-0.195683,-0.195683,-0.195683
90.530067,-0.099709,-0.118117,-0.098175,-0.115049,-0.182123,-0.182123,-0.182123,-0.182123
90.540062,-0.164136,-0.181010,-0.164136,-0.179476,-0.159494,-0.159494,-0.159494,-0.159494
90.550064,-0.164136,-0.181010,-0.164136,-0.179476,-0.128903,-0.128903,-0.128903,-0.128903
90.560059,-0.194816,-0.208621,-0.191748,-0.207087,-0.091942,-0.091942,-0.091942,-0.091942
90.570068,-0.194816,-0.208621,-0.191748,-0.207087,-0.050360,-0.050360,-0.050360,-0.050360
90.580063,-0.193282,-0.207087,-0.190214,-0.202485,-0.006360,-0.006360,-0.006360,-0.006360
90.590065,-0.193282,-0.207087,-0.190214,-0.202485,0.037947,0.037947,0.037947,0.037947
90.600060,-0.154932,-0.168738,-0.156466,-0.165670,0.080258,0.080258,0.080258,0.080258
90.610069,-0.154932,-0.168738,-0.156466,-0.165670,0.118530,0.118530,0.118530,0.118530
90.620056,-0.082835,-0.096641,-0.085903,-0.092039,0.150749,0.150749,0.150749,0.150749
90.630066,-0.082835,-0.096641,-0.085903,-0.092039,0.175386,0.175386,0.175386,0.175386
90.640060,0.007670,0.006136,0.007670,0.012272,0.191144,0.191144,0.191144,0.191144
90.650063,0.007670,0.006136,0.007670,0.012272,0.197257,0.197257,0.197257,0.197257
90.660057,0.096641,0.093573,0.093573,0.099709,0.193414,0.193414,0.193414,0.193414
90.670067,0.096641,0.093573,0.093573,0.099709,0.179802,0.179802,0.179802,0.179802
90.680061,0.162602,0.156466,0.154932,0.162602,0.157149,0.157149,0.157149,0.157149
90.690071,0.162602,0.156466,0.154932,0.162602,0.126544,0.126544,0.126544,0.126544
90.700066,0.188680,0.179476,0.182544,0.188680,0.089612,0.089612,0.089612,0.089612
90.710068,0.188680,0.179476,0.182544,0.188680,0.048155,0.048155,0.048155,0.048155
90.720062,0.187146,0.177942,0.182544,0.187146,0.004346,0.004346,0.004346,0.004346
90.730064,0.187146,0.177942,0.182544,0.187146,-0.039686,-0.039686,-0.039686,-0.039686
90.740059,0.154932,0.145728,0.154932,0.148796,-0.081591,-0.081591,-0.081591,-0.081591
90.750069,0.154932,0.145728,0.154932,0.148796,-0.119357,-0.119357,-0.119357,-0.119357
90.760063,0.084369,0.075165,0.087437,0.075165,-0.150962,-0.150962,-0.150962,-0.150962
90.770073,0.084369,0.075165,0.087437,0.075165,-0.174887,-0.174887,-0.174887,-0.174887
90.780014,-0.007670,-0.023010,-0.003068,-0.019942,-0.189802,-0.189802,-0.189802,-0.189802
90.790047,-0.007670,-0.023010,-0.003068,-0.019942,-0.195136,-0.195136,-0.195136,-0.195136
90.800064,-0.098175,-0.118117,-0.096641,-0.118117,-0.190465,-0.190465,-0.190465,-0.190465
90.810059,-0.098175,-0.118117,-0.096641,-0.118117,-0.176083,-0.176083,-0.176083,-0.176083
90.820061,-0.161068,-0.181010,-0.159534,-0.176408,-0.152725,-0.152725,-0.152725,-0.152725
90.830055,-0.161068,-0.181010,-0.159534,-0.176408,-0.121588,-0.121588,-0.121588,-0.121588
90.840057,-0.187146,-0.204019,-0.185612,-0.202485,-0.084273,-0.084273,-0.084273,-0.084273
90.850060,-0.187146,-0.204019,-0.185612,-0.202485,-0.042662,-0.042662,-0.042662,-0.042662
90.860062,-0.185612,-0.200952,-0.184078,-0.197884,0.001050,0.001050,0.001050,0.001050
90.870056,-0.185612,-0.200952,-0.184078,-0.197884,0.044672,0.044672,0.044672,0.044672
90.880058,-0.147262,-0.161068,-0.150330,-0.158000,0.085935,0.085935,0.085935,0.085935
90.890053,-0.147262,-0.161068,-0.150330,-0.158000,0.122747,0.122747,0.122747,0.122747
90.900055,-0.076699,-0.087437,-0.078233,-0.081301,0.153210,0.153210,0.153210,0.153210
90.910065,-0.076699,-0.087437,-0.078233,-0.081301,0.175759,0.175759,0.175759,0.175759
90.920059,0.018408,0.013806,0.012272,0.019942,0.189215,0.189215,0.189215,0.189215
90.930061,0.018408,0.013806,0.012272,0.019942,0.192914,0.192914,0.192914,0.192914
90.940056,0.105845,0.098175,0.098175,0.102777,0.186661,0.186661,0.186661,0.186661
90.950058,0.105845,0.098175,0.098175,0.102777,0.170776,0.170776,0.170776,0.170776
90.960060,0.164136,0.156466,0.159534,0.164136,0.146100,0.146100,0.146100,0.146100
90.970055,0.164136,0.156466,0.159534,0.164136,0.113902,0.113902,0.113902,0.113902
90.980057,0.185612,0.176408,0.181010,0.185612,0.075849,0.075849,0.075849,0.075849
90.990059,0.185612,0.176408,0.181010,0.185612,0.033904,0.033904,0.033904,0.033904
91.000061,0.182544,0.173340,0.179476,0.181010,-0.009737,-0.009737,-0.009737,-0.009737
91.010056,0.182544,0.173340,0.179476,0.181010,-0.052820,-0.052820,-0.052820,-0.052820
91.020058,0.145728,0.138058,0.142660,0.141126,-0.093109,-0.093109,-0.093109,-0.093109
91.030060,0.145728,0.138058,0.142660,0.141126,-0.128518,-0.128518,-0.128518,-0.128518
91.040054,0.069029,0.064427,0.070563,0.065961,-0.157198,-0.157198,-0.157198,-0.157198
91.050064,0.069029,0.064427,0.070563,0.065961,-0.177682,-0.177682,-0.177682,-0.177682
91.060059,-0.023010,-0.035282,-0.023010,-0.030680,-0.188877,-0.188877,-0.188877,-0.188877
91.070061,-0.023010,-0.035282,-0.023010,-0.030680,-0.190220,-0.190220,-0.190220,-0.190220
91.080055,-0.108913,-0.124252,-0.107379,-0.122718,-0.181645,-0.181645,-0.181645,-0.181645
91.090065,-0.108913,-0.124252,-0.107379,-0.122718,-0.163593,-0.163593,-0.163593,-0.163593
91.100060,-0.165670,-0.181010,-0.164136,-0.179476,-0.137036,-0.137036,-0.137036,-0.137036
91.110054,-0.165670,-0.181010,-0.164136,-0.179476,-0.103343,-0.103343,-0.103343,-0.103343
91.120010,-0.184078,-0.200952,-0.182544,-0.197884,-0.064461,-0.064461,-0.064461,-0.064461
91.130058,-0.184078,-0.200952,-0.182544,-0.197884,-0.021890,-0.021890,-0.021890,-0.021890
91.140060,-0.177942,-0.193282,-0.176408,-0.188680,0.021585,0.021585,0.021585,0.021585
91.150040,-0.177942,-0.193282,-0.176408,-0.188680,0.063788,0.063788,0.063788,0.063788
91.160065,-0.133456,-0.148796,-0.134990,-0.144194,0.102790,0.102790,0.102790,0.102790
91.170067,-0.133456,-0.148796,-0.134990,-0.144194,0.136229,0.136229,0.136229,0.136229
91.180061,-0.056757,-0.073631,-0.056757,-0.056757,0.162465,0.162465,0.162465,0.162465
91.190063,-0.056757,-0.073631,-0.056757,-0.056757,0.180133,0.180133,0.180133,0.180133
91.200066,0.033748,0.030680,0.033748,0.041417,0.188293,0.188293,0.188293,0.188293
91.210068,0.033748,0.030680,0.033748,0.041417,0.186522,0.186522,0.186522,0.186522
91.220032,0.116583,0.108913,0.111981,0.118117,0.174976,0.174976,0.174976,0.174976
91.230057,0.116583,0.108913,0.111981,0.118117,0.154116,0.154116,0.154116,0.154116
91.240067,0.168738,0.161068,0.162602,0.170272,0.125178,0.125178,0.125178,0.125178
91.250046,0.168738,0.161068,0.162602,0.170272,0.089745,0.089745,0.089745,0.089745
91.260063,0.181010,0.171806,0.174874,0.181010,0.049452,0.049452,0.049452,0.049452
91.270042,0.181010,0.171806,0.174874,0.181010,0.006751,0.006751,0.006751,0.006751
91.280060,0.170272,0.164136,0.168738,0.167204,-0.036386,-0.036386,-0.036386,-0.036386
91.290062,0.170272,0.164136,0.168738,0.167204,-0.077499,-0.077499,-0.077499,-0.077499
91.300064,0.122718,0.116583,0.124252,0.118117,-0.114442,-0.114442,-0.114442,-0.114442
91.310066,0.122718,0.116583,0.124252,0.118117,-0.145267,-0.145267,-0.145267,-0.145267
91.320061,0.041417,0.036816,0.046019,0.038350,-0.168319,-0.168319,-0.168319,-0.168319
91.330063,0.041417,0.036816,0.046019,0.038350,-0.182398,-0.182398,-0.182398,-0.182398
91.340065,-0.050621,-0.064427,-0.050621,-0.059825,-0.186752,-0.186752,-0.186752,-0.186752
91.350060,-0.050621,-0.064427,-0.050621,-0.059825,-0.181153,-0.181153,-0.181153,-0.181153
91.360054,-0.128854,-0.145728,-0.125786,-0.144194,-0.165912,-0.165912,-0.165912,-0.165912
91.370056,-0.128854,-0.145728,-0.125786,-0.144194,-0.141821,-0.141821,-0.141821,-0.141821
91.380058,-0.173340,-0.188680,-0.170272,-0.188680,-0.110202,-0.110202,-0.110202,-0.110202
91.390068,-0.173340,-0.188680,-0.170272,-0.188680,-0.072692,-0.072692,-0.072692,-0.072692
91.400055,-0.179476,-0.194816,-0.176408,-0.193282,-0.031406,-0.031406,-0.031406,-0.031406
91.410057,-0.179476,-0.194816,-0.176408,-0.193282,0.011564,0.011564,0.011564,0.011564
91.420052,-0.161068,-0.176408,-0.162602,-0.170272,0.053826,0.053826,0.053826,0.053826
91.430061,-0.161068,-0.176408,-0.162602,-0.170272,0.093198,0.093198,0.093198,0.093198
91.440063,-0.102777,-0.121184,-0.107379,-0.113515,0.127490,0.127490,0.127490,0.127490
91.450066,-0.102777,-0.121184,-0.107379,-0.113515,0.154906,0.154906,0.154906,0.154906
91.460060,-0.018408,-0.033748,-0.023010,-0.015340,0.173950,0.173950,0.173950,0.173950
91.470062,-0.018408,-0.033748,-0.023010,-0.015340,0.183624,0.183624,0.183624,0.183624
91.480057,0.069029,0.062893,0.065961,0.072097,0.183404,0.183404,0.183404,0.183404
91.490059,0.069029,0.062893,0.065961,0.072097,0.173301,0.173301,0.173301,0.173301
91.500053,0.139592,0.131922,0.136524,0.141126,0.153876,0.153876,0.153876,0.153876
91.510056,0.139592,0.131922,0.136524,0.141126,0.126160,0.126160,0.126160,0.126160
91.520058,0.174874,0.167204,0.170272,0.174874,0.091672,0.091672,0.091672,0.091672
91.530060,0.174874,0.167204,0.170272,0.174874,0.052274,0.052274,0.052274,0.052274
91.540054,0.176408,0.170272,0.170272,0.176408,0.010105,0.010105,0.010105,0.010105
91.550056,0.176408,0.170272,0.170272,0.176408,-0.032583,-0.032583,-0.032583,-0.032583
91.560059,0.153398,0.144194,0.147262,0.147262,-0.073435,-0.073435,-0.073435,-0.073435
91.570061,0.153398,0.144194,0.147262,0.147262,-0.110282,-0.110282,-0.110282,-0.110282
91.580055,0.088971,0.081301,0.087437,0.084369,-0.141067,-0.141067,-0.141067,-0.141067
91.590057,0.088971,0.081301,0.087437,0.084369,-0.164182,-0.164182,-0.164182,-0.164182
91.600060,-0.001534,-0.010738,0.000000,-0.009204,-0.178333,-0.178333,-0.178333,-0.178333
91.610046,-0.001534,-0.010738,0.000000,-0.009204,-0.182774,-0.182774,-0.182774,-0.182774
91.620056,-0.087437,-0.104311,-0.085903,-0.108913,-0.177259,-0.177259,-0.177259,-0.177259
91.630058,-0.087437,-0.104311,-0.085903,-0.108913,-0.162089,-0.162089,-0.162089,-0.162089
91.640053,-0.151864,-0.167204,-0.148796,-0.167204,-0.138118,-0.138118,-0.138118,-0.138118
91.650055,-0.151864,-0.167204,-0.148796,-0.167204,-0.106626,-0.106626,-0.106626,-0.106626
91.660057,-0.176408,-0.191748,-0.173340,-0.190214,-0.069357,-0.069357,-0.069357,-0.069357
91.670067,-0.176408,-0.191748,-0.173340,-0.190214,-0.028310,-0.028310,-0.028310,-0.028310
91.680061,-0.173340,-0.188680,-0.171806,-0.182544,0.014185,0.014185,0.014185,0.014185
91.690056,-0.173340,-0.188680,-0.171806,-0.182544,0.055878,0.055878,0.055878,0.055878
91.700058,-0.133456,-0.151864,-0.134990,-0.144194,0.094451,0.094451,0.094451,0.094451
91.710060,-0.133456,-0.151864,-0.134990,-0.144194,0.127807,0.127807,0.127807,0.127807
91.720055,-0.062893,-0.079767,-0.062893,-0.062893,0.154107,0.154107,0.154107,0.154107
91.730064,-0.062893,-0.079767,-0.062893,-0.062893,0.171926,0.171926,0.171926,0.171926
91.740059,0.026078,0.021476,0.026078,0.032214,0.180262,0.180262,0.180262,0.180262
91.750061,0.026078,0.021476,0.026078,0.032214,0.178678,0.178678,0.178678,0.178678
91.760056,0.107379,0.101243,0.105845,0.110447,0.167264,0.167264,0.167264,0.167264
91.770050,0.107379,0.101243,0.105845,0.110447,0.146664,0.146664,0.146664,0.146664
91.780060,0.161068,0.153398,0.156466,0.162602,0.117974,0.117974,0.117974,0.117974
91.790062,0.161068,0.153398,0.156466,0.162602,0.082819,0.082819,0.082819,0.082819
91.800056,0.173340,0.165670,0.168738,0.173340,0.043149,0.043149,0.043149,0.043149
91.810059,0.173340,0.165670,0.168738,0.173340,0.001117,0.001117,0.001117,0.001117
91.820061,0.164136,0.156466,0.162602,0.161068,-0.040897,-0.040897,-0.040897,-0.040897
91.830063,0.164136,0.156466,0.162602,0.161068,-0.080614,-0.080614,-0.080614,-0.080614
91.840057,0.115049,0.107379,0.116583,0.110447,-0.115812,-0.115812,-0.115812,-0.115812
91.850060,0.115049,0.107379,0.116583,0.110447,-0.144545,-0.144545,-0.144545,-0.144545
91.860054,0.035282,0.027612,0.039884,0.032214,-0.165227,-0.165227,-0.165227,-0.165227
91.870056,0.035282,0.027612,0.039884,0.032214,-0.176718,-0.176718,-0.176718,-0.176718
91.880020,-0.056757,-0.070563,-0.049087,-0.064427,-0.178384,-0.178384,-0.178384,-0.178384
91.890068,-0.056757,-0.070563,-0.049087,-0.064427,-0.170095,-0.170095,-0.170095,-0.170095
91.900063,-0.131922,-0.144194,-0.125786,-0.144194,-0.152368,-0.152368,-0.152368,-0.152368
91.910065,-0.131922,-0.144194,-0.125786,-0.144194,-0.126162,-0.126162,-0.126162,-0.126162
91.920036,-0.168738,-0.184078,-0.165670,-0.182544,-0.093065,-0.093065,-0.093065,-0.093065
91.930069,-0.168738,-0.184078,-0.165670,-0.182544,-0.054620,-0.054620,-0.054620,-0.054620
91.940063,-0.171806,-0.187146,-0.170272,-0.185612,-0.013281,-0.013281,-0.013281,-0.013281
91.950066,-0.171806,-0.187146,-0.170272,-0.185612,0.028753,0.028753,0.028753,0.028753
91.960060,-0.148796,-0.164136,-0.150330,-0.158000,0.069135,0.069135,0.069135,0.069135
91.970062,-0.148796,-0.164136,-0.150330,-0.158000,0.105599,0.105599,0.105599,0.105599
91.980064,-0.087437,-0.105845,-0.088971,-0.093573,0.136103,0.136103,0.136103,0.136103
91.990067,-0.087437,-0.105845,-0.088971,-0.093573,0.158942,0.158942,0.158942,0.158942
92.000069,-0.003068,-0.012272,-0.003068,0.004602,0.172842,0.172842,0.172842,0.172842
92.010071,-0.003068,-0.012272,-0.003068,0.004602,0.177013,0.177013,0.177013,0.177013
92.020065,0.084369,0.076699,0.081301,0.084369,0.171238,0.171238,0.171238,0.171238
92.030067,0.084369,0.076699,0.081301,0.084369,0.155840,0.155840,0.155840,0.155840
92.040054,0.147262,0.138058,0.141126,0.145728,0.131714,0.131714,0.131714,0.131714
92.050064,0.147262,0.138058,0.141126,0.145728,0.100151,0.100151,0.100151,0.100151
92.060059,0.168738,0.162602,0.164136,0.168738,0.063025,0.063025,0.063025,0.063025
92.070061,0.168738,0.162602,0.164136,0.168738,0.022353,0.022353,0.022353,0.022353
92.080055,0.167204,0.158000,0.162602,0.164136,-0.019465,-0.019465,-0.019465,-0.019465
92.090065,0.167204,0.158000,0.162602,0.164136,-0.060227,-0.060227,-0.060227,-0.060227
92.100067,0.130388,0.122718,0.128854,0.124252,-0.097488,-0.097488,-0.097488,-0.097488
92.110069,0.130388,0.122718,0.128854,0.124252,-0.129192,-0.129192,-0.129192,-0.129192
92.120064,0.056757,0.053689,0.058291,0.053689,-0.153525,-0.153525,-0.153525,-0.153525
92.130066,0.056757,0.053689,0.058291,0.053689,-0.169142,-0.169142,-0.169142,-0.169142
92.140068,-0.032214,-0.042951,-0.032214,-0.039884,-0.175139,-0.175139,-0.175139,-0.175139
92.150063,-0.032214,-0.042951,-0.032214,-0.039884,-0.171189,-0.171189,-0.171189,-0.171189
92.160065,-0.111981,-0.127320,-0.110447,-0.125786,-0.157518,-0.157518,-0.157518,-0.157518
92.170067,-0.111981,-0.127320,-0.110447,-0.125786,-0.134894,-0.134894,-0.134894,-0.134894
92.180054,-0.159534,-0.176408,-0.158000,-0.173340,-0.104673,-0.104673,-0.104673,-0.104673
92.190063,-0.159534,-0.176408,-0.158000,-0.173340,-0.068453,-0.068453,-0.068453,-0.068453
92.200066,-0.168738,-0.184078,-0.165670,-0.181010,-0.028411,-0.028411,-0.028411,-0.028411
92.210060,-0.168738,-0.184078,-0.165670,-0.181010,0.013194,0.013194,0.013194,0.013194
92.220062,-0.151864,-0.168738,-0.153398,-0.162602,0.054015,0.054015,0.054015,0.054015
92.230064,-0.151864,-0.168738,-0.153398,-0.162602,0.091702,0.091702,0.091702,0.091702
92.240067,-0.099709,-0.116583,-0.101243,-0.108913,0.124094,0.124094,0.124094,0.124094
92.250061,-0.099709,-0.116583,-0.101243,-0.108913,0.149329,0.149329,0.149329,0.149329
92.260056,-0.019942,-0.030680,-0.019942,-0.013806,0.165987,0.165987,0.165987,0.165987
92.270065,-0.019942,-0.030680,-0.019942,-0.013806,0.173130,0.173130,0.173130,0.173130
92.280060,0.065961,0.061359,0.065961,0.070563,0.170325,0.170325,0.170325,0.170325
92.290062,0.065961,0.061359,0.065961,0.070563,0.157743,0.157743,0.157743,0.157743
92.300064,0.134990,0.125786,0.131922,0.134990,0.136113,0.136113,0.136113,0.136113
92.310066,0.134990,0.125786,0.131922,0.134990,0.106681,0.106681,0.106681,0.106681
92.320068,0.165670,0.156466,0.161068,0.164136,0.071152,0.071152,0.071152,0.071152
92.330063,0.165670,0.156466,0.161068,0.164136,0.031571,0.031571,0.031571,0.031571
92.340065,0.165670,0.156466,0.161068,0.164136,-0.009776,-0.009776,-0.009776,-0.009776
92.350060,0.165670,0.156466,0.161068,0.164136,-0.050527,-0.050527,-0.050527,-0.050527
92.360062,0.134990,0.125786,0.131922,0.130388,-0.088302,-0.088302,-0.088302,-0.088302
92.370064,0.134990,0.125786,0.131922,0.130388,-0.120949,-0.120949,-0.120949,-0.120949
92.380058,0.065961,0.056757,0.069029,0.062893,-0.146523,-0.146523,-0.146523,-0.146523
92.390060,0.065961,0.056757,0.069029,0.062893,-0.163626,-0.163626,-0.163626,-0.163626
92.400063,-0.026078,-0.036816,-0.015340,-0.026078,-0.171218,-0.171218,-0.171218,-0.171218
92.410065,-0.026078,-0.036816,-0.015340,-0.026078,-0.168880,-0.168880,-0.168880,-0.168880
92.420059,-0.105845,-0.121184,-0.096641,-0.116583,-0.156755,-0.156755,-0.156755,-0.156755
92.430061,-0.105845,-0.121184,-0.096641,-0.116583,-0.135531,-0.135531,-0.135531,-0.135531
92.440063,-0.153398,-0.171806,-0.150330,-0.167204,-0.106472,-0.106472,-0.106472,-0.106472
92.450066,-0.153398,-0.171806,-0.150330,-0.167204,-0.071246,-0.071246,-0.071246,-0.071246
92.460060,-0.164136,-0.181010,-0.161068,-0.179476,-0.031956,-0.031956,-0.031956,-0.031956
92.470055,-0.164136,-0.181010,-0.161068,-0.179476,0.009183,0.009183,0.009183,0.009183
92.480049,-0.151864,-0.167204,-0.154932,-0.161068,0.049698,0.049698,0.049698,0.049698
92.490059,-0.151864,-0.167204,-0.154932,-0.161068,0.087342,0.087342,0.087342,0.087342
92.500061,-0.102777,-0.118117,-0.105845,-0.107379,0.119792,0.119792,0.119792,0.119792
92.510063,-0.102777,-0.118117,-0.105845,-0.107379,0.145216,0.145216,0.145216,0.145216
92.520058,-0.023010,-0.029146,-0.026078,-0.018408,0.162107,0.162107,0.162107,0.162107
92.530060,-0.023010,-0.029146,-0.026078,-0.018408,0.169502,0.169502,0.169502,0.169502
92.540062,0.061359,0.059825,0.059825,0.065961,0.166960,0.166960,0.166960,0.166960
92.550026,0.061359,0.059825,0.059825,0.065961,0.154699,0.154699,0.154699,0.154699
92.560059,0.131922,0.124252,0.125786,0.130388,0.133258,0.133258,0.133258,0.133258
92.570061,0.131922,0.124252,0.125786,0.130388,0.104078,0.104078,0.104078,0.104078
92.580055,0.162602,0.153398,0.156466,0.161068,0.068849,0.068849,0.068849,0.068849
92.590065,0.162602,0.153398,0.156466,0.161068,0.029563,0.029563,0.029563,0.029563
92.600060,0.162602,0.153398,0.156466,0.161068,-0.011365,-0.011365,-0.011365,-0.011365
92.610062,0.162602,0.153398,0.156466,0.161068,-0.051613,-0.051613,-0.051613,-0.051613
92.620056,0.131922,0.121184,0.127320,0.127320,-0.088740,-0.088740,-0.088740,-0.088740
92.630058,0.131922,0.121184,0.127320,0.127320,-0.120603,-0.120603,-0.120603,-0.120603
92.640060,0.062893,0.055223,0.062893,0.061359,-0.145315,-0.145315,-0.145315,-0.145315
92.650063,0.062893,0.055223,0.062893,0.061359,-0.161408,-0.161408,-0.161408,-0.161408
92.660057,-0.023010,-0.038350,-0.023010,-0.027612,-0.167937,-0.167937,-0.167937,-0.167937
92.670059,-0.023010,-0.038350,-0.023010,-0.027612,-0.164524,-0.164524,-0.164524,-0.164524
92.680054,-0.101243,-0.122718,-0.101243,-0.116583,-0.151379,-0.151379,-0.151379,-0.151379
92.690056,-0.101243,-0.122718,-0.101243,-0.116583,-0.129270,-0.129270,-0.129270,-0.129270
92.700058,-0.150330,-0.168738,-0.150330,-0.165670,-0.099530,-0.099530,-0.099530,-0.099530
92.710060,-0.150330,-0.168738,-0.150330,-0.165670,-0.063904,-0.063904,-0.063904,-0.063904
92.720062,-0.161068,-0.177942,-0.159534,-0.174874,-0.024532,-0.024532,-0.024532,-0.024532
92.730057,-0.161068,-0.177942,-0.159534,-0.174874,0.016244,0.016244,0.016244,0.016244
92.740059,-0.145728,-0.161068,-0.147262,-0.158000,0.056007,0.056007,0.056007,0.056007
92.750061,-0.145728,-0.161068,-0.147262,-0.158000,0.092386,0.092386,0.092386,0.092386
92.760056,-0.095107,-0.107379,-0.096641,-0.101243,0.123220,0.123220,0.123220,0.123220
92.770058,-0.095107,-0.107379,-0.096641,-0.101243,0.146666,0.146666,0.146666,0.146666
92.780060,-0.015340,-0.023010,-0.015340,-0.009204,0.161334,0.161334,0.161334,0.161334
92.790054,-0.015340,-0.023010,-0.015340,-0.009204,0.166346,0.166346,0.166346,0.166346
92.800056,0.067495,0.067495,0.067495,0.072097,0.161409,0.161409,0.161409,0.161409
92.810059,0.067495,0.067495,0.067495,0.072097,0.146820,0.146820,0.146820,0.146820
92.820061,0.133456,0.127320,0.128854,0.133456,0.123459,0.123459,0.123459,0.123459
92.830055,0.133456,0.127320,0.128854,0.133456,0.092729,0.092729,0.092729,0.092729
92.840057,0.159534,0.151864,0.153398,0.159534,0.056467,0.056467,0.056467,0.056467
92.850060,0.159534,0.151864,0.153398,0.159534,0.016861,0.016861,0.016861,0.016861
92.860062,0.158000,0.147262,0.153398,0.154932,-0.023699,-0.023699,-0.023699,-0.023699
92.870041,0.158000,0.147262,0.153398,0.154932,-0.062719,-0.062719,-0.062719,-0.062719
92.880058,0.119651,0.111981,0.119651,0.116583,-0.098064,-0.098064,-0.098064,-0.098064
92.890060,0.119651,0.111981,0.119651,0.116583,-0.127383,-0.127383,-0.127383,-0.127383
92.900063,0.049087,0.041417,0.050621,0.049087,-0.148994,-0.148994,-0.148994,-0.148994
92.910065,0.049087,0.041417,0.050621,0.049087,-0.161593,-0.161593,-0.161593,-0.161593
92.920059,-0.035282,-0.052155,-0.035282,-0.042951,-0.164425,-0.164425,-0.164425,-0.164425
92.930061,-0.035282,-0.052155,-0.035282,-0.042951,-0.157320,-0.157320,-0.157320,-0.157320
92.940056,-0.110447,-0.130388,-0.108913,-0.125786,-0.140723,-0.140723,-0.140723,-0.140723
92.950058,-0.110447,-0.130388,-0.108913,-0.125786,-0.115629,-0.115629,-0.115629,-0.115629
92.960060,-0.153398,-0.170272,-0.151864,-0.167204,-0.083564,-0.083564,-0.083564,-0.083564
92.970032,-0.153398,-0.170272,-0.151864,-0.167204,-0.046565,-0.046565,-0.046565,-0.046565
92.980057,-0.158000,-0.173340,-0.154932,-0.170272,-0.006601,-0.006601,-0.006601,-0.006601
92.990067,-0.158000,-0.173340,-0.154932,-0.170272,0.033637,0.033637,0.033637,0.033637
93.000061,-0.138058,-0.151864,-0.139592,-0.148796,0.071750,0.071750,0.071750,0.071750
93.010063,-0.138058,-0.151864,-0.139592,-0.148796,0.105480,0.105480,0.105480,0.105480
93.020065,-0.079767,-0.092039,-0.084369,-0.084369,0.132733,0.132733,0.132733,0.132733
93.030060,-0.079767,-0.092039,-0.084369,-0.084369,0.151875,0.151875,0.151875,0.151875
93.040062,0.001534,-0.001534,-0.003068,0.007670,0.161747,0.161747,0.161747,0.161747
93.050064,0.001534,-0.001534,-0.003068,0.007670,0.161743,0.161743,0.161743,0.161743
93.060059,0.084369,0.076699,0.078233,0.085903,0.151873,0.151873,0.151873,0.151873
93.070061,0.084369,0.076699,0.078233,0.085903,0.132736,0.132736,0.132736,0.132736
93.080055,0.141126,0.130388,0.134990,0.141126,0.105520,0.105520,0.105520,0.105520
93.090065,0.141126,0.130388,0.134990,0.141126,0.071840,0.071840,0.071840,0.071840
93.100067,0.156466,0.148796,0.151864,0.156466,0.033839,0.033839,0.033839,0.033839
93.110062,0.156466,0.148796,0.151864,0.156466,-0.006191,-0.006191,-0.006191,-0.006191
93.120064,0.150330,0.141126,0.145728,0.145728,-0.045801,-0.045801,-0.045801,-0.045801
93.130020,0.150330,0.141126,0.145728,0.145728,-0.082401,-0.082401,-0.082401,-0.082401
93.140068,0.104311,0.096641,0.101243,0.098175,-0.114188,-0.114188,-0.114188,-0.114188
93.150070,0.104311,0.096641,0.101243,0.098175,-0.138773,-0.138773,-0.138773,-0.138773
93.160057,0.027612,0.023010,0.027612,0.023010,-0.154769,-0.154769,-0.154769,-0.154769
93.170067,0.027612,0.023010,0.027612,0.023010,-0.161243,-0.161243,-0.161243,-0.161243
93.180054,-0.058291,-0.073631,-0.058291,-0.069029,-0.157777,-0.157777,-0.157777,-0.157777
93.190041,-0.058291,-0.073631,-0.058291,-0.069029,-0.144610,-0.144610,-0.144610,-0.144610
93.200058,-0.125786,-0.141126,-0.121184,-0.141126,-0.122469,-0.122469,-0.122469,-0.122469
93.210060,-0.125786,-0.141126,-0.121184,-0.141126,-0.092821,-0.092821,-0.092821,-0.092821
93.220062,-0.154932,-0.168738,-0.151864,-0.167204,-0.057490,-0.057490,-0.057490,-0.057490
93.230057,-0.154932,-0.168738,-0.151864,-0.167204,-0.018641,-0.018641,-0.018641,-0.018641
93.240059,-0.154932,-0.168738,-0.150330,-0.164136,0.021316,0.021316,0.021316,0.021316
93.250061,-0.154932,-0.168738,-0.150330,-0.164136,0.059932,0.059932,0.059932,0.059932
93.260063,-0.119651,-0.136524,-0.118117,-0.128854,0.094753,0.094753,0.094753,0.094753
93.270065,-0.119651,-0.136524,-0.118117,-0.128854,0.123661,0.123661,0.123661,0.123661
93.280060,-0.052155,-0.070563,-0.053689,-0.049087,0.144852,0.144852,0.144852,0.144852
93.290070,-0.052155,-0.070563,-0.053689,-0.049087,0.157024,0.157024,0.157024,0.157024
93.300056,0.032214,0.026078,0.029146,0.041417,0.159403,0.159403,0.159403,0.159403
93.310066,0.032214,0.026078,0.029146,0.041417,0.151855,0.151855,0.151855,0.151855
93.320061,0.107379,0.098175,0.102777,0.110447,0.134874,0.134874,0.134874,0.134874
93.330063,0.107379,0.098175,0.102777,0.110447,0.109472,0.109472,0.109472,0.109472
93.340057,0.148796,0.139592,0.144194,0.148796,0.077319,0.077319,0.077319,0.077319
93.350021,0.148796,0.139592,0.144194,0.148796,0.040481,0.040481,0.040481,0.040481
93.360062,0.151864,0.144194,0.147262,0.151864,0.000884,0.000884,0.000884,0.000884
93.370064,0.151864,0.144194,0.147262,0.151864,-0.038580,-0.038580,-0.038580,-0.038580
93.380058,0.130388,0.122718,0.128854,0.127320,-0.075558,-0.075558,-0.075558,-0.075558
93.390068,0.130388,0.122718,0.128854,0.127320,-0.107790,-0.107790,-0.107790,-0.107790
93.400063,0.070563,0.069029,0.073631,0.069029,-0.133196,-0.133196,-0.133196,-0.133196
93.410065,0.070563,0.069029,0.073631,0.069029,-0.150231,-0.150231,-0.150231,-0.150231
93.420059,-0.010738,-0.015340,-0.007670,-0.012272,-0.157804,-0.157804,-0.157804,-0.157804
93.430061,-0.010738,-0.015340,-0.007670,-0.012272,-0.155452,-0.155452,-0.155452,-0.155452
93.440063,-0.087437,-0.104311,-0.087437,-0.104311,-0.143332,-0.143332,-0.143332,-0.143332
93.450066,-0.087437,-0.104311,-0.087437,-0.104311,-0.122186,-0.122186,-0.122186,-0.122186
93.460060,-0.139592,-0.156466,-0.138058,-0.153398,-0.093389,-0.093389,-0.093389,-0.093389
93.470070,-0.139592,-0.156466,-0.138058,-0.153398,-0.058715,-0.058715,-0.058715,-0.058715
93.480064,-0.150330,-0.167204,-0.147262,-0.164136,-0.020409,-0.020409,-0.020409,-0.020409
93.490067,-0.150330,-0.167204,-0.147262,-0.164136,0.019169,0.019169,0.019169,0.019169
93.500061,-0.139592,-0.154932,-0.139592,-0.150330,0.057463,0.057463,0.057463,0.057463
93.510063,-0.139592,-0.154932,-0.139592,-0.150330,0.092098,0.092098,0.092098,0.092098
93.520065,-0.088971,-0.105845,-0.090505,-0.096641,0.120853,0.120853,0.120853,0.120853
93.530060,-0.088971,-0.105845,-0.090505,-0.096641,0.141910,0.141910,0.141910,0.141910
93.540070,-0.013806,-0.021476,-0.016874,-0.006136,0.153957,0.153957,0.153957,0.153957
93.550064,-0.013806,-0.021476,-0.016874,-0.006136,0.156214,0.156214,0.156214,0.156214
93.560066,0.067495,0.064427,0.064427,0.072097,0.148551,0.148551,0.148551,0.148551
93.570045,0.067495,0.064427,0.064427,0.072097,0.131503,0.131503,0.131503,0.131503
93.580055,0.127320,0.119651,0.122718,0.128854,0.106039,0.106039,0.106039,0.106039
93.590057,0.127320,0.119651,0.122718,0.128854,0.073885,0.073885,0.073885,0.073885
93.600060,0.150330,0.141126,0.144194,0.150330,0.037071,0.037071,0.037071,0.037071
93.610092,0.150330,0.141126,0.144194,0.150330,-0.002185,-0.002185,-0.002185,-0.002185
93.620056,0.145728,0.136524,0.141126,0.142660,-0.041021,-0.041021,-0.041021,-0.041021
93.630058,0.145728,0.136524,0.141126,0.142660,-0.077318,-0.077318,-0.077318,-0.077318
93.640060,0.104311,0.098175,0.102777,0.101243,-0.108624,-0.108624,-0.108624,-0.108624
93.650063,0.104311,0.098175,0.102777,0.101243,-0.132941,-0.132941,-0.132941,-0.132941
93.660057,0.030680,0.026078,0.032214,0.027612,-0.148724,-0.148724,-0.148724,-0.148724
93.670059,0.030680,0.026078,0.032214,0.027612,-0.154963,-0.154963,-0.154963,-0.154963
93.680061,-0.052155,-0.067495,-0.052155,-0.062893,-0.151261,-0.151261,-0.151261,-0.151261
93.690056,-0.052155,-0.067495,-0.052155,-0.062893,-0.137858,-0.137858,-0.137858,-0.137858
93.700058,-0.119651,-0.136524,-0.116583,-0.133456,-0.115623,-0.115623,-0.115623,-0.115623
93.710060,-0.119651,-0.136524,-0.116583,-0.133456,-0.085976,-0.085976,-0.085976,-0.085976
93.720062,-0.148796,-0.164136,-0.144194,-0.159534,-0.050845,-0.050845,-0.050845,-0.050845
93.730057,-0.148796,-0.164136,-0.144194,-0.159534,-0.012476,-0.012476,-0.012476,-0.012476
93.740059,-0.147262,-0.162602,-0.144194,-0.158000,0.026644,0.026644,0.026644,0.026644
93.750061,-0.147262,-0.162602,-0.144194,-0.158000,0.064011,0.064011,0.064011,0.064011
93.760056,-0.113515,-0.130388,-0.113515,-0.121184,0.097182,0.097182,0.097182,0.097182
93.770058,-0.113515,-0.130388,-0.113515,-0.121184,0.124054,0.124054,0.124054,0.124054
93.780060,-0.046019,-0.061359,-0.047553,-0.046019,0.142872,0.142872,0.142872,0.142872
93.790062,-0.046019,-0.061359,-0.047553,-0.046019,0.152432,0.152432,0.152432,0.152432
93.800056,0.036816,0.030680,0.035282,0.041417,0.152113,0.152113,0.152113,0.152113
93.810059,0.036816,0.030680,0.035282,0.041417,0.141939,0.141939,0.141939,0.141939
93.820015,0.108913,0.099709,0.104311,0.108913,0.122689,0.122689,0.122689,0.122689
93.830063,0.108913,0.099709,0.104311,0.108913,0.095293,0.095293,0.095293,0.095293
93.840057,0.145728,0.136524,0.139592,0.144194,0.061852,0.061852,0.061852,0.061852
93.850060,0.145728,0.136524,0.139592,0.144194,0.024430,0.024430,0.024430,0.024430
93.860054,0.147262,0.138058,0.141126,0.147262,-0.014529,-0.014529,-0.014529,-0.014529
93.870056,0.147262,0.138058,0.141126,0.147262,-0.052510,-0.052510,-0.052510,-0.052510
93.880058,0.121184,0.110447,0.116583,0.118117,-0.087015,-0.087015,-0.087015,-0.087015
93.890060,0.121184,0.110447,0.116583,0.118117,-0.115815,-0.115815,-0.115815,-0.115815
93.900063,0.055223,0.049087,0.058291,0.055223,-0.137009,-0.137009,-0.137009,-0.137009
93.910057,0.055223,0.049087,0.058291,0.055223,-0.149239,-0.149239,-0.149239,-0.149239
93.920067,-0.027612,-0.039884,-0.024544,-0.030680,-0.151707,-0.151707,-0.151707,-0.151707
93.930061,-0.027612,-0.039884,-0.024544,-0.030680,-0.144250,-0.144250,-0.144250,-0.144250
93.940018,-0.101243,-0.118117,-0.096641,-0.113515,-0.127454,-0.127454,-0.127454,-0.127454
93.950058,-0.101243,-0.118117,-0.096641,-0.113515,-0.102146,-0.102146,-0.102146,-0.102146
93.960068,-0.141126,-0.158000,-0.138058,-0.154932,-0.070261,-0.070261,-0.070261,-0.070261
93.970062,-0.141126,-0.158000,-0.138058,-0.154932,-0.033823,-0.033823,-0.033823,-0.033823
93.980064,-0.145728,-0.161068,-0.141126,-0.158000,0.004817,0.004817,0.004817,0.004817
93.990067,-0.145728,-0.161068,-0.141126,-0.158000,0.043092,0.043092,0.043092,0.043092
94.000069,-0.124252,-0.138058,-0.122718,-0.134990,0.078461,0.078461,0.078461,0.078461
94.010063,-0.124252,-0.138058,-0.122718,-0.134990,0.108641,0.108641,0.108641,0.108641
94.020065,-0.065961,-0.078233,-0.067495,-0.070563,0.131627,0.131627,0.131627,0.131627
94.030067,-0.065961,-0.078233,-0.067495,-0.070563,0.145907,0.145907,0.145907,0.145907
94.040070,0.012272,0.012272,0.012272,0.018408,0.150546,0.150546,0.150546,0.150546
94.050072,0.012272,0.012272,0.012272,0.018408,0.145239,0.145239,0.145239,0.145239
94.060059,0.088971,0.085903,0.084369,0.092039,0.130357,0.130357,0.130357,0.130357
94.070061,0.088971,0.085903,0.084369,0.092039,0.106865,0.106865,0.106865,0.106865
94.080063,0.136524,0.128854,0.128854,0.138058,0.076327,0.076327,0.076327,0.076327
94.090065,0.136524,0.128854,0.128854,0.138058,0.040767,0.040767,0.040767,0.040767
94.100067,0.144194,0.134990,0.136524,0.144194,0.002543,0.002543,0.002543,0.002543
94.110062,0.144194,0.134990,0.136524,0.144194,-0.035782,-0.035782,-0.035782,-0.035782
94.120064,0.127320,0.116583,0.127320,0.125786,-0.071702,-0.071702,-0.071702,-0.071702
94.130066,0.127320,0.116583,0.127320,0.125786,-0.102805,-0.102805,-0.102805,-0.102805
94.140068,0.072097,0.062893,0.076699,0.067495,-0.127048,-0.127048,-0.127048,-0.127048
94.150070,0.072097,0.062893,0.076699,0.067495,-0.142798,-0.142798,-0.142798,-0.142798
94.160065,-0.006136,-0.021476,0.000000,-0.013806,-0.149017,-0.149017,-0.149017,-0.149017
94.170067,-0.006136,-0.021476,0.000000,-0.013806,-0.145296,-0.145296,-0.145296,-0.145296
94.180069,-0.084369,-0.104311,-0.082835,-0.101243,-0.131890,-0.131890,-0.131890,-0.131890
94.190063,-0.084369,-0.104311,-0.082835,-0.101243,-0.109701,-0.109701,-0.109701,-0.109701
94.200066,-0.133456,-0.151864,-0.131922,-0.150330,-0.080201,-0.080201,-0.080201,-0.080201
94.210068,-0.133456,-0.151864,-0.131922,-0.150330,-0.045377,-0.045377,-0.045377,-0.045377
94.220062,-0.142660,-0.159534,-0.139592,-0.158000,-0.007567,-0.007567,-0.007567,-0.007567
94.230064,-0.142660,-0.159534,-0.139592,-0.158000,0.030713,0.030713,0.030713,0.030713
94.240067,-0.128854,-0.142660,-0.125786,-0.139592,0.066897,0.066897,0.066897,0.066897
94.250069,-0.128854,-0.142660,-0.125786,-0.139592,0.098531,0.098531,0.098531,0.098531
94.260063,-0.075165,-0.090505,-0.076699,-0.081301,0.123523,0.123523,0.123523,0.123523
94.270065,-0.075165,-0.090505,-0.076699,-0.081301,0.140189,0.140189,0.140189,0.140189
94.280060,0.001534,-0.001534,-0.001534,0.006136,0.147402,0.147402,0.147402,0.147402
94.290070,0.001534,-0.001534,-0.001534,0.006136,0.144691,0.144691,0.144691,0.144691
94.300056,0.076699,0.076699,0.076699,0.081301,0.132259,0.132259,0.132259,0.132259
94.310066,0.076699,0.076699,0.076699,0.081301,0.110891,0.110891,0.110891,0.110891
94.320068,0.127320,0.122718,0.127320,0.130388,0.082096,0.082096,0.082096,0.082096
94.330063,0.127320,0.122718,0.127320,0.130388,0.047792,0.047792,0.047792,0.047792
94.340065,0.141126,0.133456,0.136524,0.141126,0.010289,0.010289,0.010289,0.010289
94.350067,0.141126,0.133456,0.136524,0.141126,-0.027850,-0.027850,-0.027850,-0.027850
94.360062,0.127320,0.119651,0.125786,0.127320,-0.064063,-0.064063,-0.064063,-0.064063
94.370064,0.127320,0.119651,0.125786,0.127320,-0.095898,-0.095898,-0.095898,-0.095898
94.380043,0.076699,0.070563,0.079767,0.076699,-0.121145,-0.121145,-0.121145,-0.121145
94.390068,0.076699,0.070563,0.079767,0.076699,-0.138246,-0.138246,-0.138246,-0.138246
94.400063,0.001534,-0.009204,0.004602,0.000000,-0.145882,-0.145882,-0.145882,-0.145882
94.410065,0.001534,-0.009204,0.004602,0.000000,-0.143602,-0.143602,-0.143602,-0.143602
94.420067,-0.075165,-0.093573,-0.073631,-0.087437,-0.131565,-0.131565,-0.131565,-0.131565
94.430069,-0.075165,-0.093573,-0.073631,-0.087437,-0.110586,-0.110586,-0.110586,-0.110586
94.440063,-0.128854,-0.145728,-0.124252,-0.142660,-0.082111,-0.082111,-0.082111,-0.082111
94.450066,-0.128854,-0.145728,-0.124252,-0.142660,-0.048061,-0.048061,-0.048061,-0.048061
94.460068,-0.141126,-0.158000,-0.138058,-0.153398,-0.010788,-0.010788,-0.010788,-0.010788
94.470062,-0.141126,-0.158000,-0.138058,-0.153398,0.027182,0.027182,0.027182,0.027182
94.480064,-0.128854,-0.142660,-0.127320,-0.139592,0.063248,0.063248,0.063248,0.063248
94.490067,-0.128854,-0.142660,-0.127320,-0.139592,0.094952,0.094952,0.094952,0.094952
94.500038,-0.079767,-0.093573,-0.079767,-0.084369,0.120058,0.120058,0.120058,0.120058
94.510063,-0.079767,-0.093573,-0.079767,-0.084369,0.137022,0.137022,0.137022,0.137022
94.520058,-0.004602,-0.013806,-0.006136,0.001534,0.144526,0.144526,0.144526,0.144526
94.530060,-0.004602,-0.013806,-0.006136,0.001534,0.142109,0.142109,0.142109,0.142109
94.540062,0.072097,0.065961,0.072097,0.076699,0.129941,0.129941,0.129941,0.129941
94.550056,0.072097,0.065961,0.072097,0.076699,0.108867,0.108867,0.108867,0.108867
94.560059,0.125786,0.116583,0.122718,0.125786,0.080339,0.080339,0.080339,0.080339
94.570061,0.125786,0.116583,0.122718,0.125786,0.046309,0.046309,0.046309,0.046309
94.580055,0.139592,0.130388,0.133456,0.138058,0.009129,0.009129,0.009129,0.009129
94.590057,0.139592,0.130388,0.133456,0.138058,-0.028637,-0.028637,-0.028637,-0.028637
94.600060,0.125786,0.118117,0.122718,0.122718,-0.064369,-0.064369,-0.064369,-0.064369
94.610062,0.125786,0.118117,0.122718,0.122718,-0.095628,-0.095628,-0.095628,-0.095628
94.620056,0.076699,0.072097,0.076699,0.073631,-0.120231,-0.120231,-0.120231,-0.120231
94.630058,0.076699,0.072097,0.076699,0.073631,-0.136506,-0.136506,-0.136506,-0.136506
94.640060,0.001534,-0.004602,0.004602,0.000000,-0.143311,-0.143311,-0.143311,-0.143311
94.650063,0.001534,-0.004602,0.004602,0.000000,-0.140184,-0.140184,-0.140184,-0.140184
94.660065,-0.075165,-0.092039,-0.070563,-0.087437,-0.127347,-0.127347,-0.127347,-0.127347
94.670059,-0.075165,-0.092039,-0.070563,-0.087437,-0.105693,-0.105693,-0.105693,-0.105693
94.680061,-0.127320,-0.142660,-0.121184,-0.141126,-0.076740,-0.076740,-0.076740,-0.076740
94.690056,-0.127320,-0.142660,-0.121184,-0.141126,-0.042480,-0.042480,-0.042480,-0.042480
94.700058,-0.139592,-0.153398,-0.133456,-0.151864,-0.005315,-0.005315,-0.005315,-0.005315
94.710060,-0.139592,-0.153398,-0.133456,-0.151864,0.032178,0.032178,0.032178,0.032178
94.720055,-0.124252,-0.139592,-0.124252,-0.136524,0.067383,0.067383,0.067383,0.067383
94.730057,-0.124252,-0.139592,-0.124252,-0.136524,0.097856,0.097856,0.097856,0.097856
94.740059,-0.073631,-0.090505,-0.078233,-0.076699,0.121466,0.121466,0.121466,0.121466
94.750061,-0.073631,-0.090505,-0.078233,-0.076699,0.136570,0.136570,0.136570,0.136570
94.760056,0.000000,-0.006136,0.000000,0.007670,0.142114,0.142114,0.142114,0.142114
94.770058,0.000000,-0.006136,0.000000,0.007670,0.137720,0.137720,0.137720,0.137720
94.780052,0.075165,0.070563,0.073631,0.079767,0.123703,0.123703,0.123703,0.123703
94.790054,0.075165,0.070563,0.073631,0.079767,0.101034,0.101034,0.101034,0.101034
94.800056,0.125786,0.118117,0.122718,0.125786,0.071319,0.071319,0.071319,0.071319
94.810059,0.125786,0.118117,0.122718,0.125786,0.036628,0.036628,0.036628,0.036628
94.820053,0.136524,0.127320,0.130388,0.134990,-0.000570,-0.000570,-0.000570,-0.000570
94.830063,0.136524,0.127320,0.130388,0.134990,-0.037716,-0.037716,-0.037716,-0.037716
94.840057,0.118117,0.111981,0.116583,0.116583,-0.072144,-0.072144,-0.072144,-0.072144
94.850067,0.118117,0.111981,0.116583,0.116583,-0.101465,-0.101465,-0.101465,-0.101465
94.860062,0.064427,0.062893,0.069029,0.064427,-0.123591,-0.123591,-0.123591,-0.123591
94.870056,0.064427,0.062893,0.069029,0.064427,-0.136991,-0.136991,-0.136991,-0.136991
94.880058,-0.007670,-0.015340,-0.006136,-0.010738,-0.140718,-0.140718,-0.140718,-0.140718
94.890060,-0.007670,-0.015340,-0.006136,-0.010738,-0.134506,-0.134506,-0.134506,-0.134506
94.900063,-0.082835,-0.099709,-0.081301,-0.096641,-0.118803,-0.118803,-0.118803,-0.118803
94.910080,-0.082835,-0.099709,-0.081301,-0.096641,-0.094674,-0.094674,-0.094674,-0.094674
94.920074,-0.128854,-0.145728,-0.125786,-0.142660,-0.063916,-0.063916,-0.063916,-0.063916
94.930077,-0.128854,-0.145728,-0.125786,-0.142660,-0.028676,-0.028676,-0.028676,-0.028676
94.940079,-0.134990,-0.151864,-0.131922,-0.148796,0.008566,0.008566,0.008566,0.008566
94.950073,-0.134990,-0.151864,-0.131922,-0.148796,0.045148,0.045148,0.045148,0.045148
94.960045,-0.116583,-0.131922,-0.115049,-0.127320,0.078397,0.078397,0.078397,0.078397
94.970062,-0.116583,-0.131922,-0.115049,-0.127320,0.106175,0.106175,0.106175,0.106175
94.980057,-0.059825,-0.076699,-0.061359,-0.062893,0.126324,0.126324,0.126324,0.126324
94.990051,-0.059825,-0.076699,-0.061359,-0.062893,0.137467,0.137467,0.137467,0.137467
95.000053,0.015340,0.009204,0.013806,0.021476,0.138816,0.138816,0.138816,0.138816
95.010056,0.015340,0.009204,0.013806,0.021476,0.130272,0.130272,0.130272,0.130272
95.020065,0.087437,0.081301,0.085903,0.090505,0.112437,0.112437,0.112437,0.112437
95.030060,0.087437,0.081301,0.085903,0.090505,0.086616,0.086616,0.086616,0.086616
95.040062,0.130388,0.119651,0.124252,0.128854,0.054623,0.054623,0.054623,0.054623
95.050049,0.130388,0.119651,0.124252,0.128854,0.018816,0.018816,0.018816,0.018816
95.060059,0.133456,0.124252,0.127320,0.131922,-0.018364,-0.018364,-0.018364,-0.018364
95.070061,0.133456,0.124252,0.127320,0.131922,-0.054150,-0.054150,-0.054150,-0.054150
95.080063,0.111981,0.102777,0.107379,0.104311,-0.086019,-0.086019,-0.086019,-0.086019
95.090057,0.111981,0.102777,0.107379,0.104311,-0.111676,-0.111676,-0.111676,-0.111676
95.100060,0.052155,0.047553,0.050621,0.044485,-0.129293,-0.129293,-0.129293,-0.129293
95.110062,0.052155,0.047553,0.050621,0.044485,-0.137604,-0.137604,-0.137604,-0.137604
95.120056,-0.026078,-0.035282,-0.026078,-0.036816,-0.136015,-0.136015,-0.136015,-0.136015
95.130058,-0.026078,-0.035282,-0.026078,-0.036816,-0.124642,-0.124642,-0.124642,-0.124642
95.140060,-0.096641,-0.111981,-0.093573,-0.111981,-0.104310,-0.104310,-0.104310,-0.104310
95.150063,-0.096641,-0.111981,-0.093573,-0.111981,-0.076492,-0.076492,-0.076492,-0.076492
95.160072,-0.131922,-0.147262,-0.125786,-0.142660,-0.043147,-0.043147,-0.043147,-0.043147
95.170067,-0.131922,-0.147262,-0.125786,-0.142660,-0.006790,-0.006790,-0.006790,-0.006790
95.180061,-0.133456,-0.148796,-0.127320,-0.144194,0.030030,0.030030,0.030030,0.030030
95.190063,-0.133456,-0.148796,-0.127320,-0.144194,0.064635,0.064635,0.064635,0.064635
95.200058,-0.101243,-0.118117,-0.101243,-0.111981,0.094523,0.094523,0.094523,0.094523
95.210068,-0.101243,-0.118117,-0.101243,-0.111981,0.117548,0.117548,0.117548,0.117548
95.220062,-0.038350,-0.053689,-0.041417,-0.032214,0.132018,0.132018,0.132018,0.132018
95.230064,-0.038350,-0.053689,-0.041417,-0.032214,0.136904,0.136904,0.136904,0.136904
95.240059,0.038350,0.032214,0.033748,0.047553,0.131850,0.131850,0.131850,0.131850
95.250069,0.038350,0.032214,0.033748,0.047553,0.117220,0.117220,0.117220,0.117220
95.260063,0.102777,0.093573,0.096641,0.102777,0.094096,0.094096,0.094096,0.094096
95.270065,0.102777,0.093573,0.096641,0.102777,0.064150,0.064150,0.064150,0.064150
95.280060,0.130388,0.121184,0.124252,0.128854,0.029595,0.029595,0.029595,0.029595
95.290070,0.130388,0.121184,0.124252,0.128854,-0.007115,-0.007115,-0.007115,-0.007115
95.300064,0.127320,0.119651,0.122718,0.125786,-0.043231,-0.043231,-0.043231,-0.043231
95.310066,0.127320,0.119651,0.122718,0.125786,-0.076167,-0.076167,-0.076167,-0.076167
95.320061,0.088971,0.084369,0.090505,0.087437,-0.103484,-0.103484,-0.103484,-0.103484
95.330063,0.088971,0.084369,0.090505,0.087437,-0.123219,-0.123219,-0.123219,-0.123219
95.340057,0.021476,0.021476,0.026078,0.021476,-0.133912,-0.133912,-0.133912,-0.133912
95.350067,0.021476,0.021476,0.026078,0.021476,-0.134796,-0.134796,-0.134796,-0.134796
95.360062,-0.053689,-0.065961,-0.050621,-0.061359,-0.125803,-0.125803,-0.125803,-0.125803
95.370056,-0.053689,-0.065961,-0.050621,-0.061359,-0.107610,-0.107610,-0.107610,-0.107610
95.380058,-0.111981,-0.127320,-0.108913,-0.125786,-0.081541,-0.081541,-0.081541,-0.081541
95.390053,-0.111981,-0.127320,-0.108913,-0.125786,-0.049518,-0.049518,-0.049518,-0.049518
95.400055,-0.130388,-0.147262,-0.125786,-0.144194,-0.013892,-0.013892,-0.013892,-0.013892
95.410065,-0.130388,-0.147262,-0.125786,-0.144194,0.022748,0.022748,0.022748,0.022748
95.420059,-0.124252,-0.139592,-0.121184,-0.134990,0.057624,0.057624,0.057624,0.057624
95.430061,-0.124252,-0.139592,-0.121184,-0.134990,0.088229,0.088229,0.088229,0.088229
95.440063,-0.079767,-0.095107,-0.079767,-0.084369,0.112284,0.112284,0.112284,0.112284
95.450066,-0.079767,-0.095107,-0.079767,-0.084369,0.128041,0.128041,0.128041,0.128041
95.460052,-0.009204,-0.018408,-0.009204,-0.003068,0.134309,0.134309,0.134309,0.134309
95.470032,-0.009204,-0.018408,-0.009204,-0.003068,0.130677,0.130677,0.130677,0.130677
95.480042,0.065961,0.059825,0.064427,0.069029,0.117374,0.117374,0.117374,0.117374
95.490059,0.065961,0.059825,0.064427,0.069029,0.095362,0.095362,0.095362,0.095362
95.500061,0.118117,0.108913,0.113515,0.116583,0.066334,0.066334,0.066334,0.066334
95.510063,0.118117,0.108913,0.113515,0.116583,0.032418,0.032418,0.032418,0.032418
95.520065,0.127320,0.119651,0.121184,0.127320,-0.003843,-0.003843,-0.003843,-0.003843
95.530067,0.127320,0.119651,0.121184,0.127320,-0.039779,-0.039779,-0.039779,-0.039779
95.540062,0.115049,0.104311,0.110447,0.111981,-0.072720,-0.072720,-0.072720,-0.072720
95.550064,0.115049,0.104311,0.110447,0.111981,-0.100208,-0.100208,-0.100208,-0.100208
95.560066,0.064427,0.056757,0.064427,0.062893,-0.120211,-0.120211,-0.120211,-0.120211
95.570068,0.064427,0.056757,0.064427,0.062893,-0.131235,-0.131235,-0.131235,-0.131235
95.580063,-0.010738,-0.023010,-0.007670,-0.012272,-0.132462,-0.132462,-0.132462,-0.132462
95.590065,-0.010738,-0.023010,-0.007670,-0.012272,-0.123806,-0.123806,-0.123806,-0.123806
95.600060,-0.082835,-0.101243,-0.081301,-0.095107,-0.105932,-0.105932,-0.105932,-0.105932
95.610062,-0.082835,-0.101243,-0.081301,-0.095107,-0.080140,-0.080140,-0.080140,-0.080140
95.620056,-0.124252,-0.141126,-0.119651,-0.138058,-0.048424,-0.048424,-0.048424,-0.048424
95.630066,-0.124252,-0.141126,-0.119651,-0.138058,-0.013071,-0.013071,-0.013071,-0.013071
95.640060,-0.128854,-0.144194,-0.122718,-0.141126,0.023179,0.023179,0.023179,0.023179
95.650070,-0.128854,-0.144194,-0.122718,-0.141126,0.057683,0.057683,0.057683,0.057683
95.660057,-0.104311,-0.116583,-0.101243,-0.115049,0.087760,0.087760,0.087760,0.087760
95.670036,-0.104311,-0.116583,-0.101243,-0.115049,0.111220,0.111220,0.111220,0.111220
95.680038,-0.044485,-0.055223,-0.046019,-0.044485,0.126335,0.126335,0.126335,0.126335
95.690056,-0.044485,-0.055223,-0.046019,-0.044485,0.131941,0.131941,0.131941,0.131941
95.700058,0.032214,0.029146,0.027612,0.036816,0.127586,0.127586,0.127586,0.127586
95.710060,0.032214,0.029146,0.027612,0.036816,0.113621,0.113621,0.113621,0.113621
95.720062,0.096641,0.090505,0.092039,0.096641,0.091120,0.091120,0.091120,0.091120
95.730064,0.096641,0.090505,0.092039,0.096641,0.061762,0.061762,0.061762,0.061762
95.740059,0.124252,0.116583,0.119651,0.124252,0.027777,0.027777,0.027777,0.027777
95.750061,0.124252,0.116583,0.119651,0.124252,-0.008250,-0.008250,-0.008250,-0.008250
95.760033,0.124252,0.115049,0.119651,0.122718,-0.043538,-0.043538,-0.043538,-0.043538
95.770058,0.124252,0.115049,0.119651,0.122718,-0.075655,-0.075655,-0.075655,-0.075655
95.780060,0.090505,0.079767,0.088971,0.085903,-0.101910,-0.101910,-0.101910,-0.101910
95.790054,0.090505,0.079767,0.088971,0.085903,-0.120411,-0.120411,-0.120411,-0.120411
95.800056,0.024544,0.015340,0.029146,0.021476,-0.129761,-0.129761,-0.129761,-0.129761
95.810059,0.024544,0.015340,0.029146,0.021476,-0.129247,-0.129247,-0.129247,-0.129247
95.820061,-0.056757,-0.070563,-0.047553,-0.061359,-0.118913,-0.118913,-0.118913,-0.118913
95.830063,-0.056757,-0.070563,-0.047553,-0.061359,-0.099550,-0.099550,-0.099550,-0.099550
95.840057,-0.111981,-0.127320,-0.104311,-0.122718,-0.072638,-0.072638,-0.072638,-0.072638
95.850060,-0.111981,-0.127320,-0.104311,-0.122718,-0.040215,-0.040215,-0.040215,-0.040215
95.860062,-0.125786,-0.142660,-0.121184,-0.139592,-0.004783,-0.004783,-0.004783,-0.004783
95.870064,-0.125786,-0.142660,-0.121184,-0.139592,0.030988,0.030988,0.030988,0.030988
95.880066,-0.115049,-0.130388,-0.116583,-0.127320,0.064342,0.064342,0.064342,0.064342
95.890068,-0.115049,-0.130388,-0.116583,-0.127320,0.092761,0.092761,0.092761,0.092761
95.900070,-0.069029,-0.082835,-0.073631,-0.073631,0.114021,0.114021,0.114021,0.114021
95.910065,-0.069029,-0.082835,-0.073631,-0.073631,0.126538,0.126538,0.126538,0.126538
95.920059,-0.001534,-0.003068,-0.001534,0.006136,0.129353,0.129353,0.129353,0.129353
95.930054,-0.001534,-0.003068,-0.001534,0.006136,0.122266,0.122266,0.122266,0.122266
95.940056,0.072097,0.069029,0.070563,0.073631,0.105798,0.105798,0.105798,0.105798
95.950066,0.072097,0.069029,0.070563,0.073631,0.081214,0.081214,0.081214,0.081214
95.960068,0.118117,0.110447,0.111981,0.116583,0.050431,0.050431,0.050431,0.050431
95.970062,0.118117,0.110447,0.111981,0.116583,0.015817,0.015817,0.015817,0.015817
95.980064,0.122718,0.115049,0.116583,0.121184,-0.019970,-0.019970,-0.019970,-0.019970
95.990059,0.122718,0.115049,0.116583,0.121184,-0.054180,-0.054180,-0.054180,-0.054180
96.000061,0.104311,0.093573,0.099709,0.098175,-0.084185,-0.084185,-0.084185,-0.084185
96.010063,0.104311,0.093573,0.099709,0.098175,-0.107656,-0.107656,-0.107656,-0.107656
96.020058,0.047553,0.038350,0.049087,0.041417,-0.122776,-0.122776,-0.122776,-0.122776
96.030067,0.047553,0.038350,0.049087,0.041417,-0.128404,-0.128404,-0.128404,-0.128404
96.040062,-0.027612,-0.041417,-0.026078,-0.038350,-0.124096,-0.124096,-0.124096,-0.124096
96.050064,-0.027612,-0.041417,-0.026078,-0.038350,-0.110185,-0.110185,-0.110185,-0.110185
96.060066,-0.093573,-0.110447,-0.090505,-0.110447,-0.087767,-0.087767,-0.087767,-0.087767
96.070068,-0.093573,-0.110447,-0.090505,-0.110447,-0.058569,-0.058569,-0.058569,-0.058569
96.080063,-0.122718,-0.139592,-0.116583,-0.134990,-0.024864,-0.024864,-0.024864,-0.024864
96.090065,-0.122718,-0.139592,-0.116583,-0.134990,0.010724,0.010724,0.010724,0.010724
96.100067,-0.121184,-0.134990,-0.116583,-0.133456,0.045442,0.045442,0.045442,0.045442
96.110069,-0.121184,-0.134990,-0.116583,-0.133456,0.076586,0.076586,0.076586,0.076586
96.120064,-0.085903,-0.099709,-0.085903,-0.093573,0.101731,0.101731,0.101731,0.101731
96.130066,-0.085903,-0.099709,-0.085903,-0.093573,0.118923,0.118923,0.118923,0.118923
96.140060,-0.021476,-0.030680,-0.023010,-0.015340,0.126828,0.126828,0.126828,0.126828
96.150070,-0.021476,-0.030680,-0.023010,-0.015340,0.124831,0.124831,0.124831,0.124831
96.160065,0.052155,0.046019,0.050621,0.055223,0.113102,0.113102,0.113102,0.113102
96.170067,0.052155,0.046019,0.050621,0.055223,0.092534,0.092534,0.092534,0.092534
96.180069,0.108913,0.098175,0.104311,0.107379,0.064767,0.064767,0.064767,0.064767
96.190063,0.108913,0.098175,0.104311,0.107379,0.031984,0.031984,0.031984,0.031984
96.200058,0.121184,0.110447,0.115049,0.119651,-0.003272,-0.003272,-0.003272,-0.003272
96.210068,0.121184,0.110447,0.115049,0.119651,-0.038250,-0.038250,-0.038250,-0.038250
96.220062,0.110447,0.102777,0.107379,0.107379,-0.070161,-0.070161,-0.070161,-0.070161
96.230049,0.110447,0.102777,0.107379,0.107379,-0.096506,-0.096506,-0.096506,-0.096506
96.240059,0.062893,0.056757,0.062893,0.061359,-0.115302,-0.115302,-0.115302,-0.115302
96.250069,0.062893,0.056757,0.062893,0.061359,-0.124986,-0.124986,-0.124986,-0.124986
96.260063,-0.009204,-0.015340,-0.007670,-0.010738,-0.124814,-0.124814,-0.124814,-0.124814
96.270065,-0.009204,-0.015340,-0.007670,-0.010738,-0.114815,-0.114815,-0.114815,-0.114815
96.280060,-0.078233,-0.093573,-0.076699,-0.092039,-0.095792,-0.095792,-0.095792,-0.095792
96.290054,-0.078233,-0.093573,-0.076699,-0.092039,-0.069241,-0.069241,-0.069241,-0.069241
96.300064,-0.118117,-0.133456,-0.113515,-0.130388,-0.037239,-0.037239,-0.037239,-0.037239
96.310059,-0.118117,-0.133456,-0.113515,-0.130388,-0.002342,-0.002342,-0.002342,-0.002342
96.320061,-0.121184,-0.136524,-0.115049,-0.133456,0.032695,0.032695,0.032695,0.032695
96.330063,-0.121184,-0.136524,-0.115049,-0.133456,0.065106,0.065106,0.065106,0.065106
96.340057,-0.090505,-0.110447,-0.092039,-0.104311,0.092321,0.092321,0.092321,0.092321
96.350060,-0.090505,-0.110447,-0.092039,-0.104311,0.112187,0.112187,0.112187,0.112187
96.360062,-0.033748,-0.047553,-0.033748,-0.032214,0.123136,0.123136,0.123136,0.123136
96.370064,-0.033748,-0.047553,-0.033748,-0.032214,0.124297,0.124297,0.124297,0.124297
96.380058,0.038350,0.033748,0.036816,0.042951,0.115588,0.115588,0.115588,0.115588
96.390053,0.038350,0.033748,0.036816,0.042951,0.097707,0.097707,0.097707,0.097707
96.400055,0.099709,0.090505,0.093573,0.099709,0.072064,0.072064,0.072064,0.072064
96.410057,0.099709,0.090505,0.093573,0.099709,0.040713,0.040713,0.040713,0.040713
96.420059,0.119651,0.110447,0.113515,0.118117,0.006165,0.006165,0.006165,0.006165
96.430061,0.119651,0.110447,0.113515,0.118117,-0.028834,-0.028834,-0.028834,-0.028834
96.440056,0.111981,0.104311,0.108913,0.108913,-0.061486,-0.061486,-0.061486,-0.061486
96.450058,0.111981,0.104311,0.108913,0.108913,-0.089201,-0.089201,-0.089201,-0.089201
96.460060,0.069029,0.064427,0.073631,0.065961,-0.109744,-0.109744,-0.109744,-0.109744
96.470062,0.069029,0.064427,0.073631,0.065961,-0.121482,-0.121482,-0.121482,-0.121482
96.480057,0.001534,-0.004602,0.007670,-0.001534,-0.123483,-0.123483,-0.123483,-0.123483
96.490028,0.001534,-0.004602,0.007670,-0.001534,-0.115630,-0.115630,-0.115630,-0.115630
96.500061,-0.070563,-0.085903,-0.064427,-0.082835,-0.098433,-0.098433,-0.098433,-0.098433
96.510056,-0.070563,-0.085903,-0.064427,-0.082835,-0.073402,-0.073402,-0.073402,-0.073402
96.520058,-0.113515,-0.130388,-0.108913,-0.127320,-0.042502,-0.042502,-0.042502,-0.042502
96.530060,-0.113515,-0.130388,-0.108913,-0.127320,-0.008224,-0.008224,-0.008224,-0.008224
96.540062,-0.118117,-0.134990,-0.113515,-0.130388,0.026669,0.026669,0.026669,0.026669
96.550056,-0.118117,-0.134990,-0.113515,-0.130388,0.059377,0.059377,0.059377,0.059377
96.560066,-0.095107,-0.111981,-0.093573,-0.105845,0.087268,0.087268,0.087268,0.087268
96.570061,-0.095107,-0.111981,-0.093573,-0.105845,0.108078,0.108078,0.108078,0.108078
96.580063,-0.039884,-0.053689,-0.039884,-0.038350,0.120143,0.120143,0.120143,0.120143
96.590057,-0.039884,-0.053689,-0.039884,-0.038350,0.122495,0.122495,0.122495,0.122495
96.600060,0.032214,0.027612,0.030680,0.036816,0.114945,0.114945,0.114945,0.114945
96.610062,0.032214,0.027612,0.030680,0.036816,0.098099,0.098099,0.098099,0.098099
96.620056,0.093573,0.085903,0.088971,0.093573,0.073353,0.073353,0.073353,0.073353
96.630066,0.093573,0.085903,0.088971,0.093573,0.042658,0.042658,0.042658,0.042658
96.640030,0.116583,0.108913,0.110447,0.115049,0.008682,0.008682,0.008682,0.008682
96.650070,0.116583,0.108913,0.110447,0.115049,-0.026205,-0.026205,-0.026205,-0.026205
96.660065,0.111981,0.102777,0.105845,0.107379,-0.058776,-0.058776,-0.058776,-0.058776
96.670067,0.111981,0.102777,0.105845,0.107379,-0.086546,-0.086546,-0.086546,-0.086546
96.680069,0.070563,0.065961,0.070563,0.065961,-0.107232,-0.107232,-0.107232,-0.107232
96.690071,0.070563,0.065961,0.070563,0.065961,-0.119172,-0.119172,-0.119172,-0.119172
96.700066,0.003068,-0.001534,0.006136,0.001534,-0.121384,-0.121384,-0.121384,-0.121384
96.710068,0.003068,-0.001534,0.006136,0.001534,-0.113701,-0.113701,-0.113701,-0.113701
96.720047,-0.067495,-0.081301,-0.064427,-0.079767,-0.096786,-0.096786,-0.096786,-0.096786
96.730057,-0.067495,-0.081301,-0.064427,-0.079767,-0.071940,-0.071940,-0.071940,-0.071940
96.740051,-0.111981,-0.125786,-0.105845,-0.124252,-0.041272,-0.041272,-0.041272,-0.041272
96.750069,-0.111981,-0.125786,-0.105845,-0.124252,-0.007221,-0.007221,-0.007221,-0.007221
96.760056,-0.118117,-0.131922,-0.110447,-0.128854,0.027318,0.027318,0.027318,0.027318
96.770065,-0.118117,-0.131922,-0.110447,-0.128854,0.059621,0.059621,0.059621,0.059621
96.780045,-0.093573,-0.110447,-0.092039,-0.104311,0.086933,0.086933,0.086933,0.086933
96.790062,-0.093573,-0.110447,-0.092039,-0.104311,0.107169,0.107169,0.107169,0.107169
96.800056,-0.038350,-0.052155,-0.038350,-0.035282,0.118524,0.118524,0.118524,0.118524
96.810066,-0.038350,-0.052155,-0.038350,-0.035282,0.120138,0.120138,0.120138,0.120138
96.820061,0.035282,0.027612,0.030680,0.036816,0.111869,0.111869,0.111869,0.111869
96.830063,0.035282,0.027612,0.030680,0.036816,0.094391,0.094391,0.094391,0.094391
96.840065,0.095107,0.082835,0.088971,0.092039,0.069171,0.069171,0.069171,0.069171
96.850067,0.095107,0.082835,0.088971,0.092039,0.038268,0.038268,0.038268,0.038268
96.860062,0.116583,0.105845,0.108913,0.111981,0.004249,0.004249,0.004249,0.004249
96.870064,0.116583,0.105845,0.108913,0.111981,-0.030083,-0.030083,-0.030083,-0.030083
96.880058,0.108913,0.099709,0.104311,0.105845,-0.061869,-0.061869,-0.061869,-0.061869
96.890060,0.108913,0.099709,0.104311,0.105845,-0.088511,-0.088511,-0.088511,-0.088511
96.900063,0.067495,0.059825,0.067495,0.062893,-0.107809,-0.107809,-0.107809,-0.107809
96.910065,0.067495,0.059825,0.067495,0.062893,-0.118141,-0.118141,-0.118141,-0.118141
96.920067,-0.001534,-0.012272,0.000000,-0.007670,-0.118665,-0.118665,-0.118665,-0.118665
96.930061,-0.001534,-0.012272,0.000000,-0.007670,-0.109348,-0.109348,-0.109348,-0.109348
96.940056,-0.069029,-0.087437,-0.067495,-0.084369,-0.090973,-0.090973,-0.090973,-0.090973
96.950058,-0.069029,-0.087437,-0.067495,-0.084369,-0.065051,-0.065051,-0.065051,-0.065051
96.960060,-0.110447,-0.127320,-0.104311,-0.124252,-0.033748,-0.033748,-0.033748,-0.033748
96.970062,-0.110447,-0.127320,-0.104311,-0.124252,0.000317,0.000317,0.000317,0.000317
96.980057,-0.115049,-0.130388,-0.107379,-0.125786,0.034320,0.034320,0.034320,0.034320
96.990059,-0.115049,-0.130388,-0.107379,-0.125786,0.065420,0.065420,0.065420,0.065420
97.000061,-0.087437,-0.102777,-0.090505,-0.095107,0.091030,0.091030,0.091030,0.091030
97.010025,-0.087437,-0.102777,-0.090505,-0.095107,0.108950,0.108950,0.108950,0.108950
97.020058,-0.032214,-0.039884,-0.035282,-0.027612,0.117845,0.117845,0.117845,0.117845
97.030060,-0.032214,-0.039884,-0.035282,-0.027612,0.116824,0.116824,0.116824,0.116824
97.040054,0.039884,0.038350,0.036816,0.042951,0.106032,0.106032,0.106032,0.106032
97.050056,0.039884,0.038350,0.036816,0.042951,0.086363,0.086363,0.086363,0.086363
97.060059,0.096641,0.090505,0.092039,0.095107,0.059490,0.059490,0.059490,0.059490
97.070061,0.096641,0.090505,0.092039,0.095107,0.027648,0.027648,0.027648,0.027648
97.080055,0.113515,0.104311,0.107379,0.110447,-0.006473,-0.006473,-0.006473,-0.006473
97.090057,0.113515,0.104311,0.107379,0.110447,-0.040016,-0.040016,-0.040016,-0.040016
97.100060,0.104311,0.093573,0.099709,0.099709,-0.070143,-0.070143,-0.070143,-0.070143
97.110062,0.104311,0.093573,0.099709,0.099709,-0.094336,-0.094336,-0.094336,-0.094336
97.120064,0.058291,0.049087,0.058291,0.055223,-0.110550,-0.110550,-0.110550,-0.110550
97.130066,0.058291,0.049087,0.058291,0.055223,-0.117427,-0.117427,-0.117427,-0.117427
97.140060,-0.010738,-0.023010,-0.009204,-0.013806,-0.114390,-0.114390,-0.114390,-0.114390
97.150063,-0.010738,-0.023010,-0.009204,-0.013806,-0.101696,-0.101696,-0.101696,-0.101696
97.160042,-0.078233,-0.095107,-0.076699,-0.088971,-0.080487,-0.080487,-0.080487,-0.080487
97.170059,-0.078233,-0.095107,-0.076699,-0.088971,-0.052386,-0.052386,-0.052386,-0.052386
97.180061,-0.111981,-0.125786,-0.107379,-0.124252,-0.019953,-0.019953,-0.019953,-0.019953
97.190063,-0.111981,-0.125786,-0.107379,-0.124252,0.014151,0.014151,0.014151,0.014151
97.200058,-0.111981,-0.125786,-0.107379,-0.122718,0.046998,0.046998,0.046998,0.046998
97.210060,-0.111981,-0.125786,-0.107379,-0.122718,0.075822,0.075822,0.075822,0.075822
97.220062,-0.078233,-0.092039,-0.078233,-0.084369,0.098177,0.098177,0.098177,0.098177
97.230057,-0.078233,-0.092039,-0.078233,-0.084369,0.112163,0.112163,0.112163,0.112163
97.240059,-0.016874,-0.026078,-0.018408,-0.012272,0.116596,0.116596,0.116596,0.116596
97.250061,-0.016874,-0.026078,-0.018408,-0.012272,0.111098,0.111098,0.111098,0.111098
97.260063,0.052155,0.049087,0.049087,0.055223,0.096146,0.096146,0.096146,0.096146
97.270065,0.052155,0.049087,0.049087,0.055223,0.073018,0.073018,0.073018,0.073018
97.280060,0.102777,0.095107,0.096641,0.101243,0.043693,0.043693,0.043693,0.043693
97.290062,0.102777,0.095107,0.096641,0.101243,0.010670,0.010670,0.010670,0.010670
97.300064,0.111981,0.102777,0.104311,0.108913,-0.023227,-0.023227,-0.023227,-0.023227
97.310059,0.111981,0.102777,0.104311,0.108913,-0.055093,-0.055093,-0.055093,-0.055093
97.320061,0.095107,0.084369,0.090505,0.088971,-0.082207,-0.082207,-0.082207,-0.082207
97.330070,0.095107,0.084369,0.090505,0.088971,-0.102272,-0.102272,-0.102272,-0.102272
97.340065,0.038350,0.033748,0.042951,0.036816,-0.113510,-0.113510,-0.113510,-0.113510
97.350067,0.038350,0.033748,0.042951,0.036816,-0.115008,-0.115008,-0.115008,-0.115008
97.360069,-0.032214,-0.041417,-0.026078,-0.035282,-0.106634,-0.106634,-0.106634,-0.106634
97.370064,-0.032214,-0.041417,-0.026078,-0.035282,-0.089110,-0.089110,-0.089110,-0.089110
97.380066,-0.088971,-0.104311,-0.084369,-0.099709,-0.063948,-0.063948,-0.063948,-0.063948
97.390068,-0.088971,-0.104311,-0.084369,-0.099709,-0.033300,-0.033300,-0.033300,-0.033300
97.400063,-0.110447,-0.125786,-0.104311,-0.121184,0.000142,0.000142,0.000142,0.000142
97.410042,-0.110447,-0.125786,-0.104311,-0.121184,0.033491,0.033491,0.033491,0.033491
97.420059,-0.102777,-0.119651,-0.101243,-0.115049,0.064040,0.064040,0.064040,0.064040
97.430069,-0.102777,-0.119651,-0.101243,-0.115049,0.088967,0.088967,0.088967,0.088967
97.440063,-0.061359,-0.078233,-0.062893,-0.062893,0.106161,0.106161,0.106161,0.106161
97.450058,-0.061359,-0.078233,-0.062893,-0.062893,0.114156,0.114156,0.114156,0.114156
97.460060,0.004602,-0.004602,0.000000,0.009204,0.112271,0.112271,0.112271,0.112271
97.470062,0.004602,-0.004602,0.000000,0.009204,0.100667,0.100667,0.100667,0.100667
97.480026,0.070563,0.062893,0.062893,0.070563,0.080440,0.080440,0.080440,0.080440
97.490067,0.070563,0.062893,0.062893,0.070563,0.053066,0.053066,0.053066,0.053066
97.500069,0.107379,0.096641,0.099709,0.104311,0.021240,0.021240,0.021240,0.021240
97.510071,0.107379,0.096641,0.099709,0.104311,-0.012411,-0.012411,-0.012411,-0.012411
97.520065,0.108913,0.099709,0.101243,0.104311,-0.044932,-0.044932,-0.044932,-0.044932
97.530067,0.108913,0.099709,0.101243,0.104311,-0.073507,-0.073507,-0.073507,-0.073507
97.540070,0.081301,0.072097,0.078233,0.073631,-0.095646,-0.095646,-0.095646,-0.095646
97.550072,0.081301,0.072097,0.078233,0.073631,-0.109425,-0.109425,-0.109425,-0.109425
97.560066,0.018408,0.013806,0.023010,0.013806,-0.113643,-0.113643,-0.113643,-0.113643
97.570068,0.018408,0.013806,0.023010,0.013806,-0.107935,-0.107935,-0.107935,-0.107935
97.580063,-0.050621,-0.062893,-0.046019,-0.058291,-0.092818,-0.092818,-0.092818,-0.092818
97.590065,-0.050621,-0.062893,-0.046019,-0.058291,-0.069591,-0.069591,-0.069591,-0.069591
97.600067,-0.101243,-0.115049,-0.095107,-0.111981,-0.040310,-0.040310,-0.040310,-0.040310
97.610031,-0.101243,-0.115049,-0.095107,-0.111981,-0.007661,-0.007661,-0.007661,-0.007661
97.620064,-0.110447,-0.124252,-0.102777,-0.119651,0.025853,0.025853,0.025853,0.025853
97.630058,-0.110447,-0.124252,-0.102777,-0.119651,0.056933,0.056933,0.056933,0.056933
97.640060,-0.088971,-0.107379,-0.088971,-0.099709,0.082986,0.082986,0.082986,0.082986
97.650063,-0.088971,-0.107379,-0.088971,-0.099709,0.101729,0.101729,0.101729,0.101729
97.660065,-0.038350,-0.053689,-0.039884,-0.036816,0.111495,0.111495,0.111495,0.111495
97.670044,-0.038350,-0.053689,-0.039884,-0.036816,0.111450,0.111450,0.111450,0.111450
97.680031,0.030680,0.026078,0.027612,0.033748,0.101623,0.101623,0.101623,0.101623
97.690063,0.030680,0.026078,0.027612,0.033748,0.082777,0.082777,0.082777,0.082777
97.700058,0.088971,0.079767,0.082835,0.087437,0.056703,0.056703,0.056703,0.056703
97.710060,0.088971,0.079767,0.082835,0.087437,0.025658,0.025658,0.025658,0.025658
97.720055,0.107379,0.098175,0.101243,0.104311,-0.007616,-0.007616,-0.007616,-0.007616
97.730057,0.107379,0.098175,0.101243,0.104311,-0.040197,-0.040197,-0.040197,-0.040197
97.740059,0.098175,0.088971,0.095107,0.093573,-0.069171,-0.069171,-0.069171,-0.069171
97.750069,0.098175,0.088971,0.095107,0.093573,-0.091995,-0.091995,-0.091995,-0.091995
97.760017,0.055223,0.050621,0.055223,0.049087,-0.106568,-0.106568,-0.106568,-0.106568
97.770058,0.055223,0.050621,0.055223,0.049087,-0.111771,-0.111771,-0.111771,-0.111771
97.780060,-0.010738,-0.018408,-0.010738,-0.018408,-0.107005,-0.107005,-0.107005,-0.107005
97.790062,-0.010738,-0.018408,-0.010738,-0.018408,-0.092739,-0.092739,-0.092739,-0.092739
97.800064,-0.075165,-0.088971,-0.073631,-0.087437,-0.070243,-0.070243,-0.070243,-0.070243
97.810066,-0.075165,-0.088971,-0.073631,-0.087437,-0.041525,-0.041525,-0.041525,-0.041525
97.820061,-0.105845,-0.121184,-0.099709,-0.116583,-0.009161,-0.009161,-0.009161,-0.009161
97.830063,-0.105845,-0.121184,-0.099709,-0.116583,0.024002,0.024002,0.024002,0.024002
97.840065,-0.104311,-0.119651,-0.099709,-0.115049,0.054973,0.054973,0.054973,0.054973
97.850067,-0.104311,-0.119651,-0.099709,-0.115049,0.081001,0.081001,0.081001,0.081001
97.860062,-0.064427,-0.084369,-0.069029,-0.072097,0.099760,0.099760,0.099760,0.099760
97.870064,-0.064427,-0.084369,-0.069029,-0.072097,0.109590,0.109590,0.109590,0.109590
97.880058,-0.003068,-0.015340,-0.009204,-0.001534,0.109603,0.109603,0.109603,0.109603
97.890068,-0.003068,-0.015340,-0.009204,-0.001534,0.099794,0.099794,0.099794,0.099794
97.900063,0.061359,0.052155,0.055223,0.062893,0.081074,0.081074,0.081074,0.081074
97.910065,0.061359,0.052155,0.055223,0.062893,0.055083,0.055083,0.055083,0.055083
97.920067,0.101243,0.092039,0.095107,0.098175,0.024198,0.024198,0.024198,0.024198
97.930061,0.101243,0.092039,0.095107,0.098175,-0.008818,-0.008818,-0.008818,-0.008818
97.940056,0.105845,0.096641,0.098175,0.101243,-0.041004,-0.041004,-0.041004,-0.041004
97.950058,0.105845,0.096641,0.098175,0.101243,-0.069471,-0.069471,-0.069471,-0.069471
97.960060,0.078233,0.072097,0.076699,0.075165,-0.091651,-0.091651,-0.091651,-0.091651
97.970055,0.078233,0.072097,0.076699,0.075165,-0.105541,-0.105541,-0.105541,-0.105541
97.980064,0.021476,0.018408,0.023010,0.019942,-0.109903,-0.109903,-0.109903,-0.109903
97.990067,0.021476,0.018408,0.023010,0.019942,-0.104335,-0.104335,-0.104335,-0.104335
98.000061,-0.047553,-0.058291,-0.044485,-0.052155,-0.089366,-0.089366,-0.089366,-0.089366
98.010063,-0.047553,-0.058291,-0.044485,-0.052155,-0.066326,-0.066326,-0.066326,-0.066326
98.020058,-0.096641,-0.110447,-0.090505,-0.108913,-0.037318,-0.037318,-0.037318,-0.037318
98.030060,-0.096641,-0.110447,-0.090505,-0.108913,-0.004964,-0.004964,-0.004964,-0.004964
98.040062,-0.104311,-0.121184,-0.098175,-0.116583,0.027794,0.027794,0.027794,0.027794
98.050056,-0.104311,-0.121184,-0.098175,-0.116583,0.057996,0.057996,0.057996,0.057996
98.060059,-0.085903,-0.104311,-0.087437,-0.095107,0.082898,0.082898,0.082898,0.082898
98.070061,-0.085903,-0.104311,-0.087437,-0.095107,0.100245,0.100245,0.100245,0.100245
98.080055,-0.035282,-0.049087,-0.041417,-0.033748,0.108458,0.108458,0.108458,0.108458
98.090057,-0.035282,-0.049087,-0.041417,-0.033748,0.106799,0.106799,0.106799,0.106799
98.100060,0.032214,0.026078,0.024544,0.035282,0.095417,0.095417,0.095417,0.095417
98.110062,0.032214,0.026078,0.024544,0.035282,0.075362,0.075362,0.075362,0.075362
98.120056,0.087437,0.078233,0.081301,0.087437,0.048457,0.048457,0.048457,0.048457
98.130058,0.087437,0.078233,0.081301,0.087437,0.017165,0.017165,0.017165,0.017165
98.140060,0.104311,0.093573,0.096641,0.099709,-0.015662,-0.015662,-0.015662,-0.015662
98.150063,0.104311,0.093573,0.096641,0.099709,-0.047011,-0.047011,-0.047011,-0.047011
98.160057,0.093573,0.084369,0.090505,0.087437,-0.074023,-0.074023,-0.074023,-0.074023
98.170059,0.093573,0.084369,0.090505,0.087437,-0.094234,-0.094234,-0.094234,-0.094234
98.180054,0.047553,0.042951,0.047553,0.044485,-0.105780,-0.105780,-0.105780,-0.105780
98.190056,0.047553,0.042951,0.047553,0.044485,-0.107619,-0.107619,-0.107619,-0.107619
98.200058,-0.021476,-0.027612,-0.018408,-0.023010,-0.099585,-0.099585,-0.099585,-0.099585
98.210060,-0.021476,-0.027612,-0.018408,-0.023010,-0.082404,-0.082404,-0.082404,-0.082404
98.220055,-0.079767,-0.093573,-0.076699,-0.092039,-0.057693,-0.057693,-0.057693,-0.057693
98.230057,-0.079767,-0.093573,-0.076699,-0.092039,-0.027682,-0.027682,-0.027682,-0.027682
98.240059,-0.102777,-0.118117,-0.098175,-0.115049,0.004823,0.004823,0.004823,0.004823
98.250023,-0.102777,-0.118117,-0.098175,-0.115049,0.036756,0.036756,0.036756,0.036756
98.260063,-0.096641,-0.113515,-0.093573,-0.107379,0.065458,0.065458,0.065458,0.065458
98.270065,-0.096641,-0.113515,-0.093573,-0.107379,0.087981,0.087981,0.087981,0.087981
98.280060,-0.055223,-0.073631,-0.056757,-0.058291,0.102333,0.102333,0.102333,0.102333
98.290039,-0.055223,-0.073631,-0.056757,-0.058291,0.107230,0.107230,0.107230,0.107230
98.300064,0.006136,0.000000,0.004602,0.012272,0.102197,0.102197,0.102197,0.102197
98.310066,0.006136,0.000000,0.004602,0.012272,0.087714,0.087714,0.087714,0.087714
98.320061,0.069029,0.061359,0.065961,0.070563,0.065121,0.065121,0.065121,0.065121
98.330025,0.069029,0.061359,0.065961,0.070563,0.036642,0.036642,0.036642,0.036642
98.340065,0.101243,0.090505,0.093573,0.096641,0.004562,0.004562,0.004562,0.004562
98.350067,0.101243,0.090505,0.093573,0.096641,-0.027791,-0.027791,-0.027791,-0.027791
98.360069,0.098175,0.088971,0.093573,0.095107,-0.057504,-0.057504,-0.057504,-0.057504
98.370064,0.098175,0.088971,0.093573,0.095107,-0.081836,-0.081836,-0.081836,-0.081836
98.380066,0.061359,0.058291,0.062893,0.059825,-0.098521,-0.098521,-0.098521,-0.098521
98.390068,0.061359,0.058291,0.062893,0.059825,-0.106020,-0.106020,-0.106020,-0.106020
98.400070,0.000000,-0.004602,0.004602,-0.001534,-0.103621,-0.103621,-0.103621,-0.103621
98.410065,0.000000,-0.004602,0.004602,-0.001534,-0.091561,-0.091561,-0.091561,-0.091561
98.420059,-0.062893,-0.078233,-0.061359,-0.072097,-0.070982,-0.070982,-0.070982,-0.070982
98.430069,-0.062893,-0.078233,-0.061359,-0.072097,-0.043763,-0.043763,-0.043763,-0.043763
98.440063,-0.099709,-0.115049,-0.095107,-0.110447,-0.012505,-0.012505,-0.012505,-0.012505
98.450066,-0.099709,-0.115049,-0.095107,-0.110447,0.019890,0.019890,0.019890,0.019890
98.460068,-0.101243,-0.116583,-0.095107,-0.110447,0.050387,0.050387,0.050387,0.050387
98.470070,-0.101243,-0.116583,-0.095107,-0.110447,0.076113,0.076113,0.076113,0.076113
98.480064,-0.069029,-0.087437,-0.069029,-0.069029,0.094669,0.094669,0.094669,0.094669
98.490067,-0.069029,-0.087437,-0.069029,-0.069029,0.104324,0.104324,0.104324,0.104324
98.500061,-0.010738,-0.016874,-0.012272,-0.001534,0.104162,0.104162,0.104162,0.104162
98.510063,-0.010738,-0.016874,-0.012272,-0.001534,0.094208,0.094208,0.094208,0.094208
98.520065,0.053689,0.052155,0.050621,0.056757,0.075398,0.075398,0.075398,0.075398
98.530067,0.053689,0.052155,0.050621,0.056757,0.049499,0.049499,0.049499,0.049499
98.540062,0.096641,0.087437,0.090505,0.093573,0.018990,0.018990,0.018990,0.018990
98.550064,0.096641,0.087437,0.090505,0.093573,-0.013287,-0.013287,-0.013287,-0.013287
98.560066,0.099709,0.088971,0.093573,0.095107,-0.044270,-0.044270,-0.044270,-0.044270
98.570068,0.099709,0.088971,0.093573,0.095107,-0.071042,-0.071042,-0.071042,-0.071042
98.580063,0.073631,0.064427,0.070563,0.069029,-0.091048,-0.091048,-0.091048,-0.091048
98.590050,0.073631,0.064427,0.070563,0.069029,-0.102411,-0.102411,-0.102411,-0.102411
98.600060,0.018408,0.010738,0.018408,0.013806,-0.104083,-0.104083,-0.104083,-0.104083
98.610062,0.018408,0.010738,0.018408,0.013806,-0.095880,-0.095880,-0.095880,-0.095880
98.620056,-0.049087,-0.062893,-0.046019,-0.056757,-0.078600,-0.078600,-0.078600,-0.078600
98.630058,-0.049087,-0.062893,-0.046019,-0.056757,-0.053861,-0.053861,-0.053861,-0.053861
98.640060,-0.093573,-0.108913,-0.088971,-0.105845,-0.024057,-0.024057,-0.024057,-0.024057
98.650063,-0.093573,-0.108913,-0.088971,-0.105845,0.008014,0.008014,0.008014,0.008014
98.660057,-0.099709,-0.115049,-0.093573,-0.110447,0.039269,0.039269,0.039269,0.039269
98.670059,-0.099709,-0.115049,-0.093573,-0.110447,0.066763,0.066763,0.066763,0.066763
98.680054,-0.076699,-0.092039,-0.078233,-0.082835,0.087848,0.087848,0.087848,0.087848
98.690063,-0.076699,-0.092039,-0.078233,-0.082835,0.100538,0.100538,0.100538,0.100538
98.700058,-0.023010,-0.030680,-0.026078,-0.018408,0.103610,0.103610,0.103610,0.103610
98.710060,-0.023010,-0.030680,-0.026078,-0.018408,0.096781,0.096781,0.096781,0.096781
98.720062,0.042951,0.039884,0.036816,0.046019,0.080709,0.080709,0.080709,0.080709
98.730064,0.042951,0.039884,0.036816,0.046019,0.056925,0.056925,0.056925,0.056925
98.740059,0.090505,0.082835,0.082835,0.087437,0.027736,0.027736,0.027736,0.027736
98.750061,0.090505,0.082835,0.082835,0.087437,-0.004095,-0.004095,-0.004095,-0.004095
98.760056,0.098175,0.087437,0.090505,0.093573,-0.035480,-0.035480,-0.035480,-0.035480
98.770065,0.098175,0.087437,0.090505,0.093573,-0.063442,-0.063442,-0.063442,-0.063442
98.780052,0.078233,0.070563,0.076699,0.073631,-0.085242,-0.085242,-0.085242,-0.085242
98.790062,0.078233,0.070563,0.076699,0.073631,-0.098848,-0.098848,-0.098848,-0.098848
98.800064,0.026078,0.019942,0.027612,0.023010,-0.102918,-0.102918,-0.102918,-0.102918
98.810059,0.026078,0.019942,0.027612,0.023010,-0.097071,-0.097071,-0.097071,-0.097071
98.820061,-0.039884,-0.053689,-0.036816,-0.046019,-0.081887,-0.081887,-0.081887,-0.081887
98.830055,-0.039884,-0.053689,-0.036816,-0.046019,-0.058818,-0.058818,-0.058818,-0.058818
98.840057,-0.087437,-0.104311,-0.084369,-0.099709,-0.030094,-0.030094,-0.030094,-0.030094
98.850060,-0.087437,-0.104311,-0.084369,-0.099709,0.001507,0.001507,0.001507,0.001507
98.860062,-0.098175,-0.113515,-0.092039,-0.108913,0.032909,0.032909,0.032909,0.032909
98.870064,-0.098175,-0.113515,-0.092039,-0.108913,0.061095,0.061095,0.061095,0.061095
98.880058,-0.076699,-0.095107,-0.078233,-0.085903,0.083325,0.083325,0.083325,0.083325
98.890060,-0.076699,-0.095107,-0.078233,-0.085903,0.097464,0.097464,0.097464,0.097464
98.900055,-0.026078,-0.038350,-0.030680,-0.024544,0.102131,0.102131,0.102131,0.102131
98.910057,-0.026078,-0.038350,-0.030680,-0.024544,0.096878,0.096878,0.096878,0.096878
98.920059,0.038350,0.032214,0.032214,0.038350,0.082221,0.082221,0.082221,0.082221
98.930061,0.038350,0.032214,0.032214,0.038350,0.059586,0.059586,0.059586,0.059586
98.940056,0.085903,0.078233,0.079767,0.084369,0.031189,0.031189,0.031189,0.031189
98.950058,0.085903,0.078233,0.079767,0.084369,-0.000218,-0.000218,-0.000218,-0.000218
98.960060,0.096641,0.085903,0.088971,0.092039,-0.031551,-0.031551,-0.031551,-0.031551
98.970062,0.096641,0.085903,0.088971,0.092039,-0.059794,-0.059794,-0.059794,-0.059794
98.980057,0.078233,0.070563,0.075165,0.075165,-0.082144,-0.082144,-0.082144,-0.082144
98.990059,0.078233,0.070563,0.075165,0.075165,-0.096460,-0.096460,-0.096460,-0.096460
99.000061,0.029146,0.024544,0.030680,0.027612,0.000000,0.000000,0.000000,0.000000
99.010063,0.029146,0.024544,0.030680,0.027612,0.000000,0.000000,0.000000,0.000000
99.020065,-0.035282,-0.047553,-0.033748,-0.039884,0.000000,0.000000,0.000000,0.000000
99.030067,-0.035282,-0.047553,-0.033748,-0.039884,0.000000,0.000000,0.000000,0.000000
99.040062,-0.079767,-0.096641,-0.075165,-0.088971,0.000000,0.000000,0.000000,0.000000
99.050064,-0.079767,-0.096641,-0.075165,-0.088971,0.000000,0.000000,0.000000,0.000000
99.060066,-0.044485,-0.061359,-0.041417,-0.046019,0.000000,0.000000,0.000000,0.000000
99.070068,-0.044485,-0.061359,-0.041417,-0.046019,0.000000,0.000000,0.000000,0.000000
99.080063,-0.006136,-0.013806,-0.010738,-0.004602,0.000000,0.000000,0.000000,0.000000
99.090065,-0.006136,-0.013806,-0.010738,-0.004602,0.000000,0.000000,0.000000,0.000000
99.100029,-0.001534,-0.009204,-0.007670,-0.001534,0.000000,0.000000,0.000000,0.000000
99.110062,-0.001534,-0.009204,-0.007670,-0.001534,0.000000,0.000000,0.000000,0.000000
99.120064,-0.001534,-0.009204,-0.007670,-0.001534,0.000000,0.000000,0.000000,0.000000
99.130074,-0.001534,-0.009204,-0.007670,-0.001534,0.000000,0.000000,0.000000,0.000000
99.140068,-0.001534,-0.009204,-0.007670,-0.001534,0.000000,0.000000,0.000000,0.000000
99.150070,-0.001534,-0.009204,-0.007670,-0.001534,0.000000,0.000000,0.000000,0.000000
99.160065,-0.001534,-0.009204,-0.007670,-0.001534,0.000000,0.000000,0.000000,0.000000
99.170067,-0.001534,-0.009204,-0.007670,-0.001534,0.000000,0.000000,0.000000,0.000000
99.180069,-0.001534,-0.009204,-0.009204,-0.001534,0.000000,0.000000,0.000000,0.000000
99.190063,-0.001534,-0.009204,-0.009204,-0.001534,0.000000,0.000000,0.000000,0.000000
99.200066,-0.001534,-0.009204,-0.007670,-0.001534,0.000000,0.000000,0.000000,0.000000
99.210068,-0.001534,-0.009204,-0.007670,-0.001534,0.000000,0.000000,0.000000,0.000000
99.220062,-0.001534,-0.009204,-0.007670,-0.001534,0.000000,0.000000,0.000000,0.000000
99.230064,-0.001534,-0.009204,-0.007670,-0.001534,0.000000,0.000000,0.000000,0.000000
99.240067,-0.001534,-0.009204,-0.007670,-0.001534,0.000000,0.000000,0.000000,0.000000
99.250069,-0.001534,-0.009204,-0.007670,-0.001534,0.000000,0.000000,0.000000,0.000000
99.260063,-0.001534,-0.009204,-0.007670,-0.001534,0.000000,0.000000,0.000000,0.000000
99.270065,-0.001534,-0.009204,-0.007670,-0.001534,0.000000,0.000000,0.000000,0.000000
99.280060,-0.001534,-0.009204,-0.007670,-0.001534,0.000000,0.000000,0.000000,0.000000
99.290070,-0.001534,-0.009204,-0.007670,-0.001534,0.000000,0.000000,0.000000,0.000000
99.300072,-0.001534,-0.009204,-0.007670,-0.003068,0.000000,0.000000,0.000000,0.000000
99.310066,-0.001534,-0.009204,-0.007670,-0.003068,0.000000,0.000000,0.000000,0.000000
99.320068,-0.001534,-0.009204,-0.007670,-0.001534,0.000000,0.000000,0.000000,0.000000
99.330063,-0.001534,-0.009204,-0.007670,-0.001534,0.000000,0.000000,0.000000,0.000000
99.340065,-0.001534,-0.009204,-0.007670,-0.001534,0.000000,0.000000,0.000000,0.000000
99.350067,-0.001534,-0.009204,-0.007670,-0.001534,0.000000,0.000000,0.000000,0.000000
99.360069,-0.001534,-0.009204,-0.007670,-0.001534,0.000000,0.000000,0.000000,0.000000
99.370071,-0.001534,-0.009204,-0.007670,-0.001534,0.000000,0.000000,0.000000,0.000000
99.380066,-0.001534,-0.009204,-0.007670,-0.001534,0.000000,0.000000,0.000000,0.000000
99.390068,-0.001534,-0.009204,-0.007670,-0.001534,0.000000,0.000000,0.000000,0.000000
99.400063,-0.001534,-0.009204,-0.007670,-0.001534,0.000000,0.000000,0.000000,0.000000
99.410065,-0.001534,-0.009204,-0.007670,-0.001534,0.000000,0.000000,0.000000,0.000000
99.420067,-0.001534,-0.009204,-0.009204,-0.001534,0.000000,0.000000,0.000000,0.000000
99.430069,-0.001534,-0.009204,-0.009204,-0.001534,0.000000,0.000000,0.000000,0.000000
99.440063,-0.001534,-0.009204,-0.007670,-0.001534,0.000000,0.000000,0.000000,0.000000
99.450066,-0.001534,-0.009204,-0.007670,-0.001534,0.000000,0.000000,0.000000,0.000000
99.460068,-0.001534,-0.009204,-0.007670,-0.001534,0.000000,0.000000,0.000000,0.000000
99.470062,-0.001534,-0.009204,-0.007670,-0.001534,0.000000,0.000000,0.000000,0.000000
99.480064,-0.003068,-0.009204,-0.007670,-0.001534,0.000000,0.000000,0.000000,0.000000
99.490067,-0.003068,-0.009204,-0.007670,-0.001534,0.000000,0.000000,0.000000,0.000000
99.500031,-0.001534,-0.009204,-0.007670,-0.001534,0.000000,0.000000,0.000000,0.000000
99.510048,-0.001534,-0.009204,-0.007670,-0.001534,0.000000,0.000000,0.000000,0.000000
99.520065,-0.001534,-0.010738,-0.007670,-0.001534,0.000000,0.000000,0.000000,0.000000
99.530060,-0.001534,-0.010738,-0.007670,-0.001534,0.000000,0.000000,0.000000,0.000000
99.540070,-0.001534,-0.009204,-0.007670,-0.001534,0.000000,0.000000,0.000000,0.000000
99.550064,-0.001534,-0.009204,-0.007670,-0.001534,0.000000,0.000000,0.000000,0.000000
99.560059,-0.001534,-0.009204,-0.007670,-0.001534,0.000000,0.000000,0.000000,0.000000
99.570068,-0.001534,-0.009204,-0.007670,-0.001534,0.000000,0.000000,0.000000,0.000000
99.580063,-0.001534,-0.009204,-0.007670,-0.001534,0.000000,0.000000,0.000000,0.000000
99.590065,-0.001534,-0.009204,-0.007670,-0.001534,0.000000,0.000000,0.000000,0.000000
99.600067,-0.001534,-0.009204,-0.007670,-0.001534,0.000000,0.000000,0.000000,0.000000
99.610062,-0.001534,-0.009204,-0.007670,-0.001534,0.000000,0.000000,0.000000,0.000000
99.620056,-0.001534,-0.009204,-0.007670,-0.001534,0.000000,0.000000,0.000000,0.000000
99.630066,-0.001534,-0.009204,-0.007670,-0.001534,0.000000,0.000000,0.000000,0.000000
99.640068,-0.001534,-0.009204,-0.007670,-0.001534,0.000000,0.000000,0.000000,0.000000
99.650070,-0.001534,-0.009204,-0.007670,-0.001534,0.000000,0.000000,0.000000,0.000000
99.660065,-0.001534,-0.009204,-0.007670,-0.001534,0.000000,0.000000,0.000000,0.000000
99.670067,-0.001534,-0.009204,-0.007670,-0.001534,0.000000,0.000000,0.000000,0.000000
99.680061,-0.001534,-0.009204,-0.007670,-0.001534,0.000000,0.000000,0.000000,0.000000
99.690063,-0.001534,-0.009204,-0.007670,-0.001534,0.000000,0.000000,0.000000,0.000000
99.700066,-0.001534,-0.009204,-0.007670,-0.001534,0.000000,0.000000,0.000000,0.000000
99.710068,-0.001534,-0.009204,-0.007670,-0.001534,0.000000,0.000000,0.000000,0.000000
99.720062,-0.001534,-0.009204,-0.007670,-0.001534,0.000000,0.000000,0.000000,0.000000
99.730064,-0.001534,-0.009204,-0.007670,-0.001534,0.000000,0.000000,0.000000,0.000000
99.740067,-0.001534,-0.009204,-0.007670,-0.001534,0.000000,0.000000,0.000000,0.000000
99.750069,-0.001534,-0.009204,-0.007670,-0.001534,0.000000,0.000000,0.000000,0.000000
99.760063,-0.001534,-0.009204,-0.007670,-0.001534,0.000000,0.000000,0.000000,0.000000
99.770065,-0.001534,-0.009204,-0.007670,-0.001534,0.000000,0.000000,0.000000,0.000000
99.780060,-0.001534,-0.009204,-0.007670,-0.001534,0.000000,0.000000,0.000000,0.000000
99.790062,-0.001534,-0.009204,-0.007670,-0.001534,0.000000,0.000000,0.000000,0.000000
99.800056,-0.001534,-0.009204,-0.007670,-0.001534,0.000000,0.000000,0.000000,0.000000
99.810066,-0.001534,-0.009204,-0.007670,-0.001534,0.000000,0.000000,0.000000,0.000000
99.820061,-0.001534,-0.009204,-0.007670,-0.001534,0.000000,0.000000,0.000000,0.000000
99.830063,-0.001534,-0.009204,-0.007670,-0.001534,0.000000,0.000000,0.000000,0.000000
99.840057,-0.001534,-0.009204,-0.007670,-0.001534,0.000000,0.000000,0.000000,0.000000
99.850060,-0.001534,-0.009204,-0.007670,-0.001534,0.000000,0.000000,0.000000,0.000000
99.860062,-0.001534,-0.009204,-0.007670,-0.003068,0.000000,0.000000,0.000000,0.000000
99.870064,-0.001534,-0.009204,-0.007670,-0.003068,0.000000,0.000000,0.000000,0.000000
99.880058,-0.001534,-0.009204,-0.007670,-0.001534,0.000000,0.000000,0.000000,0.000000
99.890060,-0.001534,-0.009204,-0.007670,-0.001534,0.000000,0.000000,0.000000,0.000000
99.900055,-0.001534,-0.009204,-0.007670,-0.001534,0.000000,0.000000,0.000000,0.000000
99.910065,-0.001534,-0.009204,-0.007670,-0.001534,0.000000,0.000000,0.000000,0.000000
99.920067,-0.001534,-0.009204,-0.007670,-0.001534,0.000000,0.000000,0.000000,0.000000
99.930069,-0.001534,-0.009204,-0.007670,-0.001534,0.000000,0.000000,0.000000,0.000000
99.940063,-0.001534,-0.009204,-0.007670,-0.001534,0.000000,0.000000,0.000000,0.000000
99.950066,-0.001534,-0.009204,-0.007670,-0.001534,0.000000,0.000000,0.000000,0.000000
99.960068,-0.001534,-0.009204,-0.007670,-0.001534,0.000000,0.000000,0.000000,0.000000
99.970070,-0.001534,-0.009204,-0.007670,-0.001534,0.000000,0.000000,0.000000,0.000000
99.980064,-0.001534,-0.009204,-0.007670,-0.001534,0.000000,0.000000,0.000000,0.000000
99.990067,-0.001534,-0.009204,-0.007670,-0.001534,0.000000,0.000000,0.000000,0.000000
100.000069,-0.001534,-0.009204,-0.007670,-0.001534,0.000000,0.000000,0.000000,0.000000
