0.000003,-0.001534,-0.009204,0.013806,0.000000,0.000000,0.000000,0.000000,0.000000
0.010062,-0.001534,-0.009204,0.013806,0.000000,0.000000,0.000000,0.000000,0.000000
0.020060,-0.001534,-0.009204,0.013806,0.000000,0.000000,0.000000,0.000000,0.000000
0.030063,-0.001534,-0.009204,0.013806,0.000000,0.000000,0.000000,0.000000,0.000000
0.040063,-0.001534,-0.009204,0.013806,0.000000,0.000000,0.000000,0.000000,0.000000
0.050061,-0.001534,-0.009204,0.013806,0.000000,0.000000,0.000000,0.000000,0.000000
0.060065,-0.001534,-0.009204,0.013806,0.000000,0.000000,0.000000,0.000000,0.000000
0.070062,-0.001534,-0.009204,0.013806,0.000000,0.000000,0.000000,0.000000,0.000000
0.080059,-0.001534,-0.009204,0.013806,0.000000,0.000000,0.000000,0.000000,0.000000
0.090061,-0.001534,-0.009204,0.013806,0.000000,0.000000,0.000000,0.000000,0.000000
0.100059,-0.001534,-0.009204,0.013806,0.000000,0.000000,0.000000,0.000000,0.000000
0.110061,-0.001534,-0.009204,0.013806,0.000000,0.000000,0.000000,0.000000,0.000000
0.120071,-0.001534,-0.009204,0.013806,0.000000,0.000000,0.000000,0.000000,0.000000
0.130048,-0.001534,-0.009204,0.013806,0.000000,0.000000,0.000000,0.000000,0.000000
0.140060,-0.001534,-0.009204,0.013806,0.000000,0.000000,0.000000,0.000000,0.000000
0.150061,-0.001534,-0.009204,0.013806,0.000000,0.000000,0.000000,0.000000,0.000000
0.160052,-0.001534,-0.009204,0.013806,0.000000,0.000000,0.000000,0.000000,0.000000
0.170052,-0.001534,-0.009204,0.013806,0.000000,0.000000,0.000000,0.000000,0.000000
0.180055,-0.001534,-0.009204,0.013806,0.000000,0.000000,0.000000,0.000000,0.000000
0.190058,-0.001534,-0.009204,0.013806,0.000000,0.000000,0.000000,0.000000,0.000000
0.200059,-0.001534,-0.009204,0.013806,0.000000,0.000000,0.000000,0.000000,0.000000
0.210059,-0.001534,-0.009204,0.013806,0.000000,0.000000,0.000000,0.000000,0.000000
0.220062,-0.001534,-0.009204,0.013806,0.000000,0.000000,0.000000,0.000000,0.000000
0.230057,-0.001534,-0.009204,0.013806,0.000000,0.000000,0.000000,0.000000,0.000000
0.240062,-0.001534,-0.009204,0.013806,0.000000,0.000000,0.000000,0.000000,0.000000
0.250055,-0.001534,-0.009204,0.013806,0.000000,0.000000,0.000000,0.000000,0.000000
0.260057,-0.001534,-0.009204,0.013806,0.000000,0.000000,0.000000,0.000000,0.000000
0.270059,-0.001534,-0.009204,0.013806,0.000000,0.000000,0.000000,0.000000,0.000000
0.280057,-0.001534,-0.009204,0.013806,0.000000,0.000000,0.000000,0.000000,0.000000
0.290057,-0.001534,-0.009204,0.013806,0.000000,0.000000,0.000000,0.000000,0.000000
0.300058,-0.001534,-0.009204,0.013806,0.000000,0.000000,0.000000,0.000000,0.000000
0.310059,-0.001534,-0.009204,0.013806,0.000000,0.000000,0.000000,0.000000,0.000000
0.320058,-0.001534,-0.009204,0.013806,0.000000,0.000000,0.000000,0.000000,0.000000
0.330058,-0.001534,-0.009204,0.013806,-0.001534,0.000000,0.000000,0.000000,0.000000
0.340063,-0.001534,-0.009204,0.013806,-0.001534,0.000000,0.000000,0.000000,0.000000
0.350059,-0.001534,-0.009204,0.013806,0.000000,0.000000,0.000000,0.000000,0.000000
0.360057,-0.001534,-0.009204,0.013806,0.000000,0.000000,0.000000,0.000000,0.000000
0.370057,-0.001534,-0.009204,0.013806,0.000000,0.000000,0.000000,0.000000,0.000000
0.380059,-0.001534,-0.009204,0.013806,0.000000,0.000000,0.000000,0.000000,0.000000
0.390060,-0.001534,-0.009204,0.013806,0.000000,0.000000,0.000000,0.000000,0.000000
0.400055,-0.001534,-0.009204,0.013806,0.000000,0.000000,0.000000,0.000000,0.000000
0.410056,-0.001534,-0.009204,0.013806,0.000000,0.000000,0.000000,0.000000,0.000000
0.420054,-0.001534,-0.009204,0.013806,0.000000,0.000000,0.000000,0.000000,0.000000
0.430060,-0.001534,-0.009204,0.013806,0.000000,0.000000,0.000000,0.000000,0.000000
0.440053,-0.001534,-0.009204,0.013806,0.000000,0.000000,0.000000,0.000000,0.000000
0.450057,-0.001534,-0.009204,0.013806,0.000000,0.000000,0.000000,0.000000,0.000000
0.460055,-0.001534,-0.009204,0.013806,0.000000,0.000000,0.000000,0.000000,0.000000
0.470058,-0.001534,-0.009204,0.013806,0.000000,0.000000,0.000000,0.000000,0.000000
0.480060,-0.001534,-0.009204,0.013806,0.000000,0.000000,0.000000,0.000000,0.000000
0.490057,-0.001534,-0.009204,0.013806,0.000000,0.000000,0.000000,0.000000,0.000000
0.500062,-0.001534,-0.009204,0.013806,0.000000,0.000000,0.000000,0.000000,0.000000
0.510058,-0.001534,-0.009204,0.013806,0.000000,0.000000,0.000000,0.000000,0.000000
0.520059,-0.001534,-0.009204,0.013806,0.000000,0.000000,0.000000,0.000000,0.000000
0.530056,-0.001534,-0.009204,0.013806,0.000000,0.000000,0.000000,0.000000,0.000000
0.540054,-0.001534,-0.009204,0.013806,0.000000,0.000000,0.000000,0.000000,0.000000
0.550057,-0.001534,-0.009204,0.013806,0.000000,0.000000,0.000000,0.000000,0.000000
0.560056,-0.001534,-0.009204,0.013806,0.000000,0.000000,0.000000,0.000000,0.000000
0.570058,-0.001534,-0.009204,0.013806,0.000000,0.000000,0.000000,0.000000,0.000000
0.580066,-0.001534,-0.009204,0.013806,0.000000,0.000000,0.000000,0.000000,0.000000
0.590063,-0.001534,-0.009204,0.013806,0.000000,0.000000,0.000000,0.000000,0.000000
0.600063,-0.001534,-0.009204,0.013806,0.000000,0.000000,0.000000,0.000000,0.000000
0.610062,-0.001534,-0.009204,0.013806,0.000000,0.000000,0.000000,0.000000,0.000000
0.620063,-0.001534,-0.009204,0.013806,0.000000,0.000000,0.000000,0.000000,0.000000
0.630062,-0.001534,-0.009204,0.013806,0.000000,0.000000,0.000000,0.000000,0.000000
0.640069,-0.001534,-0.009204,0.013806,0.000000,0.000000,0.000000,0.000000,0.000000
0.650062,-0.001534,-0.009204,0.013806,0.000000,0.000000,0.000000,0.000000,0.000000
0.660060,-0.001534,-0.009204,0.013806,0.000000,0.000000,0.000000,0.000000,0.000000
0.670061,-0.001534,-0.009204,0.013806,0.000000,0.000000,0.000000,0.000000,0.000000
0.680061,-0.001534,-0.009204,0.013806,0.000000,0.000000,0.000000,0.000000,0.000000
0.690066,-0.001534,-0.009204,0.013806,0.000000,0.000000,0.000000,0.000000,0.000000
0.700060,-0.001534,-0.009204,0.013806,0.000000,0.000000,0.000000,0.000000,0.000000
0.710063,-0.001534,-0.009204,0.013806,0.000000,0.000000,0.000000,0.000000,0.000000
0.720061,-0.001534,-0.009204,0.013806,0.000000,0.000000,0.000000,0.000000,0.000000
0.730061,-0.001534,-0.009204,0.013806,0.000000,0.000000,0.000000,0.000000,0.000000
0.740061,-0.001534,-0.009204,0.013806,0.000000,0.000000,0.000000,0.000000,0.000000
0.750062,-0.001534,-0.009204,0.013806,0.000000,0.000000,0.000000,0.000000,0.000000
0.760059,-0.001534,-0.009204,0.013806,0.000000,0.000000,0.000000,0.000000,0.000000
0.770062,-0.001534,-0.009204,0.013806,0.000000,0.000000,0.000000,0.000000,0.000000
0.780058,-0.001534,-0.009204,0.013806,0.000000,0.000000,0.000000,0.000000,0.000000
0.790061,-0.001534,-0.009204,0.013806,0.000000,0.000000,0.000000,0.000000,0.000000
0.800058,-0.001534,-0.009204,0.013806,0.000000,0.000000,0.000000,0.000000,0.000000
0.810053,-0.001534,-0.009204,0.013806,0.000000,0.000000,0.000000,0.000000,0.000000
0.820054,-0.001534,-0.009204,0.013806,0.000000,0.000000,0.000000,0.000000,0.000000
0.830056,-0.001534,-0.009204,0.013806,0.000000,0.000000,0.000000,0.000000,0.000000
0.840057,-0.001534,-0.009204,0.013806,0.000000,0.000000,0.000000,0.000000,0.000000
0.850056,-0.001534,-0.009204,0.013806,0.000000,0.000000,0.000000,0.000000,0.000000
0.860057,-0.001534,-0.009204,0.013806,0.000000,0.000000,0.000000,0.000000,0.000000
0.870054,-0.001534,-0.009204,0.013806,0.000000,0.000000,0.000000,0.000000,0.000000
0.880058,-0.001534,-0.009204,0.013806,0.000000,0.000000,0.000000,0.000000,0.000000
0.890058,-0.001534,-0.009204,0.013806,0.000000,0.000000,0.000000,0.000000,0.000000
0.900057,-0.001534,-0.009204,0.013806,0.000000,0.000000,0.000000,0.000000,0.000000
0.910040,-0.001534,-0.009204,0.013806,0.000000,0.000000,0.000000,0.000000,0.000000
0.920046,-0.001534,-0.009204,0.013806,0.000000,0.000000,0.000000,0.000000,0.000000
0.930061,-0.001534,-0.009204,0.013806,0.000000,0.000000,0.000000,0.000000,0.000000
0.940059,-0.001534,-0.009204,0.013806,0.000000,0.000000,0.000000,0.000000,0.000000
0.950058,-0.001534,-0.009204,0.013806,0.000000,0.000000,0.000000,0.000000,0.000000
0.960061,-0.001534,-0.009204,0.013806,0.000000,0.000000,0.000000,0.000000,0.000000
0.970057,-0.001534,-0.009204,0.013806,0.000000,0.000000,0.000000,0.000000,0.000000
0.980060,-0.001534,-0.009204,0.013806,0.000000,0.000000,0.000000,0.000000,0.000000
0.990062,-0.001534,-0.009204,0.013806,0.000000,0.000000,0.000000,0.000000,0.000000
1.000063,-0.001534,-0.009204,0.013806,0.000000,0.000139,0.000139,0.000139,0.000139
1.010063,-0.001534,-0.009204,0.013806,0.000000,0.010279,0.010279,0.010279,0.010279
1.020064,-0.001534,-0.009204,0.013806,0.000000,0.030419,0.030419,0.030419,0.030419
1.030064,-0.001534,-0.009204,0.013806,0.000000,0.060561,0.060561,0.060561,0.060561
1.040064,-0.001534,-0.009204,0.013806,0.000000,0.088977,0.088977,0.088977,0.088977
1.050060,-0.001534,-0.006136,0.013806,0.000000,0.111447,0.111447,0.111447,0.111447
1.060061,-0.001534,-0.006136,0.013806,0.000000,0.134031,0.134031,0.134031,0.134031
1.070061,0.004602,0.003068,0.015340,0.013806,0.156718,0.156718,0.156718,0.156718
1.080062,0.004602,0.003068,0.015340,0.013806,0.179511,0.179511,0.179511,0.179511
1.090064,0.058291,0.055223,0.035282,0.082835,0.202407,0.202407,0.202407,0.202407
1.100064,0.058291,0.055223,0.035282,0.082835,0.225402,0.225402,0.225402,0.225402
1.110057,0.127320,0.115049,0.075165,0.153398,0.248479,0.248479,0.248479,0.248479
1.120064,0.127320,0.115049,0.075165,0.153398,0.271686,0.271686,0.271686,0.271686
1.130058,0.177942,0.167204,0.127320,0.202485,0.294961,0.294961,0.294961,0.294961
1.140057,0.177942,0.167204,0.127320,0.202485,0.318346,0.318346,0.318346,0.318346
1.150056,0.219359,0.208621,0.173340,0.240835,0.341823,0.341823,0.341823,0.341823
1.160061,0.219359,0.208621,0.173340,0.240835,0.365410,0.365410,0.365410,0.365410
1.170057,0.260777,0.250039,0.222427,0.285320,0.389068,0.389068,0.389068,0.389068
1.180058,0.260777,0.250039,0.222427,0.285320,0.412830,0.412830,0.412830,0.412830
1.190059,0.306796,0.296058,0.271515,0.332874,0.436679,0.436679,0.436679,0.436679
1.200060,0.306796,0.296058,0.271515,0.332874,0.460620,0.460620,0.460620,0.460620
1.210058,0.355884,0.342078,0.316000,0.378893,0.484637,0.484637,0.484637,0.484637
1.220060,0.355884,0.342078,0.316000,0.378893,0.508752,0.508752,0.508752,0.508752
1.230057,0.404971,0.389631,0.363553,0.424913,0.532938,0.532938,0.532938,0.532938
1.240059,0.404971,0.389631,0.363553,0.424913,0.557219,0.557219,0.557219,0.557219
1.250057,0.450990,0.437185,0.411107,0.474000,0.581571,0.581571,0.581571,0.581571
1.260057,0.450990,0.437185,0.411107,0.474000,0.606007,0.606007,0.606007,0.606007
1.270058,0.500078,0.489340,0.458660,0.523088,0.630522,0.630522,0.630522,0.630522
1.280056,0.500078,0.489340,0.458660,0.523088,0.655108,0.655108,0.655108,0.655108
1.290057,0.547631,0.536893,0.507748,0.570641,0.679776,0.679776,0.679776,0.679776
1.300057,0.547631,0.536893,0.507748,0.570641,0.704511,0.704511,0.704511,0.704511
1.310058,0.593651,0.581379,0.558369,0.618194,0.729322,0.729322,0.729322,0.729322
1.320062,0.593651,0.581379,0.558369,0.618194,0.754211,0.754211,0.754211,0.754211
1.330055,0.639670,0.627398,0.607457,0.664214,0.779136,0.779136,0.779136,0.779136
1.340056,0.639670,0.627398,0.607457,0.664214,0.804150,0.804150,0.804150,0.804150
1.350057,0.693359,0.674952,0.653476,0.713301,0.829225,0.829225,0.829225,0.829225
1.360054,0.693359,0.674952,0.653476,0.713301,0.854354,0.854354,0.854354,0.854354
1.370054,0.743981,0.724039,0.699495,0.762389,0.879548,0.879548,0.879548,0.879548
1.380050,0.743981,0.724039,0.699495,0.762389,0.904788,0.904788,0.904788,0.904788
1.390064,0.791534,0.780796,0.748583,0.809942,0.930132,0.930132,0.930132,0.930132
1.400055,0.791534,0.780796,0.748583,0.809942,0.955473,0.955473,0.955473,0.955473
1.410057,0.840622,0.829884,0.800738,0.865165,0.980890,0.980890,0.980890,0.980890
1.420064,0.840622,0.829884,0.800738,0.865165,1.006369,1.006369,1.006369,1.006369
1.430062,0.892777,0.877437,0.852893,0.921923,1.031874,1.031874,1.031874,1.031874
1.440056,0.892777,0.877437,0.852893,0.921923,1.057414,1.057414,1.057414,1.057414
1.450062,0.941864,0.931126,0.908117,0.969476,1.083025,1.083025,1.083025,1.083025
1.460062,0.941864,0.931126,0.908117,0.969476,1.108662,1.108662,1.108662,1.108662
1.470062,0.995554,0.983282,0.961806,1.017029,1.134340,1.134340,1.134340,1.134340
1.480060,0.995554,0.983282,0.961806,1.017029,1.160046,1.160046,1.160046,1.160046
1.490034,1.047709,1.032369,1.010893,1.069185,1.185723,1.185723,1.185723,1.185723
1.500059,1.047709,1.032369,1.010893,1.069185,1.211561,1.211561,1.211561,1.211561
1.510058,1.098330,1.084525,1.063049,1.121340,1.237363,1.237363,1.237363,1.237363
1.520063,1.098330,1.084525,1.063049,1.121340,1.263205,1.263205,1.263205,1.263205
1.530064,1.147418,1.136680,1.113670,1.171961,1.289062,1.289062,1.289062,1.289062
1.540062,1.147418,1.136680,1.113670,1.171961,1.314931,1.314931,1.314931,1.314931
1.550064,1.199573,1.187301,1.162758,1.224117,1.340827,1.340827,1.340827,1.340827
1.560058,1.199573,1.187301,1.162758,1.224117,1.366718,1.366718,1.366718,1.366718
1.570060,1.250195,1.239457,1.217981,1.279340,1.392646,1.392646,1.392646,1.392646
1.580058,1.250195,1.239457,1.217981,1.279340,1.418572,1.418572,1.418572,1.418572
1.590061,1.302350,1.293146,1.268602,1.334563,1.444515,1.444515,1.444515,1.444515
1.600062,1.302350,1.293146,1.268602,1.334563,1.470462,1.470462,1.470462,1.470462
1.610063,1.352971,1.345301,1.320758,1.385185,1.496408,1.496408,1.496408,1.496408
1.620060,1.352971,1.345301,1.320758,1.385185,1.522342,1.522342,1.522342,1.522342
1.630063,1.405127,1.395923,1.374447,1.434272,1.548289,1.548289,1.548289,1.548289
1.640064,1.405127,1.395923,1.374447,1.434272,1.574223,1.574223,1.574223,1.574223
1.650063,1.457282,1.449612,1.426602,1.484894,1.600142,1.600142,1.600142,1.600142
1.660058,1.457282,1.449612,1.426602,1.484894,1.626037,1.626037,1.626037,1.626037
1.670062,1.509437,1.501767,1.477224,1.537049,1.651941,1.651941,1.651941,1.651941
1.680056,1.509437,1.501767,1.477224,1.537049,1.677798,1.677798,1.677798,1.677798
1.690061,1.563127,1.555457,1.532447,1.589204,1.703660,1.703660,1.703660,1.703660
1.700060,1.563127,1.555457,1.532447,1.589204,1.729481,1.729481,1.729481,1.729481
1.710063,1.613748,1.607612,1.584602,1.639826,1.755286,1.755286,1.755286,1.755286
1.720060,1.613748,1.607612,1.584602,1.639826,1.781041,1.781041,1.781041,1.781041
1.730062,1.667437,1.659767,1.633690,1.688913,1.806776,1.806776,1.806776,1.806776
1.740067,1.667437,1.659767,1.633690,1.688913,1.832477,1.832477,1.832477,1.832477
1.750064,1.718059,1.710389,1.685845,1.742602,1.858119,1.858119,1.858119,1.858119
1.760059,1.718059,1.710389,1.685845,1.742602,1.883707,1.883707,1.883707,1.883707
1.770064,1.770214,1.764078,1.738001,1.794758,1.909273,1.909273,1.909273,1.909273
1.780059,1.770214,1.764078,1.738001,1.794758,1.934761,1.934761,1.934761,1.934761
1.790044,1.820835,1.816234,1.787088,1.846913,1.960169,1.960169,1.960169,1.960169
1.800058,1.820835,1.816234,1.787088,1.846913,1.985589,1.985589,1.985589,1.985589
1.810088,1.871457,1.869923,1.839243,1.897534,2.010985,2.010985,2.010985,2.010985
1.820062,1.871457,1.869923,1.839243,1.897534,2.036175,2.036175,2.036175,2.036175
1.830057,1.922078,1.922078,1.892933,1.949690,2.061347,2.061347,2.061347,2.061347
1.840057,1.922078,1.922078,1.892933,1.949690,2.086459,2.086459,2.086459,2.086459
1.850055,1.974234,1.975767,1.942020,2.000311,2.111488,2.111488,2.111488,2.111488
1.860059,1.974234,1.975767,1.942020,2.000311,2.136450,2.136450,2.136450,2.136450
1.870054,2.024855,2.026389,1.992641,2.050933,2.161303,2.161303,2.161303,2.161303
1.880053,2.024855,2.026389,1.992641,2.050933,2.186076,2.186076,2.186076,2.186076
1.890060,2.075476,2.078544,2.044797,2.104622,2.210778,2.210778,2.210778,2.210778
1.900059,2.075476,2.078544,2.044797,2.104622,2.235363,2.235363,2.235363,2.235363
1.910057,2.126098,2.130700,2.095418,2.155243,2.259844,2.259844,2.259844,2.259844
1.920054,2.126098,2.130700,2.095418,2.155243,2.284216,2.284216,2.284216,2.284216
1.930056,2.175185,2.181321,2.144506,2.205865,2.308493,2.308493,2.308493,2.308493
1.940052,2.175185,2.181321,2.144506,2.205865,2.332642,2.332642,2.332642,2.332642
1.950057,2.224272,2.233476,2.195127,2.254952,2.356697,2.356697,2.356697,2.356697
1.960057,2.224272,2.233476,2.195127,2.254952,2.380618,2.380618,2.380618,2.380618
1.970058,2.271826,2.284098,2.242680,2.302505,2.404417,2.404417,2.404417,2.404417
1.980060,2.271826,2.284098,2.242680,2.302505,2.428086,2.428086,2.428086,2.428086
1.990057,2.323981,2.333185,2.287166,2.351593,2.451613,2.451613,2.451613,2.451613
2.000058,2.323981,2.333185,2.287166,2.351593,2.475009,2.475009,2.475009,2.475009
2.010058,2.371535,2.380738,2.336253,2.400680,2.498262,2.498262,2.498262,2.498262
2.020058,2.371535,2.380738,2.336253,2.400680,2.521368,2.521368,2.521368,2.521368
2.030057,2.416020,2.429826,2.385340,2.448234,2.544322,2.544322,2.544322,2.544322
2.040063,2.416020,2.429826,2.385340,2.448234,2.567136,2.567136,2.567136,2.567136
2.050056,2.460505,2.477379,2.431360,2.497321,2.589760,2.589760,2.589760,2.589760
2.060055,2.460505,2.477379,2.431360,2.497321,2.612236,2.612236,2.612236,2.612236
2.070056,2.508059,2.524933,2.478913,2.543340,2.634546,2.634546,2.634546,2.634546
2.080055,2.508059,2.524933,2.478913,2.543340,2.656679,2.656679,2.656679,2.656679
2.090058,2.555612,2.574020,2.524933,2.590894,2.678646,2.678646,2.678646,2.678646
2.100055,2.555612,2.574020,2.524933,2.590894,2.700417,2.700417,2.700417,2.700417
2.110054,2.600098,2.620039,2.570952,2.633845,2.722005,2.722005,2.722005,2.722005
2.120062,2.600098,2.620039,2.570952,2.633845,2.743423,2.743423,2.743423,2.743423
2.130061,2.646117,2.662991,2.613904,2.679865,2.764627,2.764627,2.764627,2.764627
2.140056,2.646117,2.662991,2.613904,2.679865,2.785622,2.785622,2.785622,2.785622
2.150060,2.689069,2.709010,2.659923,2.725884,2.806430,2.806430,2.806430,2.806430
2.160063,2.689069,2.709010,2.659923,2.725884,2.827028,2.827028,2.827028,2.827028
2.170064,2.733554,2.756564,2.704408,2.768836,2.847408,2.847408,2.847408,2.847408
2.180063,2.733554,2.756564,2.704408,2.768836,2.867565,2.867565,2.867565,2.867565
2.190062,2.776506,2.801049,2.748894,2.811787,2.887500,2.887500,2.887500,2.887500
2.200061,2.776506,2.801049,2.748894,2.811787,2.907205,2.907205,2.907205,2.907205
2.210061,2.817923,2.844001,2.788777,2.854739,2.926681,2.926681,2.926681,2.926681
2.220062,2.817923,2.844001,2.788777,2.854739,2.945921,2.945921,2.945921,2.945921
2.230063,2.856273,2.886952,2.830195,2.894622,2.964919,2.964919,2.964919,2.964919
2.240062,2.856273,2.886952,2.830195,2.894622,2.983667,2.983667,2.983667,2.983667
2.250038,2.896156,2.926836,2.871613,2.934506,3.002120,3.002120,3.002120,3.002120
2.260060,2.896156,2.926836,2.871613,2.934506,3.020401,3.020401,3.020401,3.020401
2.270062,2.934506,2.965185,2.908428,2.977457,3.038385,3.038385,3.038385,3.038385
2.280060,2.934506,2.965185,2.908428,2.977457,3.056095,3.056095,3.056095,3.056095
2.290061,2.974389,3.003535,2.946778,3.015807,3.073540,3.073540,3.073540,3.073540
2.300064,2.974389,3.003535,2.946778,3.015807,3.090712,3.090712,3.090712,3.090712
2.310061,3.009671,3.041884,2.985127,3.051088,3.107593,3.107593,3.107593,3.107593
2.320062,3.009671,3.041884,2.985127,3.051088,3.124197,3.124197,3.124197,3.124197
2.330060,3.048020,3.074098,3.018875,3.083302,3.140504,3.140504,3.140504,3.140504
2.340057,3.048020,3.074098,3.018875,3.083302,3.156515,3.156515,3.156515,3.156515
2.350061,3.083302,3.104778,3.048020,3.113981,3.172237,3.172237,3.172237,3.172237
2.360055,3.083302,3.104778,3.048020,3.113981,3.187638,3.187638,3.187638,3.187638
2.370061,3.115515,3.132389,3.078700,3.143127,3.202749,3.202749,3.202749,3.202749
2.380061,3.115515,3.132389,3.078700,3.143127,3.217534,3.217534,3.217534,3.217534
2.390064,3.143127,3.161535,3.112448,3.170739,3.232004,3.232004,3.232004,3.232004
2.400060,3.143127,3.161535,3.112448,3.170739,3.246141,3.246141,3.246141,3.246141
2.410063,3.170739,3.193748,3.147729,3.201418,3.259959,3.259959,3.259959,3.259959
2.420058,3.170739,3.193748,3.147729,3.201418,3.273432,3.273432,3.273432,3.273432
2.430061,3.199884,3.224428,3.178409,3.230564,3.286575,3.286575,3.286575,3.286575
2.440059,3.199884,3.224428,3.178409,3.230564,3.299369,3.299369,3.299369,3.299369
2.450063,3.232098,3.253574,3.206020,3.262778,3.311821,3.311821,3.311821,3.311821
2.460057,3.232098,3.253574,3.206020,3.262778,3.323908,3.323908,3.323908,3.323908
2.470059,3.258176,3.279651,3.230564,3.287321,3.335645,3.335645,3.335645,3.335645
2.480056,3.258176,3.279651,3.230564,3.287321,3.347015,3.347015,3.347015,3.347015
2.490061,3.284253,3.304195,3.253574,3.313399,3.358025,3.358025,3.358025,3.358025
2.500056,3.284253,3.304195,3.253574,3.313399,3.368652,3.368652,3.368652,3.368652
2.510056,3.307263,3.330273,3.278117,3.336409,3.378906,3.378906,3.378906,3.378906
2.520055,3.307263,3.330273,3.278117,3.336409,3.388777,3.388777,3.388777,3.388777
2.530054,3.328739,3.354816,3.304195,3.357884,3.398263,3.398263,3.398263,3.398263
2.540060,3.328739,3.354816,3.304195,3.357884,3.407362,3.407362,3.407362,3.407362
2.550062,3.347147,3.377826,3.328739,3.377826,3.416061,3.416061,3.416061,3.416061
2.560061,3.347147,3.377826,3.328739,3.377826,3.424356,3.424356,3.424356,3.424356
2.570060,3.365554,3.396234,3.351748,3.399302,3.432247,3.432247,3.432247,3.432247
2.580057,3.365554,3.396234,3.351748,3.399302,3.439725,3.439725,3.439725,3.439725
2.590063,3.380894,3.416176,3.371690,3.416176,3.446795,3.446795,3.446795,3.446795
2.600064,3.380894,3.416176,3.371690,3.416176,3.453442,3.453442,3.453442,3.453442
2.610059,3.396234,3.429981,3.387030,3.434583,3.459662,3.459662,3.459662,3.459662
2.620061,3.396234,3.429981,3.387030,3.434583,3.465457,3.465457,3.465457,3.465457
2.630057,3.414642,3.443787,3.403904,3.449923,3.470816,3.470816,3.470816,3.470816
2.640052,3.414642,3.443787,3.403904,3.449923,3.475738,3.475738,3.475738,3.475738
2.650063,3.428447,3.457593,3.414642,3.463729,3.480226,3.480226,3.480226,3.480226
2.660062,3.428447,3.457593,3.414642,3.463729,3.484262,3.484262,3.484262,3.484262
2.670062,3.442253,3.466797,3.423846,3.476001,3.487849,3.487849,3.487849,3.487849
2.680064,3.442253,3.466797,3.423846,3.476001,3.490981,3.490981,3.490981,3.490981
2.690063,3.448389,3.476001,3.437651,3.485205,3.493654,3.493654,3.493654,3.493654
2.700061,3.448389,3.476001,3.437651,3.485205,3.495863,3.495863,3.495863,3.495863
2.710061,3.451457,3.486739,3.446855,3.489807,3.497607,3.497607,3.497607,3.497607
2.720064,3.451457,3.486739,3.446855,3.489807,3.498879,3.498879,3.498879,3.498879
2.730062,3.457593,3.495943,3.449923,3.494409,3.499676,3.499676,3.499676,3.499676
2.740061,3.457593,3.495943,3.449923,3.494409,3.499994,3.499994,3.499994,3.499994
2.750060,3.468331,3.500545,3.449923,3.502079,3.499829,3.499829,3.499829,3.499829
2.760056,3.468331,3.500545,3.449923,3.502079,3.499177,3.499177,3.499177,3.499177
2.770058,3.474467,3.500545,3.449923,3.505147,3.498035,3.498035,3.498035,3.498035
2.780056,3.474467,3.500545,3.449923,3.505147,3.496399,3.496399,3.496399,3.496399
2.790057,3.476001,3.500545,3.451457,3.505147,3.494264,3.494264,3.494264,3.494264
2.800058,3.476001,3.500545,3.451457,3.505147,3.491627,3.491627,3.491627,3.491627
2.810059,3.476001,3.500545,3.451457,3.505147,3.488485,3.488485,3.488485,3.488485
2.820057,3.476001,3.500545,3.451457,3.505147,3.484835,3.484835,3.484835,3.484835
2.830056,3.476001,3.500545,3.451457,3.505147,3.480674,3.480674,3.480674,3.480674
2.840058,3.476001,3.500545,3.451457,3.505147,3.475995,3.475995,3.475995,3.475995
2.850056,3.476001,3.500545,3.451457,3.505147,3.470799,3.470799,3.470799,3.470799
2.860057,3.476001,3.500545,3.451457,3.505147,3.465080,3.465080,3.465080,3.465080
2.870057,3.476001,3.500545,3.451457,3.505147,3.458836,3.458836,3.458836,3.458836
2.880054,3.476001,3.500545,3.451457,3.505147,3.452066,3.452066,3.452066,3.452066
2.890059,3.476001,3.500545,3.451457,3.505147,3.444760,3.444760,3.444760,3.444760
2.900055,3.476001,3.500545,3.451457,3.505147,3.436926,3.436926,3.436926,3.436926
2.910057,3.476001,3.499011,3.449923,3.503613,3.428551,3.428551,3.428551,3.428551
2.920060,3.476001,3.499011,3.449923,3.503613,3.419636,3.419636,3.419636,3.419636
2.930058,3.474467,3.499011,3.449923,3.500545,3.410183,3.410183,3.410183,3.410183
2.940055,3.474467,3.499011,3.449923,3.500545,3.400186,3.400186,3.400186,3.400186
2.950057,3.468331,3.489807,3.448389,3.488273,3.389637,3.389637,3.389637,3.389637
2.960063,3.468331,3.489807,3.448389,3.488273,3.378534,3.378534,3.378534,3.378534
2.970054,3.452991,3.471399,3.442253,3.471399,3.366897,3.366897,3.366897,3.366897
2.980031,3.452991,3.471399,3.442253,3.471399,3.354725,3.354725,3.354725,3.354725
2.990057,3.434583,3.451457,3.423846,3.451457,3.341936,3.341936,3.341936,3.341936
3.000069,3.434583,3.451457,3.423846,3.451457,3.328604,3.328604,3.328604,3.328604
3.010060,3.413108,3.431515,3.403904,3.429981,3.314742,3.314742,3.314742,3.314742
3.020062,3.413108,3.431515,3.403904,3.429981,3.300303,3.300303,3.300303,3.300303
3.030062,3.388564,3.406972,3.377826,3.405438,3.285303,3.285303,3.285303,3.285303
3.040064,3.388564,3.406972,3.377826,3.405438,3.269737,3.269737,3.269737,3.269737
3.050062,3.365554,3.382428,3.351748,3.379360,3.253609,3.253609,3.253609,3.253609
3.060062,3.365554,3.382428,3.351748,3.379360,3.236912,3.236912,3.236912,3.236912
3.070064,3.337943,3.354816,3.322603,3.351748,3.219644,3.219644,3.219644,3.219644
3.080061,3.337943,3.354816,3.322603,3.351748,3.201814,3.201814,3.201814,3.201814
3.090062,3.310331,3.324137,3.294991,3.322603,3.183408,3.183408,3.183408,3.183408
3.100058,3.310331,3.324137,3.294991,3.322603,3.164439,3.164439,3.164439,3.164439
3.110064,3.279651,3.290389,3.262778,3.290389,3.144879,3.144879,3.144879,3.144879
3.120057,3.279651,3.290389,3.262778,3.290389,3.124771,3.124771,3.124771,3.124771
3.130061,3.244370,3.255108,3.227496,3.255108,3.104068,3.104068,3.104068,3.104068
3.140065,3.244370,3.255108,3.227496,3.255108,3.082792,3.082792,3.082792,3.082792
3.150061,3.206020,3.215224,3.189147,3.212156,3.060959,3.060959,3.060959,3.060959
3.160063,3.206020,3.215224,3.189147,3.212156,3.038542,3.038542,3.038542,3.038542
3.170059,3.167671,3.175341,3.150797,3.175341,3.015561,3.015561,3.015561,3.015561
3.180051,3.167671,3.175341,3.150797,3.175341,2.992019,2.992019,2.992019,2.992019
3.190062,3.130855,3.136991,3.107846,3.138525,2.967858,2.967858,2.967858,2.967858
3.200059,3.130855,3.136991,3.107846,3.138525,2.943158,2.943158,2.943158,2.943158
3.210063,3.090972,3.098642,3.063360,3.100176,2.917871,2.917871,2.917871,2.917871
3.220063,3.090972,3.098642,3.063360,3.100176,2.892020,2.892020,2.892020,2.892020
3.230064,3.040350,3.054156,3.017341,3.055690,2.865596,2.865596,2.865596,2.865596
3.240062,3.040350,3.054156,3.017341,3.055690,2.838610,2.838610,2.838610,2.838610
3.250068,2.983593,3.005069,2.968253,3.003535,2.811038,2.811038,2.811038,2.811038
3.260062,2.983593,3.005069,2.968253,3.003535,2.782931,2.782931,2.782931,2.782931
3.270056,2.934506,2.954448,2.919166,2.952914,2.754258,2.754258,2.754258,2.754258
3.280062,2.934506,2.954448,2.919166,2.952914,2.724986,2.724986,2.724986,2.724986
3.290066,2.883884,2.899224,2.865477,2.900758,2.695162,2.695162,2.695162,2.695162
3.300064,2.883884,2.899224,2.865477,2.900758,2.664793,2.664793,2.664793,2.664793
3.310061,2.828661,2.840933,2.810253,2.842467,2.633868,2.633868,2.633868,2.633868
3.320059,2.828661,2.840933,2.810253,2.842467,2.602390,2.602390,2.602390,2.602390
3.330063,2.770370,2.779574,2.753496,2.785709,2.570335,2.570335,2.570335,2.570335
3.340063,2.770370,2.779574,2.753496,2.785709,2.537745,2.537745,2.537745,2.537745
3.350062,2.710544,2.719748,2.695205,2.725884,2.504611,2.504611,2.504611,2.504611
3.360026,2.710544,2.719748,2.695205,2.725884,2.471052,2.471052,2.471052,2.471052
3.370059,2.650719,2.658389,2.632311,2.661457,2.436713,2.436713,2.436713,2.436713
3.380056,2.650719,2.658389,2.632311,2.661457,2.401963,2.401963,2.401963,2.401963
3.390060,2.583224,2.592428,2.567884,2.598564,2.366652,2.366652,2.366652,2.366652
3.400060,2.583224,2.592428,2.567884,2.598564,2.330826,2.330826,2.330826,2.330826
3.410060,2.517263,2.521865,2.497321,2.528001,2.294471,2.294471,2.294471,2.294471
3.420058,2.517263,2.521865,2.497321,2.528001,2.257600,2.257600,2.257600,2.257600
3.430062,2.448234,2.449768,2.428292,2.460505,2.220184,2.220184,2.220184,2.220184
3.440061,2.448234,2.449768,2.428292,2.460505,2.182275,2.182275,2.182275,2.182275
3.450064,2.379205,2.379205,2.356195,2.386874,2.143841,2.143841,2.143841,2.143841
3.460060,2.379205,2.379205,2.356195,2.386874,2.104927,2.104927,2.104927,2.104927
3.470063,2.302505,2.302505,2.282564,2.311709,2.065486,2.065486,2.065486,2.065486
3.480062,2.302505,2.302505,2.282564,2.311709,2.025561,2.025561,2.025561,2.025561
3.490062,2.227340,2.225806,2.207399,2.238078,1.985143,1.985143,1.985143,1.985143
3.500063,2.227340,2.225806,2.207399,2.238078,1.944238,1.944238,1.944238,1.944238
3.510063,2.149107,2.146039,2.129166,2.162913,1.902853,1.902853,1.902853,1.902853
3.520062,2.149107,2.146039,2.129166,2.162913,1.861000,1.861000,1.861000,1.861000
3.530064,2.072408,2.061671,2.046331,2.081612,1.818665,1.818665,1.818665,1.818665
3.540061,2.072408,2.061671,2.046331,2.081612,1.775891,1.775891,1.775891,1.775891
3.550063,1.991107,1.977301,1.965030,1.998777,1.732636,1.732636,1.732636,1.732636
3.560064,1.991107,1.977301,1.965030,1.998777,1.688940,1.688940,1.688940,1.688940
3.570063,1.905204,1.891399,1.882195,1.915942,1.644808,1.644808,1.644808,1.644808
3.580061,1.905204,1.891399,1.882195,1.915942,1.600244,1.600244,1.600244,1.600244
3.590061,1.820835,1.805496,1.799360,1.830039,1.555242,1.555242,1.555242,1.555242
3.600059,1.820835,1.805496,1.799360,1.830039,1.509827,1.509827,1.509827,1.509827
3.610055,1.730331,1.719593,1.708855,1.745670,1.464005,1.464005,1.464005,1.464005
3.620057,1.730331,1.719593,1.708855,1.745670,1.417753,1.417753,1.417753,1.417753
3.630057,1.642894,1.629088,1.624486,1.655166,1.371108,1.371108,1.371108,1.371108
3.640059,1.642894,1.629088,1.624486,1.655166,1.324067,1.324067,1.324067,1.324067
3.650055,1.556991,1.540117,1.533981,1.564661,1.276664,1.276664,1.276664,1.276664
3.660059,1.556991,1.540117,1.533981,1.564661,1.228850,1.228850,1.228850,1.228850
3.670057,1.466486,1.445010,1.441942,1.474156,1.180704,1.180704,1.180704,1.180704
3.680056,1.466486,1.445010,1.441942,1.474156,1.132192,1.132192,1.132192,1.132192
3.690058,1.374447,1.352971,1.346835,1.380583,1.083313,1.083313,1.083313,1.083313
3.700058,1.374447,1.352971,1.346835,1.380583,1.034109,1.034109,1.034109,1.034109
3.710057,1.279340,1.257864,1.251729,1.285476,0.984577,0.984577,0.984577,0.984577
3.720063,1.279340,1.257864,1.251729,1.285476,0.934687,0.934687,0.934687,0.934687
3.730057,1.182699,1.162758,1.156622,1.185767,0.884549,0.884549,0.884549,0.884549
3.740061,1.182699,1.162758,1.156622,1.185767,0.834062,0.834062,0.834062,0.834062
3.750055,1.081457,1.064583,1.056913,1.084525,0.783328,0.783328,0.783328,0.783328
3.760058,1.081457,1.064583,1.056913,1.084525,0.732269,0.732269,0.732269,0.732269
3.770057,0.984816,0.963340,0.960272,0.984816,0.680958,0.680958,0.680958,0.680958
3.780060,0.984816,0.963340,0.960272,0.984816,0.629370,0.629370,0.629370,0.629370
3.790059,0.883573,0.863631,0.865165,0.886641,0.577548,0.577548,0.577548,0.577548
3.800055,0.883573,0.863631,0.865165,0.886641,0.525502,0.525502,0.525502,0.525502
3.810061,0.783864,0.768524,0.766990,0.783864,0.473175,0.473175,0.473175,0.473175
3.820056,0.783864,0.768524,0.766990,0.783864,0.420692,0.420692,0.420692,0.420692
3.830056,0.684156,0.668816,0.668816,0.681088,0.367979,0.367979,0.367979,0.367979
3.840054,0.684156,0.668816,0.668816,0.681088,0.315081,0.315081,0.315081,0.315081
3.850056,0.581379,0.562971,0.564505,0.578311,0.261977,0.261977,0.261977,0.261977
3.860054,0.581379,0.562971,0.564505,0.578311,0.208720,0.208720,0.208720,0.208720
3.870057,0.477068,0.454058,0.449456,0.470932,0.155286,0.155286,0.155286,0.155286
3.880054,0.477068,0.454058,0.449456,0.470932,0.101734,0.101734,0.101734,0.101734
3.890057,0.366621,0.349748,0.343612,0.358952,0.048016,0.048016,0.048016,0.048016
3.900059,0.366621,0.349748,0.343612,0.358952,-0.005814,-0.005814,-0.005814,-0.005814
3.910058,0.262311,0.242369,0.236233,0.250039,-0.059744,-0.059744,-0.059744,-0.059744
3.920052,0.262311,0.242369,0.236233,0.250039,-0.113736,-0.113736,-0.113736,-0.113736
3.930058,0.158000,0.138058,0.133456,0.145728,-0.167875,-0.167875,-0.167875,-0.167875
3.940055,0.158000,0.138058,0.133456,0.145728,-0.222038,-0.222038,-0.222038,-0.222038
3.950056,0.049087,0.033748,0.026078,0.046019,-0.276282,-0.276282,-0.276282,-0.276282
3.960060,0.049087,0.033748,0.026078,0.046019,-0.330578,-0.330578,-0.330578,-0.330578
3.970057,-0.058291,-0.085903,-0.084369,-0.070563,-0.384873,-0.384873,-0.384873,-0.384873
3.980056,-0.058291,-0.085903,-0.084369,-0.070563,-0.439191,-0.439191,-0.439191,-0.439191
3.990063,-0.165670,-0.196350,-0.191748,-0.182544,-0.493553,-0.493553,-0.493553,-0.493553
4.000058,-0.165670,-0.196350,-0.191748,-0.182544,-0.547838,-0.547838,-0.547838,-0.547838
4.010055,-0.277651,-0.300660,-0.299126,-0.291456,-0.602103,-0.602103,-0.602103,-0.602103
4.020063,-0.277651,-0.300660,-0.299126,-0.291456,-0.656393,-0.656393,-0.656393,-0.656393
4.030064,-0.385029,-0.406505,-0.409573,-0.398835,-0.710588,-0.710588,-0.710588,-0.710588
4.040064,-0.385029,-0.406505,-0.409573,-0.398835,-0.764708,-0.764708,-0.764708,-0.764708
4.050059,-0.493942,-0.512350,-0.518486,-0.506214,-0.818716,-0.818716,-0.818716,-0.818716
4.060061,-0.493942,-0.512350,-0.518486,-0.506214,-0.872661,-0.872661,-0.872661,-0.872661
4.070063,-0.604389,-0.618194,-0.627398,-0.613592,-0.926492,-0.926492,-0.926492,-0.926492
4.080063,-0.604389,-0.618194,-0.627398,-0.613592,-0.980185,-0.980185,-0.980185,-0.980185
4.090062,-0.713301,-0.725573,-0.734777,-0.722505,-1.033727,-1.033727,-1.033727,-1.033727
4.100065,-0.713301,-0.725573,-0.734777,-0.722505,-1.087132,-1.087132,-1.087132,-1.087132
4.110064,-0.822214,-0.829884,-0.843690,-0.826816,-1.140341,-1.140341,-1.140341,-1.140341
4.120060,-0.822214,-0.829884,-0.843690,-0.826816,-1.193347,-1.193347,-1.193347,-1.193347
4.130064,-0.929592,-0.926525,-0.948000,-0.928059,-1.246186,-1.246186,-1.246186,-1.246186
4.140065,-0.929592,-0.926525,-0.948000,-0.928059,-1.298788,-1.298788,-1.298788,-1.298788
4.150064,-1.033903,-1.023165,-1.046175,-1.032369,-1.351146,-1.351146,-1.351146,-1.351146
4.160060,-1.033903,-1.023165,-1.046175,-1.032369,-1.403236,-1.403236,-1.403236,-1.403236
4.170066,-1.139748,-1.127476,-1.150486,-1.136680,-1.455107,-1.455107,-1.455107,-1.455107
4.180063,-1.139748,-1.127476,-1.150486,-1.136680,-1.506650,-1.506650,-1.506650,-1.506650
4.190064,-1.242525,-1.233321,-1.259398,-1.242525,-1.557914,-1.557914,-1.557914,-1.557914
4.200065,-1.242525,-1.233321,-1.259398,-1.242525,-1.608859,-1.608859,-1.608859,-1.608859
4.210061,-1.343767,-1.339165,-1.366777,-1.346835,-1.659450,-1.659450,-1.659450,-1.659450
4.220056,-1.343767,-1.339165,-1.366777,-1.346835,-1.709687,-1.709687,-1.709687,-1.709687
4.230062,-1.446544,-1.443476,-1.469554,-1.451146,-1.759616,-1.759616,-1.759616,-1.759616
4.240062,-1.446544,-1.443476,-1.469554,-1.451146,-1.809137,-1.809137,-1.809137,-1.809137
4.250062,-1.553923,-1.550855,-1.573864,-1.561593,-1.858259,-1.858259,-1.858259,-1.858259
4.260057,-1.553923,-1.550855,-1.573864,-1.561593,-1.906945,-1.906945,-1.906945,-1.906945
4.270058,-1.659767,-1.656700,-1.676641,-1.667437,-1.955229,-1.955229,-1.955229,-1.955229
4.280058,-1.659767,-1.656700,-1.676641,-1.667437,-2.003068,-2.003068,-2.003068,-2.003068
4.290060,-1.761010,-1.754874,-1.774816,-1.767146,-2.050452,-2.050452,-2.050452,-2.050452
4.300057,-1.761010,-1.754874,-1.774816,-1.767146,-2.097339,-2.097339,-2.097339,-2.097339
4.310060,-1.859185,-1.849981,-1.874525,-1.866855,-2.143757,-2.143757,-2.143757,-2.143757
4.320056,-1.859185,-1.849981,-1.874525,-1.866855,-2.189636,-2.189636,-2.189636,-2.189636
4.330059,-1.954292,-1.945088,-1.971166,-1.958894,-2.235017,-2.235017,-2.235017,-2.235017
4.340060,-1.954292,-1.945088,-1.971166,-1.958894,-2.279850,-2.279850,-2.279850,-2.279850
4.350058,-2.049399,-2.038661,-2.069340,-2.050933,-2.324110,-2.324110,-2.324110,-2.324110
4.360056,-2.049399,-2.038661,-2.069340,-2.050933,-2.367797,-2.367797,-2.367797,-2.367797
4.370057,-2.139904,-2.132234,-2.161379,-2.144506,-2.410907,-2.410907,-2.410907,-2.410907
4.380062,-2.139904,-2.132234,-2.161379,-2.144506,-2.453424,-2.453424,-2.453424,-2.453424
4.390059,-2.233476,-2.222739,-2.251884,-2.238078,-2.495292,-2.495292,-2.495292,-2.495292
4.400055,-2.233476,-2.222739,-2.251884,-2.238078,-2.536512,-2.536512,-2.536512,-2.536512
4.410058,-2.320913,-2.313243,-2.340855,-2.327049,-2.577109,-2.577109,-2.577109,-2.577109
4.420060,-2.320913,-2.313243,-2.340855,-2.327049,-2.617028,-2.617028,-2.617028,-2.617028
4.430057,-2.405282,-2.399146,-2.425224,-2.412952,-2.656242,-2.656242,-2.656242,-2.656242
4.440054,-2.405282,-2.399146,-2.425224,-2.412952,-2.694760,-2.694760,-2.694760,-2.694760
4.450058,-2.491185,-2.481981,-2.511127,-2.495787,-2.732584,-2.732584,-2.732584,-2.732584
4.460055,-2.491185,-2.481981,-2.511127,-2.495787,-2.769650,-2.769650,-2.769650,-2.769650
4.470059,-2.574020,-2.566350,-2.590894,-2.580156,-2.805991,-2.805991,-2.805991,-2.805991
4.480057,-2.574020,-2.566350,-2.590894,-2.580156,-2.841552,-2.841552,-2.841552,-2.841552
4.490057,-2.652253,-2.646117,-2.673729,-2.658389,-2.876341,-2.876341,-2.876341,-2.876341
4.500052,-2.652253,-2.646117,-2.673729,-2.658389,-2.910319,-2.910319,-2.910319,-2.910319
4.510057,-2.728952,-2.721282,-2.747360,-2.732020,-2.943525,-2.943525,-2.943525,-2.943525
4.520061,-2.728952,-2.721282,-2.747360,-2.732020,-2.975899,-2.975899,-2.975899,-2.975899
4.530055,-2.804117,-2.793379,-2.820991,-2.805651,-3.007410,-3.007410,-3.007410,-3.007410
4.540059,-2.804117,-2.793379,-2.820991,-2.805651,-3.038099,-3.038099,-3.038099,-3.038099
4.550056,-2.871613,-2.865477,-2.885418,-2.874680,-3.067902,-3.067902,-3.067902,-3.067902
4.560053,-2.871613,-2.865477,-2.885418,-2.874680,-3.096823,-3.096823,-3.096823,-3.096823
4.570058,-2.939108,-2.932972,-2.954448,-2.940642,-3.124874,-3.124874,-3.124874,-3.124874
4.580054,-2.939108,-2.932972,-2.954448,-2.940642,-3.151994,-3.151994,-3.151994,-3.151994
4.590031,-3.003535,-2.994331,-3.017341,-3.003535,-3.178143,-3.178143,-3.178143,-3.178143
4.600053,-3.003535,-2.994331,-3.017341,-3.003535,-3.203476,-3.203476,-3.203476,-3.203476
4.610058,-3.060292,-3.057224,-3.074098,-3.063360,-3.227817,-3.227817,-3.227817,-3.227817
4.620059,-3.060292,-3.057224,-3.074098,-3.063360,-3.251186,-3.251186,-3.251186,-3.251186
4.630056,-3.117049,-3.113981,-3.132389,-3.120117,-3.273574,-3.273574,-3.273574,-3.273574
4.640057,-3.117049,-3.113981,-3.132389,-3.120117,-3.294986,-3.294986,-3.294986,-3.294986
4.650055,-3.161535,-3.163069,-3.184545,-3.167671,-3.315395,-3.315395,-3.315395,-3.315395
4.660057,-3.161535,-3.163069,-3.184545,-3.167671,-3.334801,-3.334801,-3.334801,-3.334801
4.670061,-3.206020,-3.204486,-3.232098,-3.209088,-3.353190,-3.353190,-3.353190,-3.353190
4.680045,-3.206020,-3.204486,-3.232098,-3.209088,-3.370512,-3.370512,-3.370512,-3.370512
4.690059,-3.258176,-3.245904,-3.275049,-3.255108,-3.386842,-3.386842,-3.386842,-3.386842
4.700063,-3.258176,-3.245904,-3.275049,-3.255108,-3.402099,-3.402099,-3.402099,-3.402099
4.710061,-3.305729,-3.285787,-3.314933,-3.296525,-3.416282,-3.416282,-3.416282,-3.416282
4.720065,-3.305729,-3.285787,-3.314933,-3.296525,-3.429399,-3.429399,-3.429399,-3.429399
4.730062,-3.341011,-3.321069,-3.348680,-3.328739,-3.441419,-3.441419,-3.441419,-3.441419
4.740061,-3.341011,-3.321069,-3.348680,-3.328739,-3.452349,-3.452349,-3.452349,-3.452349
4.750064,-3.370156,-3.354816,-3.377826,-3.357884,-3.462177,-3.462177,-3.462177,-3.462177
4.760062,-3.370156,-3.354816,-3.377826,-3.357884,-3.470887,-3.470887,-3.470887,-3.470887
4.770064,-3.394700,-3.385496,-3.405438,-3.385496,-3.478478,-3.478478,-3.478478,-3.478478
4.780035,-3.394700,-3.385496,-3.405438,-3.385496,-3.484919,-3.484919,-3.484919,-3.484919
4.790057,-3.417710,-3.410040,-3.429981,-3.413108,-3.490252,-3.490252,-3.490252,-3.490252
4.800057,-3.417710,-3.410040,-3.429981,-3.413108,-3.494426,-3.494426,-3.494426,-3.494426
4.810056,-3.436117,-3.428447,-3.446855,-3.434583,-3.497445,-3.497445,-3.497445,-3.497445
4.820061,-3.436117,-3.428447,-3.446855,-3.434583,-3.499305,-3.499305,-3.499305,-3.499305
4.830061,-3.451457,-3.443787,-3.462195,-3.446855,-3.499995,-3.499995,-3.499995,-3.499995
4.840065,-3.451457,-3.443787,-3.462195,-3.446855,-3.499511,-3.499511,-3.499511,-3.499511
4.850063,-3.460661,-3.452991,-3.468331,-3.454525,-3.497848,-3.497848,-3.497848,-3.497848
4.860065,-3.460661,-3.452991,-3.468331,-3.454525,-3.494999,-3.494999,-3.494999,-3.494999
4.870062,-3.462195,-3.459127,-3.468331,-3.459127,-3.490961,-3.490961,-3.490961,-3.490961
4.880035,-3.462195,-3.459127,-3.468331,-3.459127,-3.485743,-3.485743,-3.485743,-3.485743
4.890058,-3.462195,-3.460661,-3.468331,-3.459127,-3.479297,-3.479297,-3.479297,-3.479297
4.900072,-3.462195,-3.460661,-3.468331,-3.459127,-3.471649,-3.471649,-3.471649,-3.471649
4.910057,-3.462195,-3.460661,-3.468331,-3.459127,-3.462819,-3.462819,-3.462819,-3.462819
4.920054,-3.462195,-3.460661,-3.468331,-3.459127,-3.452769,-3.452769,-3.452769,-3.452769
4.930056,-3.462195,-3.460661,-3.468331,-3.459127,-3.441502,-3.441502,-3.441502,-3.441502
4.940056,-3.462195,-3.460661,-3.468331,-3.459127,-3.429023,-3.429023,-3.429023,-3.429023
4.950056,-3.462195,-3.459127,-3.468331,-3.457593,-3.415329,-3.415329,-3.415329,-3.415329
4.960057,-3.462195,-3.459127,-3.468331,-3.457593,-3.400414,-3.400414,-3.400414,-3.400414
4.970057,-3.460661,-3.452991,-3.466797,-3.448389,-3.384284,-3.384284,-3.384284,-3.384284
4.980056,-3.460661,-3.452991,-3.466797,-3.448389,-3.366936,-3.366936,-3.366936,-3.366936
4.990059,-3.439185,-3.428447,-3.459127,-3.423846,-3.348364,-3.348364,-3.348364,-3.348364
5.000058,-3.439185,-3.428447,-3.459127,-3.423846,-3.328580,-3.328580,-3.328580,-3.328580
5.010056,-3.411574,-3.399302,-3.434583,-3.397768,-3.307581,-3.307581,-3.307581,-3.307581
5.020057,-3.411574,-3.399302,-3.434583,-3.397768,-3.285363,-3.285363,-3.285363,-3.285363
5.030057,-3.376292,-3.365554,-3.402370,-3.362486,-3.261932,-3.261932,-3.261932,-3.261932
5.040055,-3.376292,-3.365554,-3.402370,-3.362486,-3.237297,-3.237297,-3.237297,-3.237297
5.050058,-3.341011,-3.328739,-3.364020,-3.321069,-3.211441,-3.211441,-3.211441,-3.211441
5.060056,-3.341011,-3.328739,-3.364020,-3.321069,-3.184396,-3.184396,-3.184396,-3.184396
5.070056,-3.301127,-3.285787,-3.322603,-3.279651,-3.156144,-3.156144,-3.156144,-3.156144
5.080060,-3.301127,-3.285787,-3.322603,-3.279651,-3.126687,-3.126687,-3.126687,-3.126687
5.090057,-3.248972,-3.238234,-3.276583,-3.233632,-3.096058,-3.096058,-3.096058,-3.096058
5.100054,-3.248972,-3.238234,-3.276583,-3.233632,-3.064245,-3.064245,-3.064245,-3.064245
5.110056,-3.193748,-3.192214,-3.229030,-3.189147,-3.031238,-3.031238,-3.031238,-3.031238
5.120058,-3.193748,-3.192214,-3.229030,-3.189147,-2.997062,-2.997062,-2.997062,-2.997062
5.130058,-3.144661,-3.144661,-3.173807,-3.138525,-2.961725,-2.961725,-2.961725,-2.961725
5.140057,-3.144661,-3.144661,-3.173807,-3.138525,-2.925236,-2.925236,-2.925236,-2.925236
5.150058,-3.089438,-3.086370,-3.109380,-3.080234,-2.887589,-2.887589,-2.887589,-2.887589
5.160072,-3.089438,-3.086370,-3.109380,-3.080234,-2.848751,-2.848751,-2.848751,-2.848751
5.170058,-3.020409,-3.017341,-3.048020,-3.011205,-2.808892,-2.808892,-2.808892,-2.808892
5.180058,-3.020409,-3.017341,-3.048020,-3.011205,-2.767861,-2.767861,-2.767861,-2.767861
5.190048,-2.946778,-2.945244,-2.975923,-2.936040,-2.725758,-2.725758,-2.725758,-2.725758
5.200057,-2.946778,-2.945244,-2.975923,-2.936040,-2.682477,-2.682477,-2.682477,-2.682477
5.210056,-2.871613,-2.868545,-2.894622,-2.862409,-2.638148,-2.638148,-2.638148,-2.638148
5.220059,-2.871613,-2.868545,-2.894622,-2.862409,-2.592723,-2.592723,-2.592723,-2.592723
5.230057,-2.793379,-2.788777,-2.813321,-2.784175,-2.546263,-2.546263,-2.546263,-2.546263
5.240058,-2.793379,-2.788777,-2.813321,-2.784175,-2.498733,-2.498733,-2.498733,-2.498733
5.250056,-2.709010,-2.701340,-2.727418,-2.699806,-2.450184,-2.450184,-2.450184,-2.450184
5.260057,-2.709010,-2.701340,-2.727418,-2.699806,-2.400592,-2.400592,-2.400592,-2.400592
5.270056,-2.615438,-2.613904,-2.638447,-2.610836,-2.350006,-2.350006,-2.350006,-2.350006
5.280070,-2.615438,-2.613904,-2.638447,-2.610836,-2.298349,-2.298349,-2.298349,-2.298349
5.290062,-2.521865,-2.517263,-2.546408,-2.515729,-2.245825,-2.245825,-2.245825,-2.245825
5.300063,-2.521865,-2.517263,-2.546408,-2.515729,-2.192297,-2.192297,-2.192297,-2.192297
5.310062,-2.425224,-2.419088,-2.446700,-2.417554,-2.137831,-2.137831,-2.137831,-2.137831
5.320064,-2.425224,-2.419088,-2.446700,-2.417554,-2.082429,-2.082429,-2.082429,-2.082429
5.330063,-2.323981,-2.319379,-2.343923,-2.314777,-2.026127,-2.026127,-2.026127,-2.026127
5.340053,-2.323981,-2.319379,-2.343923,-2.314777,-1.968989,-1.968989,-1.968989,-1.968989
5.350061,-2.218137,-2.212001,-2.236544,-2.205865,-1.910873,-1.910873,-1.910873,-1.910873
5.360061,-2.218137,-2.212001,-2.236544,-2.205865,-1.851952,-1.851952,-1.851952,-1.851952
5.370062,-2.109224,-2.101554,-2.126098,-2.092350,-1.792191,-1.792191,-1.792191,-1.792191
5.380058,-2.109224,-2.101554,-2.126098,-2.092350,-1.731647,-1.731647,-1.731647,-1.731647
5.390058,-1.995709,-1.989573,-2.009515,-1.980369,-1.670296,-1.670296,-1.670296,-1.670296
5.400056,-1.995709,-1.989573,-2.009515,-1.980369,-1.608177,-1.608177,-1.608177,-1.608177
5.410056,-1.877593,-1.871457,-1.896001,-1.872991,-1.545306,-1.545306,-1.545306,-1.545306
5.420054,-1.877593,-1.871457,-1.896001,-1.872991,-1.481719,-1.481719,-1.481719,-1.481719
5.430055,-1.757942,-1.751806,-1.773282,-1.754874,-1.417411,-1.417411,-1.417411,-1.417411
5.440057,-1.757942,-1.751806,-1.773282,-1.754874,-1.352420,-1.352420,-1.352420,-1.352420
5.450064,-1.635224,-1.630622,-1.650564,-1.632156,-1.286739,-1.286739,-1.286739,-1.286739
5.460064,-1.635224,-1.630622,-1.650564,-1.632156,-1.220469,-1.220469,-1.220469,-1.220469
5.470063,-1.509437,-1.497165,-1.521709,-1.504835,-1.153604,-1.153604,-1.153604,-1.153604
5.480064,-1.509437,-1.497165,-1.521709,-1.504835,-1.086146,-1.086146,-1.086146,-1.086146
5.490061,-1.385185,-1.375981,-1.394389,-1.377515,-1.018160,-1.018160,-1.018160,-1.018160
5.500061,-1.385185,-1.375981,-1.394389,-1.377515,-0.949624,-0.949624,-0.949624,-0.949624
5.510062,-1.256330,-1.248661,-1.271670,-1.250195,-0.880579,-0.880579,-0.880579,-0.880579
5.520048,-1.256330,-1.248661,-1.271670,-1.250195,-0.811161,-0.811161,-0.811161,-0.811161
5.530058,-1.124408,-1.116738,-1.141282,-1.118272,-0.741133,-0.741133,-0.741133,-0.741133
5.540071,-1.124408,-1.116738,-1.141282,-1.118272,-0.670661,-0.670661,-0.670661,-0.670661
5.550058,-0.986350,-0.983282,-1.001690,-0.981748,-0.599988,-0.599988,-0.599988,-0.599988
5.560059,-0.986350,-0.983282,-1.001690,-0.981748,-0.528848,-0.528848,-0.528848,-0.528848
5.570055,-0.840622,-0.840622,-0.855961,-0.839088,-0.457406,-0.457406,-0.457406,-0.457406
5.580058,-0.840622,-0.840622,-0.855961,-0.839088,-0.385622,-0.385622,-0.385622,-0.385622
5.590057,-0.697961,-0.697961,-0.710233,-0.691825,-0.313581,-0.313581,-0.313581,-0.313581
5.600077,-0.697961,-0.697961,-0.710233,-0.691825,-0.241156,-0.241156,-0.241156,-0.241156
5.610057,-0.555301,-0.553767,-0.570641,-0.552233,-0.168793,-0.168793,-0.168793,-0.168793
5.620059,-0.555301,-0.553767,-0.570641,-0.552233,-0.096103,-0.096103,-0.096103,-0.096103
5.630057,-0.415709,-0.417243,-0.437185,-0.411107,-0.023279,-0.023279,-0.023279,-0.023279
5.640056,-0.415709,-0.417243,-0.437185,-0.411107,0.049668,0.049668,0.049668,0.049668
5.650058,-0.273049,-0.279185,-0.297592,-0.269981,0.122723,0.122723,0.122723,0.122723
5.660047,-0.273049,-0.279185,-0.297592,-0.269981,0.195742,0.195742,0.195742,0.195742
5.670064,-0.130388,-0.139592,-0.150330,-0.125786,0.268993,0.268993,0.268993,0.268993
5.680071,-0.130388,-0.139592,-0.150330,-0.125786,0.342156,0.342156,0.342156,0.342156
5.690059,0.015340,0.015340,-0.006136,0.032214,0.415143,0.415143,0.415143,0.415143
5.700058,0.015340,0.015340,-0.006136,0.032214,0.488133,0.488133,0.488133,0.488133
5.710063,0.161068,0.159534,0.138058,0.176408,0.561064,0.561064,0.561064,0.561064
5.720061,0.161068,0.159534,0.138058,0.176408,0.633797,0.633797,0.633797,0.633797
5.730063,0.303728,0.299126,0.294524,0.323670,0.706389,0.706389,0.706389,0.706389
5.740064,0.303728,0.299126,0.294524,0.323670,0.778761,0.778761,0.778761,0.778761
5.750060,0.449456,0.440253,0.438719,0.469398,0.850863,0.850863,0.850863,0.850863
5.760045,0.449456,0.440253,0.438719,0.469398,0.922601,0.922601,0.922601,0.922601
5.770061,0.595185,0.584447,0.581379,0.613592,0.994261,0.994261,0.994261,0.994261
5.780062,0.595185,0.584447,0.581379,0.613592,1.065466,1.065466,1.065466,1.065466
5.790064,0.740913,0.727107,0.722505,0.754719,1.136298,1.136298,1.136298,1.136298
5.800062,0.740913,0.727107,0.722505,0.754719,1.206684,1.206684,1.206684,1.206684
5.810063,0.882039,0.872835,0.866699,0.901981,1.276650,1.276650,1.276650,1.276650
5.820061,0.882039,0.872835,0.866699,0.901981,1.346107,1.346107,1.346107,1.346107
5.830060,1.033903,1.018563,1.013961,1.047709,1.415065,1.415065,1.415065,1.415065
5.840059,1.033903,1.018563,1.013961,1.047709,1.483464,1.483464,1.483464,1.483464
5.850062,1.173495,1.164292,1.159690,1.191903,1.551306,1.551306,1.551306,1.551306
5.860060,1.173495,1.164292,1.159690,1.191903,1.618492,1.618492,1.618492,1.618492
5.870058,1.310020,1.303884,1.300816,1.333030,1.685029,1.685029,1.685029,1.685029
5.880061,1.310020,1.303884,1.300816,1.333030,1.750910,1.750910,1.750910,1.750910
5.890061,1.448078,1.443476,1.438874,1.469554,1.816045,1.816045,1.816045,1.816045
5.900059,1.448078,1.443476,1.438874,1.469554,1.880408,1.880408,1.880408,1.880408
5.910062,1.583068,1.581534,1.570796,1.601476,1.944022,1.944022,1.944022,1.944022
5.920059,1.583068,1.581534,1.570796,1.601476,2.006761,2.006761,2.006761,2.006761
5.930061,1.718059,1.714991,1.705787,1.736467,2.068685,2.068685,2.068685,2.068685
5.940059,1.718059,1.714991,1.705787,1.736467,2.129687,2.129687,2.129687,2.129687
5.950064,1.848447,1.842311,1.834641,1.868389,2.189802,2.189802,2.189802,2.189802
5.960060,1.848447,1.842311,1.834641,1.868389,2.248907,2.248907,2.248907,2.248907
5.970060,1.972700,1.968098,1.961962,1.997243,2.307053,2.307053,2.307053,2.307053
5.980066,1.972700,1.968098,1.961962,1.997243,2.364200,2.364200,2.364200,2.364200
5.990065,2.098486,2.095418,2.089282,2.121496,2.420253,2.420253,2.420253,2.420253
6.000061,2.098486,2.095418,2.089282,2.121496,2.475205,2.475205,2.475205,2.475205
6.010063,2.218137,2.219671,2.208933,2.244214,2.529069,2.529069,2.529069,2.529069
6.020062,2.218137,2.219671,2.208933,2.244214,2.581770,2.581770,2.581770,2.581770
6.030063,2.333185,2.340855,2.322447,2.359263,2.633292,2.633292,2.633292,2.633292
6.040063,2.333185,2.340855,2.322447,2.359263,2.683605,2.683605,2.683605,2.683605
6.050058,2.446700,2.457438,2.434428,2.474311,2.732648,2.732648,2.732648,2.732648
6.060062,2.446700,2.457438,2.434428,2.474311,2.780463,2.780463,2.780463,2.780463
6.070046,2.552544,2.567884,2.543340,2.587826,2.826885,2.826885,2.826885,2.826885
6.080027,2.552544,2.567884,2.543340,2.587826,2.871964,2.871964,2.871964,2.871964
6.090055,2.656855,2.670661,2.641515,2.693671,2.915897,2.915897,2.915897,2.915897
6.100055,2.656855,2.670661,2.641515,2.693671,2.958318,2.958318,2.958318,2.958318
6.110057,2.755030,2.773438,2.736622,2.788777,2.999335,2.999335,2.999335,2.999335
6.120057,2.755030,2.773438,2.736622,2.788777,3.038906,3.038906,3.038906,3.038906
6.130056,2.848603,2.870079,2.828661,2.882350,3.077005,3.077005,3.077005,3.077005
6.140055,2.848603,2.870079,2.828661,2.882350,3.113612,3.113612,3.113612,3.113612
6.150056,2.932972,2.960583,2.917632,2.966719,3.148712,3.148712,3.148712,3.148712
6.160056,2.932972,2.960583,2.917632,2.966719,3.182264,3.182264,3.182264,3.182264
6.170056,3.015807,3.043418,3.002001,3.049554,3.214255,3.214255,3.214255,3.214255
6.180035,3.015807,3.043418,3.002001,3.049554,3.244596,3.244596,3.244596,3.244596
6.190055,3.098642,3.113981,3.075632,3.118583,3.273449,3.273449,3.273449,3.273449
6.200052,3.098642,3.113981,3.075632,3.118583,3.300605,3.300605,3.300605,3.300605
6.210059,3.156933,3.172273,3.147729,3.179943,3.326132,3.326132,3.326132,3.326132
6.220054,3.156933,3.172273,3.147729,3.179943,3.349957,3.349957,3.349957,3.349957
6.230057,3.215224,3.235166,3.207554,3.239768,3.372111,3.372111,3.372111,3.372111
6.240055,3.215224,3.235166,3.207554,3.239768,3.392542,3.392542,3.392542,3.392542
6.250056,3.275049,3.294991,3.262778,3.298059,3.411252,3.411252,3.411252,3.411252
6.260009,3.275049,3.294991,3.262778,3.298059,3.428139,3.428139,3.428139,3.428139
6.270054,3.324137,3.345613,3.311865,3.350214,3.443414,3.443414,3.443414,3.443414
6.280061,3.324137,3.345613,3.311865,3.350214,3.456848,3.456848,3.456848,3.456848
6.290057,3.362486,3.388564,3.357884,3.390098,3.468477,3.468477,3.468477,3.468477
6.300062,3.362486,3.388564,3.357884,3.390098,3.478311,3.478311,3.478311,3.478311
6.310062,3.394700,3.425380,3.396234,3.423846,3.486323,3.486323,3.486323,3.486323
6.320058,3.394700,3.425380,3.396234,3.423846,3.492503,3.492503,3.492503,3.492503
6.330060,3.422312,3.451457,3.423846,3.451457,3.496848,3.496848,3.496848,3.496848
6.340057,3.422312,3.451457,3.423846,3.451457,3.499341,3.499341,3.499341,3.499341
6.350058,3.443787,3.472933,3.445321,3.474467,3.499976,3.499976,3.499976,3.499976
6.360066,3.443787,3.472933,3.445321,3.474467,3.498744,3.498744,3.498744,3.498744
6.370064,3.459127,3.488273,3.459127,3.486739,3.495639,3.495639,3.495639,3.495639
6.380060,3.459127,3.488273,3.459127,3.486739,3.490656,3.490656,3.490656,3.490656
6.390063,3.463729,3.497477,3.465263,3.491341,3.483785,3.483785,3.483785,3.483785
6.400053,3.463729,3.497477,3.465263,3.491341,3.475038,3.475038,3.475038,3.475038
6.410059,3.463729,3.497477,3.465263,3.491341,3.464384,3.464384,3.464384,3.464384
6.420059,3.463729,3.497477,3.465263,3.491341,3.451844,3.451844,3.451844,3.451844
6.430059,3.463729,3.497477,3.465263,3.491341,3.437408,3.437408,3.437408,3.437408
6.440054,3.463729,3.497477,3.465263,3.491341,3.421088,3.421088,3.421088,3.421088
6.450061,3.463729,3.495943,3.465263,3.489807,3.402857,3.402857,3.402857,3.402857
6.460060,3.463729,3.495943,3.465263,3.489807,3.382749,3.382749,3.382749,3.382749
6.470065,3.462195,3.492875,3.463729,3.485205,3.360742,3.360742,3.360742,3.360742
6.480060,3.462195,3.492875,3.463729,3.485205,3.336875,3.336875,3.336875,3.336875
6.490063,3.445321,3.466797,3.446855,3.459127,3.311113,3.311113,3.311113,3.311113
6.500063,3.445321,3.466797,3.446855,3.459127,3.283490,3.283490,3.283490,3.283490
6.510066,3.413108,3.429981,3.411574,3.420778,3.253996,3.253996,3.253996,3.253996
6.520063,3.413108,3.429981,3.411574,3.420778,3.222669,3.222669,3.222669,3.222669
6.530064,3.368622,3.383962,3.364020,3.374758,3.189491,3.189491,3.189491,3.189491
6.540060,3.368622,3.383962,3.364020,3.374758,3.154499,3.154499,3.154499,3.154499
6.550059,3.319535,3.331807,3.313399,3.324137,3.117676,3.117676,3.117676,3.117676
6.560039,3.319535,3.331807,3.313399,3.324137,3.079126,3.079126,3.079126,3.079126
6.570055,3.262778,3.271981,3.255108,3.265846,3.038647,3.038647,3.038647,3.038647
6.580059,3.262778,3.271981,3.255108,3.265846,2.996440,2.996440,2.996440,2.996440
6.590060,3.192214,3.202952,3.189147,3.195282,2.952491,2.952491,2.952491,2.952491
6.600058,3.192214,3.202952,3.189147,3.195282,2.906815,2.906815,2.906815,2.906815
6.610057,3.124719,3.129321,3.113981,3.124719,2.859416,2.859416,2.859416,2.859416
6.620053,3.124719,3.129321,3.113981,3.124719,2.810338,2.810338,2.810338,2.810338
6.630056,3.041884,3.055690,3.028079,3.049554,2.759547,2.759547,2.759547,2.759547
6.640057,3.041884,3.055690,3.028079,3.049554,2.707118,2.707118,2.707118,2.707118
6.650060,2.949846,2.968253,2.942176,2.962117,2.653040,2.653040,2.653040,2.653040
6.660055,2.949846,2.968253,2.942176,2.962117,2.597406,2.597406,2.597406,2.597406
6.670058,2.856273,2.871613,2.847069,2.863943,2.540151,2.540151,2.540151,2.540151
6.680060,2.856273,2.871613,2.847069,2.863943,2.481348,2.481348,2.481348,2.481348
6.690055,2.753496,2.764234,2.742758,2.761166,2.421064,2.421064,2.421064,2.421064
6.700058,2.753496,2.764234,2.742758,2.761166,2.359244,2.359244,2.359244,2.359244
6.710058,2.644583,2.652253,2.632311,2.647651,2.295977,2.295977,2.295977,2.295977
6.720058,2.644583,2.652253,2.632311,2.647651,2.231282,2.231282,2.231282,2.231282
6.730056,2.528001,2.535671,2.515729,2.532603,2.165200,2.165200,2.165200,2.165200
6.740058,2.528001,2.535671,2.515729,2.532603,2.097731,2.097731,2.097731,2.097731
6.750058,2.409884,2.411418,2.397612,2.412952,2.028948,2.028948,2.028948,2.028948
6.760056,2.409884,2.411418,2.397612,2.412952,1.958886,1.958886,1.958886,1.958886
6.770057,2.279496,2.281030,2.268758,2.284098,1.887546,1.887546,1.887546,1.887546
6.780056,2.279496,2.281030,2.268758,2.284098,1.815008,1.815008,1.815008,1.815008
6.790056,2.146039,2.142972,2.135302,2.150641,1.741278,1.741278,1.741278,1.741278
6.800055,2.146039,2.142972,2.135302,2.150641,1.666422,1.666422,1.666422,1.666422
6.810054,2.004913,2.001845,1.991107,2.004913,1.590460,1.590460,1.590460,1.590460
6.820057,2.004913,2.001845,1.991107,2.004913,1.513425,1.513425,1.513425,1.513425
6.830059,1.863787,1.854583,1.846913,1.857651,1.435379,1.435379,1.435379,1.435379
6.840057,1.863787,1.854583,1.846913,1.857651,1.356389,1.356389,1.356389,1.356389
6.850057,1.716525,1.705787,1.699651,1.711923,1.276471,1.276471,1.276471,1.276471
6.860055,1.716525,1.705787,1.699651,1.711923,1.195679,1.195679,1.195679,1.195679
6.870056,1.563127,1.553923,1.546253,1.558525,1.114042,1.114042,1.114042,1.114042
6.880061,1.563127,1.553923,1.546253,1.558525,1.031582,1.031582,1.031582,1.031582
6.890057,1.406661,1.395923,1.392855,1.411263,0.948456,0.948456,0.948456,0.948456
6.900059,1.406661,1.395923,1.392855,1.411263,0.864589,0.864589,0.864589,0.864589
6.910057,1.240991,1.237923,1.233321,1.250195,0.780123,0.780123,0.780123,0.780123
6.920060,1.240991,1.237923,1.233321,1.250195,0.695026,0.695026,0.695026,0.695026
6.930058,1.081457,1.073787,1.066117,1.081457,0.609425,0.609425,0.609425,0.609425
6.940058,1.081457,1.073787,1.066117,1.081457,0.523331,0.523331,0.523331,0.523331
6.950059,0.917321,0.906583,0.900447,0.914253,0.436790,0.436790,0.436790,0.436790
6.960051,0.917321,0.906583,0.900447,0.914253,0.349950,0.349950,0.349950,0.349950
6.970055,0.751651,0.740913,0.734777,0.745515,0.262674,0.262674,0.262674,0.262674
6.980055,0.751651,0.740913,0.734777,0.745515,0.175151,0.175151,0.175151,0.175151
6.990055,0.585981,0.576777,0.569107,0.578311,0.087417,0.087417,0.087417,0.087417
7.000061,0.585981,0.576777,0.569107,0.578311,-0.000538,-0.000538,-0.000538,-0.000538
7.010062,0.415709,0.401903,0.398835,0.401903,-0.088554,-0.088554,-0.088554,-0.088554
7.020056,0.415709,0.401903,0.398835,0.401903,-0.176571,-0.176571,-0.176571,-0.176571
7.030060,0.237767,0.223961,0.223961,0.225495,-0.264667,-0.264667,-0.264667,-0.264667
7.040061,0.237767,0.223961,0.223961,0.225495,-0.352673,-0.352673,-0.352673,-0.352673
7.050063,0.058291,0.049087,0.049087,0.049087,-0.440584,-0.440584,-0.440584,-0.440584
7.060064,0.058291,0.049087,0.049087,0.049087,-0.528307,-0.528307,-0.528307,-0.528307
7.070064,-0.115049,-0.139592,-0.124252,-0.138058,-0.615792,-0.615792,-0.615792,-0.615792
7.080060,-0.115049,-0.139592,-0.124252,-0.138058,-0.702958,-0.702958,-0.702958,-0.702958
7.090060,-0.291456,-0.311398,-0.299126,-0.312932,-0.789807,-0.789807,-0.789807,-0.789807
7.100059,-0.291456,-0.311398,-0.299126,-0.312932,-0.876247,-0.876247,-0.876247,-0.876247
7.110056,-0.467864,-0.481670,-0.474000,-0.486272,-0.962213,-0.962213,-0.962213,-0.962213
7.120057,-0.467864,-0.481670,-0.474000,-0.486272,-1.047684,-1.047684,-1.047684,-1.047684
7.130056,-0.644272,-0.653476,-0.651942,-0.659612,-1.132573,-1.132573,-1.132573,-1.132573
7.140059,-0.644272,-0.653476,-0.651942,-0.659612,-1.216849,-1.216849,-1.216849,-1.216849
7.150056,-0.817612,-0.820680,-0.834486,-0.829884,-1.300394,-1.300394,-1.300394,-1.300394
7.160057,-0.817612,-0.820680,-0.834486,-0.829884,-1.383217,-1.383217,-1.383217,-1.383217
7.170023,-0.990952,-0.984816,-1.006292,-0.998622,-1.464948,-1.464948,-1.464948,-1.464948
7.180062,-0.990952,-0.984816,-1.006292,-0.998622,-1.546409,-1.546409,-1.546409,-1.546409
7.190062,-1.153554,-1.148952,-1.164292,-1.158156,-1.626625,-1.626625,-1.626625,-1.626625
7.200059,-1.153554,-1.148952,-1.164292,-1.158156,-1.705838,-1.705838,-1.705838,-1.705838
7.210064,-1.313088,-1.311554,-1.328428,-1.322292,-1.784082,-1.784082,-1.784082,-1.784082
7.220057,-1.313088,-1.311554,-1.328428,-1.322292,-1.861144,-1.861144,-1.861144,-1.861144
7.230060,-1.474156,-1.478758,-1.497165,-1.486428,-1.937125,-1.937125,-1.937125,-1.937125
7.240063,-1.474156,-1.478758,-1.497165,-1.486428,-2.011904,-2.011904,-2.011904,-2.011904
7.250064,-1.645962,-1.647496,-1.667437,-1.658233,-2.085418,-2.085418,-2.085418,-2.085418
7.260057,-1.645962,-1.647496,-1.667437,-1.658233,-2.157554,-2.157554,-2.157554,-2.157554
7.270062,-1.810098,-1.808564,-1.823903,-1.820835,-2.228411,-2.228411,-2.228411,-2.228411
7.280059,-1.810098,-1.808564,-1.823903,-1.820835,-2.297791,-2.297791,-2.297791,-2.297791
7.290057,-1.960428,-1.957360,-1.974234,-1.969632,-2.365708,-2.365708,-2.365708,-2.365708
7.300064,-1.960428,-1.957360,-1.974234,-1.969632,-2.432160,-2.432160,-2.432160,-2.432160
7.310041,-2.104622,-2.100020,-2.118428,-2.110758,-2.496850,-2.496850,-2.496850,-2.496850
7.320065,-2.104622,-2.100020,-2.118428,-2.110758,-2.560210,-2.560210,-2.560210,-2.560210
7.330060,-2.245748,-2.242680,-2.261088,-2.254952,-2.621715,-2.621715,-2.621715,-2.621715
7.340061,-2.245748,-2.242680,-2.261088,-2.254952,-2.681533,-2.681533,-2.681533,-2.681533
7.350062,-2.382272,-2.380738,-2.397612,-2.391476,-2.739578,-2.739578,-2.739578,-2.739578
7.360063,-2.382272,-2.380738,-2.397612,-2.391476,-2.795805,-2.795805,-2.795805,-2.795805
7.370061,-2.512661,-2.508059,-2.528001,-2.523399,-2.850162,-2.850162,-2.850162,-2.850162
7.380060,-2.512661,-2.508059,-2.528001,-2.523399,-2.902611,-2.902611,-2.902611,-2.902611
7.390061,-2.635379,-2.635379,-2.647651,-2.647651,-2.953119,-2.953119,-2.953119,-2.953119
7.400062,-2.635379,-2.635379,-2.647651,-2.647651,-3.001636,-3.001636,-3.001636,-3.001636
7.410065,-2.751962,-2.750428,-2.764234,-2.762700,-3.048129,-3.048129,-3.048129,-3.048129
7.420062,-2.751962,-2.750428,-2.764234,-2.762700,-3.092523,-3.092523,-3.092523,-3.092523
7.430065,-2.862409,-2.859341,-2.873146,-2.870079,-3.134826,-3.134826,-3.134826,-3.134826
7.440034,-2.862409,-2.859341,-2.873146,-2.870079,-3.174848,-3.174848,-3.174848,-3.174848
7.450062,-2.965185,-2.963651,-2.974389,-2.971321,-3.212916,-3.212916,-3.212916,-3.212916
7.460064,-2.965185,-2.963651,-2.974389,-2.971321,-3.248659,-3.248659,-3.248659,-3.248659
7.470063,-3.061826,-3.057224,-3.064894,-3.064894,-3.282139,-3.282139,-3.282139,-3.282139
7.480066,-3.061826,-3.057224,-3.064894,-3.064894,-3.313344,-3.313344,-3.313344,-3.313344
7.490055,-3.143127,-3.140059,-3.149263,-3.146195,-3.342196,-3.342196,-3.342196,-3.342196
7.500055,-3.143127,-3.140059,-3.149263,-3.146195,-3.368732,-3.368732,-3.368732,-3.368732
7.510056,-3.210622,-3.206020,-3.224428,-3.209088,-3.392900,-3.392900,-3.392900,-3.392900
7.520053,-3.210622,-3.206020,-3.224428,-3.209088,-3.414662,-3.414662,-3.414662,-3.414662
7.530055,-3.279651,-3.267380,-3.285787,-3.273515,-3.434012,-3.434012,-3.434012,-3.434012
7.540054,-3.279651,-3.267380,-3.285787,-3.273515,-3.450912,-3.450912,-3.450912,-3.450912
7.550055,-3.336409,-3.322603,-3.341011,-3.331807,-3.465349,-3.465349,-3.465349,-3.465349
7.560057,-3.336409,-3.322603,-3.341011,-3.331807,-3.477302,-3.477302,-3.477302,-3.477302
7.570056,-3.385496,-3.373224,-3.388564,-3.380894,-3.486749,-3.486749,-3.486749,-3.486749
7.580057,-3.385496,-3.373224,-3.388564,-3.380894,-3.493680,-3.493680,-3.493680,-3.493680
7.590055,-3.422312,-3.411574,-3.426913,-3.420778,-3.498079,-3.498079,-3.498079,-3.498079
7.600058,-3.422312,-3.411574,-3.426913,-3.420778,-3.499934,-3.499934,-3.499934,-3.499934
7.610058,-3.446855,-3.439185,-3.451457,-3.446855,-3.499235,-3.499235,-3.499235,-3.499235
7.620057,-3.446855,-3.439185,-3.451457,-3.446855,-3.495974,-3.495974,-3.495974,-3.495974
7.630059,-3.463729,-3.457593,-3.466797,-3.462195,-3.490142,-3.490142,-3.490142,-3.490142
7.640059,-3.463729,-3.457593,-3.466797,-3.462195,-3.481738,-3.481738,-3.481738,-3.481738
7.650057,-3.468331,-3.463729,-3.469865,-3.466797,-3.470759,-3.470759,-3.470759,-3.470759
7.660056,-3.468331,-3.463729,-3.469865,-3.466797,-3.457204,-3.457204,-3.457204,-3.457204
7.670058,-3.468331,-3.463729,-3.469865,-3.466797,-3.441068,-3.441068,-3.441068,-3.441068
7.680062,-3.468331,-3.463729,-3.469865,-3.466797,-3.422352,-3.422352,-3.422352,-3.422352
7.690056,-3.466797,-3.462195,-3.469865,-3.465263,-3.401091,-3.401091,-3.401091,-3.401091
7.700058,-3.466797,-3.462195,-3.469865,-3.465263,-3.377250,-3.377250,-3.377250,-3.377250
7.710055,-3.465263,-3.457593,-3.468331,-3.456059,-3.350874,-3.350874,-3.350874,-3.350874
7.720057,-3.465263,-3.457593,-3.468331,-3.456059,-3.321943,-3.321943,-3.321943,-3.321943
7.730058,-3.437651,-3.426913,-3.451457,-3.425380,-3.290485,-3.290485,-3.290485,-3.290485
7.740057,-3.437651,-3.426913,-3.451457,-3.425380,-3.256521,-3.256521,-3.256521,-3.256521
7.750057,-3.393166,-3.382428,-3.410040,-3.380894,-3.220060,-3.220060,-3.220060,-3.220060
7.760061,-3.393166,-3.382428,-3.410040,-3.380894,-3.181103,-3.181103,-3.181103,-3.181103
7.770060,-3.339477,-3.327205,-3.354816,-3.322603,-3.139717,-3.139717,-3.139717,-3.139717
7.780056,-3.339477,-3.327205,-3.354816,-3.322603,-3.095904,-3.095904,-3.095904,-3.095904
7.790016,-3.278117,-3.262778,-3.291923,-3.259710,-3.049865,-3.049865,-3.049865,-3.049865
7.800057,-3.278117,-3.262778,-3.291923,-3.259710,-3.001060,-3.001060,-3.001060,-3.001060
7.810060,-3.195282,-3.195282,-3.222894,-3.192214,-2.950083,-2.950083,-2.950083,-2.950083
7.820059,-3.195282,-3.195282,-3.222894,-3.192214,-2.896810,-2.896810,-2.896810,-2.896810
7.830063,-3.123185,-3.121651,-3.136991,-3.117049,-2.841220,-2.841220,-2.841220,-2.841220
7.840057,-3.123185,-3.121651,-3.136991,-3.117049,-2.783438,-2.783438,-2.783438,-2.783438
7.850059,-3.032681,-3.031147,-3.048020,-3.026545,-2.723396,-2.723396,-2.723396,-2.723396
7.860061,-3.032681,-3.031147,-3.048020,-3.026545,-2.661178,-2.661178,-2.661178,-2.661178
7.870065,-2.929904,-2.926836,-2.943710,-2.922234,-2.596815,-2.596815,-2.596815,-2.596815
7.880062,-2.929904,-2.926836,-2.943710,-2.922234,-2.530408,-2.530408,-2.530408,-2.530408
7.890062,-2.817923,-2.811787,-2.830195,-2.807185,-2.461930,-2.461930,-2.461930,-2.461930
7.900025,-2.817923,-2.811787,-2.830195,-2.807185,-2.391728,-2.391728,-2.391728,-2.391728
7.910054,-2.695205,-2.689069,-2.707476,-2.686001,-2.319101,-2.319101,-2.319101,-2.319101
7.920053,-2.695205,-2.689069,-2.707476,-2.686001,-2.244791,-2.244791,-2.244791,-2.244791
7.930063,-2.566350,-2.558680,-2.577088,-2.560214,-2.168548,-2.168548,-2.168548,-2.168548
7.940063,-2.566350,-2.558680,-2.577088,-2.560214,-2.090585,-2.090585,-2.090585,-2.090585
7.950065,-2.428292,-2.420622,-2.437496,-2.422156,-2.010870,-2.010870,-2.010870,-2.010870
7.960063,-2.428292,-2.420622,-2.437496,-2.422156,-1.929515,-1.929515,-1.929515,-1.929515
7.970061,-2.282564,-2.273360,-2.291768,-2.274894,-1.846530,-1.846530,-1.846530,-1.846530
7.980057,-2.282564,-2.273360,-2.291768,-2.274894,-1.762006,-1.762006,-1.762006,-1.762006
7.990030,-2.129166,-2.121496,-2.138370,-2.118428,-1.676184,-1.676184,-1.676184,-1.676184
8.000063,-2.129166,-2.121496,-2.138370,-2.118428,-1.588409,-1.588409,-1.588409,-1.588409
8.010056,-1.969632,-1.961962,-1.975767,-1.958894,-1.499614,-1.499614,-1.499614,-1.499614
8.020057,-1.969632,-1.961962,-1.975767,-1.958894,-1.409453,-1.409453,-1.409453,-1.409453
8.030060,-1.791690,-1.794758,-1.808564,-1.794758,-1.318040,-1.318040,-1.318040,-1.318040
8.040058,-1.791690,-1.794758,-1.808564,-1.794758,-1.225508,-1.225508,-1.225508,-1.225508
8.050057,-1.618350,-1.621418,-1.638292,-1.622952,-1.131870,-1.131870,-1.131870,-1.131870
8.060058,-1.618350,-1.621418,-1.638292,-1.622952,-1.037210,-1.037210,-1.037210,-1.037210
8.070057,-1.443476,-1.443476,-1.464952,-1.446544,-0.941612,-0.941612,-0.941612,-0.941612
8.080063,-1.443476,-1.443476,-1.464952,-1.446544,-0.845075,-0.845075,-0.845075,-0.845075
8.090055,-1.271670,-1.268602,-1.285476,-1.268602,-0.747874,-0.747874,-0.747874,-0.747874
8.100057,-1.271670,-1.268602,-1.285476,-1.268602,-0.649482,-0.649482,-0.649482,-0.649482
8.110058,-1.090660,-1.089126,-1.102932,-1.082991,-0.550302,-0.550302,-0.550302,-0.550302
8.120058,-1.090660,-1.089126,-1.102932,-1.082991,-0.450787,-0.450787,-0.450787,-0.450787
8.130057,-0.892777,-0.900447,-0.912719,-0.886641,-0.351021,-0.351021,-0.351021,-0.351021
8.140059,-0.892777,-0.900447,-0.912719,-0.886641,-0.251054,-0.251054,-0.251054,-0.251054
8.150059,-0.691825,-0.702563,-0.697961,-0.687223,-0.151055,-0.151055,-0.151055,-0.151055
8.160060,-0.691825,-0.702563,-0.697961,-0.687223,-0.051046,-0.051046,-0.051046,-0.051046
8.170059,-0.492408,-0.500078,-0.493942,-0.486272,0.048950,0.048950,0.048950,0.048950
8.180065,-0.492408,-0.500078,-0.493942,-0.486272,0.148969,0.148969,0.148969,0.148969
8.190061,-0.292990,-0.305262,-0.297592,-0.291456,0.248543,0.248543,0.248543,0.248543
8.200064,-0.292990,-0.305262,-0.297592,-0.291456,0.347868,0.347868,0.347868,0.347868
8.210057,-0.292990,-0.305262,-0.297592,-0.291456,0.446715,0.446715,0.446715,0.446715
8.220061,-0.096641,-0.115049,-0.102777,-0.093573,0.545170,0.545170,0.545170,0.545170
8.230062,0.102777,0.092039,0.092039,0.111981,0.643044,0.643044,0.643044,0.643044
8.240062,0.102777,0.092039,0.092039,0.111981,0.740251,0.740251,0.740251,0.740251
8.250065,0.294524,0.283786,0.291456,0.314466,0.836763,0.836763,0.836763,0.836763
8.260055,0.294524,0.283786,0.291456,0.314466,0.932344,0.932344,0.932344,0.932344
8.270066,0.487806,0.477068,0.487806,0.515418,1.027233,1.027233,1.027233,1.027233
8.280062,0.487806,0.477068,0.487806,0.515418,1.121007,1.121007,1.121007,1.121007
8.290064,0.685690,0.664214,0.682622,0.705631,1.213786,1.213786,1.213786,1.213786
8.300059,0.685690,0.664214,0.682622,0.705631,1.305374,1.305374,1.305374,1.305374
8.310064,0.877437,0.852893,0.874369,0.897379,1.395841,1.395841,1.395841,1.395841
8.320062,0.877437,0.852893,0.874369,0.897379,1.484946,1.484946,1.484946,1.484946
8.330065,1.067651,1.047709,1.067651,1.090660,1.572742,1.572742,1.572742,1.572742
8.340058,1.067651,1.047709,1.067651,1.090660,1.659008,1.659008,1.659008,1.659008
8.350062,1.254797,1.240991,1.254797,1.285476,1.743846,1.743846,1.743846,1.743846
8.360058,1.254797,1.240991,1.254797,1.285476,1.827018,1.827018,1.827018,1.827018
8.370062,1.438874,1.425068,1.434272,1.468020,1.908593,1.908593,1.908593,1.908593
8.380058,1.438874,1.425068,1.434272,1.468020,1.988370,1.988370,1.988370,1.988370
8.390060,1.616816,1.604544,1.610680,1.641360,2.066392,2.066392,2.066392,2.066392
8.400064,1.616816,1.604544,1.610680,1.641360,2.142539,2.142539,2.142539,2.142539
8.410062,1.787088,1.777884,1.784020,1.802428,2.216697,2.216697,2.216697,2.216697
8.420063,1.787088,1.777884,1.784020,1.802428,2.288868,2.288868,2.288868,2.288868
8.430060,1.949690,1.940486,1.943554,1.968098,2.358937,2.358937,2.358937,2.358937
8.440063,1.949690,1.940486,1.943554,1.968098,2.426903,2.426903,2.426903,2.426903
8.450060,2.107690,2.101554,2.101554,2.126098,2.492622,2.492622,2.492622,2.492622
8.460064,2.107690,2.101554,2.101554,2.126098,2.556124,2.556124,2.556124,2.556124
8.470058,2.253418,2.254952,2.245748,2.274894,2.617253,2.617253,2.617253,2.617253
8.480063,2.253418,2.254952,2.245748,2.274894,2.676061,2.676061,2.676061,2.676061
8.490060,2.393010,2.399146,2.385340,2.417554,2.732394,2.732394,2.732394,2.732394
8.500064,2.393010,2.399146,2.385340,2.417554,2.786284,2.786284,2.786284,2.786284
8.510064,2.521865,2.534137,2.517263,2.555612,2.837617,2.837617,2.837617,2.837617
8.520059,2.521865,2.534137,2.517263,2.555612,2.886343,2.886343,2.886343,2.886343
8.530062,2.644583,2.655321,2.638447,2.670661,2.932480,2.932480,2.932480,2.932480
8.540059,2.644583,2.655321,2.638447,2.670661,2.975920,2.975920,2.975920,2.975920
8.550062,2.758098,2.774972,2.747360,2.784175,3.016670,3.016670,3.016670,3.016670
8.560060,2.758098,2.774972,2.747360,2.784175,3.054645,3.054645,3.054645,3.054645
8.570061,2.862409,2.879282,2.847069,2.886952,3.089843,3.089843,3.089843,3.089843
8.580062,2.862409,2.879282,2.847069,2.886952,3.122215,3.122215,3.122215,3.122215
8.590059,2.952914,2.972855,2.937574,2.980525,3.151719,3.151719,3.151719,3.151719
8.600060,2.952914,2.972855,2.937574,2.980525,3.178346,3.178346,3.178346,3.178346
8.610060,3.035748,3.055690,3.018875,3.060292,3.202060,3.202060,3.202060,3.202060
8.620054,3.035748,3.055690,3.018875,3.060292,3.222825,3.222825,3.222825,3.222825
8.630064,3.104778,3.117049,3.086370,3.121651,3.240657,3.240657,3.240657,3.240657
8.640062,3.104778,3.117049,3.086370,3.121651,3.255489,3.255489,3.255489,3.255489
8.650063,3.152331,3.167671,3.144661,3.172273,3.267327,3.267327,3.267327,3.267327
8.660058,3.152331,3.167671,3.144661,3.172273,3.276153,3.276153,3.276153,3.276153
8.670063,3.196816,3.216758,3.192214,3.216758,3.281964,3.281964,3.281964,3.281964
8.680060,3.196816,3.216758,3.192214,3.216758,3.284741,3.284741,3.284741,3.284741
8.690062,3.233632,3.253574,3.224428,3.252040,3.284483,3.284483,3.284483,3.284483
8.700060,3.233632,3.253574,3.224428,3.252040,3.281188,3.281188,3.281188,3.281188
8.710063,3.255108,3.273515,3.242836,3.271981,3.274853,3.274853,3.274853,3.274853
8.720059,3.255108,3.273515,3.242836,3.271981,3.265487,3.265487,3.265487,3.265487
8.730063,3.264312,3.282719,3.250506,3.281185,3.253082,3.253082,3.253082,3.253082
8.740063,3.264312,3.282719,3.250506,3.281185,3.237660,3.237660,3.237660,3.237660
8.750060,3.265846,3.282719,3.250506,3.281185,3.219233,3.219233,3.219233,3.219233
8.760058,3.265846,3.282719,3.250506,3.281185,3.197810,3.197810,3.197810,3.197810
8.770061,3.264312,3.281185,3.250506,3.279651,3.173397,3.173397,3.173397,3.173397
8.780062,3.264312,3.281185,3.250506,3.279651,3.146027,3.146027,3.146027,3.146027
8.790056,3.262778,3.271981,3.247438,3.270447,3.115741,3.115741,3.115741,3.115741
8.800056,3.262778,3.271981,3.247438,3.270447,3.082527,3.082527,3.082527,3.082527
8.810060,3.229030,3.236700,3.224428,3.232098,3.046417,3.046417,3.046417,3.046417
8.820059,3.229030,3.236700,3.224428,3.232098,3.007471,3.007471,3.007471,3.007471
8.830062,3.173807,3.183011,3.175341,3.179943,2.965687,2.965687,2.965687,2.965687
8.840063,3.173807,3.183011,3.175341,3.179943,2.921135,2.921135,2.921135,2.921135
8.850064,3.120117,3.123185,3.110914,3.120117,2.873836,2.873836,2.873836,2.873836
8.860064,3.120117,3.123185,3.110914,3.120117,2.823848,2.823848,2.823848,2.823848
8.870061,3.046486,3.058758,3.037282,3.055690,2.771216,2.771216,2.771216,2.771216
8.880058,3.046486,3.058758,3.037282,3.055690,2.715981,2.715981,2.715981,2.715981
8.890059,2.955981,2.975923,2.954448,2.969787,2.658170,2.658170,2.658170,2.658170
8.900058,2.955981,2.975923,2.954448,2.969787,2.597868,2.597868,2.597868,2.597868
8.910064,2.862409,2.877748,2.857807,2.871613,2.535070,2.535070,2.535070,2.535070
8.920063,2.862409,2.877748,2.857807,2.871613,2.469926,2.469926,2.469926,2.469926
8.930062,2.756564,2.764234,2.750428,2.764234,2.402451,2.402451,2.402451,2.402451
8.940064,2.756564,2.764234,2.750428,2.764234,2.332688,2.332688,2.332688,2.332688
8.950065,2.641515,2.644583,2.633845,2.646117,2.260743,2.260743,2.260743,2.260743
8.960058,2.641515,2.644583,2.633845,2.646117,2.186710,2.186710,2.186710,2.186710
8.970067,2.517263,2.517263,2.508059,2.518797,2.110497,2.110497,2.110497,2.110497
8.980060,2.517263,2.517263,2.508059,2.518797,2.032425,2.032425,2.032425,2.032425
8.990055,2.382272,2.377671,2.371535,2.380738,1.952409,1.952409,1.952409,1.952409
9.000061,2.382272,2.377671,2.371535,2.380738,1.870469,1.870469,1.870469,1.870469
9.010054,2.233476,2.227340,2.224272,2.235010,1.786884,1.786884,1.786884,1.786884
9.020057,2.233476,2.227340,2.224272,2.235010,1.701526,1.701526,1.701526,1.701526
9.030056,2.080078,2.067806,2.070874,2.083146,1.614602,1.614602,1.614602,1.614602
9.040056,2.080078,2.067806,2.070874,2.083146,1.526163,1.526163,1.526163,1.526163
9.050056,1.920544,1.905204,1.908272,1.922078,1.436298,1.436298,1.436298,1.436298
9.060060,1.920544,1.905204,1.908272,1.922078,1.345044,1.345044,1.345044,1.345044
9.070035,1.750272,1.733399,1.745670,1.748738,1.252816,1.252816,1.252816,1.252816
9.080059,1.750272,1.733399,1.745670,1.748738,1.158973,1.158973,1.158973,1.158973
9.090054,1.564661,1.555457,1.570796,1.572330,1.064333,1.064333,1.064333,1.064333
9.100062,1.564661,1.555457,1.570796,1.572330,0.968581,0.968581,0.968581,0.968581
9.110057,1.386719,1.374447,1.391321,1.388253,0.872098,0.872098,0.872098,0.872098
9.120055,1.386719,1.374447,1.391321,1.388253,0.774785,0.774785,0.774785,0.774785
9.130059,1.205709,1.191903,1.205709,1.202641,0.676739,0.676739,0.676739,0.676739
9.140058,1.205709,1.191903,1.205709,1.202641,0.578153,0.578153,0.578153,0.578153
9.150058,1.026233,1.000156,1.013961,1.007825,0.479067,0.479067,0.479067,0.479067
9.160058,1.026233,1.000156,1.013961,1.007825,0.379583,0.379583,0.379583,0.379583
9.170060,0.836020,0.813010,0.816078,0.826816,0.279797,0.279797,0.279797,0.279797
9.180054,0.836020,0.813010,0.816078,0.826816,0.179911,0.179911,0.179911,0.179911
9.190054,0.636602,0.625864,0.627398,0.628932,0.079911,0.079911,0.079911,0.079911
9.200055,0.636602,0.625864,0.627398,0.628932,-0.020101,-0.020101,-0.020101,-0.020101
9.210059,0.440253,0.426447,0.429515,0.432583,-0.120105,-0.120105,-0.120105,-0.120105
9.220052,0.440253,0.426447,0.429515,0.432583,-0.219712,-0.219712,-0.219712,-0.219712
9.230061,0.245437,0.220893,0.227029,0.231631,-0.319151,-0.319151,-0.319151,-0.319151
9.240054,0.245437,0.220893,0.227029,0.231631,-0.418023,-0.418023,-0.418023,-0.418023
9.250058,0.047553,0.021476,0.026078,0.029146,-0.516460,-0.516460,-0.516460,-0.516460
9.260059,0.047553,0.021476,0.026078,0.029146,-0.614247,-0.614247,-0.614247,-0.614247
9.270064,-0.154932,-0.177942,-0.176408,-0.184078,-0.711329,-0.711329,-0.711329,-0.711329
9.280057,-0.154932,-0.177942,-0.176408,-0.184078,-0.807461,-0.807461,-0.807461,-0.807461
9.290059,-0.368155,-0.380427,-0.383495,-0.392699,-0.902754,-0.902754,-0.902754,-0.902754
9.300062,-0.368155,-0.380427,-0.383495,-0.392699,-0.997023,-0.997023,-0.997023,-0.997023
9.310063,-0.558369,-0.569107,-0.573709,-0.579845,-1.090132,-1.090132,-1.090132,-1.090132
9.320058,-0.558369,-0.569107,-0.573709,-0.579845,-1.181946,-1.181946,-1.181946,-1.181946
9.330062,-0.745515,-0.753185,-0.760855,-0.765456,-1.272527,-1.272527,-1.272527,-1.272527
9.340058,-0.745515,-0.753185,-0.760855,-0.765456,-1.361605,-1.361605,-1.361605,-1.361605
9.350037,-0.937262,-0.935728,-0.952602,-0.949534,-1.449012,-1.449012,-1.449012,-1.449012
9.360058,-0.937262,-0.935728,-0.952602,-0.949534,-1.535176,-1.535176,-1.535176,-1.535176
9.370061,-1.121340,-1.107534,-1.129010,-1.129010,-1.619477,-1.619477,-1.619477,-1.619477
9.380026,-1.121340,-1.107534,-1.129010,-1.129010,-1.701659,-1.701659,-1.701659,-1.701659
9.390054,-1.293146,-1.283942,-1.306952,-1.306952,-1.782477,-1.782477,-1.782477,-1.782477
9.400014,-1.293146,-1.283942,-1.306952,-1.306952,-1.860784,-1.860784,-1.860784,-1.860784
9.410058,-1.469554,-1.460350,-1.484894,-1.481826,-1.937681,-1.937681,-1.937681,-1.937681
9.420055,-1.469554,-1.460350,-1.484894,-1.481826,-2.012069,-2.012069,-2.012069,-2.012069
9.430056,-1.644428,-1.635224,-1.659767,-1.659767,-2.084262,-2.084262,-2.084262,-2.084262
9.440056,-1.644428,-1.635224,-1.659767,-1.659767,-2.154147,-2.154147,-2.154147,-2.154147
9.450056,-1.811632,-1.802428,-1.822369,-1.826971,-2.221650,-2.221650,-2.221650,-2.221650
9.460056,-1.811632,-1.802428,-1.822369,-1.826971,-2.286699,-2.286699,-2.286699,-2.286699
9.470057,-1.965030,-1.955826,-1.978835,-1.975767,-2.349220,-2.349220,-2.349220,-2.349220
9.480060,-1.965030,-1.955826,-1.978835,-1.975767,-2.409153,-2.409153,-2.409153,-2.409153
9.490055,-2.106156,-2.096952,-2.118428,-2.116894,-2.466383,-2.466383,-2.466383,-2.466383
9.500054,-2.106156,-2.096952,-2.118428,-2.116894,-2.520906,-2.520906,-2.520906,-2.520906
9.510021,-2.242680,-2.230408,-2.253418,-2.251884,-2.572475,-2.572475,-2.572475,-2.572475
9.520059,-2.242680,-2.230408,-2.253418,-2.251884,-2.621548,-2.621548,-2.621548,-2.621548
9.530059,-2.366933,-2.356195,-2.377671,-2.377671,-2.667529,-2.667529,-2.667529,-2.667529
9.540055,-2.366933,-2.356195,-2.377671,-2.377671,-2.710533,-2.710533,-2.710533,-2.710533
9.550056,-2.481981,-2.471243,-2.491185,-2.489651,-2.750551,-2.750551,-2.750551,-2.750551
9.560058,-2.481981,-2.471243,-2.491185,-2.489651,-2.787512,-2.787512,-2.787512,-2.787512
9.570062,-2.586292,-2.575554,-2.587826,-2.595496,-2.821382,-2.821382,-2.821382,-2.821382
9.580060,-2.586292,-2.575554,-2.587826,-2.595496,-2.852093,-2.852093,-2.852093,-2.852093
9.590060,-2.681399,-2.669127,-2.678331,-2.687535,-2.879637,-2.879637,-2.879637,-2.879637
9.600060,-2.681399,-2.669127,-2.678331,-2.687535,-2.903967,-2.903967,-2.903967,-2.903967
9.610064,-2.761166,-2.748894,-2.758098,-2.765768,-2.925069,-2.925069,-2.925069,-2.925069
9.620059,-2.761166,-2.748894,-2.758098,-2.765768,-2.942888,-2.942888,-2.942888,-2.942888
9.630062,-2.828661,-2.816389,-2.827127,-2.831729,-2.957434,-2.957434,-2.957434,-2.957434
9.640058,-2.828661,-2.816389,-2.827127,-2.831729,-2.968662,-2.968662,-2.968662,-2.968662
9.650061,-2.879282,-2.871613,-2.879282,-2.883884,-2.976574,-2.976574,-2.976574,-2.976574
9.660058,-2.879282,-2.871613,-2.879282,-2.883884,-2.981148,-2.981148,-2.981148,-2.981148
9.670064,-2.919166,-2.914564,-2.923768,-2.926836,-2.982380,-2.982380,-2.982380,-2.982380
9.680065,-2.919166,-2.914564,-2.923768,-2.926836,-2.980262,-2.980262,-2.980262,-2.980262
9.690060,-2.946778,-2.942176,-2.949846,-2.951380,-2.974799,-2.974799,-2.974799,-2.974799
9.700059,-2.946778,-2.942176,-2.949846,-2.951380,-2.965989,-2.965989,-2.965989,-2.965989
9.710063,-2.962117,-2.955981,-2.963651,-2.965185,-2.953835,-2.953835,-2.953835,-2.953835
9.720066,-2.962117,-2.955981,-2.963651,-2.965185,-2.938351,-2.938351,-2.938351,-2.938351
9.730061,-2.963651,-2.955981,-2.963651,-2.965185,-2.919569,-2.919569,-2.919569,-2.919569
9.740065,-2.963651,-2.955981,-2.963651,-2.965185,-2.897473,-2.897473,-2.897473,-2.897473
9.750063,-2.962117,-2.955981,-2.963651,-2.963651,-2.872114,-2.872114,-2.872114,-2.872114
9.760057,-2.962117,-2.955981,-2.963651,-2.963651,-2.843521,-2.843521,-2.843521,-2.843521
9.770066,-2.955981,-2.948312,-2.960583,-2.954448,-2.811667,-2.811667,-2.811667,-2.811667
9.780061,-2.955981,-2.948312,-2.960583,-2.954448,-2.776671,-2.776671,-2.776671,-2.776671
9.790058,-2.922234,-2.914564,-2.931438,-2.920700,-2.738519,-2.738519,-2.738519,-2.738519
9.800063,-2.922234,-2.914564,-2.931438,-2.920700,-2.697232,-2.697232,-2.697232,-2.697232
9.810064,-2.867011,-2.860875,-2.879282,-2.865477,-2.652897,-2.652897,-2.652897,-2.652897
9.820063,-2.867011,-2.860875,-2.879282,-2.865477,-2.605558,-2.605558,-2.605558,-2.605558
9.830064,-2.802583,-2.796447,-2.813321,-2.794913,-2.555242,-2.555242,-2.555242,-2.555242
9.840062,-2.802583,-2.796447,-2.813321,-2.794913,-2.502037,-2.502037,-2.502037,-2.502037
9.850064,-2.724350,-2.719748,-2.735088,-2.716680,-2.445955,-2.445955,-2.445955,-2.445955
9.860063,-2.724350,-2.719748,-2.735088,-2.716680,-2.387113,-2.387113,-2.387113,-2.387113
9.870063,-2.633845,-2.632311,-2.644583,-2.627709,-2.325541,-2.325541,-2.325541,-2.325541
9.880064,-2.633845,-2.632311,-2.644583,-2.627709,-2.261308,-2.261308,-2.261308,-2.261308
9.890055,-2.534137,-2.524933,-2.543340,-2.531069,-2.194569,-2.194569,-2.194569,-2.194569
9.900055,-2.534137,-2.524933,-2.543340,-2.531069,-2.125260,-2.125260,-2.125260,-2.125260
9.910057,-2.420622,-2.411418,-2.428292,-2.414486,-2.053513,-2.053513,-2.053513,-2.053513
9.920058,-2.420622,-2.411418,-2.428292,-2.414486,-1.979429,-1.979429,-1.979429,-1.979429
9.930058,-2.293302,-2.290234,-2.304039,-2.290234,-1.903099,-1.903099,-1.903099,-1.903099
9.940056,-2.293302,-2.290234,-2.304039,-2.290234,-1.824604,-1.824604,-1.824604,-1.824604
9.950055,-2.159845,-2.155243,-2.167515,-2.155243,-1.744022,-1.744022,-1.744022,-1.744022
9.960054,-2.159845,-2.155243,-2.167515,-2.155243,-1.661452,-1.661452,-1.661452,-1.661452
9.970056,-2.015651,-2.009515,-2.021787,-2.012583,-1.576978,-1.576978,-1.576978,-1.576978
9.980062,-2.015651,-2.009515,-2.021787,-2.012583,-1.490662,-1.490662,-1.490662,-1.490662
9.990053,-1.862253,-1.856117,-1.868389,-1.859185,-1.402787,-1.402787,-1.402787,-1.402787
10.000055,-1.862253,-1.856117,-1.868389,-1.859185,-1.313228,-1.313228,-1.313228,-1.313228
10.010059,-1.701185,-1.693515,-1.704253,-1.698117,-1.222158,-1.222158,-1.222158,-1.222158
10.020054,-1.701185,-1.693515,-1.704253,-1.698117,-1.129806,-1.129806,-1.129806,-1.129806
10.030057,-1.530913,-1.526311,-1.530913,-1.527845,-1.036098,-1.036098,-1.036098,-1.036098
10.040056,-1.530913,-1.526311,-1.530913,-1.527845,-0.941278,-0.941278,-0.941278,-0.941278
10.050056,-1.357573,-1.356039,-1.362175,-1.356039,-0.845395,-0.845395,-0.845395,-0.845395
10.060055,-1.357573,-1.356039,-1.362175,-1.356039,-0.748608,-0.748608,-0.748608,-0.748608
10.070058,-1.179631,-1.179631,-1.193437,-1.178097,-0.650949,-0.650949,-0.650949,-0.650949
10.080054,-1.179631,-1.179631,-1.193437,-1.178097,-0.552662,-0.552662,-0.552662,-0.552662
10.090054,-0.997088,-0.994020,-1.009359,-0.989418,-0.453775,-0.453775,-0.453775,-0.453775
10.100057,-0.997088,-0.994020,-1.009359,-0.989418,-0.354382,-0.354382,-0.354382,-0.354382
10.110057,-0.796136,-0.803806,-0.799204,-0.793068,-0.254677,-0.254677,-0.254677,-0.254677
10.120050,-0.796136,-0.803806,-0.799204,-0.793068,-0.154811,-0.154811,-0.154811,-0.154811
10.130056,-0.595185,-0.604389,-0.592117,-0.592117,-0.054757,-0.054757,-0.054757,-0.054757
10.140051,-0.595185,-0.604389,-0.592117,-0.592117,0.045194,0.045194,0.045194,0.045194
10.150058,-0.383495,-0.408039,-0.394233,-0.392699,0.145132,0.145132,0.145132,0.145132
10.160053,-0.383495,-0.408039,-0.394233,-0.392699,0.244676,0.244676,0.244676,0.244676
10.170050,-0.194816,-0.214757,-0.202485,-0.199418,0.343836,0.343836,0.343836,0.343836
10.180058,-0.194816,-0.214757,-0.202485,-0.199418,0.442612,0.442612,0.442612,0.442612
10.190060,-0.006136,-0.013806,-0.007670,0.007670,0.540675,0.540675,0.540675,0.540675
10.200062,-0.006136,-0.013806,-0.007670,0.007670,0.637989,0.637989,0.637989,0.637989
10.210061,0.188680,0.184078,0.191748,0.205553,0.734401,0.734401,0.734401,0.734401
10.220060,0.188680,0.184078,0.191748,0.205553,0.829815,0.829815,0.829815,0.829815
10.230063,0.386563,0.374291,0.389631,0.408039,0.924156,0.924156,0.924156,0.924156
10.240058,0.386563,0.374291,0.389631,0.408039,1.017182,1.017182,1.017182,1.017182
10.250061,0.584447,0.562971,0.581379,0.604389,1.108938,1.108938,1.108938,1.108938
10.260059,0.584447,0.562971,0.581379,0.604389,1.199183,1.199183,1.199183,1.199183
10.270060,0.774660,0.751651,0.770058,0.793068,1.287867,1.287867,1.287867,1.287867
10.280061,0.774660,0.751651,0.770058,0.793068,1.374875,1.374875,1.374875,1.374875
10.290061,0.963340,0.943398,0.958738,0.983282,1.460063,1.460063,1.460063,1.460063
10.300063,0.963340,0.943398,0.958738,0.983282,1.543362,1.543362,1.543362,1.543362
10.310064,1.147418,1.132078,1.148952,1.168894,1.624634,1.624634,1.624634,1.624634
10.320060,1.147418,1.132078,1.148952,1.168894,1.703741,1.703741,1.703741,1.703741
10.330061,1.328428,1.316156,1.333030,1.348369,1.780674,1.780674,1.780674,1.780674
10.340061,1.328428,1.316156,1.333030,1.348369,1.855270,1.855270,1.855270,1.855270
10.350061,1.501767,1.489496,1.501767,1.518641,1.927458,1.927458,1.927458,1.927458
10.360060,1.501767,1.489496,1.501767,1.518641,1.997112,1.997112,1.997112,1.997112
10.370063,1.664369,1.650564,1.662835,1.675107,2.064205,2.064205,2.064205,2.064205
10.380064,1.664369,1.650564,1.662835,1.675107,2.128587,2.128587,2.128587,2.128587
10.390057,1.816234,1.803962,1.813166,1.830039,2.190150,2.190150,2.190150,2.190150
10.400040,1.816234,1.803962,1.813166,1.830039,2.248800,2.248800,2.248800,2.248800
10.410061,1.960428,1.952758,1.955826,1.977301,2.304739,2.304739,2.304739,2.304739
10.420057,1.960428,1.952758,1.955826,1.977301,2.357533,2.357533,2.357533,2.357533
10.430062,2.095418,2.090816,2.090816,2.112292,2.407288,2.407288,2.407288,2.407288
10.440060,2.095418,2.090816,2.090816,2.112292,2.453864,2.453864,2.453864,2.453864
10.450059,2.216603,2.218137,2.212001,2.236544,2.497243,2.497243,2.497243,2.497243
10.460062,2.216603,2.218137,2.212001,2.236544,2.537369,2.537369,2.537369,2.537369
10.470061,2.327049,2.331651,2.320913,2.346991,2.574162,2.574162,2.574162,2.574162
10.480058,2.327049,2.331651,2.320913,2.346991,2.607575,2.607575,2.607575,2.607575
10.490060,2.426758,2.432894,2.420622,2.448234,2.637591,2.637591,2.637591,2.637591
10.500056,2.426758,2.432894,2.420622,2.448234,2.664132,2.664132,2.664132,2.664132
10.510057,2.509593,2.521865,2.506525,2.532603,2.687188,2.687188,2.687188,2.687188
10.520057,2.509593,2.521865,2.506525,2.532603,2.706710,2.706710,2.706710,2.706710
10.530059,2.581690,2.600098,2.575554,2.604700,2.722678,2.722678,2.722678,2.722678
10.540061,2.581690,2.600098,2.575554,2.604700,2.735063,2.735063,2.735063,2.735063
10.550056,2.643049,2.656855,2.632311,2.662991,2.743839,2.743839,2.743839,2.743839
10.560031,2.643049,2.656855,2.632311,2.662991,2.748997,2.748997,2.748997,2.748997
10.570048,2.687535,2.702874,2.676797,2.710544,2.750545,2.750545,2.750545,2.750545
10.580062,2.687535,2.702874,2.676797,2.710544,2.748451,2.748451,2.748451,2.748451
10.590061,2.718214,2.738156,2.709010,2.738156,2.742725,2.742725,2.742725,2.742725
10.600060,2.718214,2.738156,2.709010,2.738156,2.733373,2.733373,2.733373,2.733373
10.610065,2.733554,2.755030,2.727418,2.755030,2.720397,2.720397,2.720397,2.720397
10.620062,2.733554,2.755030,2.727418,2.755030,2.703827,2.703827,2.703827,2.703827
10.630056,2.735088,2.756564,2.728952,2.756564,2.683677,2.683677,2.683677,2.683677
10.640062,2.735088,2.756564,2.728952,2.756564,2.659944,2.659944,2.659944,2.659944
10.650055,2.735088,2.755030,2.727418,2.756564,2.632712,2.632712,2.632712,2.632712
10.660059,2.735088,2.755030,2.727418,2.756564,2.601947,2.601947,2.601947,2.601947
10.670057,2.725884,2.739690,2.721282,2.739690,2.567739,2.567739,2.567739,2.567739
10.680059,2.725884,2.739690,2.721282,2.739690,2.530100,2.530100,2.530100,2.530100
10.690053,2.682933,2.699806,2.689069,2.701340,2.489123,2.489123,2.489123,2.489123
10.700057,2.682933,2.699806,2.689069,2.701340,2.444788,2.444788,2.444788,2.444788
10.710058,2.626175,2.639981,2.632311,2.643049,2.397201,2.397201,2.397201,2.397201
10.720059,2.626175,2.639981,2.632311,2.643049,2.346410,2.346410,2.346410,2.346410
10.730058,2.561748,2.566350,2.558680,2.569418,2.292503,2.292503,2.292503,2.292503
10.740056,2.561748,2.566350,2.558680,2.569418,2.235531,2.235531,2.235531,2.235531
10.750055,2.477379,2.480447,2.475845,2.485049,2.175564,2.175564,2.175564,2.175564
10.760059,2.477379,2.480447,2.475845,2.485049,2.112662,2.112662,2.112662,2.112662
10.770056,2.382272,2.380738,2.379205,2.385340,2.046973,2.046973,2.046973,2.046973
10.780057,2.382272,2.380738,2.379205,2.385340,1.978520,1.978520,1.978520,1.978520
10.790053,2.271826,2.270292,2.268758,2.276428,1.907449,1.907449,1.907449,1.907449
10.800057,2.271826,2.270292,2.268758,2.276428,1.833771,1.833771,1.833771,1.833771
10.810059,2.152175,2.144506,2.147573,2.156777,1.757662,1.757662,1.757662,1.757662
10.820058,2.152175,2.144506,2.147573,2.156777,1.679205,1.679205,1.679205,1.679205
10.830058,2.017185,2.006447,2.011049,2.023321,1.598499,1.598499,1.598499,1.598499
10.840059,2.017185,2.006447,2.011049,2.023321,1.515653,1.515653,1.515653,1.515653
10.850059,1.876059,1.859185,1.865321,1.877593,1.430791,1.430791,1.430791,1.430791
10.860061,1.876059,1.859185,1.865321,1.877593,1.343995,1.343995,1.343995,1.343995
10.870055,1.721127,1.705787,1.711923,1.725729,1.255475,1.255475,1.255475,1.255475
10.880052,1.721127,1.705787,1.711923,1.725729,1.165275,1.165275,1.165275,1.165275
10.890051,1.563127,1.546253,1.550855,1.564661,1.073499,1.073499,1.073499,1.073499
10.900058,1.563127,1.546253,1.550855,1.564661,0.980232,0.980232,0.980232,0.980232
10.910057,1.394389,1.372913,1.382117,1.392855,0.885751,0.885751,0.885751,0.885751
10.920058,1.394389,1.372913,1.382117,1.392855,0.790094,0.790094,0.790094,0.790094
10.930057,1.217981,1.194971,1.202641,1.213379,0.693427,0.693427,0.693427,0.693427
10.940058,1.217981,1.194971,1.202641,1.213379,0.595855,0.595855,0.595855,0.595855
10.950057,1.032369,1.010893,1.017029,1.026233,0.497538,0.497538,0.497538,0.497538
10.960061,1.032369,1.010893,1.017029,1.026233,0.398547,0.398547,0.398547,0.398547
10.970061,0.846758,0.825282,0.831418,0.837554,0.299125,0.299125,0.299125,0.299125
10.980055,0.846758,0.825282,0.831418,0.837554,0.199427,0.199427,0.199427,0.199427
10.990056,0.651942,0.639670,0.645806,0.642738,0.099458,0.099458,0.099458,0.099458
11.000055,0.651942,0.639670,0.645806,0.642738,-0.000539,-0.000539,-0.000539,-0.000539
11.010058,0.457126,0.441787,0.450990,0.447922,-0.100519,-0.100519,-0.100519,-0.100519
11.020061,0.457126,0.441787,0.450990,0.447922,-0.200246,-0.200246,-0.200246,-0.200246
11.030059,0.260777,0.240835,0.256175,0.245437,-0.299569,-0.299569,-0.299569,-0.299569
11.040059,0.260777,0.240835,0.256175,0.245437,-0.398399,-0.398399,-0.398399,-0.398399
11.050063,0.061359,0.038350,0.059825,0.046019,-0.496617,-0.496617,-0.496617,-0.496617
11.060060,0.061359,0.038350,0.059825,0.046019,-0.593967,-0.593967,-0.593967,-0.593967
11.070065,-0.138058,-0.171806,-0.142660,-0.164136,-0.690466,-0.690466,-0.690466,-0.690466
11.080055,-0.138058,-0.171806,-0.142660,-0.164136,-0.785759,-0.785759,-0.785759,-0.785759
11.090059,-0.342078,-0.366621,-0.342078,-0.360486,-0.879969,-0.879969,-0.879969,-0.879969
11.100057,-0.342078,-0.366621,-0.342078,-0.360486,-0.972777,-0.972777,-0.972777,-0.972777
11.110062,-0.536893,-0.556835,-0.549165,-0.555301,-1.064167,-1.064167,-1.064167,-1.064167
11.120061,-0.536893,-0.556835,-0.549165,-0.555301,-1.153884,-1.153884,-1.153884,-1.153884
11.130062,-0.730175,-0.745515,-0.743981,-0.747049,-1.241881,-1.241881,-1.241881,-1.241881
11.140057,-0.730175,-0.745515,-0.743981,-0.747049,-1.327945,-1.327945,-1.327945,-1.327945
11.150057,-0.918855,-0.923457,-0.932660,-0.931126,-1.412062,-1.412062,-1.412062,-1.412062
11.160064,-0.918855,-0.923457,-0.932660,-0.931126,-1.494099,-1.494099,-1.494099,-1.494099
11.170063,-1.112136,-1.095262,-1.104466,-1.109068,-1.573831,-1.573831,-1.573831,-1.573831
11.180057,-1.112136,-1.095262,-1.104466,-1.109068,-1.651159,-1.651159,-1.651159,-1.651159
11.190062,-1.290078,-1.271670,-1.282408,-1.290078,-1.726093,-1.726093,-1.726093,-1.726093
11.200055,-1.290078,-1.271670,-1.282408,-1.290078,-1.798358,-1.798358,-1.798358,-1.798358
11.210060,-1.443476,-1.435806,-1.448078,-1.449612,-1.868002,-1.868002,-1.868002,-1.868002
11.220057,-1.443476,-1.435806,-1.448078,-1.449612,-1.934788,-1.934788,-1.934788,-1.934788
11.230062,-1.593806,-1.596874,-1.607612,-1.609146,-1.998718,-1.998718,-1.998718,-1.998718
11.240025,-1.593806,-1.596874,-1.607612,-1.609146,-2.059401,-2.059401,-2.059401,-2.059401
11.250062,-1.748738,-1.750272,-1.761010,-1.765612,-2.117430,-2.117430,-2.117430,-2.117430
11.260064,-1.748738,-1.750272,-1.761010,-1.765612,-2.172069,-2.172069,-2.172069,-2.172069
11.270064,-1.894467,-1.889865,-1.899068,-1.908272,-2.223436,-2.223436,-2.223436,-2.223436
11.280062,-1.894467,-1.889865,-1.899068,-1.908272,-2.271447,-2.271447,-2.271447,-2.271447
11.290061,-2.037127,-2.027923,-2.043263,-2.043263,-2.316052,-2.316052,-2.316052,-2.316052
11.300066,-2.037127,-2.027923,-2.043263,-2.043263,-2.357190,-2.357190,-2.357190,-2.357190
11.310061,-2.138370,-2.132234,-2.149107,-2.147573,-2.394743,-2.394743,-2.394743,-2.394743
11.320064,-2.138370,-2.132234,-2.149107,-2.147573,-2.428714,-2.428714,-2.428714,-2.428714
11.330059,-2.233476,-2.227340,-2.241146,-2.245748,-2.459002,-2.459002,-2.459002,-2.459002
11.340056,-2.233476,-2.227340,-2.241146,-2.245748,-2.485584,-2.485584,-2.485584,-2.485584
11.350060,-2.320913,-2.316311,-2.328583,-2.336253,-2.508429,-2.508429,-2.508429,-2.508429
11.360056,-2.320913,-2.316311,-2.328583,-2.336253,-2.527469,-2.527469,-2.527469,-2.527469
11.370058,-2.320913,-2.316311,-2.328583,-2.336253,-2.542697,-2.542697,-2.542697,-2.542697
11.380058,-2.399146,-2.394544,-2.403748,-2.409884,-2.554072,-2.554072,-2.554072,-2.554072
11.390058,-2.458972,-2.452836,-2.465107,-2.466641,-2.561578,-2.561578,-2.561578,-2.561578
11.400057,-2.458972,-2.452836,-2.465107,-2.466641,-2.565201,-2.565201,-2.565201,-2.565201
11.410057,-2.504991,-2.495787,-2.508059,-2.509593,-2.564932,-2.564932,-2.564932,-2.564932
11.420057,-2.504991,-2.495787,-2.508059,-2.509593,-2.560769,-2.560769,-2.560769,-2.560769
11.430058,-2.534137,-2.523399,-2.534137,-2.537205,-2.552713,-2.552713,-2.552713,-2.552713
11.440055,-2.534137,-2.523399,-2.534137,-2.537205,-2.540778,-2.540778,-2.540778,-2.540778
11.450063,-2.546408,-2.537205,-2.544874,-2.549476,-2.524961,-2.524961,-2.524961,-2.524961
11.460057,-2.546408,-2.537205,-2.544874,-2.549476,-2.505319,-2.505319,-2.505319,-2.505319
11.470057,-2.546408,-2.538738,-2.546408,-2.549476,-2.481849,-2.481849,-2.481849,-2.481849
11.480057,-2.546408,-2.538738,-2.546408,-2.549476,-2.454591,-2.454591,-2.454591,-2.454591
11.490009,-2.546408,-2.537205,-2.544874,-2.547942,-2.423743,-2.423743,-2.423743,-2.423743
11.500061,-2.546408,-2.537205,-2.544874,-2.547942,-2.388860,-2.388860,-2.388860,-2.388860
11.510063,-2.528001,-2.518797,-2.532603,-2.528001,-2.350489,-2.350489,-2.350489,-2.350489
11.520062,-2.528001,-2.518797,-2.532603,-2.528001,-2.308535,-2.308535,-2.308535,-2.308535
11.530064,-2.480447,-2.472777,-2.489651,-2.478913,-2.263034,-2.263034,-2.263034,-2.263034
11.540059,-2.480447,-2.472777,-2.489651,-2.478913,-2.214097,-2.214097,-2.214097,-2.214097
11.550063,-2.411418,-2.406816,-2.423690,-2.412952,-2.161721,-2.161721,-2.161721,-2.161721
11.560060,-2.411418,-2.406816,-2.423690,-2.412952,-2.106068,-2.106068,-2.106068,-2.106068
11.570062,-2.333185,-2.328583,-2.346991,-2.331651,-2.047155,-2.047155,-2.047155,-2.047155
11.580062,-2.333185,-2.328583,-2.346991,-2.331651,-1.985106,-1.985106,-1.985106,-1.985106
11.590056,-2.241146,-2.235010,-2.254952,-2.242680,-1.920051,-1.920051,-1.920051,-1.920051
11.600062,-2.241146,-2.235010,-2.254952,-2.242680,-1.851970,-1.851970,-1.851970,-1.851970
11.610061,-2.135302,-2.130700,-2.147573,-2.135302,-1.781089,-1.781089,-1.781089,-1.781089
11.620059,-2.135302,-2.130700,-2.147573,-2.135302,-1.707477,-1.707477,-1.707477,-1.707477
11.630060,-2.017185,-2.012583,-2.029457,-2.015651,-1.631227,-1.631227,-1.631227,-1.631227
11.640033,-2.017185,-2.012583,-2.029457,-2.015651,-1.552690,-1.552690,-1.552690,-1.552690
11.650054,-1.886797,-1.879127,-1.897534,-1.885263,-1.471384,-1.471384,-1.471384,-1.471384
11.660055,-1.886797,-1.879127,-1.897534,-1.885263,-1.387988,-1.387988,-1.387988,-1.387988
11.670058,-1.744136,-1.736467,-1.747204,-1.744136,-1.302439,-1.302439,-1.302439,-1.302439
11.680058,-1.744136,-1.736467,-1.747204,-1.744136,-1.214928,-1.214928,-1.214928,-1.214928
11.690056,-1.583068,-1.583068,-1.592272,-1.590738,-1.125574,-1.125574,-1.125574,-1.125574
11.700061,-1.583068,-1.583068,-1.592272,-1.590738,-1.034435,-1.034435,-1.034435,-1.034435
11.710064,-1.422000,-1.426602,-1.428136,-1.428136,-0.941743,-0.941743,-0.941743,-0.941743
11.720058,-1.422000,-1.426602,-1.428136,-1.428136,-0.847704,-0.847704,-0.847704,-0.847704
11.730063,-1.260932,-1.262466,-1.260932,-1.262466,-0.752296,-0.752296,-0.752296,-0.752296
11.740040,-1.260932,-1.262466,-1.260932,-1.262466,-0.656029,-0.656029,-0.656029,-0.656029
11.750060,-1.089126,-1.086058,-1.086058,-1.084525,-0.558361,-0.558361,-0.558361,-0.558361
11.760059,-1.089126,-1.086058,-1.086058,-1.084525,-0.460074,-0.460074,-0.460074,-0.460074
11.770063,-0.897379,-0.903515,-0.897379,-0.897379,-0.361090,-0.361090,-0.361090,-0.361090
11.780062,-0.897379,-0.903515,-0.897379,-0.897379,-0.261653,-0.261653,-0.261653,-0.261653
11.790059,-0.697961,-0.710233,-0.699495,-0.697961,-0.161880,-0.161880,-0.161880,-0.161880
11.800062,-0.697961,-0.710233,-0.699495,-0.697961,-0.061876,-0.061876,-0.061876,-0.061876
11.810062,-0.503146,-0.509282,-0.501612,-0.497010,0.038129,0.038129,0.038129,0.038129
11.820062,-0.503146,-0.509282,-0.501612,-0.497010,0.137987,0.137987,0.137987,0.137987
11.830062,-0.309864,-0.316000,-0.306796,-0.305262,0.237547,0.237547,0.237547,0.237547
11.840062,-0.309864,-0.316000,-0.306796,-0.305262,0.336647,0.336647,0.336647,0.336647
11.850062,-0.111981,-0.125786,-0.111981,-0.111981,0.435120,0.435120,0.435120,0.435120
11.860064,-0.111981,-0.125786,-0.111981,-0.111981,0.532823,0.532823,0.532823,0.532823
11.870064,0.087437,0.076699,0.084369,0.098175,0.629561,0.629561,0.629561,0.629561
11.880064,0.087437,0.076699,0.084369,0.098175,0.725205,0.725205,0.725205,0.725205
11.890056,0.285320,0.269981,0.285320,0.299126,0.819507,0.819507,0.819507,0.819507
11.900059,0.285320,0.269981,0.285320,0.299126,0.912495,0.912495,0.912495,0.912495
11.910062,0.475534,0.461728,0.481670,0.495476,1.003920,1.003920,1.003920,1.003920
11.920049,0.475534,0.461728,0.481670,0.495476,1.093478,1.093478,1.093478,1.093478
11.930057,0.670350,0.648874,0.670350,0.685690,1.181351,1.181351,1.181351,1.181351
11.940060,0.670350,0.648874,0.670350,0.685690,1.267166,1.267166,1.267166,1.267166
11.950067,0.860563,0.836020,0.854427,0.875903,1.350845,1.350845,1.350845,1.350845
11.960063,0.860563,0.836020,0.854427,0.875903,1.432152,1.432152,1.432152,1.432152
11.970057,1.044641,1.021631,1.038505,1.061515,1.511001,1.511001,1.511001,1.511001
11.980060,1.044641,1.021631,1.038505,1.061515,1.587349,1.587349,1.587349,1.587349
11.990061,1.219515,1.205709,1.222583,1.239457,1.660987,1.660987,1.660987,1.660987
12.000054,1.219515,1.205709,1.222583,1.239457,1.731758,1.731758,1.731758,1.731758
12.010055,1.389787,1.377515,1.392855,1.406661,1.799629,1.799629,1.799629,1.799629
12.020054,1.389787,1.377515,1.392855,1.406661,1.864442,1.864442,1.864442,1.864442
12.030051,1.549321,1.535515,1.546253,1.563127,1.926074,1.926074,1.926074,1.926074
12.040051,1.549321,1.535515,1.546253,1.563127,1.984452,1.984452,1.984452,1.984452
12.050057,1.710389,1.696583,1.704253,1.722661,2.039498,2.039498,2.039498,2.039498
12.060055,1.710389,1.696583,1.704253,1.722661,2.091022,2.091022,2.091022,2.091022
12.070064,1.836175,1.825437,1.825437,1.849981,2.139046,2.139046,2.139046,2.139046
12.080056,1.836175,1.825437,1.825437,1.849981,2.183353,2.183353,2.183353,2.183353
12.090055,1.946622,1.943554,1.937418,1.969632,2.223975,2.223975,2.223975,2.223975
12.100059,1.946622,1.943554,1.937418,1.969632,2.260820,2.260820,2.260820,2.260820
12.110039,2.060137,2.054001,2.050933,2.078544,2.293741,2.293741,2.293741,2.293741
12.120055,2.060137,2.054001,2.050933,2.078544,2.322859,2.322859,2.322859,2.322859
12.130055,2.156777,2.156777,2.153709,2.178253,2.347966,2.347966,2.347966,2.347966
12.140057,2.156777,2.156777,2.153709,2.178253,2.369061,2.369061,2.369061,2.369061
12.150058,2.233476,2.239612,2.233476,2.256486,2.386106,2.386106,2.386106,2.386106
12.160059,2.233476,2.239612,2.233476,2.256486,2.399068,2.399068,2.399068,2.399068
12.170057,2.299438,2.307107,2.293302,2.319379,2.407920,2.407920,2.407920,2.407920
12.180058,2.299438,2.307107,2.293302,2.319379,2.412649,2.412649,2.412649,2.412649
12.190054,2.350059,2.354661,2.343923,2.363865,2.413242,2.413242,2.413242,2.413242
12.200054,2.350059,2.354661,2.343923,2.363865,2.409695,2.409695,2.409695,2.409695
12.210057,2.382272,2.386874,2.374603,2.397612,2.402007,2.402007,2.402007,2.402007
12.220057,2.382272,2.386874,2.374603,2.397612,2.390193,2.390193,2.390193,2.390193
12.230055,2.396078,2.405282,2.388408,2.411418,2.374273,2.374273,2.374273,2.374273
12.240061,2.396078,2.405282,2.388408,2.411418,2.354251,2.354251,2.354251,2.354251
12.250057,2.397612,2.406816,2.389942,2.412952,2.330195,2.330195,2.330195,2.330195
12.260055,2.397612,2.406816,2.389942,2.412952,2.302122,2.302122,2.302122,2.302122
12.270055,2.396078,2.406816,2.388408,2.411418,2.270070,2.270070,2.270070,2.270070
12.280062,2.396078,2.406816,2.388408,2.411418,2.234077,2.234077,2.234077,2.234077
12.290059,2.379205,2.383806,2.374603,2.385340,2.194257,2.194257,2.194257,2.194257
12.300059,2.379205,2.383806,2.374603,2.385340,2.150637,2.150637,2.150637,2.150637
12.310056,2.319379,2.325515,2.323981,2.330117,2.103317,2.103317,2.103317,2.103317
12.320057,2.319379,2.325515,2.323981,2.330117,2.052336,2.052336,2.052336,2.052336
12.330060,2.259554,2.262622,2.261088,2.265690,1.997789,1.997789,1.997789,1.997789
12.340059,2.259554,2.262622,2.261088,2.265690,1.939800,1.939800,1.939800,1.939800
12.350061,2.181321,2.182855,2.181321,2.187457,1.878436,1.878436,1.878436,1.878436
12.360060,2.181321,2.182855,2.181321,2.187457,1.813842,1.813842,1.813842,1.813842
12.370063,2.086214,2.084680,2.083146,2.090816,1.746067,1.746067,1.746067,1.746067
12.380061,2.086214,2.084680,2.083146,2.090816,1.675303,1.675303,1.675303,1.675303
12.390062,1.975767,1.969632,1.968098,1.978835,1.601614,1.601614,1.601614,1.601614
12.400056,1.975767,1.969632,1.968098,1.978835,1.525206,1.525206,1.525206,1.525206
12.410026,1.849981,1.843845,1.840777,1.851515,1.446346,1.446346,1.446346,1.446346
12.420062,1.849981,1.843845,1.840777,1.851515,1.364446,1.364446,1.364446,1.364446
12.430061,1.713457,1.708855,1.705787,1.716525,1.280478,1.280478,1.280478,1.280478
12.440061,1.713457,1.708855,1.705787,1.716525,1.194297,1.194297,1.194297,1.194297
12.450048,1.564661,1.560059,1.558525,1.569263,1.106156,1.106156,1.106156,1.106156
12.460055,1.564661,1.560059,1.558525,1.569263,1.015941,1.015941,1.015941,1.015941
12.470058,1.406661,1.397457,1.400525,1.409729,0.924004,0.924004,0.924004,0.924004
12.480056,1.406661,1.397457,1.400525,1.409729,0.830542,0.830542,0.830542,0.830542
12.490056,1.240991,1.230253,1.230253,1.239457,0.735634,0.735634,0.735634,0.735634
12.500055,1.240991,1.230253,1.230253,1.239457,0.639477,0.639477,0.639477,0.639477
12.510039,1.066117,1.055379,1.056913,1.058447,0.542401,0.542401,0.542401,0.542401
12.520053,1.066117,1.055379,1.056913,1.058447,0.444133,0.444133,0.444133,0.444133
12.530055,0.883573,0.871301,0.878971,0.872835,0.345237,0.345237,0.345237,0.345237
12.540054,0.883573,0.871301,0.878971,0.872835,0.245829,0.245829,0.245829,0.245829
12.550056,0.691825,0.687223,0.694893,0.684156,0.146018,0.146018,0.146018,0.146018
12.560014,0.691825,0.687223,0.694893,0.684156,0.046467,0.046467,0.046467,0.046467
12.570058,0.501612,0.493942,0.504680,0.492408,-0.053961,-0.053961,-0.053961,-0.053961
12.580050,0.501612,0.493942,0.504680,0.492408,-0.153702,-0.153702,-0.153702,-0.153702
12.590063,0.294524,0.283786,0.294524,0.279185,-0.253294,-0.253294,-0.253294,-0.253294
12.600062,0.294524,0.283786,0.294524,0.279185,-0.352224,-0.352224,-0.352224,-0.352224
12.610023,0.101243,0.090505,0.085903,0.081301,-0.450056,-0.450056,-0.450056,-0.450056
12.620062,0.101243,0.090505,0.085903,0.081301,-0.547753,-0.547753,-0.547753,-0.547753
12.630060,-0.093573,-0.115049,-0.105845,-0.121184,-0.643975,-0.643975,-0.643975,-0.643975
12.640059,-0.093573,-0.115049,-0.105845,-0.121184,-0.738957,-0.738957,-0.738957,-0.738957
12.650052,-0.296058,-0.309864,-0.302194,-0.314466,-0.832473,-0.832473,-0.832473,-0.832473
12.660049,-0.296058,-0.309864,-0.302194,-0.314466,-0.924424,-0.924424,-0.924424,-0.924424
12.670052,-0.495476,-0.504680,-0.500078,-0.512350,-1.014647,-1.014647,-1.014647,-1.014647
12.680054,-0.495476,-0.504680,-0.500078,-0.512350,-1.102931,-1.102931,-1.102931,-1.102931
12.690056,-0.693359,-0.702563,-0.702563,-0.714835,-1.189116,-1.189116,-1.189116,-1.189116
12.700057,-0.693359,-0.702563,-0.702563,-0.714835,-1.273032,-1.273032,-1.273032,-1.273032
12.710062,-0.895845,-0.895845,-0.903515,-0.911185,-1.354562,-1.354562,-1.354562,-1.354562
12.720062,-0.895845,-0.895845,-0.903515,-0.911185,-1.433482,-1.433482,-1.433482,-1.433482
12.730062,-1.072253,-1.056913,-1.070719,-1.073787,-1.509688,-1.509688,-1.509688,-1.509688
12.740061,-1.072253,-1.056913,-1.070719,-1.073787,-1.583012,-1.583012,-1.583012,-1.583012
12.750062,-1.224117,-1.202641,-1.221049,-1.224117,-1.653356,-1.653356,-1.653356,-1.653356
12.760059,-1.224117,-1.202641,-1.221049,-1.224117,-1.720544,-1.720544,-1.720544,-1.720544
12.770058,-1.379049,-1.360641,-1.380583,-1.380583,-1.784473,-1.784473,-1.784473,-1.784473
12.780061,-1.379049,-1.360641,-1.380583,-1.380583,-1.845054,-1.845054,-1.845054,-1.845054
12.790062,-1.533981,-1.520175,-1.538583,-1.541651,-1.902116,-1.902116,-1.902116,-1.902116
12.800062,-1.533981,-1.520175,-1.538583,-1.541651,-1.955570,-1.955570,-1.955570,-1.955570
12.810063,-1.675107,-1.667437,-1.685845,-1.693515,-2.005312,-2.005312,-2.005312,-2.005312
12.820063,-1.675107,-1.667437,-1.685845,-1.693515,-2.051240,-2.051240,-2.051240,-2.051240
12.830063,-1.805496,-1.797826,-1.814700,-1.823903,-2.093278,-2.093278,-2.093278,-2.093278
12.840058,-1.805496,-1.797826,-1.814700,-1.823903,-2.131315,-2.131315,-2.131315,-2.131315
12.850060,-1.920544,-1.911340,-1.923612,-1.931282,-2.165321,-2.165321,-2.165321,-2.165321
12.860057,-1.920544,-1.911340,-1.923612,-1.931282,-2.195199,-2.195199,-2.195199,-2.195199
12.870058,-2.020253,-2.007981,-2.023321,-2.026389,-2.220905,-2.220905,-2.220905,-2.220905
12.880059,-2.020253,-2.007981,-2.023321,-2.026389,-2.242376,-2.242376,-2.242376,-2.242376
12.890058,-2.100020,-2.090816,-2.104622,-2.110758,-2.259568,-2.259568,-2.259568,-2.259568
12.900064,-2.100020,-2.090816,-2.104622,-2.110758,-2.272458,-2.272458,-2.272458,-2.272458
12.910043,-2.170583,-2.155243,-2.173651,-2.178253,-2.280987,-2.280987,-2.280987,-2.280987
12.920053,-2.170583,-2.155243,-2.173651,-2.178253,-2.285181,-2.285181,-2.285181,-2.285181
12.930055,-2.218137,-2.205865,-2.221205,-2.227340,-2.284998,-2.284998,-2.284998,-2.284998
12.940055,-2.218137,-2.205865,-2.221205,-2.227340,-2.280442,-2.280442,-2.280442,-2.280442
12.950038,-2.250350,-2.241146,-2.254952,-2.258020,-2.271538,-2.271538,-2.271538,-2.271538
12.960054,-2.250350,-2.241146,-2.254952,-2.258020,-2.258244,-2.258244,-2.258244,-2.258244
12.970056,-2.264156,-2.256486,-2.267224,-2.271826,-2.240636,-2.240636,-2.240636,-2.240636
12.980054,-2.264156,-2.256486,-2.267224,-2.271826,-2.218734,-2.218734,-2.218734,-2.218734
12.990058,-2.264156,-2.256486,-2.267224,-2.271826,-2.192556,-2.192556,-2.192556,-2.192556
13.000063,-2.264156,-2.256486,-2.267224,-2.271826,-2.162158,-2.162158,-2.162158,-2.162158
13.010062,-2.262622,-2.254952,-2.265690,-2.270292,-2.127617,-2.127617,-2.127617,-2.127617
13.020061,-2.262622,-2.254952,-2.265690,-2.270292,-2.088986,-2.088986,-2.088986,-2.088986
13.030063,-2.241146,-2.230408,-2.250350,-2.244214,-2.046325,-2.046325,-2.046325,-2.046325
13.040060,-2.241146,-2.230408,-2.250350,-2.244214,-1.999739,-1.999739,-1.999739,-1.999739
13.050063,-2.185923,-2.176719,-2.199729,-2.188991,-1.949272,-1.949272,-1.949272,-1.949272
13.060062,-2.185923,-2.176719,-2.199729,-2.188991,-1.895065,-1.895065,-1.895065,-1.895065
13.070063,-2.112292,-2.104622,-2.126098,-2.112292,-1.837193,-1.837193,-1.837193,-1.837193
13.080062,-2.112292,-2.104622,-2.126098,-2.112292,-1.775787,-1.775787,-1.775787,-1.775787
13.090056,-2.026389,-2.015651,-2.032525,-2.024855,-1.710982,-1.710982,-1.710982,-1.710982
13.100060,-2.026389,-2.015651,-2.032525,-2.024855,-1.642810,-1.642810,-1.642810,-1.642810
13.110058,-1.925146,-1.912874,-1.928214,-1.926680,-1.571506,-1.571506,-1.571506,-1.571506
13.120057,-1.925146,-1.912874,-1.928214,-1.926680,-1.497160,-1.497160,-1.497160,-1.497160
13.130056,-1.808564,-1.794758,-1.811632,-1.810098,-1.419923,-1.419923,-1.419923,-1.419923
13.140060,-1.808564,-1.794758,-1.811632,-1.810098,-1.339909,-1.339909,-1.339909,-1.339909
13.150017,-1.678175,-1.662835,-1.679709,-1.676641,-1.257707,-1.257707,-1.257707,-1.257707
13.160018,-1.678175,-1.662835,-1.679709,-1.676641,-1.172709,-1.172709,-1.172709,-1.172709
13.170058,-1.517107,-1.503301,-1.518641,-1.515573,-1.085112,-1.085112,-1.085112,-1.085112
13.180058,-1.517107,-1.503301,-1.518641,-1.515573,-0.995780,-0.995780,-0.995780,-0.995780
13.190042,-1.379049,-1.365243,-1.372913,-1.372913,-0.904673,-0.904673,-0.904673,-0.904673
13.200055,-1.379049,-1.365243,-1.372913,-1.372913,-0.811567,-0.811567,-0.811567,-0.811567
13.210054,-1.207243,-1.199573,-1.208777,-1.205709,-0.717043,-0.717043,-0.717043,-0.717043
13.220056,-1.207243,-1.199573,-1.208777,-1.205709,-0.621140,-0.621140,-0.621140,-0.621140
13.230056,-1.041573,-1.035437,-1.043107,-1.044641,-0.524070,-0.524070,-0.524070,-0.524070
13.240051,-1.041573,-1.035437,-1.043107,-1.044641,-0.426073,-0.426073,-0.426073,-0.426073
13.250053,-0.863631,-0.859029,-0.862097,-0.863631,-0.327227,-0.327227,-0.327227,-0.327227
13.260053,-0.863631,-0.859029,-0.862097,-0.863631,-0.227830,-0.227830,-0.227830,-0.227830
13.270054,-0.667282,-0.664214,-0.665748,-0.664214,-0.128014,-0.128014,-0.128014,-0.128014
13.280057,-0.667282,-0.664214,-0.665748,-0.664214,-0.028004,-0.028004,-0.028004,-0.028004
13.290064,-0.458660,-0.467864,-0.469398,-0.464796,0.072036,0.072036,0.072036,0.072036
13.300057,-0.458660,-0.467864,-0.469398,-0.464796,0.171729,0.171729,0.171729,0.171729
13.310057,-0.265379,-0.279185,-0.274583,-0.273049,0.271061,0.271061,0.271061,0.271061
13.320058,-0.265379,-0.279185,-0.274583,-0.273049,0.369798,0.369798,0.369798,0.369798
13.330055,-0.076699,-0.084369,-0.076699,-0.075165,0.467676,0.467676,0.467676,0.467676
13.340054,-0.076699,-0.084369,-0.076699,-0.075165,0.564556,0.564556,0.564556,0.564556
13.350058,0.122718,0.131922,0.130388,0.141126,0.660273,0.660273,0.660273,0.660273
13.360058,0.122718,0.131922,0.130388,0.141126,0.754544,0.754544,0.754544,0.754544
13.370058,0.320602,0.325204,0.328272,0.345146,0.847221,0.847221,0.847221,0.847221
13.380026,0.320602,0.325204,0.328272,0.345146,0.937810,0.937810,0.937810,0.937810
13.390059,0.510816,0.504680,0.513884,0.532291,1.027016,1.027016,1.027016,1.027016
13.400061,0.510816,0.504680,0.513884,0.532291,1.113775,1.113775,1.113775,1.113775
13.410064,0.701029,0.685690,0.696427,0.714835,1.198200,1.198200,1.198200,1.198200
13.420031,0.701029,0.685690,0.696427,0.714835,1.279830,1.279830,1.279830,1.279830
13.430055,0.885107,0.869767,0.880505,0.897379,1.359239,1.359239,1.359239,1.359239
13.440051,0.885107,0.869767,0.880505,0.897379,1.435578,1.435578,1.435578,1.435578
13.450047,1.063049,1.056913,1.064583,1.078389,1.508914,1.508914,1.508914,1.508914
13.460064,1.063049,1.056913,1.064583,1.078389,1.579239,1.579239,1.579239,1.579239
13.470069,1.233321,1.231787,1.233321,1.253263,1.646167,1.646167,1.646167,1.646167
13.480062,1.233321,1.231787,1.233321,1.253263,1.709573,1.709573,1.709573,1.709573
13.490057,1.425068,1.423534,1.420466,1.443476,1.769417,1.769417,1.769417,1.769417
13.500060,1.425068,1.423534,1.420466,1.443476,1.825601,1.825601,1.825601,1.825601
13.510058,1.560059,1.555457,1.550855,1.573864,1.877936,1.877936,1.877936,1.877936
13.520077,1.560059,1.555457,1.550855,1.573864,1.926434,1.926434,1.926434,1.926434
13.530066,1.672039,1.665903,1.664369,1.682777,1.970746,1.970746,1.970746,1.970746
13.540058,1.672039,1.665903,1.664369,1.682777,2.010952,2.010952,2.010952,2.010952
13.550060,1.785554,1.784020,1.780952,1.799360,2.046976,2.046976,2.046976,2.046976
13.560060,1.785554,1.784020,1.780952,1.799360,2.078690,2.078690,2.078690,2.078690
13.570064,1.896001,1.892933,1.894467,1.912874,2.106050,2.106050,2.106050,2.106050
13.580057,1.896001,1.892933,1.894467,1.912874,2.128956,2.128956,2.128956,2.128956
13.590062,1.983437,1.983437,1.981903,2.001845,2.147407,2.147407,2.147407,2.147407
13.600068,1.983437,1.983437,1.981903,2.001845,2.161333,2.161333,2.161333,2.161333
13.610066,2.057069,2.054001,2.054001,2.072408,2.170696,2.170696,2.170696,2.170696
13.620061,2.057069,2.054001,2.054001,2.072408,2.175483,2.175483,2.175483,2.175483
13.630020,2.107690,2.107690,2.104622,2.121496,2.175693,2.175693,2.175693,2.175693
13.640063,2.107690,2.107690,2.104622,2.121496,2.171292,2.171292,2.171292,2.171292
13.650061,2.141438,2.144506,2.138370,2.156777,2.162316,2.162316,2.162316,2.162316
13.660061,2.141438,2.144506,2.138370,2.156777,2.148767,2.148767,2.148767,2.148767
13.670060,2.156777,2.161379,2.155243,2.173651,2.130675,2.130675,2.130675,2.130675
13.680064,2.156777,2.161379,2.155243,2.173651,2.108061,2.108061,2.108061,2.108061
13.690063,2.158311,2.162913,2.155243,2.175185,2.080998,2.080998,2.080998,2.080998
13.700057,2.158311,2.162913,2.155243,2.175185,2.049536,2.049536,2.049536,2.049536
13.710060,2.156777,2.159845,2.153709,2.172117,2.013701,2.013701,2.013701,2.013701
13.720061,2.156777,2.159845,2.153709,2.172117,1.973595,1.973595,1.973595,1.973595
13.730059,2.133768,2.129166,2.132234,2.141438,1.929317,1.929317,1.929317,1.929317
13.740056,2.133768,2.129166,2.132234,2.141438,1.880944,1.880944,1.880944,1.880944
13.750059,2.077010,2.072408,2.075476,2.083146,1.828545,1.828545,1.828545,1.828545
13.760036,2.077010,2.072408,2.075476,2.083146,1.772406,1.772406,1.772406,1.772406
13.770056,1.998777,1.992641,1.997243,2.003379,1.712252,1.712252,1.712252,1.712252
13.780057,1.998777,1.992641,1.997243,2.003379,1.648558,1.648558,1.648558,1.648558
13.790054,1.892933,1.885263,1.894467,1.900602,1.581384,1.581384,1.581384,1.581384
13.800056,1.892933,1.885263,1.894467,1.900602,1.510808,1.510808,1.510808,1.510808
13.810058,1.797826,1.788622,1.797826,1.807030,1.437028,1.437028,1.437028,1.437028
13.820058,1.797826,1.788622,1.797826,1.807030,1.360194,1.360194,1.360194,1.360194
13.830057,1.685845,1.673573,1.679709,1.690447,1.280468,1.280468,1.280468,1.280468
13.840055,1.685845,1.673573,1.679709,1.690447,1.198032,1.198032,1.198032,1.198032
13.850057,1.550855,1.541651,1.541651,1.553923,1.113022,1.113022,1.113022,1.113022
13.860064,1.550855,1.541651,1.541651,1.553923,1.025598,1.025598,1.025598,1.025598
13.870056,1.400525,1.391321,1.391321,1.400525,0.936123,0.936123,0.936123,0.936123
13.880062,1.400525,1.391321,1.391321,1.400525,0.844556,0.844556,0.844556,0.844556
13.890062,1.225651,1.214913,1.211845,1.222583,0.751252,0.751252,0.751252,0.751252
13.900061,1.225651,1.214913,1.211845,1.222583,0.656388,0.656388,0.656388,0.656388
13.910053,1.066117,1.055379,1.052311,1.059981,0.560199,0.560199,0.560199,0.560199
13.920065,1.066117,1.055379,1.052311,1.059981,0.462670,0.462670,0.462670,0.462670
13.930058,0.898913,0.886641,0.891243,0.888175,0.364375,0.364375,0.364375,0.364375
13.940070,0.898913,0.886641,0.891243,0.888175,0.265145,0.265145,0.265145,0.265145
13.950058,0.696427,0.690291,0.701029,0.690291,0.165639,0.165639,0.165639,0.165639
13.960097,0.696427,0.690291,0.701029,0.690291,0.065324,0.065324,0.065324,0.065324
13.970072,0.510816,0.506214,0.518486,0.504680,-0.034416,-0.034416,-0.034416,-0.034416
13.980059,0.510816,0.506214,0.518486,0.504680,-0.134140,-0.134140,-0.134140,-0.134140
13.990064,0.320602,0.314466,0.323670,0.308330,-0.233686,-0.233686,-0.233686,-0.233686
14.000067,0.320602,0.314466,0.323670,0.308330,-0.332624,-0.332624,-0.332624,-0.332624
14.010065,0.127320,0.116583,0.124252,0.107379,-0.430711,-0.430711,-0.430711,-0.430711
14.020051,0.127320,0.116583,0.124252,0.107379,-0.527650,-0.527650,-0.527650,-0.527650
14.030060,-0.073631,-0.101243,-0.085903,-0.104311,-0.623579,-0.623579,-0.623579,-0.623579
14.040073,-0.073631,-0.101243,-0.085903,-0.104311,-0.718096,-0.718096,-0.718096,-0.718096
14.050057,-0.288388,-0.309864,-0.297592,-0.312932,-0.810676,-0.810676,-0.810676,-0.810676
14.060062,-0.288388,-0.309864,-0.297592,-0.312932,-0.901575,-0.901575,-0.901575,-0.901575
14.070056,-0.495476,-0.507748,-0.501612,-0.520020,-0.990289,-0.990289,-0.990289,-0.990289
14.080054,-0.495476,-0.507748,-0.501612,-0.520020,-1.076776,-1.076776,-1.076776,-1.076776
14.090054,-0.676486,-0.679554,-0.681088,-0.693359,-1.160799,-1.160799,-1.160799,-1.160799
14.100055,-0.676486,-0.679554,-0.681088,-0.693359,-1.242172,-1.242172,-1.242172,-1.242172
14.110053,-0.851359,-0.848292,-0.857495,-0.860563,-1.320675,-1.320675,-1.320675,-1.320675
14.120058,-0.851359,-0.848292,-0.857495,-0.860563,-1.396205,-1.396205,-1.396205,-1.396205
14.130053,-1.029301,-1.017029,-1.030835,-1.032369,-1.468459,-1.468459,-1.468459,-1.468459
14.140060,-1.029301,-1.017029,-1.030835,-1.032369,-1.537446,-1.537446,-1.537446,-1.537446
14.150061,-1.205709,-1.187301,-1.207243,-1.208777,-1.602856,-1.602856,-1.602856,-1.602856
14.160057,-1.205709,-1.187301,-1.207243,-1.208777,-1.664567,-1.664567,-1.664567,-1.664567
14.170064,-1.348369,-1.333030,-1.357573,-1.360641,-1.722529,-1.722529,-1.722529,-1.722529
14.180055,-1.348369,-1.333030,-1.357573,-1.360641,-1.776454,-1.776454,-1.776454,-1.776454
14.190020,-1.486428,-1.475690,-1.497165,-1.500233,-1.826189,-1.826189,-1.826189,-1.826189
14.200064,-1.486428,-1.475690,-1.497165,-1.500233,-1.872110,-1.872110,-1.872110,-1.872110
14.210062,-1.624486,-1.615282,-1.632156,-1.639826,-1.913520,-1.913520,-1.913520,-1.913520
14.220060,-1.624486,-1.615282,-1.632156,-1.639826,-1.950534,-1.950534,-1.950534,-1.950534
14.230064,-1.756408,-1.747204,-1.761010,-1.770214,-1.983087,-1.983087,-1.983087,-1.983087
14.240060,-1.756408,-1.747204,-1.761010,-1.770214,-2.011059,-2.011059,-2.011059,-2.011059
14.250064,-1.845379,-1.834641,-1.849981,-1.859185,-2.034426,-2.034426,-2.034426,-2.034426
14.260059,-1.845379,-1.834641,-1.849981,-1.859185,-2.053094,-2.053094,-2.053094,-2.053094
14.270063,-1.919010,-1.911340,-1.922078,-1.934350,-2.067050,-2.067050,-2.067050,-2.067050
14.280062,-1.919010,-1.911340,-1.922078,-1.934350,-2.076234,-2.076234,-2.076234,-2.076234
14.290058,-1.983437,-1.974234,-1.986505,-1.997243,-2.080632,-2.080632,-2.080632,-2.080632
14.300061,-1.983437,-1.974234,-1.986505,-1.997243,-2.080232,-2.080232,-2.080232,-2.080232
14.310060,-2.034059,-2.020253,-2.030991,-2.038661,-2.075030,-2.075030,-2.075030,-2.075030
14.320063,-2.034059,-2.020253,-2.030991,-2.038661,-2.065029,-2.065029,-2.065029,-2.065029
14.330056,-2.057069,-2.046331,-2.055535,-2.060137,-2.050269,-2.050269,-2.050269,-2.050269
14.340060,-2.057069,-2.046331,-2.055535,-2.060137,-2.030749,-2.030749,-2.030749,-2.030749
14.350062,-2.061671,-2.054001,-2.060137,-2.063205,-2.006532,-2.006532,-2.006532,-2.006532
14.360061,-2.061671,-2.054001,-2.060137,-2.063205,-1.977675,-1.977675,-1.977675,-1.977675
14.370062,-2.061671,-2.052467,-2.058603,-2.063205,-1.944228,-1.944228,-1.944228,-1.944228
14.380057,-2.061671,-2.052467,-2.058603,-2.063205,-1.906292,-1.906292,-1.906292,-1.906292
14.390059,-2.050933,-2.041729,-2.050933,-2.052467,-1.863914,-1.863914,-1.863914,-1.863914
14.400058,-2.050933,-2.041729,-2.050933,-2.052467,-1.817218,-1.817218,-1.817218,-1.817218
14.410063,-2.003379,-1.995709,-2.011049,-2.006447,-1.766272,-1.766272,-1.766272,-1.766272
14.420060,-2.003379,-1.995709,-2.011049,-2.006447,-1.711263,-1.711263,-1.711263,-1.711263
14.430043,-1.931282,-1.926680,-1.943554,-1.935884,-1.652364,-1.652364,-1.652364,-1.652364
14.440064,-1.931282,-1.926680,-1.943554,-1.935884,-1.589388,-1.589388,-1.589388,-1.589388
14.450055,-1.845379,-1.836175,-1.854583,-1.846913,-1.522909,-1.522909,-1.522909,-1.522909
14.460055,-1.845379,-1.836175,-1.854583,-1.846913,-1.452828,-1.452828,-1.452828,-1.452828
14.470075,-1.741068,-1.733399,-1.748738,-1.744136,-1.379219,-1.379219,-1.379219,-1.379219
14.480054,-1.741068,-1.733399,-1.748738,-1.744136,-1.302710,-1.302710,-1.302710,-1.302710
14.490054,-1.622952,-1.615282,-1.630622,-1.626020,-1.223009,-1.223009,-1.223009,-1.223009
14.500057,-1.622952,-1.615282,-1.630622,-1.626020,-1.140449,-1.140449,-1.140449,-1.140449
14.510057,-1.487962,-1.486428,-1.487962,-1.491030,-1.055251,-1.055251,-1.055251,-1.055251
14.520058,-1.487962,-1.486428,-1.487962,-1.491030,-0.967615,-0.967615,-0.967615,-0.967615
14.530057,-1.329962,-1.328428,-1.328428,-1.328428,-0.877740,-0.877740,-0.877740,-0.877740
14.540055,-1.329962,-1.328428,-1.328428,-1.328428,-0.785840,-0.785840,-0.785840,-0.785840
14.550057,-1.184233,-1.181165,-1.182699,-1.181165,-0.692098,-0.692098,-0.692098,-0.692098
14.560056,-1.184233,-1.181165,-1.182699,-1.181165,-0.596803,-0.596803,-0.596803,-0.596803
14.570057,-1.024699,-1.021631,-1.017029,-1.021631,-0.500112,-0.500112,-0.500112,-0.500112
14.580057,-1.024699,-1.021631,-1.017029,-1.021631,-0.402300,-0.402300,-0.402300,-0.402300
14.590056,-0.837554,-0.840622,-0.836020,-0.839088,-0.303601,-0.303601,-0.303601,-0.303601
14.600058,-0.837554,-0.840622,-0.836020,-0.839088,-0.204207,-0.204207,-0.204207,-0.204207
14.610057,-0.641204,-0.648874,-0.641204,-0.641204,-0.104417,-0.104417,-0.104417,-0.104417
14.620068,-0.641204,-0.648874,-0.641204,-0.641204,-0.004320,-0.004320,-0.004320,-0.004320
14.630062,-0.446388,-0.457126,-0.446388,-0.444854,0.095567,0.095567,0.095567,0.095567
14.640059,-0.446388,-0.457126,-0.446388,-0.444854,0.195182,0.195182,0.195182,0.195182
14.650060,-0.253107,-0.266913,-0.250039,-0.253107,0.294288,0.294288,0.294288,0.294288
14.660057,-0.253107,-0.266913,-0.250039,-0.253107,0.392593,0.392593,0.392593,0.392593
14.670063,-0.055223,-0.070563,-0.055223,-0.050621,0.489971,0.489971,0.489971,0.489971
14.680058,-0.055223,-0.070563,-0.055223,-0.050621,0.585991,0.585991,0.585991,0.585991
14.690059,0.141126,0.134990,0.145728,0.153398,0.680595,0.680595,0.680595,0.680595
14.700062,0.141126,0.134990,0.145728,0.153398,0.773493,0.773493,0.773493,0.773493
14.710063,0.335942,0.323670,0.343612,0.357418,0.864442,0.864442,0.864442,0.864442
14.720064,0.335942,0.323670,0.343612,0.357418,0.953230,0.953230,0.953230,0.953230
14.730065,0.532291,0.513884,0.533825,0.552233,1.039636,1.039636,1.039636,1.039636
14.740062,0.532291,0.513884,0.533825,0.552233,1.123403,1.123403,1.123403,1.123403
14.750064,0.719437,0.696427,0.717903,0.734777,1.204422,1.204422,1.204422,1.204422
14.760063,0.719437,0.696427,0.717903,0.734777,1.282426,1.282426,1.282426,1.282426
14.770062,0.901981,0.880505,0.900447,0.915787,1.357234,1.357234,1.357234,1.357234
14.780059,0.901981,0.880505,0.900447,0.915787,1.428651,1.428651,1.428651,1.428651
14.790059,1.073787,1.059981,1.078389,1.089126,1.496537,1.496537,1.496537,1.496537
14.800058,1.073787,1.059981,1.078389,1.089126,1.560694,1.560694,1.560694,1.560694
14.810063,1.237923,1.225651,1.245593,1.254797,1.621001,1.621001,1.621001,1.621001
14.820063,1.237923,1.225651,1.245593,1.254797,1.677241,1.677241,1.677241,1.677241
14.830062,1.395923,1.375981,1.394389,1.403593,1.729305,1.729305,1.729305,1.729305
14.840062,1.395923,1.375981,1.394389,1.403593,1.777065,1.777065,1.777065,1.777065
14.850064,1.529379,1.514039,1.524777,1.535515,1.820406,1.820406,1.820406,1.820406
14.860057,1.529379,1.514039,1.524777,1.535515,1.859175,1.859175,1.859175,1.859175
14.870056,1.645962,1.633690,1.642894,1.653632,1.893332,1.893332,1.893332,1.893332
14.880054,1.645962,1.633690,1.642894,1.653632,1.922764,1.922764,1.922764,1.922764
14.890057,1.748738,1.738001,1.750272,1.759476,1.947405,1.947405,1.947405,1.947405
14.900057,1.748738,1.738001,1.750272,1.759476,1.967174,1.967174,1.967174,1.967174
14.910058,1.845379,1.834641,1.839243,1.856117,1.982028,1.982028,1.982028,1.982028
14.920058,1.845379,1.834641,1.839243,1.856117,1.991922,1.991922,1.991922,1.991922
14.930058,1.903670,1.896001,1.897534,1.915942,1.996831,1.996831,1.996831,1.996831
14.940058,1.903670,1.896001,1.897534,1.915942,1.996738,1.996738,1.996738,1.996738
14.950055,1.945088,1.940486,1.938952,1.955826,1.991644,1.991644,1.991644,1.991644
14.960053,1.945088,1.940486,1.938952,1.955826,1.981558,1.981558,1.981558,1.981558
14.970057,1.974234,1.968098,1.966564,1.983437,1.966490,1.966490,1.966490,1.966490
14.980052,1.974234,1.968098,1.966564,1.983437,1.946502,1.946502,1.946502,1.946502
14.990056,1.981903,1.975767,1.975767,1.989573,1.921606,1.921606,1.921606,1.921606
15.000056,1.981903,1.975767,1.975767,1.989573,1.891886,1.891886,1.891886,1.891886
15.010057,1.980369,1.974234,1.974234,1.988039,1.857404,1.857404,1.857404,1.857404
15.020054,1.980369,1.974234,1.974234,1.988039,1.818269,1.818269,1.818269,1.818269
15.030055,1.966564,1.960428,1.965030,1.972700,1.774534,1.774534,1.774534,1.774534
15.040058,1.966564,1.960428,1.965030,1.972700,1.726321,1.726321,1.726321,1.726321
15.050056,1.914408,1.911340,1.915942,1.922078,1.673779,1.673779,1.673779,1.673779
15.060019,1.914408,1.911340,1.915942,1.922078,1.617233,1.617233,1.617233,1.617233
15.070055,1.833107,1.826971,1.834641,1.837709,1.556171,1.556171,1.556171,1.556171
15.080057,1.833107,1.826971,1.834641,1.837709,1.491382,1.491382,1.491382,1.491382
15.090055,1.751806,1.742602,1.745670,1.753340,1.422864,1.422864,1.422864,1.422864
15.100057,1.751806,1.742602,1.745670,1.753340,1.350722,1.350722,1.350722,1.350722
15.110057,1.635224,1.627554,1.632156,1.641360,1.275186,1.275186,1.275186,1.275186
15.120058,1.635224,1.627554,1.632156,1.641360,1.196423,1.196423,1.196423,1.196423
15.130058,1.523243,1.514039,1.518641,1.527845,1.114646,1.114646,1.114646,1.114646
15.140056,1.523243,1.514039,1.518641,1.527845,1.030091,1.030091,1.030091,1.030091
15.150058,1.392855,1.380583,1.385185,1.394389,0.942895,0.942895,0.942895,0.942895
15.160055,1.392855,1.380583,1.385185,1.394389,0.853373,0.853373,0.853373,0.853373
15.170056,1.239457,1.230253,1.231787,1.239457,0.761674,0.761674,0.761674,0.761674
15.180056,1.239457,1.230253,1.231787,1.239457,0.668086,0.668086,0.668086,0.668086
15.190053,1.073787,1.064583,1.064583,1.067651,0.572850,0.572850,0.572850,0.572850
15.200059,1.073787,1.064583,1.064583,1.067651,0.476103,0.476103,0.476103,0.476103
15.210059,0.901981,0.889709,0.888175,0.892777,0.378240,0.378240,0.378240,0.378240
15.220061,0.901981,0.889709,0.888175,0.892777,0.279446,0.279446,0.279446,0.279446
15.230066,0.719437,0.710233,0.710233,0.711767,0.179947,0.179947,0.179947,0.179947
15.240061,0.719437,0.710233,0.710233,0.711767,0.080155,0.080155,0.080155,0.080155
15.250063,0.719437,0.710233,0.710233,0.711767,-0.019863,-0.019863,-0.019863,-0.019863
15.260066,0.530757,0.524621,0.527689,0.524621,-0.119774,-0.119774,-0.119774,-0.119774
15.270062,0.337476,0.319068,0.329806,0.323670,-0.219246,-0.219246,-0.219246,-0.219246
15.280062,0.337476,0.319068,0.329806,0.323670,-0.318115,-0.318115,-0.318115,-0.318115
15.290060,0.141126,0.131922,0.124252,0.116583,-0.416084,-0.416084,-0.416084,-0.416084
15.300036,0.141126,0.131922,0.124252,0.116583,-0.512686,-0.512686,-0.512686,-0.512686
15.310061,-0.061359,-0.096641,-0.076699,-0.088971,-0.608348,-0.608348,-0.608348,-0.608348
15.320058,-0.061359,-0.096641,-0.076699,-0.088971,-0.702098,-0.702098,-0.702098,-0.702098
15.330064,-0.263845,-0.294524,-0.276117,-0.286854,-0.794029,-0.794029,-0.794029,-0.794029
15.340064,-0.263845,-0.294524,-0.276117,-0.286854,-0.883756,-0.883756,-0.883756,-0.883756
15.350061,-0.461728,-0.481670,-0.470932,-0.481670,-0.971084,-0.971084,-0.971084,-0.971084
15.360056,-0.461728,-0.481670,-0.470932,-0.481670,-1.055771,-1.055771,-1.055771,-1.055771
15.370062,-0.664214,-0.667282,-0.659612,-0.670350,-1.137712,-1.137712,-1.137712,-1.137712
15.380057,-0.664214,-0.667282,-0.659612,-0.670350,-1.216513,-1.216513,-1.216513,-1.216513
15.390065,-0.843690,-0.843690,-0.845224,-0.851359,-1.292147,-1.292147,-1.292147,-1.292147
15.400059,-0.843690,-0.843690,-0.845224,-0.851359,-1.364198,-1.364198,-1.364198,-1.364198
15.410065,-1.012427,-1.010893,-1.012427,-1.021631,-1.432672,-1.432672,-1.432672,-1.432672
15.420062,-1.012427,-1.010893,-1.012427,-1.021631,-1.497248,-1.497248,-1.497248,-1.497248
15.430063,-1.168894,-1.162758,-1.164292,-1.175029,-1.557822,-1.557822,-1.557822,-1.557822
15.440059,-1.168894,-1.162758,-1.164292,-1.175029,-1.614178,-1.614178,-1.614178,-1.614178
15.450063,-1.310020,-1.310020,-1.306952,-1.322292,-1.666248,-1.666248,-1.666248,-1.666248
15.460056,-1.310020,-1.310020,-1.306952,-1.322292,-1.713786,-1.713786,-1.713786,-1.713786
15.470057,-1.448078,-1.448078,-1.449612,-1.460350,-1.756749,-1.756749,-1.756749,-1.756749
15.480059,-1.448078,-1.448078,-1.449612,-1.460350,-1.794992,-1.794992,-1.794992,-1.794992
15.490055,-1.575398,-1.573864,-1.578466,-1.590738,-1.828384,-1.828384,-1.828384,-1.828384
15.500056,-1.575398,-1.573864,-1.578466,-1.590738,-1.856867,-1.856867,-1.856867,-1.856867
15.510059,-1.684311,-1.678175,-1.684311,-1.699651,-1.880350,-1.880350,-1.880350,-1.880350
15.520055,-1.684311,-1.678175,-1.684311,-1.699651,-1.898749,-1.898749,-1.898749,-1.898749
15.530062,-1.768680,-1.762544,-1.771748,-1.780952,-1.912042,-1.912042,-1.912042,-1.912042
15.540057,-1.768680,-1.762544,-1.771748,-1.780952,-1.920162,-1.920162,-1.920162,-1.920162
15.550063,-1.831573,-1.823903,-1.833107,-1.843845,-1.923099,-1.923099,-1.923099,-1.923099
15.560061,-1.831573,-1.823903,-1.833107,-1.843845,-1.920838,-1.920838,-1.920838,-1.920838
15.570065,-1.876059,-1.866855,-1.877593,-1.885263,-1.913379,-1.913379,-1.913379,-1.913379
15.580062,-1.876059,-1.866855,-1.877593,-1.885263,-1.900748,-1.900748,-1.900748,-1.900748
15.590056,-1.899068,-1.891399,-1.899068,-1.906738,-1.882981,-1.882981,-1.882981,-1.882981
15.600057,-1.899068,-1.891399,-1.899068,-1.906738,-1.860102,-1.860102,-1.860102,-1.860102
15.610075,-1.903670,-1.896001,-1.902136,-1.909806,-1.832128,-1.832128,-1.832128,-1.832128
15.620090,-1.903670,-1.896001,-1.902136,-1.909806,-1.799177,-1.799177,-1.799177,-1.799177
15.630075,-1.902136,-1.894467,-1.900602,-1.909806,-1.761454,-1.761454,-1.761454,-1.761454
15.640062,-1.902136,-1.894467,-1.900602,-1.909806,-1.718946,-1.718946,-1.718946,-1.718946
15.650058,-1.882195,-1.871457,-1.883729,-1.888331,-1.671749,-1.671749,-1.671749,-1.671749
15.660058,-1.882195,-1.871457,-1.883729,-1.888331,-1.619983,-1.619983,-1.619983,-1.619983
15.670058,-1.823903,-1.813166,-1.828505,-1.828505,-1.563809,-1.563809,-1.563809,-1.563809
15.680059,-1.823903,-1.813166,-1.828505,-1.828505,-1.503381,-1.503381,-1.503381,-1.503381
15.690057,-1.742602,-1.733399,-1.750272,-1.748738,-1.438888,-1.438888,-1.438888,-1.438888
15.700056,-1.742602,-1.733399,-1.750272,-1.748738,-1.370468,-1.370468,-1.370468,-1.370468
15.710055,-1.647496,-1.638292,-1.650564,-1.652098,-1.298322,-1.298322,-1.298322,-1.298322
15.720057,-1.647496,-1.638292,-1.650564,-1.652098,-1.222632,-1.222632,-1.222632,-1.222632
15.730020,-1.533981,-1.524777,-1.535515,-1.540117,-1.143918,-1.143918,-1.143918,-1.143918
15.740054,-1.533981,-1.524777,-1.535515,-1.540117,-1.061516,-1.061516,-1.061516,-1.061516
15.750056,-1.409729,-1.400525,-1.408195,-1.409729,-0.976493,-0.976493,-0.976493,-0.976493
15.760061,-1.409729,-1.400525,-1.408195,-1.409729,-0.888788,-0.888788,-0.888788,-0.888788
15.770058,-1.267068,-1.257864,-1.268602,-1.268602,-0.798754,-0.798754,-0.798754,-0.798754
15.780058,-1.267068,-1.257864,-1.268602,-1.268602,-0.706525,-0.706525,-0.706525,-0.706525
15.790061,-1.110602,-1.098330,-1.110602,-1.109068,-0.612356,-0.612356,-0.612356,-0.612356
15.800057,-1.110602,-1.098330,-1.110602,-1.109068,-0.516612,-0.516612,-0.516612,-0.516612
15.810056,-0.938796,-0.928059,-0.937262,-0.937262,-0.419464,-0.419464,-0.419464,-0.419464
15.820059,-0.938796,-0.928059,-0.937262,-0.937262,-0.321155,-0.321155,-0.321155,-0.321155
15.830062,-0.751651,-0.747049,-0.750117,-0.751651,-0.222013,-0.222013,-0.222013,-0.222013
15.840061,-0.751651,-0.747049,-0.750117,-0.751651,-0.122344,-0.122344,-0.122344,-0.122344
15.850062,-0.751651,-0.747049,-0.750117,-0.751651,-0.022373,-0.022373,-0.022373,-0.022373
15.860056,-0.558369,-0.556835,-0.556835,-0.555301,0.077528,0.077528,0.077528,0.077528
15.870060,-0.368155,-0.369689,-0.366621,-0.363553,0.177247,0.177247,0.177247,0.177247
15.880063,-0.368155,-0.369689,-0.366621,-0.363553,0.276408,0.276408,0.276408,0.276408
15.890062,-0.165670,-0.181010,-0.168738,-0.171806,0.374689,0.374689,0.374689,0.374689
15.900057,-0.165670,-0.181010,-0.168738,-0.171806,0.471822,0.471822,0.471822,0.471822
15.910063,0.033748,0.029146,0.029146,0.035282,0.567665,0.567665,0.567665,0.567665
15.920036,0.033748,0.029146,0.029146,0.035282,0.661557,0.661557,0.661557,0.661557
15.930060,0.228563,0.223961,0.223961,0.236233,0.753996,0.753996,0.753996,0.753996
15.940060,0.228563,0.223961,0.223961,0.236233,0.844009,0.844009,0.844009,0.844009
15.950062,0.418777,0.411107,0.411107,0.437185,0.931616,0.931616,0.931616,0.931616
15.960054,0.418777,0.411107,0.411107,0.437185,1.016445,1.016445,1.016445,1.016445
15.970062,0.607457,0.596719,0.598253,0.624330,1.098468,1.098468,1.098468,1.098468
15.980060,0.607457,0.596719,0.598253,0.624330,1.177232,1.177232,1.177232,1.177232
15.990059,0.791534,0.780796,0.782330,0.800738,1.252623,1.252623,1.252623,1.252623
16.000027,0.791534,0.780796,0.782330,0.800738,1.324180,1.324180,1.324180,1.324180
16.010056,0.966408,0.955670,0.958738,0.980214,1.392350,1.392350,1.392350,1.392350
16.020056,0.966408,0.955670,0.958738,0.980214,1.456310,1.456310,1.456310,1.456310
16.030056,1.133612,1.118272,1.130544,1.148952,1.516064,1.516064,1.516064,1.516064
16.040056,1.133612,1.118272,1.130544,1.148952,1.571453,1.571453,1.571453,1.571453
16.050055,1.285476,1.270136,1.290078,1.300816,1.622289,1.622289,1.622289,1.622289
16.060057,1.285476,1.270136,1.290078,1.300816,1.668476,1.668476,1.668476,1.668476
16.070059,1.418932,1.408195,1.423534,1.434272,1.709832,1.709832,1.709832,1.709832
16.080053,1.418932,1.408195,1.423534,1.434272,1.746231,1.746231,1.746231,1.746231
16.090054,1.537049,1.527845,1.538583,1.550855,1.777603,1.777603,1.777603,1.777603
16.100060,1.537049,1.527845,1.538583,1.550855,1.803847,1.803847,1.803847,1.803847
16.110058,1.638292,1.627554,1.639826,1.647496,1.824854,1.824854,1.824854,1.824854
16.120062,1.638292,1.627554,1.639826,1.647496,1.840589,1.840589,1.840589,1.840589
16.130064,1.721127,1.710389,1.719593,1.730331,1.850987,1.850987,1.850987,1.850987
16.140062,1.721127,1.710389,1.719593,1.730331,1.856019,1.856019,1.856019,1.856019
16.150061,1.782486,1.771748,1.779418,1.791690,1.855672,1.855672,1.855672,1.855672
16.160059,1.782486,1.771748,1.779418,1.791690,1.849945,1.849945,1.849945,1.849945
16.170061,1.822369,1.813166,1.817768,1.831573,1.838844,1.838844,1.838844,1.838844
16.180063,1.822369,1.813166,1.817768,1.831573,1.822401,1.822401,1.822401,1.822401
16.190025,1.839243,1.831573,1.834641,1.848447,1.800754,1.800754,1.800754,1.800754
16.200041,1.839243,1.831573,1.834641,1.848447,1.773754,1.773754,1.773754,1.773754
16.210058,1.840777,1.831573,1.834641,1.849981,1.741579,1.741579,1.741579,1.741579
16.220058,1.840777,1.831573,1.834641,1.849981,1.704379,1.704379,1.704379,1.704379
16.230059,1.837709,1.830039,1.834641,1.845379,1.662216,1.662216,1.662216,1.662216
16.240053,1.837709,1.830039,1.834641,1.845379,1.615236,1.615236,1.615236,1.615236
16.250053,1.797826,1.793224,1.797826,1.805496,1.563524,1.563524,1.563524,1.563524
16.260056,1.797826,1.793224,1.797826,1.805496,1.507243,1.507243,1.507243,1.507243
16.270056,1.728797,1.725729,1.727263,1.734933,1.446579,1.446579,1.446579,1.446579
16.280056,1.728797,1.725729,1.727263,1.734933,1.381691,1.381691,1.381691,1.381691
16.290054,1.641360,1.635224,1.639826,1.641360,1.312787,1.312787,1.312787,1.312787
16.300053,1.641360,1.635224,1.639826,1.641360,1.240048,1.240048,1.240048,1.240048
16.310057,1.537049,1.530913,1.533981,1.535515,1.163657,1.163657,1.163657,1.163657
16.320055,1.537049,1.530913,1.533981,1.535515,1.083903,1.083903,1.083903,1.083903
16.330059,1.405127,1.394389,1.398991,1.402059,1.000947,1.000947,1.000947,1.000947
16.340057,1.405127,1.394389,1.398991,1.402059,0.915109,0.915109,0.915109,0.915109
16.350058,1.270136,1.257864,1.259398,1.262466,0.826610,0.826610,0.826610,0.826610
16.360056,1.270136,1.257864,1.259398,1.262466,0.735715,0.735715,0.735715,0.735715
16.370058,1.129010,1.115204,1.118272,1.113670,0.642656,0.642656,0.642656,0.642656
16.380056,1.129010,1.115204,1.118272,1.113670,0.547766,0.547766,0.547766,0.547766
16.390057,0.964874,0.951068,0.952602,0.955670,0.451292,0.451292,0.451292,0.451292
16.400061,0.964874,0.951068,0.952602,0.955670,0.353468,0.353468,0.353468,0.353468
16.410055,0.774660,0.776194,0.774660,0.776194,0.254761,0.254761,0.254761,0.254761
16.420061,0.774660,0.776194,0.774660,0.776194,0.155233,0.155233,0.155233,0.155233
16.430069,0.587515,0.592117,0.593651,0.592117,0.055262,0.055262,0.055262,0.055262
16.440058,0.587515,0.592117,0.593651,0.592117,-0.044611,-0.044611,-0.044611,-0.044611
16.450062,0.403437,0.398835,0.404971,0.398835,-0.144441,-0.144441,-0.144441,-0.144441
16.460060,0.403437,0.398835,0.404971,0.398835,-0.243744,-0.243744,-0.243744,-0.243744
16.470062,0.211689,0.202485,0.210155,0.197884,-0.342287,-0.342287,-0.342287,-0.342287
16.480062,0.211689,0.202485,0.210155,0.197884,-0.439713,-0.439713,-0.439713,-0.439713
16.490063,0.012272,-0.001534,0.015340,-0.003068,-0.535765,-0.535765,-0.535765,-0.535765
16.500059,0.012272,-0.001534,0.015340,-0.003068,-0.630112,-0.630112,-0.630112,-0.630112
16.510059,-0.191748,-0.211689,-0.187146,-0.217825,-0.722540,-0.722540,-0.722540,-0.722540
16.520054,-0.191748,-0.211689,-0.187146,-0.217825,-0.812666,-0.812666,-0.812666,-0.812666
16.530027,-0.392699,-0.401903,-0.388097,-0.412641,-0.900106,-0.900106,-0.900106,-0.900106
16.540058,-0.392699,-0.401903,-0.388097,-0.412641,-0.985271,-0.985271,-0.985271,-0.985271
16.550058,-0.587515,-0.585981,-0.581379,-0.602855,-1.067132,-1.067132,-1.067132,-1.067132
16.560059,-0.587515,-0.585981,-0.581379,-0.602855,-1.145698,-1.145698,-1.145698,-1.145698
16.570057,-0.783864,-0.780796,-0.776194,-0.796136,-1.220720,-1.220720,-1.220720,-1.220720
16.580057,-0.783864,-0.780796,-0.776194,-0.796136,-1.291997,-1.291997,-1.291997,-1.291997
16.590059,-0.949534,-0.940330,-0.952602,-0.958738,-1.359321,-1.359321,-1.359321,-1.359321
16.600058,-0.949534,-0.940330,-0.952602,-0.958738,-1.422410,-1.422410,-1.422410,-1.422410
16.610056,-1.099864,-1.084525,-1.099864,-1.104466,-1.481138,-1.481138,-1.481138,-1.481138
16.620062,-1.099864,-1.084525,-1.099864,-1.104466,-1.535332,-1.535332,-1.535332,-1.535332
16.630056,-1.240991,-1.228719,-1.244059,-1.251729,-1.584744,-1.584744,-1.584744,-1.584744
16.640055,-1.240991,-1.228719,-1.244059,-1.251729,-1.629285,-1.629285,-1.629285,-1.629285
16.650055,-1.375981,-1.368311,-1.383651,-1.386719,-1.668810,-1.668810,-1.668810,-1.668810
16.660053,-1.375981,-1.368311,-1.383651,-1.386719,-1.703178,-1.703178,-1.703178,-1.703178
16.670057,-1.497165,-1.487962,-1.501767,-1.506369,-1.732303,-1.732303,-1.732303,-1.732303
16.680056,-1.497165,-1.487962,-1.501767,-1.506369,-1.756061,-1.756061,-1.756061,-1.756061
16.690056,-1.599942,-1.590738,-1.603010,-1.612214,-1.774396,-1.774396,-1.774396,-1.774396
16.700054,-1.599942,-1.590738,-1.603010,-1.612214,-1.787243,-1.787243,-1.787243,-1.787243
16.710058,-1.678175,-1.667437,-1.681243,-1.688913,-1.794564,-1.794564,-1.794564,-1.794564
16.720058,-1.678175,-1.667437,-1.681243,-1.688913,-1.796325,-1.796325,-1.796325,-1.796325
16.730057,-1.733399,-1.724195,-1.733399,-1.744136,-1.792523,-1.792523,-1.792523,-1.792523
16.740057,-1.733399,-1.724195,-1.733399,-1.744136,-1.783165,-1.783165,-1.783165,-1.783165
16.750057,-1.765612,-1.759476,-1.767146,-1.776350,-1.768278,-1.768278,-1.768278,-1.768278
16.760056,-1.765612,-1.759476,-1.767146,-1.776350,-1.747907,-1.747907,-1.747907,-1.747907
16.770056,-1.777884,-1.770214,-1.776350,-1.787088,-1.722106,-1.722106,-1.722106,-1.722106
16.780062,-1.777884,-1.770214,-1.776350,-1.787088,-1.690938,-1.690938,-1.690938,-1.690938
16.790056,-1.776350,-1.768680,-1.776350,-1.785554,-1.654550,-1.654550,-1.654550,-1.654550
16.800058,-1.776350,-1.768680,-1.776350,-1.785554,-1.612994,-1.612994,-1.612994,-1.612994
16.810057,-1.765612,-1.757942,-1.768680,-1.773282,-1.566431,-1.566431,-1.566431,-1.566431
16.820040,-1.765612,-1.757942,-1.768680,-1.773282,-1.515082,-1.515082,-1.515082,-1.515082
16.830055,-1.714991,-1.707321,-1.721127,-1.722661,-1.458840,-1.458840,-1.458840,-1.458840
16.840067,-1.714991,-1.707321,-1.721127,-1.722661,-1.398068,-1.398068,-1.398068,-1.398068
16.850060,-1.638292,-1.632156,-1.642894,-1.644428,-1.333053,-1.333053,-1.333053,-1.333053
16.860060,-1.638292,-1.632156,-1.642894,-1.644428,-1.263853,-1.263853,-1.263853,-1.263853
16.870062,-1.543185,-1.540117,-1.544719,-1.549321,-1.190685,-1.190685,-1.190685,-1.190685
16.880056,-1.543185,-1.540117,-1.544719,-1.549321,-1.113871,-1.113871,-1.113871,-1.113871
16.890060,-1.435806,-1.429670,-1.432738,-1.435806,-1.033507,-1.033507,-1.033507,-1.033507
16.900059,-1.435806,-1.429670,-1.432738,-1.435806,-0.949978,-0.949978,-0.949978,-0.949978
16.910061,-1.299282,-1.303884,-1.306952,-1.308486,-0.863469,-0.863469,-0.863469,-0.863469
16.920063,-1.299282,-1.303884,-1.306952,-1.308486,-0.774264,-0.774264,-0.774264,-0.774264
16.930046,-1.153554,-1.158156,-1.161224,-1.161224,-0.682835,-0.682835,-0.682835,-0.682835
16.940063,-1.153554,-1.158156,-1.161224,-1.161224,-0.588980,-0.588980,-0.588980,-0.588980
16.950064,-0.997088,-0.997088,-0.998622,-1.001690,-0.493450,-0.493450,-0.493450,-0.493450
16.960064,-0.997088,-0.997088,-0.998622,-1.001690,-0.396429,-0.396429,-0.396429,-0.396429
16.970062,-0.820680,-0.825282,-0.817612,-0.823748,-0.298198,-0.298198,-0.298198,-0.298198
16.980061,-0.820680,-0.825282,-0.817612,-0.823748,-0.199089,-0.199089,-0.199089,-0.199089
16.990059,-0.633534,-0.639670,-0.632000,-0.635068,-0.099383,-0.099383,-0.099383,-0.099383
17.000061,-0.633534,-0.639670,-0.632000,-0.635068,0.000612,0.000612,0.000612,0.000612
17.010061,-0.431049,-0.440253,-0.438719,-0.420311,0.100532,0.100532,0.100532,0.100532
17.020060,-0.431049,-0.440253,-0.438719,-0.420311,0.200063,0.200063,0.200063,0.200063
17.030062,-0.234699,-0.248505,-0.246971,-0.220893,0.298912,0.298912,0.298912,0.298912
17.040060,-0.234699,-0.248505,-0.246971,-0.220893,0.396741,0.396741,0.396741,0.396741
17.050062,-0.050621,-0.064427,-0.056757,-0.026078,0.493267,0.493267,0.493267,0.493267
17.060061,-0.050621,-0.064427,-0.056757,-0.026078,0.588111,0.588111,0.588111,0.588111
17.070063,0.142660,0.134990,0.139592,0.154932,0.681044,0.681044,0.681044,0.681044
17.080027,0.142660,0.134990,0.139592,0.154932,0.771396,0.771396,0.771396,0.771396
17.090057,0.351282,0.346680,0.345146,0.366621,0.859820,0.859820,0.859820,0.859820
17.100054,0.351282,0.346680,0.345146,0.366621,0.945097,0.945097,0.945097,0.945097
17.110058,0.543029,0.533825,0.543029,0.558369,1.027341,1.027341,1.027341,1.027341
17.120052,0.543029,0.533825,0.543029,0.558369,1.106140,1.106140,1.106140,1.106140
17.130058,0.716369,0.707165,0.717903,0.733243,1.181410,1.181410,1.181410,1.181410
17.140057,0.716369,0.707165,0.717903,0.733243,1.252742,1.252742,1.252742,1.252742
17.150059,0.892777,0.883573,0.892777,0.906583,1.319994,1.319994,1.319994,1.319994
17.160067,0.892777,0.883573,0.892777,0.906583,1.382959,1.382959,1.382959,1.382959
17.170063,1.059981,1.055379,1.064583,1.075321,1.441317,1.441317,1.441317,1.441317
17.180058,1.059981,1.055379,1.064583,1.075321,1.494943,1.494943,1.494943,1.494943
17.190062,1.231787,1.222583,1.234855,1.242525,1.543718,1.543718,1.543718,1.543718
17.200064,1.231787,1.222583,1.234855,1.242525,1.587408,1.587408,1.587408,1.587408
17.210062,1.354505,1.346835,1.356039,1.368311,1.625878,1.625878,1.625878,1.625878
17.220064,1.354505,1.346835,1.356039,1.368311,1.659024,1.659024,1.659024,1.659024
17.230064,1.460350,1.455748,1.461884,1.474156,1.686711,1.686711,1.686711,1.686711
17.240059,1.460350,1.455748,1.461884,1.474156,1.708842,1.708842,1.708842,1.708842
17.250057,1.556991,1.549321,1.556991,1.567729,1.725363,1.725363,1.725363,1.725363
17.260059,1.556991,1.549321,1.556991,1.567729,1.736214,1.736214,1.736214,1.736214
17.270063,1.635224,1.629088,1.635224,1.642894,1.741347,1.741347,1.741347,1.741347
17.280064,1.635224,1.629088,1.635224,1.642894,1.740740,1.740740,1.740740,1.740740
17.290039,1.695049,1.687379,1.693515,1.701185,1.734420,1.734420,1.734420,1.734420
17.300058,1.695049,1.687379,1.693515,1.701185,1.722340,1.722340,1.722340,1.722340
17.310061,1.721127,1.711923,1.714991,1.727263,1.704595,1.704595,1.704595,1.704595
17.320061,1.721127,1.711923,1.714991,1.727263,1.681224,1.681224,1.681224,1.681224
17.330061,1.725729,1.718059,1.716525,1.731865,1.652297,1.652297,1.652297,1.652297
17.340033,1.725729,1.718059,1.716525,1.731865,1.618022,1.618022,1.618022,1.618022
17.350061,1.724195,1.716525,1.714991,1.730331,1.578181,1.578181,1.578181,1.578181
17.360064,1.724195,1.716525,1.714991,1.730331,1.533220,1.533220,1.533220,1.533220
17.370064,1.693515,1.684311,1.693515,1.699651,1.483189,1.483189,1.483189,1.483189
17.380062,1.693515,1.684311,1.693515,1.699651,1.428267,1.428267,1.428267,1.428267
17.390059,1.639826,1.630622,1.642894,1.647496,1.368621,1.368621,1.368621,1.368621
17.400061,1.639826,1.630622,1.642894,1.647496,1.304415,1.304415,1.304415,1.304415
17.410059,1.555457,1.549321,1.560059,1.566195,1.235905,1.235905,1.235905,1.235905
17.420057,1.555457,1.549321,1.560059,1.566195,1.163300,1.163300,1.163300,1.163300
17.430056,1.452680,1.441942,1.455748,1.463418,1.086856,1.086856,1.086856,1.086856
17.440062,1.452680,1.441942,1.455748,1.463418,1.006738,1.006738,1.006738,1.006738
17.450056,1.319224,1.308486,1.320758,1.326894,0.923393,0.923393,0.923393,0.923393
17.460058,1.319224,1.308486,1.320758,1.326894,0.836917,0.836917,0.836917,0.836917
17.470058,1.199573,1.181165,1.193437,1.198039,0.747696,0.747696,0.747696,0.747696
17.480061,1.199573,1.181165,1.193437,1.198039,0.655990,0.655990,0.655990,0.655990
17.490059,1.055379,1.032369,1.046175,1.046175,0.562167,0.562167,0.562167,0.562167
17.500059,1.055379,1.032369,1.046175,1.046175,0.466476,0.466476,0.466476,0.466476
17.510063,0.868233,0.849826,0.866699,0.863631,0.369217,0.369217,0.369217,0.369217
17.520061,0.868233,0.849826,0.866699,0.863631,0.270822,0.270822,0.270822,0.270822
17.530064,0.682622,0.668816,0.688757,0.676486,0.171525,0.171525,0.171525,0.171525
17.540056,0.682622,0.668816,0.688757,0.676486,0.071808,0.071808,0.071808,0.071808
17.550035,0.503146,0.490874,0.513884,0.498544,-0.027980,-0.027980,-0.027980,-0.027980
17.560055,0.503146,0.490874,0.513884,0.498544,-0.128016,-0.128016,-0.128016,-0.128016
17.570065,0.322136,0.306796,0.328272,0.316000,-0.227456,-0.227456,-0.227456,-0.227456
17.580059,0.322136,0.306796,0.328272,0.316000,-0.325927,-0.325927,-0.325927,-0.325927
17.590065,0.130388,0.115049,0.130388,0.115049,-0.423350,-0.423350,-0.423350,-0.423350
17.600065,0.130388,0.115049,0.130388,0.115049,-0.519219,-0.519219,-0.519219,-0.519219
17.610062,-0.075165,-0.101243,-0.081301,-0.099709,-0.613223,-0.613223,-0.613223,-0.613223
17.620060,-0.075165,-0.101243,-0.081301,-0.099709,-0.705113,-0.705113,-0.705113,-0.705113
17.630062,-0.276117,-0.302194,-0.283786,-0.302194,-0.794562,-0.794562,-0.794562,-0.794562
17.640055,-0.276117,-0.302194,-0.283786,-0.302194,-0.881162,-0.881162,-0.881162,-0.881162
17.650059,-0.483204,-0.504680,-0.490874,-0.506214,-0.964800,-0.964800,-0.964800,-0.964800
17.660057,-0.483204,-0.504680,-0.490874,-0.506214,-1.045033,-1.045033,-1.045033,-1.045033
17.670055,-0.662680,-0.679554,-0.670350,-0.684156,-1.121635,-1.121635,-1.121635,-1.121635
17.680048,-0.662680,-0.679554,-0.670350,-0.684156,-1.194309,-1.194309,-1.194309,-1.194309
17.690060,-0.832952,-0.842156,-0.842156,-0.849826,-1.262954,-1.262954,-1.262954,-1.262954
17.700054,-0.832952,-0.842156,-0.842156,-0.849826,-1.327110,-1.327110,-1.327110,-1.327110
17.710056,-1.003224,-0.998622,-1.004758,-1.012427,-1.386682,-1.386682,-1.386682,-1.386682
17.720057,-1.003224,-0.998622,-1.004758,-1.012427,-1.441440,-1.441440,-1.441440,-1.441440
17.730061,-1.167360,-1.156622,-1.162758,-1.175029,-1.491198,-1.491198,-1.491198,-1.491198
17.740057,-1.167360,-1.156622,-1.162758,-1.175029,-1.535726,-1.535726,-1.535726,-1.535726
17.750057,-1.294680,-1.290078,-1.296214,-1.310020,-1.574941,-1.574941,-1.574941,-1.574941
17.760067,-1.294680,-1.290078,-1.296214,-1.310020,-1.608693,-1.608693,-1.608693,-1.608693
17.770061,-1.398991,-1.397457,-1.405127,-1.409729,-1.636796,-1.636796,-1.636796,-1.636796
17.780058,-1.398991,-1.397457,-1.405127,-1.409729,-1.659209,-1.659209,-1.659209,-1.659209
17.790060,-1.500233,-1.492563,-1.501767,-1.509437,-1.675847,-1.675847,-1.675847,-1.675847
17.800060,-1.500233,-1.492563,-1.501767,-1.509437,-1.686639,-1.686639,-1.686639,-1.686639
17.810062,-1.581534,-1.576932,-1.584602,-1.595340,-1.691544,-1.691544,-1.691544,-1.691544
17.820034,-1.581534,-1.576932,-1.584602,-1.595340,-1.690553,-1.690553,-1.690553,-1.690553
17.830061,-1.645962,-1.638292,-1.645962,-1.656700,-1.683636,-1.683636,-1.683636,-1.683636
17.840054,-1.645962,-1.638292,-1.645962,-1.656700,-1.670854,-1.670854,-1.670854,-1.670854
17.850061,-1.670505,-1.662835,-1.670505,-1.679709,-1.652210,-1.652210,-1.652210,-1.652210
17.860025,-1.670505,-1.662835,-1.670505,-1.679709,-1.627893,-1.627893,-1.627893,-1.627893
17.870062,-1.675107,-1.665903,-1.673573,-1.681243,-1.597677,-1.597677,-1.597677,-1.597677
17.880060,-1.675107,-1.665903,-1.673573,-1.681243,-1.561975,-1.561975,-1.561975,-1.561975
17.890060,-1.675107,-1.664369,-1.672039,-1.679709,-1.520795,-1.520795,-1.520795,-1.520795
17.900057,-1.675107,-1.664369,-1.672039,-1.679709,-1.474302,-1.474302,-1.474302,-1.474302
17.910019,-1.675107,-1.664369,-1.672039,-1.679709,-1.422828,-1.422828,-1.422828,-1.422828
17.920057,-1.649030,-1.642894,-1.653632,-1.656700,-1.365949,-1.365949,-1.365949,-1.365949
17.930056,-1.573864,-1.573864,-1.583068,-1.586136,-1.304499,-1.304499,-1.304499,-1.304499
17.940058,-1.573864,-1.573864,-1.583068,-1.586136,-1.238445,-1.238445,-1.238445,-1.238445
17.950058,-1.573864,-1.573864,-1.583068,-1.586136,-1.168050,-1.168050,-1.168050,-1.168050
17.960058,-1.492563,-1.494097,-1.498699,-1.503301,-1.093565,-1.093565,-1.093565,-1.093565
17.970057,-1.403593,-1.397457,-1.400525,-1.402059,-1.015248,-1.015248,-1.015248,-1.015248
17.980061,-1.403593,-1.397457,-1.400525,-1.402059,-0.933339,-0.933339,-0.933339,-0.933339
17.990059,-1.282408,-1.279340,-1.285476,-1.282408,-0.848181,-0.848181,-0.848181,-0.848181
18.000059,-1.282408,-1.279340,-1.285476,-1.282408,-0.760055,-0.760055,-0.760055,-0.760055
18.010057,-1.139748,-1.136680,-1.145884,-1.141282,-0.669276,-0.669276,-0.669276,-0.669276
18.020060,-1.139748,-1.136680,-1.145884,-1.141282,-0.576123,-0.576123,-0.576123,-0.576123
18.030060,-0.981748,-0.981748,-0.989418,-0.980214,-0.480980,-0.480980,-0.480980,-0.480980
18.040056,-0.981748,-0.981748,-0.989418,-0.980214,-0.384204,-0.384204,-0.384204,-0.384204
18.050062,-0.785398,-0.793068,-0.797670,-0.790000,-0.286017,-0.286017,-0.286017,-0.286017
18.060061,-0.785398,-0.793068,-0.797670,-0.790000,-0.186933,-0.186933,-0.186933,-0.186933
18.070065,-0.613592,-0.619728,-0.621262,-0.613592,-0.087181,-0.087181,-0.087181,-0.087181
18.080063,-0.613592,-0.619728,-0.621262,-0.613592,0.012779,0.012779,0.012779,0.012779
18.090065,-0.434117,-0.441787,-0.438719,-0.434117,0.112692,0.112692,0.112692,0.112692
18.100061,-0.434117,-0.441787,-0.438719,-0.434117,0.212071,0.212071,0.212071,0.212071
18.110064,-0.240835,-0.251573,-0.237767,-0.240835,0.310708,0.310708,0.310708,0.310708
18.120060,-0.240835,-0.251573,-0.237767,-0.240835,0.408109,0.408109,0.408109,0.408109
18.130062,-0.027612,-0.041417,-0.027612,-0.018408,0.504046,0.504046,0.504046,0.504046
18.140064,-0.027612,-0.041417,-0.027612,-0.018408,0.598111,0.598111,0.598111,0.598111
18.150063,0.171806,0.164136,0.171806,0.184078,0.689933,0.689933,0.689933,0.689933
18.160057,0.171806,0.164136,0.171806,0.184078,0.779170,0.779170,0.779170,0.779170
18.170061,0.357418,0.346680,0.365087,0.372757,0.865635,0.865635,0.865635,0.865635
18.180059,0.357418,0.346680,0.365087,0.372757,0.948870,0.948870,0.948870,0.948870
18.190060,0.543029,0.527689,0.549165,0.558369,1.028625,1.028625,1.028625,1.028625
18.200060,0.543029,0.527689,0.549165,0.558369,1.104598,1.104598,1.104598,1.104598
18.210062,0.727107,0.702563,0.727107,0.737845,1.176535,1.176535,1.176535,1.176535
18.220064,0.727107,0.702563,0.727107,0.737845,1.244154,1.244154,1.244154,1.244154
18.230062,0.901981,0.882039,0.900447,0.915787,1.307178,1.307178,1.307178,1.307178
18.240063,0.901981,0.882039,0.900447,0.915787,1.365403,1.365403,1.365403,1.365403
18.250063,1.076855,1.063049,1.078389,1.090660,1.418622,1.418622,1.418622,1.418622
18.260057,1.076855,1.063049,1.078389,1.090660,1.466599,1.466599,1.466599,1.466599
18.270054,1.211845,1.199573,1.219515,1.225651,1.509201,1.509201,1.509201,1.509201
18.280060,1.211845,1.199573,1.219515,1.225651,1.546291,1.546291,1.546291,1.546291
18.290014,1.329962,1.319224,1.334563,1.342233,1.577534,1.577534,1.577534,1.577534
18.300055,1.329962,1.319224,1.334563,1.342233,1.603222,1.603222,1.603222,1.603222
18.310061,1.432738,1.422000,1.438874,1.446544,1.622898,1.622898,1.622898,1.622898
18.320055,1.432738,1.422000,1.438874,1.446544,1.636580,1.636580,1.636580,1.636580
18.330055,1.527845,1.517107,1.529379,1.541651,1.644237,1.644237,1.644237,1.644237
18.340059,1.527845,1.517107,1.529379,1.541651,1.645829,1.645829,1.645829,1.645829
18.350058,1.584602,1.576932,1.587670,1.596874,1.641348,1.641348,1.641348,1.641348
18.360060,1.584602,1.576932,1.587670,1.596874,1.630805,1.630805,1.630805,1.630805
18.370052,1.616816,1.609146,1.615282,1.622952,1.614255,1.614255,1.614255,1.614255
18.380051,1.616816,1.609146,1.615282,1.622952,1.591731,1.591731,1.591731,1.591731
18.390059,1.626020,1.619884,1.621418,1.630622,1.563298,1.563298,1.563298,1.563298
18.400061,1.626020,1.619884,1.621418,1.630622,1.529095,1.529095,1.529095,1.529095
18.410065,1.626020,1.618350,1.621418,1.629088,1.489219,1.489219,1.489219,1.489219
18.420069,1.626020,1.618350,1.621418,1.629088,1.443828,1.443828,1.443828,1.443828
18.430063,1.610680,1.601476,1.607612,1.612214,1.393129,1.393129,1.393129,1.393129
18.440058,1.610680,1.601476,1.607612,1.612214,1.337286,1.337286,1.337286,1.337286
18.450064,1.544719,1.538583,1.546253,1.549321,1.276415,1.276415,1.276415,1.276415
18.460056,1.544719,1.538583,1.546253,1.549321,1.210888,1.210888,1.210888,1.210888
18.470066,1.464952,1.461884,1.469554,1.475690,1.140776,1.140776,1.140776,1.140776
18.480055,1.464952,1.461884,1.469554,1.475690,1.066564,1.066564,1.066564,1.066564
18.490061,1.365243,1.360641,1.366777,1.368311,0.988279,0.988279,0.988279,0.988279
18.500057,1.365243,1.360641,1.366777,1.368311,0.906410,0.906410,0.906410,0.906410
18.510061,1.365243,1.360641,1.366777,1.368311,0.821115,0.821115,0.821115,0.821115
18.520058,1.244059,1.239457,1.245593,1.248661,0.732846,0.732846,0.732846,0.732846
18.530062,1.092194,1.084525,1.096796,1.087592,0.641805,0.641805,0.641805,0.641805
18.540060,1.092194,1.084525,1.096796,1.087592,0.548440,0.548440,0.548440,0.548440
18.550066,0.935728,0.926525,0.938796,0.929592,0.453005,0.453005,0.453005,0.453005
18.560061,0.935728,0.926525,0.938796,0.929592,0.355997,0.355997,0.355997,0.355997
18.570063,0.766990,0.765456,0.770058,0.757787,0.257643,0.257643,0.257643,0.257643
18.580030,0.766990,0.765456,0.770058,0.757787,0.158693,0.158693,0.158693,0.158693
18.590063,0.587515,0.587515,0.595185,0.582913,0.058551,0.058551,0.058551,0.058551
18.600061,0.587515,0.587515,0.595185,0.582913,-0.041420,-0.041420,-0.041420,-0.041420
18.610062,0.406505,0.400369,0.412641,0.400369,-0.141216,-0.141216,-0.141216,-0.141216
18.620056,0.406505,0.400369,0.412641,0.400369,-0.240347,-0.240347,-0.240347,-0.240347
18.630060,0.217825,0.205553,0.205553,0.200952,-0.338619,-0.338619,-0.338619,-0.338619
18.640057,0.217825,0.205553,0.205553,0.200952,-0.435481,-0.435481,-0.435481,-0.435481
18.650063,0.003068,-0.009204,-0.007670,-0.012272,-0.530712,-0.530712,-0.530712,-0.530712
18.660057,0.003068,-0.009204,-0.007670,-0.012272,-0.623789,-0.623789,-0.623789,-0.623789
18.670063,-0.211689,-0.225495,-0.216291,-0.237767,-0.714531,-0.714531,-0.714531,-0.714531
18.680059,-0.211689,-0.225495,-0.216291,-0.237767,-0.802408,-0.802408,-0.802408,-0.802408
18.690063,-0.394233,-0.403437,-0.397301,-0.415709,-0.887253,-0.887253,-0.887253,-0.887253
18.700056,-0.394233,-0.403437,-0.397301,-0.415709,-0.968559,-0.968559,-0.968559,-0.968559
18.710064,-0.587515,-0.595185,-0.593651,-0.605923,-1.046254,-1.046254,-1.046254,-1.046254
18.720062,-0.587515,-0.595185,-0.593651,-0.605923,-1.119814,-1.119814,-1.119814,-1.119814
18.730061,-0.771592,-0.779262,-0.780796,-0.788466,-1.189046,-1.189046,-1.189046,-1.189046
18.740063,-0.771592,-0.779262,-0.780796,-0.788466,-1.253692,-1.253692,-1.253692,-1.253692
18.750059,-0.938796,-0.935728,-0.943398,-0.951068,-1.313470,-1.313470,-1.313470,-1.313470
18.760056,-0.938796,-0.935728,-0.943398,-0.951068,-1.368158,-1.368158,-1.368158,-1.368158
18.770058,-1.090660,-1.076855,-1.092194,-1.096796,-1.417575,-1.417575,-1.417575,-1.417575
18.780058,-1.090660,-1.076855,-1.092194,-1.096796,-1.461498,-1.461498,-1.461498,-1.461498
18.790060,-1.217981,-1.204175,-1.222583,-1.228719,-1.499766,-1.499766,-1.499766,-1.499766
18.800056,-1.217981,-1.204175,-1.222583,-1.228719,-1.532202,-1.532202,-1.532202,-1.532202
18.810059,-1.340699,-1.333030,-1.348369,-1.351437,-1.558711,-1.558711,-1.558711,-1.558711
18.820057,-1.340699,-1.333030,-1.348369,-1.351437,-1.579166,-1.579166,-1.579166,-1.579166
18.830055,-1.446544,-1.440408,-1.452680,-1.455748,-1.593496,-1.593496,-1.593496,-1.593496
18.840055,-1.446544,-1.440408,-1.452680,-1.455748,-1.601638,-1.601638,-1.601638,-1.601638
18.850058,-1.515573,-1.503301,-1.520175,-1.524777,-1.603559,-1.603559,-1.603559,-1.603559
18.860054,-1.515573,-1.503301,-1.520175,-1.524777,-1.599248,-1.599248,-1.599248,-1.599248
18.870058,-1.556991,-1.547787,-1.561593,-1.570796,-1.588713,-1.588713,-1.588713,-1.588713
18.880058,-1.556991,-1.547787,-1.561593,-1.570796,-1.571996,-1.571996,-1.571996,-1.571996
18.890060,-1.581534,-1.573864,-1.583068,-1.595340,-1.549160,-1.549160,-1.549160,-1.549160
18.900053,-1.581534,-1.573864,-1.583068,-1.595340,-1.520312,-1.520312,-1.520312,-1.520312
18.910059,-1.584602,-1.576932,-1.584602,-1.596874,-1.485501,-1.485501,-1.485501,-1.485501
18.920057,-1.584602,-1.576932,-1.584602,-1.596874,-1.444927,-1.444927,-1.444927,-1.444927
18.930059,-1.583068,-1.575398,-1.583068,-1.593806,-1.398705,-1.398705,-1.398705,-1.398705
18.940056,-1.583068,-1.575398,-1.583068,-1.593806,-1.347046,-1.347046,-1.347046,-1.347046
18.950058,-1.544719,-1.538583,-1.546253,-1.553923,-1.290109,-1.290109,-1.290109,-1.290109
18.960054,-1.544719,-1.538583,-1.546253,-1.553923,-1.228158,-1.228158,-1.228158,-1.228158
18.970057,-1.464952,-1.457282,-1.466486,-1.471088,-1.161390,-1.161390,-1.161390,-1.161390
18.980055,-1.464952,-1.457282,-1.466486,-1.471088,-1.090102,-1.090102,-1.090102,-1.090102
18.990059,-1.365243,-1.354505,-1.362175,-1.363709,-1.014524,-1.014524,-1.014524,-1.014524
19.000053,-1.365243,-1.354505,-1.362175,-1.363709,-0.935048,-0.935048,-0.935048,-0.935048
19.010056,-1.236389,-1.230253,-1.239457,-1.242525,-0.851874,-0.851874,-0.851874,-0.851874
19.020060,-1.236389,-1.230253,-1.239457,-1.242525,-0.765356,-0.765356,-0.765356,-0.765356
19.030056,-1.132078,-1.116738,-1.132078,-1.132078,-0.675917,-0.675917,-0.675917,-0.675917
19.040056,-1.132078,-1.116738,-1.132078,-1.132078,-0.583829,-0.583829,-0.583829,-0.583829
19.050056,-0.967942,-0.964874,-0.981748,-0.977146,-0.489460,-0.489460,-0.489460,-0.489460
19.060057,-0.967942,-0.964874,-0.981748,-0.977146,-0.393205,-0.393205,-0.393205,-0.393205
19.070057,-0.799204,-0.803806,-0.816078,-0.811476,-0.295434,-0.295434,-0.295434,-0.295434
19.080057,-0.799204,-0.803806,-0.816078,-0.811476,-0.196536,-0.196536,-0.196536,-0.196536
19.090059,-0.605923,-0.613592,-0.616660,-0.608990,-0.096892,-0.096892,-0.096892,-0.096892
19.100054,-0.605923,-0.613592,-0.616660,-0.608990,0.003025,0.003025,0.003025,0.003025
19.110058,-0.434117,-0.435651,-0.440253,-0.421845,0.102960,0.102960,0.102960,0.102960
19.120052,-0.434117,-0.435651,-0.440253,-0.421845,0.202362,0.202362,0.202362,0.202362
19.130054,-0.251573,-0.253107,-0.257709,-0.240835,0.300958,0.300958,0.300958,0.300958
19.140053,-0.251573,-0.253107,-0.257709,-0.240835,0.398274,0.398274,0.398274,0.398274
19.150055,-0.044485,-0.047553,-0.039884,-0.036816,0.493985,0.493985,0.493985,0.493985
19.160059,-0.044485,-0.047553,-0.039884,-0.036816,0.587676,0.587676,0.587676,0.587676
19.170057,0.159534,0.159534,0.162602,0.173340,0.678927,0.678927,0.678927,0.678927
19.180056,0.159534,0.159534,0.162602,0.173340,0.767410,0.767410,0.767410,0.767410
19.190056,0.360486,0.357418,0.366621,0.377359,0.852775,0.852775,0.852775,0.852775
19.200054,0.360486,0.357418,0.366621,0.377359,0.934654,0.934654,0.934654,0.934654
19.210056,0.562971,0.553767,0.567573,0.579845,1.012763,1.012763,1.012763,1.012763
19.220057,0.562971,0.553767,0.567573,0.579845,1.086734,1.086734,1.086734,1.086734
19.230059,0.736311,0.722505,0.740913,0.751651,1.156299,1.156299,1.156299,1.156299
19.240053,0.736311,0.722505,0.740913,0.751651,1.221121,1.221121,1.221121,1.221121
19.250055,0.894311,0.882039,0.895845,0.909651,1.281021,1.281021,1.281021,1.281021
19.260056,0.894311,0.882039,0.895845,0.909651,1.335702,1.335702,1.335702,1.335702
19.270056,1.041573,1.035437,1.044641,1.055379,1.384935,1.384935,1.384935,1.384935
19.280056,1.041573,1.035437,1.044641,1.055379,1.428543,1.428543,1.428543,1.428543
19.290058,1.196505,1.190369,1.199573,1.207243,1.466338,1.466338,1.466338,1.466338
19.300062,1.196505,1.190369,1.199573,1.207243,1.498165,1.498165,1.498165,1.498165
19.310061,1.308486,1.303884,1.311554,1.323826,1.523867,1.523867,1.523867,1.523867
19.320049,1.308486,1.303884,1.311554,1.323826,1.543342,1.543342,1.543342,1.543342
19.330061,1.411263,1.403593,1.414330,1.425068,1.556561,1.556561,1.556561,1.556561
19.340034,1.411263,1.403593,1.414330,1.425068,1.563397,1.563397,1.563397,1.563397
19.350061,1.484894,1.477224,1.484894,1.497165,1.563870,1.563870,1.563870,1.563870
19.360054,1.484894,1.477224,1.484894,1.497165,1.557953,1.557953,1.557953,1.557953
19.370066,1.529379,1.518641,1.527845,1.538583,1.545649,1.545649,1.545649,1.545649
19.380049,1.529379,1.518641,1.527845,1.538583,1.527070,1.527070,1.527070,1.527070
19.390060,1.546253,1.533981,1.543185,1.552389,1.502188,1.502188,1.502188,1.502188
19.400057,1.546253,1.533981,1.543185,1.552389,1.471194,1.471194,1.471194,1.471194
19.410059,1.546253,1.535515,1.543185,1.552389,1.434162,1.434162,1.434162,1.434162
19.420059,1.546253,1.535515,1.543185,1.552389,1.391256,1.391256,1.391256,1.391256
19.430063,1.541651,1.529379,1.538583,1.544719,1.342632,1.342632,1.342632,1.342632
19.440062,1.541651,1.529379,1.538583,1.544719,1.288530,1.288530,1.288530,1.288530
19.450058,1.489496,1.475690,1.489496,1.497165,1.229165,1.229165,1.229165,1.229165
19.460060,1.489496,1.475690,1.489496,1.497165,1.164714,1.164714,1.164714,1.164714
19.470058,1.406661,1.391321,1.405127,1.411263,1.095519,1.095519,1.095519,1.095519
19.480062,1.406661,1.391321,1.405127,1.411263,1.021791,1.021791,1.021791,1.021791
19.490059,1.313088,1.297748,1.306952,1.317690,0.943923,0.943923,0.943923,0.943923
19.500059,1.313088,1.297748,1.306952,1.317690,0.862156,0.862156,0.862156,0.862156
19.510057,1.190369,1.171961,1.182699,1.190369,0.776876,0.776876,0.776876,0.776876
19.520060,1.190369,1.171961,1.182699,1.190369,0.688375,0.688375,0.688375,0.688375
19.530058,1.038505,1.020097,1.033903,1.033903,0.597099,0.597099,0.597099,0.597099
19.540054,1.038505,1.020097,1.033903,1.033903,0.503398,0.503398,0.503398,0.503398
19.550016,0.878971,0.863631,0.883573,0.874369,0.407975,0.407975,0.407975,0.407975
19.560062,0.878971,0.863631,0.883573,0.874369,0.310112,0.310112,0.310112,0.310112
19.570063,0.710233,0.697961,0.719437,0.705631,0.211418,0.211418,0.211418,0.211418
19.580061,0.710233,0.697961,0.719437,0.705631,0.111928,0.111928,0.111928,0.111928
19.590061,0.535359,0.527689,0.552233,0.536893,0.011987,0.011987,0.011987,0.011987
19.600058,0.535359,0.527689,0.552233,0.536893,-0.087915,-0.087915,-0.087915,-0.087915
19.610064,0.349748,0.342078,0.362020,0.348214,-0.187475,-0.187475,-0.187475,-0.187475
19.620049,0.349748,0.342078,0.362020,0.348214,-0.286020,-0.286020,-0.286020,-0.286020
19.630060,0.139592,0.136524,0.150330,0.131922,-0.383575,-0.383575,-0.383575,-0.383575
19.640018,0.139592,0.136524,0.150330,0.131922,-0.478956,-0.478956,-0.478956,-0.478956
19.650055,-0.053689,-0.070563,-0.059825,-0.079767,-0.573012,-0.573012,-0.573012,-0.573012
19.660055,-0.053689,-0.070563,-0.059825,-0.079767,-0.664280,-0.664280,-0.664280,-0.664280
19.670057,-0.243903,-0.260777,-0.253107,-0.271515,-0.752725,-0.752725,-0.752725,-0.752725
19.680058,-0.243903,-0.260777,-0.253107,-0.271515,-0.837927,-0.837927,-0.837927,-0.837927
19.690060,-0.437185,-0.452524,-0.446388,-0.463262,-0.919582,-0.919582,-0.919582,-0.919582
19.700058,-0.437185,-0.452524,-0.446388,-0.463262,-0.997274,-0.997274,-0.997274,-0.997274
19.710060,-0.437185,-0.452524,-0.446388,-0.463262,-1.070743,-1.070743,-1.070743,-1.070743
19.720058,-0.645806,-0.653476,-0.648874,-0.662680,-1.139623,-1.139623,-1.139623,-1.139623
19.730057,-0.805340,-0.805340,-0.808408,-0.819146,-1.203648,-1.203648,-1.203648,-1.203648
19.740055,-0.805340,-0.805340,-0.808408,-0.819146,-1.262543,-1.262543,-1.262543,-1.262543
19.750057,-0.957204,-0.948000,-0.960272,-0.964874,-1.316067,-1.316067,-1.316067,-1.316067
19.760044,-0.957204,-0.948000,-0.960272,-0.964874,-1.363906,-1.363906,-1.363906,-1.363906
19.770056,-1.113670,-1.096796,-1.110602,-1.116738,-1.406042,-1.406042,-1.406042,-1.406042
19.780054,-1.113670,-1.096796,-1.110602,-1.116738,-1.442112,-1.442112,-1.442112,-1.442112
19.790058,-1.242525,-1.228719,-1.244059,-1.262466,-1.472039,-1.472039,-1.472039,-1.472039
19.800011,-1.242525,-1.228719,-1.244059,-1.262466,-1.495570,-1.495570,-1.495570,-1.495570
19.810057,-1.354505,-1.343767,-1.356039,-1.366777,-1.512899,-1.512899,-1.512899,-1.512899
19.820059,-1.354505,-1.343767,-1.356039,-1.366777,-1.523662,-1.523662,-1.523662,-1.523662
19.830057,-1.414330,-1.406661,-1.418932,-1.423534,-1.527905,-1.527905,-1.527905,-1.527905
19.840054,-1.414330,-1.406661,-1.418932,-1.423534,-1.525610,-1.525610,-1.525610,-1.525610
19.850060,-1.474156,-1.461884,-1.472622,-1.480292,-1.516774,-1.516774,-1.516774,-1.516774
19.860058,-1.474156,-1.461884,-1.472622,-1.480292,-1.501445,-1.501445,-1.501445,-1.501445
19.870056,-1.504835,-1.492563,-1.503301,-1.510971,-1.479680,-1.479680,-1.479680,-1.479680
19.880056,-1.504835,-1.492563,-1.503301,-1.510971,-1.451569,-1.451569,-1.451569,-1.451569
19.890059,-1.507903,-1.498699,-1.509437,-1.517107,-1.417217,-1.417217,-1.417217,-1.417217
19.900053,-1.507903,-1.498699,-1.509437,-1.517107,-1.376812,-1.376812,-1.376812,-1.376812
19.910055,-1.506369,-1.497165,-1.507903,-1.515573,-1.330470,-1.330470,-1.330470,-1.330470
19.920063,-1.506369,-1.497165,-1.507903,-1.515573,-1.278370,-1.278370,-1.278370,-1.278370
19.930058,-1.455748,-1.448078,-1.457282,-1.457282,-1.220856,-1.220856,-1.220856,-1.220856
19.940054,-1.455748,-1.448078,-1.457282,-1.457282,-1.158079,-1.158079,-1.158079,-1.158079
19.950060,-1.368311,-1.363709,-1.369845,-1.366777,-1.090270,-1.090270,-1.090270,-1.090270
19.960068,-1.368311,-1.363709,-1.369845,-1.366777,-1.017757,-1.017757,-1.017757,-1.017757
19.970062,-1.256330,-1.259398,-1.262466,-1.262466,-0.940947,-0.940947,-0.940947,-0.940947
19.980059,-1.256330,-1.259398,-1.262466,-1.262466,-0.860095,-0.860095,-0.860095,-0.860095
19.990061,-1.136680,-1.132078,-1.136680,-1.141282,-0.775504,-0.775504,-0.775504,-0.775504
20.000059,-1.136680,-1.132078,-1.136680,-1.141282,-0.687609,-0.687609,-0.687609,-0.687609
20.010059,-1.033903,-1.035437,-1.040039,-1.038505,-0.596754,-0.596754,-0.596754,-0.596754
20.020061,-1.033903,-1.035437,-1.040039,-1.038505,-0.503323,-0.503323,-0.503323,-0.503323
20.030062,-0.843690,-0.855961,-0.859029,-0.854427,-0.407771,-0.407771,-0.407771,-0.407771
20.040058,-0.843690,-0.855961,-0.859029,-0.854427,-0.310513,-0.310513,-0.310513,-0.310513
20.050056,-0.633534,-0.644272,-0.645806,-0.639670,-0.211919,-0.211919,-0.211919,-0.211919
20.060032,-0.633534,-0.644272,-0.645806,-0.639670,-0.112679,-0.112679,-0.112679,-0.112679
20.070059,-0.443321,-0.449456,-0.447922,-0.437185,-0.012496,-0.012496,-0.012496,-0.012496
20.080055,-0.443321,-0.449456,-0.447922,-0.437185,0.087408,0.087408,0.087408,0.087408
20.090057,-0.260777,-0.273049,-0.256175,-0.257709,0.186925,0.186925,0.186925,0.186925
20.100056,-0.260777,-0.273049,-0.256175,-0.257709,0.285547,0.285547,0.285547,0.285547
20.110058,-0.065961,-0.084369,-0.064427,-0.061359,0.382909,0.382909,0.382909,0.382909
20.120054,-0.065961,-0.084369,-0.064427,-0.061359,0.478481,0.478481,0.478481,0.478481
20.130016,0.134990,0.127320,0.134990,0.144194,0.571586,0.571586,0.571586,0.571586
20.140053,0.134990,0.127320,0.134990,0.144194,0.662811,0.662811,0.662811,0.662811
20.150057,0.342078,0.319068,0.337476,0.345146,0.750778,0.750778,0.750778,0.750778
20.160059,0.342078,0.319068,0.337476,0.345146,0.835362,0.835362,0.835362,0.835362
20.170055,0.529223,0.503146,0.529223,0.536893,0.916182,0.916182,0.916182,0.916182
20.180059,0.529223,0.503146,0.529223,0.536893,0.992970,0.992970,0.992970,0.992970
20.190056,0.697961,0.679554,0.701029,0.714835,1.065270,1.065270,1.065270,1.065270
20.200062,0.697961,0.679554,0.701029,0.714835,1.132885,1.132885,1.132885,1.132885
20.210064,0.863631,0.849826,0.866699,0.878971,1.195410,1.195410,1.195410,1.195410
20.220064,0.863631,0.849826,0.866699,0.878971,1.252599,1.252599,1.252599,1.252599
20.230061,1.021631,1.009359,1.024699,1.035437,1.304172,1.304172,1.304172,1.304172
20.240059,1.021631,1.009359,1.024699,1.035437,1.349935,1.349935,1.349935,1.349935
20.250063,1.161224,1.145884,1.164292,1.173495,1.389694,1.389694,1.389694,1.389694
20.260059,1.161224,1.145884,1.164292,1.173495,1.423220,1.423220,1.423220,1.423220
20.270061,1.273204,1.259398,1.276272,1.285476,1.450405,1.450405,1.450405,1.450405
20.280066,1.273204,1.259398,1.276272,1.285476,1.471099,1.471099,1.471099,1.471099
20.290062,1.362175,1.349903,1.363709,1.374447,1.485205,1.485205,1.485205,1.485205
20.300058,1.362175,1.349903,1.363709,1.374447,1.492665,1.492665,1.492665,1.492665
20.310062,1.425068,1.415864,1.426602,1.437340,1.493447,1.493447,1.493447,1.493447
20.320065,1.425068,1.415864,1.426602,1.437340,1.487536,1.487536,1.487536,1.487536
20.330061,1.463418,1.457282,1.461884,1.474156,1.474965,1.474965,1.474965,1.474965
20.340059,1.463418,1.457282,1.461884,1.474156,1.455781,1.455781,1.455781,1.455781
20.350058,1.475690,1.466486,1.472622,1.484894,1.430069,1.430069,1.430069,1.430069
20.360054,1.475690,1.466486,1.472622,1.484894,1.397946,1.397946,1.397946,1.397946
20.370060,1.475690,1.466486,1.471088,1.483360,1.359516,1.359516,1.359516,1.359516
20.380062,1.475690,1.466486,1.471088,1.483360,1.314996,1.314996,1.314996,1.314996
20.390057,1.452680,1.441942,1.451146,1.457282,1.264595,1.264595,1.264595,1.264595
20.400055,1.452680,1.441942,1.451146,1.457282,1.208499,1.208499,1.208499,1.208499
20.410057,1.386719,1.377515,1.386719,1.392855,1.146955,1.146955,1.146955,1.146955
20.420055,1.386719,1.377515,1.386719,1.392855,1.080271,1.080271,1.080271,1.080271
20.430040,1.293146,1.283942,1.290078,1.297748,1.008837,1.008837,1.008837,1.008837
20.440029,1.293146,1.283942,1.290078,1.297748,0.932837,0.932837,0.932837,0.932837
20.450062,1.181165,1.170428,1.176563,1.182699,0.852303,0.852303,0.852303,0.852303
20.460060,1.181165,1.170428,1.176563,1.182699,0.768210,0.768210,0.768210,0.768210
20.470068,1.047709,1.036971,1.046175,1.040039,0.680570,0.680570,0.680570,0.680570
20.480040,1.047709,1.036971,1.046175,1.040039,0.590217,0.590217,0.590217,0.590217
20.490040,0.895845,0.883573,0.897379,0.882039,0.496955,0.496955,0.496955,0.496955
20.500057,0.895845,0.883573,0.897379,0.882039,0.401319,0.401319,0.401319,0.401319
20.510063,0.725573,0.719437,0.731709,0.710233,0.303989,0.303989,0.303989,0.303989
20.520058,0.725573,0.719437,0.731709,0.710233,0.205450,0.205450,0.205450,0.205450
20.530054,0.544563,0.541495,0.546097,0.530757,0.105983,0.105983,0.105983,0.105983
20.540039,0.544563,0.541495,0.546097,0.530757,0.006195,0.006195,0.006195,0.006195
20.550062,0.355884,0.346680,0.348214,0.335942,-0.093936,-0.093936,-0.093936,-0.093936
20.560059,0.355884,0.346680,0.348214,0.335942,-0.193358,-0.193358,-0.193358,-0.193358
20.570059,0.161068,0.151864,0.148796,0.133456,-0.291853,-0.291853,-0.291853,-0.291853
20.580053,0.161068,0.151864,0.148796,0.133456,-0.388936,-0.388936,-0.388936,-0.388936
20.590061,-0.038350,-0.053689,-0.050621,-0.061359,-0.484300,-0.484300,-0.484300,-0.484300
20.600021,-0.038350,-0.053689,-0.050621,-0.061359,-0.576942,-0.576942,-0.576942,-0.576942
20.610058,-0.242369,-0.259243,-0.251573,-0.265379,-0.667598,-0.667598,-0.667598,-0.667598
20.620056,-0.242369,-0.259243,-0.251573,-0.265379,-0.754788,-0.754788,-0.754788,-0.754788
20.630043,-0.437185,-0.449456,-0.443321,-0.455592,-0.838366,-0.838366,-0.838366,-0.838366
20.640055,-0.437185,-0.449456,-0.443321,-0.455592,-0.918234,-0.918234,-0.918234,-0.918234
20.650055,-0.624330,-0.635068,-0.627398,-0.639670,-0.993745,-0.993745,-0.993745,-0.993745
20.660055,-0.624330,-0.635068,-0.627398,-0.639670,-1.064605,-1.064605,-1.064605,-1.064605
20.670057,-0.799204,-0.797670,-0.800738,-0.813010,-1.130530,-1.130530,-1.130530,-1.130530
20.680061,-0.799204,-0.797670,-0.800738,-0.813010,-1.191201,-1.191201,-1.191201,-1.191201
20.690058,-0.958738,-0.951068,-0.961806,-0.966408,-1.246274,-1.246274,-1.246274,-1.246274
20.700058,-0.958738,-0.951068,-0.961806,-0.966408,-1.295555,-1.295555,-1.295555,-1.295555
20.710056,-1.096796,-1.081457,-1.093728,-1.101398,-1.338795,-1.338795,-1.338795,-1.338795
20.720060,-1.096796,-1.081457,-1.093728,-1.101398,-1.375804,-1.375804,-1.375804,-1.375804
20.730057,-1.213379,-1.198039,-1.210311,-1.217981,-1.406376,-1.406376,-1.406376,-1.406376
20.740055,-1.213379,-1.198039,-1.210311,-1.217981,-1.430388,-1.430388,-1.430388,-1.430388
20.750055,-1.306952,-1.294680,-1.306952,-1.313088,-1.447732,-1.447732,-1.447732,-1.447732
20.760057,-1.306952,-1.294680,-1.306952,-1.313088,-1.458309,-1.458309,-1.458309,-1.458309
20.770056,-1.377515,-1.368311,-1.379049,-1.383651,-1.462070,-1.462070,-1.462070,-1.462070
20.780054,-1.377515,-1.368311,-1.379049,-1.383651,-1.458996,-1.458996,-1.458996,-1.458996
20.790056,-1.422000,-1.414330,-1.423534,-1.428136,-1.449095,-1.449095,-1.449095,-1.449095
20.800062,-1.422000,-1.414330,-1.423534,-1.428136,-1.432403,-1.432403,-1.432403,-1.432403
20.810062,-1.443476,-1.431204,-1.437340,-1.451146,-1.409009,-1.409009,-1.409009,-1.409009
20.820059,-1.443476,-1.431204,-1.437340,-1.451146,-1.379030,-1.379030,-1.379030,-1.379030
20.830063,-1.443476,-1.431204,-1.435806,-1.449612,-1.342562,-1.342562,-1.342562,-1.342562
20.840061,-1.443476,-1.431204,-1.435806,-1.449612,-1.299825,-1.299825,-1.299825,-1.299825
20.850063,-1.429670,-1.418932,-1.429670,-1.434272,-1.250969,-1.250969,-1.250969,-1.250969
20.860060,-1.429670,-1.418932,-1.429670,-1.434272,-1.196275,-1.196275,-1.196275,-1.196275
20.870062,-1.374447,-1.372913,-1.382117,-1.380583,-1.135940,-1.135940,-1.135940,-1.135940
20.880056,-1.374447,-1.372913,-1.382117,-1.380583,-1.070323,-1.070323,-1.070323,-1.070323
20.890064,-1.283942,-1.285476,-1.296214,-1.296214,-0.999592,-0.999592,-0.999592,-0.999592
20.900057,-1.283942,-1.285476,-1.296214,-1.296214,-0.924272,-0.924272,-0.924272,-0.924272
20.910061,-1.175029,-1.167360,-1.176563,-1.179631,-0.844539,-0.844539,-0.844539,-0.844539
20.920059,-1.175029,-1.167360,-1.176563,-1.179631,-0.760879,-0.760879,-0.760879,-0.760879
20.930063,-1.046175,-1.032369,-1.046175,-1.046175,-0.673611,-0.673611,-0.673611,-0.673611
20.940056,-1.046175,-1.032369,-1.046175,-1.046175,-0.583275,-0.583275,-0.583275,-0.583275
20.950064,-0.888175,-0.883573,-0.895845,-0.892777,-0.490082,-0.490082,-0.490082,-0.490082
20.960049,-0.888175,-0.883573,-0.895845,-0.892777,-0.394815,-0.394815,-0.394815,-0.394815
20.970062,-0.716369,-0.717903,-0.725573,-0.719437,-0.297457,-0.297457,-0.297457,-0.297457
20.980057,-0.716369,-0.717903,-0.725573,-0.719437,-0.198893,-0.198893,-0.198893,-0.198893
20.990059,-0.533825,-0.536893,-0.541495,-0.535359,-0.099350,-0.099350,-0.099350,-0.099350
21.000059,-0.533825,-0.536893,-0.541495,-0.535359,0.000590,0.000590,0.000590,0.000590
21.010061,-0.346680,-0.348214,-0.351282,-0.345146,0.100511,0.100511,0.100511,0.100511
21.020056,-0.346680,-0.348214,-0.351282,-0.345146,0.199830,0.199830,0.199830,0.199830
21.030064,-0.151864,-0.154932,-0.147262,-0.147262,0.298269,0.298269,0.298269,0.298269
21.040062,-0.151864,-0.154932,-0.147262,-0.147262,0.395156,0.395156,0.395156,0.395156
21.050062,0.046019,0.052155,0.050621,0.062893,0.490117,0.490117,0.490117,0.490117
21.060062,0.046019,0.052155,0.050621,0.062893,0.582678,0.582678,0.582678,0.582678
21.070063,0.246971,0.245437,0.250039,0.257709,0.672417,0.672417,0.672417,0.672417
21.080067,0.246971,0.245437,0.250039,0.257709,0.758901,0.758901,0.758901,0.758901
21.090063,0.437185,0.431049,0.443321,0.454058,0.841644,0.841644,0.841644,0.841644
21.100063,0.437185,0.431049,0.443321,0.454058,0.920316,0.920316,0.920316,0.920316
21.110065,0.619728,0.610524,0.624330,0.636602,0.994542,0.994542,0.994542,0.994542
21.120064,0.619728,0.610524,0.624330,0.636602,1.063917,1.063917,1.063917,1.063917
21.130066,0.790000,0.782330,0.794602,0.803806,1.128137,1.128137,1.128137,1.128137
21.140062,0.790000,0.782330,0.794602,0.803806,1.186856,1.186856,1.186856,1.186856
21.150063,0.951068,0.941864,0.952602,0.964874,1.239834,1.239834,1.239834,1.239834
21.160059,0.951068,0.941864,0.952602,0.964874,1.286769,1.286769,1.286769,1.286769
21.170065,1.090660,1.084525,1.095262,1.106000,1.327485,1.327485,1.327485,1.327485
21.180059,1.090660,1.084525,1.095262,1.106000,1.361711,1.361711,1.361711,1.361711
21.190058,1.207243,1.201107,1.213379,1.221049,1.389330,1.389330,1.389330,1.389330
21.200058,1.207243,1.201107,1.213379,1.221049,1.410194,1.410194,1.410194,1.410194
21.210058,1.297748,1.291612,1.300816,1.313088,1.424191,1.424191,1.424191,1.424191
21.220058,1.297748,1.291612,1.300816,1.313088,1.431256,1.431256,1.431256,1.431256
21.230017,1.365243,1.357573,1.366777,1.380583,1.431360,1.431360,1.431360,1.431360
21.240057,1.365243,1.357573,1.366777,1.380583,1.424460,1.424460,1.424460,1.424460
21.250063,1.403593,1.394389,1.403593,1.415864,1.410619,1.410619,1.410619,1.410619
21.260061,1.403593,1.394389,1.403593,1.415864,1.389909,1.389909,1.389909,1.389909
21.270061,1.414330,1.405127,1.412796,1.423534,1.362406,1.362406,1.362406,1.362406
21.280062,1.414330,1.405127,1.412796,1.423534,1.328257,1.328257,1.328257,1.328257
21.290066,1.412796,1.403593,1.411263,1.420466,1.287598,1.287598,1.287598,1.287598
21.300062,1.412796,1.403593,1.411263,1.420466,1.240680,1.240680,1.240680,1.240680
21.310064,1.383651,1.371379,1.383651,1.391321,1.187679,1.187679,1.187679,1.187679
21.320063,1.383651,1.371379,1.383651,1.391321,1.128878,1.128878,1.128878,1.128878
21.330057,1.313088,1.300816,1.314622,1.320758,1.064595,1.064595,1.064595,1.064595
21.340059,1.313088,1.300816,1.314622,1.320758,0.995059,0.995059,0.995059,0.995059
21.350058,1.217981,1.204175,1.214913,1.219515,0.920673,0.920673,0.920673,0.920673
21.360056,1.217981,1.204175,1.214913,1.219515,0.841793,0.841793,0.841793,0.841793
21.370064,1.101398,1.084525,1.092194,1.095262,0.758707,0.758707,0.758707,0.758707
21.380058,1.101398,1.084525,1.092194,1.095262,0.672043,0.672043,0.672043,0.672043
21.390060,0.963340,0.941864,0.952602,0.954136,0.582014,0.582014,0.582014,0.582014
21.400059,0.963340,0.941864,0.952602,0.954136,0.489196,0.489196,0.489196,0.489196
21.410065,0.803806,0.786932,0.799204,0.797670,0.393922,0.393922,0.393922,0.393922
21.420055,0.803806,0.786932,0.799204,0.797670,0.296879,0.296879,0.296879,0.296879
21.430061,0.630466,0.615126,0.638136,0.624330,0.198271,0.198271,0.198271,0.198271
21.440056,0.630466,0.615126,0.638136,0.624330,0.098818,0.098818,0.098818,0.098818
21.450068,0.446388,0.427981,0.454058,0.434117,-0.001225,-0.001225,-0.001225,-0.001225
21.460060,0.446388,0.427981,0.454058,0.434117,-0.101056,-0.101056,-0.101056,-0.101056
21.470060,0.250039,0.234699,0.251573,0.236233,-0.200396,-0.200396,-0.200396,-0.200396
21.480061,0.250039,0.234699,0.251573,0.236233,-0.298708,-0.298708,-0.298708,-0.298708
21.490067,0.049087,0.033748,0.050621,0.038350,-0.395520,-0.395520,-0.395520,-0.395520
21.500061,0.049087,0.033748,0.050621,0.038350,-0.490231,-0.490231,-0.490231,-0.490231
21.510061,-0.148796,-0.179476,-0.147262,-0.171806,-0.582497,-0.582497,-0.582497,-0.582497
21.520060,-0.148796,-0.179476,-0.147262,-0.171806,-0.671792,-0.671792,-0.671792,-0.671792
21.530062,-0.343612,-0.371223,-0.354350,-0.368155,-0.757714,-0.757714,-0.757714,-0.757714
21.540060,-0.343612,-0.371223,-0.354350,-0.368155,-0.839777,-0.839777,-0.839777,-0.839777
21.550062,-0.532291,-0.552233,-0.543029,-0.555301,-0.917634,-0.917634,-0.917634,-0.917634
21.560059,-0.532291,-0.552233,-0.543029,-0.555301,-0.990814,-0.990814,-0.990814,-0.990814
21.570063,-0.714835,-0.724039,-0.719437,-0.733243,-1.059025,-1.059025,-1.059025,-1.059025
21.580061,-0.714835,-0.724039,-0.719437,-0.733243,-1.121852,-1.121852,-1.121852,-1.121852
21.590061,-0.882039,-0.883573,-0.885107,-0.894311,-1.179028,-1.179028,-1.179028,-1.179028
21.600061,-0.882039,-0.883573,-0.885107,-0.894311,-1.230240,-1.230240,-1.230240,-1.230240
21.610067,-0.882039,-0.883573,-0.885107,-0.894311,-1.275258,-1.275258,-1.275258,-1.275258
21.620064,-1.027767,-1.018563,-1.026233,-1.032369,-1.313787,-1.313787,-1.313787,-1.313787
21.630064,-1.144350,-1.135146,-1.144350,-1.150486,-1.345679,-1.345679,-1.345679,-1.345679
21.640057,-1.144350,-1.135146,-1.144350,-1.150486,-1.370746,-1.370746,-1.370746,-1.370746
21.650063,-1.239457,-1.234855,-1.242525,-1.248661,-1.388899,-1.388899,-1.388899,-1.388899
21.660065,-1.239457,-1.234855,-1.242525,-1.248661,-1.400007,-1.400007,-1.400007,-1.400007
21.670067,-1.313088,-1.310020,-1.317690,-1.323826,-1.404017,-1.404017,-1.404017,-1.404017
21.680063,-1.313088,-1.310020,-1.317690,-1.323826,-1.400910,-1.400910,-1.400910,-1.400910
21.690063,-1.365243,-1.357573,-1.366777,-1.369845,-1.390696,-1.390696,-1.390696,-1.390696
21.700062,-1.365243,-1.357573,-1.366777,-1.369845,-1.373430,-1.373430,-1.373430,-1.373430
21.710060,-1.385185,-1.374447,-1.383651,-1.386719,-1.349188,-1.349188,-1.349188,-1.349188
21.720060,-1.385185,-1.374447,-1.383651,-1.386719,-1.318096,-1.318096,-1.318096,-1.318096
21.730064,-1.385185,-1.374447,-1.382117,-1.386719,-1.280288,-1.280288,-1.280288,-1.280288
21.740061,-1.385185,-1.374447,-1.382117,-1.386719,-1.236008,-1.236008,-1.236008,-1.236008
21.750063,-1.369845,-1.363709,-1.371379,-1.375981,-1.185408,-1.185408,-1.185408,-1.185408
21.760063,-1.369845,-1.363709,-1.371379,-1.375981,-1.128802,-1.128802,-1.128802,-1.128802
21.770058,-1.311554,-1.314622,-1.320758,-1.323826,-1.066473,-1.066473,-1.066473,-1.066473
21.780062,-1.311554,-1.314622,-1.320758,-1.323826,-0.998668,-0.998668,-0.998668,-0.998668
21.790066,-1.222583,-1.221049,-1.227185,-1.227185,-0.925783,-0.925783,-0.925783,-0.925783
21.800062,-1.222583,-1.221049,-1.227185,-1.227185,-0.848235,-0.848235,-0.848235,-0.848235
21.810064,-1.110602,-1.104466,-1.106000,-1.107534,-0.766329,-0.766329,-0.766329,-0.766329
21.820063,-1.110602,-1.104466,-1.106000,-1.107534,-0.680551,-0.680551,-0.680551,-0.680551
21.830065,-0.971010,-0.971010,-0.967942,-0.974078,-0.591294,-0.591294,-0.591294,-0.591294
21.840061,-0.971010,-0.971010,-0.967942,-0.974078,-0.499084,-0.499084,-0.499084,-0.499084
21.850063,-0.797670,-0.814544,-0.808408,-0.813010,-0.404289,-0.404289,-0.404289,-0.404289
21.860064,-0.797670,-0.814544,-0.808408,-0.813010,-0.307489,-0.307489,-0.307489,-0.307489
21.870064,-0.625864,-0.642738,-0.632000,-0.635068,-0.209123,-0.209123,-0.209123,-0.209123
21.880058,-0.625864,-0.642738,-0.632000,-0.635068,-0.109798,-0.109798,-0.109798,-0.109798
21.890062,-0.447922,-0.458660,-0.447922,-0.449456,-0.009841,-0.009841,-0.009841,-0.009841
21.900061,-0.447922,-0.458660,-0.447922,-0.449456,0.090058,0.090058,0.090058,0.090058
21.910065,-0.262311,-0.271515,-0.257709,-0.256175,0.189505,0.189505,0.189505,0.189505
21.920053,-0.262311,-0.271515,-0.257709,-0.256175,0.287793,0.287793,0.287793,0.287793
21.930050,-0.061359,-0.078233,-0.064427,-0.046019,0.384602,0.384602,0.384602,0.384602
21.940023,-0.061359,-0.078233,-0.064427,-0.046019,0.479167,0.479167,0.479167,0.479167
21.950058,0.139592,0.128854,0.128854,0.162602,0.571779,0.571779,0.571779,0.571779
21.960060,0.139592,0.128854,0.128854,0.162602,0.661069,0.661069,0.661069,0.661069
21.970057,0.332874,0.317534,0.328272,0.360486,0.746847,0.746847,0.746847,0.746847
21.980059,0.332874,0.317534,0.328272,0.360486,0.828735,0.828735,0.828735,0.828735
21.990061,0.520020,0.501612,0.516952,0.547631,0.906266,0.906266,0.906266,0.906266
22.000053,0.520020,0.501612,0.516952,0.547631,0.978979,0.978979,0.978979,0.978979
22.010057,0.696427,0.676486,0.690291,0.713301,1.046628,1.046628,1.046628,1.046628
22.020054,0.696427,0.676486,0.690291,0.713301,1.108741,1.108741,1.108741,1.108741
22.030056,0.860563,0.842156,0.851359,0.871301,1.165063,1.165063,1.165063,1.165063
22.040056,0.860563,0.842156,0.851359,0.871301,1.215252,1.215252,1.215252,1.215252
22.050049,1.006292,0.992486,1.007825,1.017029,1.259029,1.259029,1.259029,1.259029
22.060057,1.006292,0.992486,1.007825,1.017029,1.296246,1.296246,1.296246,1.296246
22.070061,1.130544,1.118272,1.135146,1.142816,1.326633,1.326633,1.326633,1.326633
22.080067,1.130544,1.118272,1.135146,1.142816,1.350035,1.350035,1.350035,1.350035
22.090061,1.130544,1.118272,1.135146,1.142816,1.366315,1.366315,1.366315,1.366315
22.100061,1.228719,1.219515,1.236389,1.240991,1.375414,1.375414,1.375414,1.375414
22.110064,1.228719,1.219515,1.236389,1.240991,1.377269,1.377269,1.377269,1.377269
22.120054,1.302350,1.291612,1.303884,1.313088,1.371876,1.371876,1.371876,1.371876
22.130056,1.346835,1.336097,1.345301,1.357573,1.359247,1.359247,1.359247,1.359247
22.140055,1.346835,1.336097,1.345301,1.357573,1.339460,1.339460,1.339460,1.339460
22.150063,1.360641,1.348369,1.359107,1.369845,1.312577,1.312577,1.312577,1.312577
22.160057,1.360641,1.348369,1.359107,1.369845,1.278807,1.278807,1.278807,1.278807
22.170063,1.359107,1.346835,1.357573,1.368311,1.238248,1.238248,1.238248,1.238248
22.180061,1.359107,1.346835,1.357573,1.368311,1.191179,1.191179,1.191179,1.191179
22.190062,1.336097,1.325360,1.334563,1.340699,1.137803,1.137803,1.137803,1.137803
22.200060,1.336097,1.325360,1.334563,1.340699,1.078437,1.078437,1.078437,1.078437
22.210062,1.268602,1.257864,1.265534,1.273204,1.013341,1.013341,1.013341,1.013341
22.220058,1.268602,1.257864,1.265534,1.273204,0.942924,0.942924,0.942924,0.942924
22.230062,1.170428,1.159690,1.167360,1.171961,0.867472,0.867472,0.867472,0.867472
22.240059,1.170428,1.159690,1.167360,1.171961,0.787498,0.787498,0.787498,0.787498
22.250061,1.170428,1.159690,1.167360,1.171961,0.703321,0.703321,0.703321,0.703321
22.260057,1.049243,1.036971,1.041573,1.043107,0.615471,0.615471,0.615471,0.615471
22.270063,0.908117,0.895845,0.898913,0.901981,0.524299,0.524299,0.524299,0.524299
22.280014,0.908117,0.895845,0.898913,0.901981,0.430877,0.430877,0.430877,0.430877
22.290056,0.747049,0.740913,0.742447,0.740913,0.334331,0.334331,0.334331,0.334331
22.300056,0.747049,0.740913,0.742447,0.740913,0.236438,0.236438,0.236438,0.236438
22.310057,0.572175,0.569107,0.573709,0.566039,0.137322,0.137322,0.137322,0.137322
22.320057,0.572175,0.569107,0.573709,0.566039,0.037510,0.037510,0.037510,0.037510
22.330059,0.383495,0.377359,0.380427,0.375825,-0.062475,-0.062475,-0.062475,-0.062475
22.340059,0.383495,0.377359,0.380427,0.375825,-0.162069,-0.162069,-0.162069,-0.162069
22.350060,0.188680,0.181010,0.179476,0.173340,-0.260748,-0.260748,-0.260748,-0.260748
22.360054,0.188680,0.181010,0.179476,0.173340,-0.357942,-0.357942,-0.357942,-0.357942
22.370056,-0.009204,-0.023010,-0.019942,-0.026078,-0.453210,-0.453210,-0.453210,-0.453210
22.380053,-0.009204,-0.023010,-0.019942,-0.026078,-0.545969,-0.545969,-0.545969,-0.545969
22.390055,-0.213223,-0.225495,-0.214757,-0.236233,-0.635783,-0.635783,-0.635783,-0.635783
22.400055,-0.213223,-0.225495,-0.214757,-0.236233,-0.722117,-0.722117,-0.722117,-0.722117
22.410057,-0.418777,-0.417243,-0.406505,-0.426447,-0.804523,-0.804523,-0.804523,-0.804523
22.420053,-0.418777,-0.417243,-0.406505,-0.426447,-0.882511,-0.882511,-0.882511,-0.882511
22.430058,-0.602855,-0.598253,-0.585981,-0.607457,-0.955742,-0.955742,-0.955742,-0.955742
22.440056,-0.602855,-0.598253,-0.585981,-0.607457,-1.023728,-1.023728,-1.023728,-1.023728
22.450056,-0.766990,-0.768524,-0.760855,-0.777728,-1.086149,-1.086149,-1.086149,-1.086149
22.460054,-0.766990,-0.768524,-0.760855,-0.777728,-1.142637,-1.142637,-1.142637,-1.142637
22.470057,-0.920389,-0.917321,-0.921923,-0.929592,-1.192922,-1.192922,-1.192922,-1.192922
22.480055,-0.920389,-0.917321,-0.921923,-0.929592,-1.236687,-1.236687,-1.236687,-1.236687
22.490059,-1.053845,-1.036971,-1.049243,-1.059981,-1.273731,-1.273731,-1.273731,-1.273731
22.500055,-1.053845,-1.036971,-1.049243,-1.059981,-1.303801,-1.303801,-1.303801,-1.303801
22.510056,-1.161224,-1.147418,-1.153554,-1.167360,-1.326772,-1.326772,-1.326772,-1.326772
22.520054,-1.161224,-1.147418,-1.153554,-1.167360,-1.342495,-1.342495,-1.342495,-1.342495
22.530056,-1.242525,-1.233321,-1.242525,-1.251729,-1.350891,-1.350891,-1.350891,-1.350891
22.540058,-1.242525,-1.233321,-1.242525,-1.251729,-1.351904,-1.351904,-1.351904,-1.351904
22.550058,-1.299282,-1.290078,-1.300816,-1.306952,-1.345527,-1.345527,-1.345527,-1.345527
22.560057,-1.299282,-1.290078,-1.300816,-1.306952,-1.331795,-1.331795,-1.331795,-1.331795
22.570059,-1.331496,-1.317690,-1.329962,-1.334563,-1.310774,-1.310774,-1.310774,-1.310774
22.580055,-1.331496,-1.317690,-1.329962,-1.334563,-1.282588,-1.282588,-1.282588,-1.282588
22.590057,-1.334563,-1.320758,-1.333030,-1.337631,-1.247374,-1.247374,-1.247374,-1.247374
22.600056,-1.334563,-1.320758,-1.333030,-1.337631,-1.205335,-1.205335,-1.205335,-1.205335
22.610064,-1.328428,-1.317690,-1.328428,-1.333030,-1.156645,-1.156645,-1.156645,-1.156645
22.620058,-1.328428,-1.317690,-1.328428,-1.333030,-1.101686,-1.101686,-1.101686,-1.101686
22.630060,-1.280874,-1.276272,-1.282408,-1.287010,-1.040651,-1.040651,-1.040651,-1.040651
22.640057,-1.280874,-1.276272,-1.282408,-1.287010,-0.973950,-0.973950,-0.973950,-0.973950
22.650064,-1.194971,-1.191903,-1.196505,-1.198039,-0.901821,-0.901821,-0.901821,-0.901821
22.660059,-1.194971,-1.191903,-1.196505,-1.198039,-0.824847,-0.824847,-0.824847,-0.824847
22.670063,-1.082991,-1.079923,-1.079923,-1.078389,-0.743268,-0.743268,-0.743268,-0.743268
22.680058,-1.082991,-1.079923,-1.079923,-1.078389,-0.657713,-0.657713,-0.657713,-0.657713
22.690062,-0.941864,-0.948000,-0.943398,-0.938796,-0.568456,-0.568456,-0.568456,-0.568456
22.700056,-0.941864,-0.948000,-0.943398,-0.938796,-0.476189,-0.476189,-0.476189,-0.476189
22.710026,-0.780796,-0.791534,-0.783864,-0.779262,-0.381572,-0.381572,-0.381572,-0.381572
22.720057,-0.780796,-0.791534,-0.783864,-0.779262,-0.284285,-0.284285,-0.284285,-0.284285
22.730036,-0.612058,-0.619728,-0.607457,-0.602855,-0.185962,-0.185962,-0.185962,-0.185962
22.740059,-0.612058,-0.619728,-0.607457,-0.602855,-0.086204,-0.086204,-0.086204,-0.086204
22.750063,-0.427981,-0.437185,-0.424913,-0.420311,0.013792,0.013792,0.013792,0.013792
22.760059,-0.427981,-0.437185,-0.424913,-0.420311,0.113592,0.113592,0.113592,0.113592
22.770058,-0.236233,-0.251573,-0.234699,-0.227029,0.212734,0.212734,0.212734,0.212734
22.780056,-0.236233,-0.251573,-0.234699,-0.227029,0.310646,0.310646,0.310646,0.310646
22.790058,-0.036816,-0.055223,-0.033748,-0.027612,0.406828,0.406828,0.406828,0.406828
22.800055,-0.036816,-0.055223,-0.033748,-0.027612,0.500660,0.500660,0.500660,0.500660
22.810059,0.161068,0.151864,0.167204,0.171806,0.591694,0.591694,0.591694,0.591694
22.820042,0.161068,0.151864,0.167204,0.171806,0.679227,0.679227,0.679227,0.679227
22.830057,0.352816,0.342078,0.362020,0.369689,0.763189,0.763189,0.763189,0.763189
22.840057,0.352816,0.342078,0.362020,0.369689,0.842703,0.842703,0.842703,0.842703
22.850060,0.539961,0.524621,0.543029,0.555301,0.917488,0.917488,0.917488,0.917488
22.860058,0.539961,0.524621,0.543029,0.555301,0.987048,0.987048,0.987048,0.987048
22.870060,0.714835,0.694893,0.714835,0.725573,1.051072,1.051072,1.051072,1.051072
22.880054,0.714835,0.694893,0.714835,0.725573,1.109125,1.109125,1.109125,1.109125
22.890059,0.874369,0.855961,0.874369,0.885107,1.160959,1.160959,1.160959,1.160959
22.900024,0.874369,0.855961,0.874369,0.885107,1.206079,1.206079,1.206079,1.206079
22.910057,0.874369,0.855961,0.874369,0.885107,1.244660,1.244660,1.244660,1.244660
22.920059,1.013961,0.998622,1.015495,1.024699,1.276075,1.276075,1.276075,1.276075
22.930059,1.129010,1.116738,1.129010,1.142816,1.300273,1.300273,1.300273,1.300273
22.940058,1.129010,1.116738,1.129010,1.142816,1.317111,1.317111,1.317111,1.317111
22.950056,1.216447,1.205709,1.216447,1.230253,1.326502,1.326502,1.326502,1.326502
22.960068,1.216447,1.205709,1.216447,1.230253,1.328384,1.328384,1.328384,1.328384
22.970062,1.277806,1.267068,1.276272,1.288544,1.322742,1.322742,1.322742,1.322742
22.980057,1.277806,1.267068,1.276272,1.288544,1.309615,1.309615,1.309615,1.309615
22.990061,1.308486,1.297748,1.305418,1.317690,1.289052,1.289052,1.289052,1.289052
23.000061,1.308486,1.297748,1.305418,1.317690,1.261183,1.261183,1.261183,1.261183
23.010061,1.311554,1.300816,1.308486,1.319224,1.226165,1.226165,1.226165,1.226165
23.020061,1.311554,1.300816,1.308486,1.319224,1.184188,1.184188,1.184188,1.184188
23.030066,1.303884,1.293146,1.302350,1.310020,1.135478,1.135478,1.135478,1.135478
23.040056,1.303884,1.293146,1.302350,1.310020,1.080379,1.080379,1.080379,1.080379
23.050062,1.254797,1.244059,1.251729,1.256330,1.019075,1.019075,1.019075,1.019075
23.060062,1.254797,1.244059,1.251729,1.256330,0.952003,0.952003,0.952003,0.952003
23.070065,1.165826,1.156622,1.164292,1.167360,0.879518,0.879518,0.879518,0.879518
23.080059,1.165826,1.156622,1.164292,1.167360,0.802089,0.802089,0.802089,0.802089
23.090065,1.050777,1.041573,1.049243,1.049243,0.720019,0.720019,0.720019,0.720019
23.100060,1.050777,1.041573,1.049243,1.049243,0.633946,0.633946,0.633946,0.633946
23.110062,0.917321,0.908117,0.912719,0.914253,0.544235,0.544235,0.544235,0.544235
23.120066,0.917321,0.908117,0.912719,0.914253,0.451401,0.451401,0.451401,0.451401
23.130064,0.763923,0.756253,0.760855,0.757787,0.356074,0.356074,0.356074,0.356074
23.140062,0.763923,0.756253,0.760855,0.757787,0.258748,0.258748,0.258748,0.258748
23.150064,0.592117,0.589049,0.592117,0.587515,0.159941,0.159941,0.159941,0.159941
23.160063,0.592117,0.589049,0.592117,0.587515,0.060286,0.060286,0.060286,0.060286
23.170065,0.408039,0.400369,0.404971,0.398835,-0.039711,-0.039711,-0.039711,-0.039711
23.180054,0.408039,0.400369,0.404971,0.398835,-0.139315,-0.139315,-0.139315,-0.139315
23.190065,0.213223,0.194816,0.205553,0.199418,-0.238288,-0.238288,-0.238288,-0.238288
23.200077,0.213223,0.194816,0.205553,0.199418,-0.335854,-0.335854,-0.335854,-0.335854
23.210056,0.012272,0.003068,0.003068,0.000000,-0.431128,-0.431128,-0.431128,-0.431128
23.220089,0.012272,0.003068,0.003068,0.000000,-0.524357,-0.524357,-0.524357,-0.524357
23.230059,-0.187146,-0.207087,-0.197884,-0.213223,-0.613938,-0.613938,-0.613938,-0.613938
23.240055,-0.187146,-0.207087,-0.197884,-0.213223,-0.700182,-0.700182,-0.700182,-0.700182
23.250072,-0.381961,-0.404971,-0.389631,-0.408039,-0.782503,-0.782503,-0.782503,-0.782503
23.260056,-0.381961,-0.404971,-0.389631,-0.408039,-0.859979,-0.859979,-0.859979,-0.859979
23.270060,-0.572175,-0.584447,-0.573709,-0.590583,-0.932597,-0.932597,-0.932597,-0.932597
23.280056,-0.572175,-0.584447,-0.573709,-0.590583,-0.999701,-0.999701,-0.999701,-0.999701
23.290056,-0.747049,-0.754719,-0.748583,-0.759321,-1.061006,-1.061006,-1.061006,-1.061006
23.300053,-0.747049,-0.754719,-0.748583,-0.759321,-1.116090,-1.116090,-1.116090,-1.116090
23.310057,-0.900447,-0.901981,-0.903515,-0.906583,-1.164682,-1.164682,-1.164682,-1.164682
23.320055,-0.900447,-0.901981,-0.903515,-0.906583,-1.206445,-1.206445,-1.206445,-1.206445
23.330055,-1.030835,-1.021631,-1.030835,-1.033903,-1.241158,-1.241158,-1.241158,-1.241158
23.340054,-1.030835,-1.021631,-1.030835,-1.033903,-1.268605,-1.268605,-1.268605,-1.268605
23.350056,-1.133612,-1.124408,-1.130544,-1.139748,-1.288639,-1.288639,-1.288639,-1.288639
23.360056,-1.133612,-1.124408,-1.130544,-1.139748,-1.301125,-1.301125,-1.301125,-1.301125
23.370056,-1.210311,-1.204175,-1.210311,-1.221049,-1.305989,-1.305989,-1.305989,-1.305989
23.380022,-1.210311,-1.204175,-1.210311,-1.221049,-1.303225,-1.303225,-1.303225,-1.303225
23.390064,-1.262466,-1.256330,-1.264000,-1.271670,-1.292765,-1.292765,-1.292765,-1.292765
23.400059,-1.262466,-1.256330,-1.264000,-1.271670,-1.274765,-1.274765,-1.274765,-1.274765
23.410063,-1.283942,-1.274738,-1.283942,-1.290078,-1.249270,-1.249270,-1.249270,-1.249270
23.420055,-1.283942,-1.274738,-1.283942,-1.290078,-1.216474,-1.216474,-1.216474,-1.216474
23.430059,-1.283942,-1.274738,-1.283942,-1.288544,-1.176504,-1.176504,-1.176504,-1.176504
23.440058,-1.283942,-1.274738,-1.283942,-1.288544,-1.129645,-1.129645,-1.129645,-1.129645
23.450064,-1.271670,-1.260932,-1.273204,-1.274738,-1.076116,-1.076116,-1.076116,-1.076116
23.460056,-1.271670,-1.260932,-1.273204,-1.274738,-1.016328,-1.016328,-1.016328,-1.016328
23.470036,-1.211845,-1.204175,-1.216447,-1.214913,-0.950672,-0.950672,-0.950672,-0.950672
23.480061,-1.211845,-1.204175,-1.216447,-1.214913,-0.879124,-0.879124,-0.879124,-0.879124
23.490063,-1.118272,-1.107534,-1.121340,-1.115204,-0.802555,-0.802555,-0.802555,-0.802555
23.500061,-1.118272,-1.107534,-1.121340,-1.115204,-0.721306,-0.721306,-0.721306,-0.721306
23.510063,-0.992486,-0.984816,-0.997088,-0.998622,-0.635780,-0.635780,-0.635780,-0.635780
23.520058,-0.992486,-0.984816,-0.997088,-0.998622,-0.546584,-0.546584,-0.546584,-0.546584
23.530062,-0.843690,-0.840622,-0.842156,-0.851359,-0.454120,-0.454120,-0.454120,-0.454120
23.540058,-0.843690,-0.840622,-0.842156,-0.851359,-0.359058,-0.359058,-0.359058,-0.359058
23.550060,-0.670350,-0.673418,-0.676486,-0.682622,-0.261839,-0.261839,-0.261839,-0.261839
23.560057,-0.670350,-0.673418,-0.676486,-0.682622,-0.163165,-0.163165,-0.163165,-0.163165
23.570063,-0.489340,-0.495476,-0.495476,-0.500078,-0.063473,-0.063473,-0.063473,-0.063473
23.580061,-0.489340,-0.495476,-0.495476,-0.500078,0.036491,0.036491,0.036491,0.036491
23.590063,-0.308330,-0.312932,-0.306796,-0.314466,0.136221,0.136221,0.136221,0.136221
23.600060,-0.308330,-0.312932,-0.306796,-0.314466,0.235053,0.235053,0.235053,0.235053
23.610062,-0.118117,-0.122718,-0.108913,-0.115049,0.332488,0.332488,0.332488,0.332488
23.620062,-0.118117,-0.122718,-0.108913,-0.115049,0.427887,0.427887,0.427887,0.427887
23.630064,0.084369,0.084369,0.087437,0.095107,0.520708,0.520708,0.520708,0.520708
23.640060,0.084369,0.084369,0.087437,0.095107,0.610329,0.610329,0.610329,0.610329
23.650063,0.279185,0.279185,0.286854,0.294524,0.696294,0.696294,0.696294,0.696294
23.660059,0.279185,0.279185,0.286854,0.294524,0.778022,0.778022,0.778022,0.778022
23.670061,0.467864,0.466330,0.475534,0.483204,0.855084,0.855084,0.855084,0.855084
23.680059,0.467864,0.466330,0.475534,0.483204,0.926948,0.926948,0.926948,0.926948
23.690060,0.648874,0.638136,0.648874,0.659612,0.993246,0.993246,0.993246,0.993246
23.700056,0.648874,0.638136,0.648874,0.659612,1.053512,1.053512,1.053512,1.053512
23.710058,0.811476,0.799204,0.811476,0.822214,1.107448,1.107448,1.107448,1.107448
23.720058,0.811476,0.799204,0.811476,0.822214,1.154682,1.154682,1.154682,1.154682
23.730064,0.955670,0.943398,0.955670,0.967942,1.194960,1.194960,1.194960,1.194960
23.740065,0.955670,0.943398,0.955670,0.967942,1.227991,1.227991,1.227991,1.227991
23.750061,1.073787,1.067651,1.079923,1.086058,1.253587,1.253587,1.253587,1.253587
23.760061,1.073787,1.067651,1.079923,1.086058,1.271607,1.271607,1.271607,1.271607
23.770063,1.165826,1.159690,1.170428,1.176563,1.281935,1.281935,1.281935,1.281935
23.780060,1.165826,1.159690,1.170428,1.176563,1.284499,1.284499,1.284499,1.284499
23.790066,1.231787,1.221049,1.234855,1.240991,1.279279,1.279279,1.279279,1.279279
23.800062,1.231787,1.221049,1.234855,1.240991,1.266314,1.266314,1.266314,1.266314
23.810049,1.264000,1.251729,1.264000,1.273204,1.245701,1.245701,1.245701,1.245701
23.820053,1.264000,1.251729,1.264000,1.273204,1.217504,1.217504,1.217504,1.217504
23.830057,1.267068,1.256330,1.265534,1.276272,1.181908,1.181908,1.181908,1.181908
23.840052,1.267068,1.256330,1.265534,1.276272,1.139181,1.139181,1.139181,1.139181
23.850056,1.262466,1.248661,1.257864,1.267068,1.089498,1.089498,1.089498,1.089498
23.860054,1.262466,1.248661,1.257864,1.267068,1.033232,1.033232,1.033232,1.033232
23.870060,1.210311,1.194971,1.208777,1.211845,0.970643,0.970643,0.970643,0.970643
23.880054,1.210311,1.194971,1.208777,1.211845,0.902223,0.902223,0.902223,0.902223
23.890057,1.122874,1.106000,1.118272,1.121340,0.828277,0.828277,0.828277,0.828277
23.900053,1.122874,1.106000,1.118272,1.121340,0.749345,0.749345,0.749345,0.749345
23.910055,1.006292,0.986350,1.001690,1.001690,0.665811,0.665811,0.665811,0.665811
23.920055,1.006292,0.986350,1.001690,1.001690,0.578257,0.578257,0.578257,0.578257
23.930065,0.869767,0.851359,0.868233,0.865165,0.487108,0.487108,0.487108,0.487108
23.940071,0.869767,0.851359,0.868233,0.865165,0.393030,0.393030,0.393030,0.393030
23.950060,0.711767,0.697961,0.716369,0.705631,0.296765,0.296765,0.296765,0.296765
23.960054,0.711767,0.697961,0.716369,0.705631,0.198650,0.198650,0.198650,0.198650
23.970057,0.539961,0.523088,0.546097,0.532291,0.099270,0.099270,0.099270,0.099270
23.980059,0.539961,0.523088,0.546097,0.532291,-0.000658,-0.000658,-0.000658,-0.000658
23.990057,0.348214,0.329806,0.354350,0.339010,-0.100533,-0.100533,-0.100533,-0.100533
24.000055,0.348214,0.329806,0.354350,0.339010,-0.199727,-0.199727,-0.199727,-0.199727
24.010057,0.151864,0.133456,0.151864,0.133456,-0.297681,-0.297681,-0.297681,-0.297681
24.020061,0.151864,0.133456,0.151864,0.133456,-0.393792,-0.393792,-0.393792,-0.393792
24.030064,-0.050621,-0.078233,-0.056757,-0.075165,-0.487416,-0.487416,-0.487416,-0.487416
24.040058,-0.050621,-0.078233,-0.056757,-0.075165,-0.577923,-0.577923,-0.577923,-0.577923
24.050062,-0.251573,-0.277651,-0.257709,-0.274583,-0.664890,-0.664890,-0.664890,-0.664890
24.060057,-0.251573,-0.277651,-0.257709,-0.274583,-0.747641,-0.747641,-0.747641,-0.747641
24.070061,-0.443321,-0.463262,-0.447922,-0.463262,-0.825803,-0.825803,-0.825803,-0.825803
24.080059,-0.443321,-0.463262,-0.447922,-0.463262,-0.898768,-0.898768,-0.898768,-0.898768
24.090065,-0.625864,-0.635068,-0.630466,-0.641204,-0.966169,-0.966169,-0.966169,-0.966169
24.100061,-0.625864,-0.635068,-0.630466,-0.641204,-1.027493,-1.027493,-1.027493,-1.027493
24.110064,-0.790000,-0.797670,-0.793068,-0.803806,-1.082449,-1.082449,-1.082449,-1.082449
24.120060,-0.790000,-0.797670,-0.793068,-0.803806,-1.130608,-1.130608,-1.130608,-1.130608
24.130062,-0.941864,-0.934194,-0.937262,-0.941864,-1.171752,-1.171752,-1.171752,-1.171752
24.140060,-0.941864,-0.934194,-0.937262,-0.941864,-1.205559,-1.205559,-1.205559,-1.205559
24.150066,-1.059981,-1.043107,-1.049243,-1.056913,-1.231860,-1.231860,-1.231860,-1.231860
24.160055,-1.059981,-1.043107,-1.049243,-1.056913,-1.250434,-1.250434,-1.250434,-1.250434
24.170061,-1.144350,-1.135146,-1.141282,-1.148952,-1.261221,-1.261221,-1.261221,-1.261221
24.180058,-1.144350,-1.135146,-1.141282,-1.148952,-1.264115,-1.264115,-1.264115,-1.264115
24.190062,-1.202641,-1.199573,-1.207243,-1.214913,-1.259102,-1.259102,-1.259102,-1.259102
24.200054,-1.202641,-1.199573,-1.207243,-1.214913,-1.246225,-1.246225,-1.246225,-1.246225
24.210060,-1.237923,-1.231787,-1.239457,-1.247127,-1.225527,-1.225527,-1.225527,-1.225527
24.220058,-1.237923,-1.231787,-1.239457,-1.247127,-1.197172,-1.197172,-1.197172,-1.197172
24.230062,-1.244059,-1.234855,-1.242525,-1.250195,-1.161297,-1.161297,-1.161297,-1.161297
24.240059,-1.244059,-1.234855,-1.242525,-1.250195,-1.118176,-1.118176,-1.118176,-1.118176
24.250021,-1.239457,-1.230253,-1.239457,-1.245593,-1.068233,-1.068233,-1.068233,-1.068233
24.260056,-1.239457,-1.230253,-1.239457,-1.245593,-1.011211,-1.011211,-1.011211,-1.011211
24.270061,-1.194971,-1.187301,-1.194971,-1.202641,-0.947998,-0.947998,-0.947998,-0.947998
24.280033,-1.194971,-1.187301,-1.194971,-1.202641,-0.879074,-0.879074,-0.879074,-0.879074
24.290058,-1.110602,-1.102932,-1.109068,-1.113670,-0.804255,-0.804255,-0.804255,-0.804255
24.300055,-1.110602,-1.102932,-1.109068,-1.113670,-0.724600,-0.724600,-0.724600,-0.724600
24.310059,-0.989418,-0.989418,-0.989418,-0.994020,-0.640358,-0.640358,-0.640358,-0.640358
24.320057,-0.989418,-0.989418,-0.989418,-0.994020,-0.552136,-0.552136,-0.552136,-0.552136
24.330057,-0.842156,-0.849826,-0.842156,-0.849826,-0.460445,-0.460445,-0.460445,-0.460445
24.340059,-0.842156,-0.849826,-0.842156,-0.849826,-0.365846,-0.365846,-0.365846,-0.365846
24.350058,-0.681088,-0.690291,-0.678020,-0.685690,-0.269015,-0.269015,-0.269015,-0.269015
24.360054,-0.681088,-0.690291,-0.678020,-0.685690,-0.170535,-0.170535,-0.170535,-0.170535
24.370058,-0.504680,-0.513884,-0.500078,-0.507748,-0.070941,-0.070941,-0.070941,-0.070941
24.380054,-0.504680,-0.513884,-0.500078,-0.507748,0.028985,0.028985,0.028985,0.028985
24.390059,-0.319068,-0.329806,-0.312932,-0.319068,0.128777,0.128777,0.128777,0.128777
24.400051,-0.319068,-0.329806,-0.312932,-0.319068,0.227590,0.227590,0.227590,0.227590
24.410057,-0.122718,-0.139592,-0.118117,-0.124252,0.325036,0.325036,0.325036,0.325036
24.420061,-0.122718,-0.139592,-0.118117,-0.124252,0.420365,0.420365,0.420365,0.420365
24.430056,0.073631,0.069029,0.072097,0.088971,0.512896,0.512896,0.512896,0.512896
24.440054,0.073631,0.069029,0.072097,0.088971,0.602141,0.602141,0.602141,0.602141
24.450058,0.269981,0.263845,0.266913,0.286854,0.687578,0.687578,0.687578,0.687578
24.460058,0.269981,0.263845,0.266913,0.286854,0.768539,0.768539,0.768539,0.768539
24.470057,0.460194,0.447922,0.455592,0.477068,0.844539,0.844539,0.844539,0.844539
24.480061,0.460194,0.447922,0.455592,0.477068,0.915155,0.915155,0.915155,0.915155
24.490055,0.639670,0.621262,0.633534,0.651942,0.979817,0.979817,0.979817,0.979817
24.500057,0.639670,0.621262,0.633534,0.651942,1.038213,1.038213,1.038213,1.038213
24.510057,0.800738,0.782330,0.794602,0.811476,1.089930,1.089930,1.089930,1.089930
24.520054,0.800738,0.782330,0.794602,0.811476,1.134615,1.134615,1.134615,1.134615
24.530060,0.940330,0.924991,0.935728,0.955670,1.172028,1.172028,1.172028,1.172028
24.540054,0.940330,0.924991,0.935728,0.955670,1.201855,1.201855,1.201855,1.201855
24.550055,1.055379,1.044641,1.061515,1.069185,1.223954,1.223954,1.223954,1.223954
24.560059,1.055379,1.044641,1.061515,1.069185,1.238172,1.238172,1.238172,1.238172
24.570057,1.147418,1.133612,1.147418,1.155088,1.244399,1.244399,1.244399,1.244399
24.580057,1.147418,1.133612,1.147418,1.155088,1.242601,1.242601,1.242601,1.242601
24.590057,1.204175,1.190369,1.204175,1.210311,1.232783,1.232783,1.232783,1.232783
24.600056,1.204175,1.190369,1.204175,1.210311,1.215013,1.215013,1.215013,1.215013
24.610056,1.227185,1.214913,1.228719,1.236389,1.189392,1.189392,1.189392,1.189392
24.620058,1.227185,1.214913,1.228719,1.236389,1.156085,1.156085,1.156085,1.156085
24.630056,1.227185,1.216447,1.228719,1.234855,1.115311,1.115311,1.115311,1.115311
24.640055,1.227185,1.216447,1.228719,1.234855,1.067336,1.067336,1.067336,1.067336
24.650057,1.208777,1.198039,1.208777,1.213379,1.012446,1.012446,1.012446,1.012446
24.660055,1.208777,1.198039,1.208777,1.213379,0.951027,0.951027,0.951027,0.951027
24.670057,1.144350,1.135146,1.142816,1.145884,0.883425,0.883425,0.883425,0.883425
24.680061,1.144350,1.135146,1.142816,1.145884,0.810097,0.810097,0.810097,0.810097
24.690056,1.144350,1.135146,1.142816,1.145884,0.731600,0.731600,0.731600,0.731600
24.700064,1.044641,1.035437,1.043107,1.041573,0.648261,0.648261,0.648261,0.648261
24.710056,0.921923,0.909651,0.915787,0.915787,0.560864,0.560864,0.560864,0.560864
24.720062,0.921923,0.909651,0.915787,0.915787,0.469726,0.469726,0.469726,0.469726
24.730062,0.774660,0.768524,0.770058,0.765456,0.375613,0.375613,0.375613,0.375613
24.740061,0.774660,0.768524,0.770058,0.765456,0.279100,0.279100,0.279100,0.279100
24.750059,0.607457,0.604389,0.608990,0.601321,0.180794,0.180794,0.180794,0.180794
24.760063,0.607457,0.604389,0.608990,0.601321,0.081306,0.081306,0.081306,0.081306
24.770063,0.607457,0.604389,0.608990,0.601321,-0.018652,-0.018652,-0.018652,-0.018652
24.780060,0.423379,0.420311,0.424913,0.418777,-0.118414,-0.118414,-0.118414,-0.118414
24.790062,0.233165,0.225495,0.222427,0.220893,-0.217416,-0.217416,-0.217416,-0.217416
24.800055,0.233165,0.225495,0.222427,0.220893,-0.314858,-0.314858,-0.314858,-0.314858
24.810062,0.033748,0.024544,0.023010,0.018408,-0.410343,-0.410343,-0.410343,-0.410343
24.820053,0.033748,0.024544,0.023010,0.018408,-0.502932,-0.502932,-0.502932,-0.502932
24.830063,-0.165670,-0.188680,-0.176408,-0.191748,-0.592339,-0.592339,-0.592339,-0.592339
24.840054,-0.165670,-0.188680,-0.176408,-0.191748,-0.677663,-0.677663,-0.677663,-0.677663
24.850061,-0.363553,-0.375825,-0.368155,-0.388097,-0.758636,-0.758636,-0.758636,-0.758636
24.860058,-0.363553,-0.375825,-0.368155,-0.388097,-0.834476,-0.834476,-0.834476,-0.834476
24.870062,-0.549165,-0.553767,-0.552233,-0.570641,-0.904843,-0.904843,-0.904843,-0.904843
24.880056,-0.549165,-0.553767,-0.552233,-0.570641,-0.969154,-0.969154,-0.969154,-0.969154
24.890059,-0.719437,-0.722505,-0.724039,-0.737845,-1.027082,-1.027082,-1.027082,-1.027082
24.900055,-0.719437,-0.722505,-0.724039,-0.737845,-1.078171,-1.078171,-1.078171,-1.078171
24.910059,-0.719437,-0.722505,-0.724039,-0.737845,-1.122139,-1.122139,-1.122139,-1.122139
24.920057,-0.874369,-0.869767,-0.875903,-0.883573,-1.158633,-1.158633,-1.158633,-1.158633
24.930037,-1.001690,-0.984816,-0.998622,-1.004758,-1.187395,-1.187395,-1.187395,-1.187395
24.940056,-1.001690,-0.984816,-0.998622,-1.004758,-1.208374,-1.208374,-1.208374,-1.208374
24.950056,-1.095262,-1.079923,-1.090660,-1.098330,-1.221279,-1.221279,-1.221279,-1.221279
24.960054,-1.095262,-1.079923,-1.090660,-1.098330,-1.226066,-1.226066,-1.226066,-1.226066
24.970057,-1.159690,-1.150486,-1.158156,-1.168894,-1.222703,-1.222703,-1.222703,-1.222703
24.980055,-1.159690,-1.150486,-1.158156,-1.168894,-1.211210,-1.211210,-1.211210,-1.211210
24.990057,-1.198039,-1.190369,-1.198039,-1.207243,-1.191652,-1.191652,-1.191652,-1.191652
25.000053,-1.198039,-1.190369,-1.198039,-1.207243,-1.164183,-1.164183,-1.164183,-1.164183
25.010056,-1.205709,-1.198039,-1.204175,-1.213379,-1.128942,-1.128942,-1.128942,-1.128942
25.020054,-1.205709,-1.198039,-1.204175,-1.213379,-1.086196,-1.086196,-1.086196,-1.086196
25.030060,-1.204175,-1.194971,-1.202641,-1.208777,-1.036182,-1.036182,-1.036182,-1.036182
25.040056,-1.204175,-1.194971,-1.202641,-1.208777,-0.979307,-0.979307,-0.979307,-0.979307
25.050056,-1.162758,-1.155088,-1.164292,-1.164292,-0.915883,-0.915883,-0.915883,-0.915883
25.060053,-1.162758,-1.155088,-1.164292,-1.164292,-0.846379,-0.846379,-0.846379,-0.846379
25.070061,-1.078389,-1.075321,-1.082991,-1.076855,-0.771162,-0.771162,-0.771162,-0.771162
25.080055,-1.078389,-1.075321,-1.082991,-1.076855,-0.690897,-0.690897,-0.690897,-0.690897
25.090057,-0.957204,-0.961806,-0.958738,-0.964874,-0.605959,-0.605959,-0.605959,-0.605959
25.100058,-0.957204,-0.961806,-0.958738,-0.964874,-0.517016,-0.517016,-0.517016,-0.517016
25.110056,-0.809942,-0.817612,-0.809942,-0.808408,-0.424642,-0.424642,-0.424642,-0.424642
25.120058,-0.809942,-0.817612,-0.809942,-0.808408,-0.329422,-0.329422,-0.329422,-0.329422
25.130058,-0.647340,-0.656544,-0.647340,-0.650408,-0.232039,-0.232039,-0.232039,-0.232039
25.140053,-0.647340,-0.656544,-0.647340,-0.650408,-0.133173,-0.133173,-0.133173,-0.133173
25.150057,-0.469398,-0.480136,-0.467864,-0.469398,-0.033364,-0.033364,-0.033364,-0.033364
25.160053,-0.469398,-0.480136,-0.467864,-0.469398,0.066553,0.066553,0.066553,0.066553
25.170057,-0.282252,-0.296058,-0.274583,-0.280719,0.166060,0.166060,0.166060,0.166060
25.180056,-0.282252,-0.296058,-0.274583,-0.280719,0.264354,0.264354,0.264354,0.264354
25.190058,-0.081301,-0.101243,-0.076699,-0.076699,0.360861,0.360861,0.360861,0.360861
25.200054,-0.081301,-0.101243,-0.076699,-0.076699,0.454829,0.454829,0.454829,0.454829
25.210054,0.127320,0.110447,0.122718,0.127320,0.545727,0.545727,0.545727,0.545727
25.220055,0.127320,0.110447,0.122718,0.127320,0.632897,0.632897,0.632897,0.632897
25.230059,0.319068,0.299126,0.317534,0.320602,0.715754,0.715754,0.715754,0.715754
25.240067,0.319068,0.299126,0.317534,0.320602,0.793767,0.793767,0.793767,0.793767
25.250019,0.500078,0.480136,0.498544,0.509282,0.865951,0.865951,0.865951,0.865951
25.260054,0.500078,0.480136,0.498544,0.509282,0.932813,0.932813,0.932813,0.932813
25.270056,0.665748,0.650408,0.671884,0.681088,0.993063,0.993063,0.993063,0.993063
25.280052,0.665748,0.650408,0.671884,0.681088,1.046516,1.046516,1.046516,1.046516
25.290045,0.819146,0.805340,0.825282,0.837554,1.092802,1.092802,1.092802,1.092802
25.300062,0.819146,0.805340,0.825282,0.837554,1.131717,1.131717,1.131717,1.131717
25.310061,0.957204,0.940330,0.958738,0.971010,1.162821,1.162821,1.162821,1.162821
25.320061,0.957204,0.940330,0.958738,0.971010,1.185978,1.185978,1.185978,1.185978
25.330063,1.063049,1.050777,1.067651,1.075321,1.201030,1.201030,1.201030,1.201030
25.340061,1.063049,1.050777,1.067651,1.075321,1.207859,1.207859,1.207859,1.207859
25.350061,1.139748,1.127476,1.141282,1.148952,1.206424,1.206424,1.206424,1.206424
25.360060,1.139748,1.127476,1.141282,1.148952,1.196730,1.196730,1.196730,1.196730
25.370062,1.182699,1.170428,1.181165,1.188835,1.178833,1.178833,1.178833,1.178833
25.380060,1.182699,1.170428,1.181165,1.188835,1.152866,1.152866,1.152866,1.152866
25.390064,1.193437,1.179631,1.190369,1.196505,1.118981,1.118981,1.118981,1.118981
25.400053,1.193437,1.179631,1.190369,1.196505,1.077480,1.077480,1.077480,1.077480
25.410061,1.188835,1.176563,1.187301,1.191903,1.028516,1.028516,1.028516,1.028516
25.420052,1.188835,1.176563,1.187301,1.191903,0.972570,0.972570,0.972570,0.972570
25.430058,1.145884,1.133612,1.144350,1.147418,0.909878,0.909878,0.909878,0.909878
25.440050,1.145884,1.133612,1.144350,1.147418,0.841029,0.841029,0.841029,0.841029
25.450060,1.145884,1.133612,1.144350,1.147418,0.766267,0.766267,0.766267,0.766267
25.460060,1.059981,1.049243,1.058447,1.058447,0.686333,0.686333,0.686333,0.686333
25.470060,0.948000,0.935728,0.940330,0.941864,0.601677,0.601677,0.601677,0.601677
25.480062,0.948000,0.935728,0.940330,0.941864,0.512900,0.512900,0.512900,0.512900
25.490065,0.808408,0.799204,0.806874,0.802272,0.420591,0.420591,0.420591,0.420591
25.500038,0.808408,0.799204,0.806874,0.802272,0.325672,0.325672,0.325672,0.325672
25.510052,0.647340,0.642738,0.656544,0.644272,0.228163,0.228163,0.228163,0.228163
25.520054,0.647340,0.642738,0.656544,0.644272,0.129223,0.129223,0.129223,0.129223
25.530058,0.474000,0.463262,0.481670,0.464796,0.029411,0.029411,0.029411,0.029411
25.540056,0.474000,0.463262,0.481670,0.464796,-0.070520,-0.070520,-0.070520,-0.070520
25.550056,0.280719,0.274583,0.286854,0.265379,-0.169959,-0.169959,-0.169959,-0.169959
25.560055,0.280719,0.274583,0.286854,0.265379,-0.268131,-0.268131,-0.268131,-0.268131
25.570059,0.078233,0.078233,0.084369,0.065961,-0.364469,-0.364469,-0.364469,-0.364469
25.580059,0.078233,0.078233,0.084369,0.065961,-0.458196,-0.458196,-0.458196,-0.458196
25.590057,-0.119651,-0.134990,-0.125786,-0.145728,-0.548677,-0.548677,-0.548677,-0.548677
25.600054,-0.119651,-0.134990,-0.125786,-0.145728,-0.635296,-0.635296,-0.635296,-0.635296
25.610052,-0.119651,-0.134990,-0.125786,-0.145728,-0.717456,-0.717456,-0.717456,-0.717456
25.620054,-0.314466,-0.331340,-0.322136,-0.340544,-0.794596,-0.794596,-0.794596,-0.794596
25.630054,-0.504680,-0.513884,-0.510816,-0.526155,-0.866161,-0.866161,-0.866161,-0.866161
25.640053,-0.504680,-0.513884,-0.510816,-0.526155,-0.931614,-0.931614,-0.931614,-0.931614
25.650055,-0.504680,-0.513884,-0.510816,-0.526155,-0.990543,-0.990543,-0.990543,-0.990543
25.660059,-0.681088,-0.684156,-0.684156,-0.694893,-1.042523,-1.042523,-1.042523,-1.042523
25.670057,-0.832952,-0.839088,-0.839088,-0.845224,-1.087146,-1.087146,-1.087146,-1.087146
25.680058,-0.832952,-0.839088,-0.839088,-0.845224,-1.124137,-1.124137,-1.124137,-1.124137
25.690058,-0.963340,-0.958738,-0.963340,-0.967942,-1.153221,-1.153221,-1.153221,-1.153221
25.700060,-0.963340,-0.958738,-0.963340,-0.967942,-1.174196,-1.174196,-1.174196,-1.174196
25.710052,-1.063049,-1.049243,-1.058447,-1.064583,-1.186898,-1.186898,-1.186898,-1.186898
25.720064,-1.063049,-1.049243,-1.058447,-1.064583,-1.191255,-1.191255,-1.191255,-1.191255
25.730064,-1.127476,-1.118272,-1.127476,-1.135146,-1.187214,-1.187214,-1.187214,-1.187214
25.740059,-1.127476,-1.118272,-1.127476,-1.135146,-1.174819,-1.174819,-1.174819,-1.174819
25.750065,-1.162758,-1.156622,-1.165826,-1.173495,-1.154124,-1.154124,-1.154124,-1.154124
25.760059,-1.162758,-1.156622,-1.165826,-1.173495,-1.125315,-1.125315,-1.125315,-1.125315
25.770061,-1.170428,-1.162758,-1.170428,-1.179631,-1.088558,-1.088558,-1.088558,-1.088558
25.780056,-1.170428,-1.162758,-1.170428,-1.179631,-1.044144,-1.044144,-1.044144,-1.044144
25.790064,-1.167360,-1.158156,-1.168894,-1.176563,-0.992309,-0.992309,-0.992309,-0.992309
25.800055,-1.167360,-1.158156,-1.168894,-1.176563,-0.933558,-0.933558,-0.933558,-0.933558
25.810062,-1.122874,-1.115204,-1.122874,-1.130544,-0.868112,-0.868112,-0.868112,-0.868112
25.820057,-1.122874,-1.115204,-1.122874,-1.130544,-0.796626,-0.796626,-0.796626,-0.796626
25.830065,-1.033903,-1.027767,-1.032369,-1.036971,-0.719415,-0.719415,-0.719415,-0.719415
25.840057,-1.033903,-1.027767,-1.032369,-1.036971,-0.637243,-0.637243,-0.637243,-0.637243
25.850063,-0.906583,-0.905049,-0.906583,-0.906583,-0.550470,-0.550470,-0.550470,-0.550470
25.860056,-0.906583,-0.905049,-0.906583,-0.906583,-0.459926,-0.459926,-0.459926,-0.459926
25.870060,-0.756253,-0.756253,-0.757787,-0.754719,-0.366045,-0.366045,-0.366045,-0.366045
25.880053,-0.756253,-0.756253,-0.757787,-0.754719,-0.269697,-0.269697,-0.269697,-0.269697
25.890062,-0.592117,-0.592117,-0.589049,-0.584447,-0.171313,-0.171313,-0.171313,-0.171313
25.900057,-0.592117,-0.592117,-0.589049,-0.584447,-0.071876,-0.071876,-0.071876,-0.071876
25.910063,-0.412641,-0.414175,-0.408039,-0.412641,0.028133,0.028133,0.028133,0.028133
25.920059,-0.412641,-0.414175,-0.408039,-0.412641,0.127829,0.127829,0.127829,0.127829
25.930061,-0.223961,-0.227029,-0.216291,-0.222427,0.226620,0.226620,0.226620,0.226620
25.940058,-0.223961,-0.227029,-0.216291,-0.222427,0.323708,0.323708,0.323708,0.323708
25.950062,-0.026078,-0.023010,-0.016874,-0.013806,0.418511,0.418511,0.418511,0.418511
25.960056,-0.026078,-0.023010,-0.016874,-0.013806,0.510175,0.510175,0.510175,0.510175
25.970058,0.174874,0.176408,0.181010,0.185612,0.598246,0.598246,0.598246,0.598246
25.980057,0.174874,0.176408,0.181010,0.185612,0.681935,0.681935,0.681935,0.681935
25.990061,0.366621,0.363553,0.375825,0.383495,0.760765,0.760765,0.760765,0.760765
26.000065,0.366621,0.363553,0.375825,0.383495,0.834085,0.834085,0.834085,0.834085
26.010061,0.550699,0.541495,0.549165,0.567573,0.901331,0.901331,0.901331,0.901331
26.020061,0.550699,0.541495,0.549165,0.567573,0.962087,0.962087,0.962087,0.962087
26.030056,0.714835,0.705631,0.707165,0.728641,1.015869,1.015869,1.015869,1.015869
26.040056,0.714835,0.705631,0.707165,0.728641,1.062340,1.062340,1.062340,1.062340
26.050055,0.860563,0.849826,0.851359,0.872835,1.101135,1.101135,1.101135,1.101135
26.060055,0.860563,0.849826,0.851359,0.872835,1.131972,1.131972,1.131972,1.131972
26.070059,0.983282,0.975612,0.978680,0.994020,1.154631,1.154631,1.154631,1.154631
26.080063,0.983282,0.975612,0.978680,0.994020,1.168932,1.168932,1.168932,1.168932
26.090059,1.075321,1.067651,1.075321,1.084525,1.174766,1.174766,1.174766,1.174766
26.100054,1.075321,1.067651,1.075321,1.084525,1.172103,1.172103,1.172103,1.172103
26.110054,1.133612,1.122874,1.133612,1.141282,1.160953,1.160953,1.160953,1.160953
26.120054,1.133612,1.122874,1.133612,1.141282,1.141390,1.141390,1.141390,1.141390
26.130053,1.158156,1.145884,1.156622,1.162758,1.113561,1.113561,1.113561,1.113561
26.140053,1.158156,1.145884,1.156622,1.162758,1.077657,1.077657,1.077657,1.077657
26.150055,1.158156,1.145884,1.155088,1.161224,1.033930,1.033930,1.033930,1.033930
26.160053,1.158156,1.145884,1.155088,1.161224,0.982717,0.982717,0.982717,0.982717
26.170057,1.136680,1.119806,1.135146,1.136680,0.924347,0.924347,0.924347,0.924347
26.180054,1.136680,1.119806,1.135146,1.136680,0.859311,0.859311,0.859311,0.859311
26.190056,1.066117,1.050777,1.064583,1.063049,0.788005,0.788005,0.788005,0.788005
26.200056,1.066117,1.050777,1.064583,1.063049,0.710995,0.710995,0.710995,0.710995
26.210056,0.960272,0.943398,0.955670,0.955670,0.628819,0.628819,0.628819,0.628819
26.220058,0.960272,0.943398,0.955670,0.955670,0.542056,0.542056,0.542056,0.542056
26.230061,0.826816,0.813010,0.823748,0.822214,0.451379,0.451379,0.451379,0.451379
26.240055,0.826816,0.813010,0.823748,0.822214,0.357497,0.357497,0.357497,0.357497
26.250057,0.673418,0.661146,0.671884,0.667282,0.260959,0.260959,0.260959,0.260959
26.260056,0.673418,0.661146,0.671884,0.667282,0.162596,0.162596,0.162596,0.162596
26.270056,0.500078,0.486272,0.500078,0.495476,0.063048,0.063048,0.063048,0.063048
26.280054,0.500078,0.486272,0.500078,0.495476,-0.036907,-0.036907,-0.036907,-0.036907
26.290028,0.312932,0.294524,0.308330,0.302194,-0.136301,-0.136301,-0.136301,-0.136301
26.300055,0.312932,0.294524,0.308330,0.302194,-0.235184,-0.235184,-0.235184,-0.235184
26.310053,0.312932,0.294524,0.308330,0.302194,-0.332027,-0.332027,-0.332027,-0.332027
26.320068,0.115049,0.098175,0.104311,0.101243,-0.426553,-0.426553,-0.426553,-0.426553
26.330063,0.115049,0.098175,0.104311,0.101243,-0.517697,-0.517697,-0.517697,-0.517697
26.340057,-0.098175,-0.113515,-0.095107,-0.111981,-0.605008,-0.605008,-0.605008,-0.605008
26.350063,-0.294524,-0.306796,-0.289922,-0.306796,-0.687912,-0.687912,-0.687912,-0.687912
26.360058,-0.294524,-0.306796,-0.289922,-0.306796,-0.765634,-0.765634,-0.765634,-0.765634
26.370045,-0.477068,-0.492408,-0.481670,-0.495476,-0.837625,-0.837625,-0.837625,-0.837625
26.380056,-0.477068,-0.492408,-0.481670,-0.495476,-0.903576,-0.903576,-0.903576,-0.903576
26.390064,-0.648874,-0.661146,-0.656544,-0.667282,-0.962775,-0.962775,-0.962775,-0.962775
26.400055,-0.648874,-0.661146,-0.656544,-0.667282,-1.014751,-1.014751,-1.014751,-1.014751
26.410061,-0.803806,-0.813010,-0.808408,-0.817612,-1.059255,-1.059255,-1.059255,-1.059255
26.420059,-0.803806,-0.813010,-0.808408,-0.817612,-1.095873,-1.095873,-1.095873,-1.095873
26.430063,-0.938796,-0.935728,-0.937262,-0.941864,-1.124361,-1.124361,-1.124361,-1.124361
26.440056,-0.938796,-0.935728,-0.937262,-0.941864,-1.144477,-1.144477,-1.144477,-1.144477
26.450064,-1.036971,-1.026233,-1.030835,-1.040039,-1.156107,-1.156107,-1.156107,-1.156107
26.460058,-1.036971,-1.026233,-1.030835,-1.040039,-1.159131,-1.159131,-1.159131,-1.159131
26.470058,-1.099864,-1.090660,-1.096796,-1.106000,-1.153538,-1.153538,-1.153538,-1.153538
26.480057,-1.099864,-1.090660,-1.096796,-1.106000,-1.139368,-1.139368,-1.139368,-1.139368
26.490055,-1.133612,-1.125942,-1.133612,-1.141282,-1.116720,-1.116720,-1.116720,-1.116720
26.500055,-1.133612,-1.125942,-1.133612,-1.141282,-1.085754,-1.085754,-1.085754,-1.085754
26.510057,-1.138214,-1.130544,-1.138214,-1.145884,-1.046695,-1.046695,-1.046695,-1.046695
26.520056,-1.138214,-1.130544,-1.138214,-1.145884,-0.999849,-0.999849,-0.999849,-0.999849
26.530060,-1.133612,-1.125942,-1.135146,-1.138214,-0.945527,-0.945527,-0.945527,-0.945527
26.540054,-1.133612,-1.125942,-1.135146,-1.138214,-0.884209,-0.884209,-0.884209,-0.884209
26.550062,-1.082991,-1.079923,-1.084525,-1.087592,-0.816216,-0.816216,-0.816216,-0.816216
26.560061,-1.082991,-1.079923,-1.084525,-1.087592,-0.742213,-0.742213,-0.742213,-0.742213
26.570061,-0.986350,-0.987884,-0.992486,-0.994020,-0.662640,-0.662640,-0.662640,-0.662640
26.580029,-0.986350,-0.987884,-0.992486,-0.994020,-0.578431,-0.578431,-0.578431,-0.578431
26.590065,-0.854427,-0.862097,-0.863631,-0.862097,-0.489312,-0.489312,-0.489312,-0.489312
26.600058,-0.854427,-0.862097,-0.863631,-0.862097,-0.396941,-0.396941,-0.396941,-0.396941
26.610060,-0.701029,-0.708699,-0.701029,-0.705631,-0.301527,-0.301527,-0.301527,-0.301527
26.620058,-0.701029,-0.708699,-0.701029,-0.705631,-0.203920,-0.203920,-0.203920,-0.203920
26.630058,-0.532291,-0.538427,-0.527689,-0.533825,-0.104792,-0.104792,-0.104792,-0.104792
26.640057,-0.532291,-0.538427,-0.527689,-0.533825,-0.004938,-0.004938,-0.004938,-0.004938
26.650061,-0.349748,-0.358952,-0.343612,-0.351282,0.094980,0.094980,0.094980,0.094980
26.660057,-0.349748,-0.358952,-0.343612,-0.351282,0.194078,0.194078,0.194078,0.194078
26.670063,-0.156466,-0.171806,-0.151864,-0.148796,0.291745,0.291745,0.291745,0.291745
26.680058,-0.156466,-0.171806,-0.151864,-0.148796,0.387080,0.387080,0.387080,0.387080
26.690062,0.039884,0.035282,0.044485,0.065961,0.479552,0.479552,0.479552,0.479552
26.700056,0.039884,0.035282,0.044485,0.065961,0.568273,0.568273,0.568273,0.568273
26.710062,0.240835,0.230097,0.245437,0.266913,0.652744,0.652744,0.652744,0.652744
26.720016,0.240835,0.230097,0.245437,0.266913,0.731854,0.731854,0.731854,0.731854
26.730062,0.431049,0.415709,0.437185,0.454058,0.806101,0.806101,0.806101,0.806101
26.740059,0.431049,0.415709,0.437185,0.454058,0.873812,0.873812,0.873812,0.873812
26.750061,0.608990,0.587515,0.612058,0.619728,0.934923,0.934923,0.934923,0.934923
26.760057,0.608990,0.587515,0.612058,0.619728,0.988869,0.988869,0.988869,0.988869
26.770063,0.763923,0.743981,0.766990,0.774660,1.035326,1.035326,1.035326,1.035326
26.780058,0.763923,0.743981,0.766990,0.774660,1.073851,1.073851,1.073851,1.073851
26.790062,0.898913,0.882039,0.898913,0.918855,1.104221,1.104221,1.104221,1.104221
26.800058,0.898913,0.882039,0.898913,0.918855,1.126149,1.126149,1.126149,1.126149
26.810061,1.004758,0.994020,1.009359,1.017029,1.139496,1.139496,1.139496,1.139496
26.820055,1.004758,0.994020,1.009359,1.017029,1.144146,1.144146,1.144146,1.144146
26.830057,1.079923,1.070719,1.084525,1.089126,1.140065,1.140065,1.140065,1.140065
26.840054,1.079923,1.070719,1.084525,1.089126,1.127284,1.127284,1.127284,1.127284
26.850054,1.079923,1.070719,1.084525,1.089126,1.105888,1.105888,1.105888,1.105888
26.860058,1.121340,1.110602,1.122874,1.129010,1.076025,1.076025,1.076025,1.076025
26.870058,1.127476,1.116738,1.125942,1.132078,1.037946,1.037946,1.037946,1.037946
26.880062,1.127476,1.116738,1.125942,1.132078,0.991918,0.991918,0.991918,0.991918
26.890059,1.119806,1.107534,1.118272,1.122874,0.938339,0.938339,0.938339,0.938339
26.900059,1.119806,1.107534,1.118272,1.122874,0.877553,0.877553,0.877553,0.877553
26.910053,1.119806,1.107534,1.118272,1.122874,0.810099,0.810099,0.810099,0.810099
26.920055,1.064583,1.056913,1.066117,1.064583,0.736393,0.736393,0.736393,0.736393
26.930058,0.972544,0.963340,0.969476,0.969476,0.657058,0.657058,0.657058,0.657058
26.940063,0.972544,0.963340,0.969476,0.969476,0.572655,0.572655,0.572655,0.572655
26.950050,0.972544,0.963340,0.969476,0.969476,0.484031,0.484031,0.484031,0.484031
26.960052,0.848292,0.840622,0.845224,0.846758,0.391591,0.391591,0.391591,0.391591
26.970062,0.701029,0.696427,0.699495,0.697961,0.296088,0.296088,0.296088,0.296088
26.980059,0.701029,0.696427,0.699495,0.697961,0.198466,0.198466,0.198466,0.198466
26.990061,0.701029,0.696427,0.699495,0.697961,0.099289,0.099289,0.099289,0.099289
27.000053,0.535359,0.529223,0.533825,0.529223,-0.000535,-0.000535,-0.000535,-0.000535
27.010056,0.349748,0.340544,0.349748,0.337476,-0.100406,-0.100406,-0.100406,-0.100406
27.020061,0.349748,0.340544,0.349748,0.337476,-0.199499,-0.199499,-0.199499,-0.199499
27.030062,0.151864,0.147262,0.158000,0.134990,-0.296955,-0.296955,-0.296955,-0.296955
27.040060,0.151864,0.147262,0.158000,0.134990,-0.392065,-0.392065,-0.392065,-0.392065
27.050058,-0.049087,-0.064427,-0.041417,-0.072097,-0.484107,-0.484107,-0.484107,-0.484107
27.060036,-0.049087,-0.064427,-0.041417,-0.072097,-0.572168,-0.572168,-0.572168,-0.572168
27.070063,-0.250039,-0.265379,-0.245437,-0.271515,-0.656183,-0.656183,-0.656183,-0.656183
27.080063,-0.250039,-0.265379,-0.245437,-0.271515,-0.734844,-0.734844,-0.734844,-0.734844
27.090063,-0.440253,-0.450990,-0.441787,-0.461728,-0.807754,-0.807754,-0.807754,-0.807754
27.100060,-0.440253,-0.450990,-0.441787,-0.461728,-0.874331,-0.874331,-0.874331,-0.874331
27.110064,-0.618194,-0.619728,-0.613592,-0.633534,-0.934125,-0.934125,-0.934125,-0.934125
27.120060,-0.618194,-0.619728,-0.613592,-0.633534,-0.986572,-0.986572,-0.986572,-0.986572
27.130064,-0.776194,-0.776194,-0.774660,-0.788466,-1.031350,-1.031350,-1.031350,-1.031350
27.140059,-0.776194,-0.776194,-0.774660,-0.788466,-1.068022,-1.068022,-1.068022,-1.068022
27.150063,-0.906583,-0.901981,-0.908117,-0.915787,-1.096375,-1.096375,-1.096375,-1.096375
27.160057,-0.906583,-0.901981,-0.908117,-0.915787,-1.116130,-1.116130,-1.116130,-1.116130
27.170061,-1.010893,-0.995554,-1.006292,-1.015495,-1.127166,-1.127166,-1.127166,-1.127166
27.180059,-1.010893,-0.995554,-1.006292,-1.015495,-1.129371,-1.129371,-1.129371,-1.129371
27.190063,-1.075321,-1.061515,-1.070719,-1.079923,-1.122726,-1.122726,-1.122726,-1.122726
27.200058,-1.075321,-1.061515,-1.070719,-1.079923,-1.107298,-1.107298,-1.107298,-1.107298
27.210058,-1.106000,-1.099864,-1.102932,-1.112136,-1.083187,-1.083187,-1.083187,-1.083187
27.220060,-1.106000,-1.099864,-1.102932,-1.112136,-1.050575,-1.050575,-1.050575,-1.050575
27.230064,-1.109068,-1.102932,-1.106000,-1.115204,-1.009715,-1.009715,-1.009715,-1.009715
27.240059,-1.109068,-1.102932,-1.106000,-1.115204,-0.960977,-0.960977,-0.960977,-0.960977
27.250057,-1.101398,-1.096796,-1.101398,-1.107534,-0.904679,-0.904679,-0.904679,-0.904679
27.260054,-1.101398,-1.096796,-1.101398,-1.107534,-0.841296,-0.841296,-0.841296,-0.841296
27.270056,-1.046175,-1.044641,-1.044641,-1.053845,-0.771276,-0.771276,-0.771276,-0.771276
27.280054,-1.046175,-1.044641,-1.044641,-1.053845,-0.695235,-0.695235,-0.695235,-0.695235
27.290056,-0.943398,-0.948000,-0.946466,-0.955670,-0.613701,-0.613701,-0.613701,-0.613701
27.300053,-0.943398,-0.948000,-0.946466,-0.955670,-0.527403,-0.527403,-0.527403,-0.527403
27.310057,-0.943398,-0.948000,-0.946466,-0.955670,-0.436905,-0.436905,-0.436905,-0.436905
27.320059,-0.808408,-0.816078,-0.811476,-0.816078,-0.343010,-0.343010,-0.343010,-0.343010
27.330057,-0.655010,-0.661146,-0.651942,-0.655010,-0.246462,-0.246462,-0.246462,-0.246462
27.340055,-0.655010,-0.661146,-0.651942,-0.655010,-0.147984,-0.147984,-0.147984,-0.147984
27.350054,-0.480136,-0.489340,-0.478602,-0.481670,-0.048381,-0.048381,-0.048381,-0.048381
27.360054,-0.480136,-0.489340,-0.478602,-0.481670,0.051587,0.051587,0.051587,0.051587
27.370056,-0.294524,-0.308330,-0.292990,-0.297592,0.151121,0.151121,0.151121,0.151121
27.380058,-0.294524,-0.308330,-0.292990,-0.297592,0.249438,0.249438,0.249438,0.249438
27.390055,-0.093573,-0.119651,-0.096641,-0.099709,0.345672,0.345672,0.345672,0.345672
27.400051,-0.093573,-0.119651,-0.096641,-0.099709,0.439131,0.439131,0.439131,0.439131
27.410055,0.105845,0.090505,0.104311,0.111981,0.529127,0.529127,0.529127,0.529127
27.420053,0.105845,0.090505,0.104311,0.111981,0.614832,0.614832,0.614832,0.614832
27.430058,0.299126,0.282252,0.302194,0.308330,0.695662,0.695662,0.695662,0.695662
27.440060,0.299126,0.282252,0.302194,0.308330,0.770887,0.770887,0.770887,0.770887
27.450064,0.299126,0.282252,0.302194,0.308330,0.839959,0.839959,0.839959,0.839959
27.460052,0.480136,0.463262,0.487806,0.497010,0.902212,0.902212,0.902212,0.902212
27.470057,0.648874,0.632000,0.651942,0.665748,0.957321,0.957321,0.957321,0.957321
27.480053,0.648874,0.632000,0.651942,0.665748,1.004726,1.004726,1.004726,1.004726
27.490057,0.800738,0.782330,0.799204,0.809942,1.044105,1.044105,1.044105,1.044105
27.500063,0.800738,0.782330,0.799204,0.809942,1.075112,1.075112,1.075112,1.075112
27.510059,0.800738,0.782330,0.799204,0.809942,1.097472,1.097472,1.097472,1.097472
27.520061,0.926525,0.909651,0.921923,0.935728,1.111036,1.111036,1.111036,1.111036
27.530064,1.018563,1.004758,1.013961,1.027767,1.115683,1.115683,1.115683,1.115683
27.540058,1.018563,1.004758,1.013961,1.027767,1.111374,1.111374,1.111374,1.111374
27.550062,1.075321,1.064583,1.075321,1.084525,1.098134,1.098134,1.098134,1.098134
27.560049,1.075321,1.064583,1.075321,1.084525,1.076110,1.076110,1.076110,1.076110
27.570063,1.099864,1.087592,1.098330,1.104466,1.045364,1.045364,1.045364,1.045364
27.580059,1.099864,1.087592,1.098330,1.104466,1.006270,1.006270,1.006270,1.006270
27.590061,1.099864,1.086058,1.098330,1.101398,0.959058,0.959058,0.959058,0.959058
27.600058,1.099864,1.086058,1.098330,1.101398,0.904166,0.904166,0.904166,0.904166
27.610062,1.099864,1.086058,1.098330,1.101398,0.841950,0.841950,0.841950,0.841950
27.620060,1.070719,1.058447,1.067651,1.067651,0.773010,0.773010,0.773010,0.773010
27.630058,0.992486,0.980214,0.990952,0.986350,0.697843,0.697843,0.697843,0.697843
27.640032,0.992486,0.980214,0.990952,0.986350,0.617263,0.617263,0.617263,0.617263
27.650053,0.877437,0.869767,0.875903,0.871301,0.531330,0.531330,0.531330,0.531330
27.660059,0.877437,0.869767,0.875903,0.871301,0.441252,0.441252,0.441252,0.441252
27.670059,0.737845,0.734777,0.736311,0.727107,0.347687,0.347687,0.347687,0.347687
27.680058,0.737845,0.734777,0.736311,0.727107,0.251337,0.251337,0.251337,0.251337
27.690060,0.578311,0.573709,0.576777,0.562971,0.152955,0.152955,0.152955,0.152955
27.700056,0.578311,0.573709,0.576777,0.562971,0.053431,0.053431,0.053431,0.053431
27.710056,0.401903,0.388097,0.394233,0.378893,-0.046546,-0.046546,-0.046546,-0.046546
27.720060,0.401903,0.388097,0.394233,0.378893,-0.146135,-0.146135,-0.146135,-0.146135
27.730062,0.208621,0.196350,0.196350,0.191748,-0.244490,-0.244490,-0.244490,-0.244490
27.740061,0.208621,0.196350,0.196350,0.191748,-0.340769,-0.340769,-0.340769,-0.340769
27.750059,0.003068,-0.001534,-0.003068,-0.009204,-0.434262,-0.434262,-0.434262,-0.434262
27.760059,0.003068,-0.001534,-0.003068,-0.009204,-0.524183,-0.524183,-0.524183,-0.524183
27.770048,-0.196350,-0.211689,-0.205553,-0.220893,-0.609714,-0.609714,-0.609714,-0.609714
27.780054,-0.196350,-0.211689,-0.205553,-0.220893,-0.690367,-0.690367,-0.690367,-0.690367
27.790060,-0.389631,-0.400369,-0.395767,-0.411107,-0.765359,-0.765359,-0.765359,-0.765359
27.800053,-0.389631,-0.400369,-0.395767,-0.411107,-0.833975,-0.833975,-0.833975,-0.833975
27.810057,-0.570641,-0.575243,-0.572175,-0.585981,-0.895818,-0.895818,-0.895818,-0.895818
27.820057,-0.570641,-0.575243,-0.572175,-0.585981,-0.950285,-0.950285,-0.950285,-0.950285
27.830061,-0.734777,-0.733243,-0.736311,-0.745515,-0.996961,-0.996961,-0.996961,-0.996961
27.840055,-0.734777,-0.733243,-0.736311,-0.745515,-1.035416,-1.035416,-1.035416,-1.035416
27.850058,-0.869767,-0.865165,-0.872835,-0.878971,-1.065391,-1.065391,-1.065391,-1.065391
27.860058,-0.869767,-0.865165,-0.872835,-0.878971,-1.086606,-1.086606,-1.086606,-1.086606
27.870056,-0.975612,-0.963340,-0.972544,-0.980214,-1.098887,-1.098887,-1.098887,-1.098887
27.880064,-0.975612,-0.963340,-0.972544,-0.980214,-1.102133,-1.102133,-1.102133,-1.102133
27.890062,-1.046175,-1.029301,-1.038505,-1.047709,-1.096309,-1.096309,-1.096309,-1.096309
27.900059,-1.046175,-1.029301,-1.038505,-1.047709,-1.081472,-1.081472,-1.081472,-1.081472
27.910063,-1.079923,-1.070719,-1.076855,-1.084525,-1.057715,-1.057715,-1.057715,-1.057715
27.920061,-1.079923,-1.070719,-1.076855,-1.084525,-1.025264,-1.025264,-1.025264,-1.025264
27.930061,-1.082991,-1.076855,-1.079923,-1.087592,-0.984365,-0.984365,-0.984365,-0.984365
27.940058,-1.082991,-1.076855,-1.079923,-1.087592,-0.935378,-0.935378,-0.935378,-0.935378
27.950029,-1.073787,-1.070719,-1.073787,-1.082991,-0.878826,-0.878826,-0.878826,-0.878826
27.960058,-1.073787,-1.070719,-1.073787,-1.082991,-0.814691,-0.814691,-0.814691,-0.814691
27.970058,-1.018563,-1.020097,-1.018563,-1.029301,-0.744016,-0.744016,-0.744016,-0.744016
27.980057,-1.018563,-1.020097,-1.018563,-1.029301,-0.667227,-0.667227,-0.667227,-0.667227
27.990057,-0.915787,-0.921923,-0.920389,-0.929592,-0.584916,-0.584916,-0.584916,-0.584916
28.000055,-0.915787,-0.921923,-0.920389,-0.929592,-0.497820,-0.497820,-0.497820,-0.497820
28.010057,-0.780796,-0.788466,-0.788466,-0.790000,-0.406569,-0.406569,-0.406569,-0.406569
28.020060,-0.780796,-0.788466,-0.788466,-0.790000,-0.311993,-0.311993,-0.311993,-0.311993
28.030062,-0.625864,-0.632000,-0.635068,-0.628932,-0.214844,-0.214844,-0.214844,-0.214844
28.040066,-0.625864,-0.632000,-0.635068,-0.628932,-0.115937,-0.115937,-0.115937,-0.115937
28.050064,-0.452524,-0.461728,-0.457126,-0.452524,-0.016147,-0.016147,-0.016147,-0.016147
28.060059,-0.452524,-0.461728,-0.457126,-0.452524,0.083714,0.083714,0.083714,0.083714
28.070063,-0.266913,-0.279185,-0.266913,-0.268447,0.182930,0.182930,0.182930,0.182930
28.080061,-0.266913,-0.279185,-0.266913,-0.268447,0.280524,0.280524,0.280524,0.280524
28.090061,-0.067495,-0.084369,-0.070563,-0.067495,0.375776,0.375776,0.375776,0.375776
28.100063,-0.067495,-0.084369,-0.070563,-0.067495,0.467863,0.467863,0.467863,0.467863
28.110062,0.133456,0.127320,0.136524,0.142660,0.555984,0.555984,0.555984,0.555984
28.120066,0.133456,0.127320,0.136524,0.142660,0.639472,0.639472,0.639472,0.639472
28.130062,0.326738,0.314466,0.331340,0.340544,0.717529,0.717529,0.717529,0.717529
28.140057,0.326738,0.314466,0.331340,0.340544,0.789543,0.789543,0.789543,0.789543
28.150063,0.509282,0.490874,0.515418,0.526155,0.855006,0.855006,0.855006,0.855006
28.160059,0.509282,0.490874,0.515418,0.526155,0.913214,0.913214,0.913214,0.913214
28.170065,0.674952,0.655010,0.674952,0.687223,0.963798,0.963798,0.963798,0.963798
28.180058,0.674952,0.655010,0.674952,0.687223,1.006212,1.006212,1.006212,1.006212
28.190062,0.817612,0.800738,0.817612,0.826816,1.040214,1.040214,1.040214,1.040214
28.200056,0.817612,0.800738,0.817612,0.826816,1.065440,1.065440,1.065440,1.065440
28.210062,0.934194,0.918855,0.932660,0.943398,1.081718,1.081718,1.081718,1.081718
28.220057,0.934194,0.918855,0.932660,0.943398,1.088878,1.088878,1.088878,1.088878
28.230062,1.015495,1.004758,1.017029,1.026233,1.086869,1.086869,1.086869,1.086869
28.240063,1.015495,1.004758,1.017029,1.026233,1.075701,1.075701,1.075701,1.075701
28.250063,1.015495,1.004758,1.017029,1.026233,1.055471,1.055471,1.055471,1.055471
28.260057,1.064583,1.050777,1.066117,1.070719,1.026359,1.026359,1.026359,1.026359
28.270063,1.073787,1.059981,1.073787,1.076855,0.988552,0.988552,0.988552,0.988552
28.280041,1.073787,1.059981,1.073787,1.076855,0.942543,0.942543,0.942543,0.942543
28.290058,1.069185,1.055379,1.067651,1.069185,0.888383,0.888383,0.888383,0.888383
28.300056,1.069185,1.055379,1.067651,1.069185,0.826828,0.826828,0.826828,0.826828
28.310061,1.069185,1.055379,1.067651,1.069185,0.758258,0.758258,0.758258,0.758258
28.320061,1.018563,1.006292,1.017029,1.017029,0.683303,0.683303,0.683303,0.683303
28.330063,0.924991,0.915787,0.920389,0.921923,0.602576,0.602576,0.602576,0.602576
28.340059,0.924991,0.915787,0.920389,0.921923,0.516800,0.516800,0.516800,0.516800
28.350035,0.797670,0.793068,0.796136,0.794602,0.426873,0.426873,0.426873,0.426873
28.360060,0.797670,0.793068,0.796136,0.794602,0.332895,0.332895,0.332895,0.332895
28.370058,0.645806,0.642738,0.647340,0.645806,0.236371,0.236371,0.236371,0.236371
28.380058,0.645806,0.642738,0.647340,0.645806,0.137849,0.137849,0.137849,0.137849
28.390057,0.478602,0.469398,0.475534,0.472466,0.038201,0.038201,0.038201,0.038201
28.400057,0.478602,0.469398,0.475534,0.472466,-0.061765,-0.061765,-0.061765,-0.061765
28.410057,0.289922,0.282252,0.283786,0.274583,-0.161164,-0.161164,-0.161164,-0.161164
28.420055,0.289922,0.282252,0.283786,0.274583,-0.259127,-0.259127,-0.259127,-0.259127
28.430042,0.088971,0.084369,0.081301,0.072097,-0.354739,-0.354739,-0.354739,-0.354739
28.440046,0.088971,0.084369,0.081301,0.072097,-0.447465,-0.447465,-0.447465,-0.447465
28.450058,-0.113515,-0.130388,-0.119651,-0.138058,-0.536383,-0.536383,-0.536383,-0.536383
28.460054,-0.113515,-0.130388,-0.119651,-0.138058,-0.620564,-0.620564,-0.620564,-0.620564
28.470068,-0.317534,-0.322136,-0.312932,-0.329806,-0.699521,-0.699521,-0.699521,-0.699521
28.480062,-0.317534,-0.322136,-0.312932,-0.329806,-0.772326,-0.772326,-0.772326,-0.772326
28.490063,-0.500078,-0.500078,-0.490874,-0.513884,-0.838526,-0.838526,-0.838526,-0.838526
28.500057,-0.500078,-0.500078,-0.490874,-0.513884,-0.897485,-0.897485,-0.897485,-0.897485
28.510061,-0.665748,-0.667282,-0.658078,-0.679554,-0.948772,-0.948772,-0.948772,-0.948772
28.520060,-0.665748,-0.667282,-0.658078,-0.679554,-0.991864,-0.991864,-0.991864,-0.991864
28.530060,-0.806874,-0.811476,-0.803806,-0.820680,-1.026432,-1.026432,-1.026432,-1.026432
28.540062,-0.806874,-0.811476,-0.803806,-0.820680,-1.052164,-1.052164,-1.052164,-1.052164
28.550062,-0.924991,-0.918855,-0.923457,-0.931126,-1.068824,-1.068824,-1.068824,-1.068824
28.560062,-0.924991,-0.918855,-0.923457,-0.931126,-1.076278,-1.076278,-1.076278,-1.076278
28.570063,-1.009359,-0.990952,-1.000156,-1.010893,-1.074455,-1.074455,-1.074455,-1.074455
28.580059,-1.009359,-0.990952,-1.000156,-1.010893,-1.063375,-1.063375,-1.063375,-1.063375
28.590061,-1.052311,-1.035437,-1.046175,-1.055379,-1.043113,-1.043113,-1.043113,-1.043113
28.600056,-1.052311,-1.035437,-1.046175,-1.055379,-1.013877,-1.013877,-1.013877,-1.013877
28.610062,-1.059981,-1.049243,-1.055379,-1.063049,-0.975853,-0.975853,-0.975853,-0.975853
28.620056,-1.059981,-1.049243,-1.055379,-1.063049,-0.929455,-0.929455,-0.929455,-0.929455
28.630062,-1.056913,-1.047709,-1.053845,-1.061515,-0.874964,-0.874964,-0.874964,-0.874964
28.640059,-1.056913,-1.047709,-1.053845,-1.061515,-0.812976,-0.812976,-0.812976,-0.812976
28.650064,-1.007825,-1.007825,-1.009359,-1.018563,-0.743906,-0.743906,-0.743906,-0.743906
28.660061,-1.007825,-1.007825,-1.009359,-1.018563,-0.668473,-0.668473,-0.668473,-0.668473
28.670063,-0.912719,-0.918855,-0.917321,-0.920389,-0.587226,-0.587226,-0.587226,-0.587226
28.680061,-0.912719,-0.918855,-0.917321,-0.920389,-0.500950,-0.500950,-0.500950,-0.500950
28.690065,-0.780796,-0.788466,-0.782330,-0.779262,-0.410287,-0.410287,-0.410287,-0.410287
28.700060,-0.780796,-0.788466,-0.782330,-0.779262,-0.316178,-0.316178,-0.316178,-0.316178
28.710056,-0.628932,-0.633534,-0.624330,-0.621262,-0.219334,-0.219334,-0.219334,-0.219334
28.720062,-0.628932,-0.633534,-0.624330,-0.621262,-0.120528,-0.120528,-0.120528,-0.120528
28.730059,-0.454058,-0.464796,-0.450990,-0.446388,-0.020794,-0.020794,-0.020794,-0.020794
28.740059,-0.454058,-0.464796,-0.450990,-0.446388,0.079136,0.079136,0.079136,0.079136
28.750057,-0.454058,-0.464796,-0.450990,-0.446388,0.178307,0.178307,0.178307,0.178307
28.760057,-0.269981,-0.280719,-0.266913,-0.259243,0.275911,0.275911,0.275911,0.275911
28.770058,-0.072097,-0.087437,-0.065961,-0.059825,0.371074,0.371074,0.371074,0.371074
28.780054,-0.072097,-0.087437,-0.065961,-0.059825,0.462935,0.462935,0.462935,0.462935
28.790058,0.124252,0.119651,0.134990,0.148796,0.550774,0.550774,0.550774,0.550774
28.800055,0.124252,0.119651,0.134990,0.148796,0.633706,0.633706,0.633706,0.633706
28.810059,0.319068,0.306796,0.328272,0.335942,0.711115,0.711115,0.711115,0.711115
28.820057,0.319068,0.306796,0.328272,0.335942,0.782229,0.782229,0.782229,0.782229
28.830057,0.319068,0.306796,0.328272,0.335942,0.846463,0.846463,0.846463,0.846463
28.840054,0.506214,0.487806,0.506214,0.521554,0.903235,0.903235,0.903235,0.903235
28.850056,0.506214,0.487806,0.506214,0.521554,0.952095,0.952095,0.952095,0.952095
28.860060,0.671884,0.650408,0.668816,0.682622,0.992569,0.992569,0.992569,0.992569
28.870062,0.808408,0.791534,0.808408,0.816078,1.024295,1.024295,1.024295,1.024295
28.880058,0.808408,0.791534,0.808408,0.816078,1.046981,1.046981,1.046981,1.046981
28.890064,0.921923,0.905049,0.921923,0.931126,1.060457,1.060457,1.060457,1.060457
28.900057,0.921923,0.905049,0.921923,0.931126,1.064577,1.064577,1.064577,1.064577
28.910059,1.000156,0.987884,1.003224,1.010893,1.059315,1.059315,1.059315,1.059315
28.920059,1.000156,0.987884,1.003224,1.010893,1.044710,1.044710,1.044710,1.044710
28.930046,1.000156,0.987884,1.003224,1.010893,1.020929,1.020929,1.020929,1.020929
28.940056,1.044641,1.030835,1.044641,1.050777,0.988072,0.988072,0.988072,0.988072
28.950062,1.050777,1.035437,1.047709,1.053845,0.946490,0.946490,0.946490,0.946490
28.960056,1.050777,1.035437,1.047709,1.053845,0.896604,0.896604,0.896604,0.896604
28.970062,1.038505,1.024699,1.035437,1.036971,0.838743,0.838743,0.838743,0.838743
28.980024,1.038505,1.024699,1.035437,1.036971,0.773764,0.773764,0.773764,0.773764
28.990059,0.974078,0.966408,0.978680,0.977146,0.701450,0.701450,0.701450,0.701450
29.000057,0.974078,0.966408,0.978680,0.977146,0.623191,0.623191,0.623191,0.623191
29.010061,0.871301,0.866699,0.878971,0.875903,0.539387,0.539387,0.539387,0.539387
29.020054,0.871301,0.866699,0.878971,0.875903,0.450918,0.450918,0.450918,0.450918
29.030058,0.743981,0.737845,0.750117,0.740913,0.358366,0.358366,0.358366,0.358366
29.040052,0.743981,0.737845,0.750117,0.740913,0.262748,0.262748,0.262748,0.262748
29.050060,0.743981,0.737845,0.750117,0.740913,0.164695,0.164695,0.164695,0.164695
29.060055,0.590583,0.581379,0.595185,0.582913,0.065338,0.065338,0.065338,0.065338
29.070063,0.409573,0.397301,0.404971,0.400369,-0.034697,-0.034697,-0.034697,-0.034697
29.080057,0.409573,0.397301,0.404971,0.400369,-0.134250,-0.134250,-0.134250,-0.134250
29.090065,0.217825,0.207087,0.210155,0.202485,-0.232719,-0.232719,-0.232719,-0.232719
29.100054,0.217825,0.207087,0.210155,0.202485,-0.328886,-0.328886,-0.328886,-0.328886
29.110062,0.016874,0.010738,0.009204,0.001534,-0.422253,-0.422253,-0.422253,-0.422253
29.120058,0.016874,0.010738,0.009204,0.001534,-0.511722,-0.511722,-0.511722,-0.511722
29.130058,-0.184078,-0.199418,-0.190214,-0.208621,-0.596611,-0.596611,-0.596611,-0.596611
29.140053,-0.184078,-0.199418,-0.190214,-0.208621,-0.676097,-0.676097,-0.676097,-0.676097
29.150061,-0.377359,-0.391165,-0.381961,-0.403437,-0.749586,-0.749586,-0.749586,-0.749586
29.160057,-0.377359,-0.391165,-0.381961,-0.403437,-0.816256,-0.816256,-0.816256,-0.816256
29.170061,-0.553767,-0.564505,-0.562971,-0.576777,-0.875640,-0.875640,-0.875640,-0.875640
29.180056,-0.553767,-0.564505,-0.562971,-0.576777,-0.927081,-0.927081,-0.927081,-0.927081
29.190063,-0.714835,-0.719437,-0.720971,-0.728641,-0.970248,-0.970248,-0.970248,-0.970248
29.200062,-0.714835,-0.719437,-0.720971,-0.728641,-1.004629,-1.004629,-1.004629,-1.004629
29.210064,-0.848292,-0.846758,-0.852893,-0.857495,-1.029982,-1.029982,-1.029982,-1.029982
29.220057,-0.848292,-0.846758,-0.852893,-0.857495,-1.046041,-1.046041,-1.046041,-1.046041
29.230064,-0.951068,-0.940330,-0.951068,-0.954136,-1.052692,-1.052692,-1.052692,-1.052692
29.240057,-0.951068,-0.940330,-0.951068,-0.954136,-1.049850,-1.049850,-1.049850,-1.049850
29.250063,-1.015495,-0.997088,-1.007825,-1.017029,-1.037537,-1.037537,-1.037537,-1.037537
29.260057,-1.015495,-0.997088,-1.007825,-1.017029,-1.015883,-1.015883,-1.015883,-1.015883
29.270061,-1.038505,-1.026233,-1.030835,-1.041573,-0.985037,-0.985037,-0.985037,-0.985037
29.280058,-1.038505,-1.026233,-1.030835,-1.041573,-0.945333,-0.945333,-0.945333,-0.945333
29.290060,-1.036971,-1.026233,-1.030835,-1.040039,-0.897070,-0.897070,-0.897070,-0.897070
29.300058,-1.036971,-1.026233,-1.030835,-1.040039,-0.840726,-0.840726,-0.840726,-0.840726
29.310062,-1.012427,-1.007825,-1.012427,-1.020097,-0.776753,-0.776753,-0.776753,-0.776753
29.320063,-1.012427,-1.007825,-1.012427,-1.020097,-0.705799,-0.705799,-0.705799,-0.705799
29.330057,-1.012427,-1.007825,-1.012427,-1.020097,-0.628506,-0.628506,-0.628506,-0.628506
29.340057,-0.932660,-0.937262,-0.937262,-0.948000,-0.545495,-0.545495,-0.545495,-0.545495
29.350056,-0.932660,-0.937262,-0.937262,-0.948000,-0.457566,-0.457566,-0.457566,-0.457566
29.360054,-0.813010,-0.823748,-0.817612,-0.823748,-0.365539,-0.365539,-0.365539,-0.365539
29.370056,-0.668816,-0.676486,-0.665748,-0.673418,-0.270162,-0.270162,-0.270162,-0.270162
29.380051,-0.668816,-0.676486,-0.665748,-0.673418,-0.172439,-0.172439,-0.172439,-0.172439
29.390057,-0.500078,-0.509282,-0.497010,-0.504680,-0.073076,-0.073076,-0.073076,-0.073076
29.400057,-0.500078,-0.509282,-0.497010,-0.504680,0.026880,0.026880,0.026880,0.026880
29.410057,-0.500078,-0.509282,-0.497010,-0.504680,0.126551,0.126551,0.126551,0.126551
29.420053,-0.319068,-0.329806,-0.316000,-0.322136,0.225005,0.225005,0.225005,0.225005
29.430058,-0.319068,-0.329806,-0.316000,-0.322136,0.321427,0.321427,0.321427,0.321427
29.440060,-0.124252,-0.142660,-0.119651,-0.128854,0.414874,0.414874,0.414874,0.414874
29.450058,0.073631,0.067495,0.082835,0.084369,0.504465,0.504465,0.504465,0.504465
29.460054,0.073631,0.067495,0.082835,0.084369,0.589397,0.589397,0.589397,0.589397
29.470058,0.268447,0.263845,0.277651,0.286854,0.668979,0.668979,0.668979,0.668979
29.480053,0.268447,0.263845,0.277651,0.286854,0.742341,0.742341,0.742341,0.742341
29.490059,0.454058,0.441787,0.452524,0.475534,0.808944,0.808944,0.808944,0.808944
29.500055,0.454058,0.441787,0.452524,0.475534,0.868057,0.868057,0.868057,0.868057
29.510057,0.633534,0.605923,0.616660,0.639670,0.919221,0.919221,0.919221,0.919221
29.520056,0.633534,0.605923,0.616660,0.639670,0.961911,0.961911,0.961911,0.961911
29.530058,0.779262,0.751651,0.763923,0.780796,0.995769,0.995769,0.995769,0.995769
29.540056,0.779262,0.751651,0.763923,0.780796,1.020450,1.020450,1.020450,1.020450
29.550058,0.892777,0.871301,0.883573,0.898913,1.035745,1.035745,1.035745,1.035745
29.560055,0.892777,0.871301,0.883573,0.898913,1.041499,1.041499,1.041499,1.041499
29.570057,0.971010,0.960272,0.975612,0.981748,1.037663,1.037663,1.037663,1.037663
29.580055,0.971010,0.960272,0.975612,0.981748,1.024270,1.024270,1.024270,1.024270
29.590057,1.017029,1.006292,1.018563,1.026233,1.001429,1.001429,1.001429,1.001429
29.600054,1.017029,1.006292,1.018563,1.026233,0.969369,0.969369,0.969369,0.969369
29.610058,1.026233,1.012427,1.024699,1.030835,0.928343,0.928343,0.928343,0.928343
29.620058,1.026233,1.012427,1.024699,1.030835,0.878770,0.878770,0.878770,0.878770
29.630060,1.017029,1.003224,1.015495,1.015495,0.821078,0.821078,0.821078,0.821078
29.640062,1.017029,1.003224,1.015495,1.015495,0.755802,0.755802,0.755802,0.755802
29.650064,0.960272,0.948000,0.958738,0.952602,0.683556,0.683556,0.683556,0.683556
29.660057,0.960272,0.948000,0.958738,0.952602,0.605061,0.605061,0.605061,0.605061
29.670063,0.859029,0.851359,0.857495,0.849826,0.520888,0.520888,0.520888,0.520888
29.680059,0.859029,0.851359,0.857495,0.849826,0.431981,0.431981,0.431981,0.431981
29.690065,0.724039,0.720971,0.722505,0.713301,0.339030,0.339030,0.339030,0.339030
29.700060,0.724039,0.720971,0.722505,0.713301,0.243049,0.243049,0.243049,0.243049
29.710064,0.569107,0.562971,0.566039,0.553767,0.144749,0.144749,0.144749,0.144749
29.720058,0.569107,0.562971,0.566039,0.553767,0.045234,0.045234,0.045234,0.045234
29.730064,0.389631,0.380427,0.386563,0.381961,-0.054779,-0.054779,-0.054779,-0.054779
29.740051,0.389631,0.380427,0.386563,0.381961,-0.154065,-0.154065,-0.154065,-0.154065
29.750065,0.197884,0.191748,0.188680,0.182544,-0.252149,-0.252149,-0.252149,-0.252149
29.760057,0.197884,0.191748,0.188680,0.182544,-0.347646,-0.347646,-0.347646,-0.347646
29.770063,-0.003068,-0.010738,-0.009204,-0.021476,-0.439984,-0.439984,-0.439984,-0.439984
29.780058,-0.003068,-0.010738,-0.009204,-0.021476,-0.528086,-0.528086,-0.528086,-0.528086
29.790062,-0.202485,-0.220893,-0.208621,-0.231631,-0.611319,-0.611319,-0.611319,-0.611319
29.800058,-0.202485,-0.220893,-0.208621,-0.231631,-0.688739,-0.688739,-0.688739,-0.688739
29.810064,-0.395767,-0.409573,-0.400369,-0.420311,-0.759757,-0.759757,-0.759757,-0.759757
29.820059,-0.395767,-0.409573,-0.400369,-0.420311,-0.823578,-0.823578,-0.823578,-0.823578
29.830063,-0.575243,-0.578311,-0.581379,-0.592117,-0.879707,-0.879707,-0.879707,-0.879707
29.840057,-0.575243,-0.578311,-0.581379,-0.592117,-0.927534,-0.927534,-0.927534,-0.927534
29.850061,-0.731709,-0.731709,-0.734777,-0.742447,-0.966686,-0.966686,-0.966686,-0.966686
29.860062,-0.731709,-0.731709,-0.734777,-0.742447,-0.996737,-0.996737,-0.996737,-0.996737
29.870060,-0.855961,-0.851359,-0.857495,-0.863631,-1.017416,-1.017416,-1.017416,-1.017416
29.880060,-0.855961,-0.851359,-0.857495,-0.863631,-1.028532,-1.028532,-1.028532,-1.028532
29.890064,-0.948000,-0.937262,-0.946466,-0.952602,-1.029972,-1.029972,-1.029972,-1.029972
29.900061,-0.948000,-0.937262,-0.946466,-0.952602,-1.021722,-1.021722,-1.021722,-1.021722
29.910063,-0.948000,-0.937262,-0.946466,-0.952602,-1.003851,-1.003851,-1.003851,-1.003851
29.920061,-1.003224,-0.984816,-0.994020,-1.006292,-0.976536,-0.976536,-0.976536,-0.976536
29.930063,-1.017029,-1.004758,-1.010893,-1.023165,-0.940018,-0.940018,-0.940018,-0.940018
29.940054,-1.017029,-1.004758,-1.010893,-1.023165,-0.894692,-0.894692,-0.894692,-0.894692
29.950058,-1.015495,-1.003224,-1.009359,-1.021631,-0.840872,-0.840872,-0.840872,-0.840872
29.960056,-1.015495,-1.003224,-1.009359,-1.021631,-0.779161,-0.779161,-0.779161,-0.779161
29.970057,-1.015495,-1.003224,-1.009359,-1.021631,-0.710086,-0.710086,-0.710086,-0.710086
29.980053,-0.969476,-0.967942,-0.972544,-0.981748,-0.634357,-0.634357,-0.634357,-0.634357
29.990059,-0.878971,-0.886641,-0.886641,-0.889709,-0.552583,-0.552583,-0.552583,-0.552583
30.000057,-0.878971,-0.886641,-0.886641,-0.889709,-0.465647,-0.465647,-0.465647,-0.465647
30.010065,-0.747049,-0.756253,-0.756253,-0.753185,-0.374256,-0.374256,-0.374256,-0.374256
30.020035,-0.747049,-0.756253,-0.756253,-0.753185,-0.279688,-0.279688,-0.279688,-0.279688
30.030062,-0.585981,-0.599787,-0.598253,-0.596719,-0.181961,-0.181961,-0.181961,-0.181961
30.040064,-0.585981,-0.599787,-0.598253,-0.596719,-0.082782,-0.082782,-0.082782,-0.082782
30.050060,-0.585981,-0.599787,-0.598253,-0.596719,0.017112,0.017112,0.017112,0.017112
30.060061,-0.411107,-0.420311,-0.424913,-0.421845,0.116828,0.116828,0.116828,0.116828
30.070063,-0.230097,-0.245437,-0.236233,-0.234699,0.215430,0.215430,0.215430,0.215430
30.080059,-0.230097,-0.245437,-0.236233,-0.234699,0.311900,0.311900,0.311900,0.311900
30.090061,-0.036816,-0.049087,-0.039884,-0.024544,0.405414,0.405414,0.405414,0.405414
30.100060,-0.036816,-0.049087,-0.039884,-0.024544,0.495011,0.495011,0.495011,0.495011
30.110060,0.162602,0.167204,0.171806,0.176408,0.579863,0.579863,0.579863,0.579863
30.120060,0.162602,0.167204,0.171806,0.176408,0.659157,0.659157,0.659157,0.659157
30.130064,0.355884,0.343612,0.365087,0.371223,0.732149,0.732149,0.732149,0.732149
30.140057,0.355884,0.343612,0.365087,0.371223,0.798066,0.798066,0.798066,0.798066
30.150063,0.536893,0.527689,0.538427,0.550699,0.856394,0.856394,0.856394,0.856394
30.160059,0.536893,0.527689,0.538427,0.550699,0.906464,0.906464,0.906464,0.906464
30.170057,0.691825,0.681088,0.691825,0.704097,0.947854,0.947854,0.947854,0.947854
30.180061,0.691825,0.681088,0.691825,0.704097,0.980170,0.980170,0.980170,0.980170
30.190058,0.822214,0.809942,0.822214,0.832952,1.003058,1.003058,1.003058,1.003058
30.200047,0.822214,0.809942,0.822214,0.832952,1.016318,1.016318,1.016318,1.016318
30.210058,0.923457,0.909651,0.921923,0.931126,1.019837,1.019837,1.019837,1.019837
30.220057,0.923457,0.909651,0.921923,0.931126,1.013553,1.013553,1.013553,1.013553
30.230057,0.983282,0.972544,0.984816,0.990952,0.997526,0.997526,0.997526,0.997526
30.240061,0.983282,0.972544,0.984816,0.990952,0.971905,0.971905,0.971905,0.971905
30.250057,0.983282,0.972544,0.984816,0.990952,0.936956,0.936956,0.936956,0.936956
30.260056,1.004758,0.992486,1.003224,1.010893,0.893002,0.893002,0.893002,0.893002
30.270058,1.003224,0.989418,1.001690,1.006292,0.840435,0.840435,0.840435,0.840435
30.280056,1.003224,0.989418,1.001690,1.006292,0.779802,0.779802,0.779802,0.779802
30.290054,0.964874,0.949534,0.961806,0.963340,0.711661,0.711661,0.711661,0.711661
30.300056,0.964874,0.949534,0.961806,0.963340,0.636660,0.636660,0.636660,0.636660
30.310057,0.877437,0.863631,0.874369,0.877437,0.555536,0.555536,0.555536,0.555536
30.320053,0.877437,0.863631,0.874369,0.877437,0.469107,0.469107,0.469107,0.469107
30.330063,0.751651,0.740913,0.750117,0.748583,0.378034,0.378034,0.378034,0.378034
30.340057,0.751651,0.740913,0.750117,0.748583,0.283484,0.283484,0.283484,0.283484
30.350061,0.601321,0.587515,0.602855,0.596719,0.186124,0.186124,0.186124,0.186124
30.360056,0.601321,0.587515,0.602855,0.596719,0.087082,0.087082,0.087082,0.087082
30.370064,0.429515,0.409573,0.426447,0.420311,-0.012903,-0.012903,-0.012903,-0.012903
30.380062,0.429515,0.409573,0.426447,0.420311,-0.112621,-0.112621,-0.112621,-0.112621
30.390060,0.240835,0.217825,0.231631,0.225495,-0.211235,-0.211235,-0.211235,-0.211235
30.400061,0.240835,0.217825,0.231631,0.225495,-0.307769,-0.307769,-0.307769,-0.307769
30.410061,0.035282,0.024544,0.030680,0.023010,-0.401287,-0.401287,-0.401287,-0.401287
30.420061,0.035282,0.024544,0.030680,0.023010,-0.490877,-0.490877,-0.490877,-0.490877
30.430061,-0.164136,-0.188680,-0.174874,-0.184078,-0.575651,-0.575651,-0.575651,-0.575651
30.440058,-0.164136,-0.188680,-0.174874,-0.184078,-0.654771,-0.654771,-0.654771,-0.654771
30.450060,-0.355884,-0.378893,-0.365087,-0.375825,-0.727521,-0.727521,-0.727521,-0.727521
30.460024,-0.355884,-0.378893,-0.365087,-0.375825,-0.792909,-0.792909,-0.792909,-0.792909
30.470062,-0.355884,-0.378893,-0.365087,-0.375825,-0.850999,-0.850999,-0.850999,-0.850999
30.480061,-0.535359,-0.553767,-0.539961,-0.562971,-0.900522,-0.900522,-0.900522,-0.900522
30.490065,-0.696427,-0.707165,-0.693359,-0.722505,-0.941249,-0.941249,-0.941249,-0.941249
30.500050,-0.696427,-0.707165,-0.693359,-0.722505,-0.972702,-0.972702,-0.972702,-0.972702
30.510059,-0.825282,-0.829884,-0.822214,-0.845224,-0.994698,-0.994698,-0.994698,-0.994698
30.520033,-0.825282,-0.829884,-0.822214,-0.845224,-1.006905,-1.006905,-1.006905,-1.006905
30.530054,-0.921923,-0.915787,-0.918855,-0.932660,-1.009285,-1.009285,-1.009285,-1.009285
30.540054,-0.921923,-0.915787,-0.918855,-0.932660,-1.001754,-1.001754,-1.001754,-1.001754
30.550058,-0.983282,-0.966408,-0.969476,-0.984816,-0.984394,-0.984394,-0.984394,-0.984394
30.560055,-0.983282,-0.966408,-0.969476,-0.984816,-0.957389,-0.957389,-0.957389,-0.957389
30.570059,-0.997088,-0.981748,-0.986350,-1.001690,-0.920974,-0.920974,-0.920974,-0.920974
30.580053,-0.997088,-0.981748,-0.986350,-1.001690,-0.875549,-0.875549,-0.875549,-0.875549
30.590057,-0.995554,-0.980214,-0.986350,-1.000156,-0.821493,-0.821493,-0.821493,-0.821493
30.600054,-0.995554,-0.980214,-0.986350,-1.000156,-0.759408,-0.759408,-0.759408,-0.759408
30.610058,-0.951068,-0.948000,-0.952602,-0.961806,-0.689823,-0.689823,-0.689823,-0.689823
30.620064,-0.951068,-0.948000,-0.952602,-0.961806,-0.613443,-0.613443,-0.613443,-0.613443
30.630056,-0.857495,-0.860563,-0.863631,-0.868233,-0.531137,-0.531137,-0.531137,-0.531137
30.640055,-0.857495,-0.860563,-0.863631,-0.868233,-0.443570,-0.443570,-0.443570,-0.443570
30.650059,-0.857495,-0.860563,-0.863631,-0.868233,-0.351617,-0.351617,-0.351617,-0.351617
30.660055,-0.727107,-0.730175,-0.728641,-0.731709,-0.256279,-0.256279,-0.256279,-0.256279
30.670059,-0.572175,-0.572175,-0.569107,-0.575243,-0.158381,-0.158381,-0.158381,-0.158381
30.680056,-0.572175,-0.572175,-0.569107,-0.575243,-0.059004,-0.059004,-0.059004,-0.059004
30.690056,-0.572175,-0.572175,-0.569107,-0.575243,0.040962,0.040962,0.040962,0.040962
30.700062,-0.401903,-0.398835,-0.394233,-0.401903,0.140524,0.140524,0.140524,0.140524
30.710056,-0.211689,-0.214757,-0.204019,-0.210155,0.238577,0.238577,0.238577,0.238577
30.720057,-0.211689,-0.214757,-0.204019,-0.210155,0.334279,0.334279,0.334279,0.334279
30.730057,-0.012272,-0.010738,-0.004602,0.001534,0.426633,0.426633,0.426633,0.426633
30.740055,-0.012272,-0.010738,-0.004602,0.001534,0.514710,0.514710,0.514710,0.514710
30.750059,0.187146,0.191748,0.194816,0.202485,0.597686,0.597686,0.597686,0.597686
30.760056,0.187146,0.191748,0.194816,0.202485,0.674646,0.674646,0.674646,0.674646
30.770063,0.374291,0.375825,0.385029,0.392699,0.744948,0.744948,0.744948,0.744948
30.780054,0.374291,0.375825,0.385029,0.392699,0.807706,0.807706,0.807706,0.807706
30.790064,0.552233,0.546097,0.556835,0.567573,0.862503,0.862503,0.862503,0.862503
30.800058,0.552233,0.546097,0.556835,0.567573,0.908610,0.908610,0.908610,0.908610
30.810061,0.707165,0.693359,0.705631,0.716369,0.945684,0.945684,0.945684,0.945684
30.820061,0.707165,0.693359,0.705631,0.716369,0.973295,0.973295,0.973295,0.973295
30.830065,0.831418,0.819146,0.828350,0.839088,0.991190,0.991190,0.991190,0.991190
30.840063,0.831418,0.819146,0.828350,0.839088,0.999079,0.999079,0.999079,0.999079
30.850061,0.921923,0.909651,0.920389,0.931126,0.996969,0.996969,0.996969,0.996969
30.860064,0.921923,0.909651,0.920389,0.931126,0.984857,0.984857,0.984857,0.984857
30.870062,0.972544,0.963340,0.974078,0.981748,0.962752,0.962752,0.962752,0.962752
30.880047,0.972544,0.963340,0.974078,0.981748,0.930700,0.930700,0.930700,0.930700
30.890060,0.984816,0.972544,0.983282,0.989418,0.889407,0.889407,0.889407,0.889407
30.900063,0.984816,0.972544,0.983282,0.989418,0.839501,0.839501,0.839501,0.839501
30.910063,0.977146,0.961806,0.975612,0.978680,0.781225,0.781225,0.781225,0.781225
30.920059,0.977146,0.961806,0.975612,0.978680,0.715189,0.715189,0.715189,0.715189
30.930063,0.923457,0.906583,0.918855,0.920389,0.641982,0.641982,0.641982,0.641982
30.940063,0.923457,0.906583,0.918855,0.920389,0.562417,0.562417,0.562417,0.562417
30.950060,0.822214,0.808408,0.817612,0.817612,0.477298,0.477298,0.477298,0.477298
30.960056,0.822214,0.808408,0.817612,0.817612,0.387472,0.387472,0.387472,0.387472
30.970062,0.684156,0.673418,0.688757,0.682622,0.293746,0.293746,0.293746,0.293746
30.980053,0.684156,0.673418,0.688757,0.682622,0.197267,0.197267,0.197267,0.197267
30.990063,0.527689,0.510816,0.535359,0.523088,0.098734,0.098734,0.098734,0.098734
31.000057,0.527689,0.510816,0.535359,0.523088,-0.000577,-0.000577,-0.000577,-0.000577
31.010056,0.345146,0.325204,0.349748,0.337476,-0.099816,-0.099816,-0.099816,-0.099816
31.020054,0.345146,0.325204,0.349748,0.337476,-0.197945,-0.197945,-0.197945,-0.197945
31.030056,0.153398,0.134990,0.139592,0.136524,-0.294033,-0.294033,-0.294033,-0.294033
31.040054,0.153398,0.134990,0.139592,0.136524,-0.387006,-0.387006,-0.387006,-0.387006
31.050055,-0.049087,-0.075165,-0.059825,-0.072097,-0.476010,-0.476010,-0.476010,-0.476010
31.060053,-0.049087,-0.075165,-0.059825,-0.072097,-0.560080,-0.560080,-0.560080,-0.560080
31.070055,-0.248505,-0.274583,-0.257709,-0.273049,-0.638435,-0.638435,-0.638435,-0.638435
31.080053,-0.248505,-0.274583,-0.257709,-0.273049,-0.710221,-0.710221,-0.710221,-0.710221
31.090055,-0.444854,-0.455592,-0.443321,-0.454058,-0.774751,-0.774751,-0.774751,-0.774751
31.100039,-0.444854,-0.455592,-0.443321,-0.454058,-0.831264,-0.831264,-0.831264,-0.831264
31.110056,-0.444854,-0.455592,-0.443321,-0.454058,-0.879459,-0.879459,-0.879459,-0.879459
31.120052,-0.613592,-0.618194,-0.608990,-0.619728,-0.918564,-0.918564,-0.918564,-0.918564
31.130054,-0.751651,-0.754719,-0.750117,-0.759321,-0.948310,-0.948310,-0.948310,-0.948310
31.140057,-0.751651,-0.754719,-0.750117,-0.759321,-0.968376,-0.968376,-0.968376,-0.968376
31.150055,-0.857495,-0.859029,-0.860563,-0.866699,-0.978559,-0.978559,-0.978559,-0.978559
31.160055,-0.857495,-0.859029,-0.860563,-0.866699,-0.978765,-0.978765,-0.978765,-0.978765
31.170055,-0.932660,-0.924991,-0.931126,-0.935728,-0.968993,-0.968993,-0.968993,-0.968993
31.180056,-0.932660,-0.924991,-0.931126,-0.935728,-0.949343,-0.949343,-0.949343,-0.949343
31.190056,-0.967942,-0.951068,-0.955670,-0.967942,-0.920027,-0.920027,-0.920027,-0.920027
31.200054,-0.967942,-0.951068,-0.955670,-0.967942,-0.881342,-0.881342,-0.881342,-0.881342
31.210056,-0.969476,-0.951068,-0.954136,-0.969476,-0.833671,-0.833671,-0.833671,-0.833671
31.220055,-0.969476,-0.951068,-0.954136,-0.969476,-0.777535,-0.777535,-0.777535,-0.777535
31.230055,-0.941864,-0.935728,-0.940330,-0.951068,-0.713497,-0.713497,-0.713497,-0.713497
31.240046,-0.941864,-0.935728,-0.940330,-0.951068,-0.642273,-0.642273,-0.642273,-0.642273
31.250063,-0.941864,-0.935728,-0.940330,-0.951068,-0.564332,-0.564332,-0.564332,-0.564332
31.260061,-0.866699,-0.871301,-0.871301,-0.877437,-0.480828,-0.480828,-0.480828,-0.480828
31.270060,-0.866699,-0.871301,-0.871301,-0.877437,-0.392468,-0.392468,-0.392468,-0.392468
31.280060,-0.751651,-0.754719,-0.751651,-0.756253,-0.300150,-0.300150,-0.300150,-0.300150
31.290062,-0.751651,-0.754719,-0.751651,-0.756253,-0.204810,-0.204810,-0.204810,-0.204810
31.300062,-0.607457,-0.604389,-0.599787,-0.608990,-0.107485,-0.107485,-0.107485,-0.107485
31.310059,-0.607457,-0.604389,-0.599787,-0.608990,-0.009159,-0.009159,-0.009159,-0.009159
31.320055,-0.440253,-0.435651,-0.431049,-0.438719,0.089149,0.089149,0.089149,0.089149
31.330057,-0.256175,-0.257709,-0.248505,-0.254641,0.186522,0.186522,0.186522,0.186522
31.340055,-0.256175,-0.257709,-0.248505,-0.254641,0.281834,0.281834,0.281834,0.281834
31.350061,-0.058291,-0.070563,-0.053689,-0.047553,0.374214,0.374214,0.374214,0.374214
31.360062,-0.058291,-0.070563,-0.053689,-0.047553,0.462610,0.462610,0.462610,0.462610
31.370062,-0.058291,-0.070563,-0.053689,-0.047553,0.546140,0.546140,0.546140,0.546140
31.380056,0.138058,0.136524,0.142660,0.158000,0.623907,0.623907,0.623907,0.623907
31.390060,0.326738,0.320602,0.331340,0.352816,0.695232,0.695232,0.695232,0.695232
31.400055,0.326738,0.320602,0.331340,0.352816,0.759247,0.759247,0.759247,0.759247
31.410059,0.501612,0.493942,0.506214,0.521554,0.815393,0.815393,0.815393,0.815393
31.420057,0.501612,0.493942,0.506214,0.521554,0.863016,0.863016,0.863016,0.863016
31.430029,0.655010,0.647340,0.656544,0.674952,0.901565,0.901565,0.901565,0.901565
31.440044,0.655010,0.647340,0.656544,0.674952,0.930895,0.930895,0.930895,0.930895
31.450060,0.655010,0.647340,0.656544,0.674952,0.950514,0.950514,0.950514,0.950514
31.460058,0.782330,0.771592,0.776194,0.786932,0.960207,0.960207,0.960207,0.960207
31.470064,0.875903,0.862097,0.868233,0.883573,0.959920,0.959920,0.959920,0.959920
31.480062,0.875903,0.862097,0.868233,0.883573,0.949658,0.949658,0.949658,0.949658
31.490063,0.932660,0.920389,0.929592,0.940330,0.929528,0.929528,0.929528,0.929528
31.500053,0.932660,0.920389,0.929592,0.940330,0.899782,0.899782,0.899782,0.899782
31.510057,0.946466,0.935728,0.944932,0.952602,0.860651,0.860651,0.860651,0.860651
31.520056,0.946466,0.935728,0.944932,0.952602,0.812611,0.812611,0.812611,0.812611
31.530058,0.941864,0.928059,0.940330,0.941864,0.756128,0.756128,0.756128,0.756128
31.540058,0.941864,0.928059,0.940330,0.941864,0.691817,0.691817,0.691817,0.691817
31.550058,0.892777,0.878971,0.891243,0.889709,0.620344,0.620344,0.620344,0.620344
31.560057,0.892777,0.878971,0.891243,0.889709,0.542486,0.542486,0.542486,0.542486
31.570057,0.794602,0.785398,0.794602,0.793068,0.459002,0.459002,0.459002,0.459002
31.580059,0.794602,0.785398,0.794602,0.793068,0.370781,0.370781,0.370781,0.370781
31.590059,0.662680,0.651942,0.662680,0.658078,0.278788,0.278788,0.278788,0.278788
31.600056,0.662680,0.651942,0.662680,0.658078,0.183988,0.183988,0.183988,0.183988
31.610062,0.662680,0.651942,0.662680,0.658078,0.087259,0.087259,0.087259,0.087259
31.620060,0.498544,0.490874,0.506214,0.501612,-0.010220,-0.010220,-0.010220,-0.010220
31.630064,0.317534,0.308330,0.325204,0.320602,-0.107551,-0.107551,-0.107551,-0.107551
31.640066,0.317534,0.308330,0.325204,0.320602,-0.203651,-0.203651,-0.203651,-0.203651
31.650063,0.317534,0.308330,0.325204,0.320602,-0.297483,-0.297483,-0.297483,-0.297483
31.660061,0.130388,0.119651,0.130388,0.124252,-0.388109,-0.388109,-0.388109,-0.388109
31.670061,-0.058291,-0.085903,-0.062893,-0.079767,-0.474597,-0.474597,-0.474597,-0.474597
31.680059,-0.058291,-0.085903,-0.062893,-0.079767,-0.555984,-0.555984,-0.555984,-0.555984
31.690063,-0.248505,-0.274583,-0.257709,-0.274583,-0.631492,-0.631492,-0.631492,-0.631492
31.700060,-0.248505,-0.274583,-0.257709,-0.274583,-0.700226,-0.700226,-0.700226,-0.700226
31.710056,-0.432583,-0.452524,-0.438719,-0.454058,-0.761524,-0.761524,-0.761524,-0.761524
31.720053,-0.432583,-0.452524,-0.438719,-0.454058,-0.814742,-0.814742,-0.814742,-0.814742
31.730057,-0.598253,-0.612058,-0.602855,-0.613592,-0.859351,-0.859351,-0.859351,-0.859351
31.740059,-0.598253,-0.612058,-0.602855,-0.613592,-0.894828,-0.894828,-0.894828,-0.894828
31.750059,-0.736311,-0.739379,-0.739379,-0.748583,-0.920808,-0.920808,-0.920808,-0.920808
31.760057,-0.736311,-0.739379,-0.739379,-0.748583,-0.937032,-0.937032,-0.937032,-0.937032
31.770025,-0.840622,-0.836020,-0.843690,-0.848292,-0.943327,-0.943327,-0.943327,-0.943327
31.780062,-0.840622,-0.836020,-0.843690,-0.848292,-0.939636,-0.939636,-0.939636,-0.939636
31.790062,-0.908117,-0.898913,-0.905049,-0.911185,-0.925992,-0.925992,-0.925992,-0.925992
31.800062,-0.908117,-0.898913,-0.905049,-0.911185,-0.902550,-0.902550,-0.902550,-0.902550
31.810062,-0.934194,-0.918855,-0.924991,-0.932660,-0.869556,-0.869556,-0.869556,-0.869556
31.820057,-0.934194,-0.918855,-0.924991,-0.932660,-0.827388,-0.827388,-0.827388,-0.827388
31.830063,-0.932660,-0.917321,-0.923457,-0.931126,-0.776429,-0.776429,-0.776429,-0.776429
31.840061,-0.932660,-0.917321,-0.923457,-0.931126,-0.717300,-0.717300,-0.717300,-0.717300
31.850061,-0.932660,-0.917321,-0.923457,-0.931126,-0.650584,-0.650584,-0.650584,-0.650584
31.860056,-0.894311,-0.897379,-0.895845,-0.901981,-0.577059,-0.577059,-0.577059,-0.577059
31.870060,-0.811476,-0.820680,-0.814544,-0.819146,-0.497396,-0.497396,-0.497396,-0.497396
31.880054,-0.811476,-0.820680,-0.814544,-0.819146,-0.412574,-0.412574,-0.412574,-0.412574
31.890062,-0.688757,-0.696427,-0.687223,-0.694893,-0.323324,-0.323324,-0.323324,-0.323324
31.900063,-0.688757,-0.696427,-0.687223,-0.694893,-0.230772,-0.230772,-0.230772,-0.230772
31.910061,-0.688757,-0.696427,-0.687223,-0.694893,-0.135877,-0.135877,-0.135877,-0.135877
31.920059,-0.538427,-0.544563,-0.535359,-0.543029,-0.039605,-0.039605,-0.039605,-0.039605
31.930065,-0.371223,-0.380427,-0.371223,-0.372757,0.057085,0.057085,0.057085,0.057085
31.940060,-0.371223,-0.380427,-0.371223,-0.372757,0.152953,0.152953,0.152953,0.152953
31.950058,-0.187146,-0.202485,-0.191748,-0.187146,0.247154,0.247154,0.247154,0.247154
31.960058,-0.187146,-0.202485,-0.191748,-0.187146,0.338624,0.338624,0.338624,0.338624
31.970057,-0.187146,-0.202485,-0.191748,-0.187146,0.426379,0.426379,0.426379,0.426379
31.980055,0.003068,-0.001534,0.001534,0.015340,0.509469,0.509469,0.509469,0.509469
31.990055,0.196350,0.187146,0.194816,0.210155,0.587059,0.587059,0.587059,0.587059
32.000053,0.196350,0.187146,0.194816,0.210155,0.658260,0.658260,0.658260,0.658260
32.010056,0.378893,0.366621,0.375825,0.394233,0.722358,0.722358,0.722358,0.722358
32.020058,0.378893,0.366621,0.375825,0.394233,0.778639,0.778639,0.778639,0.778639
32.030056,0.546097,0.529223,0.541495,0.559903,0.826471,0.826471,0.826471,0.826471
32.040054,0.546097,0.529223,0.541495,0.559903,0.865379,0.865379,0.865379,0.865379
32.050056,0.687223,0.668816,0.688757,0.697961,0.894950,0.894950,0.894950,0.894950
32.060055,0.687223,0.668816,0.688757,0.697961,0.914858,0.914858,0.914858,0.914858
32.070057,0.797670,0.780796,0.796136,0.802272,0.924892,0.924892,0.924892,0.924892
32.080055,0.797670,0.780796,0.796136,0.802272,0.924947,0.924947,0.924947,0.924947
32.090023,0.874369,0.857495,0.869767,0.880505,0.915074,0.915074,0.915074,0.915074
32.100067,0.874369,0.857495,0.869767,0.880505,0.895215,0.895215,0.895215,0.895215
32.110062,0.874369,0.857495,0.869767,0.880505,0.865782,0.865782,0.865782,0.865782
32.120060,0.911185,0.894311,0.908117,0.918855,0.827014,0.827014,0.827014,0.827014
32.130062,0.912719,0.897379,0.909651,0.918855,0.779327,0.779327,0.779327,0.779327
32.140060,0.912719,0.897379,0.909651,0.918855,0.723289,0.723289,0.723289,0.723289
32.150066,0.886641,0.875903,0.886641,0.889709,0.659408,0.659408,0.659408,0.659408
32.160061,0.886641,0.875903,0.886641,0.889709,0.588510,0.588510,0.588510,0.588510
32.170059,0.813010,0.809942,0.816078,0.816078,0.511283,0.511283,0.511283,0.511283
32.180061,0.813010,0.809942,0.816078,0.816078,0.428547,0.428547,0.428547,0.428547
32.190063,0.699495,0.696427,0.702563,0.701029,0.341242,0.341242,0.341242,0.341242
32.200062,0.699495,0.696427,0.702563,0.701029,0.250335,0.250335,0.250335,0.250335
32.210033,0.558369,0.549165,0.558369,0.552233,0.157042,0.157042,0.157042,0.157042
32.220055,0.558369,0.549165,0.558369,0.552233,0.061676,0.061676,0.061676,0.061676
32.230057,0.391165,0.377359,0.388097,0.375825,-0.034110,-0.034110,-0.034110,-0.034110
32.240055,0.391165,0.377359,0.388097,0.375825,-0.129378,-0.129378,-0.129378,-0.129378
32.250057,0.208621,0.196350,0.199418,0.179476,-0.223198,-0.223198,-0.223198,-0.223198
32.260056,0.208621,0.196350,0.199418,0.179476,-0.314490,-0.314490,-0.314490,-0.314490
32.270058,0.015340,0.010738,0.007670,-0.010738,-0.402278,-0.402278,-0.402278,-0.402278
32.280056,0.015340,0.010738,0.007670,-0.010738,-0.485588,-0.485588,-0.485588,-0.485588
32.290058,-0.174874,-0.191748,-0.184078,-0.211689,-0.563517,-0.563517,-0.563517,-0.563517
32.300056,-0.174874,-0.191748,-0.184078,-0.211689,-0.635213,-0.635213,-0.635213,-0.635213
32.310059,-0.360486,-0.372757,-0.368155,-0.381961,-0.699929,-0.699929,-0.699929,-0.699929
32.320053,-0.360486,-0.372757,-0.368155,-0.381961,-0.756896,-0.756896,-0.756896,-0.756896
32.330059,-0.527689,-0.536893,-0.535359,-0.544563,-0.805575,-0.805575,-0.805575,-0.805575
32.340034,-0.527689,-0.536893,-0.535359,-0.544563,-0.845282,-0.845282,-0.845282,-0.845282
32.350056,-0.673418,-0.676486,-0.676486,-0.684156,-0.875848,-0.875848,-0.875848,-0.875848
32.360050,-0.673418,-0.676486,-0.676486,-0.684156,-0.896702,-0.896702,-0.896702,-0.896702
32.370056,-0.783864,-0.785398,-0.785398,-0.794602,-0.907718,-0.907718,-0.907718,-0.907718
32.380058,-0.783864,-0.785398,-0.785398,-0.794602,-0.908756,-0.908756,-0.908756,-0.908756
32.390060,-0.860563,-0.857495,-0.862097,-0.868233,-0.899804,-0.899804,-0.899804,-0.899804
32.400055,-0.860563,-0.857495,-0.862097,-0.868233,-0.880987,-0.880987,-0.880987,-0.880987
32.410053,-0.860563,-0.857495,-0.862097,-0.868233,-0.852503,-0.852503,-0.852503,-0.852503
32.420052,-0.898913,-0.888175,-0.892777,-0.900447,-0.814662,-0.814662,-0.814662,-0.814662
32.430058,-0.900447,-0.888175,-0.892777,-0.900447,-0.767867,-0.767867,-0.767867,-0.767867
32.440052,-0.900447,-0.888175,-0.892777,-0.900447,-0.712686,-0.712686,-0.712686,-0.712686
32.450058,-0.874369,-0.874369,-0.877437,-0.880505,-0.649663,-0.649663,-0.649663,-0.649663
32.460052,-0.874369,-0.874369,-0.877437,-0.880505,-0.579577,-0.579577,-0.579577,-0.579577
32.470055,-0.799204,-0.809942,-0.808408,-0.808408,-0.503119,-0.503119,-0.503119,-0.503119
32.480057,-0.799204,-0.809942,-0.808408,-0.808408,-0.421202,-0.421202,-0.421202,-0.421202
32.490055,-0.687223,-0.696427,-0.693359,-0.693359,-0.334681,-0.334681,-0.334681,-0.334681
32.500053,-0.687223,-0.696427,-0.693359,-0.693359,-0.244583,-0.244583,-0.244583,-0.244583
32.510056,-0.687223,-0.696427,-0.693359,-0.693359,-0.151790,-0.151790,-0.151790,-0.151790
32.520058,-0.543029,-0.550699,-0.547631,-0.549165,-0.057437,-0.057437,-0.057437,-0.057437
32.530056,-0.378893,-0.388097,-0.383495,-0.381961,0.037447,0.037447,0.037447,0.037447
32.540054,-0.378893,-0.388097,-0.383495,-0.381961,0.131859,0.131859,0.131859,0.131859
32.550056,-0.199418,-0.213223,-0.194816,-0.202485,0.224705,0.224705,0.224705,0.224705
32.560055,-0.199418,-0.213223,-0.194816,-0.202485,0.314999,0.314999,0.314999,0.314999
32.570057,-0.199418,-0.213223,-0.194816,-0.202485,0.401710,0.401710,0.401710,0.401710
32.580055,-0.009204,-0.021476,-0.006136,0.000000,0.483853,0.483853,0.483853,0.483853
32.590054,-0.009204,-0.021476,-0.006136,0.000000,0.560564,0.560564,0.560564,0.560564
32.600052,0.176408,0.170272,0.181010,0.187146,0.630969,0.630969,0.630969,0.630969
32.610054,0.354350,0.343612,0.362020,0.368155,0.694301,0.694301,0.694301,0.694301
32.620060,0.354350,0.343612,0.362020,0.368155,0.749880,0.749880,0.749880,0.749880
32.630066,0.518486,0.503146,0.524621,0.532291,0.797025,0.797025,0.797025,0.797025
32.640064,0.518486,0.503146,0.524621,0.532291,0.835221,0.835221,0.835221,0.835221
32.650063,0.518486,0.503146,0.524621,0.532291,0.864075,0.864075,0.864075,0.864075
32.660061,0.665748,0.641204,0.661146,0.670350,0.883255,0.883255,0.883255,0.883255
32.670063,0.774660,0.750117,0.766990,0.774660,0.892565,0.892565,0.892565,0.892565
32.680058,0.774660,0.750117,0.766990,0.774660,0.891892,0.891892,0.891892,0.891892
32.690063,0.845224,0.826816,0.837554,0.849826,0.881241,0.881241,0.881241,0.881241
32.700058,0.845224,0.826816,0.837554,0.849826,0.860755,0.860755,0.860755,0.860755
32.710064,0.877437,0.860563,0.872835,0.886641,0.830634,0.830634,0.830634,0.830634
32.720058,0.877437,0.860563,0.872835,0.886641,0.791259,0.791259,0.791259,0.791259
32.730064,0.877437,0.862097,0.875903,0.888175,0.743021,0.743021,0.743021,0.743021
32.740059,0.877437,0.862097,0.875903,0.888175,0.686531,0.686531,0.686531,0.686531
32.750061,0.854427,0.842156,0.854427,0.859029,0.622356,0.622356,0.622356,0.622356
32.760059,0.854427,0.842156,0.854427,0.859029,0.551278,0.551278,0.551278,0.551278
32.770065,0.777728,0.773126,0.780796,0.779262,0.474025,0.474025,0.474025,0.474025
32.780060,0.777728,0.773126,0.780796,0.779262,0.391577,0.391577,0.391577,0.391577
32.790058,0.662680,0.659612,0.665748,0.661146,0.304779,0.304779,0.304779,0.304779
32.800076,0.662680,0.659612,0.665748,0.661146,0.214471,0.214471,0.214471,0.214471
32.810059,0.523088,0.510816,0.520020,0.515418,0.122126,0.122126,0.122126,0.122126
32.820057,0.523088,0.510816,0.520020,0.515418,0.028349,0.028349,0.028349,0.028349
32.830059,0.352816,0.343612,0.348214,0.346680,-0.065702,-0.065702,-0.065702,-0.065702
32.840057,0.352816,0.343612,0.348214,0.346680,-0.158875,-0.158875,-0.158875,-0.158875
32.850056,0.171806,0.164136,0.165670,0.159534,-0.250217,-0.250217,-0.250217,-0.250217
32.860054,0.171806,0.164136,0.165670,0.159534,-0.338627,-0.338627,-0.338627,-0.338627
32.870056,-0.016874,-0.029146,-0.021476,-0.032214,-0.423159,-0.423159,-0.423159,-0.423159
32.880062,-0.016874,-0.029146,-0.021476,-0.032214,-0.502837,-0.502837,-0.502837,-0.502837
32.890060,-0.205553,-0.222427,-0.208621,-0.227029,-0.576743,-0.576743,-0.576743,-0.576743
32.900051,-0.205553,-0.222427,-0.208621,-0.227029,-0.643972,-0.643972,-0.643972,-0.643972
32.910057,-0.385029,-0.395767,-0.386563,-0.403437,-0.703974,-0.703974,-0.703974,-0.703974
32.920059,-0.385029,-0.395767,-0.386563,-0.403437,-0.755885,-0.755885,-0.755885,-0.755885
32.930058,-0.543029,-0.549165,-0.546097,-0.559903,-0.799192,-0.799192,-0.799192,-0.799192
32.940060,-0.543029,-0.549165,-0.546097,-0.559903,-0.833384,-0.833384,-0.833384,-0.833384
32.950062,-0.678020,-0.682622,-0.674952,-0.693359,-0.858090,-0.858090,-0.858090,-0.858090
32.960060,-0.678020,-0.682622,-0.674952,-0.693359,-0.873020,-0.873020,-0.873020,-0.873020
32.970062,-0.779262,-0.780796,-0.774660,-0.790000,-0.878013,-0.878013,-0.878013,-0.878013
32.980061,-0.779262,-0.780796,-0.774660,-0.790000,-0.873015,-0.873015,-0.873015,-0.873015
32.990063,-0.843690,-0.840622,-0.843690,-0.851359,-0.858088,-0.858088,-0.858088,-0.858088
33.000061,-0.843690,-0.840622,-0.843690,-0.851359,-0.833398,-0.833398,-0.833398,-0.833398
33.010063,-0.843690,-0.840622,-0.843690,-0.851359,-0.799239,-0.799239,-0.799239,-0.799239
33.020061,-0.871301,-0.862097,-0.866699,-0.874369,-0.756001,-0.756001,-0.756001,-0.756001
33.030064,-0.871301,-0.862097,-0.866699,-0.874369,-0.704164,-0.704164,-0.704164,-0.704164
33.040058,-0.868233,-0.860563,-0.865165,-0.871301,-0.644372,-0.644372,-0.644372,-0.644372
33.050060,-0.825282,-0.829884,-0.826816,-0.832952,-0.577232,-0.577232,-0.577232,-0.577232
33.060059,-0.825282,-0.829884,-0.826816,-0.832952,-0.503583,-0.503583,-0.503583,-0.503583
33.070061,-0.737845,-0.747049,-0.739379,-0.745515,-0.424222,-0.424222,-0.424222,-0.424222
33.080055,-0.737845,-0.747049,-0.739379,-0.745515,-0.340129,-0.340129,-0.340129,-0.340129
33.090061,-0.737845,-0.747049,-0.739379,-0.745515,-0.252134,-0.252134,-0.252134,-0.252134
33.100060,-0.618194,-0.622796,-0.613592,-0.622796,-0.161374,-0.161374,-0.161374,-0.161374
33.110062,-0.466330,-0.475534,-0.464796,-0.470932,-0.068824,-0.068824,-0.068824,-0.068824
33.120056,-0.466330,-0.475534,-0.464796,-0.470932,0.024376,0.024376,0.024376,0.024376
33.130062,-0.466330,-0.475534,-0.464796,-0.470932,0.117294,0.117294,0.117294,0.117294
33.140057,-0.296058,-0.309864,-0.294524,-0.294524,0.208716,0.208716,0.208716,0.208716
33.150063,-0.296058,-0.309864,-0.294524,-0.294524,0.297733,0.297733,0.297733,0.297733
33.160061,-0.116583,-0.134990,-0.111981,-0.105845,0.383180,0.383180,0.383180,0.383180
33.170063,-0.116583,-0.134990,-0.111981,-0.105845,0.464201,0.464201,0.464201,0.464201
33.180061,0.069029,0.061359,0.075165,0.090505,0.539763,0.539763,0.539763,0.539763
33.190063,0.069029,0.061359,0.075165,0.090505,0.609062,0.609062,0.609062,0.609062
33.200062,0.259243,0.242369,0.256175,0.271515,0.671285,0.671285,0.671285,0.671285
33.210064,0.259243,0.242369,0.256175,0.271515,0.725709,0.725709,0.725709,0.725709
33.220051,0.427981,0.406505,0.424913,0.441787,0.771663,0.771663,0.771663,0.771663
33.230057,0.427981,0.406505,0.424913,0.441787,0.808759,0.808759,0.808759,0.808759
33.240055,0.575243,0.556835,0.573709,0.582913,0.836453,0.836453,0.836453,0.836453
33.250057,0.575243,0.556835,0.573709,0.582913,0.854459,0.854459,0.854459,0.854459
33.260063,0.691825,0.678020,0.694893,0.704097,0.862569,0.862569,0.862569,0.862569
33.270058,0.782330,0.768524,0.782330,0.793068,0.860691,0.860691,0.860691,0.860691
33.280056,0.782330,0.768524,0.782330,0.793068,0.848856,0.848856,0.848856,0.848856
33.290058,0.782330,0.768524,0.782330,0.793068,0.827194,0.827194,0.827194,0.827194
33.300060,0.837554,0.820680,0.831418,0.840622,0.795966,0.795966,0.795966,0.795966
33.310055,0.837554,0.820680,0.831418,0.840622,0.755548,0.755548,0.755548,0.755548
33.320053,0.849826,0.832952,0.842156,0.854427,0.706403,0.706403,0.706403,0.706403
33.330055,0.849826,0.832952,0.842156,0.854427,0.649087,0.649087,0.649087,0.649087
33.340054,0.842156,0.828350,0.837554,0.843690,0.584285,0.584285,0.584285,0.584285
33.350056,0.788466,0.782330,0.788466,0.785398,0.512729,0.512729,0.512729,0.512729
33.360062,0.788466,0.782330,0.788466,0.785398,0.435261,0.435261,0.435261,0.435261
33.370056,0.788466,0.782330,0.788466,0.785398,0.352857,0.352857,0.352857,0.352857
33.380054,0.690291,0.687223,0.694893,0.687223,0.266401,0.266401,0.266401,0.266401
33.390057,0.559903,0.550699,0.558369,0.552233,0.176884,0.176884,0.176884,0.176884
33.400055,0.559903,0.550699,0.558369,0.552233,0.085423,0.085423,0.085423,0.085423
33.410061,0.401903,0.388097,0.395767,0.392699,-0.007014,-0.007014,-0.007014,-0.007014
33.420059,0.401903,0.388097,0.395767,0.392699,-0.099253,-0.099253,-0.099253,-0.099253
33.430073,0.225495,0.216291,0.216291,0.213223,-0.190374,-0.190374,-0.190374,-0.190374
33.440060,0.225495,0.216291,0.216291,0.213223,-0.278941,-0.278941,-0.278941,-0.278941
33.450062,0.039884,0.035282,0.035282,0.030680,-0.364312,-0.364312,-0.364312,-0.364312
33.460056,0.039884,0.035282,0.035282,0.030680,-0.445305,-0.445305,-0.445305,-0.445305
33.470066,-0.145728,-0.161068,-0.142660,-0.167204,-0.521096,-0.521096,-0.521096,-0.521096
33.480057,-0.145728,-0.161068,-0.142660,-0.167204,-0.590612,-0.590612,-0.590612,-0.590612
33.490063,-0.325204,-0.334408,-0.316000,-0.348214,-0.653237,-0.653237,-0.653237,-0.653237
33.500057,-0.325204,-0.334408,-0.316000,-0.348214,-0.708088,-0.708088,-0.708088,-0.708088
33.510063,-0.486272,-0.493942,-0.481670,-0.506214,-0.754635,-0.754635,-0.754635,-0.754635
33.520058,-0.486272,-0.493942,-0.481670,-0.506214,-0.792237,-0.792237,-0.792237,-0.792237
33.530060,-0.625864,-0.632000,-0.624330,-0.641204,-0.820538,-0.820538,-0.820538,-0.820538
33.540054,-0.625864,-0.632000,-0.624330,-0.641204,-0.839151,-0.839151,-0.839151,-0.839151
33.550064,-0.733243,-0.736311,-0.734777,-0.745515,-0.847895,-0.847895,-0.847895,-0.847895
33.560059,-0.733243,-0.736311,-0.734777,-0.745515,-0.846649,-0.846649,-0.846649,-0.846649
33.570065,-0.805340,-0.805340,-0.806874,-0.813010,-0.835431,-0.835431,-0.835431,-0.835431
33.580055,-0.805340,-0.805340,-0.806874,-0.813010,-0.814407,-0.814407,-0.814407,-0.814407
33.590065,-0.839088,-0.836020,-0.839088,-0.842156,-0.783763,-0.783763,-0.783763,-0.783763
33.600060,-0.839088,-0.836020,-0.839088,-0.842156,-0.743940,-0.743940,-0.743940,-0.743940
33.610062,-0.839088,-0.836020,-0.837554,-0.843690,-0.695358,-0.695358,-0.695358,-0.695358
33.620056,-0.839088,-0.836020,-0.837554,-0.843690,-0.638630,-0.638630,-0.638630,-0.638630
33.630062,-0.839088,-0.836020,-0.837554,-0.843690,-0.574352,-0.574352,-0.574352,-0.574352
33.640060,-0.805340,-0.809942,-0.806874,-0.813010,-0.503392,-0.503392,-0.503392,-0.503392
33.650059,-0.725573,-0.733243,-0.727107,-0.733243,-0.426539,-0.426539,-0.426539,-0.426539
33.660061,-0.725573,-0.733243,-0.727107,-0.733243,-0.344676,-0.344676,-0.344676,-0.344676
33.670063,-0.612058,-0.618194,-0.608990,-0.619728,-0.258803,-0.258803,-0.258803,-0.258803
33.680012,-0.612058,-0.618194,-0.608990,-0.619728,-0.170419,-0.170419,-0.170419,-0.170419
33.690060,-0.467864,-0.478602,-0.467864,-0.472466,-0.079207,-0.079207,-0.079207,-0.079207
33.700062,-0.467864,-0.478602,-0.467864,-0.472466,0.012451,0.012451,0.012451,0.012451
33.710064,-0.296058,-0.316000,-0.300660,-0.308330,0.103889,0.103889,0.103889,0.103889
33.720058,-0.296058,-0.316000,-0.300660,-0.308330,0.193959,0.193959,0.193959,0.193959
33.730061,-0.119651,-0.141126,-0.121184,-0.130388,0.281714,0.281714,0.281714,0.281714
33.740059,-0.119651,-0.141126,-0.121184,-0.130388,0.365974,0.365974,0.365974,0.365974
33.750065,0.056757,0.052155,0.059825,0.064427,0.445901,0.445901,0.445901,0.445901
33.760044,0.056757,0.052155,0.059825,0.064427,0.520248,0.520248,0.520248,0.520248
33.770061,0.234699,0.227029,0.239301,0.245437,0.588625,0.588625,0.588625,0.588625
33.780060,0.234699,0.227029,0.239301,0.245437,0.649775,0.649775,0.649775,0.649775
33.790062,0.403437,0.389631,0.408039,0.418777,0.703146,0.703146,0.703146,0.703146
33.800060,0.403437,0.389631,0.408039,0.418777,0.748073,0.748073,0.748073,0.748073
33.810062,0.403437,0.389631,0.408039,0.418777,0.784041,0.784041,0.784041,0.784041
33.820053,0.553767,0.535359,0.555301,0.564505,0.810597,0.810597,0.810597,0.810597
33.830059,0.673418,0.655010,0.673418,0.682622,0.827471,0.827471,0.827471,0.827471
33.840057,0.673418,0.655010,0.673418,0.682622,0.834424,0.834424,0.834424,0.834424
33.850056,0.673418,0.655010,0.673418,0.682622,0.831394,0.831394,0.831394,0.831394
33.860054,0.759321,0.740913,0.757787,0.765456,0.818420,0.818420,0.818420,0.818420
33.870052,0.809942,0.797670,0.803806,0.809942,0.795659,0.795659,0.795659,0.795659
33.880062,0.809942,0.797670,0.803806,0.809942,0.763335,0.763335,0.763335,0.763335
33.890057,0.820680,0.805340,0.811476,0.817612,0.721950,0.721950,0.721950,0.721950
33.900055,0.820680,0.805340,0.811476,0.817612,0.671921,0.671921,0.671921,0.671921
33.910061,0.820680,0.805340,0.811476,0.817612,0.613832,0.613832,0.613832,0.613832
33.920059,0.811476,0.796136,0.806874,0.808408,0.548443,0.548443,0.548443,0.548443
33.930069,0.754719,0.745515,0.757787,0.750117,0.476476,0.476476,0.476476,0.476476
33.940063,0.754719,0.745515,0.757787,0.750117,0.398929,0.398929,0.398929,0.398929
33.950062,0.655010,0.647340,0.659612,0.653476,0.316590,0.316590,0.316590,0.316590
33.960060,0.655010,0.647340,0.659612,0.653476,0.230570,0.230570,0.230570,0.230570
33.970058,0.524621,0.506214,0.523088,0.515418,0.141806,0.141806,0.141806,0.141806
33.980064,0.524621,0.506214,0.523088,0.515418,0.051373,0.051373,0.051373,0.051373
33.990063,0.363553,0.346680,0.365087,0.346680,-0.039579,-0.039579,-0.039579,-0.039579
34.000061,0.363553,0.346680,0.365087,0.346680,-0.129937,-0.129937,-0.129937,-0.129937
34.010059,0.190214,0.171806,0.193282,0.167204,-0.218660,-0.218660,-0.218660,-0.218660
34.020050,0.190214,0.171806,0.193282,0.167204,-0.304612,-0.304612,-0.304612,-0.304612
34.030052,0.007670,-0.012272,0.012272,-0.013806,-0.386885,-0.386885,-0.386885,-0.386885
34.040058,0.007670,-0.012272,0.012272,-0.013806,-0.464442,-0.464442,-0.464442,-0.464442
34.050064,-0.174874,-0.202485,-0.168738,-0.205553,-0.536312,-0.536312,-0.536312,-0.536312
34.060059,-0.174874,-0.202485,-0.168738,-0.205553,-0.601554,-0.601554,-0.601554,-0.601554
34.070065,-0.348214,-0.366621,-0.343612,-0.368155,-0.659511,-0.659511,-0.659511,-0.659511
34.080059,-0.348214,-0.366621,-0.343612,-0.368155,-0.709373,-0.709373,-0.709373,-0.709373
34.090065,-0.503146,-0.516952,-0.501612,-0.521554,-0.750637,-0.750637,-0.750637,-0.750637
34.100060,-0.503146,-0.516952,-0.501612,-0.521554,-0.782718,-0.782718,-0.782718,-0.782718
34.110065,-0.635068,-0.644272,-0.638136,-0.648874,-0.805289,-0.805289,-0.805289,-0.805289
34.120056,-0.635068,-0.644272,-0.638136,-0.648874,-0.818039,-0.818039,-0.818039,-0.818039
34.130062,-0.733243,-0.737845,-0.733243,-0.742447,-0.820850,-0.820850,-0.820850,-0.820850
34.140060,-0.733243,-0.737845,-0.733243,-0.742447,-0.813671,-0.813671,-0.813671,-0.813671
34.150055,-0.793068,-0.793068,-0.791534,-0.799204,-0.796611,-0.796611,-0.796611,-0.796611
34.160053,-0.793068,-0.793068,-0.791534,-0.799204,-0.769853,-0.769853,-0.769853,-0.769853
34.170063,-0.813010,-0.813010,-0.813010,-0.817612,-0.733712,-0.733712,-0.733712,-0.733712
34.180061,-0.813010,-0.813010,-0.813010,-0.817612,-0.688678,-0.688678,-0.688678,-0.688678
34.190060,-0.813010,-0.813010,-0.813010,-0.817612,-0.635304,-0.635304,-0.635304,-0.635304
34.200054,-0.808408,-0.808408,-0.808408,-0.813010,-0.574233,-0.574233,-0.574233,-0.574233
34.210052,-0.757787,-0.760855,-0.759321,-0.770058,-0.506179,-0.506179,-0.506179,-0.506179
34.220055,-0.757787,-0.760855,-0.759321,-0.770058,-0.432005,-0.432005,-0.432005,-0.432005
34.230057,-0.665748,-0.670350,-0.668816,-0.678020,-0.352576,-0.352576,-0.352576,-0.352576
34.240055,-0.665748,-0.670350,-0.668816,-0.678020,-0.268944,-0.268944,-0.268944,-0.268944
34.250057,-0.541495,-0.544563,-0.543029,-0.550699,-0.182070,-0.182070,-0.182070,-0.182070
34.260052,-0.541495,-0.544563,-0.543029,-0.550699,-0.093079,-0.093079,-0.093079,-0.093079
34.270058,-0.395767,-0.397301,-0.392699,-0.398835,-0.002962,-0.002962,-0.002962,-0.002962
34.280052,-0.395767,-0.397301,-0.392699,-0.398835,0.087061,0.087061,0.087061,0.087061
34.290054,-0.230097,-0.231631,-0.223961,-0.230097,0.175969,0.175969,0.175969,0.175969
34.300056,-0.230097,-0.231631,-0.223961,-0.230097,0.262638,0.262638,0.262638,0.262638
34.310055,-0.047553,-0.053689,-0.046019,-0.042951,0.346018,0.346018,0.346018,0.346018
34.320053,-0.047553,-0.053689,-0.046019,-0.042951,0.425050,0.425050,0.425050,0.425050
34.330055,0.133456,0.131922,0.133456,0.138058,0.498807,0.498807,0.498807,0.498807
34.340054,0.133456,0.131922,0.133456,0.138058,0.566334,0.566334,0.566334,0.566334
34.350056,0.302194,0.299126,0.309864,0.312932,0.626883,0.626883,0.626883,0.626883
34.360054,0.302194,0.299126,0.309864,0.312932,0.679629,0.679629,0.679629,0.679629
34.370060,0.302194,0.299126,0.309864,0.312932,0.723978,0.723978,0.723978,0.723978
34.380054,0.457126,0.450990,0.466330,0.474000,0.759327,0.759327,0.759327,0.759327
34.390057,0.593651,0.582913,0.598253,0.607457,0.785310,0.785310,0.785310,0.785310
34.400055,0.593651,0.582913,0.598253,0.607457,0.801558,0.801558,0.801558,0.801558
34.410057,0.696427,0.682622,0.696427,0.705631,0.807903,0.807903,0.807903,0.807903
34.420055,0.696427,0.682622,0.696427,0.705631,0.804259,0.804259,0.804259,0.804259
34.430058,0.696427,0.682622,0.696427,0.705631,0.790665,0.790665,0.790665,0.790665
34.440067,0.765456,0.748583,0.760855,0.768524,0.767282,0.767282,0.767282,0.767282
34.450058,0.765456,0.748583,0.760855,0.768524,0.734462,0.734462,0.734462,0.734462
34.460060,0.793068,0.780796,0.785398,0.790000,0.692549,0.692549,0.692549,0.692549
34.470062,0.793068,0.780796,0.785398,0.788466,0.642079,0.642079,0.642079,0.642079
34.480061,0.793068,0.780796,0.785398,0.788466,0.583732,0.583732,0.583732,0.583732
34.490059,0.793068,0.780796,0.785398,0.788466,0.518169,0.518169,0.518169,0.518169
34.500057,0.760855,0.750117,0.762389,0.757787,0.446236,0.446236,0.446236,0.446236
34.510063,0.682622,0.671884,0.688757,0.681088,0.368778,0.368778,0.368778,0.368778
34.520061,0.682622,0.671884,0.688757,0.681088,0.286854,0.286854,0.286854,0.286854
34.530064,0.562971,0.547631,0.567573,0.558369,0.201383,0.201383,0.201383,0.201383
34.540062,0.562971,0.547631,0.567573,0.558369,0.113541,0.113541,0.113541,0.113541
34.550064,0.411107,0.395767,0.415709,0.408039,0.024306,0.024306,0.024306,0.024306
34.560062,0.411107,0.395767,0.415709,0.408039,-0.065146,-0.065146,-0.065146,-0.065146
34.570065,0.245437,0.230097,0.248505,0.236233,-0.153695,-0.153695,-0.153695,-0.153695
34.580059,0.245437,0.230097,0.248505,0.236233,-0.240218,-0.240218,-0.240218,-0.240218
34.590061,0.070563,0.053689,0.073631,0.058291,-0.323735,-0.323735,-0.323735,-0.323735
34.600060,0.070563,0.053689,0.073631,0.058291,-0.403087,-0.403087,-0.403087,-0.403087
34.610062,-0.107379,-0.138058,-0.104311,-0.133456,-0.477386,-0.477386,-0.477386,-0.477386
34.620056,-0.107379,-0.138058,-0.104311,-0.133456,-0.545604,-0.545604,-0.545604,-0.545604
34.630062,-0.283786,-0.308330,-0.280719,-0.303728,-0.606995,-0.606995,-0.606995,-0.606995
34.640064,-0.283786,-0.308330,-0.280719,-0.303728,-0.660729,-0.660729,-0.660729,-0.660729
34.650043,-0.283786,-0.308330,-0.280719,-0.303728,-0.706057,-0.706057,-0.706057,-0.706057
34.660061,-0.444854,-0.461728,-0.447922,-0.461728,-0.742648,-0.742648,-0.742648,-0.742648
34.670063,-0.581379,-0.590583,-0.584447,-0.595185,-0.769837,-0.769837,-0.769837,-0.769837
34.680054,-0.581379,-0.590583,-0.584447,-0.595185,-0.787340,-0.787340,-0.787340,-0.787340
34.690063,-0.687223,-0.693359,-0.688757,-0.697961,-0.794964,-0.794964,-0.794964,-0.794964
34.700058,-0.687223,-0.693359,-0.688757,-0.697961,-0.792599,-0.792599,-0.792599,-0.792599
34.710030,-0.756253,-0.759321,-0.756253,-0.765456,-0.780330,-0.780330,-0.780330,-0.780330
34.720055,-0.756253,-0.759321,-0.756253,-0.765456,-0.758178,-0.758178,-0.758178,-0.758178
34.730057,-0.785398,-0.786932,-0.783864,-0.791534,-0.726545,-0.726545,-0.726545,-0.726545
34.740055,-0.785398,-0.786932,-0.783864,-0.791534,-0.685812,-0.685812,-0.685812,-0.685812
34.750057,-0.785398,-0.785398,-0.783864,-0.790000,-0.636456,-0.636456,-0.636456,-0.636456
34.760056,-0.785398,-0.785398,-0.783864,-0.790000,-0.579154,-0.579154,-0.579154,-0.579154
34.770054,-0.750117,-0.751651,-0.751651,-0.756253,-0.514586,-0.514586,-0.514586,-0.514586
34.780056,-0.750117,-0.751651,-0.751651,-0.756253,-0.443584,-0.443584,-0.443584,-0.443584
34.790054,-0.671884,-0.670350,-0.668816,-0.673418,-0.367047,-0.367047,-0.367047,-0.367047
34.800056,-0.671884,-0.670350,-0.668816,-0.673418,-0.285945,-0.285945,-0.285945,-0.285945
34.810059,-0.671884,-0.670350,-0.668816,-0.673418,-0.201272,-0.201272,-0.201272,-0.201272
34.820053,-0.552233,-0.552233,-0.550699,-0.550699,-0.114180,-0.114180,-0.114180,-0.114180
34.830055,-0.409573,-0.411107,-0.404971,-0.411107,-0.025668,-0.025668,-0.025668,-0.025668
34.840057,-0.409573,-0.411107,-0.404971,-0.411107,0.063084,0.063084,0.063084,0.063084
34.850060,-0.409573,-0.411107,-0.404971,-0.411107,0.150967,0.150967,0.150967,0.150967
34.860031,-0.248505,-0.251573,-0.243903,-0.250039,0.236607,0.236607,0.236607,0.236607
34.870060,-0.248505,-0.251573,-0.243903,-0.250039,0.319666,0.319666,0.319666,0.319666
34.880054,-0.073631,-0.078233,-0.069029,-0.070563,0.398315,0.398315,0.398315,0.398315
34.890057,0.104311,0.108913,0.108913,0.116583,0.471906,0.471906,0.471906,0.471906
34.900059,0.104311,0.108913,0.108913,0.116583,0.539439,0.539439,0.539439,0.539439
34.910065,0.276117,0.276117,0.282252,0.291456,0.600072,0.600072,0.600072,0.600072
34.920052,0.276117,0.276117,0.282252,0.291456,0.652955,0.652955,0.652955,0.652955
34.930058,0.276117,0.276117,0.282252,0.291456,0.697555,0.697555,0.697555,0.697555
34.940056,0.432583,0.426447,0.437185,0.446388,0.733229,0.733229,0.733229,0.733229
34.950054,0.432583,0.426447,0.437185,0.446388,0.759543,0.759543,0.759543,0.759543
34.960052,0.567573,0.558369,0.569107,0.576777,0.776153,0.776153,0.776153,0.776153
34.970055,0.670350,0.658078,0.670350,0.678020,0.782869,0.782869,0.782869,0.782869
34.980053,0.670350,0.658078,0.670350,0.678020,0.779594,0.779594,0.779594,0.779594
34.990055,0.670350,0.658078,0.670350,0.678020,0.766373,0.766373,0.766373,0.766373
35.000057,0.739379,0.722505,0.734777,0.742447,0.743375,0.743375,0.743375,0.743375
35.010063,0.739379,0.722505,0.734777,0.742447,0.710890,0.710890,0.710890,0.710890
35.020054,0.768524,0.753185,0.760855,0.768524,0.669392,0.669392,0.669392,0.669392
35.030064,0.768524,0.753185,0.760855,0.768524,0.619300,0.619300,0.619300,0.619300
35.040054,0.768524,0.754719,0.760855,0.766990,0.561414,0.561414,0.561414,0.561414
35.050053,0.768524,0.754719,0.760855,0.766990,0.496359,0.496359,0.496359,0.496359
35.060059,0.739379,0.728641,0.737845,0.734777,0.424956,0.424956,0.424956,0.424956
35.070065,0.658078,0.651942,0.668816,0.658078,0.348131,0.348131,0.348131,0.348131
35.080059,0.658078,0.651942,0.668816,0.658078,0.267026,0.267026,0.267026,0.267026
35.090065,0.541495,0.530757,0.549165,0.536893,0.182462,0.182462,0.182462,0.182462
35.100060,0.541495,0.530757,0.549165,0.536893,0.095706,0.095706,0.095706,0.095706
35.110062,0.389631,0.381961,0.397301,0.386563,0.007740,0.007740,0.007740,0.007740
35.120060,0.389631,0.381961,0.397301,0.386563,-0.080200,-0.080200,-0.080200,-0.080200
35.130032,0.227029,0.219359,0.231631,0.216291,-0.166851,-0.166851,-0.166851,-0.166851
35.140060,0.227029,0.219359,0.231631,0.216291,-0.251730,-0.251730,-0.251730,-0.251730
35.150063,0.052155,0.047553,0.047553,0.041417,-0.333098,-0.333098,-0.333098,-0.333098
35.160057,0.052155,0.047553,0.047553,0.041417,-0.410041,-0.410041,-0.410041,-0.410041
35.170063,-0.122718,-0.141126,-0.127320,-0.147262,-0.481713,-0.481713,-0.481713,-0.481713
35.180069,-0.122718,-0.141126,-0.127320,-0.147262,-0.547090,-0.547090,-0.547090,-0.547090
35.190063,-0.296058,-0.308330,-0.299126,-0.314466,-0.605314,-0.605314,-0.605314,-0.605314
35.200027,-0.296058,-0.308330,-0.299126,-0.314466,-0.655542,-0.655542,-0.655542,-0.655542
35.210060,-0.450990,-0.458660,-0.454058,-0.467864,-0.697565,-0.697565,-0.697565,-0.697565
35.220032,-0.450990,-0.458660,-0.454058,-0.467864,-0.730326,-0.730326,-0.730326,-0.730326
35.230057,-0.585981,-0.584447,-0.584447,-0.595185,-0.753761,-0.753761,-0.753761,-0.753761
35.240055,-0.585981,-0.584447,-0.584447,-0.595185,-0.767355,-0.767355,-0.767355,-0.767355
35.250057,-0.585981,-0.584447,-0.584447,-0.595185,-0.771008,-0.771008,-0.771008,-0.771008
35.260052,-0.681088,-0.682622,-0.681088,-0.690291,-0.764678,-0.764678,-0.764678,-0.764678
35.270054,-0.742447,-0.742447,-0.740913,-0.750117,-0.748440,-0.748440,-0.748440,-0.748440
35.280056,-0.742447,-0.742447,-0.740913,-0.750117,-0.722513,-0.722513,-0.722513,-0.722513
35.290058,-0.742447,-0.742447,-0.740913,-0.750117,-0.687234,-0.687234,-0.687234,-0.687234
35.300056,-0.762389,-0.763923,-0.760855,-0.768524,-0.643073,-0.643073,-0.643073,-0.643073
35.310062,-0.759321,-0.760855,-0.757787,-0.765456,-0.590544,-0.590544,-0.590544,-0.590544
35.320007,-0.759321,-0.760855,-0.757787,-0.765456,-0.530781,-0.530781,-0.530781,-0.530781
35.330063,-0.713301,-0.719437,-0.714835,-0.725573,-0.463483,-0.463483,-0.463483,-0.463483
35.340057,-0.713301,-0.719437,-0.714835,-0.725573,-0.390592,-0.390592,-0.390592,-0.390592
35.350063,-0.625864,-0.632000,-0.627398,-0.635068,-0.312590,-0.312590,-0.312590,-0.312590
35.360062,-0.625864,-0.632000,-0.627398,-0.635068,-0.230616,-0.230616,-0.230616,-0.230616
35.370060,-0.625864,-0.632000,-0.627398,-0.635068,-0.145734,-0.145734,-0.145734,-0.145734
35.380054,-0.503146,-0.509282,-0.501612,-0.507748,-0.059049,-0.059049,-0.059049,-0.059049
35.390064,-0.355884,-0.365087,-0.351282,-0.358952,0.028445,0.028445,0.028445,0.028445
35.400063,-0.355884,-0.365087,-0.351282,-0.358952,0.115432,0.115432,0.115432,0.115432
35.410061,-0.355884,-0.365087,-0.351282,-0.358952,0.200817,0.200817,0.200817,0.200817
35.420059,-0.191748,-0.205553,-0.188680,-0.193282,0.283506,0.283506,0.283506,0.283506
35.430065,-0.018408,-0.026078,-0.013806,-0.009204,0.362494,0.362494,0.362494,0.362494
35.440060,-0.018408,-0.026078,-0.013806,-0.009204,0.436589,0.436589,0.436589,0.436589
35.450066,-0.018408,-0.026078,-0.013806,-0.009204,0.504968,0.504968,0.504968,0.504968
35.460060,0.154932,0.151864,0.161068,0.164136,0.566640,0.566640,0.566640,0.566640
35.470066,0.319068,0.309864,0.329806,0.332874,0.620870,0.620870,0.620870,0.620870
35.480049,0.319068,0.309864,0.329806,0.332874,0.666833,0.666833,0.666833,0.666833
35.490059,0.467864,0.452524,0.474000,0.484738,0.704134,0.704134,0.704134,0.704134
35.500061,0.467864,0.452524,0.474000,0.484738,0.732113,0.732113,0.732113,0.732113
35.510059,0.467864,0.452524,0.474000,0.484738,0.750458,0.750458,0.750458,0.750458
35.520058,0.592117,0.573709,0.593651,0.608990,0.758928,0.758928,0.758928,0.758928
35.530056,0.679554,0.662680,0.679554,0.693359,0.757421,0.757421,0.757421,0.757421
35.540024,0.679554,0.662680,0.679554,0.693359,0.746006,0.746006,0.746006,0.746006
35.550056,0.679554,0.662680,0.679554,0.693359,0.724686,0.724686,0.724686,0.724686
35.560055,0.733243,0.714835,0.725573,0.736311,0.693901,0.693901,0.693901,0.693901
35.570057,0.748583,0.727107,0.736311,0.743981,0.653980,0.653980,0.653980,0.653980
35.580055,0.748583,0.727107,0.736311,0.743981,0.605490,0.605490,0.605490,0.605490
35.590054,0.740913,0.724039,0.734777,0.736311,0.549052,0.549052,0.549052,0.549052
35.600056,0.740913,0.724039,0.734777,0.736311,0.485403,0.485403,0.485403,0.485403
35.610058,0.740913,0.724039,0.734777,0.736311,0.415399,0.415399,0.415399,0.415399
35.620056,0.687223,0.678020,0.693359,0.690291,0.340003,0.340003,0.340003,0.340003
35.630058,0.687223,0.678020,0.693359,0.690291,0.260118,0.260118,0.260118,0.260118
35.640057,0.592117,0.582913,0.592117,0.592117,0.176903,0.176903,0.176903,0.176903
35.650059,0.592117,0.582913,0.592117,0.592117,0.091388,0.091388,0.091388,0.091388
35.660057,0.458660,0.449456,0.455592,0.454058,0.004750,0.004750,0.004750,0.004750
35.670055,0.303728,0.296058,0.299126,0.291456,-0.081861,-0.081861,-0.081861,-0.081861
35.680054,0.303728,0.296058,0.299126,0.291456,-0.167325,-0.167325,-0.167325,-0.167325
35.690056,0.127320,0.131922,0.131922,0.121184,-0.250533,-0.250533,-0.250533,-0.250533
35.700054,0.127320,0.131922,0.131922,0.121184,-0.330308,-0.330308,-0.330308,-0.330308
35.710026,-0.044485,-0.052155,-0.041417,-0.055223,-0.405460,-0.405460,-0.405460,-0.405460
35.720055,-0.044485,-0.052155,-0.041417,-0.055223,-0.475564,-0.475564,-0.475564,-0.475564
35.730057,-0.214757,-0.223961,-0.214757,-0.231631,-0.539097,-0.539097,-0.539097,-0.539097
35.740055,-0.214757,-0.223961,-0.214757,-0.231631,-0.595386,-0.595386,-0.595386,-0.595386
35.750057,-0.369689,-0.381961,-0.375825,-0.391165,-0.643736,-0.643736,-0.643736,-0.643736
35.760059,-0.369689,-0.381961,-0.375825,-0.391165,-0.683469,-0.683469,-0.683469,-0.683469
35.770061,-0.510816,-0.518486,-0.516952,-0.529223,-0.714068,-0.714068,-0.714068,-0.714068
35.780060,-0.510816,-0.518486,-0.516952,-0.529223,-0.735118,-0.735118,-0.735118,-0.735118
35.790043,-0.624330,-0.625864,-0.625864,-0.635068,-0.746342,-0.746342,-0.746342,-0.746342
35.800056,-0.624330,-0.625864,-0.625864,-0.635068,-0.747626,-0.747626,-0.747626,-0.747626
35.810059,-0.701029,-0.701029,-0.699495,-0.711767,-0.738916,-0.738916,-0.738916,-0.738916
35.820053,-0.701029,-0.701029,-0.699495,-0.711767,-0.720363,-0.720363,-0.720363,-0.720363
35.830059,-0.737845,-0.736311,-0.734777,-0.745515,-0.692174,-0.692174,-0.692174,-0.692174
35.840057,-0.737845,-0.736311,-0.734777,-0.745515,-0.654785,-0.654785,-0.654785,-0.654785
35.850063,-0.739379,-0.739379,-0.736311,-0.745515,-0.608627,-0.608627,-0.608627,-0.608627
35.860058,-0.739379,-0.739379,-0.736311,-0.745515,-0.554416,-0.554416,-0.554416,-0.554416
35.870022,-0.714835,-0.716369,-0.713301,-0.722505,-0.493032,-0.493032,-0.493032,-0.493032
35.880058,-0.714835,-0.716369,-0.713301,-0.722505,-0.424633,-0.424633,-0.424633,-0.424633
35.890060,-0.642738,-0.645806,-0.641204,-0.648874,-0.350802,-0.350802,-0.350802,-0.350802
35.900059,-0.642738,-0.645806,-0.641204,-0.648874,-0.272359,-0.272359,-0.272359,-0.272359
35.910061,-0.529223,-0.539961,-0.529223,-0.536893,-0.190310,-0.190310,-0.190310,-0.190310
35.920029,-0.529223,-0.539961,-0.529223,-0.536893,-0.106071,-0.106071,-0.106071,-0.106071
35.930058,-0.391165,-0.401903,-0.388097,-0.397301,-0.019926,-0.019926,-0.019926,-0.019926
35.940056,-0.391165,-0.401903,-0.388097,-0.397301,0.066132,0.066132,0.066132,0.066132
35.950031,-0.391165,-0.401903,-0.388097,-0.397301,0.151045,0.151045,0.151045,0.151045
35.960052,-0.234699,-0.248505,-0.231631,-0.237767,0.234223,0.234223,0.234223,0.234223
35.970055,-0.062893,-0.082835,-0.061359,-0.058291,0.314040,0.314040,0.314040,0.314040
35.980061,-0.062893,-0.082835,-0.061359,-0.058291,0.389579,0.389579,0.389579,0.389579
35.990055,-0.062893,-0.082835,-0.061359,-0.058291,0.459747,0.459747,0.459747,0.459747
36.000053,0.107379,0.102777,0.110447,0.116583,0.523671,0.523671,0.523671,0.523671
36.010056,0.107379,0.102777,0.110447,0.116583,0.580495,0.580495,0.580495,0.580495
36.020054,0.271515,0.263845,0.279185,0.280719,0.629419,0.629419,0.629419,0.629419
36.030060,0.271515,0.263845,0.279185,0.280719,0.669826,0.669826,0.669826,0.669826
36.040062,0.421845,0.406505,0.424913,0.435651,0.701140,0.701140,0.701140,0.701140
36.050056,0.552233,0.532291,0.550699,0.559903,0.722934,0.722934,0.722934,0.722934
36.060055,0.552233,0.532291,0.550699,0.559903,0.734940,0.734940,0.734940,0.734940
36.070057,0.552233,0.532291,0.550699,0.559903,0.736991,0.736991,0.736991,0.736991
36.080055,0.644272,0.627398,0.641204,0.653476,0.729059,0.729059,0.729059,0.729059
36.090054,0.644272,0.627398,0.641204,0.653476,0.711259,0.711259,0.711259,0.711259
36.100071,0.704097,0.685690,0.696427,0.708699,0.683783,0.683783,0.683783,0.683783
36.110046,0.704097,0.685690,0.696427,0.708699,0.647184,0.647184,0.647184,0.647184
36.120060,0.725573,0.705631,0.714835,0.725573,0.601691,0.601691,0.601691,0.601691
36.130062,0.725573,0.705631,0.714835,0.725573,0.548112,0.548112,0.548112,0.548112
36.140060,0.724039,0.702563,0.714835,0.720971,0.487141,0.487141,0.487141,0.487141
36.150066,0.724039,0.702563,0.714835,0.720971,0.419542,0.419542,0.419542,0.419542
36.160057,0.679554,0.665748,0.681088,0.678020,0.346408,0.346408,0.346408,0.346408
36.170059,0.679554,0.665748,0.681088,0.678020,0.268531,0.268531,0.268531,0.268531
36.180054,0.590583,0.579845,0.592117,0.590583,0.187127,0.187127,0.187127,0.187127
36.190060,0.590583,0.579845,0.592117,0.590583,0.103170,0.103170,0.103170,0.103170
36.200050,0.463262,0.454058,0.463262,0.458660,0.017961,0.017961,0.017961,0.017961
36.210060,0.463262,0.454058,0.463262,0.458660,-0.067555,-0.067555,-0.067555,-0.067555
36.220055,0.303728,0.303728,0.309864,0.294524,-0.151974,-0.151974,-0.151974,-0.151974
36.230057,0.303728,0.303728,0.309864,0.294524,-0.234292,-0.234292,-0.234292,-0.234292
36.240059,0.144194,0.142660,0.142660,0.122718,-0.313359,-0.313359,-0.313359,-0.313359
36.250065,0.144194,0.142660,0.142660,0.122718,-0.388086,-0.388086,-0.388086,-0.388086
36.260059,-0.021476,-0.036816,-0.030680,-0.049087,-0.457389,-0.457389,-0.457389,-0.457389
36.270061,-0.191748,-0.213223,-0.199418,-0.214757,-0.520417,-0.520417,-0.520417,-0.520417
36.280056,-0.191748,-0.213223,-0.199418,-0.214757,-0.576236,-0.576236,-0.576236,-0.576236
36.290058,-0.351282,-0.365087,-0.358952,-0.372757,-0.624153,-0.624153,-0.624153,-0.624153
36.300056,-0.351282,-0.365087,-0.358952,-0.372757,-0.663464,-0.663464,-0.663464,-0.663464
36.310059,-0.492408,-0.498544,-0.497010,-0.509282,-0.693648,-0.693648,-0.693648,-0.693648
36.320057,-0.492408,-0.498544,-0.497010,-0.509282,-0.714299,-0.714299,-0.714299,-0.714299
36.330059,-0.492408,-0.498544,-0.497010,-0.509282,-0.725128,-0.725128,-0.725128,-0.725128
36.340057,-0.604389,-0.605923,-0.604389,-0.615126,-0.725990,-0.725990,-0.725990,-0.725990
36.350056,-0.681088,-0.685690,-0.679554,-0.690291,-0.716877,-0.716877,-0.716877,-0.716877
36.360058,-0.681088,-0.685690,-0.679554,-0.690291,-0.697918,-0.697918,-0.697918,-0.697918
36.370056,-0.681088,-0.685690,-0.679554,-0.690291,-0.669376,-0.669376,-0.669376,-0.669376
36.380054,-0.716369,-0.716369,-0.714835,-0.724039,-0.631645,-0.631645,-0.631645,-0.631645
36.390057,-0.719437,-0.717903,-0.716369,-0.725573,-0.585236,-0.585236,-0.585236,-0.585236
36.400055,-0.719437,-0.717903,-0.716369,-0.725573,-0.530831,-0.530831,-0.530831,-0.530831
36.410057,-0.690291,-0.693359,-0.691825,-0.699495,-0.469111,-0.469111,-0.469111,-0.469111
36.420052,-0.690291,-0.693359,-0.691825,-0.699495,-0.401021,-0.401021,-0.401021,-0.401021
36.430058,-0.616660,-0.619728,-0.618194,-0.625864,-0.327404,-0.327404,-0.327404,-0.327404
36.440056,-0.616660,-0.619728,-0.618194,-0.625864,-0.249343,-0.249343,-0.249343,-0.249343
36.450058,-0.616660,-0.619728,-0.618194,-0.625864,-0.167887,-0.167887,-0.167887,-0.167887
36.460060,-0.504680,-0.509282,-0.506214,-0.513884,-0.084186,-0.084186,-0.084186,-0.084186
36.470058,-0.368155,-0.371223,-0.365087,-0.371223,0.000597,0.000597,0.000597,0.000597
36.480057,-0.368155,-0.371223,-0.365087,-0.371223,0.085304,0.085304,0.085304,0.085304
36.490055,-0.214757,-0.217825,-0.207087,-0.213223,0.168763,0.168763,0.168763,0.168763
36.500057,-0.214757,-0.217825,-0.207087,-0.213223,0.249825,0.249825,0.249825,0.249825
36.510056,-0.044485,-0.049087,-0.039884,-0.035282,0.327357,0.327357,0.327357,0.327357
36.520058,-0.044485,-0.049087,-0.039884,-0.035282,0.400304,0.400304,0.400304,0.400304
36.530060,0.125786,0.127320,0.130388,0.134990,0.467634,0.467634,0.467634,0.467634
36.540058,0.125786,0.127320,0.130388,0.134990,0.528403,0.528403,0.528403,0.528403
36.550056,0.125786,0.127320,0.130388,0.134990,0.581804,0.581804,0.581804,0.581804
36.560059,0.285320,0.285320,0.291456,0.296058,0.627064,0.627064,0.627064,0.627064
36.570057,0.285320,0.285320,0.291456,0.296058,0.663579,0.663579,0.663579,0.663579
36.580055,0.429515,0.423379,0.434117,0.441787,0.690828,0.690828,0.690828,0.690828
36.590057,0.429515,0.423379,0.434117,0.441787,0.708447,0.708447,0.708447,0.708447
36.600060,0.553767,0.543029,0.549165,0.561437,0.716186,0.716186,0.716186,0.716186
36.610058,0.553767,0.543029,0.549165,0.561437,0.713939,0.713939,0.713939,0.713939
36.620056,0.639670,0.627398,0.633534,0.647340,0.701745,0.701745,0.701745,0.701745
36.630058,0.639670,0.627398,0.633534,0.647340,0.679774,0.679774,0.679774,0.679774
36.640064,0.690291,0.673418,0.682622,0.694893,0.648313,0.648313,0.648313,0.648313
36.650063,0.690291,0.673418,0.682622,0.694893,0.607845,0.607845,0.607845,0.607845
36.660057,0.702563,0.682622,0.694893,0.702563,0.558935,0.558935,0.558935,0.558935
36.670063,0.702563,0.682622,0.694893,0.702563,0.502215,0.502215,0.502215,0.502215
36.680058,0.696427,0.678020,0.690291,0.694893,0.438555,0.438555,0.438555,0.438555
36.690063,0.696427,0.678020,0.690291,0.694893,0.368766,0.368766,0.368766,0.368766
36.700062,0.642738,0.625864,0.642738,0.644272,0.293905,0.293905,0.293905,0.293905
36.710064,0.642738,0.625864,0.642738,0.644272,0.214970,0.214970,0.214970,0.214970
36.720066,0.546097,0.529223,0.544563,0.544563,0.133062,0.133062,0.133062,0.133062
36.730061,0.546097,0.529223,0.544563,0.544563,0.049420,0.049420,0.049420,0.049420
36.740063,0.404971,0.397301,0.408039,0.404971,-0.034894,-0.034894,-0.034894,-0.034894
36.750065,0.404971,0.397301,0.408039,0.404971,-0.118636,-0.118636,-0.118636,-0.118636
36.760063,0.251573,0.243903,0.253107,0.245437,-0.200637,-0.200637,-0.200637,-0.200637
36.770061,0.251573,0.243903,0.253107,0.245437,-0.279774,-0.279774,-0.279774,-0.279774
36.780060,0.088971,0.081301,0.088971,0.079767,-0.354898,-0.354898,-0.354898,-0.354898
36.790062,0.088971,0.081301,0.088971,0.079767,-0.424987,-0.424987,-0.424987,-0.424987
36.800060,-0.076699,-0.101243,-0.079767,-0.095107,-0.489021,-0.489021,-0.489021,-0.489021
36.810059,-0.076699,-0.101243,-0.079767,-0.095107,-0.546138,-0.546138,-0.546138,-0.546138
36.820061,-0.242369,-0.266913,-0.245437,-0.259243,-0.595511,-0.595511,-0.595511,-0.595511
36.830055,-0.242369,-0.266913,-0.245437,-0.259243,-0.636433,-0.636433,-0.636433,-0.636433
36.840061,-0.392699,-0.411107,-0.397301,-0.414175,-0.668387,-0.668387,-0.668387,-0.668387
36.850063,-0.392699,-0.411107,-0.397301,-0.414175,-0.690861,-0.690861,-0.690861,-0.690861
36.860058,-0.521554,-0.532291,-0.524621,-0.538427,-0.703561,-0.703561,-0.703561,-0.703561
36.870060,-0.619728,-0.625864,-0.621262,-0.630466,-0.706319,-0.706319,-0.706319,-0.706319
36.880058,-0.619728,-0.625864,-0.621262,-0.630466,-0.699096,-0.699096,-0.699096,-0.699096
36.890060,-0.679554,-0.684156,-0.678020,-0.690291,-0.681984,-0.681984,-0.681984,-0.681984
36.900059,-0.679554,-0.684156,-0.678020,-0.690291,-0.655253,-0.655253,-0.655253,-0.655253
36.910061,-0.699495,-0.701029,-0.694893,-0.707165,-0.619242,-0.619242,-0.619242,-0.619242
36.920059,-0.699495,-0.701029,-0.694893,-0.707165,-0.574519,-0.574519,-0.574519,-0.574519
36.930065,-0.699495,-0.701029,-0.694893,-0.707165,-0.521659,-0.521659,-0.521659,-0.521659
36.940056,-0.693359,-0.696427,-0.691825,-0.702563,-0.461521,-0.461521,-0.461521,-0.461521
36.950062,-0.645806,-0.648874,-0.647340,-0.655010,-0.394788,-0.394788,-0.394788,-0.394788
36.960056,-0.645806,-0.648874,-0.647340,-0.655010,-0.322590,-0.322590,-0.322590,-0.322590
36.970062,-0.553767,-0.559903,-0.556835,-0.562971,-0.245774,-0.245774,-0.245774,-0.245774
36.980057,-0.553767,-0.559903,-0.556835,-0.562971,-0.165626,-0.165626,-0.165626,-0.165626
36.990063,-0.432583,-0.435651,-0.432583,-0.432583,-0.083087,-0.083087,-0.083087,-0.083087
37.000057,-0.432583,-0.435651,-0.432583,-0.432583,0.000491,0.000491,0.000491,0.000491
37.010059,-0.286854,-0.292990,-0.285320,-0.283786,0.084030,0.084030,0.084030,0.084030
37.020058,-0.286854,-0.292990,-0.285320,-0.283786,0.166289,0.166289,0.166289,0.166289
37.030064,-0.127320,-0.134990,-0.122718,-0.124252,0.246158,0.246158,0.246158,0.246158
37.040054,-0.127320,-0.134990,-0.122718,-0.124252,0.322364,0.322364,0.322364,0.322364
37.050060,-0.127320,-0.134990,-0.122718,-0.124252,0.394014,0.394014,0.394014,0.394014
37.060055,0.039884,0.044485,0.044485,0.058291,0.459904,0.459904,0.459904,0.459904
37.070053,0.039884,0.044485,0.044485,0.058291,0.519203,0.519203,0.519203,0.519203
37.080063,0.207087,0.205553,0.208621,0.216291,0.571094,0.571094,0.571094,0.571094
37.090057,0.355884,0.351282,0.362020,0.369689,0.614733,0.614733,0.614733,0.614733
37.100052,0.355884,0.351282,0.362020,0.369689,0.649541,0.649541,0.649541,0.649541
37.110054,0.486272,0.477068,0.490874,0.498544,0.675051,0.675051,0.675051,0.675051
37.120060,0.486272,0.477068,0.490874,0.498544,0.690888,0.690888,0.690888,0.690888
37.130058,0.486272,0.477068,0.490874,0.498544,0.696808,0.696808,0.696808,0.696808
37.140057,0.589049,0.576777,0.587515,0.596719,0.692742,0.692742,0.692742,0.692742
37.150063,0.589049,0.576777,0.587515,0.596719,0.678736,0.678736,0.678736,0.678736
37.160061,0.655010,0.641204,0.650408,0.661146,0.655021,0.655021,0.655021,0.655021
37.170063,0.655010,0.641204,0.650408,0.661146,0.621921,0.621921,0.621921,0.621921
37.180061,0.684156,0.664214,0.673418,0.684156,0.579917,0.579917,0.579917,0.579917
37.190060,0.684156,0.664214,0.673418,0.684156,0.529621,0.529621,0.529621,0.529621
37.200062,0.684156,0.662680,0.673418,0.682622,0.471739,0.471739,0.471739,0.471739
37.210056,0.684156,0.662680,0.673418,0.682622,0.407159,0.407159,0.407159,0.407159
37.220047,0.650408,0.632000,0.650408,0.650408,0.336830,0.336830,0.336830,0.336830
37.230057,0.650408,0.632000,0.650408,0.650408,0.261543,0.261543,0.261543,0.261543
37.240051,0.570641,0.556835,0.570641,0.570641,0.182662,0.182662,0.182662,0.182662
37.250057,0.570641,0.556835,0.570641,0.570641,0.101148,0.101148,0.101148,0.101148
37.260056,0.441787,0.435651,0.449456,0.446388,0.018277,0.018277,0.018277,0.018277
37.270058,0.441787,0.435651,0.449456,0.446388,-0.064815,-0.064815,-0.064815,-0.064815
37.280056,0.299126,0.291456,0.302194,0.294524,-0.146874,-0.146874,-0.146874,-0.146874
37.290054,0.299126,0.291456,0.302194,0.294524,-0.226752,-0.226752,-0.226752,-0.226752
37.300053,0.145728,0.128854,0.141126,0.133456,-0.303296,-0.303296,-0.303296,-0.303296
37.310059,0.145728,0.128854,0.141126,0.133456,-0.375440,-0.375440,-0.375440,-0.375440
37.320057,-0.019942,-0.046019,-0.026078,-0.036816,-0.442059,-0.442059,-0.442059,-0.442059
37.330059,-0.019942,-0.046019,-0.026078,-0.036816,-0.502235,-0.502235,-0.502235,-0.502235
37.340065,-0.187146,-0.214757,-0.191748,-0.208621,-0.555111,-0.555111,-0.555111,-0.555111
37.350063,-0.187146,-0.214757,-0.191748,-0.208621,-0.599875,-0.599875,-0.599875,-0.599875
37.360062,-0.342078,-0.360486,-0.345146,-0.358952,-0.635908,-0.635908,-0.635908,-0.635908
37.370060,-0.342078,-0.360486,-0.345146,-0.358952,-0.662701,-0.662701,-0.662701,-0.662701
37.380066,-0.475534,-0.489340,-0.478602,-0.490874,-0.679863,-0.679863,-0.679863,-0.679863
37.390060,-0.475534,-0.489340,-0.478602,-0.490874,-0.687134,-0.687134,-0.687134,-0.687134
37.400055,-0.578311,-0.589049,-0.581379,-0.593651,-0.684429,-0.684429,-0.684429,-0.684429
37.410057,-0.578311,-0.589049,-0.581379,-0.593651,-0.671781,-0.671781,-0.671781,-0.671781
37.420052,-0.650408,-0.656544,-0.648874,-0.661146,-0.649386,-0.649386,-0.649386,-0.649386
37.430058,-0.650408,-0.656544,-0.648874,-0.661146,-0.617549,-0.617549,-0.617549,-0.617549
37.440056,-0.681088,-0.682622,-0.676486,-0.688757,-0.576764,-0.576764,-0.576764,-0.576764
37.450058,-0.681088,-0.681088,-0.676486,-0.687223,-0.527585,-0.527585,-0.527585,-0.527585
37.460056,-0.681088,-0.681088,-0.676486,-0.687223,-0.470800,-0.470800,-0.470800,-0.470800
37.470058,-0.642738,-0.642738,-0.644272,-0.651942,-0.407151,-0.407151,-0.407151,-0.407151
37.480053,-0.642738,-0.642738,-0.644272,-0.651942,-0.337665,-0.337665,-0.337665,-0.337665
37.490059,-0.558369,-0.564505,-0.562971,-0.569107,-0.263254,-0.263254,-0.263254,-0.263254
37.500053,-0.558369,-0.564505,-0.562971,-0.569107,-0.185114,-0.185114,-0.185114,-0.185114
37.510056,-0.444854,-0.449456,-0.444854,-0.450990,-0.104277,-0.104277,-0.104277,-0.104277
37.520058,-0.444854,-0.449456,-0.444854,-0.450990,-0.022016,-0.022016,-0.022016,-0.022016
37.530075,-0.306796,-0.306796,-0.302194,-0.309864,0.060668,0.060668,0.060668,0.060668
37.540054,-0.306796,-0.306796,-0.302194,-0.309864,0.142082,0.142082,0.142082,0.142082
37.550060,-0.148796,-0.153398,-0.144194,-0.151864,0.221554,0.221554,0.221554,0.221554
37.560055,-0.148796,-0.153398,-0.144194,-0.151864,0.297644,0.297644,0.297644,0.297644
37.570057,0.016874,0.021476,0.019942,0.029146,0.369386,0.369386,0.369386,0.369386
37.580055,0.016874,0.021476,0.019942,0.029146,0.435622,0.435622,0.435622,0.435622
37.590057,0.016874,0.021476,0.019942,0.029146,0.495429,0.495429,0.495429,0.495429
37.600060,0.179476,0.179476,0.182544,0.191748,0.547920,0.547920,0.547920,0.547920
37.610058,0.179476,0.179476,0.182544,0.191748,0.592308,0.592308,0.592308,0.592308
37.620060,0.331340,0.326738,0.335942,0.342078,0.627972,0.627972,0.627972,0.627972
37.630058,0.461728,0.454058,0.466330,0.474000,0.654377,0.654377,0.654377,0.654377
37.640057,0.461728,0.454058,0.466330,0.474000,0.671138,0.671138,0.671138,0.671138
37.650059,0.461728,0.454058,0.466330,0.474000,0.678016,0.678016,0.678016,0.678016
37.660057,0.567573,0.555301,0.567573,0.576777,0.674907,0.674907,0.674907,0.674907
37.670059,0.567573,0.555301,0.567573,0.576777,0.661856,0.661856,0.661856,0.661856
37.680058,0.633534,0.621262,0.633534,0.641204,0.639072,0.639072,0.639072,0.639072
37.690056,0.633534,0.621262,0.633534,0.641204,0.606884,0.606884,0.606884,0.606884
37.700054,0.661146,0.645806,0.656544,0.664214,0.565767,0.565767,0.565767,0.565767
37.710060,0.661146,0.645806,0.656544,0.664214,0.516318,0.516318,0.516318,0.516318
37.720058,0.662680,0.644272,0.655010,0.664214,0.459287,0.459287,0.459287,0.459287
37.730057,0.662680,0.644272,0.655010,0.664214,0.395539,0.395539,0.395539,0.395539
37.740055,0.635068,0.618194,0.633534,0.633534,0.325992,0.325992,0.325992,0.325992
37.750057,0.635068,0.618194,0.633534,0.633534,0.251652,0.251652,0.251652,0.251652
37.760063,0.550699,0.543029,0.556835,0.555301,0.173611,0.173611,0.173611,0.173611
37.770061,0.550699,0.543029,0.556835,0.555301,0.093122,0.093122,0.093122,0.093122
37.780060,0.427981,0.423379,0.435651,0.432583,0.011308,0.011308,0.011308,0.011308
37.790062,0.427981,0.423379,0.435651,0.432583,-0.070618,-0.070618,-0.070618,-0.070618
37.800064,0.286854,0.279185,0.291456,0.279185,-0.151448,-0.151448,-0.151448,-0.151448
37.810059,0.286854,0.279185,0.291456,0.279185,-0.229925,-0.229925,-0.229925,-0.229925
37.820061,0.136524,0.122718,0.131922,0.115049,-0.304953,-0.304953,-0.304953,-0.304953
37.830063,0.136524,0.122718,0.131922,0.115049,-0.375416,-0.375416,-0.375416,-0.375416
37.840042,-0.026078,-0.049087,-0.030680,-0.050621,-0.440114,-0.440114,-0.440114,-0.440114
37.850060,-0.026078,-0.049087,-0.030680,-0.050621,-0.498442,-0.498442,-0.498442,-0.498442
37.860050,-0.191748,-0.214757,-0.194816,-0.219359,-0.549147,-0.549147,-0.549147,-0.549147
37.870060,-0.191748,-0.214757,-0.194816,-0.219359,-0.591756,-0.591756,-0.591756,-0.591756
37.880054,-0.342078,-0.360486,-0.343612,-0.362020,-0.625444,-0.625444,-0.625444,-0.625444
37.890015,-0.342078,-0.360486,-0.343612,-0.362020,-0.649739,-0.649739,-0.649739,-0.649739
37.900059,-0.470932,-0.484738,-0.474000,-0.489340,-0.664487,-0.664487,-0.664487,-0.664487
37.910053,-0.470932,-0.484738,-0.474000,-0.489340,-0.669231,-0.669231,-0.669231,-0.669231
37.920059,-0.570641,-0.575243,-0.573709,-0.584447,-0.663989,-0.663989,-0.663989,-0.663989
37.930054,-0.570641,-0.575243,-0.573709,-0.584447,-0.648846,-0.648846,-0.648846,-0.648846
37.940056,-0.636602,-0.639670,-0.636602,-0.647340,-0.624021,-0.624021,-0.624021,-0.624021
37.950054,-0.636602,-0.639670,-0.636602,-0.647340,-0.589897,-0.589897,-0.589897,-0.589897
37.960052,-0.664214,-0.664214,-0.658078,-0.671884,-0.546980,-0.546980,-0.546980,-0.546980
37.970058,-0.664214,-0.664214,-0.658078,-0.671884,-0.495886,-0.495886,-0.495886,-0.495886
37.980057,-0.661146,-0.662680,-0.656544,-0.667282,-0.437452,-0.437452,-0.437452,-0.437452
37.990055,-0.661146,-0.662680,-0.656544,-0.667282,-0.372513,-0.372513,-0.372513,-0.372513
38.000057,-0.616660,-0.621262,-0.618194,-0.624330,-0.302008,-0.302008,-0.302008,-0.302008
38.010059,-0.616660,-0.621262,-0.618194,-0.624330,-0.227044,-0.227044,-0.227044,-0.227044
38.020054,-0.529223,-0.539961,-0.533825,-0.538427,-0.148764,-0.148764,-0.148764,-0.148764
38.030056,-0.529223,-0.539961,-0.533825,-0.538427,-0.068290,-0.068290,-0.068290,-0.068290
38.040051,-0.412641,-0.420311,-0.409573,-0.417243,0.013115,0.013115,0.013115,0.013115
38.050056,-0.268447,-0.282252,-0.266913,-0.273049,0.094329,0.094329,0.094329,0.094329
38.060059,-0.268447,-0.282252,-0.266913,-0.273049,0.174035,0.174035,0.174035,0.174035
38.070057,-0.111981,-0.127320,-0.105845,-0.113515,0.251065,0.251065,0.251065,0.251065
38.080055,-0.111981,-0.127320,-0.105845,-0.113515,0.324221,0.324221,0.324221,0.324221
38.090057,0.050621,0.046019,0.055223,0.062893,0.392479,0.392479,0.392479,0.392479
38.100052,0.050621,0.046019,0.055223,0.062893,0.454755,0.454755,0.454755,0.454755
38.110054,0.210155,0.200952,0.213223,0.223961,0.510150,0.510150,0.510150,0.510150
38.120052,0.210155,0.200952,0.213223,0.223961,0.557802,0.557802,0.557802,0.557802
38.130058,0.354350,0.343612,0.360486,0.369689,0.597028,0.597028,0.597028,0.597028
38.140057,0.354350,0.343612,0.360486,0.369689,0.627200,0.627200,0.627200,0.627200
38.150059,0.354350,0.343612,0.360486,0.369689,0.647884,0.647884,0.647884,0.647884
38.160057,0.481670,0.463262,0.483204,0.492408,0.658759,0.658759,0.658759,0.658759
38.170055,0.575243,0.559903,0.573709,0.581379,0.659677,0.659677,0.659677,0.659677
38.180054,0.575243,0.559903,0.573709,0.581379,0.650625,0.650625,0.650625,0.650625
38.190060,0.628932,0.615126,0.628932,0.633534,0.631726,0.631726,0.631726,0.631726
38.200058,0.628932,0.615126,0.628932,0.633534,0.603292,0.603292,0.603292,0.603292
38.210056,0.644272,0.632000,0.641204,0.648874,0.565748,0.565748,0.565748,0.565748
38.220016,0.644272,0.632000,0.641204,0.648874,0.519850,0.519850,0.519850,0.519850
38.230057,0.644272,0.632000,0.641204,0.648874,0.465721,0.465721,0.465721,0.465721
38.240059,0.641204,0.628932,0.639670,0.644272,0.404749,0.404749,0.404749,0.404749
38.250065,0.598253,0.585981,0.599787,0.596719,0.337677,0.337677,0.337677,0.337677
38.260059,0.598253,0.585981,0.599787,0.596719,0.265583,0.265583,0.265583,0.265583
38.270039,0.598253,0.585981,0.599787,0.596719,0.189631,0.189631,0.189631,0.189631
38.280060,0.507748,0.497010,0.513884,0.504680,0.110540,0.110540,0.110540,0.110540
38.290012,0.507748,0.497010,0.513884,0.504680,0.030387,0.030387,0.030387,0.030387
38.300056,0.377359,0.371223,0.386563,0.374291,-0.050898,-0.050898,-0.050898,-0.050898
38.310059,0.377359,0.371223,0.386563,0.374291,-0.131024,-0.131024,-0.131024,-0.131024
38.320053,0.233165,0.223961,0.228563,0.223961,-0.209017,-0.209017,-0.209017,-0.209017
38.330059,0.233165,0.223961,0.228563,0.223961,-0.283877,-0.283877,-0.283877,-0.283877
38.340050,0.064427,0.067495,0.069029,0.062893,-0.354233,-0.354233,-0.354233,-0.354233
38.350060,0.064427,0.067495,0.069029,0.062893,-0.419246,-0.419246,-0.419246,-0.419246
38.360050,-0.098175,-0.107379,-0.093573,-0.111981,-0.477718,-0.477718,-0.477718,-0.477718
38.370060,-0.098175,-0.107379,-0.093573,-0.111981,-0.528932,-0.528932,-0.528932,-0.528932
38.380058,-0.250039,-0.262311,-0.253107,-0.269981,-0.571996,-0.571996,-0.571996,-0.571996
38.390060,-0.250039,-0.262311,-0.253107,-0.269981,-0.606289,-0.606289,-0.606289,-0.606289
38.400059,-0.385029,-0.398835,-0.392699,-0.408039,-0.631273,-0.631273,-0.631273,-0.631273
38.410061,-0.385029,-0.398835,-0.392699,-0.408039,-0.646590,-0.646590,-0.646590,-0.646590
38.420059,-0.503146,-0.512350,-0.507748,-0.521554,-0.651999,-0.651999,-0.651999,-0.651999
38.430061,-0.503146,-0.512350,-0.507748,-0.521554,-0.647421,-0.647421,-0.647421,-0.647421
38.440056,-0.590583,-0.595185,-0.592117,-0.601321,-0.632937,-0.632937,-0.632937,-0.632937
38.450058,-0.590583,-0.595185,-0.592117,-0.601321,-0.608753,-0.608753,-0.608753,-0.608753
38.460056,-0.638136,-0.641204,-0.635068,-0.647340,-0.575255,-0.575255,-0.575255,-0.575255
38.470062,-0.638136,-0.641204,-0.635068,-0.647340,-0.532936,-0.532936,-0.532936,-0.532936
38.480053,-0.645806,-0.648874,-0.639670,-0.653476,-0.482535,-0.482535,-0.482535,-0.482535
38.490063,-0.645806,-0.648874,-0.639670,-0.653476,-0.424670,-0.424670,-0.424670,-0.424670
38.500061,-0.625864,-0.630466,-0.628932,-0.635068,-0.360382,-0.360382,-0.360382,-0.360382
38.510059,-0.625864,-0.630466,-0.628932,-0.635068,-0.290583,-0.290583,-0.290583,-0.290583
38.520061,-0.561437,-0.572175,-0.566039,-0.570641,-0.216370,-0.216370,-0.216370,-0.216370
38.530060,-0.561437,-0.572175,-0.566039,-0.570641,-0.138902,-0.138902,-0.138902,-0.138902
38.540054,-0.460194,-0.470932,-0.461728,-0.461728,-0.059388,-0.059388,-0.059388,-0.059388
38.550064,-0.460194,-0.470932,-0.461728,-0.461728,0.021102,0.021102,0.021102,0.021102
38.560059,-0.331340,-0.342078,-0.329806,-0.326738,0.101107,0.101107,0.101107,0.101107
38.570061,-0.331340,-0.342078,-0.329806,-0.326738,0.179537,0.179537,0.179537,0.179537
38.580063,-0.184078,-0.194816,-0.177942,-0.176408,0.255128,0.255128,0.255128,0.255128
38.590015,-0.184078,-0.194816,-0.177942,-0.176408,0.326381,0.326381,0.326381,0.326381
38.600056,-0.021476,-0.030680,-0.019942,-0.013806,0.393152,0.393152,0.393152,0.393152
38.610058,-0.021476,-0.030680,-0.019942,-0.013806,0.453518,0.453518,0.453518,0.453518
38.620060,0.139592,0.131922,0.142660,0.145728,0.506830,0.506830,0.506830,0.506830
38.630058,0.139592,0.131922,0.142660,0.145728,0.552250,0.552250,0.552250,0.552250
38.640057,0.288388,0.277651,0.297592,0.297592,0.589093,0.589093,0.589093,0.589093
38.650059,0.288388,0.277651,0.297592,0.297592,0.616794,0.616794,0.616794,0.616794
38.660053,0.420311,0.408039,0.424913,0.432583,0.634912,0.634912,0.634912,0.634912
38.670059,0.420311,0.408039,0.424913,0.432583,0.643183,0.643183,0.643183,0.643183
38.680058,0.529223,0.513884,0.527689,0.535359,0.641471,0.641471,0.641471,0.641471
38.690056,0.529223,0.513884,0.527689,0.535359,0.629809,0.629809,0.629809,0.629809
38.700058,0.598253,0.584447,0.596719,0.604389,0.608383,0.608383,0.608383,0.608383
38.710056,0.598253,0.584447,0.596719,0.604389,0.577527,0.577527,0.577527,0.577527
38.720055,0.625864,0.613592,0.625864,0.630466,0.537720,0.537720,0.537720,0.537720
38.730057,0.625864,0.613592,0.625864,0.630466,0.489577,0.489577,0.489577,0.489577
38.740055,0.625864,0.613592,0.625864,0.630466,0.433874,0.433874,0.433874,0.433874
38.750057,0.602855,0.590583,0.604389,0.602855,0.371428,0.371428,0.371428,0.371428
38.760056,0.602855,0.590583,0.604389,0.602855,0.303278,0.303278,0.303278,0.303278
38.770061,0.602855,0.590583,0.604389,0.602855,0.230404,0.230404,0.230404,0.230404
38.780052,0.529223,0.520020,0.535359,0.529223,0.154095,0.154095,0.154095,0.154095
38.790058,0.414175,0.406505,0.420311,0.409573,0.075356,0.075356,0.075356,0.075356
38.800034,0.414175,0.406505,0.420311,0.409573,-0.004299,-0.004299,-0.004299,-0.004299
38.810055,0.273049,0.265379,0.271515,0.262311,-0.084168,-0.084168,-0.084168,-0.084168
38.820053,0.273049,0.265379,0.271515,0.262311,-0.162473,-0.162473,-0.162473,-0.162473
38.830055,0.273049,0.265379,0.271515,0.262311,-0.238218,-0.238218,-0.238218,-0.238218
38.840054,0.118117,0.111981,0.115049,0.105845,-0.310156,-0.310156,-0.310156,-0.310156
38.850056,0.118117,0.111981,0.115049,0.105845,-0.377211,-0.377211,-0.377211,-0.377211
38.860058,-0.041417,-0.055223,-0.047553,-0.059825,-0.438298,-0.438298,-0.438298,-0.438298
38.870056,-0.041417,-0.055223,-0.047553,-0.059825,-0.492478,-0.492478,-0.492478,-0.492478
38.880058,-0.204019,-0.214757,-0.205553,-0.222427,-0.538911,-0.538911,-0.538911,-0.538911
38.890057,-0.204019,-0.214757,-0.205553,-0.222427,-0.576863,-0.576863,-0.576863,-0.576863
38.900070,-0.352816,-0.357418,-0.348214,-0.365087,-0.605762,-0.605762,-0.605762,-0.605762
38.910061,-0.352816,-0.357418,-0.348214,-0.365087,-0.625088,-0.625088,-0.625088,-0.625088
38.920059,-0.470932,-0.477068,-0.469398,-0.484738,-0.634611,-0.634611,-0.634611,-0.634611
38.930065,-0.470932,-0.477068,-0.469398,-0.484738,-0.634160,-0.634160,-0.634160,-0.634160
38.940063,-0.559903,-0.562971,-0.559903,-0.572175,-0.623748,-0.623748,-0.623748,-0.623748
38.950062,-0.559903,-0.562971,-0.559903,-0.572175,-0.603539,-0.603539,-0.603539,-0.603539
38.960060,-0.615126,-0.616660,-0.612058,-0.622796,-0.573859,-0.573859,-0.573859,-0.573859
38.970058,-0.615126,-0.616660,-0.612058,-0.622796,-0.535173,-0.535173,-0.535173,-0.535173
38.980057,-0.627398,-0.632000,-0.625864,-0.636602,-0.488098,-0.488098,-0.488098,-0.488098
38.990059,-0.627398,-0.632000,-0.625864,-0.636602,-0.433356,-0.433356,-0.433356,-0.433356
39.000061,-0.619728,-0.622796,-0.618194,-0.628932,-0.371818,-0.371818,-0.371818,-0.371818
39.010056,-0.619728,-0.622796,-0.618194,-0.628932,-0.304519,-0.304519,-0.304519,-0.304519
39.020058,-0.562971,-0.572175,-0.566039,-0.572175,-0.232418,-0.232418,-0.232418,-0.232418
39.030060,-0.562971,-0.572175,-0.566039,-0.572175,-0.156689,-0.156689,-0.156689,-0.156689
39.040058,-0.467864,-0.478602,-0.472466,-0.474000,-0.078601,-0.078601,-0.078601,-0.078601
39.050064,-0.343612,-0.352816,-0.340544,-0.346680,0.000754,0.000754,0.000754,0.000754
39.060062,-0.343612,-0.352816,-0.340544,-0.346680,0.079978,0.079978,0.079978,0.079978
39.070065,-0.343612,-0.352816,-0.340544,-0.346680,0.157888,0.157888,0.157888,0.157888
39.080063,-0.200952,-0.211689,-0.193282,-0.200952,0.233228,0.233228,0.233228,0.233228
39.090061,-0.200952,-0.211689,-0.193282,-0.200952,0.304841,0.304841,0.304841,0.304841
39.100086,-0.039884,-0.055223,-0.036816,-0.036816,0.371710,0.371710,0.371710,0.371710
39.110062,-0.039884,-0.055223,-0.036816,-0.036816,0.432339,0.432339,0.432339,0.432339
39.120056,0.118117,0.110447,0.119651,0.122718,0.486209,0.486209,0.486209,0.486209
39.130051,0.118117,0.110447,0.119651,0.122718,0.532330,0.532330,0.532330,0.532330
39.140053,0.266913,0.257709,0.271515,0.277651,0.569999,0.569999,0.569999,0.569999
39.150028,0.266913,0.257709,0.271515,0.277651,0.598522,0.598522,0.598522,0.598522
39.160019,0.400369,0.388097,0.401903,0.412641,0.617587,0.617587,0.617587,0.617587
39.170059,0.400369,0.388097,0.401903,0.412641,0.626867,0.626867,0.626867,0.626867
39.180058,0.507748,0.492408,0.507748,0.516952,0.626117,0.626117,0.626117,0.626117
39.190056,0.507748,0.492408,0.507748,0.516952,0.615409,0.615409,0.615409,0.615409
39.200058,0.579845,0.564505,0.578311,0.585981,0.594913,0.594913,0.594913,0.594913
39.210056,0.579845,0.564505,0.578311,0.585981,0.564960,0.564960,0.564960,0.564960
39.220055,0.610524,0.596719,0.610524,0.615126,0.526042,0.526042,0.526042,0.526042
39.230057,0.610524,0.598253,0.610524,0.615126,0.478749,0.478749,0.478749,0.478749
39.240055,0.610524,0.598253,0.610524,0.615126,0.423871,0.423871,0.423871,0.423871
39.250057,0.589049,0.576777,0.590583,0.585981,0.362247,0.362247,0.362247,0.362247
39.260056,0.589049,0.576777,0.590583,0.585981,0.294920,0.294920,0.294920,0.294920
39.270058,0.516952,0.507748,0.523088,0.510816,0.222902,0.222902,0.222902,0.222902
39.280052,0.516952,0.507748,0.523088,0.510816,0.147429,0.147429,0.147429,0.147429
39.290058,0.403437,0.397301,0.412641,0.392699,0.069598,0.069598,0.069598,0.069598
39.300053,0.403437,0.397301,0.412641,0.392699,-0.009248,-0.009248,-0.009248,-0.009248
39.310059,0.403437,0.397301,0.412641,0.392699,-0.087934,-0.087934,-0.087934,-0.087934
39.320068,0.266913,0.259243,0.271515,0.250039,-0.165190,-0.165190,-0.165190,-0.165190
39.330055,0.113515,0.096641,0.115049,0.095107,-0.239596,-0.239596,-0.239596,-0.239596
39.340054,0.113515,0.096641,0.115049,0.095107,-0.310181,-0.310181,-0.310181,-0.310181
39.350063,0.113515,0.096641,0.115049,0.095107,-0.375798,-0.375798,-0.375798,-0.375798
39.360058,-0.046019,-0.073631,-0.052155,-0.069029,-0.435268,-0.435268,-0.435268,-0.435268
39.370064,-0.046019,-0.073631,-0.052155,-0.069029,-0.487747,-0.487747,-0.487747,-0.487747
39.380054,-0.207087,-0.225495,-0.205553,-0.223961,-0.532304,-0.532304,-0.532304,-0.532304
39.390064,-0.207087,-0.225495,-0.205553,-0.223961,-0.568337,-0.568337,-0.568337,-0.568337
39.400063,-0.348214,-0.362020,-0.346680,-0.366621,-0.595168,-0.595168,-0.595168,-0.595168
39.410061,-0.348214,-0.362020,-0.346680,-0.366621,-0.612413,-0.612413,-0.612413,-0.612413
39.420059,-0.467864,-0.475534,-0.466330,-0.480136,-0.619797,-0.619797,-0.619797,-0.619797
39.430061,-0.467864,-0.475534,-0.466330,-0.480136,-0.617199,-0.617199,-0.617199,-0.617199
39.440056,-0.553767,-0.558369,-0.553767,-0.562971,-0.604670,-0.604670,-0.604670,-0.604670
39.450062,-0.553767,-0.558369,-0.553767,-0.562971,-0.582388,-0.582388,-0.582388,-0.582388
39.460064,-0.602855,-0.608990,-0.599787,-0.608990,-0.550740,-0.550740,-0.550740,-0.550740
39.470062,-0.602855,-0.608990,-0.599787,-0.608990,-0.510246,-0.510246,-0.510246,-0.510246
39.480064,-0.612058,-0.618194,-0.607457,-0.619728,-0.461529,-0.461529,-0.461529,-0.461529
39.490063,-0.612058,-0.618194,-0.607457,-0.619728,-0.405407,-0.405407,-0.405407,-0.405407
39.500061,-0.598253,-0.604389,-0.599787,-0.607457,-0.342790,-0.342790,-0.342790,-0.342790
39.510059,-0.598253,-0.604389,-0.599787,-0.607457,-0.274677,-0.274677,-0.274677,-0.274677
39.520058,-0.539961,-0.543029,-0.543029,-0.547631,-0.202165,-0.202165,-0.202165,-0.202165
39.530056,-0.539961,-0.543029,-0.543029,-0.547631,-0.126453,-0.126453,-0.126453,-0.126453
39.540051,-0.441787,-0.444854,-0.444854,-0.449456,-0.048782,-0.048782,-0.048782,-0.048782
39.550060,-0.441787,-0.444854,-0.444854,-0.449456,0.029743,0.029743,0.029743,0.029743
39.560062,-0.312932,-0.319068,-0.312932,-0.320602,0.107665,0.107665,0.107665,0.107665
39.570061,-0.312932,-0.319068,-0.312932,-0.320602,0.183767,0.183767,0.183767,0.183767
39.580063,-0.164136,-0.176408,-0.165670,-0.170272,0.256841,0.256841,0.256841,0.256841
39.590061,-0.164136,-0.176408,-0.165670,-0.170272,0.325696,0.325696,0.325696,0.325696
39.600060,-0.010738,-0.012272,-0.010738,-0.001534,0.389179,0.389179,0.389179,0.389179
39.610054,-0.010738,-0.012272,-0.010738,-0.001534,0.446312,0.446312,0.446312,0.446312
39.620052,0.144194,0.145728,0.144194,0.153398,0.496156,0.496156,0.496156,0.496156
39.630062,0.144194,0.145728,0.144194,0.153398,0.537939,0.537939,0.537939,0.537939
39.640053,0.289922,0.286854,0.292990,0.300660,0.570882,0.570882,0.570882,0.570882
39.650063,0.289922,0.286854,0.292990,0.300660,0.594557,0.594557,0.594557,0.594557
39.660046,0.415709,0.408039,0.417243,0.427981,0.608494,0.608494,0.608494,0.608494
39.670059,0.415709,0.408039,0.417243,0.427981,0.612541,0.612541,0.612541,0.612541
39.680061,0.513884,0.503146,0.512350,0.524621,0.606588,0.606588,0.606588,0.606588
39.690056,0.513884,0.503146,0.512350,0.524621,0.590756,0.590756,0.590756,0.590756
39.700054,0.576777,0.562971,0.575243,0.582913,0.565303,0.565303,0.565303,0.565303
39.710052,0.576777,0.562971,0.575243,0.582913,0.530641,0.530641,0.530641,0.530641
39.720062,0.598253,0.585981,0.596719,0.602855,0.487291,0.487291,0.487291,0.487291
39.730064,0.596719,0.582913,0.593651,0.599787,0.436054,0.436054,0.436054,0.436054
39.740059,0.596719,0.582913,0.593651,0.599787,0.377762,0.377762,0.377762,0.377762
39.750061,0.596719,0.582913,0.593651,0.599787,0.313271,0.313271,0.313271,0.313271
39.760059,0.559903,0.546097,0.558369,0.558369,0.243741,0.243741,0.243741,0.243741
39.770058,0.559903,0.546097,0.558369,0.558369,0.170283,0.170283,0.170283,0.170283
39.780056,0.477068,0.461728,0.481670,0.475534,0.094095,0.094095,0.094095,0.094095
39.790054,0.477068,0.461728,0.481670,0.475534,0.016406,0.016406,0.016406,0.016406
39.800053,0.354350,0.342078,0.363553,0.348214,-0.061499,-0.061499,-0.061499,-0.061499
39.810051,0.354350,0.342078,0.363553,0.348214,-0.138336,-0.138336,-0.138336,-0.138336
39.820053,0.213223,0.199418,0.219359,0.204019,-0.212865,-0.212865,-0.212865,-0.212865
39.830044,0.213223,0.199418,0.219359,0.204019,-0.283751,-0.283751,-0.283751,-0.283751
39.840054,0.056757,0.044485,0.062893,0.049087,-0.350083,-0.350083,-0.350083,-0.350083
39.850060,0.056757,0.044485,0.062893,0.049087,-0.410566,-0.410566,-0.410566,-0.410566
39.860058,-0.101243,-0.124252,-0.096641,-0.119651,-0.464207,-0.464207,-0.464207,-0.464207
39.870014,-0.253107,-0.269981,-0.254641,-0.268447,-0.510009,-0.510009,-0.510009,-0.510009
39.880058,-0.253107,-0.269981,-0.254641,-0.268447,-0.547738,-0.547738,-0.547738,-0.547738
39.890060,-0.383495,-0.400369,-0.385029,-0.401903,-0.576242,-0.576242,-0.576242,-0.576242
39.900055,-0.383495,-0.400369,-0.385029,-0.401903,-0.595224,-0.595224,-0.595224,-0.595224
39.910057,-0.487806,-0.500078,-0.489340,-0.504680,-0.604390,-0.604390,-0.604390,-0.604390
39.920059,-0.487806,-0.500078,-0.489340,-0.504680,-0.603581,-0.603581,-0.603581,-0.603581
39.930061,-0.487806,-0.500078,-0.489340,-0.504680,-0.592809,-0.592809,-0.592809,-0.592809
39.940060,-0.561437,-0.569107,-0.561437,-0.572175,-0.572269,-0.572269,-0.572269,-0.572269
39.950062,-0.595185,-0.602855,-0.593651,-0.602855,-0.542279,-0.542279,-0.542279,-0.542279
39.960068,-0.595185,-0.602855,-0.593651,-0.602855,-0.503335,-0.503335,-0.503335,-0.503335
39.970066,-0.595185,-0.602855,-0.593651,-0.602855,-0.456143,-0.456143,-0.456143,-0.456143
39.980061,-0.596719,-0.602855,-0.593651,-0.604389,-0.401436,-0.401436,-0.401436,-0.401436
39.990063,-0.596719,-0.602855,-0.593651,-0.604389,-0.340119,-0.340119,-0.340119,-0.340119
40.000061,-0.562971,-0.570641,-0.566039,-0.570641,-0.273217,-0.273217,-0.273217,-0.273217
40.010059,-0.562971,-0.570641,-0.566039,-0.570641,-0.201856,-0.201856,-0.201856,-0.201856
40.020061,-0.487806,-0.492408,-0.492408,-0.492408,-0.127156,-0.127156,-0.127156,-0.127156
40.030064,-0.487806,-0.492408,-0.492408,-0.492408,-0.050406,-0.050406,-0.050406,-0.050406
40.040066,-0.375825,-0.381961,-0.375825,-0.375825,0.027100,0.027100,0.027100,0.027100
40.050064,-0.375825,-0.381961,-0.375825,-0.375825,0.104097,0.104097,0.104097,0.104097
40.060062,-0.242369,-0.248505,-0.239301,-0.237767,0.179295,0.179295,0.179295,0.179295
40.070065,-0.242369,-0.248505,-0.239301,-0.237767,0.251490,0.251490,0.251490,0.251490
40.080059,-0.090505,-0.099709,-0.087437,-0.093573,0.319422,0.319422,0.319422,0.319422
40.090057,-0.090505,-0.099709,-0.087437,-0.093573,0.382005,0.382005,0.382005,0.382005
40.100033,0.062893,0.067495,0.067495,0.072097,0.438060,0.438060,0.438060,0.438060
40.110054,0.062893,0.067495,0.067495,0.072097,0.487038,0.487038,0.487038,0.487038
40.120056,0.213223,0.213223,0.216291,0.222427,0.527765,0.527765,0.527765,0.527765
40.130054,0.213223,0.213223,0.216291,0.222427,0.559655,0.559655,0.559655,0.559655
40.140060,0.349748,0.343612,0.352816,0.360486,0.582206,0.582206,0.582206,0.582206
40.150059,0.349748,0.343612,0.352816,0.360486,0.595018,0.595018,0.595018,0.595018
40.160061,0.461728,0.449456,0.461728,0.470932,0.597898,0.597898,0.597898,0.597898
40.170059,0.461728,0.449456,0.461728,0.470932,0.590795,0.590795,0.590795,0.590795
40.180058,0.541495,0.529223,0.538427,0.546097,0.573833,0.573833,0.573833,0.573833
40.190056,0.541495,0.529223,0.538427,0.546097,0.547299,0.547299,0.547299,0.547299
40.200058,0.579845,0.566039,0.578311,0.584447,0.511634,0.511634,0.511634,0.511634
40.210056,0.579845,0.566039,0.578311,0.584447,0.467440,0.467440,0.467440,0.467440
40.220055,0.582913,0.569107,0.582913,0.587515,0.415464,0.415464,0.415464,0.415464
40.230049,0.582913,0.569107,0.582913,0.587515,0.356590,0.356590,0.356590,0.356590
40.240051,0.569107,0.555301,0.566039,0.567573,0.291766,0.291766,0.291766,0.291766
40.250053,0.569107,0.555301,0.566039,0.567573,0.222073,0.222073,0.222073,0.222073
40.260052,0.504680,0.495476,0.504680,0.503146,0.148736,0.148736,0.148736,0.148736
40.270058,0.504680,0.495476,0.504680,0.503146,0.072929,0.072929,0.072929,0.072929
40.280056,0.397301,0.391165,0.395767,0.394233,-0.004004,-0.004004,-0.004004,-0.004004
40.290058,0.397301,0.391165,0.395767,0.394233,-0.080854,-0.080854,-0.080854,-0.080854
40.300056,0.266913,0.257709,0.259243,0.256175,-0.156273,-0.156273,-0.156273,-0.156273
40.310059,0.266913,0.257709,0.259243,0.256175,-0.229011,-0.229011,-0.229011,-0.229011
40.320061,0.115049,0.108913,0.115049,0.104311,-0.297852,-0.297852,-0.297852,-0.297852
40.330055,0.115049,0.108913,0.115049,0.104311,-0.361586,-0.361586,-0.361586,-0.361586
40.340057,-0.041417,-0.052155,-0.035282,-0.055223,-0.419235,-0.419235,-0.419235,-0.419235
40.350060,-0.041417,-0.052155,-0.035282,-0.055223,-0.469785,-0.469785,-0.469785,-0.469785
40.360058,-0.193282,-0.208621,-0.187146,-0.213223,-0.512368,-0.512368,-0.512368,-0.512368
40.370060,-0.193282,-0.208621,-0.187146,-0.213223,-0.546292,-0.546292,-0.546292,-0.546292
40.380058,-0.331340,-0.345146,-0.328272,-0.351282,-0.570975,-0.570975,-0.570975,-0.570975
40.390057,-0.331340,-0.345146,-0.328272,-0.351282,-0.586006,-0.586006,-0.586006,-0.586006
40.400063,-0.447922,-0.455592,-0.449456,-0.463262,-0.591142,-0.591142,-0.591142,-0.591142
40.410061,-0.447922,-0.455592,-0.449456,-0.463262,-0.586286,-0.586286,-0.586286,-0.586286
40.420021,-0.530757,-0.536893,-0.530757,-0.543029,-0.571603,-0.571603,-0.571603,-0.571603
40.430058,-0.530757,-0.536893,-0.530757,-0.543029,-0.547125,-0.547125,-0.547125,-0.547125
40.440060,-0.576777,-0.581379,-0.575243,-0.584447,-0.513480,-0.513480,-0.513480,-0.513480
40.450058,-0.576777,-0.581379,-0.575243,-0.584447,-0.471182,-0.471182,-0.471182,-0.471182
40.460056,-0.584447,-0.589049,-0.579845,-0.589049,-0.420940,-0.420940,-0.420940,-0.420940
40.470062,-0.562971,-0.572175,-0.566039,-0.573709,-0.363580,-0.363580,-0.363580,-0.363580
40.480057,-0.562971,-0.572175,-0.566039,-0.573709,-0.300155,-0.300155,-0.300155,-0.300155
40.490063,-0.497010,-0.510816,-0.504680,-0.510816,-0.231614,-0.231614,-0.231614,-0.231614
40.500057,-0.497010,-0.510816,-0.504680,-0.510816,-0.159259,-0.159259,-0.159259,-0.159259
40.510059,-0.397301,-0.411107,-0.401903,-0.408039,-0.084228,-0.084228,-0.084228,-0.084228
40.520054,-0.397301,-0.411107,-0.401903,-0.408039,-0.007869,-0.007869,-0.007869,-0.007869
40.530060,-0.271515,-0.283786,-0.269981,-0.274583,0.068669,0.068669,0.068669,0.068669
40.540062,-0.271515,-0.283786,-0.269981,-0.274583,0.143959,0.143959,0.143959,0.143959
40.550064,-0.271515,-0.283786,-0.269981,-0.274583,0.216708,0.216708,0.216708,0.216708
40.560062,-0.125786,-0.139592,-0.121184,-0.128854,0.285734,0.285734,0.285734,0.285734
40.570065,-0.125786,-0.139592,-0.121184,-0.128854,0.349843,0.349843,0.349843,0.349843
40.580063,0.026078,0.024544,0.032214,0.036816,0.407938,0.407938,0.407938,0.407938
40.590065,0.026078,0.024544,0.032214,0.036816,0.459064,0.459064,0.459064,0.459064
40.600063,0.179476,0.173340,0.181010,0.188680,0.502311,0.502311,0.502311,0.502311
40.610062,0.179476,0.173340,0.181010,0.188680,0.536962,0.536962,0.536962,0.536962
40.620064,0.317534,0.306796,0.320602,0.326738,0.562445,0.562445,0.562445,0.562445
40.630062,0.317534,0.306796,0.320602,0.326738,0.578304,0.578304,0.578304,0.578304
40.640064,0.432583,0.415709,0.432583,0.441787,0.584276,0.584276,0.584276,0.584276
40.650063,0.432583,0.415709,0.432583,0.441787,0.580265,0.580265,0.580265,0.580265
40.660061,0.516952,0.503146,0.513884,0.526155,0.566341,0.566341,0.566341,0.566341
40.670036,0.516952,0.503146,0.513884,0.526155,0.542812,0.542812,0.542812,0.542812
40.680061,0.564505,0.550699,0.559903,0.569107,0.509879,0.509879,0.509879,0.509879
40.690060,0.564505,0.550699,0.559903,0.569107,0.468312,0.468312,0.468312,0.468312
40.700054,0.570641,0.558369,0.569107,0.575243,0.418783,0.418783,0.418783,0.418783
40.710056,0.570641,0.558369,0.569107,0.575243,0.362087,0.362087,0.362087,0.362087
40.720055,0.561437,0.547631,0.558369,0.561437,0.299238,0.299238,0.299238,0.299238
40.730053,0.561437,0.547631,0.558369,0.561437,0.231290,0.231290,0.231290,0.231290
40.740059,0.503146,0.495476,0.506214,0.503146,0.159408,0.159408,0.159408,0.159408
40.750057,0.503146,0.495476,0.506214,0.503146,0.084847,0.084847,0.084847,0.084847
40.760056,0.403437,0.397301,0.403437,0.398835,0.008914,0.008914,0.008914,0.008914
40.770054,0.403437,0.397301,0.403437,0.398835,-0.067116,-0.067116,-0.067116,-0.067116
40.780052,0.273049,0.265379,0.273049,0.262311,-0.141956,-0.141956,-0.141956,-0.141956
40.790054,0.273049,0.265379,0.273049,0.262311,-0.214310,-0.214310,-0.214310,-0.214310
40.800056,0.124252,0.119651,0.122718,0.107379,-0.282920,-0.282920,-0.282920,-0.282920
40.810055,0.124252,0.119651,0.122718,0.107379,-0.346602,-0.346602,-0.346602,-0.346602
40.820053,-0.027612,-0.039884,-0.026078,-0.049087,-0.404271,-0.404271,-0.404271,-0.404271
40.830055,-0.027612,-0.039884,-0.026078,-0.049087,-0.454939,-0.454939,-0.454939,-0.454939
40.840054,-0.177942,-0.193282,-0.174874,-0.205553,-0.497718,-0.497718,-0.497718,-0.497718
40.850056,-0.177942,-0.193282,-0.174874,-0.205553,-0.531906,-0.531906,-0.531906,-0.531906
40.860058,-0.316000,-0.329806,-0.312932,-0.342078,-0.556873,-0.556873,-0.556873,-0.556873
40.870056,-0.316000,-0.329806,-0.312932,-0.342078,-0.572210,-0.572210,-0.572210,-0.572210
40.880058,-0.432583,-0.440253,-0.429515,-0.447922,-0.577652,-0.577652,-0.577652,-0.577652
40.890053,-0.432583,-0.440253,-0.429515,-0.447922,-0.573111,-0.573111,-0.573111,-0.573111
40.900059,-0.515418,-0.520020,-0.512350,-0.529223,-0.558659,-0.558659,-0.558659,-0.558659
40.910057,-0.515418,-0.520020,-0.512350,-0.529223,-0.534560,-0.534560,-0.534560,-0.534560
40.920055,-0.561437,-0.566039,-0.561437,-0.572175,-0.501230,-0.501230,-0.501230,-0.501230
40.930054,-0.561437,-0.566039,-0.561437,-0.572175,-0.459250,-0.459250,-0.459250,-0.459250
40.940056,-0.569107,-0.575243,-0.567573,-0.576777,-0.409344,-0.409344,-0.409344,-0.409344
40.950058,-0.569107,-0.575243,-0.567573,-0.576777,-0.352349,-0.352349,-0.352349,-0.352349
40.960056,-0.552233,-0.558369,-0.552233,-0.559903,-0.289318,-0.289318,-0.289318,-0.289318
40.970055,-0.492408,-0.497010,-0.490874,-0.498544,-0.221335,-0.221335,-0.221335,-0.221335
40.980049,-0.492408,-0.497010,-0.490874,-0.498544,-0.149574,-0.149574,-0.149574,-0.149574
40.990055,-0.492408,-0.497010,-0.490874,-0.498544,-0.075195,-0.075195,-0.075195,-0.075195
41.000057,-0.389631,-0.398835,-0.386563,-0.395767,0.000422,0.000422,0.000422,0.000422
41.010056,-0.389631,-0.398835,-0.386563,-0.395767,0.075967,0.075967,0.075967,0.075967
41.020054,-0.251573,-0.273049,-0.257709,-0.266913,0.150105,0.150105,0.150105,0.150105
41.030056,-0.251573,-0.273049,-0.257709,-0.266913,0.221616,0.221616,0.221616,0.221616
41.040054,-0.105845,-0.131922,-0.111981,-0.121184,0.289213,0.289213,0.289213,0.289213
41.050056,-0.105845,-0.131922,-0.111981,-0.121184,0.351716,0.351716,0.351716,0.351716
41.060055,0.038350,0.032214,0.038350,0.042951,0.408042,0.408042,0.408042,0.408042
41.070057,0.182544,0.177942,0.185612,0.191748,0.457238,0.457238,0.457238,0.457238
41.080055,0.182544,0.177942,0.185612,0.191748,0.498405,0.498405,0.498405,0.498405
41.090057,0.316000,0.308330,0.322136,0.328272,0.530863,0.530863,0.530863,0.530863
41.100056,0.316000,0.308330,0.322136,0.328272,0.554022,0.554022,0.554022,0.554022
41.110054,0.429515,0.417243,0.431049,0.441787,0.567494,0.567494,0.567494,0.567494
41.120052,0.429515,0.417243,0.431049,0.441787,0.571045,0.571045,0.571045,0.571045
41.130054,0.429515,0.417243,0.431049,0.441787,0.564610,0.564610,0.564610,0.564610
41.140057,0.512350,0.498544,0.507748,0.520020,0.548308,0.548308,0.548308,0.548308
41.150055,0.512350,0.498544,0.507748,0.520020,0.522421,0.522421,0.522421,0.522421
41.160057,0.555301,0.541495,0.550699,0.559903,0.487410,0.487410,0.487410,0.487410
41.170055,0.555301,0.541495,0.550699,0.559903,0.443890,0.443890,0.443890,0.443890
41.180054,0.559903,0.546097,0.555301,0.562971,0.392633,0.392633,0.392633,0.392633
41.190056,0.559903,0.546097,0.555301,0.562971,0.334510,0.334510,0.334510,0.334510
41.200054,0.543029,0.532291,0.543029,0.543029,0.270606,0.270606,0.270606,0.270606
41.210056,0.543029,0.532291,0.543029,0.543029,0.201946,0.201946,0.201946,0.201946
41.220058,0.478602,0.472466,0.480136,0.480136,0.129797,0.129797,0.129797,0.129797
41.230057,0.478602,0.472466,0.480136,0.480136,0.055437,0.055437,0.055437,0.055437
41.240063,0.372757,0.368155,0.374291,0.371223,-0.019866,-0.019866,-0.019866,-0.019866
41.250065,0.372757,0.368155,0.374291,0.371223,-0.094765,-0.094765,-0.094765,-0.094765
41.260056,0.242369,0.236233,0.239301,0.234699,-0.167870,-0.167870,-0.167870,-0.167870
41.270054,0.242369,0.236233,0.239301,0.234699,-0.238019,-0.238019,-0.238019,-0.238019
41.280052,0.095107,0.090505,0.092039,0.085903,-0.303925,-0.303925,-0.303925,-0.303925
41.290054,0.095107,0.090505,0.092039,0.085903,-0.364453,-0.364453,-0.364453,-0.364453
41.300064,-0.056757,-0.072097,-0.058291,-0.072097,-0.418544,-0.418544,-0.418544,-0.418544
41.310059,-0.056757,-0.072097,-0.058291,-0.072097,-0.465160,-0.465160,-0.465160,-0.465160
41.320065,-0.204019,-0.220893,-0.207087,-0.223961,-0.503578,-0.503578,-0.503578,-0.503578
41.330048,-0.204019,-0.220893,-0.207087,-0.223961,-0.533012,-0.533012,-0.533012,-0.533012
41.340065,-0.335942,-0.348214,-0.339010,-0.355884,-0.553106,-0.553106,-0.553106,-0.553106
41.350063,-0.335942,-0.348214,-0.339010,-0.355884,-0.563373,-0.563373,-0.563373,-0.563373
41.360046,-0.444854,-0.454058,-0.441787,-0.460194,-0.563689,-0.563689,-0.563689,-0.563689
41.370064,-0.444854,-0.454058,-0.441787,-0.460194,-0.554024,-0.554024,-0.554024,-0.554024
41.380062,-0.518486,-0.524621,-0.513884,-0.530757,-0.534581,-0.534581,-0.534581,-0.534581
41.390060,-0.518486,-0.524621,-0.513884,-0.530757,-0.505687,-0.505687,-0.505687,-0.505687
41.400063,-0.553767,-0.558369,-0.552233,-0.562971,-0.467853,-0.467853,-0.467853,-0.467853
41.410061,-0.553767,-0.558369,-0.552233,-0.562971,-0.421789,-0.421789,-0.421789,-0.421789
41.420063,-0.555301,-0.561437,-0.553767,-0.564505,-0.368257,-0.368257,-0.368257,-0.368257
41.430061,-0.555301,-0.561437,-0.553767,-0.564505,-0.308248,-0.308248,-0.308248,-0.308248
41.440063,-0.529223,-0.532291,-0.529223,-0.535359,-0.242795,-0.242795,-0.242795,-0.242795
41.450062,-0.529223,-0.532291,-0.529223,-0.535359,-0.173101,-0.173101,-0.173101,-0.173101
41.460064,-0.455592,-0.458660,-0.457126,-0.461728,-0.100372,-0.100372,-0.100372,-0.100372
41.470062,-0.455592,-0.458660,-0.457126,-0.461728,-0.025917,-0.025917,-0.025917,-0.025917
41.480057,-0.345146,-0.349748,-0.345146,-0.354350,0.048917,0.048917,0.048917,0.048917
41.490063,-0.345146,-0.349748,-0.345146,-0.354350,0.122884,0.122884,0.122884,0.122884
41.500061,-0.211689,-0.220893,-0.211689,-0.217825,0.194590,0.194590,0.194590,0.194590
41.510059,-0.211689,-0.220893,-0.211689,-0.217825,0.262765,0.262765,0.262765,0.262765
41.520058,-0.056757,-0.073631,-0.061359,-0.062893,0.326225,0.326225,0.326225,0.326225
41.530060,-0.056757,-0.073631,-0.061359,-0.062893,0.383846,0.383846,0.383846,0.383846
41.540058,0.090505,0.084369,0.088971,0.095107,0.434566,0.434566,0.434566,0.434566
41.550060,0.090505,0.084369,0.088971,0.095107,0.477519,0.477519,0.477519,0.477519
41.560055,0.228563,0.227029,0.230097,0.245437,0.511894,0.511894,0.511894,0.511894
41.570057,0.228563,0.227029,0.230097,0.245437,0.537142,0.537142,0.537142,0.537142
41.580059,0.349748,0.348214,0.355884,0.372757,0.552777,0.552777,0.552777,0.552777
41.590057,0.349748,0.348214,0.355884,0.372757,0.558526,0.558526,0.558526,0.558526
41.600056,0.452524,0.441787,0.454058,0.466330,0.554292,0.554292,0.554292,0.554292
41.610058,0.452524,0.441787,0.454058,0.466330,0.540146,0.540146,0.540146,0.540146
41.620056,0.523088,0.509282,0.518486,0.526155,0.516356,0.516356,0.516356,0.516356
41.630058,0.523088,0.509282,0.518486,0.526155,0.483337,0.483337,0.483337,0.483337
41.640057,0.549165,0.535359,0.544563,0.550699,0.441705,0.441705,0.441705,0.441705
41.650059,0.549165,0.535359,0.544563,0.550699,0.392158,0.392158,0.392158,0.392158
41.660053,0.547631,0.533825,0.543029,0.547631,0.335669,0.335669,0.335669,0.335669
41.670059,0.547631,0.533825,0.543029,0.547631,0.273135,0.273135,0.273135,0.273135
41.680058,0.512350,0.498544,0.510816,0.510816,0.205800,0.205800,0.205800,0.205800
41.690056,0.512350,0.498544,0.510816,0.510816,0.134796,0.134796,0.134796,0.134796
41.700054,0.429515,0.418777,0.431049,0.427981,0.061444,0.061444,0.061444,0.061444
41.710056,0.429515,0.418777,0.431049,0.427981,-0.012991,-0.012991,-0.012991,-0.012991
41.720055,0.314466,0.300660,0.314466,0.306796,-0.087116,-0.087116,-0.087116,-0.087116
41.730057,0.177942,0.161068,0.174874,0.165670,-0.159637,-0.159637,-0.159637,-0.159637
41.740055,0.177942,0.161068,0.174874,0.165670,-0.229236,-0.229236,-0.229236,-0.229236
41.750057,0.177942,0.161068,0.174874,0.165670,-0.294659,-0.294659,-0.294659,-0.294659
41.760056,0.027612,0.012272,0.023010,0.018408,-0.354719,-0.354719,-0.354719,-0.354719
41.770054,-0.122718,-0.147262,-0.125786,-0.144194,-0.408359,-0.408359,-0.408359,-0.408359
41.780052,-0.122718,-0.147262,-0.125786,-0.144194,-0.454595,-0.454595,-0.454595,-0.454595
41.790058,-0.122718,-0.147262,-0.125786,-0.144194,-0.492620,-0.492620,-0.492620,-0.492620
41.800053,-0.263845,-0.285320,-0.266913,-0.283786,-0.521710,-0.521710,-0.521710,-0.521710
41.810055,-0.263845,-0.285320,-0.266913,-0.283786,-0.541377,-0.541377,-0.541377,-0.541377
41.820057,-0.383495,-0.400369,-0.386563,-0.400369,-0.551258,-0.551258,-0.551258,-0.551258
41.830055,-0.383495,-0.400369,-0.386563,-0.400369,-0.551170,-0.551170,-0.551170,-0.551170
41.840057,-0.475534,-0.487806,-0.477068,-0.489340,-0.541119,-0.541119,-0.541119,-0.541119
41.850056,-0.475534,-0.487806,-0.477068,-0.489340,-0.521295,-0.521295,-0.521295,-0.521295
41.860058,-0.530757,-0.536893,-0.530757,-0.539961,-0.492045,-0.492045,-0.492045,-0.492045
41.870056,-0.530757,-0.536893,-0.530757,-0.539961,-0.453928,-0.453928,-0.453928,-0.453928
41.880054,-0.544563,-0.549165,-0.543029,-0.553767,-0.407618,-0.407618,-0.407618,-0.407618
41.890057,-0.544563,-0.549165,-0.543029,-0.553767,-0.353945,-0.353945,-0.353945,-0.353945
41.900055,-0.533825,-0.541495,-0.536893,-0.543029,-0.293911,-0.293911,-0.293911,-0.293911
41.910057,-0.533825,-0.541495,-0.536893,-0.543029,-0.228573,-0.228573,-0.228573,-0.228573
41.920055,-0.481670,-0.490874,-0.487806,-0.490874,-0.159150,-0.159150,-0.159150,-0.159150
41.930058,-0.481670,-0.490874,-0.487806,-0.490874,-0.086872,-0.086872,-0.086872,-0.086872
41.940056,-0.389631,-0.400369,-0.395767,-0.397301,-0.013078,-0.013078,-0.013078,-0.013078
41.950054,-0.389631,-0.400369,-0.395767,-0.397301,0.060890,0.060890,0.060890,0.060890
41.960060,-0.265379,-0.279185,-0.266913,-0.273049,0.133747,0.133747,0.133747,0.133747
41.970058,-0.265379,-0.279185,-0.266913,-0.273049,0.204073,0.204073,0.204073,0.204073
41.980057,-0.125786,-0.139592,-0.122718,-0.133456,0.270652,0.270652,0.270652,0.270652
41.990067,-0.125786,-0.139592,-0.122718,-0.133456,0.332307,0.332307,0.332307,0.332307
42.000057,0.029146,0.019942,0.024544,0.030680,0.387782,0.387782,0.387782,0.387782
42.010056,0.176408,0.161068,0.170272,0.176408,0.436186,0.436186,0.436186,0.436186
42.020061,0.176408,0.161068,0.170272,0.176408,0.476644,0.476644,0.476644,0.476644
42.030060,0.302194,0.289922,0.302194,0.309864,0.508339,0.508339,0.508339,0.508339
42.040058,0.302194,0.289922,0.302194,0.309864,0.530753,0.530753,0.530753,0.530753
42.050060,0.302194,0.289922,0.302194,0.309864,0.543474,0.543474,0.543474,0.543474
42.060062,0.408039,0.394233,0.411107,0.420311,0.546258,0.546258,0.546258,0.546258
42.070065,0.489340,0.474000,0.489340,0.495476,0.539060,0.539060,0.539060,0.539060
42.080063,0.489340,0.474000,0.489340,0.495476,0.522018,0.522018,0.522018,0.522018
42.090019,0.532291,0.516952,0.527689,0.533825,0.495579,0.495579,0.495579,0.495579
42.100060,0.532291,0.516952,0.527689,0.533825,0.459828,0.459828,0.459828,0.459828
42.110058,0.532291,0.516952,0.527689,0.533825,0.415824,0.415824,0.415824,0.415824
42.120060,0.536893,0.521554,0.532291,0.536893,0.364236,0.364236,0.364236,0.364236
42.130054,0.516952,0.507748,0.516952,0.518486,0.306053,0.306053,0.306053,0.306053
42.140049,0.516952,0.507748,0.516952,0.518486,0.242285,0.242285,0.242285,0.242285
42.150063,0.450990,0.444854,0.452524,0.450990,0.174018,0.174018,0.174018,0.174018
42.160065,0.450990,0.444854,0.452524,0.450990,0.102670,0.102670,0.102670,0.102670
42.170063,0.346680,0.339010,0.348214,0.342078,0.029519,0.029519,0.029519,0.029519
42.180050,0.346680,0.339010,0.348214,0.342078,-0.044060,-0.044060,-0.044060,-0.044060
42.190067,0.214757,0.205553,0.213223,0.207087,-0.116979,-0.116979,-0.116979,-0.116979
42.200062,0.214757,0.205553,0.213223,0.207087,-0.187534,-0.187534,-0.187534,-0.187534
42.210056,0.067495,0.062893,0.065961,0.061359,-0.254601,-0.254601,-0.254601,-0.254601
42.220062,0.067495,0.062893,0.065961,0.061359,-0.317010,-0.317010,-0.317010,-0.317010
42.230057,0.067495,0.062893,0.065961,0.061359,-0.373481,-0.373481,-0.373481,-0.373481
42.240059,-0.079767,-0.098175,-0.082835,-0.099709,-0.423061,-0.423061,-0.423061,-0.423061
42.250061,-0.079767,-0.098175,-0.082835,-0.099709,-0.464829,-0.464829,-0.464829,-0.464829
42.260059,-0.222427,-0.236233,-0.222427,-0.242369,-0.497985,-0.497985,-0.497985,-0.497985
42.270065,-0.346680,-0.357418,-0.349748,-0.365087,-0.521943,-0.521943,-0.521943,-0.521943
42.280060,-0.346680,-0.357418,-0.349748,-0.365087,-0.536247,-0.536247,-0.536247,-0.536247
42.290062,-0.444854,-0.454058,-0.447922,-0.460194,-0.540654,-0.540654,-0.540654,-0.540654
42.300056,-0.444854,-0.454058,-0.447922,-0.460194,-0.535080,-0.535080,-0.535080,-0.535080
42.310059,-0.509282,-0.513884,-0.509282,-0.521554,-0.519620,-0.519620,-0.519620,-0.519620
42.320057,-0.509282,-0.513884,-0.509282,-0.521554,-0.494576,-0.494576,-0.494576,-0.494576
42.330055,-0.509282,-0.513884,-0.509282,-0.521554,-0.460412,-0.460412,-0.460412,-0.460412
42.340061,-0.533825,-0.538427,-0.530757,-0.539961,-0.417726,-0.417726,-0.417726,-0.417726
42.350060,-0.529223,-0.535359,-0.527689,-0.535359,-0.367370,-0.367370,-0.367370,-0.367370
42.360062,-0.529223,-0.535359,-0.527689,-0.535359,-0.310230,-0.310230,-0.310230,-0.310230
42.370064,-0.529223,-0.535359,-0.527689,-0.535359,-0.247372,-0.247372,-0.247372,-0.247372
42.380032,-0.486272,-0.492408,-0.490874,-0.490874,-0.180221,-0.180221,-0.180221,-0.180221
42.390064,-0.486272,-0.492408,-0.490874,-0.490874,-0.109330,-0.109330,-0.109330,-0.109330
42.400063,-0.403437,-0.412641,-0.406505,-0.404971,-0.036679,-0.036679,-0.036679,-0.036679
42.410065,-0.403437,-0.412641,-0.406505,-0.404971,0.036594,0.036594,0.036594,0.036594
42.420063,-0.286854,-0.299126,-0.291456,-0.285320,0.109150,0.109150,0.109150,0.109150
42.430058,-0.286854,-0.299126,-0.291456,-0.285320,0.179583,0.179583,0.179583,0.179583
42.440060,-0.148796,-0.164136,-0.153398,-0.147262,0.246668,0.246668,0.246668,0.246668
42.450062,-0.148796,-0.164136,-0.153398,-0.147262,0.309134,0.309134,0.309134,0.309134
42.460064,-0.001534,-0.010738,0.001534,0.013806,0.365802,0.365802,0.365802,0.365802
42.470062,-0.001534,-0.010738,0.001534,0.013806,0.415626,0.415626,0.415626,0.415626
42.480057,0.144194,0.139592,0.145728,0.151864,0.457637,0.457637,0.457637,0.457637
42.490059,0.144194,0.139592,0.145728,0.151864,0.491141,0.491141,0.491141,0.491141
42.500053,0.282252,0.268447,0.280719,0.285320,0.515453,0.515453,0.515453,0.515453
42.510059,0.282252,0.268447,0.280719,0.285320,0.530163,0.530163,0.530163,0.530163
42.520058,0.391165,0.374291,0.389631,0.397301,0.534960,0.534960,0.534960,0.534960
42.530052,0.391165,0.374291,0.389631,0.397301,0.529780,0.529780,0.529780,0.529780
42.540054,0.474000,0.454058,0.469398,0.477068,0.514712,0.514712,0.514712,0.514712
42.550056,0.474000,0.454058,0.469398,0.477068,0.490039,0.490039,0.490039,0.490039
42.560059,0.515418,0.503146,0.510816,0.521554,0.456228,0.456228,0.456228,0.456228
42.570057,0.515418,0.503146,0.510816,0.521554,0.413916,0.413916,0.413916,0.413916
42.580055,0.523088,0.512350,0.516952,0.527689,0.363898,0.363898,0.363898,0.363898
42.590057,0.523088,0.512350,0.516952,0.527689,0.307087,0.307087,0.307087,0.307087
42.600052,0.509282,0.498544,0.506214,0.509282,0.244612,0.244612,0.244612,0.244612
42.610054,0.509282,0.498544,0.506214,0.509282,0.177553,0.177553,0.177553,0.177553
42.620056,0.449456,0.441787,0.449456,0.446388,0.107220,0.107220,0.107220,0.107220
42.630058,0.449456,0.441787,0.449456,0.446388,0.034932,0.034932,0.034932,0.034932
42.640060,0.348214,0.340544,0.349748,0.342078,-0.037988,-0.037988,-0.037988,-0.037988
42.650059,0.348214,0.340544,0.349748,0.342078,-0.110089,-0.110089,-0.110089,-0.110089
42.660057,0.219359,0.210155,0.214757,0.210155,-0.180102,-0.180102,-0.180102,-0.180102
42.670059,0.219359,0.210155,0.214757,0.210155,-0.246681,-0.246681,-0.246681,-0.246681
42.680058,0.075165,0.069029,0.069029,0.064427,-0.308586,-0.308586,-0.308586,-0.308586
42.690060,0.075165,0.069029,0.069029,0.064427,-0.364645,-0.364645,-0.364645,-0.364645
42.700058,-0.070563,-0.090505,-0.076699,-0.092039,-0.413807,-0.413807,-0.413807,-0.413807
42.710056,-0.070563,-0.090505,-0.076699,-0.092039,-0.455154,-0.455154,-0.455154,-0.455154
42.720058,-0.214757,-0.230097,-0.216291,-0.233165,-0.487908,-0.487908,-0.487908,-0.487908
42.730061,-0.214757,-0.230097,-0.216291,-0.233165,-0.511454,-0.511454,-0.511454,-0.511454
42.740059,-0.337476,-0.348214,-0.339010,-0.355884,-0.525339,-0.525339,-0.525339,-0.525339
42.750057,-0.337476,-0.348214,-0.339010,-0.355884,-0.529320,-0.529320,-0.529320,-0.529320
42.760044,-0.435651,-0.444854,-0.437185,-0.450990,-0.523332,-0.523332,-0.523332,-0.523332
42.770058,-0.435651,-0.444854,-0.437185,-0.450990,-0.507449,-0.507449,-0.507449,-0.507449
42.780056,-0.498544,-0.504680,-0.498544,-0.510816,-0.482019,-0.482019,-0.482019,-0.482019
42.790058,-0.523088,-0.526155,-0.520020,-0.530757,-0.447491,-0.447491,-0.447491,-0.447491
42.800056,-0.523088,-0.526155,-0.520020,-0.530757,-0.404548,-0.404548,-0.404548,-0.404548
42.810055,-0.523088,-0.526155,-0.520020,-0.530757,-0.353994,-0.353994,-0.353994,-0.353994
42.820057,-0.518486,-0.524621,-0.516952,-0.526155,-0.296774,-0.296774,-0.296774,-0.296774
42.830055,-0.518486,-0.524621,-0.516952,-0.526155,-0.233981,-0.233981,-0.233981,-0.233981
42.840027,-0.474000,-0.481670,-0.475534,-0.483204,-0.167006,-0.167006,-0.167006,-0.167006
42.850056,-0.474000,-0.481670,-0.475534,-0.483204,-0.096500,-0.096500,-0.096500,-0.096500
42.860058,-0.389631,-0.398835,-0.389631,-0.395767,-0.024428,-0.024428,-0.024428,-0.024428
42.870056,-0.389631,-0.398835,-0.389631,-0.395767,0.048055,0.048055,0.048055,0.048055
42.880058,-0.271515,-0.283786,-0.279185,-0.277651,0.119582,0.119582,0.119582,0.119582
42.890057,-0.271515,-0.283786,-0.279185,-0.277651,0.188783,0.188783,0.188783,0.188783
42.900055,-0.133456,-0.151864,-0.142660,-0.141126,0.254355,0.254355,0.254355,0.254355
42.910057,-0.133456,-0.151864,-0.142660,-0.141126,0.315066,0.315066,0.315066,0.315066
42.920055,0.010738,0.003068,0.012272,0.018408,0.369732,0.369732,0.369732,0.369732
42.930054,0.010738,0.003068,0.012272,0.018408,0.417348,0.417348,0.417348,0.417348
42.940052,0.153398,0.147262,0.154932,0.159534,0.456985,0.456985,0.456985,0.456985
42.950054,0.153398,0.147262,0.154932,0.159534,0.487929,0.487929,0.487929,0.487929
42.960056,0.283786,0.273049,0.285320,0.291456,0.509557,0.509557,0.509557,0.509557
42.970055,0.283786,0.273049,0.285320,0.291456,0.521468,0.521468,0.521468,0.521468
42.980053,0.394233,0.378893,0.392699,0.401903,0.523440,0.523440,0.523440,0.523440
42.990059,0.394233,0.378893,0.392699,0.401903,0.515432,0.515432,0.515432,0.515432
43.000057,0.470932,0.452524,0.467864,0.477068,0.497605,0.497605,0.497605,0.497605
43.010059,0.470932,0.452524,0.467864,0.477068,0.470306,0.470306,0.470306,0.470306
43.020054,0.509282,0.495476,0.503146,0.513884,0.434057,0.434057,0.434057,0.434057
43.030056,0.509282,0.495476,0.503146,0.513884,0.389543,0.389543,0.389543,0.389543
43.040054,0.512350,0.500078,0.506214,0.516952,0.337624,0.337624,0.337624,0.337624
43.050056,0.512350,0.500078,0.506214,0.516952,0.279266,0.279266,0.279266,0.279266
43.060059,0.493942,0.483204,0.490874,0.493942,0.215608,0.215608,0.215608,0.215608
43.070057,0.493942,0.483204,0.490874,0.493942,0.147917,0.147917,0.147917,0.147917
43.080055,0.426447,0.417243,0.426447,0.421845,0.077435,0.077435,0.077435,0.077435
43.090054,0.426447,0.417243,0.426447,0.421845,0.005498,0.005498,0.005498,0.005498
43.100052,0.320602,0.312932,0.320602,0.314466,-0.066482,-0.066482,-0.066482,-0.066482
43.110058,0.320602,0.312932,0.320602,0.314466,-0.137189,-0.137189,-0.137189,-0.137189
43.120056,0.188680,0.182544,0.187146,0.179476,-0.205171,-0.205171,-0.205171,-0.205171
43.130054,0.188680,0.182544,0.187146,0.179476,-0.269169,-0.269169,-0.269169,-0.269169
43.140057,0.046019,0.039884,0.041417,0.032214,-0.327976,-0.327976,-0.327976,-0.327976
43.150059,0.046019,0.039884,0.041417,0.032214,-0.380465,-0.380465,-0.380465,-0.380465
43.160057,-0.102777,-0.119651,-0.104311,-0.128854,-0.425583,-0.425583,-0.425583,-0.425583
43.170055,-0.102777,-0.119651,-0.104311,-0.128854,-0.462502,-0.462502,-0.462502,-0.462502
43.180058,-0.240835,-0.254641,-0.242369,-0.263845,-0.490512,-0.490512,-0.490512,-0.490512
43.190060,-0.240835,-0.254641,-0.242369,-0.263845,-0.509073,-0.509073,-0.509073,-0.509073
43.200054,-0.357418,-0.366621,-0.357418,-0.378893,-0.517819,-0.517819,-0.517819,-0.517819
43.210056,-0.357418,-0.366621,-0.357418,-0.378893,-0.516602,-0.516602,-0.516602,-0.516602
43.220055,-0.444854,-0.454058,-0.446388,-0.460194,-0.505443,-0.505443,-0.505443,-0.505443
43.230057,-0.444854,-0.454058,-0.446388,-0.460194,-0.484546,-0.484546,-0.484546,-0.484546
43.240059,-0.497010,-0.503146,-0.497010,-0.509282,-0.454332,-0.454332,-0.454332,-0.454332
43.250057,-0.497010,-0.503146,-0.497010,-0.509282,-0.415385,-0.415385,-0.415385,-0.415385
43.260059,-0.510816,-0.515418,-0.507748,-0.520020,-0.368435,-0.368435,-0.368435,-0.368435
43.270054,-0.510816,-0.515418,-0.507748,-0.520020,-0.314435,-0.314435,-0.314435,-0.314435
43.280056,-0.500078,-0.506214,-0.500078,-0.507748,-0.254380,-0.254380,-0.254380,-0.254380
43.290058,-0.500078,-0.506214,-0.500078,-0.507748,-0.189445,-0.189445,-0.189445,-0.189445
43.300056,-0.444854,-0.449456,-0.447922,-0.454058,-0.120929,-0.120929,-0.120929,-0.120929
43.310059,-0.444854,-0.449456,-0.447922,-0.454058,-0.050070,-0.050070,-0.050070,-0.050070
43.320053,-0.349748,-0.355884,-0.349748,-0.357418,0.021645,0.021645,0.021645,0.021645
43.330055,-0.349748,-0.355884,-0.349748,-0.357418,0.092933,0.092933,0.092933,0.092933
43.340054,-0.228563,-0.234699,-0.223961,-0.231631,0.162359,0.162359,0.162359,0.162359
43.350044,-0.228563,-0.234699,-0.223961,-0.231631,0.228535,0.228535,0.228535,0.228535
43.360058,-0.088971,-0.098175,-0.090505,-0.092039,0.290387,0.290387,0.290387,0.290387
43.370060,0.055223,0.058291,0.049087,0.062893,0.346509,0.346509,0.346509,0.346509
43.380054,0.055223,0.058291,0.049087,0.062893,0.395824,0.395824,0.395824,0.395824
43.390053,0.055223,0.058291,0.049087,0.062893,0.437447,0.437447,0.437447,0.437447
43.400063,0.194816,0.194816,0.188680,0.200952,0.470578,0.470578,0.470578,0.470578
43.410061,0.194816,0.194816,0.188680,0.200952,0.494523,0.494523,0.494523,0.494523
43.420063,0.316000,0.311398,0.314466,0.326738,0.508845,0.508845,0.508845,0.508845
43.430065,0.316000,0.311398,0.314466,0.326738,0.513265,0.513265,0.513265,0.513265
43.440060,0.415709,0.403437,0.411107,0.424913,0.507706,0.507706,0.507706,0.507706
43.450058,0.415709,0.403437,0.411107,0.424913,0.492275,0.492275,0.492275,0.492275
43.460060,0.481670,0.466330,0.475534,0.483204,0.467268,0.467268,0.467268,0.467268
43.470066,0.481670,0.466330,0.475534,0.483204,0.433166,0.433166,0.433166,0.433166
43.480057,0.503146,0.489340,0.495476,0.506214,0.390696,0.390696,0.390696,0.390696
43.490063,0.503146,0.489340,0.495476,0.506214,0.340590,0.340590,0.340590,0.340590
43.500057,0.501612,0.487806,0.493942,0.501612,0.283912,0.283912,0.283912,0.283912
43.510063,0.501612,0.487806,0.493942,0.501612,0.221699,0.221699,0.221699,0.221699
43.520065,0.460194,0.449456,0.461728,0.461728,0.155205,0.155205,0.155205,0.155205
43.530060,0.375825,0.366621,0.381961,0.377359,0.085782,0.085782,0.085782,0.085782
43.540058,0.375825,0.366621,0.381961,0.377359,0.014700,0.014700,0.014700,0.014700
43.550041,0.375825,0.366621,0.381961,0.377359,-0.056514,-0.056514,-0.056514,-0.056514
43.560059,0.260777,0.246971,0.259243,0.256175,-0.126798,-0.126798,-0.126798,-0.126798
43.570061,0.260777,0.246971,0.259243,0.256175,-0.194481,-0.194481,-0.194481,-0.194481
43.580051,0.125786,0.111981,0.121184,0.119651,-0.258204,-0.258204,-0.258204,-0.258204
43.590054,0.125786,0.111981,0.121184,0.119651,-0.316927,-0.316927,-0.316927,-0.316927
43.600060,-0.016874,-0.039884,-0.023010,-0.030680,-0.369415,-0.369415,-0.369415,-0.369415
43.610062,-0.016874,-0.039884,-0.023010,-0.030680,-0.414585,-0.414585,-0.414585,-0.414585
43.620064,-0.159534,-0.184078,-0.164136,-0.181010,-0.451615,-0.451615,-0.451615,-0.451615
43.630062,-0.159534,-0.184078,-0.164136,-0.181010,-0.479748,-0.479748,-0.479748,-0.479748
43.640060,-0.289922,-0.308330,-0.291456,-0.308330,-0.498449,-0.498449,-0.498449,-0.498449
43.650063,-0.395767,-0.408039,-0.394233,-0.409573,-0.507358,-0.507358,-0.507358,-0.507358
43.660027,-0.395767,-0.408039,-0.394233,-0.409573,-0.506318,-0.506318,-0.506318,-0.506318
43.670063,-0.395767,-0.408039,-0.394233,-0.409573,-0.495290,-0.495290,-0.495290,-0.495290
43.680061,-0.464796,-0.475534,-0.464796,-0.478602,-0.474552,-0.474552,-0.474552,-0.474552
43.690063,-0.464796,-0.475534,-0.464796,-0.478602,-0.444493,-0.444493,-0.444493,-0.444493
43.700062,-0.500078,-0.504680,-0.495476,-0.507748,-0.405731,-0.405731,-0.405731,-0.405731
43.710064,-0.500078,-0.504680,-0.495476,-0.507748,-0.358986,-0.358986,-0.358986,-0.358986
43.720058,-0.501612,-0.504680,-0.497010,-0.509282,-0.305240,-0.305240,-0.305240,-0.305240
43.730019,-0.501612,-0.504680,-0.497010,-0.509282,-0.245741,-0.245741,-0.245741,-0.245741
43.740070,-0.467864,-0.472466,-0.469398,-0.475534,-0.180862,-0.180862,-0.180862,-0.180862
43.750057,-0.467864,-0.472466,-0.469398,-0.475534,-0.112879,-0.112879,-0.112879,-0.112879
43.760052,-0.392699,-0.397301,-0.394233,-0.400369,-0.042665,-0.042665,-0.042665,-0.042665
43.770061,-0.392699,-0.397301,-0.394233,-0.400369,0.028433,0.028433,0.028433,0.028433
43.780064,-0.283786,-0.289922,-0.283786,-0.289922,0.098900,0.098900,0.098900,0.098900
43.790058,-0.283786,-0.289922,-0.283786,-0.289922,0.167299,0.167299,0.167299,0.167299
43.800060,-0.153398,-0.158000,-0.148796,-0.156466,0.232398,0.232398,0.232398,0.232398
43.810062,-0.153398,-0.158000,-0.148796,-0.156466,0.292841,0.292841,0.292841,0.292841
43.820061,-0.010738,-0.009204,-0.006136,0.000000,0.347452,0.347452,0.347452,0.347452
43.830063,-0.010738,-0.009204,-0.006136,0.000000,0.395156,0.395156,0.395156,0.395156
43.840061,0.133456,0.133456,0.134990,0.141126,0.434999,0.434999,0.434999,0.434999
43.850063,0.133456,0.133456,0.134990,0.141126,0.466212,0.466212,0.466212,0.466212
43.860062,0.263845,0.257709,0.259243,0.268447,0.488151,0.488151,0.488151,0.488151
43.870060,0.263845,0.257709,0.259243,0.268447,0.500406,0.500406,0.500406,0.500406
43.880062,0.369689,0.360486,0.365087,0.375825,0.502729,0.502729,0.502729,0.502729
43.890060,0.369689,0.360486,0.365087,0.375825,0.495078,0.495078,0.495078,0.495078
43.900063,0.446388,0.434117,0.441787,0.454058,0.477601,0.477601,0.477601,0.477601
43.910065,0.446388,0.434117,0.441787,0.454058,0.450646,0.450646,0.450646,0.450646
43.920048,0.489340,0.475534,0.481670,0.493942,0.414823,0.414823,0.414823,0.414823
43.930061,0.489340,0.475534,0.481670,0.493942,0.370672,0.370672,0.370672,0.370672
43.940063,0.493942,0.480136,0.486272,0.495476,0.319225,0.319225,0.319225,0.319225
43.950066,0.493942,0.480136,0.486272,0.495476,0.261444,0.261444,0.261444,0.261444
43.960064,0.469398,0.458660,0.469398,0.470932,0.198545,0.198545,0.198545,0.198545
43.970062,0.469398,0.458660,0.469398,0.470932,0.131708,0.131708,0.131708,0.131708
43.980057,0.404971,0.394233,0.409573,0.404971,0.062332,0.062332,0.062332,0.062332
43.990059,0.404971,0.394233,0.409573,0.404971,-0.008301,-0.008301,-0.008301,-0.008301
44.000065,0.302194,0.286854,0.302194,0.294524,-0.078723,-0.078723,-0.078723,-0.078723
44.010044,0.171806,0.159534,0.168738,0.161068,-0.147351,-0.147351,-0.147351,-0.147351
44.020065,0.171806,0.159534,0.168738,0.161068,-0.213284,-0.213284,-0.213284,-0.213284
44.030064,0.030680,0.019942,0.027612,0.019942,-0.274767,-0.274767,-0.274767,-0.274767
44.040062,0.030680,0.019942,0.027612,0.019942,-0.330725,-0.330725,-0.330725,-0.330725
44.050060,0.030680,0.019942,0.027612,0.019942,-0.380030,-0.380030,-0.380030,-0.380030
44.060062,-0.113515,-0.131922,-0.115049,-0.131922,-0.421719,-0.421719,-0.421719,-0.421719
44.070065,-0.248505,-0.259243,-0.250039,-0.263845,-0.454949,-0.454949,-0.454949,-0.454949
44.080063,-0.248505,-0.259243,-0.250039,-0.263845,-0.479045,-0.479045,-0.479045,-0.479045
44.090061,-0.248505,-0.259243,-0.250039,-0.263845,-0.493533,-0.493533,-0.493533,-0.493533
44.100063,-0.357418,-0.366621,-0.358952,-0.374291,-0.498132,-0.498132,-0.498132,-0.498132
44.110065,-0.357418,-0.366621,-0.358952,-0.374291,-0.492747,-0.492747,-0.492747,-0.492747
44.120064,-0.438719,-0.447922,-0.438719,-0.454058,-0.477492,-0.477492,-0.477492,-0.477492
44.130066,-0.483204,-0.490874,-0.483204,-0.495476,-0.452658,-0.452658,-0.452658,-0.452658
44.140060,-0.483204,-0.490874,-0.483204,-0.495476,-0.418788,-0.418788,-0.418788,-0.418788
44.150063,-0.490874,-0.497010,-0.487806,-0.500078,-0.376513,-0.376513,-0.376513,-0.376513
44.160030,-0.490874,-0.497010,-0.487806,-0.500078,-0.326876,-0.326876,-0.326876,-0.326876
44.170063,-0.490874,-0.497010,-0.487806,-0.500078,-0.270373,-0.270373,-0.270373,-0.270373
44.180061,-0.472466,-0.480136,-0.472466,-0.480136,-0.208663,-0.208663,-0.208663,-0.208663
44.190060,-0.472466,-0.480136,-0.472466,-0.480136,-0.142787,-0.142787,-0.142787,-0.142787
44.200058,-0.409573,-0.418777,-0.409573,-0.414175,-0.074086,-0.074086,-0.074086,-0.074086
44.210060,-0.409573,-0.418777,-0.409573,-0.414175,-0.003924,-0.003924,-0.003924,-0.003924
44.220062,-0.308330,-0.320602,-0.306796,-0.312932,0.066274,0.066274,0.066274,0.066274
44.230061,-0.308330,-0.320602,-0.306796,-0.312932,0.135075,0.135075,0.135075,0.135075
44.240063,-0.181010,-0.196350,-0.179476,-0.185612,0.201113,0.201113,0.201113,0.201113
44.250065,-0.181010,-0.196350,-0.179476,-0.185612,0.263058,0.263058,0.263058,0.263058
44.260063,-0.042951,-0.055223,-0.039884,-0.036816,0.319655,0.319655,0.319655,0.319655
44.270061,-0.042951,-0.055223,-0.039884,-0.036816,0.369752,0.369752,0.369752,0.369752
44.280060,0.099709,0.095107,0.102777,0.107379,0.412345,0.412345,0.412345,0.412345
44.290062,0.099709,0.095107,0.102777,0.107379,0.446606,0.446606,0.446606,0.446606
44.300056,0.231631,0.223961,0.233165,0.239301,0.471810,0.471810,0.471810,0.471810
44.310062,0.231631,0.223961,0.233165,0.239301,0.487472,0.487472,0.487472,0.487472
44.320065,0.342078,0.331340,0.343612,0.351282,0.493258,0.493258,0.493258,0.493258
44.330059,0.342078,0.331340,0.343612,0.351282,0.489063,0.489063,0.489063,0.489063
44.340057,0.426447,0.411107,0.423379,0.434117,0.474980,0.474980,0.474980,0.474980
44.350063,0.426447,0.411107,0.423379,0.434117,0.451269,0.451269,0.451269,0.451269
44.360054,0.475534,0.458660,0.469398,0.478602,0.418475,0.418475,0.418475,0.418475
44.370064,0.475534,0.458660,0.469398,0.478602,0.377153,0.377153,0.377153,0.377153
44.380051,0.483204,0.469398,0.475534,0.484738,0.328318,0.328318,0.328318,0.328318
44.390060,0.483204,0.469398,0.475534,0.484738,0.272733,0.272733,0.272733,0.272733
44.400059,0.469398,0.457126,0.467864,0.469398,0.211716,0.211716,0.211716,0.211716
44.410061,0.469398,0.457126,0.467864,0.469398,0.146424,0.146424,0.146424,0.146424
44.420059,0.411107,0.403437,0.417243,0.408039,0.078218,0.078218,0.078218,0.078218
44.430065,0.411107,0.403437,0.417243,0.408039,0.008429,0.008429,0.008429,0.008429
44.440067,0.306796,0.305262,0.320602,0.306796,-0.061471,-0.061471,-0.061471,-0.061471
44.450066,0.306796,0.305262,0.320602,0.306796,-0.130056,-0.130056,-0.130056,-0.130056
44.460060,0.181010,0.179476,0.190214,0.177942,-0.195927,-0.195927,-0.195927,-0.195927
44.470066,0.181010,0.179476,0.190214,0.177942,-0.257828,-0.257828,-0.257828,-0.257828
44.480061,0.046019,0.041417,0.044485,0.038350,-0.314368,-0.314368,-0.314368,-0.314368
44.490059,0.046019,0.041417,0.044485,0.038350,-0.364494,-0.364494,-0.364494,-0.364494
44.500057,-0.093573,-0.113515,-0.098175,-0.116583,-0.407159,-0.407159,-0.407159,-0.407159
44.510059,-0.093573,-0.113515,-0.098175,-0.116583,-0.441511,-0.441511,-0.441511,-0.441511
44.520061,-0.227029,-0.242369,-0.231631,-0.245437,-0.466822,-0.466822,-0.466822,-0.466822
44.530060,-0.227029,-0.242369,-0.231631,-0.245437,-0.482588,-0.482588,-0.482588,-0.482588
44.540062,-0.340544,-0.351282,-0.342078,-0.357418,-0.488491,-0.488491,-0.488491,-0.488491
44.550060,-0.340544,-0.351282,-0.342078,-0.357418,-0.484412,-0.484412,-0.484412,-0.484412
44.560059,-0.426447,-0.432583,-0.426447,-0.440253,-0.470438,-0.470438,-0.470438,-0.470438
44.570065,-0.426447,-0.432583,-0.426447,-0.440253,-0.446844,-0.446844,-0.446844,-0.446844
44.580063,-0.472466,-0.480136,-0.470932,-0.484738,-0.414137,-0.414137,-0.414137,-0.414137
44.590057,-0.472466,-0.480136,-0.470932,-0.484738,-0.372988,-0.372988,-0.372988,-0.372988
44.600063,-0.481670,-0.487806,-0.478602,-0.489340,-0.324205,-0.324205,-0.324205,-0.324205
44.610054,-0.481670,-0.487806,-0.478602,-0.489340,-0.268868,-0.268868,-0.268868,-0.268868
44.620056,-0.463262,-0.470932,-0.464796,-0.472466,-0.208001,-0.208001,-0.208001,-0.208001
44.630054,-0.463262,-0.470932,-0.464796,-0.472466,-0.142939,-0.142939,-0.142939,-0.142939
44.640060,-0.403437,-0.415709,-0.404971,-0.412641,-0.074951,-0.074951,-0.074951,-0.074951
44.650055,-0.403437,-0.415709,-0.404971,-0.412641,-0.005528,-0.005528,-0.005528,-0.005528
44.660057,-0.305262,-0.317534,-0.306796,-0.312932,0.063989,0.063989,0.063989,0.063989
44.670059,-0.181010,-0.194816,-0.177942,-0.181010,0.132178,0.132178,0.132178,0.132178
44.680038,-0.181010,-0.194816,-0.177942,-0.181010,0.197455,0.197455,0.197455,0.197455
44.690056,-0.181010,-0.194816,-0.177942,-0.181010,0.258857,0.258857,0.258857,0.258857
44.700054,-0.042951,-0.058291,-0.038350,-0.030680,0.314782,0.314782,0.314782,0.314782
44.710060,-0.042951,-0.058291,-0.038350,-0.030680,0.364236,0.364236,0.364236,0.364236
44.720055,0.096641,0.092039,0.099709,0.111981,0.406098,0.406098,0.406098,0.406098
44.730057,0.096641,0.092039,0.099709,0.111981,0.439623,0.439623,0.439623,0.439623
44.740055,0.227029,0.219359,0.227029,0.234699,0.464043,0.464043,0.464043,0.464043
44.750057,0.227029,0.219359,0.227029,0.234699,0.478900,0.478900,0.478900,0.478900
44.760052,0.337476,0.325204,0.339010,0.345146,0.483867,0.483867,0.483867,0.483867
44.770058,0.337476,0.325204,0.339010,0.345146,0.478853,0.478853,0.478853,0.478853
44.780052,0.420311,0.403437,0.418777,0.426447,0.463968,0.463968,0.463968,0.463968
44.790054,0.420311,0.403437,0.418777,0.426447,0.439508,0.439508,0.439508,0.439508
44.800056,0.466330,0.449456,0.461728,0.469398,0.405981,0.405981,0.405981,0.405981
44.810059,0.466330,0.449456,0.461728,0.469398,0.364090,0.364090,0.364090,0.364090
44.820057,0.474000,0.458660,0.466330,0.475534,0.314713,0.314713,0.314713,0.314713
44.830055,0.474000,0.458660,0.466330,0.475534,0.258857,0.258857,0.258857,0.258857
44.840054,0.458660,0.446388,0.454058,0.458660,0.197711,0.197711,0.197711,0.197711
44.850056,0.458660,0.446388,0.454058,0.458660,0.132453,0.132453,0.132453,0.132453
44.860054,0.400369,0.389631,0.401903,0.392699,0.064544,0.064544,0.064544,0.064544
44.870060,0.400369,0.389631,0.401903,0.392699,-0.004724,-0.004724,-0.004724,-0.004724
44.880054,0.300660,0.289922,0.305262,0.291456,-0.073766,-0.073766,-0.073766,-0.073766
44.890053,0.300660,0.289922,0.305262,0.291456,-0.141261,-0.141261,-0.141261,-0.141261
44.900051,0.173340,0.165670,0.176408,0.164136,-0.205774,-0.205774,-0.205774,-0.205774
44.910057,0.173340,0.165670,0.176408,0.164136,-0.266033,-0.266033,-0.266033,-0.266033
44.920052,0.033748,0.029146,0.038350,0.024544,-0.320651,-0.320651,-0.320651,-0.320651
44.930054,0.033748,0.029146,0.038350,0.024544,-0.368621,-0.368621,-0.368621,-0.368621
44.940063,-0.108913,-0.125786,-0.104311,-0.127320,-0.408916,-0.408916,-0.408916,-0.408916
44.950062,-0.108913,-0.125786,-0.104311,-0.127320,-0.440651,-0.440651,-0.440651,-0.440651
44.960060,-0.243903,-0.253107,-0.242369,-0.256175,-0.463199,-0.463199,-0.463199,-0.463199
44.970058,-0.243903,-0.253107,-0.242369,-0.256175,-0.476102,-0.476102,-0.476102,-0.476102
44.980068,-0.349748,-0.357418,-0.348214,-0.362020,-0.479085,-0.479085,-0.479085,-0.479085
44.990067,-0.349748,-0.357418,-0.348214,-0.362020,-0.472086,-0.472086,-0.472086,-0.472086
45.000065,-0.426447,-0.434117,-0.426447,-0.440253,-0.455259,-0.455259,-0.455259,-0.455259
45.010063,-0.426447,-0.434117,-0.426447,-0.440253,-0.428958,-0.428958,-0.428958,-0.428958
45.020058,-0.466330,-0.474000,-0.466330,-0.478602,-0.393743,-0.393743,-0.393743,-0.393743
45.030064,-0.466330,-0.474000,-0.466330,-0.478602,-0.350311,-0.350311,-0.350311,-0.350311
45.040062,-0.470932,-0.478602,-0.469398,-0.481670,-0.299617,-0.299617,-0.299617,-0.299617
45.050056,-0.470932,-0.478602,-0.469398,-0.481670,-0.242730,-0.242730,-0.242730,-0.242730
45.060055,-0.449456,-0.457126,-0.450990,-0.457126,-0.180771,-0.180771,-0.180771,-0.180771
45.070057,-0.449456,-0.457126,-0.450990,-0.457126,-0.115068,-0.115068,-0.115068,-0.115068
45.080059,-0.381961,-0.394233,-0.385029,-0.391165,-0.047011,-0.047011,-0.047011,-0.047011
45.090057,-0.381961,-0.394233,-0.385029,-0.391165,0.021979,0.021979,0.021979,0.021979
45.100060,-0.277651,-0.294524,-0.282252,-0.288388,0.090464,0.090464,0.090464,0.090464
45.110058,-0.277651,-0.294524,-0.282252,-0.288388,0.157009,0.157009,0.157009,0.157009
45.120060,-0.150330,-0.168738,-0.151864,-0.158000,0.220235,0.220235,0.220235,0.220235
45.130058,-0.150330,-0.168738,-0.151864,-0.158000,0.278785,0.278785,0.278785,0.278785
45.140049,-0.013806,-0.024544,-0.013806,-0.006136,0.331429,0.331429,0.331429,0.331429
45.150059,-0.013806,-0.024544,-0.013806,-0.006136,0.377178,0.377178,0.377178,0.377178
45.160057,0.121184,0.116583,0.124252,0.130388,0.414926,0.414926,0.414926,0.414926
45.170059,0.121184,0.116583,0.124252,0.130388,0.443949,0.443949,0.443949,0.443949
45.180065,0.248505,0.239301,0.250039,0.254641,0.463639,0.463639,0.463639,0.463639
45.190060,0.352816,0.339010,0.352816,0.360486,0.473560,0.473560,0.473560,0.473560
45.200058,0.352816,0.339010,0.352816,0.360486,0.473535,0.473535,0.473535,0.473535
45.210056,0.426447,0.409573,0.421845,0.432583,0.463555,0.463555,0.463555,0.463555
45.220058,0.426447,0.409573,0.421845,0.432583,0.443829,0.443829,0.443829,0.443829
45.230053,0.426447,0.409573,0.421845,0.432583,0.414793,0.414793,0.414793,0.414793
45.240055,0.460194,0.444854,0.455592,0.466330,0.377041,0.377041,0.377041,0.377041
45.250057,0.460194,0.444854,0.455592,0.466330,0.331355,0.331355,0.331355,0.331355
45.260056,0.463262,0.447922,0.455592,0.466330,0.278724,0.278724,0.278724,0.278724
45.270058,0.463262,0.447922,0.455592,0.466330,0.220258,0.220258,0.220258,0.220258
45.280060,0.438719,0.427981,0.435651,0.438719,0.157169,0.157169,0.157169,0.157169
45.290058,0.438719,0.427981,0.435651,0.438719,0.090823,0.090823,0.090823,0.090823
45.300060,0.368155,0.358952,0.369689,0.366621,0.022603,0.022603,0.022603,0.022603
45.310059,0.368155,0.358952,0.369689,0.366621,-0.046052,-0.046052,-0.046052,-0.046052
45.320057,0.259243,0.253107,0.259243,0.253107,-0.113685,-0.113685,-0.113685,-0.113685
45.330055,0.259243,0.253107,0.259243,0.253107,-0.178866,-0.178866,-0.178866,-0.178866
45.340057,0.131922,0.124252,0.125786,0.121184,-0.240237,-0.240237,-0.240237,-0.240237
45.350056,0.131922,0.124252,0.125786,0.121184,-0.296484,-0.296484,-0.296484,-0.296484
45.360058,-0.006136,-0.018408,-0.012272,-0.018408,-0.346427,-0.346427,-0.346427,-0.346427
45.370060,-0.006136,-0.018408,-0.012272,-0.018408,-0.389003,-0.389003,-0.389003,-0.389003
45.380058,-0.145728,-0.164136,-0.145728,-0.165670,-0.423308,-0.423308,-0.423308,-0.423308
45.390057,-0.145728,-0.164136,-0.145728,-0.165670,-0.448621,-0.448621,-0.448621,-0.448621
45.400055,-0.269981,-0.283786,-0.265379,-0.288388,-0.464407,-0.464407,-0.464407,-0.464407
45.410057,-0.269981,-0.283786,-0.265379,-0.288388,-0.470344,-0.470344,-0.470344,-0.470344
45.420063,-0.366621,-0.377359,-0.365087,-0.388097,-0.466291,-0.466291,-0.466291,-0.466291
45.430058,-0.366621,-0.377359,-0.365087,-0.388097,-0.452352,-0.452352,-0.452352,-0.452352
45.440056,-0.434117,-0.443321,-0.432583,-0.450990,-0.428818,-0.428818,-0.428818,-0.428818
45.450058,-0.434117,-0.443321,-0.432583,-0.450990,-0.396186,-0.396186,-0.396186,-0.396186
45.460056,-0.461728,-0.469398,-0.458660,-0.472466,-0.355163,-0.355163,-0.355163,-0.355163
45.470058,-0.461728,-0.469398,-0.458660,-0.472466,-0.306606,-0.306606,-0.306606,-0.306606
45.480057,-0.460194,-0.467864,-0.458660,-0.467864,-0.251578,-0.251578,-0.251578,-0.251578
45.490059,-0.460194,-0.467864,-0.458660,-0.467864,-0.191204,-0.191204,-0.191204,-0.191204
45.500053,-0.418777,-0.431049,-0.421845,-0.429515,-0.126832,-0.126832,-0.126832,-0.126832
45.510059,-0.418777,-0.431049,-0.421845,-0.429515,-0.059763,-0.059763,-0.059763,-0.059763
45.520058,-0.340544,-0.351282,-0.342078,-0.351282,0.008503,0.008503,0.008503,0.008503
45.530056,-0.340544,-0.351282,-0.342078,-0.351282,0.076559,0.076559,0.076559,0.076559
45.540058,-0.231631,-0.242369,-0.228563,-0.234699,0.142935,0.142935,0.142935,0.142935
45.550056,-0.231631,-0.242369,-0.228563,-0.234699,0.206225,0.206225,0.206225,0.206225
45.560055,-0.098175,-0.113515,-0.093573,-0.101243,0.265061,0.265061,0.265061,0.265061
45.570053,-0.098175,-0.113515,-0.093573,-0.101243,0.318198,0.318198,0.318198,0.318198
45.580051,0.039884,0.035282,0.046019,0.047553,0.364509,0.364509,0.364509,0.364509
45.590061,0.039884,0.035282,0.046019,0.047553,0.403031,0.403031,0.403031,0.403031
45.600056,0.173340,0.168738,0.174874,0.181010,0.432874,0.432874,0.432874,0.432874
45.610058,0.173340,0.168738,0.174874,0.181010,0.453453,0.453453,0.453453,0.453453
45.620052,0.288388,0.279185,0.291456,0.297592,0.464310,0.464310,0.464310,0.464310
45.630058,0.288388,0.279185,0.291456,0.297592,0.465227,0.465227,0.465227,0.465227
45.640053,0.378893,0.366621,0.380427,0.388097,0.456184,0.456184,0.456184,0.456184
45.650055,0.378893,0.366621,0.380427,0.388097,0.437366,0.437366,0.437366,0.437366
45.660065,0.437185,0.423379,0.434117,0.443321,0.409164,0.409164,0.409164,0.409164
45.670063,0.437185,0.423379,0.434117,0.443321,0.372229,0.372229,0.372229,0.372229
45.680065,0.455592,0.440253,0.447922,0.458660,0.327326,0.327326,0.327326,0.327326
45.690063,0.455592,0.440253,0.447922,0.458660,0.275427,0.275427,0.275427,0.275427
45.700062,0.450990,0.437185,0.446388,0.450990,0.217667,0.217667,0.217667,0.217667
45.710060,0.450990,0.437185,0.446388,0.450990,0.155272,0.155272,0.155272,0.155272
45.720058,0.404971,0.392699,0.403437,0.400369,0.089558,0.089558,0.089558,0.089558
45.730064,0.404971,0.392699,0.403437,0.400369,0.021942,0.021942,0.021942,0.021942
45.740063,0.316000,0.306796,0.316000,0.309864,-0.046078,-0.046078,-0.046078,-0.046078
45.750065,0.316000,0.306796,0.316000,0.309864,-0.113078,-0.113078,-0.113078,-0.113078
45.760063,0.194816,0.181010,0.193282,0.187146,-0.177560,-0.177560,-0.177560,-0.177560
45.770065,0.194816,0.181010,0.193282,0.187146,-0.238225,-0.238225,-0.238225,-0.238225
45.780048,0.059825,0.049087,0.055223,0.052155,-0.293615,-0.293615,-0.293615,-0.293615
45.790039,0.059825,0.049087,0.055223,0.052155,-0.342674,-0.342674,-0.342674,-0.342674
45.800056,-0.078233,-0.101243,-0.082835,-0.096641,-0.384448,-0.384448,-0.384448,-0.384448
45.810055,-0.078233,-0.101243,-0.082835,-0.096641,-0.417810,-0.417810,-0.417810,-0.417810
45.820057,-0.210155,-0.230097,-0.211689,-0.227029,-0.442148,-0.442148,-0.442148,-0.442148
45.830059,-0.210155,-0.230097,-0.211689,-0.227029,-0.456921,-0.456921,-0.456921,-0.456921
45.840054,-0.322136,-0.339010,-0.319068,-0.335942,-0.461812,-0.461812,-0.461812,-0.461812
45.850060,-0.322136,-0.339010,-0.319068,-0.335942,-0.456718,-0.456718,-0.456718,-0.456718
45.860062,-0.403437,-0.415709,-0.400369,-0.417243,-0.441755,-0.441755,-0.441755,-0.441755
45.870060,-0.403437,-0.415709,-0.400369,-0.417243,-0.417249,-0.417249,-0.417249,-0.417249
45.880058,-0.447922,-0.457126,-0.444854,-0.460194,-0.383742,-0.383742,-0.383742,-0.383742
45.890060,-0.454058,-0.461728,-0.450990,-0.463262,-0.341928,-0.341928,-0.341928,-0.341928
45.900055,-0.454058,-0.461728,-0.450990,-0.463262,-0.292766,-0.292766,-0.292766,-0.292766
45.910057,-0.454058,-0.461728,-0.450990,-0.463262,-0.237263,-0.237263,-0.237263,-0.237263
45.920055,-0.435651,-0.441787,-0.438719,-0.444854,-0.176677,-0.176677,-0.176677,-0.176677
45.930058,-0.435651,-0.441787,-0.438719,-0.444854,-0.112284,-0.112284,-0.112284,-0.112284
45.940056,-0.374291,-0.380427,-0.378893,-0.383495,-0.045519,-0.045519,-0.045519,-0.045519
45.950062,-0.374291,-0.380427,-0.378893,-0.383495,0.022260,0.022260,0.022260,0.022260
45.960052,-0.269981,-0.280719,-0.273049,-0.280719,0.089398,0.089398,0.089398,0.089398
45.970058,-0.269981,-0.280719,-0.273049,-0.280719,0.154649,0.154649,0.154649,0.154649
45.980057,-0.144194,-0.158000,-0.147262,-0.156466,0.216438,0.216438,0.216438,0.216438
45.990059,-0.144194,-0.158000,-0.147262,-0.156466,0.273521,0.273521,0.273521,0.273521
46.000057,-0.012272,-0.016874,-0.012272,-0.006136,0.324603,0.324603,0.324603,0.324603
46.010059,-0.012272,-0.016874,-0.012272,-0.006136,0.368596,0.368596,0.368596,0.368596
46.020016,0.119651,0.122718,0.121184,0.128854,0.404406,0.404406,0.404406,0.404406
46.030060,0.119651,0.122718,0.121184,0.128854,0.431650,0.431650,0.431650,0.431650
46.040058,0.243903,0.240835,0.246971,0.253107,0.449333,0.449333,0.449333,0.449333
46.050060,0.243903,0.240835,0.246971,0.253107,0.457218,0.457218,0.457218,0.457218
46.060062,0.343612,0.335942,0.346680,0.352816,0.455126,0.455126,0.455126,0.455126
46.070061,0.343612,0.335942,0.346680,0.352816,0.443110,0.443110,0.443110,0.443110
46.080059,0.414175,0.401903,0.412641,0.420311,0.421439,0.421439,0.421439,0.421439
46.090057,0.414175,0.401903,0.412641,0.420311,0.390578,0.390578,0.390578,0.390578
46.100056,0.446388,0.431049,0.438719,0.447922,0.351219,0.351219,0.351219,0.351219
46.110058,0.446388,0.431049,0.438719,0.447922,0.304190,0.304190,0.304190,0.304190
46.120060,0.446388,0.432583,0.438719,0.447922,0.250543,0.250543,0.250543,0.250543
46.130058,0.446388,0.432583,0.438719,0.447922,0.191471,0.191471,0.191471,0.191471
46.140038,0.417243,0.401903,0.412641,0.415709,0.128363,0.128363,0.128363,0.128363
46.150063,0.417243,0.401903,0.412641,0.415709,0.062214,0.062214,0.062214,0.062214
46.160053,0.342078,0.326738,0.343612,0.339010,-0.005055,-0.005055,-0.005055,-0.005055
46.170055,0.342078,0.326738,0.343612,0.339010,-0.072223,-0.072223,-0.072223,-0.072223
46.180058,0.231631,0.216291,0.230097,0.225495,-0.137779,-0.137779,-0.137779,-0.137779
46.190056,0.231631,0.216291,0.230097,0.225495,-0.200251,-0.200251,-0.200251,-0.200251
46.200062,0.101243,0.088971,0.098175,0.084369,-0.258329,-0.258329,-0.258329,-0.258329
46.210056,0.101243,0.088971,0.098175,0.084369,-0.310651,-0.310651,-0.310651,-0.310651
46.220055,-0.035282,-0.058291,-0.039884,-0.059825,-0.356122,-0.356122,-0.356122,-0.356122
46.230057,-0.035282,-0.058291,-0.039884,-0.059825,-0.393777,-0.393777,-0.393777,-0.393777
46.240051,-0.168738,-0.191748,-0.173340,-0.194816,-0.422731,-0.422731,-0.422731,-0.422731
46.250057,-0.168738,-0.191748,-0.173340,-0.194816,-0.442396,-0.442396,-0.442396,-0.442396
46.260059,-0.286854,-0.303728,-0.288388,-0.308330,-0.452315,-0.452315,-0.452315,-0.452315
46.270058,-0.286854,-0.303728,-0.288388,-0.308330,-0.452274,-0.452274,-0.452274,-0.452274
46.280056,-0.375825,-0.389631,-0.377359,-0.391165,-0.442283,-0.442283,-0.442283,-0.442283
46.290054,-0.375825,-0.389631,-0.377359,-0.391165,-0.422562,-0.422562,-0.422562,-0.422562
46.300053,-0.431049,-0.441787,-0.431049,-0.444854,-0.393563,-0.393563,-0.393563,-0.393563
46.310032,-0.431049,-0.441787,-0.431049,-0.444854,-0.355978,-0.355978,-0.355978,-0.355978
46.320061,-0.444854,-0.454058,-0.443321,-0.455592,-0.310360,-0.310360,-0.310360,-0.310360
46.330063,-0.444854,-0.454058,-0.443321,-0.455592,-0.258045,-0.258045,-0.258045,-0.258045
46.340061,-0.437185,-0.444854,-0.438719,-0.447922,-0.200080,-0.200080,-0.200080,-0.200080
46.350063,-0.437185,-0.444854,-0.438719,-0.447922,-0.137723,-0.137723,-0.137723,-0.137723
46.360035,-0.383495,-0.392699,-0.388097,-0.394233,-0.072564,-0.072564,-0.072564,-0.072564
46.370064,-0.383495,-0.392699,-0.388097,-0.394233,-0.005471,-0.005471,-0.005471,-0.005471
46.380054,-0.292990,-0.300660,-0.299126,-0.302194,0.061468,0.061468,0.061468,0.061468
46.390064,-0.292990,-0.300660,-0.299126,-0.302194,0.127110,0.127110,0.127110,0.127110
46.400059,-0.173340,-0.184078,-0.181010,-0.181010,0.189801,0.189801,0.189801,0.189801
46.410065,-0.173340,-0.184078,-0.181010,-0.181010,0.248319,0.248319,0.248319,0.248319
46.420063,-0.039884,-0.047553,-0.049087,-0.038350,0.301266,0.301266,0.301266,0.301266
46.430061,-0.039884,-0.047553,-0.049087,-0.038350,0.347524,0.347524,0.347524,0.347524
46.440060,0.099709,0.095107,0.087437,0.101243,0.386031,0.386031,0.386031,0.386031
46.450062,0.099709,0.095107,0.087437,0.101243,0.415989,0.415989,0.415989,0.415989
46.460064,0.222427,0.216291,0.219359,0.227029,0.436688,0.436688,0.436688,0.436688
46.470058,0.222427,0.216291,0.219359,0.227029,0.447684,0.447684,0.447684,0.447684
46.480057,0.322136,0.316000,0.323670,0.329806,0.448744,0.448744,0.448744,0.448744
46.490063,0.394233,0.385029,0.395767,0.404971,0.439837,0.439837,0.439837,0.439837
46.500057,0.394233,0.385029,0.395767,0.404971,0.421176,0.421176,0.421176,0.421176
46.510059,0.394233,0.385029,0.395767,0.404971,0.393158,0.393158,0.393158,0.393158
46.520061,0.435651,0.420311,0.429515,0.438719,0.356421,0.356421,0.356421,0.356421
46.530060,0.435651,0.420311,0.429515,0.438719,0.311777,0.311777,0.311777,0.311777
46.540058,0.438719,0.423379,0.431049,0.441787,0.260244,0.260244,0.260244,0.260244
46.550060,0.417243,0.401903,0.414175,0.415709,0.202922,0.202922,0.202922,0.202922
46.560028,0.417243,0.401903,0.414175,0.415709,0.141334,0.141334,0.141334,0.141334
46.570061,0.417243,0.401903,0.414175,0.415709,0.076253,0.076253,0.076253,0.076253
46.580059,0.349748,0.334408,0.349748,0.345146,0.009694,0.009694,0.009694,0.009694
46.590061,0.243903,0.228563,0.242369,0.234699,-0.057043,-0.057043,-0.057043,-0.057043
46.600060,0.243903,0.228563,0.242369,0.234699,-0.122437,-0.122437,-0.122437,-0.122437
46.610058,0.243903,0.228563,0.242369,0.234699,-0.185060,-0.185060,-0.185060,-0.185060
46.620060,0.115049,0.101243,0.111981,0.104311,-0.243558,-0.243558,-0.243558,-0.243558
46.630062,-0.019942,-0.038350,-0.023010,-0.032214,-0.296549,-0.296549,-0.296549,-0.296549
46.640060,-0.019942,-0.038350,-0.023010,-0.032214,-0.342873,-0.342873,-0.342873,-0.342873
46.650063,-0.019942,-0.038350,-0.023010,-0.032214,-0.381527,-0.381527,-0.381527,-0.381527
46.660057,-0.151864,-0.176408,-0.156466,-0.171806,-0.411596,-0.411596,-0.411596,-0.411596
46.670063,-0.271515,-0.291456,-0.273049,-0.288388,-0.432464,-0.432464,-0.432464,-0.432464
46.680061,-0.271515,-0.291456,-0.273049,-0.288388,-0.443628,-0.443628,-0.443628,-0.443628
46.690063,-0.363553,-0.375825,-0.363553,-0.377359,-0.444854,-0.444854,-0.444854,-0.444854
46.700062,-0.363553,-0.375825,-0.363553,-0.377359,-0.436116,-0.436116,-0.436116,-0.436116
46.710060,-0.363553,-0.375825,-0.363553,-0.377359,-0.417611,-0.417611,-0.417611,-0.417611
46.720062,-0.421845,-0.431049,-0.418777,-0.434117,-0.389758,-0.389758,-0.389758,-0.389758
46.730064,-0.421845,-0.431049,-0.418777,-0.434117,-0.353175,-0.353175,-0.353175,-0.353175
46.740063,-0.438719,-0.446388,-0.435651,-0.449456,-0.308693,-0.308693,-0.308693,-0.308693
46.750065,-0.431049,-0.438719,-0.431049,-0.441787,-0.257310,-0.257310,-0.257310,-0.257310
46.760059,-0.431049,-0.438719,-0.431049,-0.441787,-0.200210,-0.200210,-0.200210,-0.200210
46.770061,-0.431049,-0.438719,-0.431049,-0.441787,-0.138613,-0.138613,-0.138613,-0.138613
46.780052,-0.381961,-0.388097,-0.383495,-0.391165,-0.074014,-0.074014,-0.074014,-0.074014
46.790058,-0.294524,-0.297592,-0.294524,-0.300660,-0.007679,-0.007679,-0.007679,-0.007679
46.800060,-0.294524,-0.297592,-0.294524,-0.300660,0.058733,0.058733,0.058733,0.058733
46.810055,-0.176408,-0.184078,-0.174874,-0.179476,0.123767,0.123767,0.123767,0.123767
46.820057,-0.176408,-0.184078,-0.174874,-0.179476,0.185990,0.185990,0.185990,0.185990
46.830059,-0.176408,-0.184078,-0.174874,-0.179476,0.244006,0.244006,0.244006,0.244006
46.840054,-0.044485,-0.050621,-0.042951,-0.039884,0.296442,0.296442,0.296442,0.296442
46.850056,0.088971,0.088971,0.088971,0.096641,0.342206,0.342206,0.342206,0.342206
46.860054,0.088971,0.088971,0.088971,0.096641,0.380201,0.380201,0.380201,0.380201
46.870060,0.088971,0.088971,0.088971,0.096641,0.409616,0.409616,0.409616,0.409616
46.880074,0.214757,0.208621,0.210155,0.225495,0.429779,0.429779,0.429779,0.429779
46.890068,0.214757,0.208621,0.210155,0.225495,0.440188,0.440188,0.440188,0.440188
46.900055,0.316000,0.305262,0.312932,0.331340,0.440660,0.440660,0.440660,0.440660
46.910057,0.316000,0.305262,0.312932,0.331340,0.431181,0.431181,0.431181,0.431181
46.920055,0.389631,0.375825,0.386563,0.401903,0.411960,0.411960,0.411960,0.411960
46.930058,0.389631,0.375825,0.386563,0.401903,0.383431,0.383431,0.383431,0.383431
46.940056,0.429515,0.412641,0.423379,0.431049,0.346263,0.346263,0.346263,0.346263
46.950058,0.429515,0.412641,0.423379,0.431049,0.301265,0.301265,0.301265,0.301265
46.960056,0.432583,0.415709,0.424913,0.431049,0.249482,0.249482,0.249482,0.249482
46.970058,0.432583,0.415709,0.424913,0.431049,0.192073,0.192073,0.192073,0.192073
46.980057,0.408039,0.394233,0.404971,0.404971,0.130346,0.130346,0.130346,0.130346
46.990055,0.408039,0.394233,0.404971,0.404971,0.065714,0.065714,0.065714,0.065714
47.000057,0.337476,0.328272,0.339010,0.332874,-0.000372,-0.000372,-0.000372,-0.000372
47.010056,0.337476,0.328272,0.339010,0.332874,-0.066418,-0.066418,-0.066418,-0.066418
47.020058,0.233165,0.225495,0.231631,0.223961,-0.130909,-0.130909,-0.130909,-0.130909
47.030045,0.233165,0.225495,0.231631,0.223961,-0.192311,-0.192311,-0.192311,-0.192311
47.040054,0.105845,0.098175,0.101243,0.095107,-0.249442,-0.249442,-0.249442,-0.249442
47.050056,0.105845,0.098175,0.101243,0.095107,-0.300812,-0.300812,-0.300812,-0.300812
47.060062,-0.030680,-0.042951,-0.035282,-0.039884,-0.345328,-0.345328,-0.345328,-0.345328
47.070057,-0.162602,-0.177942,-0.165670,-0.181010,-0.381915,-0.381915,-0.381915,-0.381915
47.080059,-0.162602,-0.177942,-0.165670,-0.181010,-0.409812,-0.409812,-0.409812,-0.409812
47.090057,-0.162602,-0.177942,-0.165670,-0.181010,-0.428355,-0.428355,-0.428355,-0.428355
47.100060,-0.276117,-0.289922,-0.277651,-0.292990,-0.437136,-0.437136,-0.437136,-0.437136
47.110058,-0.363553,-0.374291,-0.363553,-0.380427,-0.435952,-0.435952,-0.435952,-0.435952
47.120056,-0.363553,-0.374291,-0.363553,-0.380427,-0.424832,-0.424832,-0.424832,-0.424832
47.130058,-0.418777,-0.426447,-0.417243,-0.431049,-0.404032,-0.404032,-0.404032,-0.404032
47.140057,-0.418777,-0.426447,-0.417243,-0.431049,-0.374026,-0.374026,-0.374026,-0.374026
47.150059,-0.431049,-0.440253,-0.429515,-0.441787,-0.335495,-0.335495,-0.335495,-0.335495
47.160057,-0.431049,-0.440253,-0.429515,-0.441787,-0.289352,-0.289352,-0.289352,-0.289352
47.170055,-0.431049,-0.440253,-0.429515,-0.441787,-0.236617,-0.236617,-0.236617,-0.236617
47.180061,-0.420311,-0.427981,-0.418777,-0.429515,-0.178479,-0.178479,-0.178479,-0.178479
47.190022,-0.365087,-0.375825,-0.366621,-0.372757,-0.116582,-0.116582,-0.116582,-0.116582
47.200058,-0.365087,-0.375825,-0.366621,-0.372757,-0.051549,-0.051549,-0.051549,-0.051549
47.210014,-0.273049,-0.286854,-0.274583,-0.280719,0.014066,0.014066,0.014066,0.014066
47.220062,-0.273049,-0.286854,-0.274583,-0.280719,0.079924,0.079924,0.079924,0.079924
47.230064,-0.153398,-0.168738,-0.151864,-0.159534,0.143612,0.143612,0.143612,0.143612
47.240070,-0.153398,-0.168738,-0.151864,-0.159534,0.204007,0.204007,0.204007,0.204007
47.250065,-0.153398,-0.168738,-0.151864,-0.159534,0.259596,0.259596,0.259596,0.259596
47.260063,-0.023010,-0.035282,-0.019942,-0.015340,0.309235,0.309235,0.309235,0.309235
47.270061,-0.023010,-0.035282,-0.019942,-0.015340,0.351763,0.351763,0.351763,0.351763
47.280060,0.108913,0.102777,0.111981,0.116583,0.386182,0.386182,0.386182,0.386182
47.290054,0.230097,0.222427,0.231631,0.236233,0.411718,0.411718,0.411718,0.411718
47.300056,0.230097,0.222427,0.231631,0.236233,0.427795,0.427795,0.427795,0.427795
47.310055,0.230097,0.222427,0.231631,0.236233,0.434032,0.434032,0.434032,0.434032
47.320057,0.326738,0.316000,0.329806,0.334408,0.430291,0.430291,0.430291,0.430291
47.330059,0.326738,0.316000,0.329806,0.334408,0.416656,0.416656,0.416656,0.416656
47.340057,0.392699,0.380427,0.394233,0.398835,0.393451,0.393451,0.393451,0.393451
47.350063,0.392699,0.380427,0.394233,0.398835,0.361182,0.361182,0.361182,0.361182
47.360058,0.423379,0.406505,0.417243,0.424913,0.320663,0.320663,0.320663,0.320663
47.370056,0.423379,0.406505,0.417243,0.424913,0.272760,0.272760,0.272760,0.272760
47.380066,0.423379,0.406505,0.417243,0.423379,0.218559,0.218559,0.218559,0.218559
47.390060,0.388097,0.375825,0.389631,0.388097,0.159420,0.159420,0.159420,0.159420
47.400055,0.388097,0.375825,0.389631,0.388097,0.096642,0.096642,0.096642,0.096642
47.410057,0.306796,0.302194,0.319068,0.308330,0.031647,0.031647,0.031647,0.031647
47.420055,0.306796,0.302194,0.319068,0.308330,-0.034026,-0.034026,-0.034026,-0.034026
47.430054,0.306796,0.302194,0.319068,0.308330,-0.098871,-0.098871,-0.098871,-0.098871
47.440056,0.194816,0.193282,0.204019,0.191748,-0.161406,-0.161406,-0.161406,-0.161406
47.450058,0.194816,0.193282,0.204019,0.191748,-0.220192,-0.220192,-0.220192,-0.220192
47.460056,0.069029,0.064427,0.072097,0.062893,-0.273827,-0.273827,-0.273827,-0.273827
47.470055,0.069029,0.064427,0.072097,0.062893,-0.321088,-0.321088,-0.321088,-0.321088
47.480053,-0.062893,-0.082835,-0.069029,-0.081301,-0.360896,-0.360896,-0.360896,-0.360896
47.490059,-0.062893,-0.082835,-0.069029,-0.081301,-0.392339,-0.392339,-0.392339,-0.392339
47.500057,-0.188680,-0.207087,-0.193282,-0.210155,-0.414668,-0.414668,-0.414668,-0.414668
47.510059,-0.188680,-0.207087,-0.193282,-0.210155,-0.427383,-0.427383,-0.427383,-0.427383
47.520058,-0.299126,-0.309864,-0.297592,-0.316000,-0.430182,-0.430182,-0.430182,-0.430182
47.530052,-0.299126,-0.309864,-0.297592,-0.316000,-0.423011,-0.423011,-0.423011,-0.423011
47.540054,-0.377359,-0.385029,-0.375825,-0.392699,-0.406033,-0.406033,-0.406033,-0.406033
47.550056,-0.377359,-0.385029,-0.375825,-0.392699,-0.379639,-0.379639,-0.379639,-0.379639
47.560059,-0.418777,-0.426447,-0.417243,-0.431049,-0.344442,-0.344442,-0.344442,-0.344442
47.570057,-0.418777,-0.426447,-0.417243,-0.431049,-0.301289,-0.301289,-0.301289,-0.301289
47.580063,-0.423379,-0.432583,-0.420311,-0.435651,-0.251119,-0.251119,-0.251119,-0.251119
47.590054,-0.423379,-0.432583,-0.420311,-0.435651,-0.195220,-0.195220,-0.195220,-0.195220
47.600056,-0.400369,-0.411107,-0.401903,-0.408039,-0.134766,-0.134766,-0.134766,-0.134766
47.610054,-0.400369,-0.411107,-0.401903,-0.408039,-0.071239,-0.071239,-0.071239,-0.071239
47.620052,-0.334408,-0.345146,-0.334408,-0.339010,-0.006098,-0.006098,-0.006098,-0.006098
47.630062,-0.334408,-0.345146,-0.334408,-0.339010,0.059236,0.059236,0.059236,0.059236
47.640060,-0.234699,-0.245437,-0.231631,-0.230097,0.123070,0.123070,0.123070,0.123070
47.650063,-0.234699,-0.245437,-0.231631,-0.230097,0.184015,0.184015,0.184015,0.184015
47.660061,-0.107379,-0.124252,-0.107379,-0.107379,0.240598,0.240598,0.240598,0.240598
47.670063,-0.107379,-0.124252,-0.107379,-0.107379,0.291577,0.291577,0.291577,0.291577
47.680054,0.026078,0.018408,0.024544,0.030680,0.335677,0.335677,0.335677,0.335677
47.690048,0.026078,0.018408,0.024544,0.030680,0.371934,0.371934,0.371934,0.371934
47.700058,0.156466,0.147262,0.153398,0.161068,0.399531,0.399531,0.399531,0.399531
47.710060,0.156466,0.147262,0.153398,0.161068,0.417749,0.417749,0.417749,0.417749
47.720058,0.265379,0.254641,0.268447,0.273049,0.426192,0.426192,0.426192,0.426192
47.730064,0.265379,0.254641,0.268447,0.273049,0.424668,0.424668,0.424668,0.424668
47.740051,0.351282,0.337476,0.351282,0.358952,0.413232,0.413232,0.413232,0.413232
47.750065,0.351282,0.337476,0.351282,0.358952,0.392097,0.392097,0.392097,0.392097
47.760056,0.403437,0.388097,0.400369,0.408039,0.361847,0.361847,0.361847,0.361847
47.770061,0.403437,0.388097,0.400369,0.408039,0.323102,0.323102,0.323102,0.323102
47.780060,0.417243,0.400369,0.411107,0.417243,0.276839,0.276839,0.276839,0.276839
47.790054,0.408039,0.394233,0.404971,0.406505,0.224134,0.224134,0.224134,0.224134
47.800064,0.408039,0.394233,0.404971,0.406505,0.166127,0.166127,0.166127,0.166127
47.810055,0.355884,0.345146,0.355884,0.352816,0.104365,0.104365,0.104365,0.104365
47.820057,0.355884,0.345146,0.355884,0.352816,0.040149,0.040149,0.040149,0.040149
47.830055,0.263845,0.256175,0.260777,0.259243,-0.024978,-0.024978,-0.024978,-0.024978
47.840050,0.263845,0.256175,0.260777,0.259243,-0.089434,-0.089434,-0.089434,-0.089434
47.850060,0.263845,0.256175,0.260777,0.259243,-0.151837,-0.151837,-0.151837,-0.151837
47.860058,0.145728,0.139592,0.142660,0.136524,-0.210578,-0.210578,-0.210578,-0.210578
47.870056,0.012272,0.006136,0.015340,0.003068,-0.264342,-0.264342,-0.264342,-0.264342
47.880066,0.012272,0.006136,0.015340,0.003068,-0.311886,-0.311886,-0.311886,-0.311886
47.890060,-0.118117,-0.136524,-0.111981,-0.141126,-0.352008,-0.352008,-0.352008,-0.352008
47.900051,-0.118117,-0.136524,-0.111981,-0.141126,-0.383818,-0.383818,-0.383818,-0.383818
47.910057,-0.237767,-0.253107,-0.234699,-0.256175,-0.406618,-0.406618,-0.406618,-0.406618
47.920055,-0.237767,-0.253107,-0.234699,-0.256175,-0.419799,-0.419799,-0.419799,-0.419799
47.930061,-0.337476,-0.345146,-0.332874,-0.349748,-0.423084,-0.423084,-0.423084,-0.423084
47.940056,-0.337476,-0.345146,-0.332874,-0.349748,-0.416395,-0.416395,-0.416395,-0.416395
47.950066,-0.397301,-0.404971,-0.392699,-0.409573,-0.399869,-0.399869,-0.399869,-0.399869
47.960052,-0.397301,-0.404971,-0.392699,-0.409573,-0.373965,-0.373965,-0.373965,-0.373965
47.970062,-0.397301,-0.404971,-0.392699,-0.409573,-0.339183,-0.339183,-0.339183,-0.339183
47.980061,-0.417243,-0.424913,-0.414175,-0.427981,-0.296460,-0.296460,-0.296460,-0.296460
47.990063,-0.412641,-0.420311,-0.409573,-0.423379,-0.246733,-0.246733,-0.246733,-0.246733
48.000061,-0.412641,-0.420311,-0.409573,-0.423379,-0.191239,-0.191239,-0.191239,-0.191239
48.010056,-0.366621,-0.375825,-0.368155,-0.377359,-0.131252,-0.131252,-0.131252,-0.131252
48.020058,-0.366621,-0.375825,-0.368155,-0.377359,-0.068190,-0.068190,-0.068190,-0.068190
48.030056,-0.283786,-0.294524,-0.285320,-0.289922,-0.003538,-0.003538,-0.003538,-0.003538
48.040054,-0.283786,-0.294524,-0.285320,-0.289922,0.061125,0.061125,0.061125,0.061125
48.050060,-0.283786,-0.294524,-0.285320,-0.289922,0.124358,0.124358,0.124358,0.124358
48.060055,-0.168738,-0.182544,-0.167204,-0.173340,0.184552,0.184552,0.184552,0.184552
48.070057,-0.039884,-0.053689,-0.038350,-0.035282,0.240366,0.240366,0.240366,0.240366
48.080063,-0.039884,-0.053689,-0.038350,-0.035282,0.290458,0.290458,0.290458,0.290458
48.090057,0.088971,0.085903,0.092039,0.098175,0.333580,0.333580,0.333580,0.333580
48.100060,0.088971,0.085903,0.092039,0.098175,0.368792,0.368792,0.368792,0.368792
48.110058,0.210155,0.202485,0.213223,0.219359,0.395223,0.395223,0.395223,0.395223
48.120056,0.210155,0.202485,0.213223,0.219359,0.412249,0.412249,0.412249,0.412249
48.130058,0.210155,0.202485,0.213223,0.219359,0.419472,0.419472,0.419472,0.419472
48.140060,0.308330,0.299126,0.311398,0.316000,0.416720,0.416720,0.416720,0.416720
48.150063,0.377359,0.363553,0.375825,0.383495,0.404056,0.404056,0.404056,0.404056
48.160061,0.377359,0.363553,0.375825,0.383495,0.381797,0.381797,0.381797,0.381797
48.170063,0.377359,0.363553,0.375825,0.383495,0.350450,0.350450,0.350450,0.350450
48.180065,0.409573,0.392699,0.403437,0.411107,0.310779,0.310779,0.310779,0.310779
48.190063,0.409573,0.392699,0.403437,0.411107,0.263748,0.263748,0.263748,0.263748
48.200058,0.411107,0.392699,0.403437,0.409573,0.210481,0.210481,0.210481,0.210481
48.210060,0.411107,0.392699,0.403437,0.409573,0.152197,0.152197,0.152197,0.152197
48.220062,0.375825,0.363553,0.377359,0.375825,0.090309,0.090309,0.090309,0.090309
48.230064,0.375825,0.363553,0.377359,0.375825,0.026302,0.026302,0.026302,0.026302
48.240059,0.300660,0.292990,0.303728,0.296058,-0.038237,-0.038237,-0.038237,-0.038237
48.250061,0.300660,0.292990,0.303728,0.296058,-0.101886,-0.101886,-0.101886,-0.101886
48.260063,0.191748,0.187146,0.191748,0.185612,-0.163036,-0.163036,-0.163036,-0.163036
48.270061,0.191748,0.187146,0.191748,0.185612,-0.220261,-0.220261,-0.220261,-0.220261
48.280064,0.061359,0.059825,0.061359,0.056757,-0.272177,-0.272177,-0.272177,-0.272177
48.290062,0.061359,0.059825,0.061359,0.056757,-0.317560,-0.317560,-0.317560,-0.317560
48.300064,-0.067495,-0.085903,-0.070563,-0.082835,-0.355315,-0.355315,-0.355315,-0.355315
48.310032,-0.067495,-0.085903,-0.070563,-0.082835,-0.384463,-0.384463,-0.384463,-0.384463
48.320061,-0.193282,-0.208621,-0.194816,-0.210155,-0.404538,-0.404538,-0.404538,-0.404538
48.330063,-0.193282,-0.208621,-0.194816,-0.210155,-0.414844,-0.414844,-0.414844,-0.414844
48.340061,-0.296058,-0.312932,-0.296058,-0.316000,-0.415198,-0.415198,-0.415198,-0.415198
48.350056,-0.296058,-0.312932,-0.296058,-0.316000,-0.405608,-0.405608,-0.405608,-0.405608
48.360054,-0.369689,-0.383495,-0.369689,-0.388097,-0.386299,-0.386299,-0.386299,-0.386299
48.370060,-0.369689,-0.383495,-0.369689,-0.388097,-0.357712,-0.357712,-0.357712,-0.357712
48.380054,-0.406505,-0.417243,-0.404971,-0.420311,-0.320589,-0.320589,-0.320589,-0.320589
48.390053,-0.406505,-0.417243,-0.404971,-0.420311,-0.275780,-0.275780,-0.275780,-0.275780
48.400055,-0.408039,-0.417243,-0.404971,-0.420311,-0.224370,-0.224370,-0.224370,-0.224370
48.410053,-0.408039,-0.417243,-0.404971,-0.420311,-0.167611,-0.167611,-0.167611,-0.167611
48.420055,-0.377359,-0.386563,-0.383495,-0.388097,-0.106831,-0.106831,-0.106831,-0.106831
48.430054,-0.377359,-0.386563,-0.383495,-0.388097,-0.043544,-0.043544,-0.043544,-0.043544
48.440052,-0.305262,-0.316000,-0.314466,-0.317534,0.020755,0.020755,0.020755,0.020755
48.450054,-0.305262,-0.316000,-0.314466,-0.317534,0.084536,0.084536,0.084536,0.084536
48.460056,-0.205553,-0.213223,-0.210155,-0.210155,0.146224,0.146224,0.146224,0.146224
48.470058,-0.205553,-0.213223,-0.210155,-0.210155,0.204367,0.204367,0.204367,0.204367
48.480057,-0.079767,-0.090505,-0.085903,-0.082835,0.257539,0.257539,0.257539,0.257539
48.490055,0.047553,0.052155,0.050621,0.058291,0.304456,0.304456,0.304456,0.304456
48.500053,0.047553,0.052155,0.050621,0.058291,0.344016,0.344016,0.344016,0.344016
48.510056,0.047553,0.052155,0.050621,0.058291,0.375259,0.375259,0.375259,0.375259
48.520061,0.174874,0.173340,0.176408,0.179476,0.397430,0.397430,0.397430,0.397430
48.530060,0.282252,0.274583,0.282252,0.285320,0.409971,0.409971,0.409971,0.409971
48.540058,0.282252,0.274583,0.282252,0.285320,0.412604,0.412604,0.412604,0.412604
48.550064,0.282252,0.274583,0.282252,0.285320,0.405263,0.405263,0.405263,0.405263
48.560059,0.357418,0.345146,0.355884,0.363553,0.388138,0.388138,0.388138,0.388138
48.570061,0.357418,0.345146,0.355884,0.363553,0.361623,0.361623,0.361623,0.361623
48.580055,0.397301,0.383495,0.394233,0.401903,0.326399,0.326399,0.326399,0.326399
48.590061,0.397301,0.383495,0.394233,0.401903,0.283253,0.283253,0.283253,0.283253
48.600060,0.403437,0.386563,0.397301,0.403437,0.233311,0.233311,0.233311,0.233311
48.610062,0.381961,0.368155,0.381961,0.381961,0.177725,0.177725,0.177725,0.177725
48.620060,0.381961,0.368155,0.381961,0.381961,0.117884,0.117884,0.117884,0.117884
48.630062,0.381961,0.368155,0.381961,0.381961,0.055208,0.055208,0.055208,0.055208
48.640057,0.317534,0.306796,0.320602,0.314466,-0.008734,-0.008734,-0.008734,-0.008734
48.650059,0.317534,0.306796,0.320602,0.314466,-0.072458,-0.072458,-0.072458,-0.072458
48.660061,0.217825,0.204019,0.217825,0.210155,-0.134407,-0.134407,-0.134407,-0.134407
48.670063,0.217825,0.204019,0.217825,0.210155,-0.193037,-0.193037,-0.193037,-0.193037
48.680061,0.092039,0.079767,0.090505,0.084369,-0.246914,-0.246914,-0.246914,-0.246914
48.690063,-0.036816,-0.058291,-0.039884,-0.049087,-0.294793,-0.294793,-0.294793,-0.294793
48.700058,-0.036816,-0.058291,-0.039884,-0.049087,-0.335435,-0.335435,-0.335435,-0.335435
48.710064,-0.036816,-0.058291,-0.039884,-0.049087,-0.367939,-0.367939,-0.367939,-0.367939
48.720066,-0.161068,-0.185612,-0.167204,-0.181010,-0.391458,-0.391458,-0.391458,-0.391458
48.730019,-0.271515,-0.291456,-0.273049,-0.286854,-0.405376,-0.405376,-0.405376,-0.405376
48.740055,-0.271515,-0.291456,-0.273049,-0.286854,-0.409505,-0.409505,-0.409505,-0.409505
48.750061,-0.271515,-0.291456,-0.273049,-0.286854,-0.403615,-0.403615,-0.403615,-0.403615
48.760056,-0.351282,-0.365087,-0.351282,-0.366621,-0.387902,-0.387902,-0.387902,-0.387902
48.770058,-0.351282,-0.365087,-0.351282,-0.366621,-0.362730,-0.362730,-0.362730,-0.362730
48.780056,-0.397301,-0.406505,-0.395767,-0.409573,-0.328737,-0.328737,-0.328737,-0.328737
48.790058,-0.397301,-0.406505,-0.395767,-0.409573,-0.286721,-0.286721,-0.286721,-0.286721
48.800056,-0.401903,-0.412641,-0.398835,-0.415709,-0.237770,-0.237770,-0.237770,-0.237770
48.810059,-0.401903,-0.412641,-0.398835,-0.415709,-0.182997,-0.182997,-0.182997,-0.182997
48.820057,-0.380427,-0.391165,-0.381961,-0.391165,-0.123831,-0.123831,-0.123831,-0.123831
48.830059,-0.380427,-0.391165,-0.381961,-0.391165,-0.061632,-0.061632,-0.061632,-0.061632
48.840054,-0.319068,-0.326738,-0.320602,-0.326738,0.001984,0.001984,0.001984,0.001984
48.850056,-0.319068,-0.326738,-0.320602,-0.326738,0.065568,0.065568,0.065568,0.065568
48.860058,-0.219359,-0.227029,-0.219359,-0.225495,0.127478,0.127478,0.127478,0.127478
48.870056,-0.219359,-0.227029,-0.219359,-0.225495,0.186248,0.186248,0.186248,0.186248
48.880054,-0.096641,-0.108913,-0.096641,-0.105845,0.240400,0.240400,0.240400,0.240400
48.890057,-0.096641,-0.108913,-0.096641,-0.105845,0.288653,0.288653,0.288653,0.288653
48.900055,0.036816,0.032214,0.030680,0.036816,0.329775,0.329775,0.329775,0.329775
48.910057,0.036816,0.032214,0.030680,0.036816,0.362816,0.362816,0.362816,0.362816
48.920055,0.161068,0.156466,0.151864,0.162602,0.386922,0.386922,0.386922,0.386922
48.930058,0.161068,0.156466,0.151864,0.162602,0.401522,0.401522,0.401522,0.401522
48.940056,0.263845,0.259243,0.257709,0.271515,0.406258,0.406258,0.406258,0.406258
48.950054,0.263845,0.259243,0.257709,0.271515,0.401016,0.401016,0.401016,0.401016
48.960052,0.340544,0.332874,0.339010,0.351282,0.385930,0.385930,0.385930,0.385930
48.970058,0.340544,0.332874,0.339010,0.351282,0.361351,0.361351,0.361351,0.361351
48.980053,0.386563,0.374291,0.383495,0.392699,0.327932,0.327932,0.327932,0.327932
48.990059,0.386563,0.374291,0.383495,0.392699,0.286427,0.286427,0.286427,0.286427
49.000057,0.394233,0.378893,0.389631,0.397301,0.237932,0.237932,0.237932,0.237932
49.010044,0.394233,0.378893,0.389631,0.397301,0.183676,0.183676,0.183676,0.183676
49.020054,0.380427,0.365087,0.378893,0.378893,0.124782,0.124782,0.124782,0.124782
49.030056,0.380427,0.365087,0.378893,0.378893,0.062917,0.062917,0.062917,0.062917
49.040051,0.320602,0.309864,0.322136,0.317534,-0.000432,-0.000432,-0.000432,-0.000432
49.050056,0.320602,0.309864,0.322136,0.317534,-0.063791,-0.063791,-0.063791,-0.063791
49.060059,0.223961,0.213223,0.222427,0.217825,-0.125502,-0.125502,-0.125502,-0.125502
49.070057,0.223961,0.213223,0.222427,0.217825,-0.184087,-0.184087,-0.184087,-0.184087
49.080055,0.101243,0.088971,0.098175,0.093573,-0.238066,-0.238066,-0.238066,-0.238066
49.090057,0.101243,0.088971,0.098175,0.093573,-0.286177,-0.286177,-0.286177,-0.286177
49.100060,-0.027612,-0.050621,-0.032214,-0.044485,-0.327167,-0.327167,-0.327167,-0.327167
49.110054,-0.027612,-0.050621,-0.032214,-0.044485,-0.360034,-0.360034,-0.360034,-0.360034
49.120052,-0.153398,-0.176408,-0.158000,-0.181010,-0.383991,-0.383991,-0.383991,-0.383991
49.130058,-0.263845,-0.279185,-0.265379,-0.288388,-0.398443,-0.398443,-0.398443,-0.398443
49.140053,-0.263845,-0.279185,-0.265379,-0.288388,-0.403021,-0.403021,-0.403021,-0.403021
49.150059,-0.263845,-0.279185,-0.265379,-0.288388,-0.397616,-0.397616,-0.397616,-0.397616
49.160057,-0.345146,-0.354350,-0.343612,-0.358952,-0.382380,-0.382380,-0.382380,-0.382380
49.170055,-0.389631,-0.398835,-0.386563,-0.400369,-0.357670,-0.357670,-0.357670,-0.357670
49.180069,-0.389631,-0.398835,-0.386563,-0.400369,-0.324070,-0.324070,-0.324070,-0.324070
49.190060,-0.395767,-0.404971,-0.392699,-0.406505,-0.282532,-0.282532,-0.282532,-0.282532
49.200058,-0.395767,-0.404971,-0.392699,-0.406505,-0.233984,-0.233984,-0.233984,-0.233984
49.210060,-0.375825,-0.388097,-0.377359,-0.386563,-0.179624,-0.179624,-0.179624,-0.179624
49.220051,-0.375825,-0.388097,-0.377359,-0.386563,-0.120923,-0.120923,-0.120923,-0.120923
49.230034,-0.375825,-0.388097,-0.377359,-0.386563,-0.059316,-0.059316,-0.059316,-0.059316
49.240051,-0.314466,-0.326738,-0.317534,-0.323670,0.003953,0.003953,0.003953,0.003953
49.250034,-0.314466,-0.326738,-0.317534,-0.323670,0.066876,0.066876,0.066876,0.066876
49.260059,-0.217825,-0.231631,-0.216291,-0.222427,0.128356,0.128356,0.128356,0.128356
49.270054,-0.096641,-0.111981,-0.093573,-0.098175,0.186402,0.186402,0.186402,0.186402
49.280052,-0.096641,-0.111981,-0.093573,-0.098175,0.239823,0.239823,0.239823,0.239823
49.290062,-0.096641,-0.111981,-0.093573,-0.098175,0.287270,0.287270,0.287270,0.287270
49.300060,0.032214,0.029146,0.033748,0.039884,0.327498,0.327498,0.327498,0.327498
49.310062,0.032214,0.029146,0.033748,0.039884,0.359553,0.359553,0.359553,0.359553
49.320061,0.156466,0.148796,0.158000,0.161068,0.382616,0.382616,0.382616,0.382616
49.330063,0.156466,0.148796,0.158000,0.161068,0.396128,0.396128,0.396128,0.396128
49.340061,0.262311,0.253107,0.265379,0.266913,0.399754,0.399754,0.399754,0.399754
49.350060,0.339010,0.328272,0.339010,0.346680,0.393404,0.393404,0.393404,0.393404
49.360065,0.339010,0.328272,0.339010,0.346680,0.377233,0.377233,0.377233,0.377233
49.370064,0.339010,0.328272,0.339010,0.346680,0.351657,0.351657,0.351657,0.351657
49.380062,0.383495,0.368155,0.380427,0.388097,0.317316,0.317316,0.317316,0.317316
49.390057,0.389631,0.374291,0.383495,0.391165,0.275076,0.275076,0.275076,0.275076
49.400059,0.389631,0.374291,0.383495,0.391165,0.225963,0.225963,0.225963,0.225963
49.410057,0.389631,0.374291,0.383495,0.391165,0.171255,0.171255,0.171255,0.171255
49.420052,0.369689,0.358952,0.371223,0.371223,0.112292,0.112292,0.112292,0.112292
49.430058,0.369689,0.358952,0.371223,0.371223,0.050501,0.050501,0.050501,0.050501
49.440052,0.308330,0.302194,0.314466,0.306796,-0.012447,-0.012447,-0.012447,-0.012447
49.450054,0.308330,0.302194,0.314466,0.306796,-0.075086,-0.075086,-0.075086,-0.075086
49.460056,0.211689,0.204019,0.216291,0.207087,-0.135810,-0.135810,-0.135810,-0.135810
49.470058,0.211689,0.204019,0.216291,0.207087,-0.193089,-0.193089,-0.193089,-0.193089
49.480061,0.090505,0.082835,0.093573,0.081301,-0.245492,-0.245492,-0.245492,-0.245492
49.490055,0.090505,0.082835,0.093573,0.081301,-0.291682,-0.291682,-0.291682,-0.291682
49.500057,-0.038350,-0.055223,-0.035282,-0.055223,-0.330542,-0.330542,-0.330542,-0.330542
49.510056,-0.038350,-0.055223,-0.035282,-0.055223,-0.361071,-0.361071,-0.361071,-0.361071
49.520065,-0.164136,-0.182544,-0.161068,-0.184078,-0.382530,-0.382530,-0.382530,-0.382530
49.530064,-0.164136,-0.182544,-0.161068,-0.184078,-0.394342,-0.394342,-0.394342,-0.394342
49.540062,-0.273049,-0.285320,-0.271515,-0.288388,-0.396235,-0.396235,-0.396235,-0.396235
49.550064,-0.273049,-0.285320,-0.271515,-0.288388,-0.388161,-0.388161,-0.388161,-0.388161
49.560059,-0.346680,-0.357418,-0.346680,-0.360486,-0.370339,-0.370339,-0.370339,-0.370339
49.570065,-0.346680,-0.357418,-0.346680,-0.360486,-0.343182,-0.343182,-0.343182,-0.343182
49.580063,-0.385029,-0.395767,-0.385029,-0.397301,-0.307419,-0.307419,-0.307419,-0.307419
49.590061,-0.385029,-0.395767,-0.385029,-0.397301,-0.263926,-0.263926,-0.263926,-0.263926
49.600056,-0.389631,-0.400369,-0.386563,-0.400369,-0.213834,-0.213834,-0.213834,-0.213834
49.610058,-0.389631,-0.400369,-0.386563,-0.400369,-0.158351,-0.158351,-0.158351,-0.158351
49.620056,-0.365087,-0.375825,-0.365087,-0.372757,-0.098930,-0.098930,-0.098930,-0.098930
49.630062,-0.365087,-0.375825,-0.365087,-0.372757,-0.036998,-0.036998,-0.036998,-0.036998
49.640060,-0.299126,-0.308330,-0.299126,-0.305262,0.025788,0.025788,0.025788,0.025788
49.650063,-0.299126,-0.308330,-0.299126,-0.305262,0.087908,0.087908,0.087908,0.087908
49.660061,-0.196350,-0.208621,-0.194816,-0.200952,0.147732,0.147732,0.147732,0.147732
49.670059,-0.196350,-0.208621,-0.194816,-0.200952,0.203816,0.203816,0.203816,0.203816
49.680061,-0.072097,-0.088971,-0.073631,-0.073631,0.254705,0.254705,0.254705,0.254705
49.690063,-0.072097,-0.088971,-0.073631,-0.073631,0.299144,0.299144,0.299144,0.299144
49.700062,0.053689,0.047553,0.053689,0.062893,0.335969,0.335969,0.335969,0.335969
49.710064,0.053689,0.047553,0.053689,0.062893,0.364269,0.364269,0.364269,0.364269
49.720062,0.173340,0.167204,0.176408,0.181010,0.383328,0.383328,0.383328,0.383328
49.730064,0.173340,0.167204,0.176408,0.181010,0.392674,0.392674,0.392674,0.392674
49.740063,0.274583,0.265379,0.277651,0.283786,0.392060,0.392060,0.392060,0.392060
49.750061,0.274583,0.265379,0.277651,0.283786,0.381509,0.381509,0.381509,0.381509
49.760063,0.346680,0.334408,0.346680,0.355884,0.361289,0.361289,0.361289,0.361289
49.770065,0.346680,0.334408,0.346680,0.355884,0.331913,0.331913,0.331913,0.331913
49.780056,0.380427,0.365087,0.377359,0.385029,0.294163,0.294163,0.294163,0.294163
49.790062,0.380427,0.365087,0.377359,0.385029,0.248916,0.248916,0.248916,0.248916
49.800064,0.381961,0.366621,0.377359,0.385029,0.197394,0.197394,0.197394,0.197394
49.810062,0.381961,0.366621,0.377359,0.385029,0.140883,0.140883,0.140883,0.140883
49.820061,0.357418,0.343612,0.355884,0.354350,0.080854,0.080854,0.080854,0.080854
49.830063,0.357418,0.343612,0.355884,0.354350,0.018753,0.018753,0.018753,0.018753
49.840061,0.286854,0.277651,0.286854,0.282252,-0.043741,-0.043741,-0.043741,-0.043741
49.850063,0.286854,0.277651,0.286854,0.282252,-0.105106,-0.105106,-0.105106,-0.105106
49.860062,0.181010,0.171806,0.179476,0.167204,-0.163760,-0.163760,-0.163760,-0.163760
49.870064,0.181010,0.171806,0.179476,0.167204,-0.218209,-0.218209,-0.218209,-0.218209
49.880062,0.055223,0.050621,0.052155,0.042951,-0.267053,-0.267053,-0.267053,-0.267053
49.890064,0.055223,0.050621,0.052155,0.042951,-0.309079,-0.309079,-0.309079,-0.309079
49.900063,-0.070563,-0.090505,-0.075165,-0.087437,-0.343185,-0.343185,-0.343185,-0.343185
49.910065,-0.070563,-0.090505,-0.075165,-0.087437,-0.368526,-0.368526,-0.368526,-0.368526
49.920055,-0.196350,-0.207087,-0.191748,-0.208621,-0.384434,-0.384434,-0.384434,-0.384434
49.930065,-0.196350,-0.207087,-0.191748,-0.208621,-0.390538,-0.390538,-0.390538,-0.390538
49.940056,-0.294524,-0.302194,-0.285320,-0.306796,-0.386661,-0.386661,-0.386661,-0.386661
49.950062,-0.294524,-0.302194,-0.285320,-0.306796,-0.372900,-0.372900,-0.372900,-0.372900
49.960052,-0.357418,-0.365087,-0.351282,-0.369689,-0.349640,-0.349640,-0.349640,-0.349640
49.970058,-0.357418,-0.365087,-0.351282,-0.369689,-0.317418,-0.317418,-0.317418,-0.317418
49.980057,-0.381961,-0.392699,-0.380427,-0.395767,-0.277134,-0.277134,-0.277134,-0.277134
49.990063,-0.381961,-0.392699,-0.380427,-0.395767,-0.229734,-0.229734,-0.229734,-0.229734
50.000053,-0.380427,-0.391165,-0.380427,-0.392699,-0.176546,-0.176546,-0.176546,-0.176546
50.010052,-0.380427,-0.391165,-0.380427,-0.392699,-0.118842,-0.118842,-0.118842,-0.118842
50.020054,-0.343612,-0.354350,-0.343612,-0.352816,-0.058115,-0.058115,-0.058115,-0.058115
50.030060,-0.343612,-0.354350,-0.343612,-0.352816,0.004103,0.004103,0.004103,0.004103
50.040058,-0.265379,-0.277651,-0.265379,-0.269981,0.066114,0.066114,0.066114,0.066114
50.050060,-0.265379,-0.277651,-0.265379,-0.269981,0.126423,0.126423,0.126423,0.126423
50.060059,-0.156466,-0.168738,-0.154932,-0.161068,0.183456,0.183456,0.183456,0.183456
50.070061,-0.156466,-0.168738,-0.154932,-0.161068,0.235736,0.235736,0.235736,0.235736
50.080059,-0.032214,-0.042951,-0.029146,-0.027612,0.281930,0.281930,0.281930,0.281930
50.090061,-0.032214,-0.042951,-0.029146,-0.027612,0.320855,0.320855,0.320855,0.320855
50.100060,0.093573,0.087437,0.096641,0.099709,0.351514,0.351514,0.351514,0.351514
50.110062,0.093573,0.087437,0.096641,0.099709,0.373117,0.373117,0.373117,0.373117
50.120056,0.208621,0.200952,0.210155,0.216291,0.385105,0.385105,0.385105,0.385105
50.130062,0.208621,0.200952,0.210155,0.216291,0.387185,0.387185,0.387185,0.387185
50.140057,0.297592,0.289922,0.300660,0.306796,0.379300,0.379300,0.379300,0.379300
50.150059,0.297592,0.289922,0.300660,0.306796,0.361644,0.361644,0.361644,0.361644
50.160053,0.357418,0.345146,0.355884,0.363553,0.334712,0.334712,0.334712,0.334712
50.170063,0.357418,0.345146,0.355884,0.363553,0.299116,0.299116,0.299116,0.299116
50.180061,0.378893,0.362020,0.372757,0.378893,0.255868,0.255868,0.255868,0.255868
50.190063,0.378893,0.362020,0.372757,0.378893,0.206026,0.206026,0.206026,0.206026
50.200062,0.372757,0.358952,0.369689,0.372757,0.150915,0.150915,0.150915,0.150915
50.210064,0.372757,0.358952,0.369689,0.372757,0.091932,0.091932,0.091932,0.091932
50.220062,0.329806,0.320602,0.329806,0.326738,0.030616,0.030616,0.030616,0.030616
50.230049,0.329806,0.320602,0.329806,0.326738,-0.031385,-0.031385,-0.031385,-0.031385
50.240055,0.243903,0.237767,0.243903,0.239301,-0.092625,-0.092625,-0.092625,-0.092625
50.250065,0.243903,0.237767,0.243903,0.239301,-0.151480,-0.151480,-0.151480,-0.151480
50.260059,0.131922,0.124252,0.128854,0.121184,-0.206288,-0.206288,-0.206288,-0.206288
50.270061,0.131922,0.124252,0.128854,0.121184,-0.255783,-0.255783,-0.255783,-0.255783
50.280064,0.003068,-0.006136,0.001534,-0.003068,-0.298602,-0.298602,-0.298602,-0.298602
50.290066,0.003068,-0.006136,0.001534,-0.003068,-0.333679,-0.333679,-0.333679,-0.333679
50.300060,-0.119651,-0.138058,-0.122718,-0.138058,-0.360064,-0.360064,-0.360064,-0.360064
50.310062,-0.119651,-0.138058,-0.122718,-0.138058,-0.377130,-0.377130,-0.377130,-0.377130
50.320061,-0.230097,-0.245437,-0.233165,-0.248505,-0.384403,-0.384403,-0.384403,-0.384403
50.330063,-0.230097,-0.245437,-0.233165,-0.248505,-0.381706,-0.381706,-0.381706,-0.381706
50.340057,-0.314466,-0.331340,-0.316000,-0.332874,-0.369117,-0.369117,-0.369117,-0.369117
50.350063,-0.314466,-0.331340,-0.316000,-0.332874,-0.346934,-0.346934,-0.346934,-0.346934
50.360058,-0.365087,-0.378893,-0.365087,-0.380427,-0.315788,-0.315788,-0.315788,-0.315788
50.370060,-0.365087,-0.378893,-0.365087,-0.380427,-0.276430,-0.276430,-0.276430,-0.276430
50.380062,-0.375825,-0.386563,-0.374291,-0.388097,-0.229925,-0.229925,-0.229925,-0.229925
50.390064,-0.375825,-0.386563,-0.374291,-0.388097,-0.177467,-0.177467,-0.177467,-0.177467
50.400059,-0.362020,-0.372757,-0.363553,-0.372757,-0.120448,-0.120448,-0.120448,-0.120448
50.410061,-0.362020,-0.372757,-0.363553,-0.372757,-0.060299,-0.060299,-0.060299,-0.060299
50.420063,-0.308330,-0.316000,-0.308330,-0.311398,0.001369,0.001369,0.001369,0.001369
50.430061,-0.308330,-0.316000,-0.308330,-0.311398,0.062957,0.062957,0.062957,0.062957
50.440033,-0.210155,-0.222427,-0.216291,-0.213223,0.122719,0.122719,0.122719,0.122719
50.450062,-0.210155,-0.222427,-0.216291,-0.213223,0.179570,0.179570,0.179570,0.179570
50.460060,-0.087437,-0.105845,-0.102777,-0.093573,0.231546,0.231546,0.231546,0.231546
50.470062,-0.087437,-0.105845,-0.102777,-0.093573,0.277455,0.277455,0.277455,0.277455
50.480030,0.030680,0.030680,0.019942,0.041417,0.315988,0.315988,0.315988,0.315988
50.490063,0.030680,0.030680,0.019942,0.041417,0.346470,0.346470,0.346470,0.346470
50.500061,0.148796,0.148796,0.144194,0.154932,0.367781,0.367781,0.367781,0.367781
50.510063,0.148796,0.148796,0.144194,0.154932,0.379474,0.379474,0.379474,0.379474
50.520061,0.253107,0.246971,0.250039,0.257709,0.381249,0.381249,0.381249,0.381249
50.530060,0.253107,0.246971,0.250039,0.257709,0.373063,0.373063,0.373063,0.373063
50.540062,0.325204,0.317534,0.323670,0.332874,0.355125,0.355125,0.355125,0.355125
50.550064,0.325204,0.317534,0.323670,0.332874,0.327908,0.327908,0.327908,0.327908
50.560062,0.366621,0.352816,0.363553,0.369689,0.292136,0.292136,0.292136,0.292136
50.570065,0.366621,0.352816,0.363553,0.369689,0.248718,0.248718,0.248718,0.248718
50.580063,0.371223,0.354350,0.366621,0.372757,0.198841,0.198841,0.198841,0.198841
50.590061,0.371223,0.354350,0.366621,0.372757,0.143781,0.143781,0.143781,0.143781
50.600063,0.349748,0.335942,0.349748,0.348214,0.084974,0.084974,0.084974,0.084974
50.610062,0.349748,0.335942,0.349748,0.348214,0.023980,0.023980,0.023980,0.023980
50.620060,0.285320,0.273049,0.285320,0.280719,-0.037610,-0.037610,-0.037610,-0.037610
50.630062,0.285320,0.273049,0.285320,0.280719,-0.098174,-0.098174,-0.098174,-0.098174
50.640060,0.182544,0.170272,0.182544,0.174874,-0.156132,-0.156132,-0.156132,-0.156132
50.650063,0.182544,0.170272,0.182544,0.174874,-0.209960,-0.209960,-0.209960,-0.209960
50.660065,0.059825,0.047553,0.058291,0.053689,-0.258241,-0.258241,-0.258241,-0.258241
50.670063,0.059825,0.047553,0.058291,0.053689,-0.299702,-0.299702,-0.299702,-0.299702
50.680061,-0.062893,-0.088971,-0.067495,-0.081301,-0.333263,-0.333263,-0.333263,-0.333263
50.690060,-0.062893,-0.088971,-0.067495,-0.081301,-0.358039,-0.358039,-0.358039,-0.358039
50.700062,-0.182544,-0.202485,-0.184078,-0.199418,-0.373386,-0.373386,-0.373386,-0.373386
50.710060,-0.182544,-0.202485,-0.184078,-0.199418,-0.378900,-0.378900,-0.378900,-0.378900
50.720058,-0.280719,-0.296058,-0.280719,-0.296058,-0.374437,-0.374437,-0.374437,-0.374437
50.730061,-0.280719,-0.296058,-0.280719,-0.296058,-0.360116,-0.360116,-0.360116,-0.360116
50.740059,-0.345146,-0.357418,-0.345146,-0.358952,-0.336319,-0.336319,-0.336319,-0.336319
50.750061,-0.345146,-0.357418,-0.345146,-0.358952,-0.303659,-0.303659,-0.303659,-0.303659
50.760059,-0.371223,-0.381961,-0.369689,-0.383495,-0.263030,-0.263030,-0.263030,-0.263030
50.770061,-0.371223,-0.381961,-0.369689,-0.383495,-0.215457,-0.215457,-0.215457,-0.215457
50.780060,-0.368155,-0.378893,-0.368155,-0.380427,-0.162269,-0.162269,-0.162269,-0.162269
50.790058,-0.368155,-0.378893,-0.368155,-0.380427,-0.104803,-0.104803,-0.104803,-0.104803
50.800060,-0.329806,-0.339010,-0.331340,-0.337476,-0.044602,-0.044602,-0.044602,-0.044602
50.810062,-0.329806,-0.339010,-0.331340,-0.337476,0.016741,0.016741,0.016741,0.016741
50.820057,-0.253107,-0.260777,-0.251573,-0.256175,0.077575,0.077575,0.077575,0.077575
50.830063,-0.253107,-0.260777,-0.251573,-0.256175,0.136389,0.136389,0.136389,0.136389
50.840031,-0.142660,-0.151864,-0.139592,-0.148796,0.191348,0.191348,0.191348,0.191348
50.850063,-0.142660,-0.151864,-0.139592,-0.148796,0.241553,0.241553,0.241553,0.241553
50.860058,-0.019942,-0.021476,-0.016874,-0.012272,0.285148,0.285148,0.285148,0.285148
50.870060,-0.019942,-0.021476,-0.016874,-0.012272,0.321189,0.321189,0.321189,0.321189
50.880058,0.104311,0.104311,0.105845,0.108913,0.348700,0.348700,0.348700,0.348700
50.890060,0.104311,0.104311,0.105845,0.108913,0.366957,0.366957,0.366957,0.366957
50.900059,0.216291,0.211689,0.214757,0.222427,0.375470,0.375470,0.375470,0.375470
50.910061,0.216291,0.211689,0.214757,0.222427,0.374022,0.374022,0.374022,0.374022
50.920059,0.300660,0.294524,0.299126,0.306796,0.362656,0.362656,0.362656,0.362656
50.930065,0.300660,0.294524,0.299126,0.306796,0.341659,0.341659,0.341659,0.341659
50.940060,0.352816,0.340544,0.348214,0.358952,0.311626,0.311626,0.311626,0.311626
50.950062,0.352816,0.340544,0.348214,0.358952,0.273314,0.273314,0.273314,0.273314
50.960060,0.366621,0.351282,0.360486,0.366621,0.227779,0.227779,0.227779,0.227779
50.970062,0.366621,0.351282,0.360486,0.366621,0.176192,0.176192,0.176192,0.176192
50.980061,0.355884,0.343612,0.355884,0.355884,0.119982,0.119982,0.119982,0.119982
50.990059,0.355884,0.343612,0.355884,0.355884,0.060596,0.060596,0.060596,0.060596
51.000053,0.303728,0.294524,0.311398,0.303728,-0.000337,-0.000337,-0.000337,-0.000337
51.010059,0.303728,0.294524,0.311398,0.303728,-0.061276,-0.061276,-0.061276,-0.061276
51.020061,0.214757,0.202485,0.220893,0.210155,-0.120545,-0.120545,-0.120545,-0.120545
51.030056,0.214757,0.202485,0.220893,0.210155,-0.176532,-0.176532,-0.176532,-0.176532
51.040051,0.098175,0.085903,0.101243,0.087437,-0.227775,-0.227775,-0.227775,-0.227775
51.050056,0.098175,0.085903,0.101243,0.087437,-0.272964,-0.272964,-0.272964,-0.272964
51.060055,-0.026078,-0.047553,-0.029146,-0.038350,-0.310817,-0.310817,-0.310817,-0.310817
51.070053,-0.026078,-0.047553,-0.029146,-0.038350,-0.340365,-0.340365,-0.340365,-0.340365
51.080055,-0.145728,-0.170272,-0.150330,-0.165670,-0.360809,-0.360809,-0.360809,-0.360809
51.090054,-0.145728,-0.170272,-0.150330,-0.165670,-0.371609,-0.371609,-0.371609,-0.371609
51.100056,-0.251573,-0.266913,-0.253107,-0.269981,-0.372475,-0.372475,-0.372475,-0.372475
51.110054,-0.251573,-0.266913,-0.253107,-0.269981,-0.363386,-0.363386,-0.363386,-0.363386
51.120052,-0.326738,-0.335942,-0.325204,-0.345146,-0.344594,-0.344594,-0.344594,-0.344594
51.130058,-0.326738,-0.335942,-0.325204,-0.345146,-0.316581,-0.316581,-0.316581,-0.316581
51.140053,-0.363553,-0.371223,-0.362020,-0.375825,-0.280135,-0.280135,-0.280135,-0.280135
51.150059,-0.363553,-0.371223,-0.362020,-0.375825,-0.236184,-0.236184,-0.236184,-0.236184
51.160053,-0.365087,-0.375825,-0.363553,-0.375825,-0.185982,-0.185982,-0.185982,-0.185982
51.170067,-0.365087,-0.375825,-0.363553,-0.375825,-0.130727,-0.130727,-0.130727,-0.130727
51.180061,-0.339010,-0.349748,-0.339010,-0.348214,-0.072096,-0.072096,-0.072096,-0.072096
51.190056,-0.339010,-0.349748,-0.339010,-0.348214,-0.011579,-0.011579,-0.011579,-0.011579
51.200058,-0.271515,-0.283786,-0.271515,-0.276117,0.049276,0.049276,0.049276,0.049276
51.210049,-0.271515,-0.283786,-0.271515,-0.276117,0.108685,0.108685,0.108685,0.108685
51.220062,-0.168738,-0.182544,-0.167204,-0.173340,0.165287,0.165287,0.165287,0.165287
51.230064,-0.168738,-0.182544,-0.167204,-0.173340,0.217344,0.217344,0.217344,0.217344
51.240063,-0.047553,-0.061359,-0.046019,-0.044485,0.263521,0.263521,0.263521,0.263521
51.250061,-0.047553,-0.061359,-0.046019,-0.044485,0.302592,0.302592,0.302592,0.302592
51.260059,0.076699,0.070563,0.076699,0.081301,0.333512,0.333512,0.333512,0.333512
51.270058,0.076699,0.070563,0.076699,0.081301,0.355446,0.355446,0.355446,0.355446
51.280056,0.190214,0.182544,0.190214,0.196350,0.367812,0.367812,0.367812,0.367812
51.290058,0.190214,0.182544,0.190214,0.196350,0.370277,0.370277,0.370277,0.370277
51.300056,0.280719,0.269981,0.282252,0.288388,0.362772,0.362772,0.362772,0.362772
51.310059,0.280719,0.269981,0.282252,0.288388,0.345500,0.345500,0.345500,0.345500
51.320053,0.339010,0.326738,0.337476,0.345146,0.318945,0.318945,0.318945,0.318945
51.330059,0.339010,0.326738,0.337476,0.345146,0.283786,0.283786,0.283786,0.283786
51.340057,0.360486,0.345146,0.355884,0.362020,0.241021,0.241021,0.241021,0.241021
51.350056,0.360486,0.345146,0.355884,0.362020,0.191767,0.191767,0.191767,0.191767
51.360054,0.355884,0.343612,0.354350,0.355884,0.137379,0.137379,0.137379,0.137379
51.370056,0.355884,0.343612,0.354350,0.355884,0.079300,0.079300,0.079300,0.079300
51.380062,0.314466,0.305262,0.314466,0.311398,0.019086,0.019086,0.019086,0.019086
51.390057,0.314466,0.305262,0.314466,0.311398,-0.041548,-0.041548,-0.041548,-0.041548
51.400055,0.231631,0.223961,0.230097,0.227029,-0.101036,-0.101036,-0.101036,-0.101036
51.410057,0.231631,0.223961,0.230097,0.227029,-0.157792,-0.157792,-0.157792,-0.157792
51.420055,0.118117,0.110447,0.116583,0.110447,-0.210220,-0.210220,-0.210220,-0.210220
51.430058,0.118117,0.110447,0.116583,0.110447,-0.256958,-0.256958,-0.256958,-0.256958
51.440056,-0.006136,-0.015340,-0.003068,-0.013806,-0.296695,-0.296695,-0.296695,-0.296695
51.450054,-0.006136,-0.015340,-0.003068,-0.013806,-0.328378,-0.328378,-0.328378,-0.328378
51.460056,-0.127320,-0.144194,-0.121184,-0.148796,-0.351159,-0.351159,-0.351159,-0.351159
51.470058,-0.127320,-0.144194,-0.121184,-0.148796,-0.364409,-0.364409,-0.364409,-0.364409
51.480061,-0.236233,-0.248505,-0.231631,-0.253107,-0.367773,-0.367773,-0.367773,-0.367773
51.490059,-0.236233,-0.248505,-0.231631,-0.253107,-0.361164,-0.361164,-0.361164,-0.361164
51.500057,-0.314466,-0.325204,-0.308330,-0.329806,-0.344767,-0.344767,-0.344767,-0.344767
51.510056,-0.314466,-0.325204,-0.308330,-0.329806,-0.319018,-0.319018,-0.319018,-0.319018
51.520061,-0.355884,-0.365087,-0.354350,-0.366621,-0.284607,-0.284607,-0.284607,-0.284607
51.530064,-0.355884,-0.365087,-0.354350,-0.366621,-0.242492,-0.242492,-0.242492,-0.242492
51.540054,-0.358952,-0.369689,-0.357418,-0.371223,-0.193877,-0.193877,-0.193877,-0.193877
51.550060,-0.358952,-0.369689,-0.357418,-0.371223,-0.139939,-0.139939,-0.139939,-0.139939
51.560055,-0.339010,-0.349748,-0.339010,-0.348214,-0.082288,-0.082288,-0.082288,-0.082288
51.570061,-0.339010,-0.349748,-0.339010,-0.348214,-0.022372,-0.022372,-0.022372,-0.022372
51.580059,-0.276117,-0.289922,-0.276117,-0.282252,0.038066,0.038066,0.038066,0.038066
51.590065,-0.276117,-0.289922,-0.276117,-0.282252,0.097491,0.097491,0.097491,0.097491
51.600056,-0.176408,-0.193282,-0.176408,-0.182544,0.154142,0.154142,0.154142,0.154142
51.610058,-0.176408,-0.193282,-0.176408,-0.182544,0.206631,0.206631,0.206631,0.206631
51.620056,-0.056757,-0.073631,-0.056757,-0.058291,0.253420,0.253420,0.253420,0.253420
51.630058,-0.056757,-0.073631,-0.056757,-0.058291,0.293309,0.293309,0.293309,0.293309
51.640057,0.064427,0.059825,0.064427,0.070563,0.325158,0.325158,0.325158,0.325158
51.650059,0.064427,0.059825,0.064427,0.070563,0.348127,0.348127,0.348127,0.348127
51.660057,0.177942,0.171806,0.179476,0.185612,0.361580,0.361580,0.361580,0.361580
51.670063,0.177942,0.171806,0.179476,0.185612,0.365153,0.365153,0.365153,0.365153
51.680058,0.271515,0.262311,0.273049,0.277651,0.358752,0.358752,0.358752,0.358752
51.690060,0.271515,0.262311,0.273049,0.277651,0.342548,0.342548,0.342548,0.342548
51.700058,0.331340,0.319068,0.331340,0.337476,0.317008,0.317008,0.317008,0.317008
51.710064,0.331340,0.319068,0.331340,0.337476,0.282780,0.282780,0.282780,0.282780
51.720058,0.355884,0.339010,0.349748,0.355884,0.240887,0.240887,0.240887,0.240887
51.730064,0.355884,0.339010,0.349748,0.355884,0.192364,0.192364,0.192364,0.192364
51.740051,0.351282,0.337476,0.348214,0.352816,0.138715,0.138715,0.138715,0.138715
51.750038,0.351282,0.337476,0.348214,0.352816,0.081303,0.081303,0.081303,0.081303
51.760059,0.312932,0.302194,0.311398,0.309864,0.021501,0.021501,0.021501,0.021501
51.770058,0.312932,0.302194,0.311398,0.309864,-0.038744,-0.038744,-0.038744,-0.038744
51.780056,0.233165,0.223961,0.231631,0.227029,-0.097865,-0.097865,-0.097865,-0.097865
51.790054,0.233165,0.223961,0.231631,0.227029,-0.154274,-0.154274,-0.154274,-0.154274
51.800053,0.121184,0.115049,0.118117,0.111981,-0.206437,-0.206437,-0.206437,-0.206437
51.810059,0.121184,0.115049,0.118117,0.111981,-0.252916,-0.252916,-0.252916,-0.252916
51.820053,-0.004602,-0.013806,-0.004602,-0.010738,-0.292396,-0.292396,-0.292396,-0.292396
51.830059,-0.004602,-0.013806,-0.004602,-0.010738,-0.323853,-0.323853,-0.323853,-0.323853
51.840057,-0.127320,-0.141126,-0.124252,-0.145728,-0.346372,-0.346372,-0.346372,-0.346372
51.850060,-0.127320,-0.141126,-0.124252,-0.145728,-0.359360,-0.359360,-0.359360,-0.359360
51.860058,-0.233165,-0.242369,-0.231631,-0.248505,-0.362460,-0.362460,-0.362460,-0.362460
51.870056,-0.233165,-0.242369,-0.231631,-0.248505,-0.355591,-0.355591,-0.355591,-0.355591
51.880058,-0.308330,-0.320602,-0.306796,-0.326738,-0.338935,-0.338935,-0.338935,-0.338935
51.890057,-0.308330,-0.320602,-0.306796,-0.326738,-0.312967,-0.312967,-0.312967,-0.312967
51.900059,-0.349748,-0.362020,-0.348214,-0.363553,-0.278395,-0.278395,-0.278395,-0.278395
51.910065,-0.349748,-0.362020,-0.348214,-0.363553,-0.236141,-0.236141,-0.236141,-0.236141
51.920059,-0.354350,-0.365087,-0.352816,-0.366621,-0.187455,-0.187455,-0.187455,-0.187455
51.930058,-0.354350,-0.365087,-0.352816,-0.366621,-0.133617,-0.133617,-0.133617,-0.133617
51.940060,-0.334408,-0.345146,-0.335942,-0.340544,-0.076084,-0.076084,-0.076084,-0.076084
51.950062,-0.334408,-0.345146,-0.335942,-0.340544,-0.016503,-0.016503,-0.016503,-0.016503
51.960064,-0.269981,-0.282252,-0.269981,-0.273049,0.043488,0.043488,0.043488,0.043488
51.970062,-0.269981,-0.282252,-0.269981,-0.273049,0.102244,0.102244,0.102244,0.102244
51.980061,-0.171806,-0.187146,-0.176408,-0.177942,0.158129,0.158129,0.158129,0.158129
51.990059,-0.171806,-0.187146,-0.176408,-0.177942,0.209619,0.209619,0.209619,0.209619
52.000057,-0.044485,-0.065961,-0.050621,-0.050621,0.255294,0.255294,0.255294,0.255294
52.010059,-0.044485,-0.065961,-0.050621,-0.050621,0.293894,0.293894,0.293894,0.293894
52.020058,0.075165,0.065961,0.069029,0.073631,0.324328,0.324328,0.324328,0.324328
52.030060,0.075165,0.065961,0.069029,0.073631,0.345782,0.345782,0.345782,0.345782
52.040058,0.185612,0.174874,0.182544,0.187146,0.357645,0.357645,0.357645,0.357645
52.050060,0.185612,0.174874,0.182544,0.187146,0.359598,0.359598,0.359598,0.359598
52.060059,0.271515,0.262311,0.273049,0.279185,0.351586,0.351586,0.351586,0.351586
52.070057,0.271515,0.262311,0.273049,0.279185,0.333838,0.333838,0.333838,0.333838
52.080059,0.329806,0.317534,0.328272,0.335942,0.306843,0.306843,0.306843,0.306843
52.090061,0.329806,0.317534,0.328272,0.335942,0.271332,0.271332,0.271332,0.271332
52.100037,0.349748,0.334408,0.345146,0.351282,0.228446,0.228446,0.228446,0.228446
52.110058,0.349748,0.334408,0.345146,0.351282,0.179031,0.179031,0.179031,0.179031
52.120056,0.345146,0.331340,0.342078,0.345146,0.124793,0.124793,0.124793,0.124793
52.130058,0.345146,0.331340,0.342078,0.345146,0.067090,0.067090,0.067090,0.067090
52.140057,0.302194,0.292990,0.302194,0.299126,0.007581,0.007581,0.007581,0.007581
52.150055,0.302194,0.292990,0.302194,0.299126,-0.052126,-0.052126,-0.052126,-0.052126
52.160057,0.219359,0.211689,0.217825,0.213223,-0.110340,-0.110340,-0.110340,-0.110340
52.170059,0.219359,0.211689,0.217825,0.213223,-0.165465,-0.165465,-0.165465,-0.165465
52.180058,0.104311,0.098175,0.104311,0.098175,-0.215939,-0.215939,-0.215939,-0.215939
52.190018,0.104311,0.098175,0.104311,0.098175,-0.260222,-0.260222,-0.260222,-0.260222
52.200047,-0.018408,-0.029146,-0.018408,-0.026078,-0.297504,-0.297504,-0.297504,-0.297504
52.210064,-0.018408,-0.029146,-0.018408,-0.026078,-0.326405,-0.326405,-0.326405,-0.326405
52.220055,-0.134990,-0.153398,-0.138058,-0.156466,-0.346126,-0.346126,-0.346126,-0.346126
52.230064,-0.134990,-0.153398,-0.138058,-0.156466,-0.356207,-0.356207,-0.356207,-0.356207
52.240059,-0.239301,-0.253107,-0.240835,-0.257709,-0.356337,-0.356337,-0.356337,-0.356337
52.250061,-0.239301,-0.253107,-0.240835,-0.257709,-0.346526,-0.346526,-0.346526,-0.346526
52.260059,-0.311398,-0.323670,-0.311398,-0.328272,-0.327047,-0.327047,-0.327047,-0.327047
52.270061,-0.311398,-0.323670,-0.311398,-0.328272,-0.298445,-0.298445,-0.298445,-0.298445
52.280014,-0.348214,-0.358952,-0.346680,-0.360486,-0.261716,-0.261716,-0.261716,-0.261716
52.290058,-0.348214,-0.358952,-0.346680,-0.360486,-0.217326,-0.217326,-0.217326,-0.217326
52.300056,-0.349748,-0.360486,-0.348214,-0.360486,-0.167087,-0.167087,-0.167087,-0.167087
52.310059,-0.349748,-0.360486,-0.348214,-0.360486,-0.112169,-0.112169,-0.112169,-0.112169
52.320053,-0.322136,-0.334408,-0.322136,-0.331340,-0.054188,-0.054188,-0.054188,-0.054188
52.330059,-0.322136,-0.334408,-0.322136,-0.331340,0.005330,0.005330,0.005330,0.005330
52.340061,-0.251573,-0.265379,-0.251573,-0.259243,0.064640,0.064640,0.064640,0.064640
52.350060,-0.251573,-0.265379,-0.251573,-0.259243,0.122109,0.122109,0.122109,0.122109
52.360050,-0.147262,-0.162602,-0.147262,-0.158000,0.176066,0.176066,0.176066,0.176066
52.370060,-0.147262,-0.162602,-0.147262,-0.158000,0.225156,0.225156,0.225156,0.225156
52.380051,-0.027612,-0.041417,-0.029146,-0.024544,0.267825,0.267825,0.267825,0.267825
52.390060,-0.027612,-0.041417,-0.029146,-0.024544,0.303029,0.303029,0.303029,0.303029
52.400055,0.090505,0.084369,0.085903,0.096641,0.329663,0.329663,0.329663,0.329663
52.410030,0.090505,0.084369,0.085903,0.096641,0.347007,0.347007,0.347007,0.347007
52.420055,0.197884,0.191748,0.194816,0.207087,0.354664,0.354664,0.354664,0.354664
52.430061,0.197884,0.191748,0.194816,0.207087,0.352316,0.352316,0.352316,0.352316
52.440060,0.282252,0.273049,0.280719,0.289922,0.340069,0.340069,0.340069,0.340069
52.450058,0.282252,0.273049,0.280719,0.289922,0.318279,0.318279,0.318279,0.318279
52.460056,0.332874,0.320602,0.329806,0.337476,0.287540,0.287540,0.287540,0.287540
52.470058,0.332874,0.320602,0.329806,0.337476,0.248721,0.248721,0.248721,0.248721
52.480057,0.345146,0.329806,0.339010,0.346680,0.202952,0.202952,0.202952,0.202952
52.490059,0.345146,0.329806,0.339010,0.346680,0.151464,0.151464,0.151464,0.151464
52.500057,0.334408,0.320602,0.332874,0.334408,0.095767,0.095767,0.095767,0.095767
52.510059,0.334408,0.320602,0.332874,0.334408,0.037373,0.037373,0.037373,0.037373
52.520054,0.282252,0.271515,0.282252,0.279185,-0.022007,-0.022007,-0.022007,-0.022007
52.530060,0.282252,0.271515,0.282252,0.279185,-0.080767,-0.080767,-0.080767,-0.080767
52.540058,0.185612,0.177942,0.190214,0.185612,-0.137204,-0.137204,-0.137204,-0.137204
52.550064,0.185612,0.177942,0.190214,0.185612,-0.189756,-0.189756,-0.189756,-0.189756
52.560059,0.065961,0.061359,0.072097,0.065961,-0.236873,-0.236873,-0.236873,-0.236873
52.570057,0.065961,0.061359,0.072097,0.065961,-0.277305,-0.277305,-0.277305,-0.277305
52.580055,-0.050621,-0.070563,-0.050621,-0.059825,-0.309873,-0.309873,-0.309873,-0.309873
52.590057,-0.050621,-0.070563,-0.050621,-0.059825,-0.333678,-0.333678,-0.333678,-0.333678
52.600056,-0.162602,-0.185612,-0.165670,-0.179476,-0.348029,-0.348029,-0.348029,-0.348029
52.610058,-0.162602,-0.185612,-0.165670,-0.179476,-0.352533,-0.352533,-0.352533,-0.352533
52.620056,-0.257709,-0.274583,-0.259243,-0.277651,-0.347060,-0.347060,-0.347060,-0.347060
52.630058,-0.257709,-0.274583,-0.259243,-0.277651,-0.331765,-0.331765,-0.331765,-0.331765
52.640053,-0.322136,-0.334408,-0.319068,-0.339010,-0.307098,-0.307098,-0.307098,-0.307098
52.650055,-0.322136,-0.334408,-0.319068,-0.339010,-0.273732,-0.273732,-0.273732,-0.273732
52.660057,-0.345146,-0.355884,-0.342078,-0.355884,-0.232638,-0.232638,-0.232638,-0.232638
52.670059,-0.345146,-0.355884,-0.342078,-0.355884,-0.184961,-0.184961,-0.184961,-0.184961
52.680058,-0.343612,-0.351282,-0.340544,-0.352816,-0.132084,-0.132084,-0.132084,-0.132084
52.690060,-0.343612,-0.351282,-0.340544,-0.352816,-0.075465,-0.075465,-0.075465,-0.075465
52.700058,-0.300660,-0.309864,-0.302194,-0.308330,-0.016764,-0.016764,-0.016764,-0.016764
52.710056,-0.300660,-0.309864,-0.302194,-0.308330,0.042381,0.042381,0.042381,0.042381
52.720055,-0.220893,-0.228563,-0.220893,-0.227029,0.100301,0.100301,0.100301,0.100301
52.730072,-0.220893,-0.228563,-0.220893,-0.227029,0.155422,0.155422,0.155422,0.155422
52.740059,-0.110447,-0.121184,-0.110447,-0.119651,0.205944,0.205944,0.205944,0.205944
52.750057,-0.110447,-0.121184,-0.110447,-0.119651,0.250650,0.250650,0.250650,0.250650
52.760059,0.010738,0.010738,0.009204,0.013806,0.288204,0.288204,0.288204,0.288204
52.770058,0.010738,0.010738,0.009204,0.013806,0.317538,0.317538,0.317538,0.317538
52.780056,0.127320,0.125786,0.125786,0.130388,0.337817,0.337817,0.337817,0.337817
52.790054,0.127320,0.125786,0.125786,0.130388,0.348471,0.348471,0.348471,0.348471
52.800056,0.228563,0.222427,0.227029,0.234699,0.349194,0.349194,0.349194,0.349194
52.810055,0.228563,0.222427,0.227029,0.234699,0.339969,0.339969,0.339969,0.339969
52.820053,0.297592,0.291456,0.299126,0.305262,0.321070,0.321070,0.321070,0.321070
52.830055,0.297592,0.291456,0.299126,0.305262,0.293003,0.293003,0.293003,0.293003
52.840057,0.337476,0.323670,0.334408,0.340544,0.256603,0.256603,0.256603,0.256603
52.850060,0.337476,0.323670,0.334408,0.340544,0.212899,0.212899,0.212899,0.212899
52.860058,0.339010,0.325204,0.334408,0.340544,0.163163,0.163163,0.163163,0.163163
52.870060,0.339010,0.325204,0.334408,0.340544,0.108764,0.108764,0.108764,0.108764
52.880054,0.316000,0.303728,0.317534,0.314466,0.051335,0.051335,0.051335,0.051335
52.890053,0.316000,0.303728,0.317534,0.314466,-0.007549,-0.007549,-0.007549,-0.007549
52.900059,0.250039,0.237767,0.253107,0.245437,-0.066218,-0.066218,-0.066218,-0.066218
52.910057,0.250039,0.237767,0.253107,0.245437,-0.122939,-0.122939,-0.122939,-0.122939
52.920055,0.148796,0.136524,0.151864,0.139592,-0.176091,-0.176091,-0.176091,-0.176091
52.930054,0.148796,0.136524,0.151864,0.139592,-0.224191,-0.224191,-0.224191,-0.224191
52.940056,0.027612,0.015340,0.032214,0.019942,-0.265852,-0.265852,-0.265852,-0.265852
52.950054,0.027612,0.015340,0.032214,0.019942,-0.299861,-0.299861,-0.299861,-0.299861
52.960056,-0.090505,-0.115049,-0.088971,-0.111981,-0.325276,-0.325276,-0.325276,-0.325276
52.970055,-0.090505,-0.115049,-0.088971,-0.111981,-0.341346,-0.341346,-0.341346,-0.341346
52.980053,-0.200952,-0.222427,-0.202485,-0.219359,-0.347622,-0.347622,-0.347622,-0.347622
52.990055,-0.200952,-0.222427,-0.202485,-0.219359,-0.343923,-0.343923,-0.343923,-0.343923
53.000053,-0.283786,-0.299126,-0.282252,-0.299126,-0.330359,-0.330359,-0.330359,-0.330359
53.010056,-0.283786,-0.299126,-0.282252,-0.299126,-0.307314,-0.307314,-0.307314,-0.307314
53.020058,-0.331340,-0.345146,-0.329806,-0.345146,-0.275465,-0.275465,-0.275465,-0.275465
53.030056,-0.331340,-0.345146,-0.329806,-0.345146,-0.235722,-0.235722,-0.235722,-0.235722
53.040058,-0.340544,-0.351282,-0.339010,-0.352816,-0.189221,-0.189221,-0.189221,-0.189221
53.050056,-0.340544,-0.351282,-0.339010,-0.352816,-0.137303,-0.137303,-0.137303,-0.137303
53.060017,-0.326738,-0.334408,-0.325204,-0.334408,-0.081701,-0.081701,-0.081701,-0.081701
53.070065,-0.326738,-0.334408,-0.325204,-0.334408,-0.023298,-0.023298,-0.023298,-0.023298
53.080063,-0.263845,-0.276117,-0.269981,-0.274583,0.035485,0.035485,0.035485,0.035485
53.090061,-0.263845,-0.276117,-0.269981,-0.274583,0.093211,0.093211,0.093211,0.093211
53.100063,-0.168738,-0.184078,-0.173340,-0.181010,0.148235,0.148235,0.148235,0.148235
53.110065,-0.168738,-0.184078,-0.173340,-0.181010,0.198942,0.198942,0.198942,0.198942
53.120060,-0.055223,-0.073631,-0.056757,-0.059825,0.243870,0.243870,0.243870,0.243870
53.130062,-0.055223,-0.073631,-0.056757,-0.059825,0.281771,0.281771,0.281771,0.281771
53.140060,0.061359,0.056757,0.062893,0.067495,0.311520,0.311520,0.311520,0.311520
53.150063,0.061359,0.056757,0.062893,0.067495,0.332262,0.332262,0.332262,0.332262
53.160061,0.171806,0.167204,0.171806,0.179476,0.343402,0.343402,0.343402,0.343402
53.170063,0.171806,0.167204,0.171806,0.179476,0.344621,0.344621,0.344621,0.344621
53.180058,0.259243,0.251573,0.259243,0.266913,0.335892,0.335892,0.335892,0.335892
53.190060,0.259243,0.251573,0.259243,0.266913,0.317454,0.317454,0.317454,0.317454
53.200058,0.316000,0.305262,0.317534,0.323670,0.289862,0.289862,0.289862,0.289862
53.210056,0.316000,0.305262,0.317534,0.323670,0.253912,0.253912,0.253912,0.253912
53.220055,0.334408,0.320602,0.332874,0.337476,0.210619,0.210619,0.210619,0.210619
53.230053,0.334408,0.320602,0.332874,0.337476,0.161273,0.161273,0.161273,0.161273
53.240059,0.329806,0.316000,0.328272,0.329806,0.107252,0.107252,0.107252,0.107252
53.250061,0.329806,0.316000,0.328272,0.329806,0.050154,0.050154,0.050154,0.050154
53.260056,0.283786,0.276117,0.285320,0.280719,-0.008314,-0.008314,-0.008314,-0.008314
53.270061,0.283786,0.276117,0.285320,0.280719,-0.066563,-0.066563,-0.066563,-0.066563
53.280064,0.200952,0.191748,0.199418,0.194816,-0.122832,-0.122832,-0.122832,-0.122832
53.290062,0.200952,0.191748,0.199418,0.194816,-0.175499,-0.175499,-0.175499,-0.175499
53.300060,0.088971,0.081301,0.085903,0.078233,-0.223031,-0.223031,-0.223031,-0.223031
53.310062,0.088971,0.081301,0.085903,0.078233,-0.264088,-0.264088,-0.264088,-0.264088
53.320061,-0.032214,-0.047553,-0.035282,-0.044485,-0.297445,-0.297445,-0.297445,-0.297445
53.330063,-0.032214,-0.047553,-0.035282,-0.044485,-0.322145,-0.322145,-0.322145,-0.322145
53.340061,-0.147262,-0.165670,-0.150330,-0.164136,-0.337471,-0.337471,-0.337471,-0.337471
53.350056,-0.147262,-0.165670,-0.150330,-0.164136,-0.342983,-0.342983,-0.342983,-0.342983
53.360058,-0.245437,-0.257709,-0.245437,-0.260777,-0.338522,-0.338522,-0.338522,-0.338522
53.370060,-0.245437,-0.257709,-0.245437,-0.260777,-0.324211,-0.324211,-0.324211,-0.324211
53.380054,-0.309864,-0.320602,-0.305262,-0.323670,-0.300496,-0.300496,-0.300496,-0.300496
53.390053,-0.309864,-0.320602,-0.305262,-0.323670,-0.268041,-0.268041,-0.268041,-0.268041
53.400059,-0.335942,-0.345146,-0.331340,-0.346680,-0.227775,-0.227775,-0.227775,-0.227775
53.410061,-0.335942,-0.345146,-0.331340,-0.346680,-0.180886,-0.180886,-0.180886,-0.180886
53.420055,-0.334408,-0.345146,-0.331340,-0.343612,-0.128811,-0.128811,-0.128811,-0.128811
53.430061,-0.334408,-0.345146,-0.331340,-0.343612,-0.072950,-0.072950,-0.072950,-0.072950
53.440052,-0.294524,-0.305262,-0.297592,-0.299126,-0.015065,-0.015065,-0.015065,-0.015065
53.450062,-0.294524,-0.305262,-0.297592,-0.299126,0.043313,0.043313,0.043313,0.043313
53.460056,-0.216291,-0.228563,-0.220893,-0.223961,0.100324,0.100324,0.100324,0.100324
53.470070,-0.216291,-0.228563,-0.220893,-0.223961,0.154478,0.154478,0.154478,0.154478
53.480053,-0.108913,-0.124252,-0.107379,-0.110447,0.203944,0.203944,0.203944,0.203944
53.490063,-0.108913,-0.124252,-0.107379,-0.110447,0.247534,0.247534,0.247534,0.247534
53.500057,0.010738,0.003068,0.010738,0.016874,0.283819,0.283819,0.283819,0.283819
53.510063,0.010738,0.003068,0.010738,0.016874,0.311806,0.311806,0.311806,0.311806
53.520058,0.125786,0.119651,0.127320,0.130388,0.330643,0.330643,0.330643,0.330643
53.530064,0.125786,0.119651,0.127320,0.130388,0.339807,0.339807,0.339807,0.339807
53.540058,0.225495,0.216291,0.223961,0.231631,0.339017,0.339017,0.339017,0.339017
53.550064,0.225495,0.216291,0.223961,0.231631,0.328289,0.328289,0.328289,0.328289
53.560062,0.294524,0.282252,0.292990,0.300660,0.307969,0.307969,0.307969,0.307969
53.570057,0.294524,0.282252,0.292990,0.300660,0.278641,0.278641,0.278641,0.278641
53.580059,0.328272,0.314466,0.325204,0.331340,0.241156,0.241156,0.241156,0.241156
53.590057,0.328272,0.314466,0.325204,0.331340,0.196625,0.196625,0.196625,0.196625
53.600056,0.329806,0.316000,0.325204,0.331340,0.146339,0.146339,0.146339,0.146339
53.610058,0.329806,0.316000,0.325204,0.331340,0.091783,0.091783,0.091783,0.091783
53.620056,0.303728,0.292990,0.302194,0.300660,0.034585,0.034585,0.034585,0.034585
53.630058,0.303728,0.292990,0.302194,0.300660,-0.023630,-0.023630,-0.023630,-0.023630
53.640057,0.236233,0.227029,0.233165,0.230097,-0.081089,-0.081089,-0.081089,-0.081089
53.650059,0.236233,0.227029,0.233165,0.230097,-0.136152,-0.136152,-0.136152,-0.136152
53.660057,0.133456,0.125786,0.127320,0.122718,-0.187151,-0.187151,-0.187151,-0.187151
53.670055,0.133456,0.125786,0.127320,0.122718,-0.232642,-0.232642,-0.232642,-0.232642
53.680054,0.010738,0.001534,0.009204,0.006136,-0.271266,-0.271266,-0.271266,-0.271266
53.690060,0.010738,0.001534,0.009204,0.006136,-0.301892,-0.301892,-0.301892,-0.301892
53.700058,-0.108913,-0.122718,-0.107379,-0.124252,-0.323599,-0.323599,-0.323599,-0.323599
53.710056,-0.108913,-0.122718,-0.107379,-0.124252,-0.335772,-0.335772,-0.335772,-0.335772
53.720055,-0.213223,-0.223961,-0.211689,-0.227029,-0.338044,-0.338044,-0.338044,-0.338044
53.730057,-0.213223,-0.223961,-0.211689,-0.227029,-0.330354,-0.330354,-0.330354,-0.330354
53.740055,-0.286854,-0.297592,-0.285320,-0.302194,-0.312928,-0.312928,-0.312928,-0.312928
53.750057,-0.286854,-0.297592,-0.285320,-0.302194,-0.286280,-0.286280,-0.286280,-0.286280
53.760056,-0.328272,-0.339010,-0.325204,-0.339010,-0.251207,-0.251207,-0.251207,-0.251207
53.770058,-0.328272,-0.339010,-0.325204,-0.339010,-0.208728,-0.208728,-0.208728,-0.208728
53.780056,-0.331340,-0.343612,-0.328272,-0.342078,-0.160126,-0.160126,-0.160126,-0.160126
53.790054,-0.331340,-0.343612,-0.328272,-0.342078,-0.106812,-0.106812,-0.106812,-0.106812
53.800056,-0.308330,-0.319068,-0.308330,-0.316000,-0.050362,-0.050362,-0.050362,-0.050362
53.810059,-0.308330,-0.319068,-0.308330,-0.316000,0.007548,0.007548,0.007548,0.007548
53.820057,-0.243903,-0.256175,-0.243903,-0.250039,0.065175,0.065175,0.065175,0.065175
53.830059,-0.243903,-0.256175,-0.243903,-0.250039,0.120877,0.120877,0.120877,0.120877
53.840057,-0.142660,-0.159534,-0.142660,-0.151864,0.172952,0.172952,0.172952,0.172952
53.850056,-0.142660,-0.159534,-0.142660,-0.151864,0.219871,0.219871,0.219871,0.219871
53.860058,-0.026078,-0.038350,-0.026078,-0.021476,0.260265,0.260265,0.260265,0.260265
53.870037,-0.026078,-0.038350,-0.026078,-0.021476,0.292868,0.292868,0.292868,0.292868
53.880054,0.092039,0.084369,0.087437,0.095107,0.316887,0.316887,0.316887,0.316887
53.890060,0.092039,0.084369,0.087437,0.095107,0.331450,0.331450,0.331450,0.331450
53.900070,0.194816,0.187146,0.188680,0.199418,0.336165,0.336165,0.336165,0.336165
53.910061,0.194816,0.187146,0.188680,0.199418,0.330904,0.330904,0.330904,0.330904
53.920059,0.273049,0.263845,0.269981,0.279185,0.315830,0.315830,0.315830,0.315830
53.930061,0.273049,0.263845,0.269981,0.279185,0.291376,0.291376,0.291376,0.291376
53.940060,0.319068,0.306796,0.314466,0.322136,0.258298,0.258298,0.258298,0.258298
53.950062,0.319068,0.306796,0.314466,0.322136,0.217550,0.217550,0.217550,0.217550
53.960064,0.326738,0.311398,0.320602,0.326738,0.170364,0.170364,0.170364,0.170364
53.970062,0.326738,0.311398,0.320602,0.326738,0.118143,0.118143,0.118143,0.118143
53.980061,0.309864,0.299126,0.309864,0.309864,0.062448,0.062448,0.062448,0.062448
53.990063,0.309864,0.299126,0.309864,0.309864,0.004904,0.004904,0.004904,0.004904
54.000061,0.253107,0.243903,0.251573,0.246971,-0.052741,-0.052741,-0.052741,-0.052741
54.010059,0.253107,0.243903,0.251573,0.246971,-0.108787,-0.108787,-0.108787,-0.108787
54.020050,0.156466,0.151864,0.156466,0.148796,-0.161525,-0.161525,-0.161525,-0.161525
54.030060,0.156466,0.151864,0.156466,0.148796,-0.209501,-0.209501,-0.209501,-0.209501
54.040058,0.039884,0.036816,0.038350,0.033748,-0.251159,-0.251159,-0.251159,-0.251159
54.050060,0.039884,0.036816,0.038350,0.033748,-0.285324,-0.285324,-0.285324,-0.285324
54.060059,-0.076699,-0.095107,-0.082835,-0.093573,-0.310939,-0.310939,-0.310939,-0.310939
54.070061,-0.076699,-0.095107,-0.082835,-0.093573,-0.327277,-0.327277,-0.327277,-0.327277
54.080063,-0.184078,-0.200952,-0.187146,-0.202485,-0.333829,-0.333829,-0.333829,-0.333829
54.090061,-0.184078,-0.200952,-0.187146,-0.202485,-0.330410,-0.330410,-0.330410,-0.330410
54.100056,-0.271515,-0.282252,-0.268447,-0.283786,-0.317134,-0.317134,-0.317134,-0.317134
54.110050,-0.271515,-0.282252,-0.268447,-0.283786,-0.294395,-0.294395,-0.294395,-0.294395
54.120052,-0.319068,-0.328272,-0.314466,-0.329806,-0.262859,-0.262859,-0.262859,-0.262859
54.130058,-0.319068,-0.328272,-0.314466,-0.329806,-0.223455,-0.223455,-0.223455,-0.223455
54.140053,-0.328272,-0.337476,-0.323670,-0.337476,-0.177436,-0.177436,-0.177436,-0.177436
54.150055,-0.328272,-0.337476,-0.323670,-0.337476,-0.126094,-0.126094,-0.126094,-0.126094
54.160034,-0.311398,-0.323670,-0.311398,-0.319068,-0.071138,-0.071138,-0.071138,-0.071138
54.170059,-0.311398,-0.323670,-0.311398,-0.319068,-0.013822,-0.013822,-0.013822,-0.013822
54.180061,-0.254641,-0.268447,-0.256175,-0.259243,0.043744,0.043744,0.043744,0.043744
54.190063,-0.254641,-0.268447,-0.256175,-0.259243,0.099955,0.099955,0.099955,0.099955
54.200058,-0.162602,-0.177942,-0.164136,-0.162602,0.153124,0.153124,0.153124,0.153124
54.210060,-0.162602,-0.177942,-0.164136,-0.162602,0.201700,0.201700,0.201700,0.201700
54.220055,-0.050621,-0.062893,-0.049087,-0.039884,0.244166,0.244166,0.244166,0.244166
54.230064,-0.050621,-0.062893,-0.049087,-0.039884,0.279330,0.279330,0.279330,0.279330
54.240055,0.067495,0.062893,0.067495,0.072097,0.306035,0.306035,0.306035,0.306035
54.250057,0.067495,0.062893,0.067495,0.072097,0.323570,0.323570,0.323570,0.323570
54.260056,0.176408,0.168738,0.174874,0.181010,0.331365,0.331365,0.331365,0.331365
54.270061,0.176408,0.168738,0.174874,0.181010,0.329196,0.329196,0.329196,0.329196
54.280060,0.259243,0.250039,0.259243,0.266913,0.317135,0.317135,0.317135,0.317135
54.290058,0.259243,0.250039,0.259243,0.266913,0.295538,0.295538,0.295538,0.295538
54.300064,0.309864,0.299126,0.308330,0.316000,0.265049,0.265049,0.265049,0.265049
54.310062,0.309864,0.299126,0.308330,0.316000,0.226612,0.226612,0.226612,0.226612
54.320053,0.322136,0.308330,0.317534,0.323670,0.181404,0.181404,0.181404,0.181404
54.330067,0.322136,0.308330,0.317534,0.323670,0.130672,0.130672,0.130672,0.130672
54.340057,0.311398,0.300660,0.308330,0.311398,0.076126,0.076126,0.076126,0.076126
54.350060,0.311398,0.300660,0.308330,0.311398,0.019267,0.019267,0.019267,0.019267
54.360054,0.259243,0.251573,0.257709,0.256175,-0.038113,-0.038113,-0.038113,-0.038113
54.370060,0.259243,0.251573,0.257709,0.256175,-0.094365,-0.094365,-0.094365,-0.094365
54.380051,0.168738,0.164136,0.171806,0.162602,-0.147662,-0.147662,-0.147662,-0.147662
54.390060,0.168738,0.164136,0.171806,0.162602,-0.196573,-0.196573,-0.196573,-0.196573
54.400059,0.055223,0.050621,0.059825,0.047553,-0.239452,-0.239452,-0.239452,-0.239452
54.410061,0.055223,0.050621,0.059825,0.047553,-0.275100,-0.275100,-0.275100,-0.275100
54.420059,-0.064427,-0.081301,-0.056757,-0.079767,-0.302401,-0.302401,-0.302401,-0.302401
54.430061,-0.064427,-0.081301,-0.056757,-0.079767,-0.320554,-0.320554,-0.320554,-0.320554
54.440060,-0.171806,-0.187146,-0.170272,-0.190214,-0.329000,-0.329000,-0.329000,-0.329000
54.450062,-0.171806,-0.187146,-0.170272,-0.190214,-0.327488,-0.327488,-0.327488,-0.327488
54.460060,-0.257709,-0.271515,-0.257709,-0.274583,-0.316069,-0.316069,-0.316069,-0.316069
54.470058,-0.257709,-0.271515,-0.257709,-0.274583,-0.295086,-0.295086,-0.295086,-0.295086
54.480061,-0.309864,-0.322136,-0.306796,-0.325204,-0.265175,-0.265175,-0.265175,-0.265175
54.490059,-0.309864,-0.322136,-0.306796,-0.325204,-0.227253,-0.227253,-0.227253,-0.227253
54.500061,-0.322136,-0.334408,-0.319068,-0.332874,-0.182458,-0.182458,-0.182458,-0.182458
54.510056,-0.322136,-0.334408,-0.319068,-0.332874,-0.132191,-0.132191,-0.132191,-0.132191
54.520058,-0.311398,-0.322136,-0.309864,-0.320602,-0.077908,-0.077908,-0.077908,-0.077908
54.530060,-0.311398,-0.322136,-0.309864,-0.320602,-0.021281,-0.021281,-0.021281,-0.021281
54.540058,-0.259243,-0.268447,-0.259243,-0.266913,0.035939,0.035939,0.035939,0.035939
54.550060,-0.259243,-0.268447,-0.259243,-0.266913,0.092060,0.092060,0.092060,0.092060
54.560062,-0.168738,-0.177942,-0.168738,-0.174874,0.145358,0.145358,0.145358,0.145358
54.570057,-0.168738,-0.177942,-0.168738,-0.174874,0.194163,0.194163,0.194163,0.194163
54.580055,-0.055223,-0.062893,-0.055223,-0.055223,0.237055,0.237055,0.237055,0.237055
54.590057,-0.055223,-0.062893,-0.055223,-0.055223,0.272750,0.272750,0.272750,0.272750
54.600060,0.065961,0.061359,0.061359,0.067495,0.300117,0.300117,0.300117,0.300117
54.610062,0.065961,0.061359,0.061359,0.067495,0.318329,0.318329,0.318329,0.318329
54.620060,0.173340,0.167204,0.168738,0.174874,0.326844,0.326844,0.326844,0.326844
54.630058,0.173340,0.167204,0.168738,0.174874,0.325407,0.325407,0.325407,0.325407
54.640057,0.253107,0.246971,0.253107,0.257709,0.314059,0.314059,0.314059,0.314059
54.650059,0.253107,0.246971,0.253107,0.257709,0.293149,0.293149,0.293149,0.293149
54.660057,0.303728,0.294524,0.302194,0.308330,0.263319,0.263319,0.263319,0.263319
54.670059,0.303728,0.294524,0.302194,0.308330,0.225462,0.225462,0.225462,0.225462
54.680058,0.317534,0.305262,0.312932,0.319068,0.180762,0.180762,0.180762,0.180762
54.690056,0.317534,0.305262,0.312932,0.319068,0.130572,0.130572,0.130572,0.130572
54.700058,0.308330,0.296058,0.305262,0.308330,0.076412,0.076412,0.076412,0.076412
54.710056,0.308330,0.296058,0.305262,0.308330,0.019959,0.019959,0.019959,0.019959
54.720055,0.257709,0.246971,0.256175,0.256175,-0.037067,-0.037067,-0.037067,-0.037067
54.730057,0.257709,0.246971,0.256175,0.256175,-0.092949,-0.092949,-0.092949,-0.092949
54.740059,0.170272,0.159534,0.168738,0.164136,-0.145947,-0.145947,-0.145947,-0.145947
54.750057,0.170272,0.159534,0.168738,0.164136,-0.194458,-0.194458,-0.194458,-0.194458
54.760059,0.055223,0.042951,0.055223,0.049087,-0.236995,-0.236995,-0.236995,-0.236995
54.770061,0.055223,0.042951,0.055223,0.049087,-0.272265,-0.272265,-0.272265,-0.272265
54.780056,-0.061359,-0.085903,-0.064427,-0.075165,-0.299159,-0.299159,-0.299159,-0.299159
54.790058,-0.061359,-0.085903,-0.064427,-0.075165,-0.316892,-0.316892,-0.316892,-0.316892
54.800056,-0.168738,-0.191748,-0.171806,-0.187146,-0.324908,-0.324908,-0.324908,-0.324908
54.810059,-0.168738,-0.191748,-0.171806,-0.187146,-0.322962,-0.322962,-0.322962,-0.322962
54.820057,-0.254641,-0.271515,-0.256175,-0.269981,-0.311120,-0.311120,-0.311120,-0.311120
54.830059,-0.254641,-0.271515,-0.256175,-0.269981,-0.289736,-0.289736,-0.289736,-0.289736
54.840069,-0.306796,-0.320602,-0.305262,-0.320602,-0.259443,-0.259443,-0.259443,-0.259443
54.850060,-0.306796,-0.320602,-0.305262,-0.320602,-0.221268,-0.221268,-0.221268,-0.221268
54.860062,-0.317534,-0.329806,-0.314466,-0.329806,-0.176294,-0.176294,-0.176294,-0.176294
54.870060,-0.317534,-0.329806,-0.314466,-0.329806,-0.125934,-0.125934,-0.125934,-0.125934
54.880058,-0.306796,-0.316000,-0.306796,-0.314466,-0.071727,-0.071727,-0.071727,-0.071727
54.890060,-0.306796,-0.316000,-0.306796,-0.314466,-0.015339,-0.015339,-0.015339,-0.015339
54.900063,-0.253107,-0.262311,-0.257709,-0.257709,0.041492,0.041492,0.041492,0.041492
54.910065,-0.253107,-0.262311,-0.257709,-0.257709,0.097028,0.097028,0.097028,0.097028
54.920055,-0.161068,-0.171806,-0.168738,-0.165670,0.149486,0.149486,0.149486,0.149486
54.930065,-0.161068,-0.171806,-0.168738,-0.165670,0.197393,0.197393,0.197393,0.197393
54.940060,-0.047553,-0.058291,-0.053689,-0.039884,0.239151,0.239151,0.239151,0.239151
54.950058,-0.047553,-0.058291,-0.053689,-0.039884,0.273521,0.273521,0.273521,0.273521
54.960060,0.065961,0.065961,0.059825,0.072097,0.299468,0.299468,0.299468,0.299468
54.970062,0.065961,0.065961,0.059825,0.072097,0.316168,0.316168,0.316168,0.316168
54.980057,0.171806,0.170272,0.167204,0.177942,0.323104,0.323104,0.323104,0.323104
54.990063,0.171806,0.170272,0.167204,0.177942,0.320073,0.320073,0.320073,0.320073
55.000061,0.253107,0.248505,0.254641,0.259243,0.307168,0.307168,0.307168,0.307168
55.010063,0.253107,0.248505,0.254641,0.259243,0.284786,0.284786,0.284786,0.284786
55.020058,0.302194,0.292990,0.302194,0.306796,0.253649,0.253649,0.253649,0.253649
55.030060,0.302194,0.292990,0.302194,0.306796,0.214666,0.214666,0.214666,0.214666
55.040058,0.312932,0.299126,0.308330,0.314466,0.169080,0.169080,0.169080,0.169080
55.050060,0.312932,0.299126,0.308330,0.314466,0.118289,0.118289,0.118289,0.118289
55.060062,0.302194,0.289922,0.299126,0.300660,0.063866,0.063866,0.063866,0.063866
55.070065,0.302194,0.289922,0.299126,0.300660,0.007492,0.007492,0.007492,0.007492
55.080063,0.248505,0.237767,0.246971,0.245437,-0.049064,-0.049064,-0.049064,-0.049064
55.090065,0.248505,0.237767,0.246971,0.245437,-0.104089,-0.104089,-0.104089,-0.104089
55.100060,0.153398,0.147262,0.156466,0.148796,-0.155842,-0.155842,-0.155842,-0.155842
55.110058,0.153398,0.147262,0.156466,0.148796,-0.202744,-0.202744,-0.202744,-0.202744
55.120052,0.036816,0.032214,0.041417,0.036816,-0.243327,-0.243327,-0.243327,-0.243327
55.130062,0.036816,0.032214,0.041417,0.036816,-0.276395,-0.276395,-0.276395,-0.276395
55.140060,-0.076699,-0.096641,-0.075165,-0.087437,-0.300838,-0.300838,-0.300838,-0.300838
55.150059,-0.076699,-0.096641,-0.075165,-0.087437,-0.315947,-0.315947,-0.315947,-0.315947
55.160057,-0.177942,-0.200952,-0.179476,-0.194816,-0.321242,-0.321242,-0.321242,-0.321242
55.170063,-0.177942,-0.200952,-0.179476,-0.194816,-0.316563,-0.316563,-0.316563,-0.316563
55.180061,-0.260777,-0.276117,-0.259243,-0.276117,-0.302059,-0.302059,-0.302059,-0.302059
55.190063,-0.260777,-0.276117,-0.259243,-0.276117,-0.278169,-0.278169,-0.278169,-0.278169
55.200062,-0.306796,-0.317534,-0.303728,-0.320602,-0.245657,-0.245657,-0.245657,-0.245657
55.210064,-0.306796,-0.317534,-0.303728,-0.320602,-0.205524,-0.205524,-0.205524,-0.205524
55.220055,-0.314466,-0.325204,-0.311398,-0.325204,-0.159062,-0.159062,-0.159062,-0.159062
55.230057,-0.314466,-0.325204,-0.311398,-0.325204,-0.107626,-0.107626,-0.107626,-0.107626
55.240059,-0.297592,-0.308330,-0.296058,-0.305262,-0.052871,-0.052871,-0.052871,-0.052871
55.250061,-0.297592,-0.308330,-0.296058,-0.305262,0.003488,0.003488,0.003488,0.003488
55.260059,-0.239301,-0.251573,-0.239301,-0.246971,0.059699,0.059699,0.059699,0.059699
55.270061,-0.239301,-0.251573,-0.239301,-0.246971,0.114048,0.114048,0.114048,0.114048
55.280052,-0.142660,-0.159534,-0.142660,-0.151864,0.164736,0.164736,0.164736,0.164736
55.290062,-0.142660,-0.159534,-0.142660,-0.151864,0.210373,0.210373,0.210373,0.210373
55.300064,-0.030680,-0.042951,-0.029146,-0.024544,0.249386,0.249386,0.249386,0.249386
55.310059,-0.030680,-0.042951,-0.029146,-0.024544,0.280568,0.280568,0.280568,0.280568
55.320057,0.084369,0.078233,0.084369,0.092039,0.302990,0.302990,0.302990,0.302990
55.330063,0.084369,0.078233,0.084369,0.092039,0.315958,0.315958,0.315958,0.315958
55.340061,0.187146,0.179476,0.185612,0.193282,0.319040,0.319040,0.319040,0.319040
55.350060,0.187146,0.179476,0.185612,0.193282,0.312158,0.312158,0.312158,0.312158
55.360062,0.262311,0.253107,0.260777,0.266913,0.295522,0.295522,0.295522,0.295522
55.370064,0.262311,0.253107,0.260777,0.266913,0.269654,0.269654,0.269654,0.269654
55.380062,0.302194,0.292990,0.300660,0.306796,0.235377,0.235377,0.235377,0.235377
55.390060,0.302194,0.292990,0.300660,0.306796,0.193747,0.193747,0.193747,0.193747
55.400059,0.306796,0.296058,0.303728,0.309864,0.146086,0.146086,0.146086,0.146086
55.410061,0.306796,0.296058,0.303728,0.309864,0.093873,0.093873,0.093873,0.093873
55.420055,0.289922,0.280719,0.289922,0.288388,0.038769,0.038769,0.038769,0.038769
55.430061,0.289922,0.280719,0.289922,0.288388,-0.017568,-0.017568,-0.017568,-0.017568
55.440060,0.230097,0.222427,0.231631,0.225495,-0.073307,-0.073307,-0.073307,-0.073307
55.450058,0.230097,0.222427,0.231631,0.225495,-0.126698,-0.126698,-0.126698,-0.126698
55.460060,0.134990,0.128854,0.134990,0.125786,-0.176097,-0.176097,-0.176097,-0.176097
55.470062,0.134990,0.128854,0.134990,0.125786,-0.219963,-0.219963,-0.219963,-0.219963
55.480053,0.018408,0.010738,0.021476,0.010738,-0.256857,-0.256857,-0.256857,-0.256857
55.490063,0.018408,0.010738,0.021476,0.010738,-0.285723,-0.285723,-0.285723,-0.285723
55.500053,-0.098175,-0.115049,-0.099709,-0.115049,-0.305563,-0.305563,-0.305563,-0.305563
55.510063,-0.098175,-0.115049,-0.099709,-0.115049,-0.315815,-0.315815,-0.315815,-0.315815
55.520054,-0.200952,-0.214757,-0.199418,-0.214757,-0.316130,-0.316130,-0.316130,-0.316130
55.530060,-0.200952,-0.214757,-0.199418,-0.214757,-0.306503,-0.306503,-0.306503,-0.306503
55.540054,-0.273049,-0.285320,-0.269981,-0.286854,-0.287257,-0.287257,-0.287257,-0.287257
55.550056,-0.273049,-0.285320,-0.269981,-0.286854,-0.258969,-0.258969,-0.258969,-0.258969
55.560055,-0.308330,-0.319068,-0.305262,-0.320602,-0.222553,-0.222553,-0.222553,-0.222553
55.570057,-0.308330,-0.319068,-0.305262,-0.320602,-0.179143,-0.179143,-0.179143,-0.179143
55.580055,-0.309864,-0.320602,-0.306796,-0.320602,-0.130124,-0.130124,-0.130124,-0.130124
55.590057,-0.309864,-0.320602,-0.306796,-0.320602,-0.077016,-0.077016,-0.077016,-0.077016
55.600056,-0.280719,-0.296058,-0.282252,-0.289922,-0.021539,-0.021539,-0.021539,-0.021539
55.610058,-0.280719,-0.296058,-0.282252,-0.289922,0.034618,0.034618,0.034618,0.034618
55.620026,-0.210155,-0.227029,-0.213223,-0.222427,0.089478,0.089478,0.089478,0.089478
55.630058,-0.210155,-0.227029,-0.213223,-0.222427,0.141817,0.141817,0.141817,0.141817
55.640053,-0.111981,-0.128854,-0.111981,-0.119651,0.189458,0.189458,0.189458,0.189458
55.650059,-0.111981,-0.128854,-0.111981,-0.119651,0.231129,0.231129,0.231129,0.231129
55.660053,0.000000,-0.004602,0.000000,0.009204,0.265452,0.265452,0.265452,0.265452
55.670059,0.000000,-0.004602,0.000000,0.009204,0.291394,0.291394,0.291394,0.291394
55.680061,0.111981,0.108913,0.113515,0.121184,0.308104,0.308104,0.308104,0.308104
55.690060,0.111981,0.108913,0.113515,0.121184,0.315054,0.315054,0.315054,0.315054
55.700058,0.210155,0.200952,0.208621,0.219359,0.312042,0.312042,0.312042,0.312042
55.710060,0.210155,0.200952,0.208621,0.219359,0.299157,0.299157,0.299157,0.299157
55.720058,0.274583,0.263845,0.274583,0.280719,0.276815,0.276815,0.276815,0.276815
55.730057,0.274583,0.263845,0.274583,0.280719,0.245716,0.245716,0.245716,0.245716
55.740067,0.302194,0.291456,0.299126,0.306796,0.206823,0.206823,0.206823,0.206823
55.750061,0.302194,0.291456,0.299126,0.306796,0.161440,0.161440,0.161440,0.161440
55.760052,0.303728,0.291456,0.299126,0.305262,0.110997,0.110997,0.110997,0.110997
55.770061,0.303728,0.291456,0.299126,0.305262,0.056970,0.056970,0.056970,0.056970
55.780064,0.271515,0.263845,0.271515,0.269981,0.001200,0.001200,0.001200,0.001200
55.790062,0.271515,0.263845,0.271515,0.269981,-0.054550,-0.054550,-0.054550,-0.054550
55.800060,0.199418,0.193282,0.199418,0.194816,-0.108557,-0.108557,-0.108557,-0.108557
55.810062,0.199418,0.193282,0.199418,0.194816,-0.159100,-0.159100,-0.159100,-0.159100
55.820053,0.095107,0.088971,0.093573,0.087437,-0.204515,-0.204515,-0.204515,-0.204515
55.830063,0.095107,0.088971,0.093573,0.087437,-0.243475,-0.243475,-0.243475,-0.243475
55.840061,-0.023010,-0.035282,-0.024544,-0.032214,-0.274646,-0.274646,-0.274646,-0.274646
55.850060,-0.023010,-0.035282,-0.024544,-0.032214,-0.297063,-0.297063,-0.297063,-0.297063
55.860062,-0.131922,-0.150330,-0.134990,-0.150330,-0.310028,-0.310028,-0.310028,-0.310028
55.870060,-0.131922,-0.150330,-0.134990,-0.150330,-0.313120,-0.313120,-0.313120,-0.313120
55.880062,-0.223961,-0.239301,-0.222427,-0.239301,-0.306245,-0.306245,-0.306245,-0.306245
55.890053,-0.223961,-0.239301,-0.222427,-0.239301,-0.289638,-0.289638,-0.289638,-0.289638
55.900043,-0.285320,-0.297592,-0.280719,-0.299126,-0.263839,-0.263839,-0.263839,-0.263839
55.910061,-0.285320,-0.297592,-0.280719,-0.299126,-0.229556,-0.229556,-0.229556,-0.229556
55.920063,-0.308330,-0.319068,-0.302194,-0.319068,-0.188030,-0.188030,-0.188030,-0.188030
55.930061,-0.308330,-0.319068,-0.302194,-0.319068,-0.140535,-0.140535,-0.140535,-0.140535
55.940063,-0.302194,-0.312932,-0.300660,-0.311398,-0.088552,-0.088552,-0.088552,-0.088552
55.950058,-0.302194,-0.312932,-0.300660,-0.311398,-0.033829,-0.033829,-0.033829,-0.033829
55.960060,-0.257709,-0.271515,-0.260777,-0.265379,0.021985,0.021985,0.021985,0.021985
55.970062,-0.257709,-0.271515,-0.260777,-0.265379,0.077061,0.077061,0.077061,0.077061
55.980061,-0.174874,-0.190214,-0.177942,-0.184078,0.129650,0.129650,0.129650,0.129650
55.990063,-0.174874,-0.190214,-0.177942,-0.184078,0.178057,0.178057,0.178057,0.178057
56.000061,-0.067495,-0.082835,-0.069029,-0.070563,0.220750,0.220750,0.220750,0.220750
56.010056,-0.067495,-0.082835,-0.069029,-0.070563,0.256359,0.256359,0.256359,0.256359
56.020058,0.044485,0.041417,0.047553,0.050621,0.283764,0.283764,0.283764,0.283764
56.030056,0.044485,0.041417,0.047553,0.050621,0.302068,0.302068,0.302068,0.302068
56.040054,0.151864,0.145728,0.154932,0.156466,0.310698,0.310698,0.310698,0.310698
56.050053,0.151864,0.145728,0.154932,0.156466,0.309380,0.309380,0.309380,0.309380
56.060055,0.237767,0.228563,0.236233,0.240835,0.298149,0.298149,0.298149,0.298149
56.070061,0.237767,0.228563,0.236233,0.240835,0.277366,0.277366,0.277366,0.277366
56.080055,0.286854,0.276117,0.285320,0.289922,0.247719,0.247719,0.247719,0.247719
56.090057,0.286854,0.276117,0.285320,0.289922,0.210128,0.210128,0.210128,0.210128
56.100056,0.300660,0.288388,0.297592,0.302194,0.165835,0.165835,0.165835,0.165835
56.110054,0.300660,0.288388,0.297592,0.302194,0.116240,0.116240,0.116240,0.116240
56.120060,0.289922,0.280719,0.289922,0.291456,0.062923,0.062923,0.062923,0.062923
56.130058,0.289922,0.280719,0.289922,0.291456,0.007637,0.007637,0.007637,0.007637
56.140057,0.242369,0.233165,0.242369,0.237767,-0.047871,-0.047871,-0.047871,-0.047871
56.150063,0.242369,0.233165,0.242369,0.237767,-0.101849,-0.101849,-0.101849,-0.101849
56.160061,0.156466,0.147262,0.154932,0.147262,-0.152477,-0.152477,-0.152477,-0.152477
56.170063,0.156466,0.147262,0.154932,0.147262,-0.198198,-0.198198,-0.198198,-0.198198
56.180061,0.042951,0.038350,0.041417,0.036816,-0.237518,-0.237518,-0.237518,-0.237518
56.190063,0.042951,0.038350,0.041417,0.036816,-0.269168,-0.269168,-0.269168,-0.269168
56.200062,-0.073631,-0.088971,-0.075165,-0.087437,-0.292137,-0.292137,-0.292137,-0.292137
56.210064,-0.073631,-0.088971,-0.075165,-0.087437,-0.305690,-0.305690,-0.305690,-0.305690
56.220058,-0.176408,-0.193282,-0.176408,-0.193282,-0.309390,-0.309390,-0.309390,-0.309390
56.230061,-0.176408,-0.193282,-0.176408,-0.193282,-0.303123,-0.303123,-0.303123,-0.303123
56.240059,-0.253107,-0.268447,-0.253107,-0.269981,-0.287090,-0.287090,-0.287090,-0.287090
56.250061,-0.253107,-0.268447,-0.253107,-0.269981,-0.261801,-0.261801,-0.261801,-0.261801
56.260063,-0.297592,-0.308330,-0.294524,-0.309864,-0.228078,-0.228078,-0.228078,-0.228078
56.270061,-0.297592,-0.308330,-0.294524,-0.309864,-0.187035,-0.187035,-0.187035,-0.187035
56.280064,-0.303728,-0.314466,-0.299126,-0.312932,-0.139960,-0.139960,-0.139960,-0.139960
56.290058,-0.303728,-0.314466,-0.299126,-0.312932,-0.088423,-0.088423,-0.088423,-0.088423
56.300060,-0.282252,-0.296058,-0.282252,-0.289922,-0.034021,-0.034021,-0.034021,-0.034021
56.310062,-0.282252,-0.296058,-0.282252,-0.289922,0.021455,0.021455,0.021455,0.021455
56.320053,-0.220893,-0.233165,-0.220893,-0.228563,0.076146,0.076146,0.076146,0.076146
56.330040,-0.220893,-0.233165,-0.220893,-0.228563,0.128340,0.128340,0.128340,0.128340
56.340034,-0.124252,-0.139592,-0.125786,-0.133456,0.176379,0.176379,0.176379,0.176379
56.350025,-0.124252,-0.139592,-0.125786,-0.133456,0.218703,0.218703,0.218703,0.218703
56.360054,-0.012272,-0.018408,-0.015340,-0.006136,0.254046,0.254046,0.254046,0.254046
56.370056,-0.012272,-0.018408,-0.015340,-0.006136,0.281035,0.281035,0.281035,0.281035
56.380054,0.099709,0.093573,0.093573,0.104311,0.298901,0.298901,0.298901,0.298901
56.390060,0.099709,0.093573,0.093573,0.104311,0.307078,0.307078,0.307078,0.307078
56.400055,0.196350,0.187146,0.190214,0.200952,0.305297,0.305297,0.305297,0.305297
56.410061,0.196350,0.187146,0.190214,0.200952,0.293608,0.293608,0.293608,0.293608
56.420063,0.265379,0.254641,0.259243,0.268447,0.272406,0.272406,0.272406,0.272406
56.430058,0.265379,0.254641,0.259243,0.268447,0.242400,0.242400,0.242400,0.242400
56.440056,0.296058,0.283786,0.292990,0.299126,0.204530,0.204530,0.204530,0.204530
56.450062,0.296058,0.283786,0.292990,0.299126,0.160005,0.160005,0.160005,0.160005
56.460060,0.296058,0.283786,0.292990,0.299126,0.110342,0.110342,0.110342,0.110342
56.470062,0.296058,0.283786,0.292990,0.299126,0.057104,0.057104,0.057104,0.057104
56.480064,0.268447,0.259243,0.266913,0.262311,0.002039,0.002039,0.002039,0.002039
56.490063,0.268447,0.259243,0.266913,0.262311,-0.053049,-0.053049,-0.053049,-0.053049
56.500053,0.197884,0.188680,0.197884,0.185612,-0.106355,-0.106355,-0.106355,-0.106355
56.510063,0.197884,0.188680,0.197884,0.185612,-0.156241,-0.156241,-0.156241,-0.156241
56.520061,0.093573,0.087437,0.092039,0.085903,-0.200983,-0.200983,-0.200983,-0.200983
56.530064,0.093573,0.087437,0.092039,0.085903,-0.239158,-0.239158,-0.239158,-0.239158
56.540062,-0.019942,-0.033748,-0.023010,-0.035282,-0.269522,-0.269522,-0.269522,-0.269522
56.550056,-0.019942,-0.033748,-0.023010,-0.035282,-0.291081,-0.291081,-0.291081,-0.291081
56.560059,-0.130388,-0.147262,-0.131922,-0.153398,-0.303157,-0.303157,-0.303157,-0.303157
56.570061,-0.130388,-0.147262,-0.131922,-0.153398,-0.305342,-0.305342,-0.305342,-0.305342
56.580063,-0.220893,-0.234699,-0.220893,-0.240835,-0.297563,-0.297563,-0.297563,-0.297563
56.590061,-0.220893,-0.234699,-0.220893,-0.240835,-0.280079,-0.280079,-0.280079,-0.280079
56.600056,-0.279185,-0.291456,-0.277651,-0.294524,-0.253482,-0.253482,-0.253482,-0.253482
56.610065,-0.279185,-0.291456,-0.277651,-0.294524,-0.218577,-0.218577,-0.218577,-0.218577
56.620060,-0.299126,-0.311398,-0.296058,-0.311398,-0.176607,-0.176607,-0.176607,-0.176607
56.630062,-0.299126,-0.311398,-0.296058,-0.311398,-0.128847,-0.128847,-0.128847,-0.128847
56.640060,-0.292990,-0.305262,-0.291456,-0.303728,-0.076936,-0.076936,-0.076936,-0.076936
56.650059,-0.292990,-0.305262,-0.291456,-0.303728,-0.022520,-0.022520,-0.022520,-0.022520
56.660061,-0.246971,-0.260777,-0.248505,-0.256175,0.032617,0.032617,0.032617,0.032617
56.670067,-0.246971,-0.260777,-0.248505,-0.256175,0.086671,0.086671,0.086671,0.086671
56.680061,-0.165670,-0.179476,-0.165670,-0.171806,0.137819,0.137819,0.137819,0.137819
56.690060,-0.165670,-0.179476,-0.165670,-0.171806,0.184437,0.184437,0.184437,0.184437
56.700062,-0.056757,-0.072097,-0.058291,-0.056757,0.225006,0.225006,0.225006,0.225006
56.710064,-0.056757,-0.072097,-0.058291,-0.056757,0.258175,0.258175,0.258175,0.258175
56.720062,0.056757,0.052155,0.055223,0.062893,0.282861,0.282861,0.282861,0.282861
56.730064,0.056757,0.052155,0.055223,0.062893,0.298270,0.298270,0.298270,0.298270
56.740059,0.159534,0.154932,0.159534,0.165670,0.303883,0.303883,0.303883,0.303883
56.750061,0.159534,0.154932,0.159534,0.165670,0.299529,0.299529,0.299529,0.299529
56.760059,0.240835,0.230097,0.239301,0.243903,0.285346,0.285346,0.285346,0.285346
56.770061,0.240835,0.230097,0.239301,0.243903,0.261805,0.261805,0.261805,0.261805
56.780060,0.285320,0.274583,0.283786,0.289922,0.229677,0.229677,0.229677,0.229677
56.790058,0.285320,0.274583,0.283786,0.289922,0.190029,0.190029,0.190029,0.190029
56.800060,0.292990,0.280719,0.289922,0.296058,0.144150,0.144150,0.144150,0.144150
56.810059,0.292990,0.280719,0.289922,0.296058,0.093558,0.093558,0.093558,0.093558
56.820057,0.279185,0.269981,0.279185,0.279185,0.039926,0.039926,0.039926,0.039926
56.830059,0.279185,0.269981,0.279185,0.279185,-0.015018,-0.015018,-0.015018,-0.015018
56.840057,0.225495,0.216291,0.227029,0.222427,-0.069426,-0.069426,-0.069426,-0.069426
56.850040,0.225495,0.216291,0.227029,0.222427,-0.121421,-0.121421,-0.121421,-0.121421
56.860012,0.133456,0.127320,0.134990,0.124252,-0.169372,-0.169372,-0.169372,-0.169372
56.870056,0.133456,0.127320,0.134990,0.124252,-0.212020,-0.212020,-0.212020,-0.212020
56.880054,0.019942,0.013806,0.024544,0.013806,-0.247467,-0.247467,-0.247467,-0.247467
56.890057,0.019942,0.013806,0.024544,0.013806,-0.274737,-0.274737,-0.274737,-0.274737
56.900055,-0.093573,-0.111981,-0.088971,-0.111981,-0.292932,-0.292932,-0.292932,-0.292932
56.910057,-0.093573,-0.111981,-0.088971,-0.111981,-0.301455,-0.301455,-0.301455,-0.301455
56.920055,-0.193282,-0.208621,-0.191748,-0.207087,-0.300027,-0.300027,-0.300027,-0.300027
56.930058,-0.193282,-0.208621,-0.191748,-0.207087,-0.288690,-0.288690,-0.288690,-0.288690
56.940056,-0.262311,-0.274583,-0.260777,-0.274583,-0.267831,-0.267831,-0.267831,-0.267831
56.950054,-0.262311,-0.274583,-0.260777,-0.274583,-0.238138,-0.238138,-0.238138,-0.238138
56.960056,-0.292990,-0.305262,-0.289922,-0.306796,-0.200590,-0.200590,-0.200590,-0.200590
56.970058,-0.292990,-0.305262,-0.289922,-0.306796,-0.156416,-0.156416,-0.156416,-0.156416
56.980057,-0.294524,-0.305262,-0.291456,-0.306796,-0.107123,-0.107123,-0.107123,-0.107123
56.990063,-0.294524,-0.305262,-0.291456,-0.306796,-0.054254,-0.054254,-0.054254,-0.054254
57.000057,-0.263845,-0.276117,-0.263845,-0.273049,0.000314,0.000314,0.000314,0.000314
57.010059,-0.263845,-0.276117,-0.263845,-0.273049,0.054883,0.054883,0.054883,0.054883
57.020058,-0.191748,-0.207087,-0.191748,-0.199418,0.107595,0.107595,0.107595,0.107595
57.030056,-0.191748,-0.207087,-0.191748,-0.199418,0.156708,0.156708,0.156708,0.156708
57.040058,-0.087437,-0.105845,-0.088971,-0.093573,0.200615,0.200615,0.200615,0.200615
57.050011,-0.087437,-0.105845,-0.088971,-0.093573,0.237690,0.237690,0.237690,0.237690
57.060059,0.023010,0.024544,0.024544,0.029146,0.267176,0.267176,0.267176,0.267176
57.070061,0.023010,0.024544,0.024544,0.029146,0.287623,0.287623,0.287623,0.287623
57.080063,0.130388,0.130388,0.131922,0.134990,0.298517,0.298517,0.298517,0.298517
57.090061,0.130388,0.130388,0.131922,0.134990,0.299492,0.299492,0.299492,0.299492
57.100056,0.217825,0.213223,0.216291,0.222427,0.290530,0.290530,0.290530,0.290530
57.110062,0.217825,0.213223,0.216291,0.222427,0.271907,0.271907,0.271907,0.271907
57.120060,0.273049,0.265379,0.273049,0.276117,0.244279,0.244279,0.244279,0.244279
57.130062,0.273049,0.265379,0.273049,0.276117,0.208534,0.208534,0.208534,0.208534
57.140060,0.289922,0.279185,0.286854,0.292990,0.165882,0.165882,0.165882,0.165882
57.150059,0.289922,0.279185,0.286854,0.292990,0.117741,0.117741,0.117741,0.117741
57.160057,0.283786,0.273049,0.283786,0.285320,0.065696,0.065696,0.065696,0.065696
57.170063,0.283786,0.273049,0.283786,0.285320,0.011465,0.011465,0.011465,0.011465
57.180054,0.239301,0.228563,0.239301,0.236233,-0.043054,-0.043054,-0.043054,-0.043054
57.190063,0.239301,0.228563,0.239301,0.236233,-0.096182,-0.096182,-0.096182,-0.096182
57.200054,0.158000,0.145728,0.154932,0.148796,-0.146000,-0.146000,-0.146000,-0.146000
57.210064,0.158000,0.145728,0.154932,0.148796,-0.191019,-0.191019,-0.191019,-0.191019
57.220058,0.046019,0.036816,0.046019,0.039884,-0.229574,-0.229574,-0.229574,-0.229574
57.230061,0.046019,0.036816,0.046019,0.039884,-0.260489,-0.260489,-0.260489,-0.260489
57.240055,-0.065961,-0.088971,-0.067495,-0.084369,-0.282670,-0.282670,-0.282670,-0.282670
57.250057,-0.065961,-0.088971,-0.067495,-0.084369,-0.295426,-0.295426,-0.295426,-0.295426
57.260063,-0.168738,-0.190214,-0.168738,-0.190214,-0.298307,-0.298307,-0.298307,-0.298307
57.270061,-0.168738,-0.190214,-0.168738,-0.190214,-0.291220,-0.291220,-0.291220,-0.291220
57.280064,-0.245437,-0.260777,-0.245437,-0.263845,-0.274405,-0.274405,-0.274405,-0.274405
57.290062,-0.245437,-0.260777,-0.245437,-0.263845,-0.248427,-0.248427,-0.248427,-0.248427
57.300060,-0.285320,-0.299126,-0.285320,-0.299126,-0.214164,-0.214164,-0.214164,-0.214164
57.310062,-0.285320,-0.299126,-0.285320,-0.299126,-0.172757,-0.172757,-0.172757,-0.172757
57.320053,-0.289922,-0.302194,-0.288388,-0.303728,-0.125625,-0.125625,-0.125625,-0.125625
57.330051,-0.289922,-0.302194,-0.288388,-0.303728,-0.074282,-0.074282,-0.074282,-0.074282
57.340061,-0.269981,-0.280719,-0.271515,-0.276117,-0.020427,-0.020427,-0.020427,-0.020427
57.350060,-0.269981,-0.280719,-0.271515,-0.276117,0.034019,0.034019,0.034019,0.034019
57.360054,-0.208621,-0.217825,-0.210155,-0.214757,0.087290,0.087290,0.087290,0.087290
57.370060,-0.208621,-0.217825,-0.210155,-0.214757,0.137667,0.137667,0.137667,0.137667
57.380062,-0.110447,-0.121184,-0.115049,-0.118117,0.183373,0.183373,0.183373,0.183373
57.390068,-0.110447,-0.121184,-0.115049,-0.118117,0.222918,0.222918,0.222918,0.222918
57.400063,0.000000,0.001534,-0.004602,0.007670,0.254929,0.254929,0.254929,0.254929
57.410065,0.000000,0.001534,-0.004602,0.007670,0.278388,0.278388,0.278388,0.278388
57.420063,0.110447,0.110447,0.110447,0.113515,0.292486,0.292486,0.292486,0.292486
57.430061,0.110447,0.110447,0.110447,0.113515,0.296756,0.296756,0.296756,0.296756
57.440056,0.204019,0.197884,0.200952,0.207087,0.291061,0.291061,0.291061,0.291061
57.450058,0.204019,0.197884,0.200952,0.207087,0.275584,0.275584,0.275584,0.275584
57.460060,0.263845,0.254641,0.260777,0.266913,0.250854,0.250854,0.250854,0.250854
57.470062,0.263845,0.254641,0.260777,0.266913,0.217686,0.217686,0.217686,0.217686
57.480061,0.286854,0.274583,0.282252,0.288388,0.177233,0.177233,0.177233,0.177233
57.490059,0.286854,0.274583,0.282252,0.288388,0.130844,0.130844,0.130844,0.130844
57.500057,0.285320,0.271515,0.280719,0.285320,0.080070,0.080070,0.080070,0.080070
57.510059,0.285320,0.271515,0.280719,0.285320,0.026593,0.026593,0.026593,0.026593
57.520054,0.246971,0.233165,0.246971,0.242369,-0.027698,-0.027698,-0.027698,-0.027698
57.530064,0.246971,0.233165,0.246971,0.242369,-0.081093,-0.081093,-0.081093,-0.081093
57.540054,0.168738,0.158000,0.170272,0.162602,-0.131661,-0.131661,-0.131661,-0.131661
57.550056,0.168738,0.158000,0.170272,0.162602,-0.177800,-0.177800,-0.177800,-0.177800
57.560059,0.061359,0.052155,0.062893,0.056757,-0.217922,-0.217922,-0.217922,-0.217922
57.570061,0.061359,0.052155,0.062893,0.056757,-0.250663,-0.250663,-0.250663,-0.250663
57.580063,-0.050621,-0.075165,-0.052155,-0.062893,-0.274924,-0.274924,-0.274924,-0.274924
57.590065,-0.050621,-0.075165,-0.052155,-0.062893,-0.289890,-0.289890,-0.289890,-0.289890
57.600056,-0.153398,-0.174874,-0.156466,-0.170272,-0.295052,-0.295052,-0.295052,-0.295052
57.610062,-0.153398,-0.174874,-0.156466,-0.170272,-0.290244,-0.290244,-0.290244,-0.290244
57.620060,-0.234699,-0.250039,-0.236233,-0.250039,-0.275632,-0.275632,-0.275632,-0.275632
57.630058,-0.234699,-0.250039,-0.236233,-0.250039,-0.251715,-0.251715,-0.251715,-0.251715
57.640053,-0.280719,-0.294524,-0.277651,-0.294524,-0.219304,-0.219304,-0.219304,-0.219304
57.650059,-0.280719,-0.294524,-0.277651,-0.294524,-0.179456,-0.179456,-0.179456,-0.179456
57.660057,-0.288388,-0.299126,-0.283786,-0.299126,-0.133588,-0.133588,-0.133588,-0.133588
57.670063,-0.288388,-0.299126,-0.283786,-0.299126,-0.083177,-0.083177,-0.083177,-0.083177
57.680061,-0.269981,-0.282252,-0.269981,-0.279185,-0.030016,-0.030016,-0.030016,-0.030016
57.690063,-0.269981,-0.282252,-0.269981,-0.279185,0.024157,0.024157,0.024157,0.024157
57.700058,-0.213223,-0.222427,-0.211689,-0.219359,0.077447,0.077447,0.077447,0.077447
57.710064,-0.213223,-0.222427,-0.211689,-0.219359,0.128144,0.128144,0.128144,0.128144
57.720055,-0.119651,-0.130388,-0.119651,-0.128854,0.174394,0.174394,0.174394,0.174394
57.730064,-0.119651,-0.130388,-0.119651,-0.128854,0.214776,0.214776,0.214776,0.214776
57.740059,-0.010738,-0.010738,-0.007670,-0.003068,0.247803,0.247803,0.247803,0.247803
57.750027,-0.010738,-0.010738,-0.007670,-0.003068,0.272353,0.272353,0.272353,0.272353
57.760059,0.099709,0.098175,0.101243,0.104311,0.287762,0.287762,0.287762,0.287762
57.770058,0.099709,0.098175,0.101243,0.104311,0.293328,0.293328,0.293328,0.293328
57.780056,0.193282,0.190214,0.193282,0.197884,0.288924,0.288924,0.288924,0.288924
57.790058,0.193282,0.190214,0.193282,0.197884,0.274697,0.274697,0.274697,0.274697
57.800060,0.256175,0.248505,0.254641,0.260777,0.251137,0.251137,0.251137,0.251137
57.810055,0.256175,0.248505,0.254641,0.260777,0.219054,0.219054,0.219054,0.219054
57.820057,0.282252,0.271515,0.280719,0.285320,0.179530,0.179530,0.179530,0.179530
57.830055,0.282252,0.271515,0.280719,0.285320,0.133915,0.133915,0.133915,0.133915
57.840054,0.282252,0.269981,0.279185,0.282252,0.083770,0.083770,0.083770,0.083770
57.850060,0.282252,0.269981,0.279185,0.282252,0.030756,0.030756,0.030756,0.030756
57.860054,0.246971,0.236233,0.248505,0.242369,-0.023223,-0.023223,-0.023223,-0.023223
57.870060,0.246971,0.236233,0.248505,0.242369,-0.076430,-0.076430,-0.076430,-0.076430
57.880058,0.171806,0.161068,0.177942,0.165670,-0.126967,-0.126967,-0.126967,-0.126967
57.890060,0.171806,0.161068,0.177942,0.165670,-0.173184,-0.173184,-0.173184,-0.173184
57.900055,0.065961,0.056757,0.072097,0.059825,-0.213415,-0.213415,-0.213415,-0.213415
57.910061,0.065961,0.056757,0.072097,0.059825,-0.246392,-0.246392,-0.246392,-0.246392
57.920059,-0.046019,-0.065961,-0.041417,-0.058291,-0.270915,-0.270915,-0.270915,-0.270915
57.930054,-0.046019,-0.065961,-0.041417,-0.058291,-0.286166,-0.286166,-0.286166,-0.286166
57.940056,-0.148796,-0.171806,-0.145728,-0.165670,-0.291644,-0.291644,-0.291644,-0.291644
57.950054,-0.148796,-0.171806,-0.145728,-0.165670,-0.287149,-0.287149,-0.287149,-0.287149
57.960056,-0.230097,-0.248505,-0.231631,-0.248505,-0.272837,-0.272837,-0.272837,-0.272837
57.970055,-0.230097,-0.248505,-0.231631,-0.248505,-0.249204,-0.249204,-0.249204,-0.249204
57.980061,-0.277651,-0.291456,-0.274583,-0.291456,-0.217033,-0.217033,-0.217033,-0.217033
57.990063,-0.277651,-0.291456,-0.274583,-0.291456,-0.177463,-0.177463,-0.177463,-0.177463
58.000057,-0.286854,-0.297592,-0.282252,-0.297592,-0.131861,-0.131861,-0.131861,-0.131861
58.010059,-0.286854,-0.297592,-0.282252,-0.297592,-0.081736,-0.081736,-0.081736,-0.081736
58.020058,-0.268447,-0.279185,-0.266913,-0.277651,-0.028862,-0.028862,-0.028862,-0.028862
58.030060,-0.268447,-0.279185,-0.266913,-0.277651,0.025006,0.025006,0.025006,0.025006
58.040058,-0.211689,-0.220893,-0.210155,-0.219359,0.077956,0.077956,0.077956,0.077956
58.050053,-0.211689,-0.220893,-0.210155,-0.219359,0.128186,0.128186,0.128186,0.128186
58.060043,-0.116583,-0.127320,-0.118117,-0.127320,0.173991,0.173991,0.173991,0.173991
58.070057,-0.116583,-0.127320,-0.118117,-0.127320,0.213900,0.213900,0.213900,0.213900
58.080055,-0.007670,-0.012272,-0.007670,0.000000,0.246382,0.246382,0.246382,0.246382
58.090057,-0.007670,-0.012272,-0.007670,0.000000,0.270386,0.270386,0.270386,0.270386
58.100052,0.101243,0.095107,0.101243,0.104311,0.285083,0.285083,0.285083,0.285083
58.110054,0.101243,0.095107,0.101243,0.104311,0.289986,0.289986,0.289986,0.289986
58.120056,0.191748,0.184078,0.193282,0.197884,0.284913,0.284913,0.284913,0.284913
58.130047,0.191748,0.184078,0.193282,0.197884,0.270061,0.270061,0.270061,0.270061
58.140057,0.254641,0.245437,0.253107,0.259243,0.245892,0.245892,0.245892,0.245892
58.150059,0.254641,0.245437,0.253107,0.259243,0.213295,0.213295,0.213295,0.213295
58.160057,0.279185,0.268447,0.277651,0.282252,0.173370,0.173370,0.173370,0.173370
58.170059,0.279185,0.268447,0.277651,0.282252,0.127488,0.127488,0.127488,0.127488
58.180058,0.277651,0.266913,0.276117,0.279185,0.077252,0.077252,0.077252,0.077252
58.190025,0.277651,0.266913,0.276117,0.279185,0.024546,0.024546,0.024546,0.024546
58.200058,0.240835,0.231631,0.240835,0.237767,-0.029317,-0.029317,-0.029317,-0.029317
58.210052,0.240835,0.231631,0.240835,0.237767,-0.081961,-0.081961,-0.081961,-0.081961
58.220055,0.165670,0.159534,0.165670,0.159534,-0.131763,-0.131763,-0.131763,-0.131763
58.230053,0.165670,0.159534,0.165670,0.159534,-0.176992,-0.176992,-0.176992,-0.176992
58.240059,0.061359,0.056757,0.059825,0.055223,-0.216099,-0.216099,-0.216099,-0.216099
58.250061,0.061359,0.056757,0.059825,0.055223,-0.247719,-0.247719,-0.247719,-0.247719
58.260056,-0.050621,-0.065961,-0.055223,-0.062893,-0.270752,-0.270752,-0.270752,-0.270752
58.270058,-0.050621,-0.065961,-0.055223,-0.062893,-0.284433,-0.284433,-0.284433,-0.284433
58.280056,-0.153398,-0.170272,-0.156466,-0.170272,-0.288270,-0.288270,-0.288270,-0.288270
58.290058,-0.153398,-0.170272,-0.156466,-0.170272,-0.282139,-0.282139,-0.282139,-0.282139
58.300056,-0.233165,-0.245437,-0.233165,-0.246971,-0.266258,-0.266258,-0.266258,-0.266258
58.310047,-0.233165,-0.245437,-0.233165,-0.246971,-0.241191,-0.241191,-0.241191,-0.241191
58.320061,-0.274583,-0.289922,-0.273049,-0.288388,-0.207735,-0.207735,-0.207735,-0.207735
58.330063,-0.274583,-0.289922,-0.273049,-0.288388,-0.167117,-0.167117,-0.167117,-0.167117
58.340061,-0.280719,-0.296058,-0.277651,-0.292990,-0.120758,-0.120758,-0.120758,-0.120758
58.350060,-0.280719,-0.296058,-0.277651,-0.292990,-0.070230,-0.070230,-0.070230,-0.070230
58.360027,-0.262311,-0.274583,-0.263845,-0.271515,-0.017474,-0.017474,-0.017474,-0.017474
58.370056,-0.262311,-0.274583,-0.263845,-0.271515,0.036188,0.036188,0.036188,0.036188
58.380058,-0.202485,-0.216291,-0.205553,-0.210155,0.088427,0.088427,0.088427,0.088427
58.390053,-0.202485,-0.216291,-0.205553,-0.210155,0.137533,0.137533,0.137533,0.137533
58.400055,-0.104311,-0.122718,-0.111981,-0.115049,0.181875,0.181875,0.181875,0.181875
58.410042,-0.104311,-0.122718,-0.111981,-0.115049,0.219831,0.219831,0.219831,0.219831
58.420059,0.004602,-0.003068,-0.001534,0.010738,0.250234,0.250234,0.250234,0.250234
58.430061,0.004602,-0.003068,-0.001534,0.010738,0.271871,0.271871,0.271871,0.271871
58.440056,0.110447,0.102777,0.110447,0.115049,0.284042,0.284042,0.284042,0.284042
58.450058,0.110447,0.102777,0.110447,0.115049,0.286340,0.286340,0.286340,0.286340
58.460056,0.199418,0.191748,0.197884,0.204019,0.278681,0.278681,0.278681,0.278681
58.470062,0.199418,0.191748,0.197884,0.204019,0.261323,0.261323,0.261323,0.261323
58.480057,0.256175,0.248505,0.256175,0.260777,0.234895,0.234895,0.234895,0.234895
58.490059,0.256175,0.248505,0.256175,0.260777,0.200289,0.200289,0.200289,0.200289
58.500061,0.277651,0.265379,0.274583,0.279185,0.158728,0.158728,0.158728,0.158728
58.510063,0.277651,0.265379,0.274583,0.279185,0.111664,0.111664,0.111664,0.111664
58.520061,0.273049,0.262311,0.271515,0.273049,0.060740,0.060740,0.060740,0.060740
58.530060,0.273049,0.262311,0.271515,0.273049,0.007720,0.007720,0.007720,0.007720
58.540062,0.231631,0.220893,0.230097,0.228563,-0.045549,-0.045549,-0.045549,-0.045549
58.550060,0.231631,0.220893,0.230097,0.228563,-0.097197,-0.097197,-0.097197,-0.097197
58.560059,0.151864,0.144194,0.148796,0.142660,-0.145417,-0.145417,-0.145417,-0.145417
58.570065,0.151864,0.144194,0.148796,0.142660,-0.188565,-0.188565,-0.188565,-0.188565
58.580063,0.041417,0.039884,0.041417,0.036816,-0.225088,-0.225088,-0.225088,-0.225088
58.590065,0.041417,0.039884,0.041417,0.036816,-0.253736,-0.253736,-0.253736,-0.253736
58.600060,-0.069029,-0.084369,-0.072097,-0.081301,-0.273494,-0.273494,-0.273494,-0.273494
58.610062,-0.069029,-0.084369,-0.072097,-0.081301,-0.283701,-0.283701,-0.283701,-0.283701
58.620064,-0.167204,-0.184078,-0.168738,-0.182544,-0.283976,-0.283976,-0.283976,-0.283976
58.630062,-0.167204,-0.184078,-0.168738,-0.182544,-0.274324,-0.274324,-0.274324,-0.274324
58.640060,-0.240835,-0.253107,-0.240835,-0.254641,-0.255076,-0.255076,-0.255076,-0.255076
58.650063,-0.240835,-0.253107,-0.240835,-0.254641,-0.226914,-0.226914,-0.226914,-0.226914
58.660061,-0.277651,-0.289922,-0.273049,-0.288388,-0.190828,-0.190828,-0.190828,-0.190828
58.670025,-0.277651,-0.289922,-0.273049,-0.288388,-0.148240,-0.148240,-0.148240,-0.148240
58.680054,-0.279185,-0.291456,-0.274583,-0.289922,-0.100190,-0.100190,-0.100190,-0.100190
58.690056,-0.279185,-0.291456,-0.274583,-0.289922,-0.048768,-0.048768,-0.048768,-0.048768
58.700054,-0.250039,-0.263845,-0.250039,-0.259243,0.004309,0.004309,0.004309,0.004309
58.710056,-0.250039,-0.263845,-0.250039,-0.259243,0.057231,0.057231,0.057231,0.057231
58.720055,-0.182544,-0.197884,-0.182544,-0.185612,0.108090,0.108090,0.108090,0.108090
58.730061,-0.182544,-0.197884,-0.182544,-0.185612,0.155174,0.155174,0.155174,0.155174
58.740055,-0.084369,-0.099709,-0.082835,-0.081301,0.196747,0.196747,0.196747,0.196747
58.750057,-0.084369,-0.099709,-0.082835,-0.081301,0.231410,0.231410,0.231410,0.231410
58.760056,0.026078,0.023010,0.026078,0.038350,0.257914,0.257914,0.257914,0.257914
58.770058,0.026078,0.023010,0.026078,0.038350,0.275356,0.275356,0.275356,0.275356
58.780056,0.130388,0.124252,0.130388,0.134990,0.283106,0.283106,0.283106,0.283106
58.790058,0.130388,0.124252,0.130388,0.134990,0.280899,0.280899,0.280899,0.280899
58.800056,0.213223,0.205553,0.211689,0.217825,0.268815,0.268815,0.268815,0.268815
58.810055,0.213223,0.205553,0.211689,0.217825,0.247282,0.247282,0.247282,0.247282
58.820057,0.262311,0.251573,0.259243,0.266913,0.217051,0.217051,0.217051,0.217051
58.830055,0.262311,0.251573,0.259243,0.266913,0.179203,0.179203,0.179203,0.179203
58.840054,0.273049,0.262311,0.269981,0.276117,0.135068,0.135068,0.135068,0.135068
58.850056,0.273049,0.262311,0.269981,0.276117,0.086175,0.086175,0.086175,0.086175
58.860054,0.263845,0.253107,0.262311,0.262311,0.034292,0.034292,0.034292,0.034292
58.870056,0.263845,0.253107,0.262311,0.262311,-0.018801,-0.018801,-0.018801,-0.018801
58.880054,0.213223,0.204019,0.216291,0.208621,-0.071172,-0.071172,-0.071172,-0.071172
58.890057,0.213223,0.204019,0.216291,0.208621,-0.121040,-0.121040,-0.121040,-0.121040
58.900055,0.124252,0.119651,0.128854,0.116583,-0.166574,-0.166574,-0.166574,-0.166574
58.910061,0.124252,0.119651,0.128854,0.116583,-0.206243,-0.206243,-0.206243,-0.206243
58.920059,0.015340,0.009204,0.019942,0.009204,-0.238585,-0.238585,-0.238585,-0.238585
58.930058,0.015340,0.009204,0.019942,0.009204,-0.262483,-0.262483,-0.262483,-0.262483
58.940056,-0.093573,-0.111981,-0.090505,-0.111981,-0.277100,-0.277100,-0.277100,-0.277100
58.950054,-0.093573,-0.111981,-0.090505,-0.111981,-0.281917,-0.281917,-0.281917,-0.281917
58.960056,-0.185612,-0.204019,-0.187146,-0.202485,-0.276762,-0.276762,-0.276762,-0.276762
58.970032,-0.185612,-0.204019,-0.187146,-0.202485,-0.261870,-0.261870,-0.261870,-0.261870
58.980061,-0.251573,-0.263845,-0.250039,-0.265379,-0.237608,-0.237608,-0.237608,-0.237608
58.990063,-0.251573,-0.263845,-0.250039,-0.265379,-0.205008,-0.205008,-0.205008,-0.205008
59.000061,-0.274583,-0.288388,-0.271515,-0.286854,-0.165168,-0.165168,-0.165168,-0.165168
59.010063,-0.274583,-0.288388,-0.271515,-0.286854,-0.119491,-0.119491,-0.119491,-0.119491
59.020065,-0.273049,-0.286854,-0.269981,-0.283786,-0.069603,-0.069603,-0.069603,-0.069603
59.030060,-0.273049,-0.286854,-0.269981,-0.283786,-0.017302,-0.017302,-0.017302,-0.017302
59.040062,-0.233165,-0.246971,-0.233165,-0.242369,0.035624,0.035624,0.035624,0.035624
59.050060,-0.233165,-0.246971,-0.233165,-0.242369,0.087245,0.087245,0.087245,0.087245
59.060059,-0.153398,-0.171806,-0.156466,-0.164136,0.135737,0.135737,0.135737,0.135737
59.070061,-0.153398,-0.171806,-0.156466,-0.164136,0.179397,0.179397,0.179397,0.179397
59.080063,-0.049087,-0.065961,-0.052155,-0.050621,0.216668,0.216668,0.216668,0.216668
59.090065,-0.049087,-0.065961,-0.052155,-0.050621,0.246229,0.246229,0.246229,0.246229
59.100063,0.058291,0.053689,0.056757,0.062893,0.267019,0.267019,0.267019,0.267019
59.110058,0.058291,0.053689,0.056757,0.062893,0.278311,0.278311,0.278311,0.278311
59.120060,0.156466,0.148796,0.156466,0.161068,0.279710,0.279710,0.279710,0.279710
59.130058,0.156466,0.148796,0.156466,0.161068,0.271163,0.271163,0.271163,0.271163
59.140060,0.230097,0.219359,0.228563,0.234699,0.252972,0.252972,0.252972,0.252972
59.150059,0.230097,0.219359,0.228563,0.234699,0.225793,0.225793,0.225793,0.225793
59.160061,0.266913,0.254641,0.265379,0.269981,0.190579,0.190579,0.190579,0.190579
59.170063,0.266913,0.254641,0.265379,0.269981,0.148603,0.148603,0.148603,0.148603
59.180061,0.269981,0.257709,0.266913,0.271515,0.101366,0.101366,0.101366,0.101366
59.190063,0.269981,0.257709,0.266913,0.271515,0.050517,0.050517,0.050517,0.050517
59.200062,0.246971,0.239301,0.246971,0.245437,-0.002078,-0.002078,-0.002078,-0.002078
59.210064,0.246971,0.239301,0.246971,0.245437,-0.054595,-0.054595,-0.054595,-0.054595
59.220062,0.182544,0.177942,0.185612,0.177942,-0.105128,-0.105128,-0.105128,-0.105128
59.230064,0.182544,0.177942,0.185612,0.177942,-0.151891,-0.151891,-0.151891,-0.151891
59.240063,0.088971,0.082835,0.085903,0.081301,-0.193203,-0.193203,-0.193203,-0.193203
59.250061,0.088971,0.082835,0.085903,0.081301,-0.227599,-0.227599,-0.227599,-0.227599
59.260059,-0.021476,-0.035282,-0.024544,-0.030680,-0.253849,-0.253849,-0.253849,-0.253849
59.270061,-0.021476,-0.035282,-0.024544,-0.030680,-0.271020,-0.271020,-0.271020,-0.271020
59.280060,-0.127320,-0.145728,-0.127320,-0.144194,-0.278499,-0.278499,-0.278499,-0.278499
59.290062,-0.127320,-0.145728,-0.127320,-0.144194,-0.276017,-0.276017,-0.276017,-0.276017
59.300060,-0.211689,-0.225495,-0.210155,-0.227029,-0.263669,-0.263669,-0.263669,-0.263669
59.310062,-0.211689,-0.225495,-0.210155,-0.227029,-0.241891,-0.241891,-0.241891,-0.241891
59.320061,-0.260777,-0.273049,-0.259243,-0.274583,-0.211474,-0.211474,-0.211474,-0.211474
59.330063,-0.260777,-0.273049,-0.259243,-0.274583,-0.173485,-0.173485,-0.173485,-0.173485
59.340038,-0.271515,-0.283786,-0.268447,-0.283786,-0.129429,-0.129429,-0.129429,-0.129429
59.350063,-0.271515,-0.283786,-0.268447,-0.283786,-0.080544,-0.080544,-0.080544,-0.080544
59.360065,-0.259243,-0.271515,-0.260777,-0.269981,-0.028886,-0.028886,-0.028886,-0.028886
59.370060,-0.259243,-0.271515,-0.260777,-0.269981,0.023741,0.023741,0.023741,0.023741
59.380062,-0.205553,-0.222427,-0.210155,-0.213223,0.075519,0.075519,0.075519,0.075519
59.390060,-0.205553,-0.222427,-0.210155,-0.213223,0.124548,0.124548,0.124548,0.124548
59.400063,-0.116583,-0.133456,-0.118117,-0.124252,0.169098,0.169098,0.169098,0.169098
59.410061,-0.116583,-0.133456,-0.118117,-0.124252,0.207553,0.207553,0.207553,0.207553
59.420059,-0.007670,-0.016874,-0.007670,-0.001534,0.238534,0.238534,0.238534,0.238534
59.430061,-0.007670,-0.016874,-0.007670,-0.001534,0.260939,0.260939,0.260939,0.260939
59.440056,0.098175,0.092039,0.098175,0.101243,0.273951,0.273951,0.273951,0.273951
59.450054,0.098175,0.092039,0.098175,0.101243,0.277123,0.277123,0.277123,0.277123
59.460056,0.188680,0.177942,0.187146,0.194816,0.270330,0.270330,0.270330,0.270330
59.470058,0.188680,0.177942,0.187146,0.194816,0.253818,0.253818,0.253818,0.253818
59.480057,0.246971,0.236233,0.245437,0.253107,0.228186,0.228186,0.228186,0.228186
59.490059,0.246971,0.236233,0.245437,0.253107,0.194345,0.194345,0.194345,0.194345
59.500053,0.266913,0.256175,0.265379,0.269981,0.153560,0.153560,0.153560,0.153560
59.510056,0.266913,0.256175,0.265379,0.269981,0.107224,0.107224,0.107224,0.107224
59.520054,0.262311,0.251573,0.260777,0.262311,0.057076,0.057076,0.057076,0.057076
59.530056,0.262311,0.251573,0.260777,0.262311,0.004885,0.004885,0.004885,0.004885
59.540054,0.225495,0.214757,0.222427,0.217825,-0.047450,-0.047450,-0.047450,-0.047450
59.550056,0.225495,0.214757,0.222427,0.217825,-0.098071,-0.098071,-0.098071,-0.098071
59.560062,0.145728,0.139592,0.144194,0.138058,-0.145129,-0.145129,-0.145129,-0.145129
59.570057,0.145728,0.139592,0.144194,0.138058,-0.186887,-0.186887,-0.186887,-0.186887
59.580055,0.038350,0.036816,0.038350,0.035282,-0.221897,-0.221897,-0.221897,-0.221897
59.590057,0.038350,0.036816,0.038350,0.035282,-0.248888,-0.248888,-0.248888,-0.248888
59.600056,-0.069029,-0.084369,-0.072097,-0.082835,-0.266874,-0.266874,-0.266874,-0.266874
59.610058,-0.069029,-0.084369,-0.072097,-0.082835,-0.275208,-0.275208,-0.275208,-0.275208
59.620060,-0.164136,-0.181010,-0.167204,-0.181010,-0.273591,-0.273591,-0.273591,-0.273591
59.630054,-0.164136,-0.181010,-0.167204,-0.181010,-0.262092,-0.262092,-0.262092,-0.262092
59.640057,-0.236233,-0.248505,-0.234699,-0.250039,-0.241113,-0.241113,-0.241113,-0.241113
59.650059,-0.236233,-0.248505,-0.234699,-0.250039,-0.211418,-0.211418,-0.211418,-0.211418
59.660057,-0.268447,-0.280719,-0.263845,-0.279185,-0.174098,-0.174098,-0.174098,-0.174098
59.670055,-0.268447,-0.280719,-0.263845,-0.279185,-0.130492,-0.130492,-0.130492,-0.130492
59.680054,-0.269981,-0.282252,-0.265379,-0.279185,-0.082188,-0.082188,-0.082188,-0.082188
59.690056,-0.269981,-0.282252,-0.265379,-0.279185,-0.030919,-0.030919,-0.030919,-0.030919
59.700058,-0.234699,-0.250039,-0.236233,-0.245437,0.021450,0.021450,0.021450,0.021450
59.710060,-0.234699,-0.250039,-0.236233,-0.245437,0.073011,0.073011,0.073011,0.073011
59.720058,-0.159534,-0.179476,-0.165670,-0.171806,0.121896,0.121896,0.121896,0.121896
59.730061,-0.159534,-0.179476,-0.165670,-0.171806,0.166341,0.166341,0.166341,0.166341
59.740055,-0.062893,-0.079767,-0.065961,-0.069029,0.204701,0.204701,0.204701,0.204701
59.750057,-0.062893,-0.079767,-0.065961,-0.069029,0.235632,0.235632,0.235632,0.235632
59.760056,0.041417,0.038350,0.042951,0.049087,0.257999,0.257999,0.257999,0.257999
59.770058,0.041417,0.038350,0.042951,0.049087,0.270983,0.270983,0.270983,0.270983
59.780056,0.141126,0.134990,0.141126,0.145728,0.274113,0.274113,0.274113,0.274113
59.790054,0.141126,0.134990,0.141126,0.145728,0.267287,0.267287,0.267287,0.267287
59.800056,0.219359,0.210155,0.216291,0.222427,0.250741,0.250741,0.250741,0.250741
59.810055,0.219359,0.210155,0.216291,0.222427,0.225085,0.225085,0.225085,0.225085
59.820057,0.259243,0.248505,0.256175,0.262311,0.191255,0.191255,0.191255,0.191255
59.830055,0.259243,0.248505,0.256175,0.262311,0.150493,0.150493,0.150493,0.150493
59.840057,0.263845,0.251573,0.259243,0.266913,0.104258,0.104258,0.104258,0.104258
59.850052,0.263845,0.251573,0.259243,0.266913,0.054270,0.054270,0.054270,0.054270
59.860054,0.245437,0.233165,0.245437,0.242369,0.002319,0.002319,0.002319,0.002319
59.870064,0.245437,0.233165,0.245437,0.242369,-0.049741,-0.049741,-0.049741,-0.049741
59.880058,0.187146,0.174874,0.188680,0.181010,-0.099900,-0.099900,-0.099900,-0.099900
59.890060,0.187146,0.174874,0.188680,0.181010,-0.146412,-0.146412,-0.146412,-0.146412
59.900051,0.092039,0.082835,0.095107,0.084369,-0.187525,-0.187525,-0.187525,-0.187525
59.910057,0.092039,0.082835,0.095107,0.084369,-0.221823,-0.221823,-0.221823,-0.221823
59.920052,-0.018408,-0.035282,-0.012272,-0.024544,-0.247983,-0.247983,-0.247983,-0.247983
59.930050,-0.018408,-0.035282,-0.012272,-0.024544,-0.265089,-0.265089,-0.265089,-0.265089
59.940048,-0.122718,-0.145728,-0.118117,-0.141126,-0.272508,-0.272508,-0.272508,-0.272508
59.950062,-0.122718,-0.145728,-0.118117,-0.141126,-0.269960,-0.269960,-0.269960,-0.269960
59.960064,-0.205553,-0.222427,-0.205553,-0.220893,-0.257543,-0.257543,-0.257543,-0.257543
59.970062,-0.205553,-0.222427,-0.205553,-0.220893,-0.235720,-0.235720,-0.235720,-0.235720
59.980061,-0.254641,-0.269981,-0.253107,-0.268447,-0.205294,-0.205294,-0.205294,-0.205294
59.990063,-0.254641,-0.269981,-0.253107,-0.268447,-0.167354,-0.167354,-0.167354,-0.167354
60.000065,-0.265379,-0.279185,-0.260777,-0.277651,-0.123323,-0.123323,-0.123323,-0.123323
60.010059,-0.265379,-0.279185,-0.260777,-0.277651,-0.074817,-0.074817,-0.074817,-0.074817
60.020061,-0.253107,-0.263845,-0.253107,-0.262311,-0.023560,-0.023560,-0.023560,-0.023560
60.030064,-0.253107,-0.263845,-0.253107,-0.262311,0.028523,0.028523,0.028523,0.028523
60.040062,-0.199418,-0.210155,-0.199418,-0.208621,0.079513,0.079513,0.079513,0.079513
60.050060,-0.199418,-0.210155,-0.199418,-0.208621,0.127580,0.127580,0.127580,0.127580
60.060062,-0.110447,-0.121184,-0.110447,-0.119651,0.170949,0.170949,0.170949,0.170949
60.070057,-0.110447,-0.121184,-0.110447,-0.119651,0.208016,0.208016,0.208016,0.208016
60.080059,-0.003068,-0.006136,-0.003068,0.003068,0.237441,0.237441,0.237441,0.237441
60.090065,-0.003068,-0.006136,-0.003068,0.003068,0.258153,0.258153,0.258153,0.258153
60.100060,0.101243,0.098175,0.101243,0.105845,0.269357,0.269357,0.269357,0.269357
60.110062,0.101243,0.098175,0.101243,0.105845,0.270668,0.270668,0.270668,0.270668
60.120060,0.188680,0.184078,0.187146,0.191748,0.262037,0.262037,0.262037,0.262037
60.130062,0.188680,0.184078,0.187146,0.191748,0.243780,0.243780,0.243780,0.243780
60.140060,0.245437,0.236233,0.240835,0.246971,0.216572,0.216572,0.216572,0.216572
60.150063,0.245437,0.236233,0.240835,0.246971,0.181410,0.181410,0.181410,0.181410
60.160053,0.262311,0.250039,0.256175,0.263845,0.139634,0.139634,0.139634,0.139634
60.170063,0.262311,0.250039,0.256175,0.263845,0.092660,0.092660,0.092660,0.092660
60.180054,0.256175,0.243903,0.253107,0.254641,0.042381,0.042381,0.042381,0.042381
60.190052,0.256175,0.243903,0.253107,0.254641,-0.009460,-0.009460,-0.009460,-0.009460
60.200050,0.213223,0.199418,0.211689,0.205553,-0.060933,-0.060933,-0.060933,-0.060933
60.210052,0.213223,0.199418,0.211689,0.205553,-0.110137,-0.110137,-0.110137,-0.110137
60.220051,0.125786,0.121184,0.130388,0.118117,-0.155259,-0.155259,-0.155259,-0.155259
60.230053,0.125786,0.121184,0.130388,0.118117,-0.194653,-0.194653,-0.194653,-0.194653
60.240051,0.018408,0.012272,0.024544,0.013806,-0.226824,-0.226824,-0.226824,-0.226824
60.250053,0.018408,0.012272,0.024544,0.013806,-0.250625,-0.250625,-0.250625,-0.250625
60.260059,-0.084369,-0.105845,-0.084369,-0.105845,-0.265164,-0.265164,-0.265164,-0.265164
60.270061,-0.084369,-0.105845,-0.084369,-0.105845,-0.269899,-0.269899,-0.269899,-0.269899
60.280052,-0.173340,-0.194816,-0.174874,-0.190214,-0.264671,-0.264671,-0.264671,-0.264671
60.290062,-0.173340,-0.194816,-0.174874,-0.190214,-0.249651,-0.249651,-0.249651,-0.249651
60.300049,-0.239301,-0.253107,-0.237767,-0.253107,-0.225453,-0.225453,-0.225453,-0.225453
60.310059,-0.239301,-0.253107,-0.237767,-0.253107,-0.192882,-0.192882,-0.192882,-0.192882
60.320053,-0.263845,-0.276117,-0.260777,-0.276117,-0.153249,-0.153249,-0.153249,-0.153249
60.330059,-0.263845,-0.276117,-0.260777,-0.276117,-0.107914,-0.107914,-0.107914,-0.107914
60.340057,-0.259243,-0.273049,-0.259243,-0.271515,-0.058643,-0.058643,-0.058643,-0.058643
60.350063,-0.259243,-0.273049,-0.259243,-0.271515,-0.007179,-0.007179,-0.007179,-0.007179
60.360054,-0.219359,-0.230097,-0.220893,-0.230097,0.044450,0.044450,0.044450,0.044450
60.370056,-0.219359,-0.230097,-0.220893,-0.230097,0.094445,0.094445,0.094445,0.094445
60.380054,-0.142660,-0.153398,-0.148796,-0.151864,0.140924,0.140924,0.140924,0.140924
60.390064,-0.142660,-0.153398,-0.148796,-0.151864,0.182179,0.182179,0.182179,0.182179
60.400059,-0.041417,-0.049087,-0.047553,-0.038350,0.216611,0.216611,0.216611,0.216611
60.410065,-0.041417,-0.049087,-0.047553,-0.038350,0.243026,0.243026,0.243026,0.243026
60.420055,0.065961,0.065961,0.059825,0.070563,0.260387,0.260387,0.260387,0.260387
60.430061,0.065961,0.065961,0.059825,0.070563,0.268096,0.268096,0.268096,0.268096
60.440056,0.159534,0.158000,0.156466,0.162602,0.265847,0.265847,0.265847,0.265847
60.450062,0.159534,0.158000,0.156466,0.162602,0.253716,0.253716,0.253716,0.253716
60.460056,0.228563,0.220893,0.223961,0.231631,0.232186,0.232186,0.232186,0.232186
60.470062,0.228563,0.220893,0.223961,0.231631,0.202016,0.202016,0.202016,0.202016
60.480061,0.257709,0.246971,0.253107,0.259243,0.164360,0.164360,0.164360,0.164360
60.490063,0.257709,0.246971,0.253107,0.259243,0.120608,0.120608,0.120608,0.120608
60.500057,0.257709,0.245437,0.253107,0.259243,0.072426,0.072426,0.072426,0.072426
60.510063,0.257709,0.245437,0.253107,0.259243,0.021527,0.021527,0.021527,0.021527
60.520058,0.228563,0.216291,0.225495,0.225495,-0.030103,-0.030103,-0.030103,-0.030103
60.530056,0.228563,0.216291,0.225495,0.225495,-0.080619,-0.080619,-0.080619,-0.080619
60.540058,0.161068,0.148796,0.158000,0.151864,-0.128098,-0.128098,-0.128098,-0.128098
60.550060,0.161068,0.148796,0.158000,0.151864,-0.170808,-0.170808,-0.170808,-0.170808
60.560059,0.056757,0.049087,0.056757,0.052155,-0.207094,-0.207094,-0.207094,-0.207094
60.570061,0.056757,0.049087,0.056757,0.052155,-0.235668,-0.235668,-0.235668,-0.235668
60.580059,-0.052155,-0.072097,-0.052155,-0.061359,-0.255423,-0.255423,-0.255423,-0.255423
60.590061,-0.052155,-0.072097,-0.052155,-0.061359,-0.265650,-0.265650,-0.265650,-0.265650
60.600056,-0.148796,-0.170272,-0.150330,-0.164136,-0.265958,-0.265958,-0.265958,-0.265958
60.610062,-0.148796,-0.170272,-0.150330,-0.164136,-0.256335,-0.256335,-0.256335,-0.256335
60.620056,-0.222427,-0.237767,-0.220893,-0.236233,-0.237157,-0.237157,-0.237157,-0.237157
60.630062,-0.222427,-0.237767,-0.220893,-0.236233,-0.209114,-0.209114,-0.209114,-0.209114
60.640060,-0.257709,-0.271515,-0.254641,-0.269981,-0.173281,-0.173281,-0.173281,-0.173281
60.650063,-0.257709,-0.271515,-0.254641,-0.269981,-0.130982,-0.130982,-0.130982,-0.130982
60.660061,-0.260777,-0.273049,-0.256175,-0.271515,-0.083818,-0.083818,-0.083818,-0.083818
60.670059,-0.260777,-0.273049,-0.256175,-0.271515,-0.033550,-0.033550,-0.033550,-0.033550
60.680058,-0.233165,-0.243903,-0.234699,-0.242369,0.017950,0.017950,0.017950,0.017950
60.690060,-0.233165,-0.243903,-0.234699,-0.242369,0.068770,0.068770,0.068770,0.068770
60.700058,-0.159534,-0.176408,-0.167204,-0.173340,0.116976,0.116976,0.116976,0.116976
60.710068,-0.159534,-0.176408,-0.167204,-0.173340,0.160829,0.160829,0.160829,0.160829
60.720062,-0.062893,-0.078233,-0.067495,-0.070563,0.198579,0.198579,0.198579,0.198579
60.730072,-0.062893,-0.078233,-0.067495,-0.070563,0.228899,0.228899,0.228899,0.228899
60.740063,0.038350,0.039884,0.038350,0.046019,0.250588,0.250588,0.250588,0.250588
60.750065,0.038350,0.039884,0.038350,0.046019,0.262894,0.262894,0.262894,0.262894
60.760059,0.136524,0.134990,0.134990,0.141126,0.265331,0.265331,0.265331,0.265331
60.770065,0.136524,0.134990,0.134990,0.141126,0.257808,0.257808,0.257808,0.257808
60.780056,0.211689,0.207087,0.208621,0.216291,0.240632,0.240632,0.240632,0.240632
60.790062,0.211689,0.207087,0.208621,0.216291,0.214411,0.214411,0.214411,0.214411
60.800060,0.251573,0.242369,0.246971,0.253107,0.180158,0.180158,0.180158,0.180158
60.810062,0.251573,0.242369,0.246971,0.253107,0.139147,0.139147,0.139147,0.139147
60.820053,0.254641,0.242369,0.250039,0.256175,0.092965,0.092965,0.092965,0.092965
60.830063,0.254641,0.242369,0.250039,0.256175,0.043242,0.043242,0.043242,0.043242
60.840057,0.236233,0.227029,0.234699,0.234699,-0.008012,-0.008012,-0.008012,-0.008012
60.850063,0.236233,0.227029,0.234699,0.234699,-0.059002,-0.059002,-0.059002,-0.059002
60.860058,0.174874,0.168738,0.176408,0.170272,-0.107699,-0.107699,-0.107699,-0.107699
60.870064,0.174874,0.168738,0.176408,0.170272,-0.152354,-0.152354,-0.152354,-0.152354
60.880062,0.081301,0.075165,0.082835,0.073631,-0.191231,-0.191231,-0.191231,-0.191231
60.890064,0.081301,0.075165,0.082835,0.073631,-0.222892,-0.222892,-0.222892,-0.222892
60.900063,-0.027612,-0.039884,-0.024544,-0.036816,-0.246132,-0.246132,-0.246132,-0.246132
60.910065,-0.027612,-0.039884,-0.024544,-0.036816,-0.260093,-0.260093,-0.260093,-0.260093
60.920063,-0.130388,-0.147262,-0.124252,-0.147262,-0.264235,-0.264235,-0.264235,-0.264235
60.930061,-0.130388,-0.147262,-0.124252,-0.147262,-0.258412,-0.258412,-0.258412,-0.258412
60.940060,-0.210155,-0.222427,-0.202485,-0.225495,-0.242845,-0.242845,-0.242845,-0.242845
60.950066,-0.210155,-0.222427,-0.202485,-0.225495,-0.218112,-0.218112,-0.218112,-0.218112
60.960064,-0.251573,-0.263845,-0.248505,-0.265379,-0.185164,-0.185164,-0.185164,-0.185164
60.970062,-0.251573,-0.263845,-0.248505,-0.265379,-0.145241,-0.145241,-0.145241,-0.145241
60.980064,-0.257709,-0.271515,-0.254641,-0.269981,-0.099848,-0.099848,-0.099848,-0.099848
60.990063,-0.257709,-0.271515,-0.254641,-0.269981,-0.050722,-0.050722,-0.050722,-0.050722
61.000061,-0.239301,-0.253107,-0.239301,-0.248505,0.000317,0.000317,0.000317,0.000317
61.010059,-0.239301,-0.253107,-0.239301,-0.248505,0.051311,0.051311,0.051311,0.051311
61.020050,-0.177942,-0.194816,-0.179476,-0.188680,0.100295,0.100295,0.100295,0.100295
61.030060,-0.177942,-0.194816,-0.179476,-0.188680,0.145549,0.145549,0.145549,0.145549
61.040054,-0.085903,-0.104311,-0.085903,-0.093573,0.185217,0.185217,0.185217,0.185217
61.050060,-0.085903,-0.104311,-0.085903,-0.093573,0.217886,0.217886,0.217886,0.217886
61.060062,0.019942,0.015340,0.019942,0.026078,0.242267,0.242267,0.242267,0.242267
61.070023,0.019942,0.015340,0.019942,0.026078,0.257421,0.257421,0.257421,0.257421
61.080059,0.121184,0.113515,0.119651,0.124252,0.262889,0.262889,0.262889,0.262889
61.090061,0.121184,0.113515,0.119651,0.124252,0.258348,0.258348,0.258348,0.258348
61.100063,0.200952,0.191748,0.199418,0.202485,0.244008,0.244008,0.244008,0.244008
61.110065,0.200952,0.191748,0.199418,0.202485,0.220424,0.220424,0.220424,0.220424
61.120060,0.245437,0.236233,0.242369,0.246971,0.188500,0.188500,0.188500,0.188500
61.130062,0.245437,0.236233,0.242369,0.246971,0.149413,0.149413,0.149413,0.149413
61.140060,0.253107,0.240835,0.246971,0.254641,0.104700,0.104700,0.104700,0.104700
61.150063,0.253107,0.240835,0.246971,0.254641,0.056003,0.056003,0.056003,0.056003
61.160053,0.239301,0.228563,0.236233,0.236233,0.005261,0.005261,0.005261,0.005261
61.170059,0.239301,0.228563,0.236233,0.236233,-0.045736,-0.045736,-0.045736,-0.045736
61.180054,0.181010,0.176408,0.184078,0.177942,-0.094905,-0.094905,-0.094905,-0.094905
61.190060,0.181010,0.176408,0.184078,0.177942,-0.140500,-0.140500,-0.140500,-0.140500
61.200062,0.088971,0.088971,0.092039,0.087437,-0.180705,-0.180705,-0.180705,-0.180705
61.210060,0.088971,0.088971,0.092039,0.087437,-0.213998,-0.213998,-0.213998,-0.213998
61.220058,-0.016874,-0.023010,-0.015340,-0.019942,-0.239132,-0.239132,-0.239132,-0.239132
61.230064,-0.016874,-0.023010,-0.015340,-0.019942,-0.255164,-0.255164,-0.255164,-0.255164
61.240059,-0.116583,-0.133456,-0.116583,-0.130388,-0.261455,-0.261455,-0.261455,-0.261455
61.250061,-0.116583,-0.133456,-0.116583,-0.130388,-0.257785,-0.257785,-0.257785,-0.257785
61.260059,-0.197884,-0.213223,-0.197884,-0.211689,-0.244292,-0.244292,-0.244292,-0.244292
61.270061,-0.197884,-0.213223,-0.197884,-0.211689,-0.221486,-0.221486,-0.221486,-0.221486
61.280064,-0.246971,-0.259243,-0.243903,-0.259243,-0.190246,-0.190246,-0.190246,-0.190246
61.290054,-0.246971,-0.259243,-0.243903,-0.259243,-0.151794,-0.151794,-0.151794,-0.151794
61.300056,-0.254641,-0.268447,-0.251573,-0.266913,-0.107545,-0.107545,-0.107545,-0.107545
61.310055,-0.254641,-0.268447,-0.251573,-0.266913,-0.059207,-0.059207,-0.059207,-0.059207
61.320061,-0.240835,-0.253107,-0.239301,-0.250039,-0.008603,-0.008603,-0.008603,-0.008603
61.330055,-0.240835,-0.253107,-0.239301,-0.250039,0.042253,0.042253,0.042253,0.042253
61.340057,-0.182544,-0.199418,-0.185612,-0.193282,0.091495,0.091495,0.091495,0.091495
61.350056,-0.182544,-0.199418,-0.185612,-0.193282,0.137213,0.137213,0.137213,0.137213
61.360054,-0.093573,-0.111981,-0.096641,-0.099709,0.177656,0.177656,0.177656,0.177656
61.370056,-0.093573,-0.111981,-0.096641,-0.099709,0.211297,0.211297,0.211297,0.211297
61.380054,0.010738,0.006136,0.006136,0.016874,0.236823,0.236823,0.236823,0.236823
61.390057,0.010738,0.006136,0.006136,0.016874,0.253287,0.253287,0.253287,0.253287
61.400055,0.111981,0.107379,0.105845,0.116583,0.260039,0.260039,0.260039,0.260039
61.410065,0.111981,0.107379,0.105845,0.116583,0.256825,0.256825,0.256825,0.256825
61.420055,0.193282,0.184078,0.188680,0.196350,0.243784,0.243784,0.243784,0.243784
61.430058,0.193282,0.184078,0.188680,0.196350,0.221399,0.221399,0.221399,0.221399
61.440056,0.240835,0.230097,0.237767,0.242369,0.190544,0.190544,0.190544,0.190544
61.450058,0.240835,0.230097,0.237767,0.242369,0.152385,0.152385,0.152385,0.152385
61.460052,0.250039,0.237767,0.245437,0.253107,0.108425,0.108425,0.108425,0.108425
61.470058,0.250039,0.237767,0.245437,0.253107,0.060287,0.060287,0.060287,0.060287
61.480057,0.239301,0.228563,0.236233,0.236233,0.009887,0.009887,0.009887,0.009887
61.490055,0.239301,0.228563,0.236233,0.236233,-0.040874,-0.040874,-0.040874,-0.040874
61.500053,0.187146,0.179476,0.187146,0.181010,-0.090041,-0.090041,-0.090041,-0.090041
61.510056,0.187146,0.179476,0.187146,0.181010,-0.135735,-0.135735,-0.135735,-0.135735
61.520058,0.096641,0.095107,0.098175,0.092039,-0.176178,-0.176178,-0.176178,-0.176178
61.530060,0.096641,0.095107,0.098175,0.092039,-0.209840,-0.209840,-0.209840,-0.209840
61.540058,-0.009204,-0.016874,-0.009204,-0.012272,-0.235405,-0.235405,-0.235405,-0.235405
61.550056,-0.009204,-0.016874,-0.009204,-0.012272,-0.251903,-0.251903,-0.251903,-0.251903
61.560055,-0.111981,-0.128854,-0.111981,-0.127320,-0.258701,-0.258701,-0.258701,-0.258701
61.570057,-0.111981,-0.128854,-0.111981,-0.127320,-0.255538,-0.255538,-0.255538,-0.255538
61.580059,-0.194816,-0.208621,-0.193282,-0.208621,-0.242535,-0.242535,-0.242535,-0.242535
61.590057,-0.194816,-0.208621,-0.193282,-0.208621,-0.220201,-0.220201,-0.220201,-0.220201
61.600056,-0.243903,-0.254641,-0.240835,-0.256175,-0.189395,-0.189395,-0.189395,-0.189395
61.610058,-0.243903,-0.254641,-0.240835,-0.256175,-0.151289,-0.151289,-0.151289,-0.151289
61.620060,-0.251573,-0.265379,-0.248505,-0.263845,-0.107368,-0.107368,-0.107368,-0.107368
61.630066,-0.251573,-0.265379,-0.248505,-0.263845,-0.059316,-0.059316,-0.059316,-0.059316
61.640060,-0.237767,-0.251573,-0.237767,-0.248505,-0.009040,-0.009040,-0.009040,-0.009040
61.650059,-0.237767,-0.251573,-0.237767,-0.248505,0.041582,0.041582,0.041582,0.041582
61.660065,-0.177942,-0.197884,-0.184078,-0.191748,0.090594,0.090594,0.090594,0.090594
61.670063,-0.177942,-0.197884,-0.184078,-0.191748,0.136054,0.136054,0.136054,0.136054
61.680061,-0.090505,-0.110447,-0.095107,-0.099709,0.176249,0.176249,0.176249,0.176249
61.690048,-0.090505,-0.110447,-0.095107,-0.099709,0.209577,0.209577,0.209577,0.209577
61.700062,0.009204,0.003068,0.012272,0.016874,0.234861,0.234861,0.234861,0.234861
61.710060,0.009204,0.003068,0.012272,0.016874,0.251010,0.251010,0.251010,0.251010
61.720058,0.110447,0.105845,0.110447,0.115049,0.257445,0.257445,0.257445,0.257445
61.730061,0.110447,0.105845,0.110447,0.115049,0.253917,0.253917,0.253917,0.253917
61.740059,0.190214,0.182544,0.188680,0.196350,0.240568,0.240568,0.240568,0.240568
61.750065,0.190214,0.182544,0.188680,0.196350,0.217900,0.217900,0.217900,0.217900
61.760063,0.239301,0.228563,0.236233,0.242369,0.186815,0.186815,0.186815,0.186815
61.770061,0.239301,0.228563,0.236233,0.242369,0.148509,0.148509,0.148509,0.148509
61.780064,0.246971,0.236233,0.242369,0.248505,0.104455,0.104455,0.104455,0.104455
61.790062,0.246971,0.236233,0.242369,0.248505,0.056377,0.056377,0.056377,0.056377
61.800064,0.236233,0.225495,0.233165,0.231631,0.006135,0.006135,0.006135,0.006135
61.810062,0.236233,0.225495,0.233165,0.231631,-0.044313,-0.044313,-0.044313,-0.044313
61.820061,0.184078,0.174874,0.182544,0.176408,-0.093018,-0.093018,-0.093018,-0.093018
61.830063,0.184078,0.174874,0.182544,0.176408,-0.138097,-0.138097,-0.138097,-0.138097
61.840057,0.095107,0.088971,0.093573,0.085903,-0.177775,-0.177775,-0.177775,-0.177775
61.850063,0.095107,0.088971,0.093573,0.085903,-0.210557,-0.210557,-0.210557,-0.210557
61.860046,-0.013806,-0.023010,-0.013806,-0.018408,-0.235100,-0.235100,-0.235100,-0.235100
61.870056,-0.013806,-0.023010,-0.013806,-0.018408,-0.250546,-0.250546,-0.250546,-0.250546
61.880054,-0.116583,-0.131922,-0.113515,-0.128854,-0.256225,-0.256225,-0.256225,-0.256225
61.890057,-0.116583,-0.131922,-0.113515,-0.128854,-0.251939,-0.251939,-0.251939,-0.251939
61.900055,-0.196350,-0.208621,-0.190214,-0.208621,-0.237858,-0.237858,-0.237858,-0.237858
61.910053,-0.196350,-0.208621,-0.190214,-0.208621,-0.214535,-0.214535,-0.214535,-0.214535
61.920052,-0.242369,-0.253107,-0.239301,-0.256175,-0.182870,-0.182870,-0.182870,-0.182870
61.930050,-0.242369,-0.253107,-0.239301,-0.256175,-0.144095,-0.144095,-0.144095,-0.144095
61.940056,-0.250039,-0.262311,-0.246971,-0.262311,-0.099707,-0.099707,-0.099707,-0.099707
61.950062,-0.250039,-0.262311,-0.246971,-0.262311,-0.051454,-0.051454,-0.051454,-0.051454
61.960060,-0.234699,-0.246971,-0.234699,-0.243903,-0.001235,-0.001235,-0.001235,-0.001235
61.970066,-0.234699,-0.246971,-0.234699,-0.243903,0.049025,0.049025,0.049025,0.049025
61.980061,-0.176408,-0.191748,-0.181010,-0.185612,0.097312,0.097312,0.097312,0.097312
61.990063,-0.176408,-0.191748,-0.181010,-0.185612,0.141802,0.141802,0.141802,0.141802
62.000061,-0.085903,-0.104311,-0.087437,-0.092039,0.180723,0.180723,0.180723,0.180723
62.010059,-0.085903,-0.104311,-0.087437,-0.092039,0.212587,0.212587,0.212587,0.212587
62.020065,0.016874,0.012272,0.018408,0.023010,0.236133,0.236133,0.236133,0.236133
62.030064,0.016874,0.012272,0.018408,0.023010,0.250436,0.250436,0.250436,0.250436
62.040062,0.116583,0.111981,0.116583,0.121184,0.254949,0.254949,0.254949,0.254949
62.050064,0.116583,0.111981,0.116583,0.121184,0.249496,0.249496,0.249496,0.249496
62.060062,0.196350,0.185612,0.193282,0.197884,0.234289,0.234289,0.234289,0.234289
62.070061,0.196350,0.185612,0.193282,0.197884,0.209930,0.209930,0.209930,0.209930
62.080063,0.240835,0.230097,0.234699,0.240835,0.177369,0.177369,0.177369,0.177369
62.090061,0.240835,0.230097,0.234699,0.240835,0.137882,0.137882,0.137882,0.137882
62.100060,0.245437,0.234699,0.239301,0.245437,0.093021,0.093021,0.093021,0.093021
62.110062,0.245437,0.234699,0.239301,0.245437,0.044520,0.044520,0.044520,0.044520
62.120068,0.230097,0.219359,0.227029,0.228563,-0.005704,-0.005704,-0.005704,-0.005704
62.130062,0.230097,0.219359,0.227029,0.228563,-0.055636,-0.055636,-0.055636,-0.055636
62.140053,0.170272,0.167204,0.173340,0.167204,-0.103365,-0.103365,-0.103365,-0.103365
62.150055,0.170272,0.167204,0.173340,0.167204,-0.147057,-0.147057,-0.147057,-0.147057
62.160061,0.075165,0.078233,0.079767,0.073631,-0.184968,-0.184968,-0.184968,-0.184968
62.170063,0.075165,0.078233,0.079767,0.073631,-0.215586,-0.215586,-0.215586,-0.215586
62.180061,-0.027612,-0.035282,-0.026078,-0.035282,-0.237723,-0.237723,-0.237723,-0.237723
62.190060,-0.027612,-0.035282,-0.026078,-0.035282,-0.250522,-0.250522,-0.250522,-0.250522
62.200062,-0.122718,-0.141126,-0.124252,-0.142660,-0.253475,-0.253475,-0.253475,-0.253475
62.210064,-0.122718,-0.141126,-0.124252,-0.142660,-0.246469,-0.246469,-0.246469,-0.246469
62.220062,-0.200952,-0.216291,-0.200952,-0.214757,-0.229784,-0.229784,-0.229784,-0.229784
62.230064,-0.200952,-0.216291,-0.200952,-0.214757,-0.204061,-0.204061,-0.204061,-0.204061
62.240063,-0.242369,-0.254641,-0.240835,-0.254641,-0.170339,-0.170339,-0.170339,-0.170339
62.250065,-0.242369,-0.254641,-0.240835,-0.254641,-0.129928,-0.129928,-0.129928,-0.129928
62.260063,-0.246971,-0.259243,-0.243903,-0.257709,-0.084438,-0.084438,-0.084438,-0.084438
62.270061,-0.246971,-0.259243,-0.243903,-0.257709,-0.035629,-0.035629,-0.035629,-0.035629
62.280060,-0.225495,-0.239301,-0.225495,-0.236233,0.014542,0.014542,0.014542,0.014542
62.290062,-0.225495,-0.239301,-0.225495,-0.236233,0.064139,0.064139,0.064139,0.064139
62.300060,-0.162602,-0.177942,-0.167204,-0.173340,0.111165,0.111165,0.111165,0.111165
62.310062,-0.162602,-0.177942,-0.167204,-0.173340,0.153803,0.153803,0.153803,0.153803
62.320061,-0.070563,-0.085903,-0.072097,-0.073631,0.190347,0.190347,0.190347,0.190347
62.330063,-0.070563,-0.085903,-0.072097,-0.073631,0.219381,0.219381,0.219381,0.219381
62.340065,0.032214,0.030680,0.033748,0.041417,0.239737,0.239737,0.239737,0.239737
62.350060,0.032214,0.030680,0.033748,0.041417,0.250625,0.250625,0.250625,0.250625
62.360062,0.131922,0.122718,0.130388,0.134990,0.251618,0.251618,0.251618,0.251618
62.370064,0.131922,0.122718,0.130388,0.134990,0.242676,0.242676,0.242676,0.242676
62.380062,0.205553,0.194816,0.200952,0.207087,0.224153,0.224153,0.224153,0.224153
62.390064,0.205553,0.194816,0.200952,0.207087,0.196784,0.196784,0.196784,0.196784
62.400063,0.240835,0.231631,0.236233,0.242369,0.161645,0.161645,0.161645,0.161645
62.410061,0.240835,0.231631,0.236233,0.242369,0.120148,0.120148,0.120148,0.120148
62.420059,0.243903,0.233165,0.239301,0.243903,0.073916,0.073916,0.073916,0.073916
62.430065,0.243903,0.233165,0.239301,0.243903,0.024761,0.024761,0.024761,0.024761
62.440063,0.220893,0.210155,0.220893,0.217825,-0.025328,-0.025328,-0.025328,-0.025328
62.450062,0.220893,0.210155,0.220893,0.217825,-0.074398,-0.074398,-0.074398,-0.074398
62.460060,0.158000,0.148796,0.159534,0.151864,-0.120484,-0.120484,-0.120484,-0.120484
62.470062,0.158000,0.148796,0.159534,0.151864,-0.161799,-0.161799,-0.161799,-0.161799
62.480061,0.059825,0.056757,0.059825,0.056757,-0.196677,-0.196677,-0.196677,-0.196677
62.490028,0.059825,0.056757,0.059825,0.056757,-0.223667,-0.223667,-0.223667,-0.223667
62.500053,-0.046019,-0.058291,-0.044485,-0.056757,-0.241915,-0.241915,-0.241915,-0.241915
62.510056,-0.046019,-0.058291,-0.044485,-0.056757,-0.250504,-0.250504,-0.250504,-0.250504
62.520054,-0.141126,-0.158000,-0.139592,-0.158000,-0.249152,-0.249152,-0.249152,-0.249152
62.530056,-0.141126,-0.158000,-0.139592,-0.158000,-0.237912,-0.237912,-0.237912,-0.237912
62.540058,-0.210155,-0.223961,-0.208621,-0.225495,-0.217225,-0.217225,-0.217225,-0.217225
62.550056,-0.210155,-0.223961,-0.208621,-0.225495,-0.187935,-0.187935,-0.187935,-0.187935
62.560059,-0.242369,-0.256175,-0.240835,-0.254641,-0.151190,-0.151190,-0.151190,-0.151190
62.570061,-0.242369,-0.256175,-0.240835,-0.254641,-0.108441,-0.108441,-0.108441,-0.108441
62.580063,-0.243903,-0.257709,-0.240835,-0.256175,-0.061407,-0.061407,-0.061407,-0.061407
62.590057,-0.243903,-0.257709,-0.240835,-0.256175,-0.011989,-0.011989,-0.011989,-0.011989
62.600056,-0.213223,-0.223961,-0.213223,-0.222427,0.037900,0.037900,0.037900,0.037900
62.610058,-0.213223,-0.223961,-0.213223,-0.222427,0.086275,0.086275,0.086275,0.086275
62.620056,-0.142660,-0.154932,-0.145728,-0.151864,0.131178,0.131178,0.131178,0.131178
62.630058,-0.142660,-0.154932,-0.145728,-0.151864,0.170852,0.170852,0.170852,0.170852
62.640057,-0.046019,-0.055223,-0.047553,-0.044485,0.203702,0.203702,0.203702,0.203702
62.650059,-0.046019,-0.055223,-0.047553,-0.044485,0.228416,0.228416,0.228416,0.228416
62.660057,0.061359,0.056757,0.056757,0.062893,0.244017,0.244017,0.244017,0.244017
62.670059,0.061359,0.056757,0.056757,0.062893,0.249889,0.249889,0.249889,0.249889
62.680058,0.153398,0.145728,0.148796,0.158000,0.245796,0.245796,0.245796,0.245796
62.690056,0.153398,0.145728,0.148796,0.158000,0.231903,0.231903,0.231903,0.231903
62.700058,0.214757,0.205553,0.211689,0.219359,0.208763,0.208763,0.208763,0.208763
62.710056,0.214757,0.205553,0.211689,0.219359,0.177303,0.177303,0.177303,0.177303
62.720058,0.239301,0.230097,0.236233,0.240835,0.138782,0.138782,0.138782,0.138782
62.730057,0.239301,0.230097,0.236233,0.240835,0.094735,0.094735,0.094735,0.094735
62.740055,0.237767,0.228563,0.234699,0.237767,0.046932,0.046932,0.046932,0.046932
62.750057,0.237767,0.228563,0.234699,0.237767,-0.002726,-0.002726,-0.002726,-0.002726
62.760056,0.208621,0.194816,0.205553,0.202485,-0.052256,-0.052256,-0.052256,-0.052256
62.770058,0.208621,0.194816,0.205553,0.202485,-0.099674,-0.099674,-0.099674,-0.099674
62.780056,0.134990,0.122718,0.131922,0.124252,-0.143071,-0.143071,-0.143071,-0.143071
62.790054,0.134990,0.122718,0.131922,0.124252,-0.180737,-0.180737,-0.180737,-0.180737
62.800056,0.030680,0.021476,0.029146,0.024544,-0.211151,-0.211151,-0.211151,-0.211151
62.810055,0.030680,0.021476,0.029146,0.024544,-0.233095,-0.233095,-0.233095,-0.233095
62.820061,-0.073631,-0.095107,-0.076699,-0.087437,-0.245702,-0.245702,-0.245702,-0.245702
62.830063,-0.073631,-0.095107,-0.076699,-0.087437,-0.248450,-0.248450,-0.248450,-0.248450
62.840061,-0.161068,-0.182544,-0.162602,-0.176408,-0.241241,-0.241241,-0.241241,-0.241241
62.850063,-0.161068,-0.182544,-0.162602,-0.176408,-0.224365,-0.224365,-0.224365,-0.224365
62.860062,-0.220893,-0.236233,-0.219359,-0.234699,-0.198506,-0.198506,-0.198506,-0.198506
62.870064,-0.220893,-0.236233,-0.219359,-0.234699,-0.164694,-0.164694,-0.164694,-0.164694
62.880062,-0.242369,-0.256175,-0.239301,-0.254641,-0.124288,-0.124288,-0.124288,-0.124288
62.890064,-0.242369,-0.256175,-0.239301,-0.254641,-0.078919,-0.078919,-0.078919,-0.078919
62.900063,-0.237767,-0.250039,-0.236233,-0.246971,-0.030405,-0.030405,-0.030405,-0.030405
62.910061,-0.237767,-0.250039,-0.236233,-0.246971,0.019310,0.019310,0.019310,0.019310
62.920059,-0.194816,-0.205553,-0.196350,-0.202485,0.068219,0.068219,0.068219,0.068219
62.930061,-0.194816,-0.205553,-0.196350,-0.202485,0.114377,0.114377,0.114377,0.114377
62.940067,-0.115049,-0.125786,-0.121184,-0.122718,0.155925,0.155925,0.155925,0.155925
62.950062,-0.115049,-0.125786,-0.121184,-0.122718,0.191159,0.191159,0.191159,0.191159
62.960068,-0.013806,-0.015340,-0.018408,-0.006136,0.218708,0.218708,0.218708,0.218708
62.970062,-0.013806,-0.015340,-0.018408,-0.006136,0.237425,0.237425,0.237425,0.237425
62.980061,0.088971,0.087437,0.084369,0.092039,0.246591,0.246591,0.246591,0.246591
62.990063,0.088971,0.087437,0.084369,0.092039,0.245827,0.245827,0.245827,0.245827
63.000061,0.173340,0.168738,0.167204,0.174874,0.235162,0.235162,0.235162,0.235162
63.010063,0.173340,0.168738,0.167204,0.174874,0.215033,0.215033,0.215033,0.215033
63.020061,0.225495,0.217825,0.220893,0.227029,0.186245,0.186245,0.186245,0.186245
63.030064,0.225495,0.217825,0.220893,0.227029,0.149961,0.149961,0.149961,0.149961
63.040062,0.239301,0.228563,0.233165,0.237767,0.107660,0.107660,0.107660,0.107660
63.050064,0.239301,0.228563,0.233165,0.237767,0.061023,0.061023,0.061023,0.061023
63.060062,0.230097,0.219359,0.228563,0.228563,0.011956,0.011956,0.011956,0.011956
63.070061,0.230097,0.219359,0.228563,0.228563,-0.037574,-0.037574,-0.037574,-0.037574
63.080063,0.184078,0.171806,0.182544,0.177942,-0.085566,-0.085566,-0.085566,-0.085566
63.090065,0.184078,0.171806,0.182544,0.177942,-0.130081,-0.130081,-0.130081,-0.130081
63.100063,0.098175,0.088971,0.098175,0.092039,-0.169313,-0.169313,-0.169313,-0.169313
63.110062,0.098175,0.088971,0.098175,0.092039,-0.201692,-0.201692,-0.201692,-0.201692
63.120060,-0.006136,-0.018408,-0.006136,-0.009204,-0.225896,-0.225896,-0.225896,-0.225896
63.130062,-0.006136,-0.018408,-0.006136,-0.009204,-0.240965,-0.240965,-0.240965,-0.240965
63.140053,-0.111981,-0.125786,-0.105845,-0.121184,-0.246278,-0.246278,-0.246278,-0.246278
63.150059,-0.111981,-0.125786,-0.105845,-0.121184,-0.241630,-0.241630,-0.241630,-0.241630
63.160015,-0.187146,-0.202485,-0.185612,-0.199418,-0.227284,-0.227284,-0.227284,-0.227284
63.170059,-0.187146,-0.202485,-0.185612,-0.199418,-0.203586,-0.203586,-0.203586,-0.203586
63.180054,-0.233165,-0.245437,-0.231631,-0.245437,-0.171759,-0.171759,-0.171759,-0.171759
63.190056,-0.233165,-0.245437,-0.231631,-0.245437,-0.132952,-0.132952,-0.132952,-0.132952
63.200058,-0.239301,-0.253107,-0.237767,-0.251573,-0.088789,-0.088789,-0.088789,-0.088789
63.210064,-0.239301,-0.253107,-0.237767,-0.251573,-0.041023,-0.041023,-0.041023,-0.041023
63.220058,-0.222427,-0.234699,-0.222427,-0.231631,0.008327,0.008327,0.008327,0.008327
63.230061,-0.222427,-0.234699,-0.222427,-0.231631,0.057361,0.057361,0.057361,0.057361
63.240059,-0.164136,-0.176408,-0.168738,-0.173340,0.104025,0.104025,0.104025,0.104025
63.250034,-0.164136,-0.176408,-0.168738,-0.173340,0.146346,0.146346,0.146346,0.146346
63.260059,-0.075165,-0.087437,-0.076699,-0.079767,0.182905,0.182905,0.182905,0.182905
63.270061,-0.075165,-0.087437,-0.076699,-0.079767,0.211930,0.211930,0.211930,0.211930
63.280064,0.024544,0.027612,0.027612,0.033748,0.232324,0.232324,0.232324,0.232324
63.290062,0.024544,0.027612,0.027612,0.033748,0.243263,0.243263,0.243263,0.243263
63.300049,0.122718,0.119651,0.122718,0.127320,0.244318,0.244318,0.244318,0.244318
63.310059,0.122718,0.119651,0.122718,0.127320,0.235434,0.235434,0.235434,0.235434
63.320061,0.196350,0.190214,0.193282,0.199418,0.216978,0.216978,0.216978,0.216978
63.330063,0.196350,0.190214,0.193282,0.199418,0.189699,0.189699,0.189699,0.189699
63.340057,0.233165,0.223961,0.230097,0.234699,0.154743,0.154743,0.154743,0.154743
63.350063,0.233165,0.223961,0.230097,0.234699,0.113458,0.113458,0.113458,0.113458
63.360062,0.236233,0.227029,0.231631,0.236233,0.067595,0.067595,0.067595,0.067595
63.370060,0.236233,0.227029,0.231631,0.236233,0.019009,0.019009,0.019009,0.019009
63.380054,0.214757,0.202485,0.211689,0.210155,-0.030319,-0.030319,-0.030319,-0.030319
63.390064,0.214757,0.202485,0.211689,0.210155,-0.078442,-0.078442,-0.078442,-0.078442
63.400059,0.151864,0.139592,0.148796,0.142660,-0.123292,-0.123292,-0.123292,-0.123292
63.410057,0.151864,0.139592,0.148796,0.142660,-0.163104,-0.163104,-0.163104,-0.163104
63.420059,0.055223,0.044485,0.056757,0.050621,-0.196251,-0.196251,-0.196251,-0.196251
63.430058,0.055223,0.044485,0.056757,0.050621,-0.221374,-0.221374,-0.221374,-0.221374
63.440056,-0.049087,-0.070563,-0.044485,-0.059825,-0.237444,-0.237444,-0.237444,-0.237444
63.450062,-0.049087,-0.070563,-0.044485,-0.059825,-0.243815,-0.243815,-0.243815,-0.243815
63.460060,-0.142660,-0.162602,-0.136524,-0.158000,-0.240222,-0.240222,-0.240222,-0.240222
63.470055,-0.142660,-0.162602,-0.136524,-0.158000,-0.226823,-0.226823,-0.226823,-0.226823
63.480057,-0.210155,-0.223961,-0.205553,-0.223961,-0.204154,-0.204154,-0.204154,-0.204154
63.490055,-0.210155,-0.223961,-0.205553,-0.223961,-0.173152,-0.173152,-0.173152,-0.173152
63.500057,-0.237767,-0.248505,-0.236233,-0.248505,-0.135071,-0.135071,-0.135071,-0.135071
63.510056,-0.237767,-0.248505,-0.236233,-0.248505,-0.091498,-0.091498,-0.091498,-0.091498
63.520058,-0.236233,-0.246971,-0.234699,-0.246971,-0.044181,-0.044181,-0.044181,-0.044181
63.530056,-0.236233,-0.246971,-0.234699,-0.246971,0.004906,0.004906,0.004906,0.004906
63.540054,-0.199418,-0.211689,-0.200952,-0.205553,0.053761,0.053761,0.053761,0.053761
63.550056,-0.199418,-0.211689,-0.200952,-0.205553,0.100403,0.100403,0.100403,0.100403
63.560059,-0.127320,-0.138058,-0.130388,-0.131922,0.142916,0.142916,0.142916,0.142916
63.570057,-0.127320,-0.138058,-0.130388,-0.131922,0.179547,0.179547,0.179547,0.179547
63.580055,-0.027612,-0.033748,-0.027612,-0.019942,0.208790,0.208790,0.208790,0.208790
63.590057,-0.027612,-0.033748,-0.027612,-0.019942,0.229467,0.229467,0.229467,0.229467
63.600056,0.073631,0.073631,0.075165,0.082835,0.240718,0.240718,0.240718,0.240718
63.610054,0.073631,0.073631,0.075165,0.082835,0.242086,0.242086,0.242086,0.242086
63.620052,0.161068,0.156466,0.159534,0.167204,0.233520,0.233520,0.233520,0.233520
63.630051,0.161068,0.156466,0.159534,0.167204,0.215376,0.215376,0.215376,0.215376
63.640053,0.217825,0.210155,0.214757,0.220893,0.188372,0.188372,0.188372,0.188372
63.650055,0.217825,0.210155,0.214757,0.220893,0.153649,0.153649,0.153649,0.153649
63.660053,0.234699,0.225495,0.230097,0.234699,0.112636,0.112636,0.112636,0.112636
63.670055,0.234699,0.225495,0.230097,0.234699,0.067001,0.067001,0.067001,0.067001
63.680054,0.228563,0.219359,0.225495,0.227029,0.018644,0.018644,0.018644,0.018644
63.690056,0.228563,0.219359,0.225495,0.227029,-0.030474,-0.030474,-0.030474,-0.030474
63.700058,0.184078,0.173340,0.182544,0.179476,-0.078308,-0.078308,-0.078308,-0.078308
63.710056,0.184078,0.173340,0.182544,0.179476,-0.122887,-0.122887,-0.122887,-0.122887
63.720055,0.104311,0.095107,0.102777,0.096641,-0.162393,-0.162393,-0.162393,-0.162393
63.730057,0.104311,0.095107,0.102777,0.096641,-0.195192,-0.195192,-0.195192,-0.195192
63.740055,0.001534,-0.010738,0.001534,-0.003068,-0.219929,-0.219929,-0.219929,-0.219929
63.750057,0.001534,-0.010738,0.001534,-0.003068,-0.235596,-0.235596,-0.235596,-0.235596
63.760056,-0.099709,-0.119651,-0.099709,-0.115049,-0.241539,-0.241539,-0.241539,-0.241539
63.770058,-0.099709,-0.119651,-0.099709,-0.115049,-0.237520,-0.237520,-0.237520,-0.237520
63.780056,-0.177942,-0.197884,-0.177942,-0.193282,-0.223707,-0.223707,-0.223707,-0.223707
63.790054,-0.177942,-0.197884,-0.177942,-0.193282,-0.200665,-0.200665,-0.200665,-0.200665
63.800056,-0.227029,-0.240835,-0.225495,-0.239301,-0.169344,-0.169344,-0.169344,-0.169344
63.810055,-0.227029,-0.240835,-0.225495,-0.239301,-0.131063,-0.131063,-0.131063,-0.131063
63.820053,-0.234699,-0.248505,-0.233165,-0.245437,-0.087382,-0.087382,-0.087382,-0.087382
63.830055,-0.234699,-0.248505,-0.233165,-0.245437,-0.040100,-0.040100,-0.040100,-0.040100
63.840057,-0.219359,-0.230097,-0.217825,-0.228563,0.008823,0.008823,0.008823,0.008823
63.850056,-0.219359,-0.230097,-0.217825,-0.228563,0.057340,0.057340,0.057340,0.057340
63.860058,-0.162602,-0.174874,-0.165670,-0.171806,0.103469,0.103469,0.103469,0.103469
63.870060,-0.162602,-0.174874,-0.165670,-0.171806,0.145307,0.145307,0.145307,0.145307
63.880058,-0.075165,-0.085903,-0.076699,-0.079767,0.181096,0.181096,0.181096,0.181096
63.890057,-0.075165,-0.085903,-0.076699,-0.079767,0.209381,0.209381,0.209381,0.209381
63.900055,0.024544,0.027612,0.027612,0.032214,0.228980,0.228980,0.228980,0.228980
63.910065,0.024544,0.027612,0.027612,0.032214,0.239093,0.239093,0.239093,0.239093
63.920059,0.121184,0.118117,0.122718,0.125786,0.239287,0.239287,0.239287,0.239287
63.930061,0.121184,0.118117,0.122718,0.125786,0.229561,0.229561,0.229561,0.229561
63.940060,0.193282,0.187146,0.191748,0.196350,0.210334,0.210334,0.210334,0.210334
63.950062,0.193282,0.187146,0.191748,0.196350,0.182375,0.182375,0.182375,0.182375
63.960018,0.230097,0.220893,0.225495,0.231631,0.147043,0.147043,0.147043,0.147043
63.970062,0.230097,0.220893,0.225495,0.231631,0.105289,0.105289,0.105289,0.105289
63.980057,0.231631,0.222427,0.227029,0.233165,0.059388,0.059388,0.059388,0.059388
63.990059,0.231631,0.222427,0.227029,0.233165,0.011005,0.011005,0.011005,0.011005
64.000061,0.208621,0.196350,0.207087,0.204019,-0.037816,-0.037816,-0.037816,-0.037816
64.010063,0.208621,0.196350,0.207087,0.204019,-0.085034,-0.085034,-0.085034,-0.085034
64.020065,0.142660,0.130388,0.144194,0.136524,-0.128707,-0.128707,-0.128707,-0.128707
64.030060,0.142660,0.130388,0.144194,0.136524,-0.166977,-0.166977,-0.166977,-0.166977
64.040062,0.046019,0.036816,0.052155,0.042951,-0.198300,-0.198300,-0.198300,-0.198300
64.050064,0.046019,0.036816,0.052155,0.042951,-0.221373,-0.221373,-0.221373,-0.221373
64.060059,-0.056757,-0.076699,-0.056757,-0.067495,-0.235213,-0.235213,-0.235213,-0.235213
64.070061,-0.056757,-0.076699,-0.056757,-0.067495,-0.239260,-0.239260,-0.239260,-0.239260
64.080063,-0.147262,-0.165670,-0.147262,-0.161068,-0.233342,-0.233342,-0.233342,-0.233342
64.090065,-0.147262,-0.165670,-0.147262,-0.161068,-0.217712,-0.217712,-0.217712,-0.217712
64.100052,-0.210155,-0.225495,-0.208621,-0.223961,-0.193036,-0.193036,-0.193036,-0.193036
64.110062,-0.210155,-0.225495,-0.208621,-0.223961,-0.160304,-0.160304,-0.160304,-0.160304
64.120056,-0.233165,-0.246971,-0.231631,-0.243903,-0.120917,-0.120917,-0.120917,-0.120917
64.130051,-0.233165,-0.246971,-0.231631,-0.243903,-0.076550,-0.076550,-0.076550,-0.076550
64.140060,-0.230097,-0.242369,-0.228563,-0.239301,-0.028913,-0.028913,-0.028913,-0.028913
64.150063,-0.230097,-0.242369,-0.228563,-0.239301,0.019867,0.019867,0.019867,0.019867
64.160057,-0.187146,-0.200952,-0.187146,-0.196350,0.067780,0.067780,0.067780,0.067780
64.170059,-0.187146,-0.200952,-0.187146,-0.196350,0.112849,0.112849,0.112849,0.112849
64.180061,-0.113515,-0.122718,-0.111981,-0.119651,0.153179,0.153179,0.153179,0.153179
64.190063,-0.113515,-0.122718,-0.111981,-0.119651,0.187092,0.187092,0.187092,0.187092
64.200035,-0.012272,-0.016874,-0.012272,-0.006136,0.213118,0.213118,0.213118,0.213118
64.210052,-0.012272,-0.016874,-0.012272,-0.006136,0.230325,0.230325,0.230325,0.230325
64.220055,0.092039,0.084369,0.085903,0.092039,0.237850,0.237850,0.237850,0.237850
64.230057,0.092039,0.084369,0.085903,0.092039,0.235420,0.235420,0.235420,0.235420
64.240051,0.171806,0.164136,0.165670,0.170272,0.223147,0.223147,0.223147,0.223147
64.250053,0.171806,0.164136,0.165670,0.170272,0.201539,0.201539,0.201539,0.201539
64.260056,0.219359,0.211689,0.214757,0.220893,0.171504,0.171504,0.171504,0.171504
64.270058,0.219359,0.211689,0.214757,0.220893,0.134288,0.134288,0.134288,0.134288
64.280060,0.230097,0.220893,0.225495,0.231631,0.091469,0.091469,0.091469,0.091469
64.290062,0.230097,0.220893,0.225495,0.231631,0.044841,0.044841,0.044841,0.044841
64.300056,0.219359,0.208621,0.216291,0.217825,-0.003632,-0.003632,-0.003632,-0.003632
64.310059,0.219359,0.208621,0.216291,0.217825,-0.051951,-0.051951,-0.051951,-0.051951
64.320053,0.167204,0.159534,0.167204,0.162602,-0.098029,-0.098029,-0.098029,-0.098029
64.330055,0.167204,0.159534,0.167204,0.162602,-0.140029,-0.140029,-0.140029,-0.140029
64.340057,0.081301,0.070563,0.081301,0.075165,-0.176102,-0.176102,-0.176102,-0.176102
64.350060,0.081301,0.070563,0.081301,0.075165,-0.204777,-0.204777,-0.204777,-0.204777
64.360054,-0.021476,-0.039884,-0.021476,-0.032214,-0.224827,-0.224827,-0.224827,-0.224827
64.370064,-0.021476,-0.039884,-0.021476,-0.032214,-0.235440,-0.235440,-0.235440,-0.235440
64.380035,-0.118117,-0.139592,-0.118117,-0.134990,-0.236153,-0.236153,-0.236153,-0.236153
64.390060,-0.118117,-0.139592,-0.118117,-0.134990,-0.226918,-0.226918,-0.226918,-0.226918
64.400063,-0.188680,-0.207087,-0.190214,-0.204019,-0.208153,-0.208153,-0.208153,-0.208153
64.410065,-0.188680,-0.207087,-0.190214,-0.204019,-0.180648,-0.180648,-0.180648,-0.180648
64.420059,-0.228563,-0.240835,-0.225495,-0.239301,-0.145563,-0.145563,-0.145563,-0.145563
64.430061,-0.228563,-0.240835,-0.225495,-0.239301,-0.104370,-0.104370,-0.104370,-0.104370
64.440063,-0.230097,-0.242369,-0.228563,-0.240835,-0.058780,-0.058780,-0.058780,-0.058780
64.450066,-0.230097,-0.242369,-0.228563,-0.240835,-0.010746,-0.010746,-0.010746,-0.010746
64.460060,-0.205553,-0.216291,-0.204019,-0.211689,0.037717,0.037717,0.037717,0.037717
64.470062,-0.205553,-0.216291,-0.204019,-0.211689,0.084563,0.084563,0.084563,0.084563
64.480064,-0.138058,-0.150330,-0.144194,-0.145728,0.127826,0.127826,0.127826,0.127826
64.490059,-0.138058,-0.150330,-0.144194,-0.145728,0.165679,0.165679,0.165679,0.165679
64.500061,-0.046019,-0.055223,-0.050621,-0.039884,0.196537,0.196537,0.196537,0.196537
64.510063,-0.046019,-0.055223,-0.050621,-0.039884,0.219080,0.219080,0.219080,0.219080
64.520058,0.055223,0.055223,0.049087,0.065961,0.232368,0.232368,0.232368,0.232368
64.530060,0.055223,0.055223,0.049087,0.065961,0.235846,0.235846,0.235846,0.235846
64.540062,0.145728,0.142660,0.139592,0.153398,0.229361,0.229361,0.229361,0.229361
64.550056,0.145728,0.142660,0.139592,0.153398,0.213209,0.213209,0.213209,0.213209
64.560059,0.207087,0.199418,0.200952,0.208621,0.188039,0.188039,0.188039,0.188039
64.570061,0.207087,0.199418,0.200952,0.208621,0.154938,0.154938,0.154938,0.154938
64.580063,0.228563,0.219359,0.223961,0.228563,0.115295,0.115295,0.115295,0.115295
64.590065,0.228563,0.219359,0.223961,0.228563,0.070801,0.070801,0.070801,0.070801
64.600060,0.225495,0.213223,0.220893,0.222427,0.023340,0.023340,0.023340,0.023340
64.610062,0.225495,0.213223,0.220893,0.222427,-0.025102,-0.025102,-0.025102,-0.025102
64.620056,0.185612,0.174874,0.182544,0.181010,-0.072437,-0.072437,-0.072437,-0.072437
64.630058,0.185612,0.174874,0.182544,0.181010,-0.116700,-0.116700,-0.116700,-0.116700
64.640060,0.108913,0.099709,0.105845,0.104311,-0.156006,-0.156006,-0.156006,-0.156006
64.650063,0.108913,0.099709,0.105845,0.104311,-0.188666,-0.188666,-0.188666,-0.188666
64.660057,0.009204,-0.003068,0.007670,0.004602,-0.213326,-0.213326,-0.213326,-0.213326
64.670059,0.009204,-0.003068,0.007670,0.004602,-0.228934,-0.228934,-0.228934,-0.228934
64.680061,-0.090505,-0.113515,-0.093573,-0.108913,-0.234824,-0.234824,-0.234824,-0.234824
64.690063,-0.090505,-0.113515,-0.093573,-0.108913,-0.230752,-0.230752,-0.230752,-0.230752
64.700058,-0.171806,-0.191748,-0.171806,-0.187146,-0.216891,-0.216891,-0.216891,-0.216891
64.710060,-0.171806,-0.191748,-0.171806,-0.187146,-0.193826,-0.193826,-0.193826,-0.193826
64.720062,-0.220893,-0.234699,-0.217825,-0.233165,-0.162548,-0.162548,-0.162548,-0.162548
64.730057,-0.220893,-0.234699,-0.217825,-0.233165,-0.124387,-0.124387,-0.124387,-0.124387
64.740059,-0.228563,-0.240835,-0.225495,-0.239301,-0.080956,-0.080956,-0.080956,-0.080956
64.750061,-0.228563,-0.240835,-0.225495,-0.239301,-0.034096,-0.034096,-0.034096,-0.034096
64.760063,-0.211689,-0.225495,-0.211689,-0.220893,0.014180,0.014180,0.014180,0.014180
64.770042,-0.211689,-0.225495,-0.211689,-0.220893,0.061771,0.061771,0.061771,0.061771
64.780052,-0.154932,-0.168738,-0.158000,-0.165670,0.106814,0.106814,0.106814,0.106814
64.790054,-0.154932,-0.168738,-0.158000,-0.165670,0.147262,0.147262,0.147262,0.147262
64.800056,-0.069029,-0.079767,-0.069029,-0.070563,0.181409,0.181409,0.181409,0.181409
64.810059,-0.069029,-0.079767,-0.069029,-0.070563,0.207834,0.207834,0.207834,0.207834
64.820061,0.030680,0.033748,0.032214,0.038350,0.225394,0.225394,0.225394,0.225394
64.830055,0.030680,0.033748,0.032214,0.038350,0.233334,0.233334,0.233334,0.233334
64.840057,0.124252,0.121184,0.124252,0.128854,0.231335,0.231335,0.231335,0.231335
64.850052,0.124252,0.121184,0.124252,0.128854,0.219476,0.219476,0.219476,0.219476
64.860054,0.193282,0.187146,0.190214,0.196350,0.198270,0.198270,0.198270,0.198270
64.870056,0.193282,0.187146,0.190214,0.196350,0.168602,0.168602,0.168602,0.168602
64.880058,0.223961,0.216291,0.220893,0.227029,0.131774,0.131774,0.131774,0.131774
64.890053,0.223961,0.216291,0.220893,0.227029,0.089334,0.089334,0.089334,0.089334
64.900055,0.223961,0.214757,0.220893,0.225495,0.043102,0.043102,0.043102,0.043102
64.910057,0.223961,0.214757,0.220893,0.225495,-0.004984,-0.004984,-0.004984,-0.004984
64.920059,0.196350,0.184078,0.193282,0.191748,-0.052785,-0.052785,-0.052785,-0.052785
64.930061,0.196350,0.184078,0.193282,0.191748,-0.098345,-0.098345,-0.098345,-0.098345
64.940056,0.125786,0.116583,0.125786,0.119651,-0.139647,-0.139647,-0.139647,-0.139647
64.950058,0.125786,0.116583,0.125786,0.119651,-0.174989,-0.174989,-0.174989,-0.174989
64.960052,0.027612,0.019942,0.030680,0.023010,-0.202804,-0.202804,-0.202804,-0.202804
64.970055,0.027612,0.019942,0.030680,0.023010,-0.221959,-0.221959,-0.221959,-0.221959
64.980057,-0.072097,-0.093573,-0.072097,-0.085903,-0.231595,-0.231595,-0.231595,-0.231595
64.990059,-0.072097,-0.093573,-0.072097,-0.085903,-0.231315,-0.231315,-0.231315,-0.231315
65.000053,-0.156466,-0.177942,-0.154932,-0.171806,-0.221132,-0.221132,-0.221132,-0.221132
65.010056,-0.156466,-0.177942,-0.154932,-0.171806,-0.201482,-0.201482,-0.201482,-0.201482
65.020058,-0.211689,-0.227029,-0.208621,-0.225495,-0.173208,-0.173208,-0.173208,-0.173208
65.030060,-0.211689,-0.227029,-0.208621,-0.225495,-0.137514,-0.137514,-0.137514,-0.137514
65.040062,-0.225495,-0.239301,-0.222427,-0.237767,-0.095945,-0.095945,-0.095945,-0.095945
65.050056,-0.225495,-0.239301,-0.222427,-0.237767,-0.050300,-0.050300,-0.050300,-0.050300
65.060051,-0.217825,-0.230097,-0.217825,-0.225495,-0.002528,-0.002528,-0.002528,-0.002528
65.070053,-0.217825,-0.230097,-0.217825,-0.225495,0.045365,0.045365,0.045365,0.045365
65.080055,-0.167204,-0.182544,-0.171806,-0.176408,0.091270,0.091270,0.091270,0.091270
65.090057,-0.167204,-0.182544,-0.171806,-0.176408,0.133254,0.133254,0.133254,0.133254
65.100060,-0.084369,-0.101243,-0.084369,-0.092039,0.169482,0.169482,0.169482,0.169482
65.110054,-0.084369,-0.101243,-0.084369,-0.092039,0.198416,0.198416,0.198416,0.198416
65.120056,0.015340,0.009204,0.013806,0.019942,0.218809,0.218809,0.218809,0.218809
65.130058,0.015340,0.009204,0.013806,0.019942,0.229789,0.229789,0.229789,0.229789
65.140060,0.110447,0.102777,0.108913,0.113515,0.230883,0.230883,0.230883,0.230883
65.150055,0.110447,0.102777,0.108913,0.113515,0.222045,0.222045,0.222045,0.222045
65.160049,0.182544,0.173340,0.181010,0.185612,0.203677,0.203677,0.203677,0.203677
65.170059,0.182544,0.173340,0.181010,0.185612,0.176516,0.176516,0.176516,0.176516
65.180054,0.220893,0.210155,0.216291,0.220893,0.141796,0.141796,0.141796,0.141796
65.190056,0.220893,0.210155,0.216291,0.220893,0.100984,0.100984,0.100984,0.100984
65.200058,0.223961,0.213223,0.219359,0.223961,0.055824,0.055824,0.055824,0.055824
65.210060,0.223961,0.213223,0.219359,0.223961,0.008286,0.008286,0.008286,0.008286
65.220055,0.197884,0.191748,0.197884,0.196350,-0.039573,-0.039573,-0.039573,-0.039573
65.230064,0.197884,0.191748,0.197884,0.196350,-0.085743,-0.085743,-0.085743,-0.085743
65.240051,0.133456,0.131922,0.134990,0.131922,-0.128124,-0.128124,-0.128124,-0.128124
65.250061,0.133456,0.131922,0.134990,0.131922,-0.165031,-0.165031,-0.165031,-0.165031
65.260056,0.039884,0.039884,0.042951,0.039884,-0.194746,-0.194746,-0.194746,-0.194746
65.270058,0.039884,0.039884,0.042951,0.039884,-0.216082,-0.216082,-0.216082,-0.216082
65.280052,-0.056757,-0.073631,-0.058291,-0.070563,-0.228054,-0.228054,-0.228054,-0.228054
65.290062,-0.056757,-0.073631,-0.058291,-0.070563,-0.230176,-0.230176,-0.230176,-0.230176
65.300034,-0.144194,-0.161068,-0.145728,-0.162602,-0.222385,-0.222385,-0.222385,-0.222385
65.310066,-0.144194,-0.161068,-0.145728,-0.162602,-0.204911,-0.204911,-0.204911,-0.204911
65.320053,-0.204019,-0.219359,-0.204019,-0.220893,-0.178656,-0.178656,-0.178656,-0.178656
65.330048,-0.204019,-0.219359,-0.204019,-0.220893,-0.144678,-0.144678,-0.144678,-0.144678
65.340050,-0.225495,-0.237767,-0.222427,-0.236233,-0.104448,-0.104448,-0.104448,-0.104448
65.350067,-0.225495,-0.237767,-0.222427,-0.236233,-0.059652,-0.059652,-0.059652,-0.059652
65.360054,-0.219359,-0.233165,-0.217825,-0.228563,-0.012411,-0.012411,-0.012411,-0.012411
65.370064,-0.219359,-0.233165,-0.217825,-0.228563,0.035455,0.035455,0.035455,0.035455
65.380058,-0.173340,-0.190214,-0.174874,-0.182544,0.081696,0.081696,0.081696,0.081696
65.390045,-0.173340,-0.190214,-0.174874,-0.182544,0.124348,0.124348,0.124348,0.124348
65.400055,-0.095107,-0.110447,-0.093573,-0.101243,0.161665,0.161665,0.161665,0.161665
65.410057,-0.095107,-0.110447,-0.093573,-0.101243,0.191934,0.191934,0.191934,0.191934
65.420059,0.004602,-0.003068,0.003068,0.009204,0.213856,0.213856,0.213856,0.213856
65.430061,0.004602,-0.003068,0.003068,0.009204,0.226499,0.226499,0.226499,0.226499
65.440056,0.101243,0.092039,0.099709,0.102777,0.229307,0.229307,0.229307,0.229307
65.450058,0.101243,0.092039,0.099709,0.102777,0.222162,0.222162,0.222162,0.222162
65.460052,0.174874,0.168738,0.171806,0.177942,0.205381,0.205381,0.205381,0.205381
65.470055,0.174874,0.168738,0.171806,0.177942,0.179679,0.179679,0.179679,0.179679
65.480057,0.217825,0.208621,0.213223,0.217825,0.146200,0.146200,0.146200,0.146200
65.490051,0.217825,0.208621,0.213223,0.217825,0.106372,0.106372,0.106372,0.106372
65.500061,0.222427,0.211689,0.216291,0.222427,0.061927,0.061927,0.061927,0.061927
65.510056,0.222427,0.211689,0.216291,0.222427,0.014822,0.014822,0.014822,0.014822
65.520058,0.200952,0.193282,0.200952,0.197884,-0.032895,-0.032895,-0.032895,-0.032895
65.530052,0.200952,0.193282,0.200952,0.197884,-0.079173,-0.079173,-0.079173,-0.079173
65.540054,0.142660,0.136524,0.142660,0.136524,-0.121982,-0.121982,-0.121982,-0.121982
65.550056,0.142660,0.136524,0.142660,0.136524,-0.159463,-0.159463,-0.159463,-0.159463
65.560051,0.049087,0.046019,0.053689,0.047553,-0.189974,-0.189974,-0.189974,-0.189974
65.570053,0.049087,0.046019,0.053689,0.047553,-0.212210,-0.212210,-0.212210,-0.212210
65.580055,-0.052155,-0.065961,-0.047553,-0.059825,-0.225186,-0.225186,-0.225186,-0.225186
65.590057,-0.052155,-0.065961,-0.047553,-0.059825,-0.228341,-0.228341,-0.228341,-0.228341
65.600060,-0.138058,-0.154932,-0.136524,-0.154932,-0.221538,-0.221538,-0.221538,-0.221538
65.610054,-0.138058,-0.154932,-0.136524,-0.154932,-0.205078,-0.205078,-0.205078,-0.205078
65.620056,-0.200952,-0.214757,-0.199418,-0.214757,-0.179685,-0.179685,-0.179685,-0.179685
65.630058,-0.200952,-0.214757,-0.199418,-0.214757,-0.146458,-0.146458,-0.146458,-0.146458
65.640060,-0.223961,-0.236233,-0.219359,-0.234699,-0.106846,-0.106846,-0.106846,-0.106846
65.650055,-0.223961,-0.236233,-0.219359,-0.234699,-0.062599,-0.062599,-0.062599,-0.062599
65.660049,-0.219359,-0.231631,-0.216291,-0.228563,-0.015656,-0.015656,-0.015656,-0.015656
65.670059,-0.219359,-0.231631,-0.216291,-0.228563,0.031993,0.031993,0.031993,0.031993
65.680054,-0.174874,-0.190214,-0.176408,-0.187146,0.078194,0.078194,0.078194,0.078194
65.690056,-0.174874,-0.190214,-0.176408,-0.187146,0.120951,0.120951,0.120951,0.120951
65.700058,-0.090505,-0.113515,-0.098175,-0.107379,0.158429,0.158429,0.158429,0.158429
65.710052,-0.090505,-0.113515,-0.098175,-0.107379,0.188938,0.188938,0.188938,0.188938
65.720055,0.003068,-0.009204,0.000000,0.006136,0.211172,0.211172,0.211172,0.211172
65.730057,0.003068,-0.009204,0.000000,0.006136,0.224152,0.224152,0.224152,0.224152
65.740059,0.095107,0.088971,0.095107,0.099709,0.227316,0.227316,0.227316,0.227316
65.750061,0.095107,0.088971,0.095107,0.099709,0.220521,0.220521,0.220521,0.220521
65.760056,0.170272,0.165670,0.170272,0.174874,0.204080,0.204080,0.204080,0.204080
65.770058,0.170272,0.165670,0.170272,0.174874,0.178683,0.178683,0.178683,0.178683
65.780052,0.214757,0.205553,0.210155,0.216291,0.145490,0.145490,0.145490,0.145490
65.790054,0.214757,0.205553,0.210155,0.216291,0.105916,0.105916,0.105916,0.105916
65.800056,0.220893,0.210155,0.214757,0.219359,0.061721,0.061721,0.061721,0.061721
65.810059,0.220893,0.210155,0.214757,0.219359,0.014830,0.014830,0.014830,0.014830
65.820061,0.200952,0.191748,0.197884,0.197884,-0.032682,-0.032682,-0.032682,-0.032682
65.830055,0.200952,0.191748,0.197884,0.197884,-0.078733,-0.078733,-0.078733,-0.078733
65.840057,0.142660,0.136524,0.139592,0.136524,-0.121316,-0.121316,-0.121316,-0.121316
65.850060,0.142660,0.136524,0.139592,0.136524,-0.158552,-0.158552,-0.158552,-0.158552
65.860054,0.050621,0.046019,0.049087,0.046019,-0.188790,-0.188790,-0.188790,-0.188790
65.870056,0.050621,0.046019,0.049087,0.046019,-0.210734,-0.210734,-0.210734,-0.210734
65.880058,-0.050621,-0.065961,-0.050621,-0.061359,-0.223399,-0.223399,-0.223399,-0.223399
65.890030,-0.050621,-0.065961,-0.050621,-0.061359,-0.226240,-0.226240,-0.226240,-0.226240
65.900055,-0.139592,-0.156466,-0.138058,-0.156466,-0.219115,-0.219115,-0.219115,-0.219115
65.910057,-0.139592,-0.156466,-0.138058,-0.156466,-0.202363,-0.202363,-0.202363,-0.202363
65.920059,-0.200952,-0.214757,-0.197884,-0.213223,-0.176703,-0.176703,-0.176703,-0.176703
65.930054,-0.200952,-0.214757,-0.197884,-0.213223,-0.143281,-0.143281,-0.143281,-0.143281
65.940056,-0.220893,-0.233165,-0.217825,-0.233165,-0.103569,-0.103569,-0.103569,-0.103569
65.950058,-0.220893,-0.233165,-0.217825,-0.233165,-0.059300,-0.059300,-0.059300,-0.059300
65.960060,-0.216291,-0.228563,-0.213223,-0.225495,-0.012437,-0.012437,-0.012437,-0.012437
65.970055,-0.216291,-0.228563,-0.213223,-0.225495,0.034943,0.034943,0.034943,0.034943
65.980064,-0.170272,-0.187146,-0.173340,-0.182544,0.080797,0.080797,0.080797,0.080797
65.990067,-0.170272,-0.187146,-0.173340,-0.182544,0.123024,0.123024,0.123024,0.123024
66.000061,-0.093573,-0.110447,-0.095107,-0.104311,0.159795,0.159795,0.159795,0.159795
66.010063,-0.093573,-0.110447,-0.095107,-0.104311,0.189536,0.189536,0.189536,0.189536
66.020050,0.001534,-0.004602,0.001534,0.009204,0.210857,0.210857,0.210857,0.210857
66.030060,0.001534,-0.004602,0.001534,0.009204,0.222888,0.222888,0.222888,0.222888
66.040062,0.096641,0.092039,0.096641,0.104311,0.225060,0.225060,0.225060,0.225060
66.050064,0.096641,0.092039,0.096641,0.104311,0.217284,0.217284,0.217284,0.217284
66.060059,0.171806,0.167204,0.170272,0.179476,0.199912,0.199912,0.199912,0.199912
66.070061,0.171806,0.167204,0.170272,0.179476,0.173705,0.173705,0.173705,0.173705
66.080048,0.213223,0.204019,0.208621,0.216291,0.139876,0.139876,0.139876,0.139876
66.090057,0.213223,0.204019,0.208621,0.216291,0.099812,0.099812,0.099812,0.099812
66.100060,0.217825,0.208621,0.211689,0.217825,0.055362,0.055362,0.055362,0.055362
66.110062,0.217825,0.208621,0.211689,0.217825,0.008480,0.008480,0.008480,0.008480
66.120056,0.196350,0.187146,0.196350,0.190214,-0.038738,-0.038738,-0.038738,-0.038738
66.130051,0.196350,0.187146,0.196350,0.190214,-0.084214,-0.084214,-0.084214,-0.084214
66.140060,0.136524,0.130388,0.139592,0.125786,-0.125967,-0.125967,-0.125967,-0.125967
66.150055,0.136524,0.130388,0.139592,0.125786,-0.162101,-0.162101,-0.162101,-0.162101
66.160057,0.042951,0.039884,0.044485,0.039884,-0.191041,-0.191041,-0.191041,-0.191041
66.170059,0.042951,0.039884,0.044485,0.039884,-0.211492,-0.211492,-0.211492,-0.211492
66.180061,-0.058291,-0.073631,-0.058291,-0.069029,-0.222552,-0.222552,-0.222552,-0.222552
66.190056,-0.058291,-0.073631,-0.058291,-0.069029,-0.223732,-0.223732,-0.223732,-0.223732
66.200058,-0.145728,-0.159534,-0.144194,-0.158000,-0.214983,-0.214983,-0.214983,-0.214983
66.210060,-0.145728,-0.159534,-0.144194,-0.158000,-0.196690,-0.196690,-0.196690,-0.196690
66.220062,-0.202485,-0.214757,-0.199418,-0.213223,-0.169671,-0.169671,-0.169671,-0.169671
66.230057,-0.202485,-0.214757,-0.199418,-0.213223,-0.135145,-0.135145,-0.135145,-0.135145
66.240059,-0.217825,-0.231631,-0.214757,-0.230097,-0.094609,-0.094609,-0.094609,-0.094609
66.250053,-0.217825,-0.231631,-0.214757,-0.230097,-0.049899,-0.049899,-0.049899,-0.049899
66.260056,-0.211689,-0.225495,-0.210155,-0.220893,-0.002980,-0.002980,-0.002980,-0.002980
66.270065,-0.211689,-0.225495,-0.210155,-0.220893,0.044068,0.044068,0.044068,0.044068
66.280060,-0.165670,-0.181010,-0.167204,-0.174874,0.089094,0.089094,0.089094,0.089094
66.290054,-0.165670,-0.181010,-0.167204,-0.174874,0.130148,0.130148,0.130148,0.130148
66.300056,-0.084369,-0.101243,-0.085903,-0.092039,0.165396,0.165396,0.165396,0.165396
66.310059,-0.084369,-0.101243,-0.085903,-0.092039,0.193270,0.193270,0.193270,0.193270
66.320053,0.012272,0.007670,0.012272,0.016874,0.212515,0.212515,0.212515,0.212515
66.330055,0.012272,0.007670,0.012272,0.016874,0.222289,0.222289,0.222289,0.222289
66.340057,0.105845,0.099709,0.105845,0.108913,0.222150,0.222150,0.222150,0.222150
66.350060,0.105845,0.099709,0.105845,0.108913,0.212109,0.212109,0.212109,0.212109
66.360054,0.176408,0.170272,0.173340,0.179476,0.192611,0.192611,0.192611,0.192611
66.370056,0.176408,0.170272,0.173340,0.179476,0.164531,0.164531,0.164531,0.164531
66.380058,0.213223,0.204019,0.207087,0.214757,0.129125,0.129125,0.129125,0.129125
66.390053,0.213223,0.204019,0.207087,0.214757,0.087977,0.087977,0.087977,0.087977
66.400070,0.216291,0.205553,0.208621,0.214757,0.042856,0.042856,0.042856,0.042856
66.410057,0.216291,0.205553,0.208621,0.214757,-0.004071,-0.004071,-0.004071,-0.004071
66.420059,0.190214,0.181010,0.188680,0.185612,-0.050831,-0.050831,-0.050831,-0.050831
66.430061,0.190214,0.181010,0.188680,0.185612,-0.095296,-0.095296,-0.095296,-0.095296
66.440063,0.125786,0.119651,0.122718,0.119651,-0.135477,-0.135477,-0.135477,-0.135477
66.450066,0.125786,0.119651,0.122718,0.119651,-0.169596,-0.169596,-0.169596,-0.169596
66.460060,0.029146,0.026078,0.029146,0.024544,-0.196101,-0.196101,-0.196101,-0.196101
66.470062,0.029146,0.026078,0.029146,0.024544,-0.213828,-0.213828,-0.213828,-0.213828
66.480057,-0.069029,-0.085903,-0.070563,-0.082835,-0.221975,-0.221975,-0.221975,-0.221975
66.490059,-0.069029,-0.085903,-0.070563,-0.082835,-0.220187,-0.220187,-0.220187,-0.220187
66.500061,-0.151864,-0.168738,-0.151864,-0.167204,-0.208539,-0.208539,-0.208539,-0.208539
66.510063,-0.151864,-0.168738,-0.151864,-0.167204,-0.187546,-0.187546,-0.187546,-0.187546
66.520058,-0.204019,-0.217825,-0.202485,-0.216291,-0.158176,-0.158176,-0.158176,-0.158176
66.530060,-0.204019,-0.217825,-0.202485,-0.216291,-0.121730,-0.121730,-0.121730,-0.121730
66.540062,-0.216291,-0.228563,-0.213223,-0.228563,-0.079809,-0.079809,-0.079809,-0.079809
66.550064,-0.216291,-0.228563,-0.213223,-0.228563,-0.034350,-0.034350,-0.034350,-0.034350
66.560059,-0.205553,-0.219359,-0.202485,-0.214757,0.012614,0.012614,0.012614,0.012614
66.570061,-0.205553,-0.219359,-0.202485,-0.214757,0.059010,0.059010,0.059010,0.059010
66.580055,-0.153398,-0.168738,-0.153398,-0.162602,0.102692,0.102692,0.102692,0.102692
66.590065,-0.153398,-0.168738,-0.153398,-0.162602,0.141816,0.141816,0.141816,0.141816
66.600052,-0.069029,-0.084369,-0.070563,-0.072097,0.174484,0.174484,0.174484,0.174484
66.610062,-0.069029,-0.084369,-0.070563,-0.072097,0.199361,0.199361,0.199361,0.199361
66.620064,0.030680,0.026078,0.023010,0.033748,0.215244,0.215244,0.215244,0.215244
66.630058,0.030680,0.026078,0.023010,0.033748,0.221440,0.221440,0.221440,0.221440
66.640053,0.119651,0.111981,0.113515,0.121184,0.217683,0.217683,0.217683,0.217683
66.650063,0.119651,0.111981,0.113515,0.121184,0.204128,0.204128,0.204128,0.204128
66.660057,0.184078,0.174874,0.179476,0.187146,0.181410,0.181410,0.181410,0.181410
66.670059,0.184078,0.174874,0.179476,0.187146,0.150519,0.150519,0.150519,0.150519
66.680054,0.214757,0.204019,0.208621,0.213223,0.112906,0.112906,0.112906,0.112906
66.690063,0.214757,0.204019,0.208621,0.213223,0.070164,0.070164,0.070164,0.070164
66.700058,0.211689,0.202485,0.208621,0.211689,0.024319,0.024319,0.024319,0.024319
66.710060,0.211689,0.202485,0.208621,0.211689,-0.022617,-0.022617,-0.022617,-0.022617
66.720055,0.177942,0.170272,0.176408,0.174874,-0.068478,-0.068478,-0.068478,-0.068478
66.730057,0.177942,0.170272,0.176408,0.174874,-0.111242,-0.111242,-0.111242,-0.111242
66.740059,0.105845,0.102777,0.105845,0.102777,-0.149009,-0.149009,-0.149009,-0.149009
66.750046,0.105845,0.102777,0.105845,0.102777,-0.179966,-0.179966,-0.179966,-0.179966
66.760056,0.010738,0.001534,0.009204,0.006136,-0.202867,-0.202867,-0.202867,-0.202867
66.770050,0.010738,0.001534,0.009204,0.006136,-0.216572,-0.216572,-0.216572,-0.216572
66.780052,-0.085903,-0.104311,-0.087437,-0.101243,-0.220495,-0.220495,-0.220495,-0.220495
66.790054,-0.085903,-0.104311,-0.087437,-0.101243,-0.214456,-0.214456,-0.214456,-0.214456
66.800056,-0.164136,-0.181010,-0.162602,-0.179476,-0.198734,-0.198734,-0.198734,-0.198734
66.810059,-0.164136,-0.181010,-0.162602,-0.179476,-0.174029,-0.174029,-0.174029,-0.174029
66.820053,-0.210155,-0.222427,-0.207087,-0.222427,-0.141475,-0.141475,-0.141475,-0.141475
66.830055,-0.210155,-0.222427,-0.207087,-0.222427,-0.102543,-0.102543,-0.102543,-0.102543
66.840050,-0.214757,-0.227029,-0.211689,-0.227029,-0.058998,-0.058998,-0.058998,-0.058998
66.850060,-0.214757,-0.227029,-0.211689,-0.227029,-0.012780,-0.012780,-0.012780,-0.012780
66.860062,-0.196350,-0.208621,-0.194816,-0.202485,0.034012,0.034012,0.034012,0.034012
66.870056,-0.196350,-0.208621,-0.194816,-0.202485,0.079196,0.079196,0.079196,0.079196
66.880058,-0.136524,-0.151864,-0.139592,-0.142660,0.120784,0.120784,0.120784,0.120784
66.890053,-0.136524,-0.151864,-0.139592,-0.142660,0.156895,0.156895,0.156895,0.156895
66.900055,-0.047553,-0.061359,-0.049087,-0.039884,0.185876,0.185876,0.185876,0.185876
66.910057,-0.047553,-0.061359,-0.049087,-0.039884,0.206429,0.206429,0.206429,0.206429
66.920059,0.050621,0.046019,0.049087,0.061359,0.217607,0.217607,0.217607,0.217607
66.930054,0.050621,0.046019,0.049087,0.061359,0.218915,0.218915,0.218915,0.218915
66.940056,0.138058,0.128854,0.134990,0.139592,0.210292,0.210292,0.210292,0.210292
66.950058,0.138058,0.128854,0.134990,0.139592,0.192129,0.192129,0.192129,0.192129
66.960052,0.194816,0.184078,0.191748,0.196350,0.165266,0.165266,0.165266,0.165266
66.970055,0.194816,0.184078,0.191748,0.196350,0.130896,0.130896,0.130896,0.130896
66.980057,0.213223,0.202485,0.207087,0.211689,0.090595,0.090595,0.090595,0.090595
66.990059,0.213223,0.202485,0.207087,0.211689,0.046201,0.046201,0.046201,0.046201
67.000053,0.207087,0.196350,0.204019,0.204019,-0.000263,-0.000263,-0.000263,-0.000263
67.010056,0.207087,0.196350,0.204019,0.204019,-0.046702,-0.046702,-0.046702,-0.046702
67.020050,0.162602,0.154932,0.161068,0.156466,-0.090983,-0.090983,-0.090983,-0.090983
67.030052,0.162602,0.154932,0.161068,0.156466,-0.131128,-0.131128,-0.131128,-0.131128
67.040054,0.084369,0.078233,0.081301,0.076699,-0.165286,-0.165286,-0.165286,-0.165286
67.050056,0.084369,0.078233,0.081301,0.076699,-0.191900,-0.191900,-0.191900,-0.191900
67.060059,-0.016874,-0.024544,-0.015340,-0.023010,-0.209770,-0.209770,-0.209770,-0.209770
67.070053,-0.016874,-0.024544,-0.015340,-0.023010,-0.218080,-0.218080,-0.218080,-0.218080
67.080055,-0.110447,-0.127320,-0.107379,-0.125786,-0.216453,-0.216453,-0.216453,-0.216453
67.090057,-0.110447,-0.127320,-0.107379,-0.125786,-0.204966,-0.204966,-0.204966,-0.204966
67.100060,-0.177942,-0.193282,-0.176408,-0.193282,-0.184137,-0.184137,-0.184137,-0.184137
67.110054,-0.177942,-0.193282,-0.176408,-0.193282,-0.154930,-0.154930,-0.154930,-0.154930
67.120056,-0.211689,-0.223961,-0.208621,-0.223961,-0.118678,-0.118678,-0.118678,-0.118678
67.130058,-0.211689,-0.223961,-0.208621,-0.223961,-0.077013,-0.077013,-0.077013,-0.077013
67.140060,-0.211689,-0.225495,-0.210155,-0.223961,-0.031855,-0.031855,-0.031855,-0.031855
67.150055,-0.211689,-0.225495,-0.210155,-0.223961,0.014738,0.014738,0.014738,0.014738
67.160057,-0.176408,-0.194816,-0.182544,-0.190214,0.060627,0.060627,0.060627,0.060627
67.170059,-0.176408,-0.194816,-0.182544,-0.190214,0.103741,0.103741,0.103741,0.103741
67.180054,-0.108913,-0.127320,-0.118117,-0.121184,0.142081,0.142081,0.142081,0.142081
67.190056,-0.108913,-0.127320,-0.118117,-0.121184,0.173917,0.173917,0.173917,0.173917
67.200058,-0.018408,-0.027612,-0.024544,-0.010738,0.197802,0.197802,0.197802,0.197802
67.210060,-0.018408,-0.027612,-0.024544,-0.010738,0.212618,0.212618,0.212618,0.212618
67.220047,0.076699,0.070563,0.073631,0.082835,0.217707,0.217707,0.217707,0.217707
67.230057,0.076699,0.070563,0.073631,0.082835,0.212838,0.212838,0.212838,0.212838
67.240059,0.154932,0.148796,0.151864,0.159534,0.198226,0.198226,0.198226,0.198226
67.250061,0.154932,0.148796,0.151864,0.159534,0.174537,0.174537,0.174537,0.174537
67.260056,0.200952,0.191748,0.196350,0.204019,0.142905,0.142905,0.142905,0.142905
67.270050,0.200952,0.191748,0.196350,0.204019,0.104730,0.104730,0.104730,0.104730
67.280052,0.208621,0.199418,0.204019,0.208621,0.061774,0.061774,0.061774,0.061774
67.290054,0.208621,0.199418,0.204019,0.208621,0.015982,0.015982,0.015982,0.015982
67.300056,0.193282,0.185612,0.191748,0.191748,-0.030538,-0.030538,-0.030538,-0.030538
67.310066,0.193282,0.185612,0.191748,0.191748,-0.075637,-0.075637,-0.075637,-0.075637
67.320061,0.141126,0.134990,0.139592,0.133456,-0.117190,-0.117190,-0.117190,-0.117190
67.330063,0.141126,0.134990,0.139592,0.133456,-0.153394,-0.153394,-0.153394,-0.153394
67.340057,0.052155,0.047553,0.050621,0.047553,-0.182496,-0.182496,-0.182496,-0.182496
67.350060,0.052155,0.047553,0.050621,0.047553,-0.203241,-0.203241,-0.203241,-0.203241
67.360062,-0.047553,-0.062893,-0.047553,-0.056757,-0.214645,-0.214645,-0.214645,-0.214645
67.370064,-0.047553,-0.062893,-0.047553,-0.056757,-0.216176,-0.216176,-0.216176,-0.216176
67.380058,-0.133456,-0.150330,-0.133456,-0.148796,-0.207775,-0.207775,-0.207775,-0.207775
67.390060,-0.133456,-0.150330,-0.133456,-0.148796,-0.189825,-0.189825,-0.189825,-0.189825
67.400063,-0.193282,-0.205553,-0.190214,-0.207087,-0.163157,-0.163157,-0.163157,-0.163157
67.410057,-0.193282,-0.205553,-0.190214,-0.207087,-0.128999,-0.128999,-0.128999,-0.128999
67.420059,-0.211689,-0.223961,-0.207087,-0.223961,-0.088915,-0.088915,-0.088915,-0.088915
67.430061,-0.211689,-0.223961,-0.207087,-0.223961,-0.044775,-0.044775,-0.044775,-0.044775
67.440056,-0.204019,-0.216291,-0.202485,-0.214757,0.001417,0.001417,0.001417,0.001417
67.450058,-0.204019,-0.216291,-0.202485,-0.214757,0.047528,0.047528,0.047528,0.047528
67.460060,-0.158000,-0.170272,-0.161068,-0.167204,0.091432,0.091432,0.091432,0.091432
67.470062,-0.158000,-0.170272,-0.161068,-0.167204,0.131102,0.131102,0.131102,0.131102
67.480057,-0.079767,-0.090505,-0.079767,-0.082835,0.164702,0.164702,0.164702,0.164702
67.490059,-0.079767,-0.090505,-0.079767,-0.082835,0.190704,0.190704,0.190704,0.190704
67.500061,0.015340,0.015340,0.016874,0.021476,0.207904,0.207904,0.207904,0.207904
67.510063,0.015340,0.015340,0.016874,0.021476,0.215502,0.215502,0.215502,0.215502
67.520058,0.107379,0.102777,0.107379,0.110447,0.213157,0.213157,0.213157,0.213157
67.530060,0.107379,0.102777,0.107379,0.110447,0.200981,0.200981,0.200981,0.200981
67.540062,0.176408,0.170272,0.173340,0.177942,0.179521,0.179521,0.179521,0.179521
67.550064,0.176408,0.170272,0.173340,0.177942,0.149785,0.149785,0.149785,0.149785
67.560059,0.208621,0.199418,0.202485,0.207087,0.113154,0.113154,0.113154,0.113154
67.570061,0.208621,0.199418,0.202485,0.207087,0.071299,0.071299,0.071299,0.071299
67.580055,0.208621,0.197884,0.202485,0.205553,0.026187,0.026187,0.026187,0.026187
67.590065,0.208621,0.197884,0.202485,0.205553,-0.020152,-0.020152,-0.020152,-0.020152
67.600060,0.177942,0.167204,0.174874,0.170272,-0.065505,-0.065505,-0.065505,-0.065505
67.610062,0.177942,0.167204,0.174874,0.170272,-0.107821,-0.107821,-0.107821,-0.107821
67.620056,0.108913,0.098175,0.105845,0.096641,-0.145131,-0.145131,-0.145131,-0.145131
67.630058,0.108913,0.098175,0.105845,0.096641,-0.175706,-0.175706,-0.175706,-0.175706
67.640060,0.013806,0.000000,0.010738,0.009204,-0.198137,-0.198137,-0.198137,-0.198137
67.650063,0.013806,0.000000,0.010738,0.009204,-0.211374,-0.211374,-0.211374,-0.211374
67.660065,-0.087437,-0.104311,-0.084369,-0.096641,-0.214817,-0.214817,-0.214817,-0.214817
67.670059,-0.087437,-0.104311,-0.084369,-0.096641,-0.208303,-0.208303,-0.208303,-0.208303
67.680061,-0.162602,-0.179476,-0.158000,-0.173340,-0.192145,-0.192145,-0.192145,-0.192145
67.690063,-0.162602,-0.179476,-0.158000,-0.173340,-0.167062,-0.167062,-0.167062,-0.167062
67.700058,-0.204019,-0.217825,-0.199418,-0.214757,-0.134269,-0.134269,-0.134269,-0.134269
67.710060,-0.204019,-0.217825,-0.199418,-0.214757,-0.095252,-0.095252,-0.095252,-0.095252
67.720062,-0.208621,-0.222427,-0.205553,-0.220893,-0.051832,-0.051832,-0.051832,-0.051832
67.730057,-0.208621,-0.222427,-0.205553,-0.220893,-0.006024,-0.006024,-0.006024,-0.006024
67.740059,-0.187146,-0.199418,-0.188680,-0.197884,0.040047,0.040047,0.040047,0.040047
67.750061,-0.187146,-0.199418,-0.188680,-0.197884,0.084235,0.084235,0.084235,0.084235
67.760056,-0.128854,-0.139592,-0.133456,-0.139592,0.124470,0.124470,0.124470,0.124470
67.770058,-0.128854,-0.139592,-0.133456,-0.139592,0.158919,0.158919,0.158919,0.158919
67.780060,-0.039884,-0.049087,-0.044485,-0.038350,0.185979,0.185979,0.185979,0.185979
67.790054,-0.039884,-0.049087,-0.044485,-0.038350,0.204370,0.204370,0.204370,0.204370
67.800056,0.056757,0.055223,0.055223,0.062893,0.213249,0.213249,0.213249,0.213249
67.810059,0.056757,0.055223,0.055223,0.062893,0.212202,0.212202,0.212202,0.212202
67.820053,0.139592,0.134990,0.136524,0.144194,0.201287,0.201287,0.201287,0.201287
67.830055,0.139592,0.134990,0.136524,0.144194,0.180999,0.180999,0.180999,0.180999
67.840057,0.193282,0.185612,0.188680,0.194816,0.152293,0.152293,0.152293,0.152293
67.850060,0.193282,0.185612,0.188680,0.194816,0.116484,0.116484,0.116484,0.116484
67.860054,0.207087,0.197884,0.202485,0.205553,0.075306,0.075306,0.075306,0.075306
67.870056,0.207087,0.197884,0.202485,0.205553,0.030615,0.030615,0.030615,0.030615
67.880058,0.196350,0.185612,0.194816,0.193282,-0.015497,-0.015497,-0.015497,-0.015497
67.890053,0.196350,0.185612,0.194816,0.193282,-0.060846,-0.060846,-0.060846,-0.060846
67.900055,0.150330,0.139592,0.147262,0.144194,-0.103347,-0.103347,-0.103347,-0.103347
67.910057,0.150330,0.139592,0.147262,0.144194,-0.141000,-0.141000,-0.141000,-0.141000
67.920059,0.064427,0.056757,0.065961,0.062893,-0.172061,-0.172061,-0.172061,-0.172061
67.930054,0.064427,0.056757,0.065961,0.062893,-0.195072,-0.195072,-0.195072,-0.195072
67.940056,-0.033748,-0.049087,-0.032214,-0.039884,-0.208965,-0.208965,-0.208965,-0.208965
67.950050,-0.033748,-0.049087,-0.032214,-0.039884,-0.213092,-0.213092,-0.213092,-0.213092
67.960052,-0.121184,-0.141126,-0.119651,-0.136524,-0.207259,-0.207259,-0.207259,-0.207259
67.970024,-0.121184,-0.141126,-0.119651,-0.136524,-0.191800,-0.191800,-0.191800,-0.191800
67.980064,-0.182544,-0.199418,-0.182544,-0.196350,-0.167246,-0.167246,-0.167246,-0.167246
67.990067,-0.182544,-0.199418,-0.182544,-0.196350,-0.134946,-0.134946,-0.134946,-0.134946
68.000061,-0.207087,-0.220893,-0.204019,-0.219359,-0.096364,-0.096364,-0.096364,-0.096364
68.010063,-0.207087,-0.220893,-0.204019,-0.219359,-0.053261,-0.053261,-0.053261,-0.053261
68.020058,-0.204019,-0.217825,-0.202485,-0.214757,-0.007736,-0.007736,-0.007736,-0.007736
68.030060,-0.204019,-0.217825,-0.202485,-0.214757,0.038175,0.038175,0.038175,0.038175
68.040054,-0.162602,-0.176408,-0.164136,-0.171806,0.082257,0.082257,0.082257,0.082257
68.050064,-0.162602,-0.176408,-0.164136,-0.171806,0.122499,0.122499,0.122499,0.122499
68.060066,-0.085903,-0.098175,-0.087437,-0.095107,0.156958,0.156958,0.156958,0.156958
68.070061,-0.085903,-0.098175,-0.087437,-0.095107,0.184046,0.184046,0.184046,0.184046
68.080040,0.006136,0.007670,0.007670,0.012272,0.202455,0.202455,0.202455,0.202455
68.090034,0.006136,0.007670,0.007670,0.012272,0.211420,0.211420,0.211420,0.211420
68.100060,0.096641,0.095107,0.096641,0.102777,0.210447,0.210447,0.210447,0.210447
68.110062,0.096641,0.095107,0.096641,0.102777,0.199589,0.199589,0.199589,0.199589
68.120064,0.168738,0.162602,0.165670,0.171806,0.179353,0.179353,0.179353,0.179353
68.130058,0.168738,0.162602,0.165670,0.171806,0.150734,0.150734,0.150734,0.150734
68.140060,0.204019,0.193282,0.197884,0.202485,0.115015,0.115015,0.115015,0.115015
68.150063,0.204019,0.193282,0.197884,0.202485,0.073926,0.073926,0.073926,0.073926
68.160057,0.205553,0.193282,0.199418,0.202485,0.029388,0.029388,0.029388,0.029388
68.170059,0.205553,0.193282,0.199418,0.202485,-0.016534,-0.016534,-0.016534,-0.016534
68.180061,0.173340,0.167204,0.173340,0.171806,-0.061642,-0.061642,-0.061642,-0.061642
68.190063,0.173340,0.167204,0.173340,0.171806,-0.103839,-0.103839,-0.103839,-0.103839
68.200058,0.108913,0.101243,0.107379,0.104311,-0.141129,-0.141129,-0.141129,-0.141129
68.210068,0.108913,0.101243,0.107379,0.104311,-0.171770,-0.171770,-0.171770,-0.171770
68.220062,0.016874,0.006136,0.019942,0.013806,-0.194299,-0.194299,-0.194299,-0.194299
68.230057,0.016874,0.006136,0.019942,0.013806,-0.207666,-0.207666,-0.207666,-0.207666
68.240059,-0.076699,-0.099709,-0.073631,-0.093573,-0.211251,-0.211251,-0.211251,-0.211251
68.250061,-0.076699,-0.099709,-0.073631,-0.093573,-0.204884,-0.204884,-0.204884,-0.204884
68.260010,-0.154932,-0.174874,-0.151864,-0.170272,-0.188959,-0.188959,-0.188959,-0.188959
68.270058,-0.154932,-0.174874,-0.151864,-0.170272,-0.163945,-0.163945,-0.163945,-0.163945
68.280060,-0.200952,-0.214757,-0.196350,-0.211689,-0.131304,-0.131304,-0.131304,-0.131304
68.290054,-0.200952,-0.214757,-0.196350,-0.211689,-0.092482,-0.092482,-0.092482,-0.092482
68.300056,-0.207087,-0.219359,-0.202485,-0.216291,-0.049315,-0.049315,-0.049315,-0.049315
68.310059,-0.207087,-0.219359,-0.202485,-0.216291,-0.003838,-0.003838,-0.003838,-0.003838
68.320061,-0.184078,-0.197884,-0.185612,-0.191748,0.041800,0.041800,0.041800,0.041800
68.330055,-0.184078,-0.197884,-0.185612,-0.191748,0.085435,0.085435,0.085435,0.085435
68.340057,-0.125786,-0.138058,-0.125786,-0.130388,0.125033,0.125033,0.125033,0.125033
68.350060,-0.125786,-0.138058,-0.125786,-0.130388,0.158695,0.158695,0.158695,0.158695
68.360054,-0.038350,-0.046019,-0.036816,-0.030680,0.184838,0.184838,0.184838,0.184838
68.370056,-0.038350,-0.046019,-0.036816,-0.030680,0.202235,0.202235,0.202235,0.202235
68.380058,0.056757,0.056757,0.058291,0.065961,0.210058,0.210058,0.210058,0.210058
68.390053,0.056757,0.056757,0.058291,0.065961,0.207941,0.207941,0.207941,0.207941
68.400055,0.141126,0.134990,0.136524,0.145728,0.195987,0.195987,0.195987,0.195987
68.410057,0.141126,0.134990,0.136524,0.145728,0.174757,0.174757,0.174757,0.174757
68.420059,0.191748,0.182544,0.185612,0.193282,0.145252,0.145252,0.145252,0.145252
68.430054,0.191748,0.182544,0.185612,0.193282,0.108901,0.108901,0.108901,0.108901
68.440048,0.200952,0.193282,0.196350,0.202485,0.067413,0.067413,0.067413,0.067413
68.450058,0.200952,0.193282,0.196350,0.202485,0.022699,0.022699,0.022699,0.022699
68.460052,0.191748,0.179476,0.188680,0.188680,-0.023022,-0.023022,-0.023022,-0.023022
68.470062,0.191748,0.179476,0.188680,0.188680,-0.067663,-0.067663,-0.067663,-0.067663
68.480064,0.142660,0.131922,0.141126,0.138058,-0.109076,-0.109076,-0.109076,-0.109076
68.490067,0.142660,0.131922,0.141126,0.138058,-0.145280,-0.145280,-0.145280,-0.145280
68.500061,0.056757,0.049087,0.056757,0.055223,-0.174560,-0.174560,-0.174560,-0.174560
68.510056,0.056757,0.049087,0.056757,0.055223,-0.195548,-0.195548,-0.195548,-0.195548
68.520058,-0.039884,-0.058291,-0.039884,-0.046019,-0.207256,-0.207256,-0.207256,-0.207256
68.530052,-0.039884,-0.058291,-0.039884,-0.046019,-0.209108,-0.209108,-0.209108,-0.209108
68.540054,-0.125786,-0.144194,-0.122718,-0.141126,-0.201027,-0.201027,-0.201027,-0.201027
68.550064,-0.125786,-0.144194,-0.122718,-0.141126,-0.183379,-0.183379,-0.183379,-0.183379
68.560059,-0.182544,-0.199418,-0.182544,-0.197884,-0.157028,-0.157028,-0.157028,-0.157028
68.570068,-0.182544,-0.199418,-0.182544,-0.197884,-0.123207,-0.123207,-0.123207,-0.123207
68.580055,-0.204019,-0.219359,-0.202485,-0.216291,-0.083600,-0.083600,-0.083600,-0.083600
68.590065,-0.204019,-0.219359,-0.202485,-0.216291,-0.039952,-0.039952,-0.039952,-0.039952
68.600060,-0.197884,-0.213223,-0.196350,-0.207087,0.005520,0.005520,0.005520,0.005520
68.610062,-0.197884,-0.213223,-0.196350,-0.207087,0.050759,0.050759,0.050759,0.050759
68.620049,-0.151864,-0.168738,-0.153398,-0.162602,0.093484,0.093484,0.093484,0.093484
68.630051,-0.151864,-0.168738,-0.153398,-0.162602,0.131793,0.131793,0.131793,0.131793
68.640053,-0.073631,-0.090505,-0.075165,-0.079767,0.163813,0.163813,0.163813,0.163813
68.650063,-0.073631,-0.090505,-0.075165,-0.079767,0.188006,0.188006,0.188006,0.188006
68.660057,0.026078,0.015340,0.019942,0.024544,0.203208,0.203208,0.203208,0.203208
68.670059,0.026078,0.015340,0.019942,0.024544,0.208723,0.208723,0.208723,0.208723
68.680054,0.113515,0.101243,0.107379,0.111981,0.204277,0.204277,0.204277,0.204277
68.690063,0.113515,0.101243,0.107379,0.111981,0.190076,0.190076,0.190076,0.190076
68.700058,0.174874,0.165670,0.170272,0.176408,0.166826,0.166826,0.166826,0.166826
68.710052,0.174874,0.165670,0.170272,0.176408,0.135612,0.135612,0.135612,0.135612
68.720055,0.199418,0.191748,0.197884,0.200952,0.097936,0.097936,0.097936,0.097936
68.730057,0.199418,0.191748,0.197884,0.200952,0.055586,0.055586,0.055586,0.055586
68.740059,0.197884,0.188680,0.196350,0.197884,0.010610,0.010610,0.010610,0.010610
68.750053,0.197884,0.188680,0.196350,0.197884,-0.034849,-0.034849,-0.034849,-0.034849
68.760063,0.165670,0.156466,0.164136,0.159534,-0.078647,-0.078647,-0.078647,-0.078647
68.770058,0.165670,0.156466,0.164136,0.159534,-0.118628,-0.118628,-0.118628,-0.118628
68.780052,0.092039,0.085903,0.093573,0.087437,-0.152929,-0.152929,-0.152929,-0.152929
68.790039,0.092039,0.085903,0.093573,0.087437,-0.179867,-0.179867,-0.179867,-0.179867
68.800049,-0.004602,-0.012272,0.001534,-0.006136,-0.198253,-0.198253,-0.198253,-0.198253
68.810043,-0.004602,-0.012272,0.001534,-0.006136,-0.207106,-0.207106,-0.207106,-0.207106
68.820053,-0.096641,-0.113515,-0.090505,-0.110447,-0.206040,-0.206040,-0.206040,-0.206040
68.830055,-0.096641,-0.113515,-0.090505,-0.110447,-0.195097,-0.195097,-0.195097,-0.195097
68.840050,-0.165670,-0.182544,-0.161068,-0.179476,-0.174810,-0.174810,-0.174810,-0.174810
68.850060,-0.165670,-0.182544,-0.161068,-0.179476,-0.146133,-0.146133,-0.146133,-0.146133
68.860062,-0.200952,-0.214757,-0.197884,-0.211689,-0.110460,-0.110460,-0.110460,-0.110460
68.870064,-0.200952,-0.214757,-0.197884,-0.211689,-0.069524,-0.069524,-0.069524,-0.069524
68.880058,-0.200952,-0.216291,-0.199418,-0.213223,-0.025261,-0.025261,-0.025261,-0.025261
68.890060,-0.200952,-0.216291,-0.199418,-0.213223,0.020194,0.020194,0.020194,0.020194
68.900063,-0.170272,-0.187146,-0.171806,-0.181010,0.064655,0.064655,0.064655,0.064655
68.910065,-0.170272,-0.187146,-0.171806,-0.181010,0.105999,0.105999,0.105999,0.105999
68.920059,-0.104311,-0.121184,-0.104311,-0.113515,0.142229,0.142229,0.142229,0.142229
68.930054,-0.104311,-0.121184,-0.104311,-0.113515,0.171598,0.171598,0.171598,0.171598
68.940063,-0.012272,-0.021476,-0.012272,-0.006136,0.192732,0.192732,0.192732,0.192732
68.950058,-0.012272,-0.021476,-0.012272,-0.006136,0.204576,0.204576,0.204576,0.204576
68.960060,0.081301,0.075165,0.081301,0.084369,0.206585,0.206585,0.206585,0.206585
68.970062,0.081301,0.075165,0.081301,0.084369,0.198651,0.198651,0.198651,0.198651
68.980064,0.154932,0.147262,0.153398,0.156466,0.181161,0.181161,0.181161,0.181161
68.990059,0.154932,0.147262,0.153398,0.156466,0.154965,0.154965,0.154965,0.154965
69.000061,0.194816,0.185612,0.190214,0.194816,0.121315,0.121315,0.121315,0.121315
69.010063,0.194816,0.185612,0.190214,0.194816,0.081829,0.081829,0.081829,0.081829
69.020042,0.199418,0.188680,0.194816,0.197884,0.038519,0.038519,0.038519,0.038519
69.030052,0.199418,0.188680,0.194816,0.197884,-0.006768,-0.006768,-0.006768,-0.006768
69.040054,0.177942,0.170272,0.176408,0.174874,-0.051653,-0.051653,-0.051653,-0.051653
69.050056,0.177942,0.170272,0.176408,0.174874,-0.094033,-0.094033,-0.094033,-0.094033
69.060051,0.118117,0.111981,0.115049,0.113515,-0.131857,-0.131857,-0.131857,-0.131857
69.070053,0.118117,0.111981,0.115049,0.113515,-0.163302,-0.163302,-0.163302,-0.163302
69.080055,0.026078,0.023010,0.027612,0.021476,-0.186860,-0.186860,-0.186860,-0.186860
69.090057,0.026078,0.023010,0.027612,0.021476,-0.201394,-0.201394,-0.201394,-0.201394
69.100052,-0.070563,-0.085903,-0.069029,-0.084369,-0.206187,-0.206187,-0.206187,-0.206187
69.110054,-0.070563,-0.085903,-0.069029,-0.084369,-0.201023,-0.201023,-0.201023,-0.201023
69.120056,-0.145728,-0.162602,-0.145728,-0.164136,-0.186154,-0.186154,-0.186154,-0.186154
69.130058,-0.145728,-0.162602,-0.145728,-0.164136,-0.162287,-0.162287,-0.162287,-0.162287
69.140060,-0.193282,-0.207087,-0.190214,-0.207087,-0.130588,-0.130588,-0.130588,-0.130588
69.150055,-0.193282,-0.207087,-0.190214,-0.207087,-0.092588,-0.092588,-0.092588,-0.092588
69.160065,-0.199418,-0.214757,-0.196350,-0.211689,-0.050116,-0.050116,-0.050116,-0.050116
69.170059,-0.199418,-0.214757,-0.196350,-0.211689,-0.005269,-0.005269,-0.005269,-0.005269
69.180054,-0.177942,-0.196350,-0.181010,-0.191748,0.039824,0.039824,0.039824,0.039824
69.190056,-0.177942,-0.196350,-0.181010,-0.191748,0.082986,0.082986,0.082986,0.082986
69.200058,-0.121184,-0.141126,-0.125786,-0.136524,0.122109,0.122109,0.122109,0.122109
69.210060,-0.121184,-0.141126,-0.125786,-0.136524,0.155292,0.155292,0.155292,0.155292
69.220055,-0.035282,-0.052155,-0.038350,-0.038350,0.180940,0.180940,0.180940,0.180940
69.230057,-0.035282,-0.052155,-0.038350,-0.038350,0.197810,0.197810,0.197810,0.197810
69.240059,0.055223,0.049087,0.055223,0.058291,0.205085,0.205085,0.205085,0.205085
69.250053,0.055223,0.049087,0.055223,0.058291,0.202413,0.202413,0.202413,0.202413
69.260056,0.136524,0.128854,0.134990,0.139592,0.189927,0.189927,0.189927,0.189927
69.270058,0.136524,0.128854,0.134990,0.139592,0.168229,0.168229,0.168229,0.168229
69.280052,0.185612,0.177942,0.181010,0.188680,0.138402,0.138402,0.138402,0.138402
69.290054,0.185612,0.177942,0.181010,0.188680,0.101839,0.101839,0.101839,0.101839
69.300056,0.196350,0.187146,0.191748,0.196350,0.060347,0.060347,0.060347,0.060347
69.310059,0.196350,0.187146,0.191748,0.196350,0.015942,0.015942,0.015942,0.015942
69.320053,0.185612,0.174874,0.184078,0.182544,-0.029195,-0.029195,-0.029195,-0.029195
69.330055,0.185612,0.174874,0.184078,0.182544,-0.072917,-0.072917,-0.072917,-0.072917
69.340057,0.136524,0.128854,0.136524,0.131922,-0.113058,-0.113058,-0.113058,-0.113058
69.350060,0.136524,0.128854,0.136524,0.131922,-0.147702,-0.147702,-0.147702,-0.147702
69.360054,0.050621,0.047553,0.055223,0.049087,-0.175126,-0.175126,-0.175126,-0.175126
69.370056,0.050621,0.047553,0.055223,0.049087,-0.194038,-0.194038,-0.194038,-0.194038
69.380051,-0.046019,-0.058291,-0.041417,-0.052155,-0.203492,-0.203492,-0.203492,-0.203492
69.390060,-0.046019,-0.058291,-0.041417,-0.052155,-0.203036,-0.203036,-0.203036,-0.203036
69.400055,-0.130388,-0.145728,-0.130388,-0.142660,-0.192695,-0.192695,-0.192695,-0.192695
69.410057,-0.130388,-0.145728,-0.130388,-0.142660,-0.172965,-0.172965,-0.172965,-0.172965
69.420059,-0.184078,-0.199418,-0.181010,-0.196350,-0.144825,-0.144825,-0.144825,-0.144825
69.430054,-0.184078,-0.199418,-0.181010,-0.196350,-0.109643,-0.109643,-0.109643,-0.109643
69.440056,-0.199418,-0.213223,-0.194816,-0.210155,-0.069133,-0.069133,-0.069133,-0.069133
69.450050,-0.199418,-0.213223,-0.194816,-0.210155,-0.025270,-0.025270,-0.025270,-0.025270
69.460052,-0.187146,-0.204019,-0.187146,-0.199418,0.019815,0.019815,0.019815,0.019815
69.470055,-0.187146,-0.204019,-0.187146,-0.199418,0.063929,0.063929,0.063929,0.063929
69.480057,-0.141126,-0.156466,-0.142660,-0.150330,0.104883,0.104883,0.104883,0.104883
69.490059,-0.141126,-0.156466,-0.142660,-0.150330,0.140702,0.140702,0.140702,0.140702
69.500053,-0.058291,-0.076699,-0.061359,-0.061359,0.169641,0.169641,0.169641,0.169641
69.510056,-0.058291,-0.076699,-0.061359,-0.061359,0.190274,0.190274,0.190274,0.190274
69.520058,0.035282,0.030680,0.032214,0.039884,0.201607,0.201607,0.201607,0.201607
69.530060,0.035282,0.030680,0.032214,0.039884,0.203081,0.203081,0.203081,0.203081
69.540054,0.119651,0.111981,0.118117,0.121184,0.194626,0.194626,0.194626,0.194626
69.550056,0.119651,0.111981,0.118117,0.121184,0.176654,0.176654,0.176654,0.176654
69.560051,0.177942,0.170272,0.174874,0.179476,0.150064,0.150064,0.150064,0.150064
69.570053,0.177942,0.170272,0.174874,0.179476,0.116128,0.116128,0.116128,0.116128
69.580055,0.196350,0.187146,0.191748,0.194816,0.076533,0.076533,0.076533,0.076533
69.590042,0.196350,0.187146,0.191748,0.194816,0.033274,0.033274,0.033274,0.033274
69.600060,0.190214,0.181010,0.188680,0.188680,-0.011767,-0.011767,-0.011767,-0.011767
69.610062,0.190214,0.181010,0.188680,0.188680,-0.056105,-0.056105,-0.056105,-0.056105
69.620056,0.148796,0.141126,0.145728,0.142660,-0.097674,-0.097674,-0.097674,-0.097674
69.630058,0.148796,0.141126,0.145728,0.142660,-0.134450,-0.134450,-0.134450,-0.134450
69.640060,0.067495,0.062893,0.067495,0.064427,-0.164611,-0.164611,-0.164611,-0.164611
69.650063,0.067495,0.062893,0.067495,0.064427,-0.186690,-0.186690,-0.186690,-0.186690
69.660057,-0.026078,-0.042951,-0.026078,-0.032214,-0.199596,-0.199596,-0.199596,-0.199596
69.670059,-0.026078,-0.042951,-0.026078,-0.032214,-0.202710,-0.202710,-0.202710,-0.202710
69.680054,-0.113515,-0.130388,-0.111981,-0.127320,-0.195882,-0.195882,-0.195882,-0.195882
69.690063,-0.113515,-0.130388,-0.111981,-0.127320,-0.179414,-0.179414,-0.179414,-0.179414
69.700058,-0.174874,-0.191748,-0.173340,-0.187146,-0.154174,-0.154174,-0.154174,-0.154174
69.710060,-0.174874,-0.191748,-0.173340,-0.187146,-0.121346,-0.121346,-0.121346,-0.121346
69.720062,-0.197884,-0.213223,-0.194816,-0.210155,-0.082594,-0.082594,-0.082594,-0.082594
69.730064,-0.197884,-0.213223,-0.194816,-0.210155,-0.039772,-0.039772,-0.039772,-0.039772
69.740059,-0.188680,-0.205553,-0.190214,-0.200952,0.004950,0.004950,0.004950,0.004950
69.750061,-0.188680,-0.205553,-0.190214,-0.200952,0.049458,0.049458,0.049458,0.049458
69.760056,-0.147262,-0.164136,-0.151864,-0.158000,0.091467,0.091467,0.091467,0.091467
69.770058,-0.147262,-0.164136,-0.151864,-0.158000,0.128977,0.128977,0.128977,0.128977
69.780060,-0.073631,-0.085903,-0.073631,-0.079767,0.160134,0.160134,0.160134,0.160134
69.790047,-0.073631,-0.085903,-0.073631,-0.079767,0.183354,0.183354,0.183354,0.183354
69.800056,0.019942,0.021476,0.016874,0.024544,0.197590,0.197590,0.197590,0.197590
69.810066,0.019942,0.021476,0.016874,0.024544,0.202063,0.202063,0.202063,0.202063
69.820061,0.107379,0.104311,0.099709,0.110447,0.196578,0.196578,0.196578,0.196578
69.830063,0.107379,0.104311,0.099709,0.110447,0.181397,0.181397,0.181397,0.181397
69.840057,0.170272,0.164136,0.162602,0.173340,0.157295,0.157295,0.157295,0.157295
69.850060,0.170272,0.164136,0.162602,0.173340,0.125424,0.125424,0.125424,0.125424
69.860069,0.194816,0.185612,0.188680,0.194816,0.087378,0.087378,0.087378,0.087378
69.870064,0.194816,0.185612,0.188680,0.194816,0.045062,0.045062,0.045062,0.045062
69.880058,0.191748,0.182544,0.187146,0.188680,0.000535,0.000535,0.000535,0.000535
69.890060,0.191748,0.182544,0.187146,0.188680,-0.044007,-0.044007,-0.044007,-0.044007
69.900063,0.154932,0.144194,0.156466,0.150330,-0.086349,-0.086349,-0.086349,-0.086349
69.910057,0.154932,0.144194,0.156466,0.150330,-0.124420,-0.124420,-0.124420,-0.124420
69.920059,0.081301,0.070563,0.079767,0.075165,-0.156318,-0.156318,-0.156318,-0.156318
69.930061,0.081301,0.070563,0.079767,0.075165,-0.180490,-0.180490,-0.180490,-0.180490
69.940063,-0.013806,-0.027612,-0.015340,-0.018408,-0.195713,-0.195713,-0.195713,-0.195713
69.950066,-0.013806,-0.027612,-0.015340,-0.018408,-0.201258,-0.201258,-0.201258,-0.201258
69.960060,-0.104311,-0.124252,-0.102777,-0.116583,-0.196844,-0.196844,-0.196844,-0.196844
69.970062,-0.104311,-0.124252,-0.102777,-0.116583,-0.182694,-0.182694,-0.182694,-0.182694
69.980064,-0.167204,-0.185612,-0.165670,-0.179476,-0.159497,-0.159497,-0.159497,-0.159497
69.990059,-0.167204,-0.185612,-0.165670,-0.179476,-0.128427,-0.128427,-0.128427,-0.128427
70.000061,-0.194816,-0.210155,-0.191748,-0.207087,-0.091005,-0.091005,-0.091005,-0.091005
70.010056,-0.194816,-0.210155,-0.191748,-0.207087,-0.049100,-0.049100,-0.049100,-0.049100
70.020065,-0.193282,-0.208621,-0.190214,-0.204019,-0.004758,-0.004758,-0.004758,-0.004758
70.030060,-0.193282,-0.208621,-0.190214,-0.204019,0.039782,0.039782,0.039782,0.039782
70.040062,-0.154932,-0.167204,-0.158000,-0.164136,0.082348,0.082348,0.082348,0.082348
70.050064,-0.154932,-0.167204,-0.158000,-0.164136,0.120796,0.120796,0.120796,0.120796
70.060059,-0.084369,-0.095107,-0.085903,-0.092039,0.153237,0.153237,0.153237,0.153237
70.070061,-0.084369,-0.095107,-0.085903,-0.092039,0.178063,0.178063,0.178063,0.178063
70.080063,0.007670,0.006136,0.007670,0.012272,0.194046,0.194046,0.194046,0.194046
70.090065,0.007670,0.006136,0.007670,0.012272,0.200383,0.200383,0.200383,0.200383
70.100067,0.098175,0.093573,0.096641,0.099709,0.196765,0.196765,0.196765,0.196765
70.110062,0.098175,0.093573,0.096641,0.099709,0.183379,0.183379,0.183379,0.183379
70.120064,0.164136,0.158000,0.161068,0.165670,0.160883,0.160883,0.160883,0.160883
70.130066,0.164136,0.158000,0.161068,0.165670,0.130393,0.130393,0.130393,0.130393
70.140060,0.193282,0.184078,0.187146,0.193282,0.093467,0.093467,0.093467,0.093467
70.150063,0.193282,0.184078,0.187146,0.193282,0.051863,0.051863,0.051863,0.051863
70.160065,0.190214,0.182544,0.187146,0.190214,0.007710,0.007710,0.007710,0.007710
70.170059,0.190214,0.182544,0.187146,0.190214,-0.036795,-0.036795,-0.036795,-0.036795
70.180061,0.158000,0.148796,0.156466,0.154932,-0.079455,-0.079455,-0.079455,-0.079455
70.190063,0.158000,0.148796,0.156466,0.154932,-0.118141,-0.118141,-0.118141,-0.118141
70.200058,0.082835,0.076699,0.088971,0.084369,-0.150920,-0.150920,-0.150920,-0.150920
70.210068,0.082835,0.076699,0.088971,0.084369,-0.176192,-0.176192,-0.176192,-0.176192
70.220024,-0.009204,-0.018408,-0.003068,-0.009204,-0.192611,-0.192611,-0.192611,-0.192611
70.230064,-0.009204,-0.018408,-0.003068,-0.009204,-0.199507,-0.199507,-0.199507,-0.199507
70.240059,-0.096641,-0.116583,-0.095107,-0.110447,-0.196417,-0.196417,-0.196417,-0.196417
70.250061,-0.096641,-0.116583,-0.095107,-0.110447,-0.183526,-0.183526,-0.183526,-0.183526
70.260056,-0.162602,-0.181010,-0.162602,-0.176408,-0.161507,-0.161507,-0.161507,-0.161507
70.270058,-0.162602,-0.181010,-0.162602,-0.176408,-0.131406,-0.131406,-0.131406,-0.131406
70.280052,-0.193282,-0.208621,-0.191748,-0.205553,-0.094806,-0.094806,-0.094806,-0.094806
70.290062,-0.193282,-0.208621,-0.191748,-0.205553,-0.053427,-0.053427,-0.053427,-0.053427
70.300064,-0.193282,-0.207087,-0.190214,-0.204019,-0.009430,-0.009430,-0.009430,-0.009430
70.310059,-0.193282,-0.207087,-0.190214,-0.204019,0.035025,0.035025,0.035025,0.035025
70.320061,-0.156466,-0.170272,-0.158000,-0.165670,0.077702,0.077702,0.077702,0.077702
70.330063,-0.156466,-0.170272,-0.158000,-0.165670,0.116483,0.116483,0.116483,0.116483
70.340057,-0.087437,-0.099709,-0.088971,-0.095107,0.149411,0.149411,0.149411,0.149411
70.350060,-0.087437,-0.099709,-0.088971,-0.095107,0.174876,0.174876,0.174876,0.174876
70.360062,0.004602,0.000000,0.000000,0.007670,0.191571,0.191571,0.191571,0.191571
70.370064,0.004602,0.000000,0.000000,0.007670,0.198673,0.198673,0.198673,0.198673
70.380058,0.092039,0.088971,0.085903,0.093573,0.195829,0.195829,0.195829,0.195829
70.390060,0.092039,0.088971,0.085903,0.093573,0.183181,0.183181,0.183181,0.183181
70.400063,0.159534,0.156466,0.153398,0.161068,0.161360,0.161360,0.161360,0.161360
70.410057,0.159534,0.156466,0.153398,0.161068,0.131473,0.131473,0.131473,0.131473
70.420059,0.190214,0.182544,0.185612,0.190214,0.095011,0.095011,0.095011,0.095011
70.430061,0.190214,0.182544,0.185612,0.190214,0.053795,0.053795,0.053795,0.053795
70.440063,0.190214,0.181010,0.185612,0.188680,0.009896,0.009896,0.009896,0.009896
70.450058,0.190214,0.181010,0.185612,0.188680,-0.034468,-0.034468,-0.034468,-0.034468
70.460060,0.159534,0.148796,0.156466,0.154932,-0.077093,-0.077093,-0.077093,-0.077093
70.470062,0.159534,0.148796,0.156466,0.154932,-0.115835,-0.115835,-0.115835,-0.115835
70.480057,0.088971,0.079767,0.090505,0.085903,-0.148729,-0.148729,-0.148729,-0.148729
70.490067,0.088971,0.079767,0.090505,0.085903,-0.174162,-0.174162,-0.174162,-0.174162
70.500061,-0.003068,-0.015340,-0.003068,-0.006136,-0.190828,-0.190828,-0.190828,-0.190828
70.510063,-0.003068,-0.015340,-0.003068,-0.006136,-0.197901,-0.197901,-0.197901,-0.197901
70.520058,-0.095107,-0.113515,-0.093573,-0.110447,-0.195029,-0.195029,-0.195029,-0.195029
70.530060,-0.095107,-0.113515,-0.093573,-0.110447,-0.182365,-0.182365,-0.182365,-0.182365
70.540054,-0.161068,-0.179476,-0.159534,-0.174874,-0.160532,-0.160532,-0.160532,-0.160532
70.550056,-0.161068,-0.179476,-0.159534,-0.174874,-0.130640,-0.130640,-0.130640,-0.130640
70.560059,-0.191748,-0.207087,-0.190214,-0.202485,-0.094181,-0.094181,-0.094181,-0.094181
70.570061,-0.191748,-0.207087,-0.190214,-0.202485,-0.052999,-0.052999,-0.052999,-0.052999
70.580055,-0.191748,-0.205553,-0.188680,-0.200952,-0.009178,-0.009178,-0.009178,-0.009178
70.590057,-0.191748,-0.205553,-0.188680,-0.200952,0.035099,0.035099,0.035099,0.035099
70.600029,-0.156466,-0.171806,-0.158000,-0.164136,0.077478,0.077478,0.077478,0.077478
70.610054,-0.156466,-0.171806,-0.158000,-0.164136,0.116133,0.116133,0.116133,0.116133
70.620056,-0.087437,-0.104311,-0.088971,-0.088971,0.148827,0.148827,0.148827,0.148827
70.630058,-0.087437,-0.104311,-0.088971,-0.088971,0.174006,0.174006,0.174006,0.174006
70.640053,0.003068,-0.003068,0.004602,0.013806,0.190400,0.190400,0.190400,0.190400
70.650055,0.003068,-0.003068,0.004602,0.013806,0.197187,0.197187,0.197187,0.197187
70.660057,0.093573,0.085903,0.092039,0.099709,0.194020,0.194020,0.194020,0.194020
70.670059,0.093573,0.085903,0.092039,0.099709,0.181065,0.181065,0.181065,0.181065
70.680054,0.164136,0.151864,0.154932,0.162602,0.158978,0.158978,0.158978,0.158978
70.690056,0.164136,0.151864,0.154932,0.162602,0.128871,0.128871,0.128871,0.128871
70.700058,0.190214,0.181010,0.182544,0.190214,0.092273,0.092273,0.092273,0.092273
70.710060,0.190214,0.181010,0.182544,0.190214,0.051030,0.051030,0.051030,0.051030
70.720055,0.188680,0.181010,0.182544,0.187146,0.007225,0.007225,0.007225,0.007225
70.730057,0.188680,0.181010,0.182544,0.187146,-0.036937,-0.036937,-0.036937,-0.036937
70.740051,0.156466,0.150330,0.154932,0.151864,-0.079187,-0.079187,-0.079187,-0.079187
70.750053,0.156466,0.150330,0.154932,0.151864,-0.117442,-0.117442,-0.117442,-0.117442
70.760056,0.087437,0.082835,0.085903,0.082835,-0.149736,-0.149736,-0.149736,-0.149736
70.770058,0.087437,0.082835,0.085903,0.082835,-0.174428,-0.174428,-0.174428,-0.174428
70.780052,-0.006136,-0.013806,-0.006136,-0.009204,-0.190288,-0.190288,-0.190288,-0.190288
70.790054,-0.006136,-0.013806,-0.006136,-0.009204,-0.196509,-0.196509,-0.196509,-0.196509
70.800056,-0.096641,-0.111981,-0.096641,-0.110447,-0.192776,-0.192776,-0.192776,-0.192776
70.810059,-0.096641,-0.111981,-0.096641,-0.110447,-0.179277,-0.179277,-0.179277,-0.179277
70.820053,-0.161068,-0.177942,-0.161068,-0.174874,-0.156705,-0.156705,-0.156705,-0.156705
70.830063,-0.161068,-0.177942,-0.161068,-0.174874,-0.126180,-0.126180,-0.126180,-0.126180
70.840057,-0.191748,-0.205553,-0.187146,-0.202485,-0.089304,-0.089304,-0.089304,-0.089304
70.850052,-0.191748,-0.205553,-0.187146,-0.202485,-0.047902,-0.047902,-0.047902,-0.047902
70.860069,-0.188680,-0.204019,-0.185612,-0.199418,-0.004032,-0.004032,-0.004032,-0.004032
70.870064,-0.188680,-0.204019,-0.185612,-0.199418,0.039955,0.039955,0.039955,0.039955
70.880058,-0.151864,-0.168738,-0.154932,-0.161068,0.081908,0.081908,0.081908,0.081908
70.890060,-0.151864,-0.168738,-0.154932,-0.161068,0.119697,0.119697,0.119697,0.119697
70.900063,-0.082835,-0.099709,-0.087437,-0.087437,0.151382,0.151382,0.151382,0.151382
70.910065,-0.082835,-0.099709,-0.087437,-0.087437,0.175372,0.175372,0.175372,0.175372
70.920059,0.009204,0.001534,0.003068,0.013806,0.190439,0.190439,0.190439,0.190439
70.930061,0.009204,0.001534,0.003068,0.013806,0.195819,0.195819,0.195819,0.195819
70.940063,0.099709,0.088971,0.090505,0.099709,0.191240,0.191240,0.191240,0.191240
70.950058,0.099709,0.088971,0.090505,0.099709,0.176945,0.176945,0.176945,0.176945
70.960060,0.162602,0.151864,0.154932,0.164136,0.153648,0.153648,0.153648,0.153648
70.970070,0.162602,0.151864,0.154932,0.164136,0.122520,0.122520,0.122520,0.122520
70.980064,0.188680,0.177942,0.182544,0.187146,0.085227,0.085227,0.085227,0.085227
70.990059,0.188680,0.177942,0.182544,0.187146,0.043576,0.043576,0.043576,0.043576
71.000061,0.185612,0.177942,0.181010,0.185612,-0.000270,-0.000270,-0.000270,-0.000270
71.010063,0.185612,0.177942,0.181010,0.185612,-0.044097,-0.044097,-0.044097,-0.044097
71.020058,0.150330,0.144194,0.147262,0.147262,-0.085634,-0.085634,-0.085634,-0.085634
71.030060,0.150330,0.144194,0.147262,0.147262,-0.122816,-0.122816,-0.122816,-0.122816
71.040062,0.078233,0.073631,0.078233,0.075165,-0.153700,-0.153700,-0.153700,-0.153700
71.050064,0.078233,0.073631,0.078233,0.075165,-0.176756,-0.176756,-0.176756,-0.176756
71.060059,-0.015340,-0.024544,-0.013806,-0.018408,-0.190766,-0.190766,-0.190766,-0.190766
71.070061,-0.015340,-0.024544,-0.013806,-0.018408,-0.195049,-0.195049,-0.195049,-0.195049
71.080063,-0.104311,-0.118117,-0.101243,-0.116583,-0.189372,-0.189372,-0.189372,-0.189372
71.090065,-0.104311,-0.118117,-0.101243,-0.116583,-0.174030,-0.174030,-0.174030,-0.174030
71.100029,-0.165670,-0.181010,-0.162602,-0.177942,-0.149909,-0.149909,-0.149909,-0.149909
71.110054,-0.165670,-0.181010,-0.162602,-0.177942,-0.117972,-0.117972,-0.117972,-0.117972
71.120056,-0.187146,-0.204019,-0.187146,-0.200952,-0.080091,-0.080091,-0.080091,-0.080091
71.130058,-0.187146,-0.204019,-0.187146,-0.200952,-0.038146,-0.038146,-0.038146,-0.038146
71.140053,-0.185612,-0.202485,-0.184078,-0.196350,0.005728,0.005728,0.005728,0.005728
71.150055,-0.185612,-0.202485,-0.184078,-0.196350,0.049299,0.049299,0.049299,0.049299
71.160057,-0.145728,-0.161068,-0.147262,-0.154932,0.090339,0.090339,0.090339,0.090339
71.170059,-0.145728,-0.161068,-0.147262,-0.154932,0.126737,0.126737,0.126737,0.126737
71.180054,-0.069029,-0.088971,-0.073631,-0.076699,0.156617,0.156617,0.156617,0.156617
71.190056,-0.069029,-0.088971,-0.073631,-0.076699,0.178486,0.178486,0.178486,0.178486
71.200058,0.021476,0.013806,0.018408,0.024544,0.191195,0.191195,0.191195,0.191195
71.210045,0.021476,0.013806,0.018408,0.024544,0.194111,0.194111,0.194111,0.194111
71.220062,0.104311,0.096641,0.104311,0.107379,0.187068,0.187068,0.187068,0.187068
71.230064,0.104311,0.096641,0.104311,0.107379,0.170451,0.170451,0.170451,0.170451
71.240067,0.164136,0.158000,0.162602,0.167204,0.145096,0.145096,0.145096,0.145096
71.250061,0.164136,0.158000,0.162602,0.167204,0.112319,0.112319,0.112319,0.112319
71.260063,0.187146,0.177942,0.181010,0.187146,0.073791,0.073791,0.073791,0.073791
71.270058,0.187146,0.177942,0.181010,0.187146,0.031518,0.031518,0.031518,0.031518
71.280060,0.182544,0.173340,0.179476,0.181010,-0.012389,-0.012389,-0.012389,-0.012389
71.290047,0.182544,0.173340,0.179476,0.181010,-0.055592,-0.055592,-0.055592,-0.055592
71.300056,0.142660,0.136524,0.141126,0.138058,-0.096001,-0.096001,-0.096001,-0.096001
71.310059,0.142660,0.136524,0.141126,0.138058,-0.131425,-0.131425,-0.131425,-0.131425
71.320061,0.067495,0.062893,0.067495,0.061359,-0.160075,-0.160075,-0.160075,-0.160075
71.330063,0.067495,0.062893,0.067495,0.061359,-0.180486,-0.180486,-0.180486,-0.180486
71.340057,-0.026078,-0.038350,-0.026078,-0.036816,-0.191615,-0.191615,-0.191615,-0.191615
71.350060,-0.026078,-0.038350,-0.026078,-0.036816,-0.192889,-0.192889,-0.192889,-0.192889
71.360054,-0.111981,-0.127320,-0.110447,-0.130388,-0.184245,-0.184245,-0.184245,-0.184245
71.370064,-0.111981,-0.127320,-0.110447,-0.130388,-0.166117,-0.166117,-0.166117,-0.166117
71.380051,-0.167204,-0.184078,-0.167204,-0.184078,-0.139477,-0.139477,-0.139477,-0.139477
71.390060,-0.167204,-0.184078,-0.167204,-0.184078,-0.105614,-0.105614,-0.105614,-0.105614
71.400055,-0.187146,-0.202485,-0.184078,-0.199418,-0.066406,-0.066406,-0.066406,-0.066406
71.410057,-0.187146,-0.202485,-0.184078,-0.199418,-0.023714,-0.023714,-0.023714,-0.023714
71.420059,-0.179476,-0.196350,-0.179476,-0.190214,0.020134,0.020134,0.020134,0.020134
71.430061,-0.179476,-0.196350,-0.179476,-0.190214,0.062961,0.062961,0.062961,0.062961
71.440063,-0.136524,-0.150330,-0.139592,-0.145728,0.102492,0.102492,0.102492,0.102492
71.450066,-0.136524,-0.150330,-0.139592,-0.145728,0.136740,0.136740,0.136740,0.136740
71.460060,-0.058291,-0.073631,-0.062893,-0.061359,0.163913,0.163913,0.163913,0.163913
71.470062,-0.058291,-0.073631,-0.062893,-0.061359,0.182613,0.182613,0.182613,0.182613
71.480064,0.033748,0.029146,0.029146,0.038350,0.191893,0.191893,0.191893,0.191893
71.490059,0.033748,0.029146,0.029146,0.038350,0.191262,0.191262,0.191262,0.191262
71.500061,0.116583,0.108913,0.111981,0.118117,0.180753,0.180753,0.180753,0.180753
71.510063,0.116583,0.108913,0.111981,0.118117,0.160921,0.160921,0.160921,0.160921
71.520058,0.171806,0.162602,0.167204,0.171806,0.132793,0.132793,0.132793,0.132793
71.530060,0.171806,0.162602,0.167204,0.171806,0.097786,0.097786,0.097786,0.097786
71.540054,0.185612,0.176408,0.179476,0.185612,0.057780,0.057780,0.057780,0.057780
71.550056,0.185612,0.176408,0.179476,0.185612,0.014764,0.014764,0.014764,0.014764
71.560059,0.176408,0.167204,0.173340,0.173340,-0.028980,-0.028980,-0.028980,-0.028980
71.570061,0.176408,0.167204,0.173340,0.173340,-0.071220,-0.071220,-0.071220,-0.071220
71.580055,0.131922,0.122718,0.127320,0.125786,-0.109721,-0.109721,-0.109721,-0.109721
71.590057,0.131922,0.122718,0.127320,0.125786,-0.142561,-0.142561,-0.142561,-0.142561
71.600060,0.049087,0.046019,0.049087,0.046019,-0.168001,-0.168001,-0.168001,-0.168001
71.610062,0.049087,0.046019,0.049087,0.046019,-0.184725,-0.184725,-0.184725,-0.184725
71.620056,-0.044485,-0.055223,-0.044485,-0.052155,-0.191872,-0.191872,-0.191872,-0.191872
71.630058,-0.044485,-0.055223,-0.044485,-0.052155,-0.189078,-0.189078,-0.189078,-0.189078
71.640060,-0.127320,-0.139592,-0.122718,-0.139592,-0.176490,-0.176490,-0.176490,-0.176490
71.650063,-0.127320,-0.139592,-0.122718,-0.139592,-0.154752,-0.154752,-0.154752,-0.154752
71.660057,-0.176408,-0.190214,-0.173340,-0.188680,-0.125002,-0.125002,-0.125002,-0.125002
71.670059,-0.176408,-0.190214,-0.173340,-0.188680,-0.088775,-0.088775,-0.088775,-0.088775
71.680061,-0.185612,-0.200952,-0.182544,-0.197884,-0.047951,-0.047951,-0.047951,-0.047951
71.690063,-0.185612,-0.200952,-0.182544,-0.197884,-0.004671,-0.004671,-0.004671,-0.004671
71.700050,-0.171806,-0.187146,-0.171806,-0.181010,0.038812,0.038812,0.038812,0.038812
71.710052,-0.171806,-0.187146,-0.171806,-0.181010,0.080295,0.080295,0.080295,0.080295
71.720055,-0.121184,-0.136524,-0.122718,-0.128854,0.117584,0.117584,0.117584,0.117584
71.730057,-0.121184,-0.136524,-0.122718,-0.128854,0.148750,0.148750,0.148750,0.148750
71.740059,-0.038350,-0.050621,-0.039884,-0.036816,0.172175,0.172175,0.172175,0.172175
71.750061,-0.038350,-0.050621,-0.039884,-0.036816,0.186637,0.186637,0.186637,0.186637
71.760056,0.053689,0.047553,0.050621,0.056757,0.191386,0.191386,0.191386,0.191386
71.770050,0.053689,0.047553,0.050621,0.056757,0.186184,0.186184,0.186184,0.186184
71.780060,0.131922,0.121184,0.127320,0.131922,0.171291,0.171291,0.171291,0.171291
71.790062,0.131922,0.121184,0.127320,0.131922,0.147485,0.147485,0.147485,0.147485
71.800056,0.176408,0.170272,0.171806,0.177942,0.116016,0.116016,0.116016,0.116016
71.810059,0.176408,0.170272,0.171806,0.177942,0.078527,0.078527,0.078527,0.078527
71.820053,0.182544,0.176408,0.177942,0.182544,0.036968,0.036968,0.036968,0.036968
71.830063,0.182544,0.176408,0.177942,0.182544,-0.006528,-0.006528,-0.006528,-0.006528
71.840057,0.168738,0.159534,0.165670,0.165670,-0.049636,-0.049636,-0.049636,-0.049636
71.850060,0.168738,0.159534,0.165670,0.165670,-0.090156,-0.090156,-0.090156,-0.090156
71.860054,0.113515,0.105845,0.110447,0.110447,-0.125948,-0.125948,-0.125948,-0.125948
71.870056,0.113515,0.105845,0.110447,0.110447,-0.155160,-0.155160,-0.155160,-0.155160
71.880058,0.026078,0.023010,0.027612,0.023010,-0.176269,-0.176269,-0.176269,-0.176269
71.890060,0.026078,0.023010,0.027612,0.023010,-0.188169,-0.188169,-0.188169,-0.188169
71.900055,-0.065961,-0.081301,-0.065961,-0.076699,-0.190242,-0.190242,-0.190242,-0.190242
71.910057,-0.065961,-0.081301,-0.065961,-0.076699,-0.182380,-0.182380,-0.182380,-0.182380
71.920052,-0.139592,-0.156466,-0.138058,-0.154932,-0.165004,-0.165004,-0.165004,-0.165004
71.930054,-0.139592,-0.156466,-0.138058,-0.154932,-0.139006,-0.139006,-0.139006,-0.139006
71.940056,-0.179476,-0.194816,-0.176408,-0.193282,-0.105761,-0.105761,-0.105761,-0.105761
71.950058,-0.179476,-0.194816,-0.176408,-0.193282,-0.067003,-0.067003,-0.067003,-0.067003
71.960060,-0.182544,-0.199418,-0.181010,-0.196350,-0.024743,-0.024743,-0.024743,-0.024743
71.970055,-0.182544,-0.199418,-0.181010,-0.196350,0.018767,0.018767,0.018767,0.018767
71.980064,-0.161068,-0.176408,-0.164136,-0.170272,0.061341,0.061341,0.061341,0.061341
71.990059,-0.161068,-0.176408,-0.164136,-0.170272,0.100617,0.100617,0.100617,0.100617
72.000046,-0.101243,-0.116583,-0.104311,-0.108913,0.134582,0.134582,0.134582,0.134582
72.010063,-0.101243,-0.116583,-0.104311,-0.108913,0.161588,0.161588,0.161588,0.161588
72.020058,-0.013806,-0.016874,-0.018408,-0.007670,0.180062,0.180062,0.180062,0.180062
72.030060,-0.013806,-0.016874,-0.018408,-0.007670,0.189103,0.189103,0.189103,0.189103
72.040062,0.073631,0.073631,0.075165,0.079767,0.188230,0.188230,0.188230,0.188230
72.050056,0.073631,0.073631,0.075165,0.079767,0.177496,0.177496,0.177496,0.177496
72.060059,0.145728,0.141126,0.142660,0.148796,0.157468,0.157468,0.157468,0.157468
72.070061,0.145728,0.141126,0.142660,0.148796,0.129176,0.129176,0.129176,0.129176
72.080063,0.181010,0.173340,0.176408,0.182544,0.094118,0.094118,0.094118,0.094118
72.090065,0.181010,0.173340,0.176408,0.182544,0.054138,0.054138,0.054138,0.054138
72.100060,0.182544,0.173340,0.176408,0.181010,0.011340,0.011340,0.011340,0.011340
72.110062,0.182544,0.173340,0.176408,0.181010,-0.032047,-0.032047,-0.032047,-0.032047
72.120064,0.156466,0.145728,0.151864,0.148796,-0.073724,-0.073724,-0.073724,-0.073724
72.130058,0.156466,0.145728,0.151864,0.148796,-0.111503,-0.111503,-0.111503,-0.111503
72.140060,0.085903,0.079767,0.090505,0.085903,-0.143417,-0.143417,-0.143417,-0.143417
72.150063,0.085903,0.079767,0.090505,0.085903,-0.167782,-0.167782,-0.167782,-0.167782
72.160065,-0.004602,-0.013806,0.000000,-0.003068,-0.183313,-0.183313,-0.183313,-0.183313
72.170059,-0.004602,-0.013806,0.000000,-0.003068,-0.189202,-0.189202,-0.189202,-0.189202
72.180038,-0.095107,-0.110447,-0.088971,-0.104311,-0.185160,-0.185160,-0.185160,-0.185160
72.190063,-0.095107,-0.110447,-0.088971,-0.104311,-0.171332,-0.171332,-0.171332,-0.171332
72.200066,-0.154932,-0.173340,-0.153398,-0.167204,-0.148515,-0.148515,-0.148515,-0.148515
72.210060,-0.154932,-0.173340,-0.153398,-0.167204,-0.117891,-0.117891,-0.117891,-0.117891
72.220062,-0.181010,-0.199418,-0.181010,-0.194816,-0.081075,-0.081075,-0.081075,-0.081075
72.230064,-0.181010,-0.199418,-0.181010,-0.194816,-0.039998,-0.039998,-0.039998,-0.039998
72.240059,-0.179476,-0.196350,-0.179476,-0.191748,0.003163,0.003163,0.003163,0.003163
72.250061,-0.179476,-0.196350,-0.179476,-0.191748,0.046145,0.046145,0.046145,0.046145
72.260063,-0.144194,-0.156466,-0.145728,-0.153398,0.086670,0.086670,0.086670,0.086670
72.270050,-0.144194,-0.156466,-0.145728,-0.153398,0.122585,0.122585,0.122585,0.122585
72.280052,-0.075165,-0.084369,-0.075165,-0.079767,0.152058,0.152058,0.152058,0.152058
72.290054,-0.075165,-0.084369,-0.075165,-0.079767,0.173494,0.173494,0.173494,0.173494
72.300056,0.016874,0.015340,0.015340,0.019942,0.185762,0.185762,0.185762,0.185762
72.310059,0.016874,0.015340,0.015340,0.019942,0.188218,0.188218,0.188218,0.188218
72.320053,0.101243,0.096641,0.099709,0.102777,0.180736,0.180736,0.180736,0.180736
72.330055,0.101243,0.096641,0.099709,0.102777,0.163709,0.163709,0.163709,0.163709
72.340057,0.159534,0.154932,0.158000,0.161068,0.138053,0.138053,0.138053,0.138053
72.350052,0.159534,0.154932,0.158000,0.161068,0.105117,0.105117,0.105117,0.105117
72.360062,0.182544,0.173340,0.176408,0.181010,0.066600,0.066600,0.066600,0.066600
72.370033,0.182544,0.173340,0.176408,0.181010,0.024725,0.024725,0.024725,0.024725
72.380066,0.176408,0.167204,0.173340,0.173340,-0.018709,-0.018709,-0.018709,-0.018709
72.390053,0.176408,0.167204,0.173340,0.173340,-0.060936,-0.060936,-0.060936,-0.060936
72.400055,0.136524,0.124252,0.133456,0.130388,-0.099968,-0.099968,-0.099968,-0.099968
72.410065,0.136524,0.124252,0.133456,0.130388,-0.133717,-0.133717,-0.133717,-0.133717
72.420044,0.059825,0.050621,0.062893,0.056757,-0.160307,-0.160307,-0.160307,-0.160307
72.430061,0.059825,0.050621,0.062893,0.056757,-0.178473,-0.178473,-0.178473,-0.178473
72.440056,-0.032214,-0.049087,-0.026078,-0.038350,-0.187139,-0.187139,-0.187139,-0.187139
72.450066,-0.032214,-0.049087,-0.026078,-0.038350,-0.185886,-0.185886,-0.185886,-0.185886
72.460060,-0.115049,-0.134990,-0.108913,-0.128854,-0.174784,-0.174784,-0.174784,-0.174784
72.470062,-0.115049,-0.134990,-0.108913,-0.128854,-0.154414,-0.154414,-0.154414,-0.154414
72.480057,-0.167204,-0.185612,-0.164136,-0.181010,-0.125882,-0.125882,-0.125882,-0.125882
72.490059,-0.167204,-0.185612,-0.164136,-0.181010,-0.090673,-0.090673,-0.090673,-0.090673
72.500061,-0.181010,-0.196350,-0.177942,-0.193282,-0.050670,-0.050670,-0.050670,-0.050670
72.510063,-0.181010,-0.196350,-0.177942,-0.193282,-0.007968,-0.007968,-0.007968,-0.007968
72.520058,-0.168738,-0.184078,-0.170272,-0.179476,0.035101,0.035101,0.035101,0.035101
72.530060,-0.168738,-0.184078,-0.170272,-0.179476,0.076315,0.076315,0.076315,0.076315
72.540062,-0.121184,-0.134990,-0.122718,-0.131922,0.113441,0.113441,0.113441,0.113441
72.550064,-0.121184,-0.134990,-0.122718,-0.131922,0.144531,0.144531,0.144531,0.144531
72.560059,-0.042951,-0.050621,-0.042951,-0.042951,0.167926,0.167926,0.167926,0.167926
72.570061,-0.042951,-0.050621,-0.042951,-0.042951,0.182386,0.182386,0.182386,0.182386
72.580063,0.047553,0.046019,0.046019,0.053689,0.187144,0.187144,0.187144,0.187144
72.590065,0.047553,0.046019,0.046019,0.053689,0.181939,0.181939,0.181939,0.181939
72.600060,0.124252,0.121184,0.122718,0.128854,0.167071,0.167071,0.167071,0.167071
72.610062,0.124252,0.121184,0.122718,0.128854,0.143313,0.143313,0.143313,0.143313
72.620064,0.171806,0.165670,0.167204,0.173340,0.111927,0.111927,0.111927,0.111927
72.630058,0.171806,0.165670,0.167204,0.173340,0.074612,0.074612,0.074612,0.074612
72.640060,0.177942,0.170272,0.173340,0.179476,0.033313,0.033313,0.033313,0.033313
72.650055,0.177942,0.170272,0.173340,0.179476,-0.009708,-0.009708,-0.009708,-0.009708
72.660049,0.162602,0.153398,0.161068,0.161068,-0.052176,-0.052176,-0.052176,-0.052176
72.670059,0.162602,0.153398,0.161068,0.161068,-0.091937,-0.091937,-0.091937,-0.091937
72.680061,0.108913,0.098175,0.107379,0.105845,-0.126720,-0.126720,-0.126720,-0.126720
72.690063,0.108913,0.098175,0.107379,0.105845,-0.154739,-0.154739,-0.154739,-0.154739
72.700058,0.023010,0.012272,0.024544,0.019942,-0.174483,-0.174483,-0.174483,-0.174483
72.710060,0.023010,0.012272,0.024544,0.019942,-0.184916,-0.184916,-0.184916,-0.184916
72.720062,-0.067495,-0.087437,-0.067495,-0.079767,-0.185472,-0.185472,-0.185472,-0.185472
72.730064,-0.067495,-0.087437,-0.067495,-0.079767,-0.176124,-0.176124,-0.176124,-0.176124
72.740067,-0.139592,-0.158000,-0.138058,-0.154932,-0.157375,-0.157375,-0.157375,-0.157375
72.750061,-0.139592,-0.158000,-0.138058,-0.154932,-0.130235,-0.130235,-0.130235,-0.130235
72.760040,-0.176408,-0.193282,-0.173340,-0.188680,-0.096218,-0.096218,-0.096218,-0.096218
72.770027,-0.176408,-0.193282,-0.173340,-0.188680,-0.057052,-0.057052,-0.057052,-0.057052
72.780022,-0.177942,-0.194816,-0.176408,-0.190214,-0.014841,-0.014841,-0.014841,-0.014841
72.790062,-0.177942,-0.194816,-0.176408,-0.190214,0.028322,0.028322,0.028322,0.028322
72.800056,-0.153398,-0.165670,-0.154932,-0.161068,0.069808,0.069808,0.069808,0.069808
72.810066,-0.153398,-0.165670,-0.154932,-0.161068,0.107547,0.107547,0.107547,0.107547
72.820061,-0.090505,-0.102777,-0.092039,-0.093573,0.139493,0.139493,0.139493,0.139493
72.830017,-0.090505,-0.102777,-0.092039,-0.093573,0.163878,0.163878,0.163878,0.163878
72.840057,-0.003068,-0.006136,-0.004602,0.006136,0.179651,0.179651,0.179651,0.179651
72.850060,-0.003068,-0.006136,-0.004602,0.006136,0.185715,0.185715,0.185715,0.185715
72.860062,0.084369,0.081301,0.082835,0.090505,0.181818,0.181818,0.181818,0.181818
72.870056,0.084369,0.081301,0.082835,0.090505,0.168189,0.168189,0.168189,0.168189
72.880058,0.148796,0.144194,0.147262,0.150330,0.145540,0.145540,0.145540,0.145540
72.890060,0.148796,0.144194,0.147262,0.150330,0.115090,0.115090,0.115090,0.115090
72.900063,0.177942,0.170272,0.173340,0.177942,0.078495,0.078495,0.078495,0.078495
72.910065,0.177942,0.170272,0.173340,0.177942,0.037690,0.037690,0.037690,0.037690
72.920067,0.176408,0.168738,0.171806,0.174874,-0.005121,-0.005121,-0.005121,-0.005121
72.930061,0.176408,0.168738,0.171806,0.174874,-0.047633,-0.047633,-0.047633,-0.047633
72.940063,0.144194,0.133456,0.144194,0.139592,-0.087560,-0.087560,-0.087560,-0.087560
72.950058,0.144194,0.133456,0.144194,0.139592,-0.122772,-0.122772,-0.122772,-0.122772
72.960060,0.072097,0.062893,0.078233,0.069029,-0.151385,-0.151385,-0.151385,-0.151385
72.970055,0.072097,0.062893,0.078233,0.069029,-0.171843,-0.171843,-0.171843,-0.171843
72.980064,-0.018408,-0.033748,-0.012272,-0.023010,-0.183068,-0.183068,-0.183068,-0.183068
72.990059,-0.018408,-0.033748,-0.012272,-0.023010,-0.184438,-0.184438,-0.184438,-0.184438
73.000061,-0.104311,-0.122718,-0.099709,-0.118117,-0.175894,-0.175894,-0.175894,-0.175894
73.010056,-0.104311,-0.122718,-0.099709,-0.118117,-0.157893,-0.157893,-0.157893,-0.157893
73.020058,-0.161068,-0.177942,-0.159534,-0.174874,-0.131404,-0.131404,-0.131404,-0.131404
73.030060,-0.161068,-0.177942,-0.159534,-0.174874,-0.097834,-0.097834,-0.097834,-0.097834
73.040062,-0.179476,-0.194816,-0.176408,-0.191748,-0.059022,-0.059022,-0.059022,-0.059022
73.050056,-0.179476,-0.194816,-0.176408,-0.191748,-0.017060,-0.017060,-0.017060,-0.017060
73.060066,-0.173340,-0.185612,-0.170272,-0.181010,0.025823,0.025823,0.025823,0.025823
73.070061,-0.173340,-0.185612,-0.170272,-0.181010,0.067277,0.067277,0.067277,0.067277
73.080063,-0.127320,-0.141126,-0.127320,-0.136524,0.105108,0.105108,0.105108,0.105108
73.090065,-0.127320,-0.141126,-0.127320,-0.136524,0.137253,0.137253,0.137253,0.137253
73.100060,-0.050621,-0.067495,-0.052155,-0.052155,0.161973,0.161973,0.161973,0.161973
73.110062,-0.050621,-0.067495,-0.052155,-0.052155,0.177951,0.177951,0.177951,0.177951
73.120056,0.044485,0.032214,0.035282,0.041417,0.184322,0.184322,0.184322,0.184322
73.130028,0.044485,0.032214,0.035282,0.041417,0.180774,0.180774,0.180774,0.180774
73.140053,0.122718,0.110447,0.115049,0.118117,0.167425,0.167425,0.167425,0.167425
73.150055,0.122718,0.110447,0.115049,0.118117,0.145055,0.145055,0.145055,0.145055
73.160057,0.168738,0.161068,0.164136,0.170272,0.114870,0.114870,0.114870,0.114870
73.170036,0.168738,0.161068,0.164136,0.170272,0.078555,0.078555,0.078555,0.078555
73.180054,0.176408,0.170272,0.171806,0.177942,0.037890,0.037890,0.037890,0.037890
73.190056,0.176408,0.170272,0.171806,0.177942,-0.004768,-0.004768,-0.004768,-0.004768
73.200058,0.164136,0.156466,0.161068,0.161068,-0.047125,-0.047125,-0.047125,-0.047125
73.210060,0.164136,0.156466,0.161068,0.161068,-0.086924,-0.086924,-0.086924,-0.086924
73.220070,0.113515,0.105845,0.111981,0.107379,-0.122046,-0.122046,-0.122046,-0.122046
73.230057,0.113515,0.105845,0.111981,0.107379,-0.150473,-0.150473,-0.150473,-0.150473
73.240059,0.029146,0.023010,0.030680,0.024544,-0.170776,-0.170776,-0.170776,-0.170776
73.250061,0.029146,0.023010,0.030680,0.024544,-0.181834,-0.181834,-0.181834,-0.181834
73.260063,-0.061359,-0.076699,-0.061359,-0.070563,-0.183032,-0.183032,-0.183032,-0.183032
73.270058,-0.061359,-0.076699,-0.061359,-0.070563,-0.174321,-0.174321,-0.174321,-0.174321
73.280060,-0.133456,-0.150330,-0.133456,-0.150330,-0.156157,-0.156157,-0.156157,-0.156157
73.290062,-0.133456,-0.150330,-0.133456,-0.150330,-0.129539,-0.129539,-0.129539,-0.129539
73.300064,-0.173340,-0.190214,-0.171806,-0.188680,-0.095914,-0.095914,-0.095914,-0.095914
73.310066,-0.173340,-0.190214,-0.171806,-0.188680,-0.057094,-0.057094,-0.057094,-0.057094
73.320061,-0.176408,-0.193282,-0.174874,-0.190214,-0.015202,-0.015202,-0.015202,-0.015202
73.330063,-0.176408,-0.193282,-0.174874,-0.190214,0.027500,0.027500,0.027500,0.027500
73.340057,-0.153398,-0.168738,-0.153398,-0.161068,0.068683,0.068683,0.068683,0.068683
73.350060,-0.153398,-0.168738,-0.153398,-0.161068,0.106139,0.106139,0.106139,0.106139
73.360062,-0.090505,-0.107379,-0.090505,-0.098175,0.137810,0.137810,0.137810,0.137810
73.370056,-0.090505,-0.107379,-0.090505,-0.098175,0.161971,0.161971,0.161971,0.161971
73.380058,-0.004602,-0.013806,-0.004602,0.001534,0.177341,0.177341,0.177341,0.177341
73.390068,-0.004602,-0.013806,-0.004602,0.001534,0.183061,0.183061,0.183061,0.183061
73.400063,0.084369,0.075165,0.078233,0.084369,0.178827,0.178827,0.178827,0.178827
73.410065,0.084369,0.075165,0.078233,0.084369,0.164870,0.164870,0.164870,0.164870
73.420059,0.148796,0.139592,0.142660,0.150330,0.141953,0.141953,0.141953,0.141953
73.430061,0.148796,0.139592,0.142660,0.150330,0.111314,0.111314,0.111314,0.111314
73.440063,0.174874,0.168738,0.170272,0.174874,0.074646,0.074646,0.074646,0.074646
73.450066,0.174874,0.168738,0.170272,0.174874,0.033913,0.033913,0.033913,0.033913
73.460060,0.173340,0.165670,0.170272,0.171806,-0.008629,-0.008629,-0.008629,-0.008629
73.470062,0.173340,0.165670,0.170272,0.171806,-0.050705,-0.050705,-0.050705,-0.050705
73.480064,0.141126,0.131922,0.139592,0.134990,-0.089988,-0.089988,-0.089988,-0.089988
73.490059,0.141126,0.131922,0.139592,0.134990,-0.124354,-0.124354,-0.124354,-0.124354
73.500061,0.067495,0.062893,0.069029,0.064427,-0.151930,-0.151930,-0.151930,-0.151930
73.510063,0.067495,0.062893,0.069029,0.064427,-0.171215,-0.171215,-0.171215,-0.171215
73.520058,-0.021476,-0.033748,-0.019942,-0.026078,-0.181154,-0.181154,-0.181154,-0.181154
73.530060,-0.021476,-0.033748,-0.019942,-0.026078,-0.181207,-0.181207,-0.181207,-0.181207
73.540062,-0.104311,-0.121184,-0.102777,-0.119651,-0.171371,-0.171371,-0.171371,-0.171371
73.550056,-0.104311,-0.121184,-0.102777,-0.119651,-0.152196,-0.152196,-0.152196,-0.152196
73.560066,-0.159534,-0.176408,-0.159534,-0.173340,-0.124704,-0.124704,-0.124704,-0.124704
73.570061,-0.159534,-0.176408,-0.159534,-0.173340,-0.090439,-0.090439,-0.090439,-0.090439
73.580063,-0.174874,-0.193282,-0.174874,-0.188680,-0.051207,-0.051207,-0.051207,-0.051207
73.590065,-0.174874,-0.193282,-0.174874,-0.188680,-0.009223,-0.009223,-0.009223,-0.009223
73.600060,-0.167204,-0.182544,-0.167204,-0.176408,0.033248,0.033248,0.033248,0.033248
73.610062,-0.167204,-0.182544,-0.167204,-0.176408,0.073892,0.073892,0.073892,0.073892
73.620056,-0.121184,-0.136524,-0.121184,-0.127320,0.110470,0.110470,0.110470,0.110470
73.630058,-0.121184,-0.136524,-0.121184,-0.127320,0.141006,0.141006,0.141006,0.141006
73.640060,-0.038350,-0.058291,-0.044485,-0.038350,0.163809,0.163809,0.163809,0.163809
73.650063,-0.038350,-0.058291,-0.044485,-0.038350,0.177636,0.177636,0.177636,0.177636
73.660065,0.050621,0.041417,0.044485,0.049087,0.181736,0.181736,0.181736,0.181736
73.670059,0.050621,0.041417,0.044485,0.049087,0.175887,0.175887,0.175887,0.175887
73.680061,0.122718,0.116583,0.119651,0.122718,0.160399,0.160399,0.160399,0.160399
73.690063,0.122718,0.116583,0.119651,0.122718,0.136140,0.136140,0.136140,0.136140
73.700066,0.167204,0.159534,0.164136,0.168738,0.104420,0.104420,0.104420,0.104420
73.710060,0.167204,0.159534,0.164136,0.168738,0.067000,0.067000,0.067000,0.067000
73.720055,0.173340,0.167204,0.168738,0.173340,0.025934,0.025934,0.025934,0.025934
73.730064,0.173340,0.167204,0.168738,0.173340,-0.016572,-0.016572,-0.016572,-0.016572
73.740059,0.156466,0.148796,0.154932,0.151864,-0.058125,-0.058125,-0.058125,-0.058125
73.750061,0.156466,0.148796,0.154932,0.151864,-0.096481,-0.096481,-0.096481,-0.096481
73.760063,0.101243,0.095107,0.099709,0.096641,-0.129527,-0.129527,-0.129527,-0.129527
73.770058,0.101243,0.095107,0.099709,0.096641,-0.155432,-0.155432,-0.155432,-0.155432
73.780060,0.016874,0.010738,0.015340,0.013806,-0.172817,-0.172817,-0.172817,-0.172817
73.790062,0.016874,0.010738,0.015340,0.013806,-0.180694,-0.180694,-0.180694,-0.180694
73.800064,-0.070563,-0.088971,-0.073631,-0.085903,-0.178637,-0.178637,-0.178637,-0.178637
73.810059,-0.070563,-0.088971,-0.073631,-0.085903,-0.166765,-0.166765,-0.166765,-0.166765
73.820061,-0.139592,-0.158000,-0.139592,-0.156466,-0.145722,-0.145722,-0.145722,-0.145722
73.830063,-0.139592,-0.158000,-0.139592,-0.156466,-0.116685,-0.116685,-0.116685,-0.116685
73.840065,-0.173340,-0.188680,-0.168738,-0.185612,-0.081237,-0.081237,-0.081237,-0.081237
73.850060,-0.173340,-0.188680,-0.168738,-0.185612,-0.041335,-0.041335,-0.041335,-0.041335
73.860062,-0.173340,-0.190214,-0.170272,-0.185612,0.000827,0.000827,0.000827,0.000827
73.870056,-0.173340,-0.190214,-0.170272,-0.185612,0.042901,0.042901,0.042901,0.042901
73.880058,-0.142660,-0.159534,-0.145728,-0.153398,0.082627,0.082627,0.082627,0.082627
73.890060,-0.142660,-0.159534,-0.145728,-0.153398,0.117787,0.117787,0.117787,0.117787
73.900063,-0.075165,-0.092039,-0.081301,-0.081301,0.146438,0.146438,0.146438,0.146438
73.910057,-0.075165,-0.092039,-0.081301,-0.081301,0.167000,0.167000,0.167000,0.167000
73.920059,0.012272,0.006136,0.007670,0.016874,0.178356,0.178356,0.178356,0.178356
73.930061,0.012272,0.006136,0.007670,0.016874,0.179875,0.179875,0.179875,0.179875
73.940056,0.095107,0.087437,0.090505,0.098175,0.171476,0.171476,0.171476,0.171476
73.950050,0.095107,0.087437,0.090505,0.098175,0.153634,0.153634,0.153634,0.153634
73.960068,0.154932,0.145728,0.148796,0.154932,0.127274,0.127274,0.127274,0.127274
73.970055,0.154932,0.145728,0.148796,0.154932,0.093963,0.093963,0.093963,0.093963
73.980064,0.173340,0.167204,0.168738,0.173340,0.055432,0.055432,0.055432,0.055432
73.990059,0.173340,0.167204,0.168738,0.173340,0.013880,0.013880,0.013880,0.013880
74.000061,0.167204,0.159534,0.164136,0.165670,-0.028426,-0.028426,-0.028426,-0.028426
74.010063,0.167204,0.159534,0.164136,0.165670,-0.069155,-0.069155,-0.069155,-0.069155
74.020058,0.124252,0.118117,0.122718,0.119651,-0.106022,-0.106022,-0.106022,-0.106022
74.030060,0.124252,0.118117,0.122718,0.119651,-0.137031,-0.137031,-0.137031,-0.137031
74.040054,0.049087,0.042951,0.049087,0.046019,-0.160442,-0.160442,-0.160442,-0.160442
74.050056,0.049087,0.042951,0.049087,0.046019,-0.174990,-0.174990,-0.174990,-0.174990
74.060020,-0.041417,-0.055223,-0.041417,-0.049087,-0.179838,-0.179838,-0.179838,-0.179838
74.070053,-0.041417,-0.055223,-0.041417,-0.049087,-0.174735,-0.174735,-0.174735,-0.174735
74.080055,-0.119651,-0.136524,-0.116583,-0.134990,-0.159958,-0.159958,-0.159958,-0.159958
74.090057,-0.119651,-0.136524,-0.116583,-0.134990,-0.136332,-0.136332,-0.136332,-0.136332
74.100060,-0.165670,-0.182544,-0.164136,-0.177942,-0.105170,-0.105170,-0.105170,-0.105170
74.110054,-0.165670,-0.182544,-0.164136,-0.177942,-0.068194,-0.068194,-0.068194,-0.068194
74.120056,-0.171806,-0.188680,-0.170272,-0.185612,-0.027460,-0.027460,-0.027460,-0.027460
74.130058,-0.171806,-0.188680,-0.170272,-0.185612,0.014792,0.014792,0.014792,0.014792
74.140053,-0.153398,-0.171806,-0.156466,-0.165670,0.056203,0.056203,0.056203,0.056203
74.150055,-0.153398,-0.171806,-0.156466,-0.165670,0.094475,0.094475,0.094475,0.094475
74.160057,-0.099709,-0.116583,-0.101243,-0.110447,0.127501,0.127501,0.127501,0.127501
74.170059,-0.099709,-0.116583,-0.101243,-0.110447,0.153435,0.153435,0.153435,0.153435
74.180061,-0.016874,-0.027612,-0.016874,-0.012272,0.170847,0.170847,0.170847,0.170847
74.190056,-0.016874,-0.027612,-0.016874,-0.012272,0.178759,0.178759,0.178759,0.178759
74.200058,0.069029,0.064427,0.070563,0.073631,0.176746,0.176746,0.176746,0.176746
74.210052,0.069029,0.064427,0.070563,0.073631,0.164916,0.164916,0.164916,0.164916
74.220055,0.139592,0.130388,0.136524,0.141126,0.143933,0.143933,0.143933,0.143933
74.230057,0.139592,0.130388,0.136524,0.141126,0.114945,0.114945,0.114945,0.114945
74.240059,0.170272,0.164136,0.165670,0.171806,0.079599,0.079599,0.079599,0.079599
74.250053,0.170272,0.164136,0.165670,0.171806,0.039834,0.039834,0.039834,0.039834
74.260056,0.170272,0.164136,0.165670,0.170272,-0.002137,-0.002137,-0.002137,-0.002137
74.270058,0.170272,0.164136,0.165670,0.170272,-0.043961,-0.043961,-0.043961,-0.043961
74.280052,0.142660,0.133456,0.138058,0.136524,-0.083319,-0.083319,-0.083319,-0.083319
74.290062,0.142660,0.133456,0.138058,0.136524,-0.118065,-0.118065,-0.118065,-0.118065
74.300056,0.075165,0.067495,0.073631,0.069029,-0.146177,-0.146177,-0.146177,-0.146177
74.310059,0.075165,0.067495,0.073631,0.069029,-0.166148,-0.166148,-0.166148,-0.166148
74.320023,-0.013806,-0.024544,-0.013806,-0.018408,-0.176842,-0.176842,-0.176842,-0.176842
74.330063,-0.013806,-0.024544,-0.013806,-0.018408,-0.177710,-0.177710,-0.177710,-0.177710
74.340057,-0.098175,-0.113515,-0.096641,-0.110447,-0.168657,-0.168657,-0.168657,-0.168657
74.350060,-0.098175,-0.113515,-0.096641,-0.110447,-0.150194,-0.150194,-0.150194,-0.150194
74.360062,-0.154932,-0.170272,-0.153398,-0.167204,-0.123371,-0.123371,-0.123371,-0.123371
74.370064,-0.154932,-0.170272,-0.153398,-0.167204,-0.089675,-0.089675,-0.089675,-0.089675
74.380058,-0.171806,-0.187146,-0.168738,-0.184078,-0.050999,-0.050999,-0.050999,-0.050999
74.390060,-0.171806,-0.187146,-0.168738,-0.184078,-0.009476,-0.009476,-0.009476,-0.009476
74.400063,-0.164136,-0.179476,-0.164136,-0.173340,0.032556,0.032556,0.032556,0.032556
74.410065,-0.164136,-0.179476,-0.164136,-0.173340,0.072748,0.072748,0.072748,0.072748
74.420067,-0.119651,-0.134990,-0.124252,-0.127320,0.108865,0.108865,0.108865,0.108865
74.430061,-0.119651,-0.134990,-0.124252,-0.127320,0.138877,0.138877,0.138877,0.138877
74.440063,-0.042951,-0.059825,-0.047553,-0.038350,0.161120,0.161120,0.161120,0.161120
74.450066,-0.042951,-0.059825,-0.047553,-0.038350,0.174353,0.174353,0.174353,0.174353
74.460060,0.046019,0.039884,0.038350,0.053689,0.177830,0.177830,0.177830,0.177830
74.470062,0.046019,0.039884,0.038350,0.053689,0.171361,0.171361,0.171361,0.171361
74.480057,0.121184,0.113515,0.118117,0.124252,0.155320,0.155320,0.155320,0.155320
74.490067,0.121184,0.113515,0.118117,0.124252,0.130564,0.130564,0.130564,0.130564
74.500053,0.164136,0.158000,0.161068,0.165670,0.098566,0.098566,0.098566,0.098566
74.510056,0.164136,0.158000,0.161068,0.165670,0.061019,0.061019,0.061019,0.061019
74.520050,0.168738,0.162602,0.165670,0.170272,0.020114,0.020114,0.020114,0.020114
74.530060,0.168738,0.162602,0.165670,0.170272,-0.021980,-0.021980,-0.021980,-0.021980
74.540054,0.153398,0.145728,0.150330,0.150330,-0.062759,-0.062759,-0.062759,-0.062759
74.550056,0.153398,0.145728,0.150330,0.150330,-0.100038,-0.100038,-0.100038,-0.100038
74.560051,0.095107,0.090505,0.095107,0.092039,-0.131657,-0.131657,-0.131657,-0.131657
74.570061,0.095107,0.090505,0.095107,0.092039,-0.155927,-0.155927,-0.155927,-0.155927
74.580063,0.009204,0.006136,0.010738,0.007670,-0.171418,-0.171418,-0.171418,-0.171418
74.590057,0.009204,0.006136,0.010738,0.007670,-0.177281,-0.177281,-0.177281,-0.177281
74.600060,-0.076699,-0.093573,-0.076699,-0.092039,-0.173192,-0.173192,-0.173192,-0.173192
74.610062,-0.076699,-0.093573,-0.076699,-0.092039,-0.159389,-0.159389,-0.159389,-0.159389
74.620056,-0.144194,-0.158000,-0.141126,-0.158000,-0.136639,-0.136639,-0.136639,-0.136639
74.630058,-0.144194,-0.158000,-0.141126,-0.158000,-0.106225,-0.106225,-0.106225,-0.106225
74.640060,-0.168738,-0.185612,-0.167204,-0.182544,-0.069854,-0.069854,-0.069854,-0.069854
74.650063,-0.168738,-0.185612,-0.167204,-0.182544,-0.029559,-0.029559,-0.029559,-0.029559
74.660065,-0.167204,-0.184078,-0.167204,-0.181010,0.012357,0.012357,0.012357,0.012357
74.670059,-0.167204,-0.184078,-0.167204,-0.181010,0.053579,0.053579,0.053579,0.053579
74.680061,-0.133456,-0.148796,-0.134990,-0.144194,0.091761,0.091761,0.091761,0.091761
74.690063,-0.133456,-0.148796,-0.134990,-0.144194,0.124766,0.124766,0.124766,0.124766
74.700058,-0.064427,-0.081301,-0.064427,-0.067495,0.150744,0.150744,0.150744,0.150744
74.710060,-0.064427,-0.081301,-0.064427,-0.067495,0.168226,0.168226,0.168226,0.168226
74.720062,0.024544,0.019942,0.023010,0.029146,0.176231,0.176231,0.176231,0.176231
74.730064,0.024544,0.019942,0.023010,0.029146,0.174308,0.174308,0.174308,0.174308
74.740059,0.104311,0.096641,0.104311,0.105845,0.162573,0.162573,0.162573,0.162573
74.750061,0.104311,0.096641,0.104311,0.105845,0.141675,0.141675,0.141675,0.141675
74.760063,0.158000,0.148796,0.153398,0.159534,0.112804,0.112804,0.112804,0.112804
74.770065,0.158000,0.148796,0.153398,0.159534,0.077580,0.077580,0.077580,0.077580
74.780060,0.168738,0.162602,0.164136,0.168738,0.038014,0.038014,0.038014,0.038014
74.790054,0.168738,0.162602,0.164136,0.168738,-0.003678,-0.003678,-0.003678,-0.003678
74.800049,0.159534,0.148796,0.154932,0.156466,-0.045132,-0.045132,-0.045132,-0.045132
74.810059,0.159534,0.148796,0.154932,0.156466,-0.084093,-0.084093,-0.084093,-0.084093
74.820053,0.110447,0.098175,0.108913,0.105845,-0.118211,-0.118211,-0.118211,-0.118211
74.830063,0.110447,0.098175,0.108913,0.105845,-0.145707,-0.145707,-0.145707,-0.145707
74.840057,0.029146,0.019942,0.032214,0.026078,-0.164922,-0.164922,-0.164922,-0.164922
74.850052,0.029146,0.019942,0.032214,0.026078,-0.174828,-0.174828,-0.174828,-0.174828
74.860054,-0.059825,-0.078233,-0.058291,-0.069029,-0.174854,-0.174854,-0.174854,-0.174854
74.870056,-0.059825,-0.078233,-0.058291,-0.069029,-0.164995,-0.164995,-0.164995,-0.164995
74.880051,-0.130388,-0.150330,-0.127320,-0.144194,-0.145818,-0.145818,-0.145818,-0.145818
74.890060,-0.130388,-0.150330,-0.127320,-0.144194,-0.118382,-0.118382,-0.118382,-0.118382
74.900063,-0.167204,-0.182544,-0.165670,-0.179476,-0.084263,-0.084263,-0.084263,-0.084263
74.910057,-0.167204,-0.182544,-0.165670,-0.179476,-0.045402,-0.045402,-0.045402,-0.045402
74.920059,-0.168738,-0.184078,-0.165670,-0.181010,-0.003980,-0.003980,-0.003980,-0.003980
74.930061,-0.168738,-0.184078,-0.165670,-0.181010,0.037643,0.037643,0.037643,0.037643
74.940063,-0.142660,-0.156466,-0.145728,-0.153398,0.077113,0.077113,0.077113,0.077113
74.950058,-0.142660,-0.156466,-0.145728,-0.153398,0.112210,0.112210,0.112210,0.112210
74.960052,-0.078233,-0.092039,-0.084369,-0.085903,0.140924,0.140924,0.140924,0.140924
74.970062,-0.078233,-0.092039,-0.084369,-0.085903,0.161661,0.161661,0.161661,0.161661
74.980057,0.007670,0.006136,0.000000,0.010738,0.173215,0.173215,0.173215,0.173215
74.990059,0.007670,0.006136,0.000000,0.010738,0.174945,0.174945,0.174945,0.174945
75.000061,0.092039,0.087437,0.085903,0.092039,0.166755,0.166755,0.166755,0.166755
75.010063,0.092039,0.087437,0.085903,0.092039,0.149101,0.149101,0.149101,0.149101
75.020027,0.150330,0.142660,0.147262,0.150330,0.123098,0.123098,0.123098,0.123098
75.030060,0.150330,0.142660,0.147262,0.150330,0.089931,0.089931,0.089931,0.089931
75.040062,0.168738,0.161068,0.162602,0.168738,0.051758,0.051758,0.051758,0.051758
75.050064,0.168738,0.161068,0.162602,0.168738,0.010666,0.010666,0.010666,0.010666
75.060059,0.164136,0.153398,0.161068,0.161068,-0.030998,-0.030998,-0.030998,-0.030998
75.070061,0.164136,0.153398,0.161068,0.161068,-0.070907,-0.070907,-0.070907,-0.070907
75.080055,0.121184,0.110447,0.119651,0.116583,-0.106752,-0.106752,-0.106752,-0.106752
75.090065,0.121184,0.110447,0.119651,0.116583,-0.136541,-0.136541,-0.136541,-0.136541
75.100052,0.042951,0.035282,0.044485,0.041417,-0.158517,-0.158517,-0.158517,-0.158517
75.110031,0.042951,0.035282,0.044485,0.041417,-0.171480,-0.171480,-0.171480,-0.171480
75.120056,-0.046019,-0.062893,-0.044485,-0.055223,-0.174715,-0.174715,-0.174715,-0.174715
75.130066,-0.046019,-0.062893,-0.044485,-0.055223,-0.167980,-0.167980,-0.167980,-0.167980
75.140060,-0.124252,-0.139592,-0.118117,-0.138058,-0.151692,-0.151692,-0.151692,-0.151692
75.150063,-0.124252,-0.139592,-0.118117,-0.138058,-0.126770,-0.126770,-0.126770,-0.126770
75.160049,-0.164136,-0.179476,-0.161068,-0.177942,-0.094682,-0.094682,-0.094682,-0.094682
75.170059,-0.164136,-0.179476,-0.161068,-0.177942,-0.057140,-0.057140,-0.057140,-0.057140
75.180054,-0.167204,-0.182544,-0.165670,-0.179476,-0.016419,-0.016419,-0.016419,-0.016419
75.190056,-0.167204,-0.182544,-0.165670,-0.179476,0.025252,0.025252,0.025252,0.025252
75.200058,-0.147262,-0.161068,-0.147262,-0.158000,0.065486,0.065486,0.065486,0.065486
75.210060,-0.147262,-0.161068,-0.147262,-0.158000,0.101946,0.101946,0.101946,0.101946
75.220062,-0.088971,-0.102777,-0.092039,-0.098175,0.132573,0.132573,0.132573,0.132573
75.230057,-0.088971,-0.102777,-0.092039,-0.098175,0.155627,0.155627,0.155627,0.155627
75.240067,-0.006136,-0.010738,-0.007670,-0.001534,0.169795,0.169795,0.169795,0.169795
75.250061,-0.006136,-0.010738,-0.007670,-0.001534,0.174258,0.174258,0.174258,0.174258
75.260063,0.076699,0.075165,0.076699,0.081301,0.168771,0.168771,0.168771,0.168771
75.270058,0.076699,0.075165,0.076699,0.081301,0.153646,0.153646,0.153646,0.153646
75.280060,0.142660,0.134990,0.139592,0.142660,0.129755,0.129755,0.129755,0.129755
75.290062,0.142660,0.134990,0.139592,0.142660,0.098454,0.098454,0.098454,0.098454
75.300056,0.167204,0.159534,0.162602,0.167204,0.061547,0.061547,0.061547,0.061547
75.310059,0.167204,0.159534,0.162602,0.167204,0.021128,0.021128,0.021128,0.021128
75.320053,0.164136,0.156466,0.161068,0.162602,-0.020474,-0.020474,-0.020474,-0.020474
75.330063,0.164136,0.156466,0.161068,0.162602,-0.060906,-0.060906,-0.060906,-0.060906
75.340012,0.127320,0.118117,0.125786,0.122718,-0.097658,-0.097658,-0.097658,-0.097658
75.350060,0.127320,0.118117,0.125786,0.122718,-0.129129,-0.129129,-0.129129,-0.129129
75.360054,0.055223,0.047553,0.055223,0.052155,-0.153026,-0.153026,-0.153026,-0.153026
75.370056,0.055223,0.047553,0.055223,0.052155,-0.168163,-0.168163,-0.168163,-0.168163
75.380058,-0.030680,-0.050621,-0.033748,-0.038350,-0.173660,-0.173660,-0.173660,-0.173660
75.390053,-0.030680,-0.050621,-0.033748,-0.038350,-0.169205,-0.169205,-0.169205,-0.169205
75.400055,-0.111981,-0.128854,-0.110447,-0.125786,-0.155061,-0.155061,-0.155061,-0.155061
75.410057,-0.111981,-0.128854,-0.110447,-0.125786,-0.132027,-0.132027,-0.132027,-0.132027
75.420052,-0.158000,-0.174874,-0.154932,-0.171806,-0.101435,-0.101435,-0.101435,-0.101435
75.430054,-0.158000,-0.174874,-0.154932,-0.171806,-0.065031,-0.065031,-0.065031,-0.065031
75.440056,-0.167204,-0.182544,-0.164136,-0.179476,-0.024908,-0.024908,-0.024908,-0.024908
75.450058,-0.167204,-0.182544,-0.164136,-0.179476,0.016631,0.016631,0.016631,0.016631
75.460060,-0.150330,-0.167204,-0.153398,-0.161068,0.057177,0.057177,0.057177,0.057177
75.470055,-0.150330,-0.167204,-0.153398,-0.161068,0.094431,0.094431,0.094431,0.094431
75.480057,-0.098175,-0.115049,-0.102777,-0.107379,0.126250,0.126250,0.126250,0.126250
75.490059,-0.098175,-0.115049,-0.102777,-0.107379,0.150814,0.150814,0.150814,0.150814
75.500053,-0.015340,-0.027612,-0.021476,-0.010738,0.166693,0.166693,0.166693,0.166693
75.510056,-0.015340,-0.027612,-0.021476,-0.010738,0.172991,0.172991,0.172991,0.172991
75.520058,0.069029,0.064427,0.064427,0.072097,0.169342,0.169342,0.169342,0.169342
75.530060,0.069029,0.064427,0.064427,0.072097,0.155950,0.155950,0.155950,0.155950
75.540070,0.136524,0.128854,0.133456,0.138058,0.133562,0.133562,0.133562,0.133562
75.550056,0.136524,0.128854,0.133456,0.138058,0.103576,0.103576,0.103576,0.103576
75.560051,0.165670,0.158000,0.161068,0.165670,0.067608,0.067608,0.067608,0.067608
75.570053,0.165670,0.158000,0.161068,0.165670,0.027744,0.027744,0.027744,0.027744
75.580055,0.165670,0.156466,0.159534,0.164136,-0.013691,-0.013691,-0.013691,-0.013691
75.590057,0.165670,0.156466,0.159534,0.164136,-0.054331,-0.054331,-0.054331,-0.054331
75.600060,0.131922,0.124252,0.130388,0.128854,-0.091809,-0.091809,-0.091809,-0.091809
75.610054,0.131922,0.124252,0.130388,0.128854,-0.123989,-0.123989,-0.123989,-0.123989
75.620056,0.061359,0.058291,0.064427,0.061359,-0.149009,-0.149009,-0.149009,-0.149009
75.630058,0.061359,0.058291,0.064427,0.061359,-0.165434,-0.165434,-0.165434,-0.165434
75.640053,-0.026078,-0.036816,-0.024544,-0.032214,-0.172306,-0.172306,-0.172306,-0.172306
75.650055,-0.026078,-0.036816,-0.024544,-0.032214,-0.169238,-0.169238,-0.169238,-0.169238
75.660057,-0.108913,-0.122718,-0.104311,-0.119651,-0.156416,-0.156416,-0.156416,-0.156416
75.670059,-0.108913,-0.122718,-0.104311,-0.119651,-0.134562,-0.134562,-0.134562,-0.134562
75.680054,-0.156466,-0.171806,-0.153398,-0.168738,-0.104954,-0.104954,-0.104954,-0.104954
75.690056,-0.156466,-0.171806,-0.153398,-0.168738,-0.069288,-0.069288,-0.069288,-0.069288
75.700050,-0.165670,-0.182544,-0.162602,-0.177942,-0.029673,-0.029673,-0.029673,-0.029673
75.710052,-0.165670,-0.182544,-0.162602,-0.177942,0.011689,0.011689,0.011689,0.011689
75.720009,-0.151864,-0.167204,-0.151864,-0.161068,0.052164,0.052164,0.052164,0.052164
75.730057,-0.151864,-0.167204,-0.151864,-0.161068,0.089959,0.089959,0.089959,0.089959
75.740051,-0.101243,-0.118117,-0.101243,-0.110447,0.122341,0.122341,0.122341,0.122341
75.750053,-0.101243,-0.118117,-0.101243,-0.110447,0.147654,0.147654,0.147654,0.147654
75.760056,-0.021476,-0.030680,-0.021476,-0.018408,0.164410,0.164410,0.164410,0.164410
75.770058,-0.021476,-0.030680,-0.021476,-0.018408,0.171643,0.171643,0.171643,0.171643
75.780052,0.064427,0.059825,0.064427,0.065961,0.168943,0.168943,0.168943,0.168943
75.790054,0.064427,0.059825,0.064427,0.065961,0.156465,0.156465,0.156465,0.156465
75.800056,0.133456,0.124252,0.128854,0.133456,0.134926,0.134926,0.134926,0.134926
75.810059,0.133456,0.124252,0.128854,0.133456,0.105585,0.105585,0.105585,0.105585
75.820053,0.164136,0.156466,0.158000,0.165670,0.070148,0.070148,0.070148,0.070148
75.830055,0.164136,0.156466,0.158000,0.165670,0.030635,0.030635,0.030635,0.030635
75.840057,0.164136,0.156466,0.159534,0.164136,-0.010623,-0.010623,-0.010623,-0.010623
75.850060,0.164136,0.156466,0.159534,0.164136,-0.051251,-0.051251,-0.051251,-0.051251
75.860054,0.133456,0.124252,0.130388,0.128854,-0.088883,-0.088883,-0.088883,-0.088883
75.870056,0.133456,0.124252,0.130388,0.128854,-0.121355,-0.121355,-0.121355,-0.121355
75.880058,0.064427,0.059825,0.064427,0.059825,-0.146765,-0.146765,-0.146765,-0.146765
75.890053,0.064427,0.059825,0.064427,0.059825,-0.163647,-0.163647,-0.163647,-0.163647
75.900055,-0.021476,-0.030680,-0.021476,-0.032214,-0.171028,-0.171028,-0.171028,-0.171028
75.910057,-0.021476,-0.030680,-0.021476,-0.032214,-0.168471,-0.168471,-0.168471,-0.168471
75.920052,-0.102777,-0.118117,-0.099709,-0.119651,-0.156133,-0.156133,-0.156133,-0.156133
75.930054,-0.102777,-0.118117,-0.099709,-0.119651,-0.134732,-0.134732,-0.134732,-0.134732
75.940048,-0.153398,-0.170272,-0.151864,-0.168738,-0.105507,-0.105507,-0.105507,-0.105507
75.950058,-0.153398,-0.170272,-0.151864,-0.168738,-0.070137,-0.070137,-0.070137,-0.070137
75.960052,-0.164136,-0.181010,-0.162602,-0.177942,-0.030740,-0.030740,-0.030740,-0.030740
75.970055,-0.164136,-0.181010,-0.162602,-0.177942,0.010461,0.010461,0.010461,0.010461
75.980049,-0.151864,-0.167204,-0.153398,-0.159534,0.051007,0.051007,0.051007,0.051007
75.990059,-0.151864,-0.167204,-0.153398,-0.159534,0.088600,0.088600,0.088600,0.088600
76.000053,-0.101243,-0.116583,-0.105845,-0.110447,0.120993,0.120993,0.120993,0.120993
76.010056,-0.101243,-0.116583,-0.105845,-0.110447,0.146349,0.146349,0.146349,0.146349
76.020058,-0.021476,-0.033748,-0.029146,-0.019942,0.163164,0.163164,0.163164,0.163164
76.030060,-0.021476,-0.033748,-0.029146,-0.019942,0.170469,0.170469,0.170469,0.170469
76.040062,0.062893,0.058291,0.058291,0.065961,0.167835,0.167835,0.167835,0.167835
76.050056,0.062893,0.058291,0.058291,0.065961,0.155426,0.155426,0.155426,0.155426
76.060059,0.131922,0.124252,0.125786,0.131922,0.133947,0.133947,0.133947,0.133947
76.070053,0.131922,0.124252,0.125786,0.131922,0.104689,0.104689,0.104689,0.104689
76.080055,0.162602,0.154932,0.158000,0.164136,0.069333,0.069333,0.069333,0.069333
76.090057,0.162602,0.154932,0.158000,0.164136,0.029928,0.029928,0.029928,0.029928
76.100052,0.164136,0.156466,0.158000,0.162602,-0.011198,-0.011198,-0.011198,-0.011198
76.110054,0.164136,0.156466,0.158000,0.162602,-0.051658,-0.051658,-0.051658,-0.051658
76.120056,0.133456,0.124252,0.130388,0.128854,-0.089081,-0.089081,-0.089081,-0.089081
76.130058,0.133456,0.124252,0.130388,0.128854,-0.121287,-0.121287,-0.121287,-0.121287
76.140053,0.064427,0.059825,0.064427,0.062893,-0.146399,-0.146399,-0.146399,-0.146399
76.150055,0.064427,0.059825,0.064427,0.062893,-0.162944,-0.162944,-0.162944,-0.162944
76.160049,-0.021476,-0.035282,-0.023010,-0.027612,-0.169959,-0.169959,-0.169959,-0.169959
76.170059,-0.021476,-0.035282,-0.023010,-0.027612,-0.167036,-0.167036,-0.167036,-0.167036
76.180054,-0.107379,-0.119651,-0.102777,-0.118117,-0.154349,-0.154349,-0.154349,-0.154349
76.190056,-0.107379,-0.119651,-0.102777,-0.118117,-0.132634,-0.132634,-0.132634,-0.132634
76.200058,-0.154932,-0.170272,-0.151864,-0.167204,-0.103174,-0.103174,-0.103174,-0.103174
76.210052,-0.154932,-0.170272,-0.151864,-0.167204,-0.067684,-0.067684,-0.067684,-0.067684
76.220055,-0.162602,-0.179476,-0.159534,-0.176408,-0.028236,-0.028236,-0.028236,-0.028236
76.230057,-0.162602,-0.179476,-0.159534,-0.176408,0.012837,0.012837,0.012837,0.012837
76.240051,-0.148796,-0.165670,-0.148796,-0.159534,0.053140,0.053140,0.053140,0.053140
76.250053,-0.148796,-0.165670,-0.148796,-0.159534,0.090321,0.090321,0.090321,0.090321
76.260056,-0.099709,-0.116583,-0.101243,-0.108913,0.122201,0.122201,0.122201,0.122201
76.270058,-0.099709,-0.116583,-0.101243,-0.108913,0.146892,0.146892,0.146892,0.146892
76.280052,-0.019942,-0.030680,-0.023010,-0.013806,0.162968,0.162968,0.162968,0.162968
76.290054,-0.019942,-0.030680,-0.023010,-0.013806,0.169483,0.169483,0.169483,0.169483
76.300056,0.064427,0.059825,0.062893,0.069029,0.166051,0.166051,0.166051,0.166051
76.310059,0.064427,0.059825,0.062893,0.069029,0.152879,0.152879,0.152879,0.152879
76.320053,0.131922,0.124252,0.128854,0.131922,0.130742,0.130742,0.130742,0.130742
76.330055,0.131922,0.124252,0.128854,0.131922,0.100936,0.100936,0.100936,0.100936
76.340057,0.164136,0.154932,0.158000,0.161068,0.065213,0.065213,0.065213,0.065213
76.350060,0.164136,0.154932,0.158000,0.161068,0.025668,0.025668,0.025668,0.025668
76.360054,0.164136,0.154932,0.156466,0.159534,-0.015344,-0.015344,-0.015344,-0.015344
76.370056,0.164136,0.154932,0.156466,0.159534,-0.055470,-0.055470,-0.055470,-0.055470
76.380051,0.127320,0.119651,0.127320,0.124252,-0.092291,-0.092291,-0.092291,-0.092291
76.390053,0.127320,0.119651,0.127320,0.124252,-0.123697,-0.123697,-0.123697,-0.123697
76.400055,0.058291,0.053689,0.059825,0.056757,-0.147800,-0.147800,-0.147800,-0.147800
76.410057,0.058291,0.053689,0.059825,0.056757,-0.163207,-0.163207,-0.163207,-0.163207
76.420052,-0.029146,-0.038350,-0.027612,-0.033748,-0.169003,-0.169003,-0.169003,-0.169003
76.430054,-0.029146,-0.038350,-0.027612,-0.033748,-0.164851,-0.164851,-0.164851,-0.164851
76.440056,-0.105845,-0.122718,-0.104311,-0.121184,-0.150998,-0.150998,-0.150998,-0.150998
76.450058,-0.105845,-0.122718,-0.104311,-0.121184,-0.128240,-0.128240,-0.128240,-0.128240
76.460052,-0.153398,-0.170272,-0.151864,-0.167204,-0.097959,-0.097959,-0.097959,-0.097959
76.470047,-0.153398,-0.170272,-0.151864,-0.167204,-0.061959,-0.061959,-0.061959,-0.061959
76.480049,-0.162602,-0.179476,-0.159534,-0.174874,-0.022243,-0.022243,-0.022243,-0.022243
76.490059,-0.162602,-0.179476,-0.159534,-0.174874,0.018765,0.018765,0.018765,0.018765
76.500053,-0.145728,-0.162602,-0.148796,-0.158000,0.058585,0.058585,0.058585,0.058585
76.510063,-0.145728,-0.162602,-0.148796,-0.158000,0.095000,0.095000,0.095000,0.095000
76.520050,-0.093573,-0.110447,-0.098175,-0.101243,0.125747,0.125747,0.125747,0.125747
76.530060,-0.093573,-0.110447,-0.098175,-0.101243,0.149101,0.149101,0.149101,0.149101
76.540070,-0.013806,-0.024544,-0.018408,-0.007670,0.163624,0.163624,0.163624,0.163624
76.550072,-0.013806,-0.024544,-0.018408,-0.007670,0.168475,0.168475,0.168475,0.168475
76.560043,0.070563,0.064427,0.070563,0.073631,0.163397,0.163397,0.163397,0.163397
76.570061,0.070563,0.064427,0.070563,0.073631,0.148632,0.148632,0.148632,0.148632
76.580063,0.134990,0.125786,0.131922,0.134990,0.125121,0.125121,0.125121,0.125121
76.590065,0.134990,0.125786,0.131922,0.134990,0.094213,0.094213,0.094213,0.094213
76.600060,0.162602,0.153398,0.154932,0.161068,0.057757,0.057757,0.057757,0.057757
76.610054,0.162602,0.153398,0.154932,0.161068,0.017906,0.017906,0.017906,0.017906
76.620056,0.159534,0.150330,0.154932,0.156466,-0.023007,-0.023007,-0.023007,-0.023007
76.630058,0.159534,0.150330,0.154932,0.156466,-0.062525,-0.062525,-0.062525,-0.062525
76.640060,0.121184,0.115049,0.121184,0.116583,-0.098342,-0.098342,-0.098342,-0.098342
76.650063,0.121184,0.115049,0.121184,0.116583,-0.128321,-0.128321,-0.128321,-0.128321
76.660057,0.050621,0.049087,0.053689,0.046019,-0.150681,-0.150681,-0.150681,-0.150681
76.670059,0.050621,0.049087,0.053689,0.046019,-0.164124,-0.164124,-0.164124,-0.164124
76.680054,-0.033748,-0.046019,-0.033748,-0.042951,-0.167836,-0.167836,-0.167836,-0.167836
76.690056,-0.033748,-0.046019,-0.033748,-0.042951,-0.161603,-0.161603,-0.161603,-0.161603
76.700050,-0.111981,-0.127320,-0.108913,-0.125786,-0.145807,-0.145807,-0.145807,-0.145807
76.710052,-0.111981,-0.127320,-0.108913,-0.125786,-0.121353,-0.121353,-0.121353,-0.121353
76.720055,-0.156466,-0.171806,-0.153398,-0.167204,-0.089715,-0.089715,-0.089715,-0.089715
76.730057,-0.156466,-0.171806,-0.153398,-0.167204,-0.052790,-0.052790,-0.052790,-0.052790
76.740059,-0.161068,-0.177942,-0.158000,-0.173340,-0.012724,-0.012724,-0.012724,-0.012724
76.750061,-0.161068,-0.177942,-0.158000,-0.173340,0.028077,0.028077,0.028077,0.028077
76.760056,-0.142660,-0.159534,-0.142660,-0.153398,0.067182,0.067182,0.067182,0.067182
76.770058,-0.142660,-0.159534,-0.142660,-0.153398,0.102292,0.102292,0.102292,0.102292
76.780052,-0.085903,-0.102777,-0.087437,-0.093573,0.131314,0.131314,0.131314,0.131314
76.790054,-0.085903,-0.102777,-0.087437,-0.093573,0.152527,0.152527,0.152527,0.152527
76.800056,-0.004602,-0.006136,-0.004602,0.003068,0.164664,0.164664,0.164664,0.164664
76.810059,-0.004602,-0.006136,-0.004602,0.003068,0.167012,0.167012,0.167012,0.167012
76.820061,0.076699,0.072097,0.078233,0.082835,0.159430,0.159430,0.159430,0.159430
76.830055,0.076699,0.072097,0.078233,0.082835,0.142373,0.142373,0.142373,0.142373
76.840057,0.139592,0.131922,0.136524,0.141126,0.116854,0.116854,0.116854,0.116854
76.850052,0.139592,0.131922,0.136524,0.141126,0.084396,0.084396,0.084396,0.084396
76.860062,0.161068,0.153398,0.154932,0.161068,0.046907,0.046907,0.046907,0.046907
76.870033,0.161068,0.153398,0.154932,0.161068,0.006754,0.006754,0.006754,0.006754
76.880058,0.156466,0.145728,0.151864,0.153398,-0.033956,-0.033956,-0.033956,-0.033956
76.890053,0.156466,0.145728,0.151864,0.153398,-0.072549,-0.072549,-0.072549,-0.072549
76.900055,0.115049,0.104311,0.113515,0.111981,-0.106807,-0.106807,-0.106807,-0.106807
76.910057,0.115049,0.104311,0.113515,0.111981,-0.134687,-0.134687,-0.134687,-0.134687
76.920059,0.039884,0.030680,0.041417,0.038350,-0.154529,-0.154529,-0.154529,-0.154529
76.930054,0.039884,0.030680,0.041417,0.038350,-0.165148,-0.165148,-0.165148,-0.165148
76.940056,-0.047553,-0.064427,-0.046019,-0.055223,-0.165918,-0.165918,-0.165918,-0.165918
76.950050,-0.047553,-0.064427,-0.046019,-0.055223,-0.156796,-0.156796,-0.156796,-0.156796
76.960052,-0.119651,-0.138058,-0.116583,-0.133456,-0.138316,-0.138316,-0.138316,-0.138316
76.970055,-0.119651,-0.138058,-0.116583,-0.133456,-0.111591,-0.111591,-0.111591,-0.111591
76.980057,-0.156466,-0.173340,-0.154932,-0.170272,-0.078222,-0.078222,-0.078222,-0.078222
76.990059,-0.156466,-0.173340,-0.154932,-0.170272,-0.040190,-0.040190,-0.040190,-0.040190
77.000053,-0.159534,-0.176408,-0.156466,-0.171806,0.000225,0.000225,0.000225,0.000225
77.010048,-0.159534,-0.176408,-0.156466,-0.171806,0.040592,0.040592,0.040592,0.040592
77.020058,-0.134990,-0.148796,-0.136524,-0.145728,0.078555,0.078555,0.078555,0.078555
77.030060,-0.134990,-0.148796,-0.136524,-0.145728,0.111805,0.111805,0.111805,0.111805
77.040054,-0.073631,-0.085903,-0.076699,-0.075165,0.138331,0.138331,0.138331,0.138331
77.050056,-0.073631,-0.085903,-0.076699,-0.075165,0.156594,0.156594,0.156594,0.156594
77.060051,0.010738,0.010738,0.006136,0.015340,0.165472,0.165472,0.165472,0.165472
77.070061,0.010738,0.010738,0.006136,0.015340,0.164451,0.164451,0.164451,0.164451
77.080055,0.093573,0.087437,0.084369,0.093573,0.153599,0.153599,0.153599,0.153599
77.090057,0.093573,0.087437,0.084369,0.093573,0.133533,0.133533,0.133533,0.133533
77.100052,0.147262,0.138058,0.141126,0.145728,0.105525,0.105525,0.105525,0.105525
77.110008,0.147262,0.138058,0.141126,0.145728,0.071340,0.071340,0.071340,0.071340
77.120056,0.159534,0.151864,0.153398,0.159534,0.032568,0.032568,0.032568,0.032568
77.130058,0.159534,0.151864,0.153398,0.159534,-0.007974,-0.007974,-0.007974,-0.007974
77.140060,0.151864,0.141126,0.147262,0.148796,-0.048012,-0.048012,-0.048012,-0.048012
77.150063,0.151864,0.141126,0.147262,0.148796,-0.085170,-0.085170,-0.085170,-0.085170
77.160057,0.104311,0.093573,0.102777,0.101243,-0.117183,-0.117183,-0.117183,-0.117183
77.170059,0.104311,0.093573,0.102777,0.101243,-0.142166,-0.142166,-0.142166,-0.142166
77.180061,0.024544,0.015340,0.026078,0.021476,-0.158608,-0.158608,-0.158608,-0.158608
77.190063,0.024544,0.015340,0.026078,0.021476,-0.165527,-0.165527,-0.165527,-0.165527
77.200066,-0.062893,-0.079767,-0.061359,-0.072097,-0.162504,-0.162504,-0.162504,-0.162504
77.210060,-0.062893,-0.079767,-0.061359,-0.072097,-0.149730,-0.149730,-0.149730,-0.149730
77.220047,-0.128854,-0.147262,-0.125786,-0.144194,-0.128006,-0.128006,-0.128006,-0.128006
77.230057,-0.128854,-0.147262,-0.125786,-0.144194,-0.098524,-0.098524,-0.098524,-0.098524
77.240059,-0.158000,-0.173340,-0.154932,-0.170272,-0.063168,-0.063168,-0.063168,-0.063168
77.250061,-0.158000,-0.173340,-0.154932,-0.170272,-0.024046,-0.024046,-0.024046,-0.024046
77.260056,-0.156466,-0.173340,-0.154932,-0.168738,0.016517,0.016517,0.016517,0.016517
77.270058,-0.156466,-0.173340,-0.154932,-0.168738,0.056059,0.056059,0.056059,0.056059
77.280014,-0.124252,-0.138058,-0.124252,-0.134990,0.092101,0.092101,0.092101,0.092101
77.290062,-0.124252,-0.138058,-0.124252,-0.134990,0.122850,0.122850,0.122850,0.122850
77.300056,-0.056757,-0.070563,-0.059825,-0.058291,0.146041,0.146041,0.146041,0.146041
77.310059,-0.056757,-0.070563,-0.059825,-0.058291,0.160442,0.160442,0.160442,0.160442
77.320061,0.027612,0.026078,0.026078,0.035282,0.165177,0.165177,0.165177,0.165177
77.330055,0.027612,0.026078,0.026078,0.035282,0.159962,0.159962,0.159962,0.159962
77.340027,0.104311,0.099709,0.102777,0.108913,0.145172,0.145172,0.145172,0.145172
77.350060,0.104311,0.099709,0.102777,0.108913,0.121527,0.121527,0.121527,0.121527
77.360023,0.151864,0.144194,0.147262,0.153398,0.090733,0.090733,0.090733,0.090733
77.370056,0.151864,0.144194,0.147262,0.153398,0.054272,0.054272,0.054272,0.054272
77.380035,0.159534,0.150330,0.151864,0.158000,0.014738,0.014738,0.014738,0.014738
77.390060,0.159534,0.150330,0.151864,0.158000,-0.025828,-0.025828,-0.025828,-0.025828
77.400055,0.142660,0.131922,0.139592,0.138058,-0.064729,-0.064729,-0.064729,-0.064729
77.410057,0.142660,0.131922,0.139592,0.138058,-0.099716,-0.099716,-0.099716,-0.099716
77.420059,0.088971,0.078233,0.087437,0.082835,-0.128665,-0.128665,-0.128665,-0.128665
77.430054,0.088971,0.078233,0.087437,0.082835,-0.149840,-0.149840,-0.149840,-0.149840
77.440056,0.006136,-0.004602,0.006136,0.001534,-0.161959,-0.161959,-0.161959,-0.161959
77.450058,0.006136,-0.004602,0.006136,0.001534,-0.164288,-0.164288,-0.164288,-0.164288
77.460052,-0.078233,-0.098175,-0.078233,-0.093573,-0.156693,-0.156693,-0.156693,-0.156693
77.470055,-0.078233,-0.098175,-0.078233,-0.093573,-0.139624,-0.139624,-0.139624,-0.139624
77.480057,-0.138058,-0.156466,-0.134990,-0.151864,-0.114122,-0.114122,-0.114122,-0.114122
77.490059,-0.138058,-0.156466,-0.134990,-0.151864,-0.081730,-0.081730,-0.081730,-0.081730
77.500053,-0.158000,-0.174874,-0.154932,-0.170272,-0.044409,-0.044409,-0.044409,-0.044409
77.510056,-0.158000,-0.174874,-0.154932,-0.170272,-0.004415,-0.004415,-0.004415,-0.004415
77.520058,-0.153398,-0.168738,-0.153398,-0.162602,0.035827,0.035827,0.035827,0.035827
77.530052,-0.153398,-0.168738,-0.153398,-0.162602,0.073888,0.073888,0.073888,0.073888
77.540054,-0.111981,-0.124252,-0.115049,-0.121184,0.107460,0.107460,0.107460,0.107460
77.550056,-0.111981,-0.124252,-0.115049,-0.121184,0.134517,0.134517,0.134517,0.134517
77.560051,-0.039884,-0.046019,-0.042951,-0.033748,0.153409,0.153409,0.153409,0.153409
77.570053,-0.039884,-0.046019,-0.042951,-0.033748,0.163003,0.163003,0.163003,0.163003
77.580032,0.046019,0.046019,0.041417,0.050621,0.162723,0.162723,0.162723,0.162723
77.590027,0.046019,0.046019,0.041417,0.050621,0.152602,0.152602,0.152602,0.152602
77.600060,0.118117,0.113515,0.113515,0.118117,0.133138,0.133138,0.133138,0.133138
77.610062,0.118117,0.113515,0.113515,0.118117,0.105662,0.105662,0.105662,0.105662
77.620056,0.154932,0.147262,0.150330,0.154932,0.071804,0.071804,0.071804,0.071804
77.630051,0.154932,0.147262,0.150330,0.154932,0.033606,0.033606,0.033606,0.033606
77.640060,0.158000,0.150330,0.151864,0.156466,-0.006658,-0.006658,-0.006658,-0.006658
77.650024,0.158000,0.150330,0.151864,0.156466,-0.046336,-0.046336,-0.046336,-0.046336
77.660065,0.131922,0.121184,0.127320,0.127320,-0.083482,-0.083482,-0.083482,-0.083482
77.670059,0.131922,0.121184,0.127320,0.127320,-0.115369,-0.115369,-0.115369,-0.115369
77.680061,0.067495,0.056757,0.067495,0.064427,-0.140243,-0.140243,-0.140243,-0.140243
77.690063,0.067495,0.056757,0.067495,0.064427,-0.156588,-0.156588,-0.156588,-0.156588
77.700058,-0.016874,-0.033748,-0.016874,-0.021476,-0.163405,-0.163405,-0.163405,-0.163405
77.710060,-0.016874,-0.033748,-0.016874,-0.021476,-0.160283,-0.160283,-0.160283,-0.160283
77.720047,-0.098175,-0.116583,-0.096641,-0.111981,-0.147437,-0.147437,-0.147437,-0.147437
77.730057,-0.098175,-0.116583,-0.096641,-0.111981,-0.125588,-0.125588,-0.125588,-0.125588
77.740059,-0.147262,-0.165670,-0.145728,-0.161068,-0.096112,-0.096112,-0.096112,-0.096112
77.750061,-0.147262,-0.165670,-0.145728,-0.161068,-0.060802,-0.060802,-0.060802,-0.060802
77.760063,-0.158000,-0.173340,-0.153398,-0.168738,-0.021812,-0.021812,-0.021812,-0.021812
77.770065,-0.158000,-0.173340,-0.153398,-0.168738,0.018497,0.018497,0.018497,0.018497
77.780060,-0.144194,-0.158000,-0.142660,-0.153398,0.057659,0.057659,0.057659,0.057659
77.790062,-0.144194,-0.158000,-0.142660,-0.153398,0.093302,0.093302,0.093302,0.093302
77.800064,-0.087437,-0.104311,-0.092039,-0.098175,0.123242,0.123242,0.123242,0.123242
77.810059,-0.087437,-0.104311,-0.092039,-0.098175,0.145642,0.145642,0.145642,0.145642
77.820061,-0.007670,-0.018408,-0.013806,-0.007670,0.159171,0.159171,0.159171,0.159171
77.830055,-0.007670,-0.018408,-0.013806,-0.007670,0.162985,0.162985,0.162985,0.162985
77.840057,0.072097,0.065961,0.069029,0.072097,0.156856,0.156856,0.156856,0.156856
77.850060,0.072097,0.065961,0.069029,0.072097,0.141153,0.141153,0.141153,0.141153
77.860062,0.131922,0.124252,0.128854,0.131922,0.116830,0.116830,0.116830,0.116830
77.870064,0.131922,0.124252,0.128854,0.131922,0.085395,0.085395,0.085395,0.085395
77.880058,0.156466,0.148796,0.150330,0.156466,0.048768,0.048768,0.048768,0.048768
77.890060,0.156466,0.148796,0.150330,0.156466,0.009160,0.009160,0.009160,0.009160
77.900063,0.153398,0.144194,0.148796,0.151864,-0.030998,-0.030998,-0.030998,-0.030998
77.910065,0.153398,0.144194,0.148796,0.151864,-0.069230,-0.069230,-0.069230,-0.069230
77.920059,0.116583,0.104311,0.115049,0.111981,-0.103220,-0.103220,-0.103220,-0.103220
77.930061,0.116583,0.104311,0.115049,0.111981,-0.130888,-0.130888,-0.130888,-0.130888
77.940056,0.042951,0.035282,0.044485,0.039884,-0.150533,-0.150533,-0.150533,-0.150533
77.950058,0.042951,0.035282,0.044485,0.039884,-0.160974,-0.160974,-0.160974,-0.160974
77.960052,-0.044485,-0.055223,-0.042951,-0.052155,-0.161559,-0.161559,-0.161559,-0.161559
77.970062,-0.044485,-0.055223,-0.042951,-0.052155,-0.152247,-0.152247,-0.152247,-0.152247
77.980057,-0.116583,-0.131922,-0.113515,-0.130388,-0.133631,-0.133631,-0.133631,-0.133631
77.990059,-0.116583,-0.131922,-0.113515,-0.130388,-0.106817,-0.106817,-0.106817,-0.106817
78.000053,-0.153398,-0.168738,-0.150330,-0.165670,-0.073502,-0.073502,-0.073502,-0.073502
78.010056,-0.153398,-0.168738,-0.150330,-0.165670,-0.035669,-0.035669,-0.035669,-0.035669
78.020058,-0.154932,-0.171806,-0.153398,-0.167204,0.004328,0.004328,0.004328,0.004328
78.030060,-0.154932,-0.171806,-0.153398,-0.167204,0.044050,0.044050,0.044050,0.044050
78.040062,-0.131922,-0.145728,-0.133456,-0.141126,0.081044,0.081044,0.081044,0.081044
78.050064,-0.131922,-0.145728,-0.133456,-0.141126,0.113059,0.113059,0.113059,0.113059
78.060059,-0.069029,-0.084369,-0.073631,-0.072097,0.138121,0.138121,0.138121,0.138121
78.070061,-0.069029,-0.084369,-0.073631,-0.072097,0.154707,0.154707,0.154707,0.154707
78.080063,0.013806,0.007670,0.007670,0.019942,0.161783,0.161783,0.161783,0.161783
78.090057,0.013806,0.007670,0.007670,0.019942,0.158928,0.158928,0.158928,0.158928
78.100060,0.093573,0.084369,0.087437,0.096641,0.146309,0.146309,0.146309,0.146309
78.110062,0.093573,0.084369,0.087437,0.096641,0.124720,0.124720,0.124720,0.124720
78.120056,0.144194,0.136524,0.138058,0.145728,0.095472,0.095472,0.095472,0.095472
78.130058,0.144194,0.136524,0.138058,0.145728,0.060368,0.060368,0.060368,0.060368
78.140060,0.154932,0.148796,0.148796,0.154932,0.021553,0.021553,0.021553,0.021553
78.150063,0.154932,0.148796,0.148796,0.154932,-0.018562,-0.018562,-0.018562,-0.018562
78.160057,0.142660,0.134990,0.139592,0.138058,-0.057509,-0.057509,-0.057509,-0.057509
78.170059,0.142660,0.134990,0.139592,0.138058,-0.092916,-0.092916,-0.092916,-0.092916
78.180061,0.092039,0.085903,0.092039,0.088971,-0.122596,-0.122596,-0.122596,-0.122596
78.190063,0.092039,0.085903,0.092039,0.088971,-0.144717,-0.144717,-0.144717,-0.144717
78.200058,0.012272,0.009204,0.015340,0.010738,-0.157909,-0.157909,-0.157909,-0.157909
78.210060,0.012272,0.009204,0.015340,0.010738,-0.161379,-0.161379,-0.161379,-0.161379
78.220062,-0.070563,-0.085903,-0.070563,-0.081301,-0.154907,-0.154907,-0.154907,-0.154907
78.230064,-0.070563,-0.085903,-0.070563,-0.081301,-0.138896,-0.138896,-0.138896,-0.138896
78.240059,-0.131922,-0.150330,-0.130388,-0.147262,-0.114338,-0.114338,-0.114338,-0.114338
78.250061,-0.131922,-0.150330,-0.130388,-0.147262,-0.082730,-0.082730,-0.082730,-0.082730
78.260056,-0.154932,-0.171806,-0.151864,-0.167204,-0.046047,-0.046047,-0.046047,-0.046047
78.270065,-0.154932,-0.171806,-0.151864,-0.167204,-0.006516,-0.006516,-0.006516,-0.006516
78.280060,-0.151864,-0.167204,-0.150330,-0.161068,0.033394,0.033394,0.033394,0.033394
78.290062,-0.151864,-0.167204,-0.150330,-0.161068,0.071226,0.071226,0.071226,0.071226
78.300064,-0.110447,-0.127320,-0.110447,-0.119651,0.104638,0.104638,0.104638,0.104638
78.310066,-0.110447,-0.127320,-0.110447,-0.119651,0.131586,0.131586,0.131586,0.131586
78.320061,-0.041417,-0.053689,-0.041417,-0.038350,0.150395,0.150395,0.150395,0.150395
78.330063,-0.041417,-0.053689,-0.041417,-0.038350,0.159909,0.159909,0.159909,0.159909
78.340057,0.042951,0.038350,0.042951,0.049087,0.159545,0.159545,0.159545,0.159545
78.350060,0.042951,0.038350,0.042951,0.049087,0.149315,0.149315,0.149315,0.149315
78.360062,0.118117,0.107379,0.113515,0.115049,0.129870,0.129870,0.129870,0.129870
78.370064,0.118117,0.107379,0.113515,0.115049,0.102389,0.102389,0.102389,0.102389
78.380058,0.153398,0.144194,0.147262,0.151864,0.068598,0.068598,0.068598,0.068598
78.390060,0.153398,0.144194,0.147262,0.151864,0.030573,0.030573,0.030573,0.030573
78.400063,0.154932,0.145728,0.148796,0.153398,-0.009325,-0.009325,-0.009325,-0.009325
78.410065,0.154932,0.145728,0.148796,0.153398,-0.048648,-0.048648,-0.048648,-0.048648
78.420059,0.127320,0.119651,0.124252,0.124252,-0.084919,-0.084919,-0.084919,-0.084919
78.430061,0.127320,0.119651,0.124252,0.124252,-0.115932,-0.115932,-0.115932,-0.115932
78.440056,0.062893,0.058291,0.064427,0.061359,-0.139746,-0.139746,-0.139746,-0.139746
78.450066,0.062893,0.058291,0.064427,0.061359,-0.154906,-0.154906,-0.154906,-0.154906
78.460060,-0.019942,-0.030680,-0.019942,-0.023010,-0.160454,-0.160454,-0.160454,-0.160454
78.470055,-0.019942,-0.030680,-0.019942,-0.023010,-0.156058,-0.156058,-0.156058,-0.156058
78.480057,-0.099709,-0.115049,-0.096641,-0.111981,-0.141998,-0.141998,-0.141998,-0.141998
78.490059,-0.099709,-0.115049,-0.096641,-0.111981,-0.119112,-0.119112,-0.119112,-0.119112
78.500061,-0.145728,-0.162602,-0.142660,-0.158000,-0.088859,-0.088859,-0.088859,-0.088859
78.510063,-0.145728,-0.162602,-0.142660,-0.158000,-0.053108,-0.053108,-0.053108,-0.053108
78.520065,-0.153398,-0.168738,-0.150330,-0.165670,-0.014061,-0.014061,-0.014061,-0.014061
78.530060,-0.153398,-0.168738,-0.150330,-0.165670,0.025822,0.025822,0.025822,0.025822
78.540054,-0.138058,-0.154932,-0.138058,-0.148796,0.064079,0.064079,0.064079,0.064079
78.550064,-0.138058,-0.154932,-0.138058,-0.148796,0.098379,0.098379,0.098379,0.098379
78.560066,-0.082835,-0.101243,-0.087437,-0.092039,0.126536,0.126536,0.126536,0.126536
78.570061,-0.082835,-0.101243,-0.087437,-0.092039,0.146815,0.146815,0.146815,0.146815
78.580063,-0.004602,-0.013806,-0.010738,0.000000,0.157965,0.157965,0.157965,0.157965
78.590065,-0.004602,-0.013806,-0.010738,0.000000,0.159290,0.159290,0.159290,0.159290
78.600067,0.075165,0.069029,0.070563,0.076699,0.150708,0.150708,0.150708,0.150708
78.610054,0.075165,0.069029,0.070563,0.076699,0.132772,0.132772,0.132772,0.132772
78.620056,0.134990,0.124252,0.128854,0.134990,0.106578,0.106578,0.106578,0.106578
78.630051,0.134990,0.124252,0.128854,0.134990,0.073758,0.073758,0.073758,0.073758
78.640053,0.153398,0.145728,0.148796,0.153398,0.036352,0.036352,0.036352,0.036352
78.650055,0.153398,0.145728,0.148796,0.153398,-0.003301,-0.003301,-0.003301,-0.003301
78.660019,0.147262,0.139592,0.144194,0.145728,-0.042592,-0.042592,-0.042592,-0.042592
78.670059,0.147262,0.139592,0.144194,0.145728,-0.079489,-0.079489,-0.079489,-0.079489
78.680054,0.104311,0.096641,0.102777,0.101243,-0.111264,-0.111264,-0.111264,-0.111264
78.690056,0.104311,0.096641,0.102777,0.101243,-0.136105,-0.136105,-0.136105,-0.136105
78.700058,0.029146,0.024544,0.032214,0.026078,-0.152447,-0.152447,-0.152447,-0.152447
78.710052,0.029146,0.024544,0.032214,0.026078,-0.159282,-0.159282,-0.159282,-0.159282
78.720055,-0.053689,-0.070563,-0.053689,-0.064427,-0.156178,-0.156178,-0.156178,-0.156178
78.730057,-0.053689,-0.070563,-0.053689,-0.064427,-0.143337,-0.143337,-0.143337,-0.143337
78.740028,-0.121184,-0.139592,-0.118117,-0.136524,-0.121622,-0.121622,-0.121622,-0.121622
78.750061,-0.121184,-0.139592,-0.118117,-0.136524,-0.092181,-0.092181,-0.092181,-0.092181
78.760056,-0.150330,-0.168738,-0.148796,-0.164136,-0.057081,-0.057081,-0.057081,-0.057081
78.770058,-0.150330,-0.168738,-0.148796,-0.164136,-0.018419,-0.018419,-0.018419,-0.018419
78.780052,-0.151864,-0.168738,-0.148796,-0.164136,0.021372,0.021372,0.021372,0.021372
78.790062,-0.151864,-0.168738,-0.148796,-0.164136,0.059826,0.059826,0.059826,0.059826
78.800056,-0.118117,-0.134990,-0.118117,-0.128854,0.094511,0.094511,0.094511,0.094511
78.810051,-0.118117,-0.134990,-0.118117,-0.128854,0.123272,0.123272,0.123272,0.123272
78.820061,-0.052155,-0.062893,-0.053689,-0.050621,0.144332,0.144332,0.144332,0.144332
78.830055,-0.052155,-0.062893,-0.053689,-0.050621,0.156348,0.156348,0.156348,0.156348
78.840057,0.030680,0.030680,0.030680,0.038350,0.158579,0.158579,0.158579,0.158579
78.850052,0.030680,0.030680,0.030680,0.038350,0.150888,0.150888,0.150888,0.150888
78.860062,0.105845,0.101243,0.104311,0.108913,0.133751,0.133751,0.133751,0.133751
78.870056,0.105845,0.101243,0.104311,0.108913,0.108253,0.108253,0.108253,0.108253
78.880058,0.148796,0.141126,0.142660,0.148796,0.075976,0.075976,0.075976,0.075976
78.890053,0.148796,0.141126,0.142660,0.148796,0.038971,0.038971,0.038971,0.038971
78.900055,0.153398,0.145728,0.147262,0.151864,-0.000464,-0.000464,-0.000464,-0.000464
78.910057,0.153398,0.145728,0.147262,0.151864,-0.039877,-0.039877,-0.039877,-0.039877
78.920059,0.131922,0.121184,0.128854,0.127320,-0.076755,-0.076755,-0.076755,-0.076755
78.930054,0.131922,0.121184,0.128854,0.127320,-0.108817,-0.108817,-0.108817,-0.108817
78.940056,0.069029,0.062893,0.072097,0.069029,-0.134035,-0.134035,-0.134035,-0.134035
78.950035,0.069029,0.062893,0.072097,0.069029,-0.150821,-0.150821,-0.150821,-0.150821
78.960060,-0.012272,-0.023010,-0.007670,-0.012272,-0.158176,-0.158176,-0.158176,-0.158176
78.970062,-0.012272,-0.023010,-0.007670,-0.012272,-0.155575,-0.155575,-0.155575,-0.155575
78.980064,-0.090505,-0.108913,-0.087437,-0.101243,-0.143211,-0.143211,-0.143211,-0.143211
78.990059,-0.090505,-0.108913,-0.087437,-0.101243,-0.121856,-0.121856,-0.121856,-0.121856
79.000061,-0.141126,-0.159534,-0.138058,-0.156466,-0.092861,-0.092861,-0.092861,-0.092861
79.010063,-0.141126,-0.159534,-0.138058,-0.156466,-0.058033,-0.058033,-0.058033,-0.058033
79.020065,-0.151864,-0.168738,-0.148796,-0.165670,-0.019579,-0.019579,-0.019579,-0.019579
79.030067,-0.151864,-0.168738,-0.148796,-0.165670,0.020103,0.020103,0.020103,0.020103
79.040062,-0.139592,-0.153398,-0.139592,-0.151864,0.058473,0.058473,0.058473,0.058473
79.050056,-0.139592,-0.153398,-0.139592,-0.151864,0.093182,0.093182,0.093182,0.093182
79.060059,-0.088971,-0.102777,-0.090505,-0.098175,0.122012,0.122012,0.122012,0.122012
79.070061,-0.088971,-0.102777,-0.090505,-0.098175,0.143153,0.143153,0.143153,0.143153
79.080063,-0.010738,-0.015340,-0.012272,-0.006136,0.155274,0.155274,0.155274,0.155274
79.090057,-0.010738,-0.015340,-0.012272,-0.006136,0.157618,0.157618,0.157618,0.157618
79.100060,0.070563,0.067495,0.069029,0.073631,0.150035,0.150035,0.150035,0.150035
79.110062,0.070563,0.067495,0.069029,0.073631,0.133009,0.133009,0.133009,0.133009
79.120064,0.130388,0.124252,0.125786,0.130388,0.107608,0.107608,0.107608,0.107608
79.130066,0.130388,0.124252,0.125786,0.130388,0.075436,0.075436,0.075436,0.075436
79.140053,0.151864,0.144194,0.145728,0.151864,0.038553,0.038553,0.038553,0.038553
79.150063,0.151864,0.144194,0.145728,0.151864,-0.000796,-0.000796,-0.000796,-0.000796
79.160057,0.145728,0.136524,0.144194,0.144194,-0.040049,-0.040049,-0.040049,-0.040049
79.170059,0.145728,0.136524,0.144194,0.144194,-0.076789,-0.076789,-0.076789,-0.076789
79.180061,0.105845,0.095107,0.107379,0.101243,-0.108638,-0.108638,-0.108638,-0.108638
79.190063,0.105845,0.095107,0.107379,0.101243,-0.133641,-0.133641,-0.133641,-0.133641
79.200050,0.032214,0.024544,0.036816,0.029146,-0.150182,-0.150182,-0.150182,-0.150182
79.210060,0.032214,0.024544,0.036816,0.029146,-0.157254,-0.157254,-0.157254,-0.157254
79.220062,-0.053689,-0.070563,-0.047553,-0.061359,-0.154382,-0.154382,-0.154382,-0.154382
79.230064,-0.053689,-0.070563,-0.047553,-0.061359,-0.141761,-0.141761,-0.141761,-0.141761
79.240051,-0.121184,-0.139592,-0.113515,-0.134990,-0.120209,-0.120209,-0.120209,-0.120209
79.250061,-0.121184,-0.139592,-0.113515,-0.134990,-0.091027,-0.091027,-0.091027,-0.091027
79.260063,-0.150330,-0.165670,-0.145728,-0.161068,-0.056113,-0.056113,-0.056113,-0.056113
79.270058,-0.150330,-0.165670,-0.145728,-0.161068,-0.017679,-0.017679,-0.017679,-0.017679
79.280060,-0.150330,-0.165670,-0.145728,-0.159534,0.021868,0.021868,0.021868,0.021868
79.290062,-0.150330,-0.165670,-0.145728,-0.159534,0.060006,0.060006,0.060006,0.060006
79.300064,-0.118117,-0.131922,-0.116583,-0.127320,0.094340,0.094340,0.094340,0.094340
79.310059,-0.118117,-0.131922,-0.116583,-0.127320,0.122684,0.122684,0.122684,0.122684
79.320061,-0.050621,-0.062893,-0.052155,-0.050621,0.143264,0.143264,0.143264,0.143264
79.330063,-0.050621,-0.062893,-0.052155,-0.050621,0.154758,0.154758,0.154758,0.154758
79.340057,0.032214,0.032214,0.030680,0.036816,0.156444,0.156444,0.156444,0.156444
79.350029,0.032214,0.032214,0.030680,0.036816,0.148263,0.148263,0.148263,0.148263
79.360054,0.104311,0.099709,0.102777,0.105845,0.130616,0.130616,0.130616,0.130616
79.370064,0.104311,0.099709,0.102777,0.105845,0.104709,0.104709,0.104709,0.104709
79.380058,0.145728,0.136524,0.141126,0.145728,0.072211,0.072211,0.072211,0.072211
79.390060,0.145728,0.136524,0.141126,0.145728,0.035125,0.035125,0.035125,0.035125
79.400055,0.150330,0.141126,0.144194,0.150330,-0.004156,-0.004156,-0.004156,-0.004156
79.410057,0.150330,0.141126,0.144194,0.150330,-0.043179,-0.043179,-0.043179,-0.043179
79.420044,0.130388,0.121184,0.125786,0.125786,-0.079410,-0.079410,-0.079410,-0.079410
79.430061,0.130388,0.121184,0.125786,0.125786,-0.110665,-0.110665,-0.110665,-0.110665
79.440056,0.069029,0.064427,0.069029,0.062893,-0.134816,-0.134816,-0.134816,-0.134816
79.450066,0.069029,0.064427,0.069029,0.062893,-0.150424,-0.150424,-0.150424,-0.150424
79.460060,-0.018408,-0.023010,-0.013806,-0.019942,-0.156447,-0.156447,-0.156447,-0.156447
79.470062,-0.018408,-0.023010,-0.013806,-0.019942,-0.152533,-0.152533,-0.152533,-0.152533
79.480057,-0.096641,-0.108913,-0.090505,-0.107379,-0.138938,-0.138938,-0.138938,-0.138938
79.490067,-0.096641,-0.108913,-0.090505,-0.107379,-0.116491,-0.116491,-0.116491,-0.116491
79.500061,-0.141126,-0.158000,-0.138058,-0.156466,-0.086669,-0.086669,-0.086669,-0.086669
79.510063,-0.141126,-0.158000,-0.138058,-0.156466,-0.051328,-0.051328,-0.051328,-0.051328
79.520058,-0.148796,-0.165670,-0.145728,-0.162602,-0.012754,-0.012754,-0.012754,-0.012754
79.530060,-0.148796,-0.165670,-0.145728,-0.162602,0.026643,0.026643,0.026643,0.026643
79.540054,-0.134990,-0.153398,-0.134990,-0.145728,0.064273,0.064273,0.064273,0.064273
79.550064,-0.134990,-0.153398,-0.134990,-0.145728,0.097879,0.097879,0.097879,0.097879
79.560059,-0.082835,-0.099709,-0.082835,-0.088971,0.125179,0.125179,0.125179,0.125179
79.570061,-0.082835,-0.099709,-0.082835,-0.088971,0.144526,0.144526,0.144526,0.144526
79.580063,-0.006136,-0.013806,-0.004602,0.000000,0.154641,0.154641,0.154641,0.154641
79.590065,-0.006136,-0.013806,-0.004602,0.000000,0.154899,0.154899,0.154899,0.154899
79.600052,0.073631,0.069029,0.073631,0.078233,0.145299,0.145299,0.145299,0.145299
79.610062,0.073631,0.069029,0.073631,0.078233,0.126407,0.126407,0.126407,0.126407
79.620056,0.133456,0.124252,0.128854,0.133456,0.099480,0.099480,0.099480,0.099480
79.630066,0.133456,0.124252,0.128854,0.133456,0.066198,0.066198,0.066198,0.066198
79.640053,0.150330,0.141126,0.144194,0.150330,0.028747,0.028747,0.028747,0.028747
79.650063,0.150330,0.141126,0.144194,0.150330,-0.010578,-0.010578,-0.010578,-0.010578
79.660057,0.142660,0.133456,0.138058,0.138058,-0.049176,-0.049176,-0.049176,-0.049176
79.670059,0.142660,0.133456,0.138058,0.138058,-0.084639,-0.084639,-0.084639,-0.084639
79.680054,0.098175,0.088971,0.095107,0.093573,-0.114651,-0.114651,-0.114651,-0.114651
79.690063,0.098175,0.088971,0.095107,0.093573,-0.137372,-0.137372,-0.137372,-0.137372
79.700058,0.021476,0.018408,0.023010,0.018408,-0.151277,-0.151277,-0.151277,-0.151277
79.710052,0.021476,0.018408,0.023010,0.018408,-0.155517,-0.155517,-0.155517,-0.155517
79.720062,-0.062893,-0.076699,-0.059825,-0.070563,-0.149809,-0.149809,-0.149809,-0.149809
79.730057,-0.062893,-0.076699,-0.059825,-0.070563,-0.134522,-0.134522,-0.134522,-0.134522
79.740059,-0.124252,-0.141126,-0.119651,-0.138058,-0.110646,-0.110646,-0.110646,-0.110646
79.750061,-0.124252,-0.141126,-0.119651,-0.138058,-0.079680,-0.079680,-0.079680,-0.079680
79.760056,-0.148796,-0.165670,-0.144194,-0.161068,-0.043651,-0.043651,-0.043651,-0.043651
79.770065,-0.148796,-0.165670,-0.144194,-0.161068,-0.004805,-0.004805,-0.004805,-0.004805
79.780060,-0.145728,-0.162602,-0.144194,-0.158000,0.034301,0.034301,0.034301,0.034301
79.790062,-0.145728,-0.162602,-0.144194,-0.158000,0.071216,0.071216,0.071216,0.071216
79.800034,-0.107379,-0.122718,-0.110447,-0.116583,0.103458,0.103458,0.103458,0.103458
79.810059,-0.107379,-0.122718,-0.110447,-0.116583,0.129222,0.129222,0.129222,0.129222
79.820061,-0.038350,-0.052155,-0.044485,-0.035282,0.146613,0.146613,0.146613,0.146613
79.830063,-0.038350,-0.052155,-0.044485,-0.035282,0.154599,0.154599,0.154599,0.154599
79.840057,0.044485,0.039884,0.039884,0.049087,0.152672,0.152672,0.152672,0.152672
79.850060,0.044485,0.039884,0.039884,0.049087,0.140943,0.140943,0.140943,0.140943
79.860054,0.113515,0.105845,0.110447,0.115049,0.120196,0.120196,0.120196,0.120196
79.870064,0.113515,0.105845,0.110447,0.115049,0.091718,0.091718,0.091718,0.091718
79.880058,0.145728,0.138058,0.141126,0.147262,0.057381,0.057381,0.057381,0.057381
79.890060,0.145728,0.138058,0.141126,0.147262,0.019351,0.019351,0.019351,0.019351
79.900063,0.147262,0.139592,0.141126,0.147262,-0.019886,-0.019886,-0.019886,-0.019886
79.910065,0.147262,0.139592,0.141126,0.147262,-0.057840,-0.057840,-0.057840,-0.057840
79.920067,0.118117,0.110447,0.116583,0.115049,-0.092068,-0.092068,-0.092068,-0.092068
79.930054,0.118117,0.110447,0.116583,0.115049,-0.120330,-0.120330,-0.120330,-0.120330
79.940056,0.052155,0.047553,0.053689,0.050621,-0.140880,-0.140880,-0.140880,-0.140880
79.950058,0.052155,0.047553,0.053689,0.050621,-0.152366,-0.152366,-0.152366,-0.152366
79.960052,-0.030680,-0.039884,-0.029146,-0.036816,-0.154046,-0.154046,-0.154046,-0.154046
79.970055,-0.030680,-0.039884,-0.029146,-0.036816,-0.145812,-0.145812,-0.145812,-0.145812
79.980049,-0.107379,-0.121184,-0.102777,-0.118117,-0.128211,-0.128211,-0.128211,-0.128211
79.990051,-0.107379,-0.121184,-0.102777,-0.118117,-0.102353,-0.102353,-0.102353,-0.102353
80.000061,-0.144194,-0.161068,-0.142660,-0.158000,-0.069906,-0.069906,-0.069906,-0.069906
80.010056,-0.144194,-0.161068,-0.142660,-0.158000,-0.032991,-0.032991,-0.032991,-0.032991
80.020058,-0.147262,-0.164136,-0.144194,-0.159534,0.006054,0.006054,0.006054,0.006054
80.030060,-0.147262,-0.164136,-0.144194,-0.159534,0.044684,0.044684,0.044684,0.044684
80.040054,-0.125786,-0.141126,-0.124252,-0.136524,0.080416,0.080416,0.080416,0.080416
80.050056,-0.125786,-0.141126,-0.124252,-0.136524,0.110963,0.110963,0.110963,0.110963
80.060059,-0.064427,-0.082835,-0.064427,-0.070563,0.134341,0.134341,0.134341,0.134341
80.070061,-0.064427,-0.082835,-0.064427,-0.070563,0.149040,0.149040,0.149040,0.149040
80.080055,0.015340,0.009204,0.013806,0.018408,0.154124,0.154124,0.154124,0.154124
80.090057,0.015340,0.009204,0.013806,0.018408,0.149261,0.149261,0.149261,0.149261
80.100060,0.093573,0.084369,0.088971,0.093573,0.134766,0.134766,0.134766,0.134766
80.110062,0.093573,0.084369,0.088971,0.093573,0.111577,0.111577,0.111577,0.111577
80.120056,0.141126,0.130388,0.133456,0.139592,0.081202,0.081202,0.081202,0.081202
80.130058,0.141126,0.130388,0.133456,0.139592,0.045582,0.045582,0.045582,0.045582
80.140053,0.148796,0.139592,0.141126,0.147262,0.007040,0.007040,0.007040,0.007040
80.150055,0.148796,0.139592,0.141126,0.147262,-0.031942,-0.031942,-0.031942,-0.031942
80.160057,0.131922,0.122718,0.127320,0.127320,-0.068858,-0.068858,-0.068858,-0.068858
80.170059,0.131922,0.122718,0.127320,0.127320,-0.101305,-0.101305,-0.101305,-0.101305
80.180061,0.076699,0.070563,0.078233,0.073631,-0.127190,-0.127190,-0.127190,-0.127190
80.190056,0.076699,0.070563,0.078233,0.073631,-0.144826,-0.144826,-0.144826,-0.144826
80.200058,-0.001534,-0.009204,0.000000,-0.003068,-0.153095,-0.153095,-0.153095,-0.153095
80.210060,-0.001534,-0.009204,0.000000,-0.003068,-0.151453,-0.151453,-0.151453,-0.151453
80.220024,-0.081301,-0.096641,-0.081301,-0.093573,-0.140063,-0.140063,-0.140063,-0.140063
80.230057,-0.081301,-0.096641,-0.081301,-0.093573,-0.119504,-0.119504,-0.119504,-0.119504
80.240059,-0.133456,-0.150330,-0.133456,-0.147262,-0.091268,-0.091268,-0.091268,-0.091268
80.250061,-0.133456,-0.150330,-0.133456,-0.147262,-0.057125,-0.057125,-0.057125,-0.057125
80.260056,-0.147262,-0.164136,-0.144194,-0.159534,-0.019325,-0.019325,-0.019325,-0.019325
80.270058,-0.147262,-0.164136,-0.144194,-0.159534,0.019744,0.019744,0.019744,0.019744
80.280052,-0.136524,-0.151864,-0.136524,-0.147262,0.057504,0.057504,0.057504,0.057504
80.290054,-0.136524,-0.151864,-0.136524,-0.147262,0.091546,0.091546,0.091546,0.091546
80.300056,-0.087437,-0.105845,-0.092039,-0.096641,0.119612,0.119612,0.119612,0.119612
80.310059,-0.087437,-0.105845,-0.092039,-0.096641,0.139925,0.139925,0.139925,0.139925
80.320061,-0.012272,-0.023010,-0.016874,-0.009204,0.151145,0.151145,0.151145,0.151145
80.330055,-0.012272,-0.023010,-0.016874,-0.009204,0.152547,0.152547,0.152547,0.152547
80.340057,0.067495,0.062893,0.062893,0.069029,0.144048,0.144048,0.144048,0.144048
80.350060,0.067495,0.062893,0.062893,0.069029,0.126200,0.126200,0.126200,0.126200
80.360054,0.125786,0.118117,0.121184,0.127320,0.100163,0.100163,0.100163,0.100163
80.370056,0.125786,0.118117,0.121184,0.127320,0.067629,0.067629,0.067629,0.067629
80.380051,0.148796,0.139592,0.141126,0.147262,0.030722,0.030722,0.030722,0.030722
80.390053,0.148796,0.139592,0.141126,0.147262,-0.008184,-0.008184,-0.008184,-0.008184
80.400055,0.141126,0.130388,0.138058,0.138058,-0.046535,-0.046535,-0.046535,-0.046535
80.410057,0.141126,0.130388,0.138058,0.138058,-0.081858,-0.081858,-0.081858,-0.081858
80.420059,0.098175,0.088971,0.096641,0.092039,-0.111834,-0.111834,-0.111834,-0.111834
80.430054,0.098175,0.088971,0.096641,0.092039,-0.134519,-0.134519,-0.134519,-0.134519
80.440056,0.024544,0.015340,0.024544,0.016874,-0.148444,-0.148444,-0.148444,-0.148444
80.450058,0.024544,0.015340,0.024544,0.016874,-0.152704,-0.152704,-0.152704,-0.152704
80.460060,-0.058291,-0.076699,-0.058291,-0.073631,-0.147016,-0.147016,-0.147016,-0.147016
80.470055,-0.058291,-0.076699,-0.058291,-0.073631,-0.131762,-0.131762,-0.131762,-0.131762
80.480057,-0.124252,-0.139592,-0.118117,-0.136524,-0.107929,-0.107929,-0.107929,-0.107929
80.490059,-0.124252,-0.139592,-0.118117,-0.136524,-0.077056,-0.077056,-0.077056,-0.077056
80.500053,-0.145728,-0.162602,-0.144194,-0.159534,-0.041193,-0.041193,-0.041193,-0.041193
80.510056,-0.145728,-0.162602,-0.144194,-0.159534,-0.002651,-0.002651,-0.002651,-0.002651
80.520058,-0.142660,-0.159534,-0.142660,-0.154932,0.036055,0.036055,0.036055,0.036055
80.530037,-0.142660,-0.159534,-0.142660,-0.154932,0.072319,0.072319,0.072319,0.072319
80.540062,-0.104311,-0.118117,-0.104311,-0.115049,0.103998,0.103998,0.103998,0.103998
80.550026,-0.104311,-0.118117,-0.104311,-0.115049,0.128726,0.128726,0.128726,0.128726
80.560059,-0.036816,-0.042951,-0.035282,-0.035282,0.145181,0.145181,0.145181,0.145181
80.570061,-0.036816,-0.042951,-0.035282,-0.035282,0.152080,0.152080,0.152080,0.152080
80.580063,0.046019,0.044485,0.046019,0.049087,0.149048,0.149048,0.149048,0.149048
80.590065,0.046019,0.044485,0.046019,0.049087,0.136279,0.136279,0.136279,0.136279
80.600060,0.113515,0.108913,0.110447,0.113515,0.114613,0.114613,0.114613,0.114613
80.610062,0.113515,0.108913,0.110447,0.113515,0.085464,0.085464,0.085464,0.085464
80.620064,0.144194,0.138058,0.138058,0.144194,0.050742,0.050742,0.050742,0.050742
80.630035,0.144194,0.138058,0.138058,0.144194,0.012816,0.012816,0.012816,0.012816
80.640060,0.145728,0.136524,0.138058,0.144194,-0.026115,-0.026115,-0.026115,-0.026115
80.650063,0.145728,0.136524,0.138058,0.144194,-0.063251,-0.063251,-0.063251,-0.063251
80.660057,0.111981,0.102777,0.110447,0.110447,-0.096214,-0.096214,-0.096214,-0.096214
80.670059,0.111981,0.102777,0.110447,0.110447,-0.122874,-0.122874,-0.122874,-0.122874
80.680054,0.046019,0.036816,0.047553,0.042951,-0.141481,-0.141481,-0.141481,-0.141481
80.690063,0.046019,0.036816,0.047553,0.042951,-0.150823,-0.150823,-0.150823,-0.150823
80.700058,-0.036816,-0.053689,-0.036816,-0.044485,-0.150280,-0.150280,-0.150280,-0.150280
80.710060,-0.036816,-0.053689,-0.036816,-0.044485,-0.139891,-0.139891,-0.139891,-0.139891
80.720062,-0.108913,-0.127320,-0.105845,-0.121184,-0.120345,-0.120345,-0.120345,-0.120345
80.730057,-0.108913,-0.127320,-0.105845,-0.121184,-0.092915,-0.092915,-0.092915,-0.092915
80.740059,-0.144194,-0.161068,-0.141126,-0.156466,-0.059416,-0.059416,-0.059416,-0.059416
80.750053,-0.144194,-0.161068,-0.141126,-0.156466,-0.022033,-0.022033,-0.022033,-0.022033
80.760056,-0.145728,-0.161068,-0.142660,-0.158000,0.016788,0.016788,0.016788,0.016788
80.770058,-0.145728,-0.161068,-0.142660,-0.158000,0.054510,0.054510,0.054510,0.054510
80.780060,-0.118117,-0.131922,-0.118117,-0.127320,0.088626,0.088626,0.088626,0.088626
80.790024,-0.118117,-0.131922,-0.118117,-0.127320,0.116819,0.116819,0.116819,0.116819
80.800056,-0.055223,-0.065961,-0.059825,-0.058291,0.137510,0.137510,0.137510,0.137510
80.810059,-0.055223,-0.065961,-0.059825,-0.058291,0.149074,0.149074,0.149074,0.149074
80.820053,0.026078,0.026078,0.018408,0.029146,0.150842,0.150842,0.150842,0.150842
80.830063,0.026078,0.026078,0.018408,0.029146,0.142692,0.142692,0.142692,0.142692
80.840057,0.099709,0.093573,0.092039,0.099709,0.125186,0.125186,0.125186,0.125186
80.850060,0.099709,0.093573,0.092039,0.099709,0.099442,0.099442,0.099442,0.099442
80.860062,0.141126,0.133456,0.134990,0.139592,0.067173,0.067173,0.067173,0.067173
80.870056,0.141126,0.133456,0.134990,0.139592,0.030508,0.030508,0.030508,0.030508
80.880051,0.145728,0.136524,0.139592,0.144194,-0.008138,-0.008138,-0.008138,-0.008138
80.890060,0.145728,0.136524,0.139592,0.144194,-0.046285,-0.046285,-0.046285,-0.046285
80.900055,0.122718,0.111981,0.119651,0.119651,-0.081325,-0.081325,-0.081325,-0.081325
80.910057,0.122718,0.111981,0.119651,0.119651,-0.111025,-0.111025,-0.111025,-0.111025
80.920059,0.061359,0.055223,0.062893,0.061359,-0.133394,-0.133394,-0.133394,-0.133394
80.930061,0.061359,0.055223,0.062893,0.061359,-0.146965,-0.146965,-0.146965,-0.146965
80.940056,-0.018408,-0.030680,-0.016874,-0.021476,-0.150850,-0.150850,-0.150850,-0.150850
80.950058,-0.018408,-0.030680,-0.016874,-0.021476,-0.144796,-0.144796,-0.144796,-0.144796
80.960060,-0.093573,-0.113515,-0.092039,-0.107379,-0.129200,-0.129200,-0.129200,-0.129200
80.970062,-0.093573,-0.113515,-0.092039,-0.107379,-0.105090,-0.105090,-0.105090,-0.105090
80.980064,-0.139592,-0.154932,-0.134990,-0.151864,-0.074062,-0.074062,-0.074062,-0.074062
80.990059,-0.139592,-0.154932,-0.134990,-0.151864,-0.038169,-0.038169,-0.038169,-0.038169
81.000061,-0.144194,-0.161068,-0.141126,-0.158000,0.000247,0.000247,0.000247,0.000247
81.010056,-0.144194,-0.161068,-0.141126,-0.158000,0.038603,0.038603,0.038603,0.038603
81.020058,-0.125786,-0.139592,-0.124252,-0.136524,0.074414,0.074414,0.074414,0.074414
81.030060,-0.125786,-0.139592,-0.124252,-0.136524,0.105303,0.105303,0.105303,0.105303
81.040016,-0.069029,-0.082835,-0.069029,-0.073631,0.129138,0.129138,0.129138,0.129138
81.050056,-0.069029,-0.082835,-0.069029,-0.073631,0.144605,0.144605,0.144605,0.144605
81.060059,0.009204,0.006136,0.009204,0.013806,0.150426,0.150426,0.150426,0.150426
81.070053,0.009204,0.006136,0.009204,0.013806,0.146306,0.146306,0.146306,0.146306
81.080055,0.085903,0.081301,0.082835,0.085903,0.132523,0.132523,0.132523,0.132523
81.090057,0.085903,0.081301,0.082835,0.085903,0.109972,0.109972,0.109972,0.109972
81.100052,0.134990,0.127320,0.130388,0.133456,0.080165,0.080165,0.080165,0.080165
81.110054,0.134990,0.127320,0.130388,0.133456,0.045058,0.045058,0.045058,0.045058
81.120056,0.144194,0.136524,0.138058,0.144194,0.006987,0.006987,0.006987,0.006987
81.130058,0.144194,0.136524,0.138058,0.144194,-0.031520,-0.031520,-0.031520,-0.031520
81.140053,0.130388,0.121184,0.125786,0.127320,-0.067940,-0.067940,-0.067940,-0.067940
81.150055,0.130388,0.121184,0.125786,0.127320,-0.099853,-0.099853,-0.099853,-0.099853
81.160065,0.078233,0.070563,0.078233,0.073631,-0.125139,-0.125139,-0.125139,-0.125139
81.170059,0.078233,0.070563,0.078233,0.073631,-0.142109,-0.142109,-0.142109,-0.142109
81.180061,-0.001534,-0.009204,0.000000,-0.003068,-0.149671,-0.149671,-0.149671,-0.149671
81.190063,-0.001534,-0.009204,0.000000,-0.003068,-0.147304,-0.147304,-0.147304,-0.147304
81.200066,-0.079767,-0.096641,-0.079767,-0.092039,-0.135173,-0.135173,-0.135173,-0.135173
81.210060,-0.079767,-0.096641,-0.079767,-0.092039,-0.114081,-0.114081,-0.114081,-0.114081
81.220062,-0.131922,-0.148796,-0.131922,-0.145728,-0.085429,-0.085429,-0.085429,-0.085429
81.230064,-0.131922,-0.148796,-0.131922,-0.145728,-0.051126,-0.051126,-0.051126,-0.051126
81.240059,-0.142660,-0.161068,-0.142660,-0.156466,-0.013468,-0.013468,-0.013468,-0.013468
81.250053,-0.142660,-0.161068,-0.142660,-0.156466,0.025084,0.025084,0.025084,0.025084
81.260056,-0.131922,-0.148796,-0.131922,-0.141126,0.061990,0.061990,0.061990,0.061990
81.270058,-0.131922,-0.148796,-0.131922,-0.141126,0.094748,0.094748,0.094748,0.094748
81.280060,-0.081301,-0.099709,-0.082835,-0.084369,0.121197,0.121197,0.121197,0.121197
81.290062,-0.081301,-0.099709,-0.082835,-0.084369,0.139582,0.139582,0.139582,0.139582
81.300064,-0.006136,-0.015340,-0.010738,0.003068,0.148687,0.148687,0.148687,0.148687
81.310066,-0.006136,-0.015340,-0.010738,0.003068,0.147903,0.147903,0.147903,0.147903
81.320061,0.072097,0.065961,0.067495,0.073631,0.137287,0.137287,0.137287,0.137287
81.330063,0.072097,0.065961,0.067495,0.073631,0.117543,0.117543,0.117543,0.117543
81.340057,0.127320,0.118117,0.121184,0.127320,0.090009,0.090009,0.090009,0.090009
81.350060,0.127320,0.118117,0.121184,0.127320,0.056473,0.056473,0.056473,0.056473
81.360062,0.142660,0.134990,0.138058,0.142660,0.019199,0.019199,0.019199,0.019199
81.370064,0.142660,0.134990,0.138058,0.142660,-0.019347,-0.019347,-0.019347,-0.019347
81.380074,0.134990,0.125786,0.131922,0.131922,-0.056613,-0.056613,-0.056613,-0.056613
81.390068,0.134990,0.125786,0.131922,0.131922,-0.090047,-0.090047,-0.090047,-0.090047
81.400055,0.087437,0.079767,0.085903,0.082835,-0.117473,-0.117473,-0.117473,-0.117473
81.410057,0.087437,0.079767,0.085903,0.082835,-0.137083,-0.137083,-0.137083,-0.137083
81.420059,0.012272,0.007670,0.013806,0.009204,-0.147552,-0.147552,-0.147552,-0.147552
81.430023,0.012272,0.007670,0.013806,0.009204,-0.148195,-0.148195,-0.148195,-0.148195
81.440056,-0.070563,-0.084369,-0.067495,-0.079767,-0.138929,-0.138929,-0.138929,-0.138929
81.450058,-0.070563,-0.084369,-0.067495,-0.079767,-0.120411,-0.120411,-0.120411,-0.120411
81.460060,-0.127320,-0.142660,-0.122718,-0.139592,-0.093869,-0.093869,-0.093869,-0.093869
81.470062,-0.127320,-0.142660,-0.122718,-0.139592,-0.061069,-0.061069,-0.061069,-0.061069
81.480064,-0.144194,-0.161068,-0.141126,-0.156466,-0.024211,-0.024211,-0.024211,-0.024211
81.490059,-0.144194,-0.161068,-0.141126,-0.156466,0.014256,0.014256,0.014256,0.014256
81.500061,-0.134990,-0.151864,-0.134990,-0.147262,0.051755,0.051755,0.051755,0.051755
81.510063,-0.134990,-0.151864,-0.134990,-0.147262,0.085776,0.085776,0.085776,0.085776
81.520065,-0.088971,-0.107379,-0.090505,-0.098175,0.114063,0.114063,0.114063,0.114063
81.530060,-0.088971,-0.107379,-0.090505,-0.098175,0.134708,0.134708,0.134708,0.134708
81.540062,-0.018408,-0.027612,-0.018408,-0.013806,0.146349,0.146349,0.146349,0.146349
81.550064,-0.018408,-0.027612,-0.018408,-0.013806,0.148202,0.148202,0.148202,0.148202
81.560059,0.061359,0.056757,0.059825,0.062893,0.140145,0.140145,0.140145,0.140145
81.570061,0.061359,0.056757,0.059825,0.062893,0.122710,0.122710,0.122710,0.122710
81.580063,0.121184,0.111981,0.118117,0.119651,0.097089,0.097089,0.097089,0.097089
81.590065,0.121184,0.111981,0.118117,0.119651,0.064967,0.064967,0.064967,0.064967
81.600060,0.142660,0.134990,0.136524,0.141126,0.028505,0.028505,0.028505,0.028505
81.610062,0.142660,0.134990,0.136524,0.141126,-0.009835,-0.009835,-0.009835,-0.009835
81.620064,0.136524,0.128854,0.131922,0.133456,-0.047527,-0.047527,-0.047527,-0.047527
81.630058,0.136524,0.128854,0.131922,0.133456,-0.082000,-0.082000,-0.082000,-0.082000
81.640060,0.095107,0.087437,0.092039,0.092039,-0.110968,-0.110968,-0.110968,-0.110968
81.650063,0.095107,0.087437,0.092039,0.092039,-0.132500,-0.132500,-0.132500,-0.132500
81.660057,0.023010,0.019942,0.023010,0.019942,-0.145137,-0.145137,-0.145137,-0.145137
81.670059,0.023010,0.019942,0.023010,0.019942,-0.148043,-0.148043,-0.148043,-0.148043
81.680054,-0.058291,-0.073631,-0.056757,-0.067495,-0.141021,-0.141021,-0.141021,-0.141021
81.690063,-0.058291,-0.073631,-0.056757,-0.067495,-0.124532,-0.124532,-0.124532,-0.124532
81.700058,-0.121184,-0.138058,-0.116583,-0.133456,-0.099708,-0.099708,-0.099708,-0.099708
81.710060,-0.121184,-0.138058,-0.116583,-0.133456,-0.068184,-0.068184,-0.068184,-0.068184
81.720062,-0.142660,-0.161068,-0.139592,-0.156466,-0.032107,-0.032107,-0.032107,-0.032107
81.730057,-0.142660,-0.161068,-0.139592,-0.156466,0.006110,0.006110,0.006110,0.006110
81.740059,-0.138058,-0.154932,-0.136524,-0.150330,0.043899,0.043899,0.043899,0.043899
81.750061,-0.138058,-0.154932,-0.136524,-0.150330,0.078747,0.078747,0.078747,0.078747
81.760063,-0.096641,-0.113515,-0.096641,-0.105845,0.108287,0.108287,0.108287,0.108287
81.770065,-0.096641,-0.113515,-0.096641,-0.105845,0.130524,0.130524,0.130524,0.130524
81.780060,-0.026078,-0.036816,-0.026078,-0.023010,0.143979,0.143979,0.143979,0.143979
81.790062,-0.026078,-0.036816,-0.026078,-0.023010,0.147755,0.147755,0.147755,0.147755
81.800034,0.053689,0.049087,0.052155,0.056757,0.141619,0.141619,0.141619,0.141619
81.810059,0.053689,0.049087,0.052155,0.056757,0.125904,0.125904,0.125904,0.125904
81.820061,0.116583,0.108913,0.111981,0.115049,0.101746,0.101746,0.101746,0.101746
81.830063,0.116583,0.108913,0.111981,0.115049,0.070755,0.070755,0.070755,0.070755
81.840057,0.141126,0.133456,0.134990,0.141126,0.035036,0.035036,0.035036,0.035036
81.850060,0.141126,0.133456,0.134990,0.141126,-0.003061,-0.003061,-0.003061,-0.003061
81.860062,0.138058,0.130388,0.133456,0.134990,-0.040941,-0.040941,-0.040941,-0.040941
81.870064,0.138058,0.130388,0.133456,0.134990,-0.076040,-0.076040,-0.076040,-0.076040
81.880058,0.099709,0.092039,0.098175,0.096641,-0.105999,-0.105999,-0.105999,-0.105999
81.890060,0.099709,0.092039,0.098175,0.096641,-0.128801,-0.128801,-0.128801,-0.128801
81.900063,0.030680,0.026078,0.030680,0.026078,-0.142917,-0.142917,-0.142917,-0.142917
81.910065,0.030680,0.026078,0.030680,0.026078,-0.147385,-0.147385,-0.147385,-0.147385
81.920067,-0.050621,-0.065961,-0.050621,-0.059825,-0.141910,-0.141910,-0.141910,-0.141910
81.930016,-0.050621,-0.065961,-0.050621,-0.059825,-0.126954,-0.126954,-0.126954,-0.126954
81.940056,-0.118117,-0.133456,-0.111981,-0.130388,-0.103282,-0.103282,-0.103282,-0.103282
81.950058,-0.118117,-0.133456,-0.111981,-0.130388,-0.072715,-0.072715,-0.072715,-0.072715
81.960052,-0.142660,-0.159534,-0.139592,-0.154932,-0.037265,-0.037265,-0.037265,-0.037265
81.970055,-0.142660,-0.159534,-0.139592,-0.154932,0.000705,0.000705,0.000705,0.000705
81.980064,-0.138058,-0.156466,-0.138058,-0.150330,0.038616,0.038616,0.038616,0.038616
81.990059,-0.138058,-0.156466,-0.138058,-0.150330,0.073880,0.073880,0.073880,0.073880
82.000053,-0.101243,-0.118117,-0.099709,-0.108913,0.104152,0.104152,0.104152,0.104152
82.010056,-0.101243,-0.118117,-0.099709,-0.108913,0.127377,0.127377,0.127377,0.127377
82.020058,-0.033748,-0.042951,-0.032214,-0.026078,0.141976,0.141976,0.141976,0.141976
82.030060,-0.033748,-0.042951,-0.032214,-0.026078,0.146970,0.146970,0.146970,0.146970
82.040054,0.047553,0.042951,0.047553,0.056757,0.142023,0.142023,0.142023,0.142023
82.050056,0.047553,0.042951,0.047553,0.056757,0.127465,0.127465,0.127465,0.127465
82.060059,0.113515,0.104311,0.110447,0.115049,0.104289,0.104289,0.104289,0.104289
82.070053,0.113515,0.104311,0.110447,0.115049,0.074060,0.074060,0.074060,0.074060
82.080055,0.139592,0.131922,0.134990,0.139592,0.038829,0.038829,0.038829,0.038829
82.090057,0.139592,0.131922,0.134990,0.139592,0.000977,0.000977,0.000977,0.000977
82.100060,0.138058,0.130388,0.133456,0.136524,-0.036929,-0.036929,-0.036929,-0.036929
82.110054,0.138058,0.130388,0.133456,0.136524,-0.072310,-0.072310,-0.072310,-0.072310
82.120056,0.101243,0.096641,0.099709,0.098175,-0.102778,-0.102778,-0.102778,-0.102778
82.130035,0.101243,0.096641,0.099709,0.098175,-0.126235,-0.126235,-0.126235,-0.126235
82.140053,0.033748,0.030680,0.035282,0.030680,-0.141196,-0.141196,-0.141196,-0.141196
82.150055,0.033748,0.030680,0.035282,0.030680,-0.146538,-0.146538,-0.146538,-0.146538
82.160065,-0.047553,-0.061359,-0.047553,-0.056757,-0.141931,-0.141931,-0.141931,-0.141931
82.170059,-0.047553,-0.061359,-0.047553,-0.056757,-0.127702,-0.127702,-0.127702,-0.127702
82.180061,-0.113515,-0.130388,-0.110447,-0.127320,-0.104807,-0.104807,-0.104807,-0.104807
82.190056,-0.113515,-0.130388,-0.110447,-0.127320,-0.074811,-0.074811,-0.074811,-0.074811
82.200066,-0.141126,-0.158000,-0.138058,-0.154932,-0.039700,-0.039700,-0.039700,-0.039700
82.210060,-0.141126,-0.158000,-0.138058,-0.154932,-0.001974,-0.001974,-0.001974,-0.001974
82.220055,-0.139592,-0.156466,-0.136524,-0.150330,0.035891,0.035891,0.035891,0.035891
82.230064,-0.139592,-0.156466,-0.136524,-0.150330,0.071335,0.071335,0.071335,0.071335
82.240059,-0.101243,-0.119651,-0.101243,-0.110447,0.101879,0.101879,0.101879,0.101879
82.250038,-0.101243,-0.119651,-0.101243,-0.110447,0.125477,0.125477,0.125477,0.125477
82.260056,-0.035282,-0.042951,-0.035282,-0.032214,0.140593,0.140593,0.140593,0.140593
82.270065,-0.035282,-0.042951,-0.035282,-0.032214,0.146107,0.146107,0.146107,0.146107
82.280037,0.044485,0.042951,0.042951,0.049087,0.141702,0.141702,0.141702,0.141702
82.290054,0.044485,0.042951,0.042951,0.049087,0.127616,0.127616,0.127616,0.127616
82.300049,0.110447,0.105845,0.107379,0.108913,0.104886,0.104886,0.104886,0.104886
82.310059,0.110447,0.105845,0.107379,0.108913,0.074974,0.074974,0.074974,0.074974
82.320061,0.139592,0.130388,0.133456,0.138058,0.040011,0.040011,0.040011,0.040011
82.330063,0.139592,0.130388,0.133456,0.138058,0.002321,0.002321,0.002321,0.002321
82.340057,0.138058,0.130388,0.133456,0.134990,-0.035504,-0.035504,-0.035504,-0.035504
82.350060,0.138058,0.130388,0.133456,0.134990,-0.070919,-0.070919,-0.070919,-0.070919
82.360054,0.102777,0.093573,0.102777,0.098175,-0.101443,-0.101443,-0.101443,-0.101443
82.370064,0.102777,0.093573,0.102777,0.098175,-0.125088,-0.125088,-0.125088,-0.125088
82.380058,0.035282,0.026078,0.036816,0.032214,-0.140171,-0.140171,-0.140171,-0.140171
82.390068,0.035282,0.026078,0.036816,0.032214,-0.145687,-0.145687,-0.145687,-0.145687
82.400055,-0.046019,-0.064427,-0.046019,-0.055223,-0.141268,-0.141268,-0.141268,-0.141268
82.410057,-0.046019,-0.064427,-0.046019,-0.055223,-0.127197,-0.127197,-0.127197,-0.127197
82.420059,-0.113515,-0.130388,-0.110447,-0.124252,-0.104456,-0.104456,-0.104456,-0.104456
82.430061,-0.113515,-0.130388,-0.110447,-0.124252,-0.074593,-0.074593,-0.074593,-0.074593
82.440056,-0.139592,-0.156466,-0.136524,-0.153398,-0.039661,-0.039661,-0.039661,-0.039661
82.450058,-0.139592,-0.156466,-0.136524,-0.153398,-0.001998,-0.001998,-0.001998,-0.001998
82.460060,-0.138058,-0.153398,-0.136524,-0.150330,0.035777,0.035777,0.035777,0.035777
82.470062,-0.138058,-0.153398,-0.136524,-0.150330,0.071088,0.071088,0.071088,0.071088
82.480057,-0.099709,-0.116583,-0.101243,-0.111981,0.101513,0.101513,0.101513,0.101513
82.490059,-0.099709,-0.116583,-0.101243,-0.111981,0.125001,0.125001,0.125001,0.125001
82.500053,-0.032214,-0.046019,-0.035282,-0.033748,0.139921,0.139921,0.139921,0.139921
82.510063,-0.032214,-0.046019,-0.035282,-0.033748,0.145277,0.145277,0.145277,0.145277
82.520058,0.044485,0.044485,0.044485,0.049087,0.140687,0.140687,0.140687,0.140687
82.530060,0.044485,0.044485,0.044485,0.049087,0.126465,0.126465,0.126465,0.126465
82.540031,0.110447,0.104311,0.107379,0.110447,0.103679,0.103679,0.103679,0.103679
82.550064,0.110447,0.104311,0.107379,0.110447,0.073634,0.073634,0.073634,0.073634
82.560059,0.138058,0.130388,0.133456,0.138058,0.038648,0.038648,0.038648,0.038648
82.570061,0.138058,0.130388,0.133456,0.138058,0.001015,0.001015,0.001015,0.001015
82.580063,0.136524,0.127320,0.131922,0.134990,-0.036668,-0.036668,-0.036668,-0.036668
82.590065,0.136524,0.127320,0.131922,0.134990,-0.071814,-0.071814,-0.071814,-0.071814
82.600060,0.101243,0.092039,0.099709,0.098175,-0.102034,-0.102034,-0.102034,-0.102034
82.610062,0.101243,0.092039,0.099709,0.098175,-0.125237,-0.125237,-0.125237,-0.125237
82.620064,0.035282,0.026078,0.035282,0.032214,-0.139855,-0.139855,-0.139855,-0.139855
82.630051,0.035282,0.026078,0.035282,0.032214,-0.144869,-0.144869,-0.144869,-0.144869
82.640060,-0.046019,-0.064427,-0.046019,-0.055223,-0.139940,-0.139940,-0.139940,-0.139940
82.650063,-0.046019,-0.064427,-0.046019,-0.055223,-0.125410,-0.125410,-0.125410,-0.125410
82.660057,-0.111981,-0.130388,-0.108913,-0.124252,-0.102279,-0.102279,-0.102279,-0.102279
82.670059,-0.111981,-0.130388,-0.108913,-0.124252,-0.072133,-0.072133,-0.072133,-0.072133
82.680054,-0.139592,-0.156466,-0.136524,-0.153398,-0.037051,-0.037051,-0.037051,-0.037051
82.690048,-0.139592,-0.156466,-0.136524,-0.153398,0.000544,0.000544,0.000544,0.000544
82.700058,-0.136524,-0.153398,-0.134990,-0.148796,0.038158,0.038158,0.038158,0.038158
82.710060,-0.136524,-0.153398,-0.134990,-0.148796,0.073088,0.073088,0.073088,0.073088
82.720055,-0.099709,-0.115049,-0.099709,-0.110447,0.102983,0.102983,0.102983,0.102983
82.730057,-0.099709,-0.115049,-0.099709,-0.110447,0.125782,0.125782,0.125782,0.125782
82.740059,-0.032214,-0.041417,-0.033748,-0.032214,0.139932,0.139932,0.139932,0.139932
82.750053,-0.032214,-0.041417,-0.033748,-0.032214,0.144445,0.144445,0.144445,0.144445
82.760033,0.047553,0.041417,0.044485,0.052155,0.139038,0.139038,0.139038,0.139038
82.770058,0.047553,0.041417,0.044485,0.052155,0.124019,0.124019,0.124019,0.124019
82.780060,0.111981,0.102777,0.108913,0.113515,0.100491,0.100491,0.100491,0.100491
82.790054,0.111981,0.102777,0.108913,0.113515,0.070044,0.070044,0.070044,0.070044
82.800056,0.138058,0.130388,0.131922,0.138058,0.034797,0.034797,0.034797,0.034797
82.810059,0.138058,0.130388,0.131922,0.138058,-0.002843,-0.002843,-0.002843,-0.002843
82.820053,0.134990,0.127320,0.130388,0.131922,-0.040271,-0.040271,-0.040271,-0.040271
82.830055,0.134990,0.127320,0.130388,0.131922,-0.074910,-0.074910,-0.074910,-0.074910
82.840057,0.098175,0.092039,0.099709,0.090505,-0.104380,-0.104380,-0.104380,-0.104380
82.850060,0.098175,0.092039,0.099709,0.090505,-0.126631,-0.126631,-0.126631,-0.126631
82.860054,0.030680,0.026078,0.035282,0.027612,-0.140143,-0.140143,-0.140143,-0.140143
82.870056,0.030680,0.026078,0.035282,0.027612,-0.143979,-0.143979,-0.143979,-0.143979
82.880058,-0.050621,-0.064427,-0.044485,-0.058291,-0.137881,-0.137881,-0.137881,-0.137881
82.890053,-0.050621,-0.064427,-0.044485,-0.058291,-0.122263,-0.122263,-0.122263,-0.122263
82.900063,-0.115049,-0.130388,-0.108913,-0.125786,-0.098195,-0.098195,-0.098195,-0.098195
82.910057,-0.115049,-0.130388,-0.108913,-0.125786,-0.067383,-0.067383,-0.067383,-0.067383
82.920059,-0.138058,-0.156466,-0.134990,-0.151864,-0.031913,-0.031913,-0.031913,-0.031913
82.930054,-0.138058,-0.156466,-0.134990,-0.151864,0.005743,0.005743,0.005743,0.005743
82.940056,-0.134990,-0.151864,-0.133456,-0.145728,0.042994,0.042994,0.042994,0.042994
82.950058,-0.134990,-0.151864,-0.133456,-0.145728,0.077259,0.077259,0.077259,0.077259
82.960052,-0.096641,-0.113515,-0.095107,-0.105845,0.106164,0.106164,0.106164,0.106164
82.970055,-0.096641,-0.113515,-0.095107,-0.105845,0.127728,0.127728,0.127728,0.127728
82.980057,-0.027612,-0.038350,-0.029146,-0.024544,0.140448,0.140448,0.140448,0.140448
82.990051,-0.027612,-0.038350,-0.029146,-0.024544,0.143438,0.143438,0.143438,0.143438
83.000053,0.055223,0.047553,0.050621,0.055223,0.136503,0.136503,0.136503,0.136503
83.010056,0.055223,0.047553,0.050621,0.055223,0.120118,0.120118,0.120118,0.120118
83.020058,0.116583,0.105845,0.110447,0.113515,0.095422,0.095422,0.095422,0.095422
83.030060,0.116583,0.105845,0.110447,0.113515,0.064130,0.064130,0.064130,0.064130
83.040054,0.138058,0.128854,0.131922,0.136524,0.028411,0.028411,0.028411,0.028411
83.050056,0.138058,0.128854,0.131922,0.136524,-0.009274,-0.009274,-0.009274,-0.009274
83.060059,0.133456,0.124252,0.128854,0.130388,-0.046296,-0.046296,-0.046296,-0.046296
83.070053,0.133456,0.124252,0.128854,0.130388,-0.080101,-0.080101,-0.080101,-0.080101
83.080055,0.093573,0.087437,0.092039,0.088971,-0.108327,-0.108327,-0.108327,-0.108327
83.090057,0.093573,0.087437,0.092039,0.088971,-0.129047,-0.129047,-0.129047,-0.129047
83.100060,0.023010,0.019942,0.024544,0.018408,-0.140798,-0.140798,-0.140798,-0.140798
83.110062,0.023010,0.019942,0.024544,0.018408,-0.142775,-0.142775,-0.142775,-0.142775
83.120056,-0.058291,-0.072097,-0.056757,-0.067495,-0.134844,-0.134844,-0.134844,-0.134844
83.130058,-0.058291,-0.072097,-0.056757,-0.067495,-0.117553,-0.117553,-0.117553,-0.117553
83.140053,-0.118117,-0.133456,-0.115049,-0.130388,-0.092110,-0.092110,-0.092110,-0.092110
83.150055,-0.118117,-0.133456,-0.115049,-0.130388,-0.060271,-0.060271,-0.060271,-0.060271
83.160057,-0.138058,-0.154932,-0.136524,-0.150330,-0.024257,-0.024257,-0.024257,-0.024257
83.170059,-0.138058,-0.154932,-0.136524,-0.150330,0.013428,0.013428,0.013428,0.013428
83.180061,-0.133456,-0.148796,-0.131922,-0.142660,0.050167,0.050167,0.050167,0.050167
83.190056,-0.133456,-0.148796,-0.131922,-0.142660,0.083399,0.083399,0.083399,0.083399
83.200066,-0.088971,-0.105845,-0.090505,-0.098175,0.110848,0.110848,0.110848,0.110848
83.210037,-0.088971,-0.105845,-0.090505,-0.098175,0.130504,0.130504,0.130504,0.130504
83.220055,-0.018408,-0.029146,-0.018408,-0.013806,0.141149,0.141149,0.141149,0.141149
83.230064,-0.018408,-0.029146,-0.018408,-0.013806,0.141942,0.141942,0.141942,0.141942
83.240059,0.059825,0.053689,0.058291,0.062893,0.132852,0.132852,0.132852,0.132852
83.250061,0.059825,0.053689,0.058291,0.062893,0.114523,0.114523,0.114523,0.114523
83.260056,0.118117,0.110447,0.115049,0.118117,0.088220,0.088220,0.088220,0.088220
83.270065,0.118117,0.110447,0.115049,0.118117,0.055769,0.055769,0.055769,0.055769
83.280060,0.136524,0.128854,0.130388,0.134990,0.019476,0.019476,0.019476,0.019476
83.290062,0.136524,0.128854,0.130388,0.134990,-0.018195,-0.018195,-0.018195,-0.018195
83.300064,0.130388,0.121184,0.125786,0.125786,-0.054570,-0.054570,-0.054570,-0.054570
83.310059,0.130388,0.121184,0.125786,0.125786,-0.087120,-0.087120,-0.087120,-0.087120
83.320061,0.085903,0.079767,0.085903,0.082835,-0.113595,-0.113595,-0.113595,-0.113595
83.330063,0.085903,0.079767,0.085903,0.082835,-0.132134,-0.132134,-0.132134,-0.132134
83.340065,0.013806,0.009204,0.015340,0.010738,-0.141442,-0.141442,-0.141442,-0.141442
83.350060,0.013806,0.009204,0.015340,0.010738,-0.140880,-0.140880,-0.140880,-0.140880
83.360069,-0.064427,-0.079767,-0.061359,-0.075165,-0.130474,-0.130474,-0.130474,-0.130474
83.370064,-0.064427,-0.079767,-0.061359,-0.075165,-0.110983,-0.110983,-0.110983,-0.110983
83.380058,-0.121184,-0.138058,-0.116583,-0.136524,-0.083744,-0.083744,-0.083744,-0.083744
83.390060,-0.121184,-0.138058,-0.116583,-0.136524,-0.050649,-0.050649,-0.050649,-0.050649
83.400055,-0.136524,-0.153398,-0.133456,-0.150330,-0.014069,-0.014069,-0.014069,-0.014069
83.410057,-0.136524,-0.153398,-0.133456,-0.150330,0.023530,0.023530,0.023530,0.023530
83.420059,-0.128854,-0.144194,-0.127320,-0.138058,0.059448,0.059448,0.059448,0.059448
83.430061,-0.128854,-0.144194,-0.127320,-0.138058,0.091205,0.091205,0.091205,0.091205
83.440056,-0.079767,-0.098175,-0.082835,-0.088971,0.116556,0.116556,0.116556,0.116556
83.450058,-0.079767,-0.098175,-0.082835,-0.088971,0.133761,0.133761,0.133761,0.133761
83.460060,-0.007670,-0.018408,-0.009204,-0.004602,0.141601,0.141601,0.141601,0.141601
83.470055,-0.007670,-0.018408,-0.009204,-0.004602,0.139526,0.139526,0.139526,0.139526
83.480057,0.069029,0.061359,0.067495,0.070563,0.127687,0.127687,0.127687,0.127687
83.490059,0.069029,0.061359,0.067495,0.070563,0.106902,0.106902,0.106902,0.106902
83.500053,0.122718,0.113515,0.118117,0.121184,0.078665,0.078665,0.078665,0.078665
83.510063,0.122718,0.113515,0.118117,0.121184,0.044884,0.044884,0.044884,0.044884
83.520065,0.134990,0.127320,0.128854,0.133456,0.007992,0.007992,0.007992,0.007992
83.530060,0.134990,0.127320,0.128854,0.133456,-0.029444,-0.029444,-0.029444,-0.029444
83.540054,0.122718,0.116583,0.119651,0.119651,-0.064780,-0.064780,-0.064780,-0.064780
83.550064,0.122718,0.116583,0.119651,0.119651,-0.095606,-0.095606,-0.095606,-0.095606
83.560059,0.073631,0.070563,0.075165,0.069029,-0.119683,-0.119683,-0.119683,-0.119683
83.570061,0.073631,0.070563,0.075165,0.069029,-0.135374,-0.135374,-0.135374,-0.135374
83.580055,0.000000,-0.004602,0.001534,-0.004602,-0.141553,-0.141553,-0.141553,-0.141553
83.590057,0.000000,-0.004602,0.001534,-0.004602,-0.137799,-0.137799,-0.137799,-0.137799
83.600060,-0.075165,-0.092039,-0.075165,-0.092039,-0.124375,-0.124375,-0.124375,-0.124375
83.610069,-0.075165,-0.092039,-0.075165,-0.092039,-0.102204,-0.102204,-0.102204,-0.102204
83.620056,-0.125786,-0.144194,-0.122718,-0.141126,-0.072911,-0.072911,-0.072911,-0.072911
83.630058,-0.125786,-0.144194,-0.122718,-0.141126,-0.038456,-0.038456,-0.038456,-0.038456
83.640060,-0.136524,-0.153398,-0.133456,-0.148796,-0.001324,-0.001324,-0.001324,-0.001324
83.650063,-0.136524,-0.153398,-0.133456,-0.148796,0.035868,0.035868,0.035868,0.035868
83.660065,-0.121184,-0.138058,-0.119651,-0.133456,0.070541,0.070541,0.070541,0.070541
83.670059,-0.121184,-0.138058,-0.119651,-0.133456,0.100233,0.100233,0.100233,0.100233
83.680061,-0.069029,-0.085903,-0.070563,-0.073631,0.122877,0.122877,0.122877,0.122877
83.690063,-0.069029,-0.085903,-0.070563,-0.073631,0.136862,0.136862,0.136862,0.136862
83.700066,0.004602,-0.001534,0.004602,0.010738,0.141214,0.141214,0.141214,0.141214
83.710037,0.004602,-0.001534,0.004602,0.010738,0.135648,0.135648,0.135648,0.135648
83.720062,0.081301,0.073631,0.078233,0.081301,0.120492,0.120492,0.120492,0.120492
83.730057,0.081301,0.073631,0.078233,0.081301,0.096883,0.096883,0.096883,0.096883
83.740059,0.127320,0.119651,0.122718,0.125786,0.066457,0.066457,0.066457,0.066457
83.750061,0.127320,0.119651,0.122718,0.125786,0.031351,0.031351,0.031351,0.031351
83.760063,0.134990,0.127320,0.128854,0.134990,-0.005929,-0.005929,-0.005929,-0.005929
83.770065,0.134990,0.127320,0.128854,0.134990,-0.042802,-0.042802,-0.042802,-0.042802
83.780060,0.118117,0.110447,0.115049,0.115049,-0.076623,-0.076623,-0.076623,-0.076623
83.790062,0.118117,0.110447,0.115049,0.115049,-0.105046,-0.105046,-0.105046,-0.105046
83.800056,0.062893,0.056757,0.062893,0.061359,-0.126036,-0.126036,-0.126036,-0.126036
83.810059,0.062893,0.056757,0.062893,0.061359,-0.138143,-0.138143,-0.138143,-0.138143
83.820061,-0.013806,-0.026078,-0.012272,-0.015340,-0.140492,-0.140492,-0.140492,-0.140492
83.830063,-0.013806,-0.026078,-0.012272,-0.015340,-0.132925,-0.132925,-0.132925,-0.132925
83.840057,-0.087437,-0.105845,-0.084369,-0.099709,-0.115978,-0.115978,-0.115978,-0.115978
83.850060,-0.087437,-0.105845,-0.084369,-0.099709,-0.090853,-0.090853,-0.090853,-0.090853
83.860062,-0.131922,-0.147262,-0.125786,-0.144194,-0.059301,-0.059301,-0.059301,-0.059301
83.870064,-0.131922,-0.147262,-0.125786,-0.144194,-0.023586,-0.023586,-0.023586,-0.023586
83.880058,-0.134990,-0.151864,-0.131922,-0.148796,0.013769,0.013769,0.013769,0.013769
83.890060,-0.134990,-0.151864,-0.131922,-0.148796,0.050167,0.050167,0.050167,0.050167
83.900063,-0.111981,-0.127320,-0.115049,-0.124252,0.082991,0.082991,0.082991,0.082991
83.910057,-0.111981,-0.127320,-0.115049,-0.124252,0.109925,0.109925,0.109925,0.109925
83.920029,-0.055223,-0.067495,-0.059825,-0.058291,0.129044,0.129044,0.129044,0.129044
83.930061,-0.055223,-0.067495,-0.059825,-0.058291,0.139113,0.139113,0.139113,0.139113
83.940048,0.021476,0.019942,0.016874,0.024544,0.139294,0.139294,0.139294,0.139294
83.950058,0.021476,0.019942,0.016874,0.024544,0.129615,0.129615,0.129615,0.129615
83.960052,0.092039,0.087437,0.088971,0.093573,0.110766,0.110766,0.110766,0.110766
83.970055,0.092039,0.087437,0.088971,0.093573,0.084074,0.084074,0.084074,0.084074
83.980057,0.131922,0.122718,0.125786,0.130388,0.051449,0.051449,0.051449,0.051449
83.990059,0.131922,0.122718,0.125786,0.130388,0.015180,0.015180,0.015180,0.015180
84.000061,0.133456,0.125786,0.127320,0.131922,-0.022156,-0.022156,-0.022156,-0.022156
84.010056,0.133456,0.125786,0.127320,0.131922,-0.057893,-0.057893,-0.057893,-0.057893
84.020058,0.108913,0.098175,0.104311,0.105845,-0.089521,-0.089521,-0.089521,-0.089521
84.030052,0.108913,0.098175,0.104311,0.105845,-0.114784,-0.114784,-0.114784,-0.114784
84.040054,0.047553,0.038350,0.047553,0.046019,-0.131906,-0.131906,-0.131906,-0.131906
84.050056,0.047553,0.038350,0.047553,0.046019,-0.139661,-0.139661,-0.139661,-0.139661
84.060059,-0.030680,-0.047553,-0.030680,-0.036816,-0.137504,-0.137504,-0.137504,-0.137504
84.070053,-0.030680,-0.047553,-0.030680,-0.036816,-0.125589,-0.125589,-0.125589,-0.125589
84.080055,-0.101243,-0.118117,-0.098175,-0.111981,-0.104760,-0.104760,-0.104760,-0.104760
84.090057,-0.101243,-0.118117,-0.098175,-0.111981,-0.076507,-0.076507,-0.076507,-0.076507
84.100060,-0.131922,-0.150330,-0.130388,-0.147262,-0.042820,-0.042820,-0.042820,-0.042820
84.110062,-0.131922,-0.150330,-0.130388,-0.147262,-0.006107,-0.006107,-0.006107,-0.006107
84.120056,-0.133456,-0.150330,-0.130388,-0.147262,0.031019,0.031019,0.031019,0.031019
84.130058,-0.133456,-0.150330,-0.130388,-0.147262,0.065941,0.065941,0.065941,0.065941
84.140060,-0.102777,-0.116583,-0.101243,-0.111981,0.096151,0.096151,0.096151,0.096151
84.150055,-0.102777,-0.116583,-0.101243,-0.111981,0.119519,0.119519,0.119519,0.119519
84.160057,-0.039884,-0.047553,-0.039884,-0.035282,0.134376,0.134376,0.134376,0.134376
84.170052,-0.039884,-0.047553,-0.039884,-0.035282,0.139671,0.139671,0.139671,0.139671
84.180054,0.038350,0.038350,0.038350,0.042951,0.135025,0.135025,0.135025,0.135025
84.190056,0.038350,0.038350,0.038350,0.042951,0.120772,0.120772,0.120772,0.120772
84.200058,0.104311,0.098175,0.101243,0.104311,0.097928,0.097928,0.097928,0.097928
84.210060,0.104311,0.098175,0.101243,0.104311,0.068111,0.068111,0.068111,0.068111
84.220055,0.133456,0.124252,0.127320,0.131922,0.033458,0.033458,0.033458,0.033458
84.230057,0.133456,0.124252,0.127320,0.131922,-0.003565,-0.003565,-0.003565,-0.003565
84.240059,0.131922,0.122718,0.125786,0.130388,-0.040319,-0.040319,-0.040319,-0.040319
84.250015,0.131922,0.122718,0.125786,0.130388,-0.074047,-0.074047,-0.074047,-0.074047
84.260063,0.095107,0.085903,0.093573,0.092039,-0.102767,-0.102767,-0.102767,-0.102767
84.270058,0.095107,0.085903,0.093573,0.092039,-0.123988,-0.123988,-0.123988,-0.123988
84.280052,0.029146,0.021476,0.029146,0.024544,-0.136369,-0.136369,-0.136369,-0.136369
84.290062,0.029146,0.021476,0.029146,0.024544,-0.139018,-0.139018,-0.139018,-0.139018
84.300056,-0.050621,-0.067495,-0.050621,-0.058291,-0.131746,-0.131746,-0.131746,-0.131746
84.310059,-0.050621,-0.067495,-0.050621,-0.058291,-0.115076,-0.115076,-0.115076,-0.115076
84.320053,-0.111981,-0.130388,-0.108913,-0.122718,-0.090198,-0.090198,-0.090198,-0.090198
84.330055,-0.111981,-0.130388,-0.108913,-0.122718,-0.058880,-0.058880,-0.058880,-0.058880
84.340057,-0.133456,-0.150330,-0.130388,-0.145728,-0.023379,-0.023379,-0.023379,-0.023379
84.350052,-0.133456,-0.150330,-0.130388,-0.145728,0.013782,0.013782,0.013782,0.013782
84.360054,-0.128854,-0.144194,-0.127320,-0.139592,0.049954,0.049954,0.049954,0.049954
84.370056,-0.128854,-0.144194,-0.127320,-0.139592,0.082543,0.082543,0.082543,0.082543
84.380058,-0.087437,-0.099709,-0.090505,-0.093573,0.109209,0.109209,0.109209,0.109209
84.390045,-0.087437,-0.099709,-0.090505,-0.093573,0.128037,0.128037,0.128037,0.128037
84.400055,-0.019942,-0.024544,-0.021476,-0.009204,0.137746,0.137746,0.137746,0.137746
84.410065,-0.019942,-0.024544,-0.021476,-0.009204,0.137573,0.137573,0.137573,0.137573
84.420059,0.058291,0.055223,0.052155,0.064427,0.127560,0.127560,0.127560,0.127560
84.430061,0.058291,0.055223,0.052155,0.064427,0.108408,0.108408,0.108408,0.108408
84.440056,0.116583,0.108913,0.108913,0.115049,0.081528,0.081528,0.081528,0.081528
84.450050,0.116583,0.108913,0.108913,0.115049,0.048819,0.048819,0.048819,0.048819
84.460052,0.133456,0.124252,0.125786,0.130388,0.012616,0.012616,0.012616,0.012616
84.470055,0.133456,0.124252,0.125786,0.130388,-0.024487,-0.024487,-0.024487,-0.024487
84.480057,0.124252,0.115049,0.119651,0.121184,-0.059841,-0.059841,-0.059841,-0.059841
84.490059,0.124252,0.115049,0.119651,0.121184,-0.090869,-0.090869,-0.090869,-0.090869
84.500061,0.078233,0.070563,0.079767,0.075165,-0.115374,-0.115374,-0.115374,-0.115374
84.510063,0.078233,0.070563,0.079767,0.075165,-0.131587,-0.131587,-0.131587,-0.131587
84.520058,0.006136,-0.003068,0.007670,0.004602,-0.138362,-0.138362,-0.138362,-0.138362
84.530060,0.006136,-0.003068,0.007670,0.004602,-0.135208,-0.135208,-0.135208,-0.135208
84.540062,-0.070563,-0.085903,-0.070563,-0.081301,-0.122354,-0.122354,-0.122354,-0.122354
84.550064,-0.070563,-0.085903,-0.070563,-0.081301,-0.100719,-0.100719,-0.100719,-0.100719
84.560066,-0.122718,-0.138058,-0.119651,-0.134990,-0.071862,-0.071862,-0.071862,-0.071862
84.570061,-0.122718,-0.138058,-0.119651,-0.134990,-0.037867,-0.037867,-0.037867,-0.037867
84.580063,-0.133456,-0.150330,-0.130388,-0.147262,-0.001158,-0.001158,-0.001158,-0.001158
84.590057,-0.133456,-0.150330,-0.130388,-0.147262,0.035627,0.035627,0.035627,0.035627
84.600060,-0.118117,-0.134990,-0.116583,-0.130388,0.069824,0.069824,0.069824,0.069824
84.610062,-0.118117,-0.134990,-0.116583,-0.130388,0.099012,0.099012,0.099012,0.099012
84.620056,-0.067495,-0.085903,-0.069029,-0.072097,0.121055,0.121055,0.121055,0.121055
84.630066,-0.067495,-0.085903,-0.069029,-0.072097,0.134402,0.134402,0.134402,0.134402
84.640060,0.006136,-0.001534,0.003068,0.010738,0.138066,0.138066,0.138066,0.138066
84.650063,0.006136,-0.001534,0.003068,0.010738,0.131796,0.131796,0.131796,0.131796
84.660065,0.078233,0.072097,0.076699,0.079767,0.116050,0.116050,0.116050,0.116050
84.670059,0.078233,0.072097,0.076699,0.079767,0.091954,0.091954,0.091954,0.091954
84.680061,0.124252,0.116583,0.119651,0.121184,0.061258,0.061258,0.061258,0.061258
84.690041,0.124252,0.116583,0.119651,0.121184,0.026213,0.026213,0.026213,0.026213
84.700058,0.131922,0.122718,0.125786,0.128854,-0.010816,-0.010816,-0.010816,-0.010816
84.710037,0.131922,0.122718,0.125786,0.128854,-0.046921,-0.046921,-0.046921,-0.046921
84.720055,0.113515,0.105845,0.110447,0.110447,-0.079791,-0.079791,-0.079791,-0.079791
84.730064,0.113515,0.105845,0.110447,0.110447,-0.106819,-0.106819,-0.106819,-0.106819
84.740059,0.053689,0.053689,0.058291,0.056757,-0.126122,-0.126122,-0.126122,-0.126122
84.750061,0.053689,0.053689,0.058291,0.056757,-0.136336,-0.136336,-0.136336,-0.136336
84.760063,-0.023010,-0.027612,-0.016874,-0.023010,-0.136708,-0.136708,-0.136708,-0.136708
84.770065,-0.023010,-0.027612,-0.016874,-0.023010,-0.127216,-0.127216,-0.127216,-0.127216
84.780060,-0.090505,-0.105845,-0.088971,-0.104311,-0.108553,-0.108553,-0.108553,-0.108553
84.790062,-0.090505,-0.105845,-0.088971,-0.104311,-0.082059,-0.082059,-0.082059,-0.082059
84.800049,-0.128854,-0.145728,-0.125786,-0.142660,-0.049680,-0.049680,-0.049680,-0.049680
84.810051,-0.128854,-0.145728,-0.125786,-0.142660,-0.013700,-0.013700,-0.013700,-0.013700
84.820053,-0.131922,-0.148796,-0.127320,-0.144194,0.023270,0.023270,0.023270,0.023270
84.830063,-0.131922,-0.148796,-0.127320,-0.144194,0.058546,0.058546,0.058546,0.058546
84.840057,-0.105845,-0.122718,-0.104311,-0.116583,0.089557,0.089557,0.089557,0.089557
84.850060,-0.105845,-0.122718,-0.104311,-0.116583,0.114100,0.114100,0.114100,0.114100
84.860062,-0.046019,-0.061359,-0.046019,-0.046019,0.130378,0.130378,0.130378,0.130378
84.870056,-0.046019,-0.061359,-0.046019,-0.046019,0.137222,0.137222,0.137222,0.137222
84.880058,0.032214,0.027612,0.027612,0.035282,0.134143,0.134143,0.134143,0.134143
84.890007,0.032214,0.027612,0.027612,0.035282,0.121443,0.121443,0.121443,0.121443
84.900055,0.099709,0.092039,0.092039,0.098175,0.099804,0.099804,0.099804,0.099804
84.910057,0.099709,0.092039,0.092039,0.098175,0.071039,0.071039,0.071039,0.071039
84.920059,0.130388,0.121184,0.122718,0.127320,0.037132,0.037132,0.037132,0.037132
84.930054,0.130388,0.121184,0.122718,0.127320,0.000548,0.000548,0.000548,0.000548
84.940056,0.130388,0.121184,0.124252,0.127320,-0.036053,-0.036053,-0.036053,-0.036053
84.950058,0.130388,0.121184,0.124252,0.127320,-0.070039,-0.070039,-0.070039,-0.070039
84.960060,0.098175,0.090505,0.098175,0.095107,-0.098942,-0.098942,-0.098942,-0.098942
84.970055,0.098175,0.090505,0.098175,0.095107,-0.120651,-0.120651,-0.120651,-0.120651
84.980057,0.033748,0.029146,0.039884,0.030680,-0.133615,-0.133615,-0.133615,-0.133615
84.990059,0.033748,0.029146,0.039884,0.030680,-0.136884,-0.136884,-0.136884,-0.136884
85.000061,-0.044485,-0.058291,-0.044485,-0.052155,-0.130223,-0.130223,-0.130223,-0.130223
85.010056,-0.044485,-0.058291,-0.044485,-0.052155,-0.114124,-0.114124,-0.114124,-0.114124
85.020058,-0.108913,-0.124252,-0.105845,-0.119651,-0.089745,-0.089745,-0.089745,-0.089745
85.030060,-0.108913,-0.124252,-0.105845,-0.119651,-0.058858,-0.058858,-0.058858,-0.058858
85.040054,-0.131922,-0.148796,-0.127320,-0.145728,-0.023717,-0.023717,-0.023717,-0.023717
85.050056,-0.131922,-0.148796,-0.127320,-0.145728,0.013137,0.013137,0.013137,0.013137
85.060059,-0.127320,-0.142660,-0.124252,-0.138058,0.049029,0.049029,0.049029,0.049029
85.070053,-0.127320,-0.142660,-0.124252,-0.138058,0.081340,0.081340,0.081340,0.081340
85.080055,-0.085903,-0.104311,-0.087437,-0.092039,0.107723,0.107723,0.107723,0.107723
85.090057,-0.085903,-0.104311,-0.087437,-0.092039,0.126282,0.126282,0.126282,0.126282
85.100052,-0.018408,-0.029146,-0.019942,-0.009204,0.135651,0.135651,0.135651,0.135651
85.110054,-0.018408,-0.029146,-0.019942,-0.009204,0.135152,0.135152,0.135152,0.135152
85.120056,0.058291,0.052155,0.055223,0.061359,0.124822,0.124822,0.124822,0.124822
85.130058,0.058291,0.052155,0.055223,0.061359,0.105417,0.105417,0.105417,0.105417
85.140060,0.115049,0.105845,0.110447,0.111981,0.078347,0.078347,0.078347,0.078347
85.150055,0.115049,0.105845,0.110447,0.111981,0.045594,0.045594,0.045594,0.045594
85.160057,0.131922,0.122718,0.125786,0.128854,0.009521,0.009521,0.009521,0.009521
85.170059,0.131922,0.122718,0.125786,0.128854,-0.027227,-0.027227,-0.027227,-0.027227
85.180061,0.121184,0.113515,0.118117,0.118117,-0.061979,-0.061979,-0.061979,-0.061979
85.190056,0.121184,0.113515,0.118117,0.118117,-0.092206,-0.092206,-0.092206,-0.092206
85.200058,0.075165,0.070563,0.075165,0.072097,-0.115703,-0.115703,-0.115703,-0.115703
85.210052,0.075165,0.070563,0.075165,0.072097,-0.130756,-0.130756,-0.130756,-0.130756
85.220055,0.004602,-0.003068,0.004602,0.001534,-0.136279,-0.136279,-0.136279,-0.136279
85.230057,0.004602,-0.003068,0.004602,0.001534,-0.131862,-0.131862,-0.131862,-0.131862
85.240051,-0.072097,-0.087437,-0.072097,-0.082835,-0.117838,-0.117838,-0.117838,-0.117838
85.250053,-0.072097,-0.087437,-0.072097,-0.082835,-0.095215,-0.095215,-0.095215,-0.095215
85.260056,-0.122718,-0.139592,-0.118117,-0.134990,-0.065649,-0.065649,-0.065649,-0.065649
85.270058,-0.122718,-0.139592,-0.118117,-0.134990,-0.031306,-0.031306,-0.031306,-0.031306
85.280052,-0.130388,-0.147262,-0.125786,-0.144194,0.005301,0.005301,0.005301,0.005301
85.290054,-0.130388,-0.147262,-0.125786,-0.144194,0.041518,0.041518,0.041518,0.041518
85.300056,-0.115049,-0.130388,-0.113515,-0.125786,0.074692,0.074692,0.074692,0.074692
85.310013,-0.115049,-0.130388,-0.113515,-0.125786,0.102275,0.102275,0.102275,0.102275
85.320053,-0.059825,-0.079767,-0.062893,-0.064427,0.122596,0.122596,0.122596,0.122596
85.330055,-0.059825,-0.079767,-0.062893,-0.064427,0.133845,0.133845,0.133845,0.133845
85.340057,0.015340,0.006136,0.010738,0.015340,0.135303,0.135303,0.135303,0.135303
85.350060,0.015340,0.006136,0.010738,0.015340,0.126868,0.126868,0.126868,0.126868
85.360054,0.085903,0.076699,0.081301,0.082835,0.109158,0.109158,0.109158,0.109158
85.370056,0.085903,0.076699,0.081301,0.082835,0.083469,0.083469,0.083469,0.083469
85.380058,0.122718,0.116583,0.121184,0.122718,0.051686,0.051686,0.051686,0.051686
85.390053,0.122718,0.116583,0.121184,0.122718,0.016129,0.016129,0.016129,0.016129
85.400063,0.127320,0.121184,0.122718,0.127320,-0.020608,-0.020608,-0.020608,-0.020608
85.410057,0.127320,0.121184,0.122718,0.127320,-0.055807,-0.055807,-0.055807,-0.055807
85.420059,0.105845,0.099709,0.105845,0.102777,-0.086913,-0.086913,-0.086913,-0.086913
85.430054,0.105845,0.099709,0.105845,0.102777,-0.111637,-0.111637,-0.111637,-0.111637
85.440056,0.047553,0.044485,0.052155,0.046019,-0.128175,-0.128175,-0.128175,-0.128175
85.450058,0.047553,0.044485,0.052155,0.046019,-0.135320,-0.135320,-0.135320,-0.135320
85.460060,-0.027612,-0.038350,-0.023010,-0.033748,-0.132540,-0.132540,-0.132540,-0.132540
85.470055,-0.027612,-0.038350,-0.023010,-0.033748,-0.120046,-0.120046,-0.120046,-0.120046
85.480057,-0.095107,-0.113515,-0.092039,-0.108913,-0.098764,-0.098764,-0.098764,-0.098764
85.490028,-0.095107,-0.113515,-0.092039,-0.108913,-0.070309,-0.070309,-0.070309,-0.070309
85.500061,-0.128854,-0.145728,-0.124252,-0.142660,-0.036537,-0.036537,-0.036537,-0.036537
85.510063,-0.128854,-0.145728,-0.124252,-0.142660,-0.000197,-0.000197,-0.000197,-0.000197
85.520058,-0.130388,-0.145728,-0.125786,-0.142660,0.036133,0.036133,0.036133,0.036133
85.530060,-0.130388,-0.145728,-0.125786,-0.142660,0.069823,0.069823,0.069823,0.069823
85.540062,-0.098175,-0.111981,-0.095107,-0.107379,0.098359,0.098359,0.098359,0.098359
85.550064,-0.098175,-0.111981,-0.095107,-0.107379,0.119666,0.119666,0.119666,0.119666
85.560059,-0.033748,-0.042951,-0.033748,-0.032214,0.132169,0.132169,0.132169,0.132169
85.570061,-0.033748,-0.042951,-0.033748,-0.032214,0.134961,0.134961,0.134961,0.134961
85.580063,0.042951,0.039884,0.041417,0.046019,0.127830,0.127830,0.127830,0.127830
85.590065,0.042951,0.039884,0.041417,0.046019,0.111299,0.111299,0.111299,0.111299
85.600037,0.107379,0.098175,0.102777,0.105845,0.086666,0.086666,0.086666,0.086666
85.610062,0.107379,0.098175,0.102777,0.105845,0.055536,0.055536,0.055536,0.055536
85.620064,0.130388,0.121184,0.122718,0.127320,0.020395,0.020395,0.020395,0.020395
85.630058,0.130388,0.121184,0.122718,0.127320,-0.016234,-0.016234,-0.016234,-0.016234
85.640060,0.124252,0.116583,0.121184,0.121184,-0.051662,-0.051662,-0.051662,-0.051662
85.650063,0.124252,0.116583,0.121184,0.121184,-0.083263,-0.083263,-0.083263,-0.083263
85.660065,0.084369,0.078233,0.084369,0.081301,-0.108730,-0.108730,-0.108730,-0.108730
85.670059,0.084369,0.078233,0.084369,0.081301,-0.126173,-0.126173,-0.126173,-0.126173
85.680061,0.016874,0.012272,0.016874,0.013806,-0.134318,-0.134318,-0.134318,-0.134318
85.690056,0.016874,0.012272,0.016874,0.013806,-0.132566,-0.132566,-0.132566,-0.132566
85.700058,-0.059825,-0.076699,-0.061359,-0.070563,-0.121042,-0.121042,-0.121042,-0.121042
85.710060,-0.059825,-0.076699,-0.061359,-0.070563,-0.100608,-0.100608,-0.100608,-0.100608
85.720055,-0.116583,-0.131922,-0.111981,-0.128854,-0.072753,-0.072753,-0.072753,-0.072753
85.730057,-0.116583,-0.131922,-0.111981,-0.128854,-0.039540,-0.039540,-0.039540,-0.039540
85.740059,-0.130388,-0.145728,-0.124252,-0.142660,-0.003426,-0.003426,-0.003426,-0.003426
85.750053,-0.130388,-0.145728,-0.124252,-0.142660,0.032917,0.032917,0.032917,0.032917
85.760056,-0.118117,-0.133456,-0.116583,-0.128854,0.066835,0.066835,0.066835,0.066835
85.770012,-0.118117,-0.133456,-0.116583,-0.128854,0.095687,0.095687,0.095687,0.095687
85.780060,-0.069029,-0.085903,-0.070563,-0.075165,0.117682,0.117682,0.117682,0.117682
85.790062,-0.069029,-0.085903,-0.070563,-0.075165,0.130866,0.130866,0.130866,0.130866
85.800064,0.001534,-0.004602,0.000000,0.006136,0.134376,0.134376,0.134376,0.134376
85.810059,0.001534,-0.004602,0.000000,0.006136,0.127958,0.127958,0.127958,0.127958
85.820061,0.075165,0.069029,0.072097,0.076699,0.112079,0.112079,0.112079,0.112079
85.830063,0.075165,0.069029,0.072097,0.076699,0.087913,0.087913,0.087913,0.087913
85.840027,0.121184,0.111981,0.116583,0.121184,0.057393,0.057393,0.057393,0.057393
85.850060,0.121184,0.111981,0.116583,0.121184,0.022425,0.022425,0.022425,0.022425
85.860054,0.127320,0.119651,0.121184,0.127320,-0.014091,-0.014091,-0.014091,-0.014091
85.870056,0.127320,0.119651,0.121184,0.127320,-0.049558,-0.049558,-0.049558,-0.049558
85.880058,0.108913,0.101243,0.107379,0.104311,-0.081346,-0.081346,-0.081346,-0.081346
85.890060,0.108913,0.101243,0.107379,0.104311,-0.107095,-0.107095,-0.107095,-0.107095
85.900055,0.050621,0.052155,0.055223,0.049087,-0.124904,-0.124904,-0.124904,-0.124904
85.910057,0.050621,0.052155,0.055223,0.049087,-0.133459,-0.133459,-0.133459,-0.133459
85.920052,-0.026078,-0.030680,-0.019942,-0.026078,-0.132128,-0.132128,-0.132128,-0.132128
85.930054,-0.026078,-0.030680,-0.019942,-0.026078,-0.121007,-0.121007,-0.121007,-0.121007
85.940056,-0.093573,-0.107379,-0.088971,-0.105845,-0.100922,-0.100922,-0.100922,-0.100922
85.950058,-0.093573,-0.107379,-0.088971,-0.105845,-0.073357,-0.073357,-0.073357,-0.073357
85.960052,-0.125786,-0.144194,-0.122718,-0.141126,-0.040377,-0.040377,-0.040377,-0.040377
85.970055,-0.125786,-0.144194,-0.122718,-0.141126,-0.004396,-0.004396,-0.004396,-0.004396
85.980057,-0.127320,-0.145728,-0.124252,-0.141126,0.031886,0.031886,0.031886,0.031886
85.990059,-0.127320,-0.145728,-0.124252,-0.141126,0.065789,0.065789,0.065789,0.065789
86.000061,-0.099709,-0.115049,-0.098175,-0.108913,0.094806,0.094806,0.094806,0.094806
86.010056,-0.099709,-0.115049,-0.098175,-0.108913,0.116769,0.116769,0.116769,0.116769
86.020058,-0.038350,-0.050621,-0.041417,-0.035282,0.130056,0.130056,0.130056,0.130056
86.030060,-0.038350,-0.050621,-0.041417,-0.035282,0.133683,0.133683,0.133683,0.133683
86.040054,0.038350,0.035282,0.032214,0.042951,0.127380,0.127380,0.127380,0.127380
86.050056,0.038350,0.035282,0.032214,0.042951,0.111615,0.111615,0.111615,0.111615
86.060059,0.102777,0.095107,0.096641,0.101243,0.087556,0.087556,0.087556,0.087556
86.070061,0.102777,0.095107,0.096641,0.101243,0.057002,0.057002,0.057002,0.057002
86.080055,0.127320,0.119651,0.122718,0.125786,0.022220,0.022220,0.022220,0.022220
86.090050,0.127320,0.119651,0.122718,0.125786,-0.014188,-0.014188,-0.014188,-0.014188
86.100052,0.122718,0.115049,0.121184,0.121184,-0.049547,-0.049547,-0.049547,-0.049547
86.110062,0.122718,0.115049,0.121184,0.121184,-0.081213,-0.081213,-0.081213,-0.081213
86.120056,0.085903,0.078233,0.087437,0.082835,-0.106808,-0.106808,-0.106808,-0.106808
86.130058,0.085903,0.078233,0.087437,0.082835,-0.124449,-0.124449,-0.124449,-0.124449
86.140053,0.018408,0.010738,0.018408,0.015340,-0.132820,-0.132820,-0.132820,-0.132820
86.150055,0.018408,0.010738,0.018408,0.015340,-0.131298,-0.131298,-0.131298,-0.131298
86.160057,-0.058291,-0.076699,-0.056757,-0.067495,-0.120001,-0.120001,-0.120001,-0.120001
86.170059,-0.058291,-0.076699,-0.056757,-0.067495,-0.099759,-0.099759,-0.099759,-0.099759
86.180061,-0.115049,-0.131922,-0.110447,-0.125786,-0.072093,-0.072093,-0.072093,-0.072093
86.190056,-0.115049,-0.131922,-0.110447,-0.125786,-0.039068,-0.039068,-0.039068,-0.039068
86.200058,-0.128854,-0.145728,-0.124252,-0.141126,-0.003136,-0.003136,-0.003136,-0.003136
86.210060,-0.128854,-0.145728,-0.124252,-0.141126,0.033013,0.033013,0.033013,0.033013
86.220062,-0.118117,-0.131922,-0.116583,-0.128854,0.066692,0.066692,0.066692,0.066692
86.230057,-0.118117,-0.131922,-0.116583,-0.128854,0.095378,0.095378,0.095378,0.095378
86.240059,-0.069029,-0.082835,-0.070563,-0.073631,0.116934,0.116934,0.116934,0.116934
86.250061,-0.069029,-0.082835,-0.070563,-0.073631,0.129766,0.129766,0.129766,0.129766
86.260056,0.001534,-0.001534,0.001534,0.006136,0.132901,0.132901,0.132901,0.132901
86.270058,0.001534,-0.001534,0.001534,0.006136,0.126114,0.126114,0.126114,0.126114
86.280060,0.073631,0.072097,0.073631,0.076699,0.109909,0.109909,0.109909,0.109909
86.290054,0.073631,0.072097,0.073631,0.076699,0.085504,0.085504,0.085504,0.085504
86.300056,0.119651,0.113515,0.116583,0.118117,0.054710,0.054710,0.054710,0.054710
86.310059,0.119651,0.113515,0.116583,0.118117,0.019843,0.019843,0.019843,0.019843
86.320053,0.125786,0.118117,0.121184,0.124252,-0.016487,-0.016487,-0.016487,-0.016487
86.330078,0.125786,0.118117,0.121184,0.124252,-0.051659,-0.051659,-0.051659,-0.051659
86.340057,0.105845,0.096641,0.104311,0.104311,-0.082805,-0.082805,-0.082805,-0.082805
86.350067,0.105845,0.096641,0.104311,0.104311,-0.107846,-0.107846,-0.107846,-0.107846
86.360062,0.049087,0.042951,0.053689,0.049087,-0.124770,-0.124770,-0.124770,-0.124770
86.370056,0.049087,0.042951,0.053689,0.049087,-0.132365,-0.132365,-0.132365,-0.132365
86.380058,-0.024544,-0.038350,-0.021476,-0.027612,-0.130052,-0.130052,-0.130052,-0.130052
86.390060,-0.024544,-0.038350,-0.021476,-0.027612,-0.117990,-0.117990,-0.117990,-0.117990
86.400055,-0.090505,-0.111981,-0.088971,-0.105845,-0.097119,-0.097119,-0.097119,-0.097119
86.410057,-0.090505,-0.111981,-0.088971,-0.105845,-0.068973,-0.068973,-0.068973,-0.068973
86.420052,-0.125786,-0.142660,-0.121184,-0.139592,-0.035669,-0.035669,-0.035669,-0.035669
86.430054,-0.125786,-0.142660,-0.121184,-0.139592,0.000308,0.000308,0.000308,0.000308
86.440063,-0.125786,-0.142660,-0.121184,-0.139592,0.036267,0.036267,0.036267,0.036267
86.450058,-0.125786,-0.142660,-0.121184,-0.139592,0.069447,0.069447,0.069447,0.069447
86.460022,-0.090505,-0.108913,-0.093573,-0.105845,0.097349,0.097349,0.097349,0.097349
86.470062,-0.090505,-0.108913,-0.093573,-0.105845,0.118100,0.118100,0.118100,0.118100
86.480057,-0.027612,-0.039884,-0.032214,-0.030680,0.129897,0.129897,0.129897,0.129897
86.490059,-0.027612,-0.039884,-0.032214,-0.030680,0.131944,0.131944,0.131944,0.131944
86.500053,0.047553,0.042951,0.041417,0.046019,0.124087,0.124087,0.124087,0.124087
86.510056,0.047553,0.042951,0.041417,0.046019,0.106914,0.106914,0.106914,0.106914
86.520058,0.105845,0.098175,0.101243,0.102777,0.081718,0.081718,0.081718,0.081718
86.530060,0.105845,0.098175,0.101243,0.102777,0.050398,0.050398,0.050398,0.050398
86.540054,0.124252,0.118117,0.121184,0.124252,0.015305,0.015305,0.015305,0.015305
86.550056,0.124252,0.118117,0.121184,0.124252,-0.020936,-0.020936,-0.020936,-0.020936
86.560059,0.119651,0.110447,0.116583,0.116583,-0.055579,-0.055579,-0.055579,-0.055579
86.570061,0.119651,0.110447,0.116583,0.116583,-0.086052,-0.086052,-0.086052,-0.086052
86.580055,0.078233,0.070563,0.078233,0.076699,-0.110025,-0.110025,-0.110025,-0.110025
86.590057,0.078233,0.070563,0.078233,0.076699,-0.125717,-0.125717,-0.125717,-0.125717
86.600052,0.009204,0.000000,0.010738,0.010738,-0.131949,-0.131949,-0.131949,-0.131949
86.610054,0.009204,0.000000,0.010738,0.010738,-0.128251,-0.128251,-0.128251,-0.128251
86.620056,-0.065961,-0.082835,-0.064427,-0.075165,-0.114905,-0.114905,-0.114905,-0.114905
86.630058,-0.065961,-0.082835,-0.064427,-0.075165,-0.092907,-0.092907,-0.092907,-0.092907
86.640053,-0.116583,-0.133456,-0.111981,-0.130388,-0.063933,-0.063933,-0.063933,-0.063933
86.650055,-0.116583,-0.133456,-0.111981,-0.130388,-0.030142,-0.030142,-0.030142,-0.030142
86.660057,-0.127320,-0.144194,-0.121184,-0.139592,0.005915,0.005915,0.005915,0.005915
86.670059,-0.127320,-0.144194,-0.121184,-0.139592,0.041497,0.041497,0.041497,0.041497
86.680054,-0.111981,-0.125786,-0.111981,-0.121184,0.073949,0.073949,0.073949,0.073949
86.690048,-0.111981,-0.125786,-0.111981,-0.121184,0.100783,0.100783,0.100783,0.100783
86.700058,-0.059825,-0.073631,-0.064427,-0.061359,0.120060,0.120060,0.120060,0.120060
86.710052,-0.059825,-0.073631,-0.064427,-0.061359,0.130253,0.130253,0.130253,0.130253
86.720055,0.010738,0.010738,0.006136,0.018408,0.130614,0.130614,0.130614,0.130614
86.730057,0.010738,0.010738,0.006136,0.018408,0.121122,0.121122,0.121122,0.121122
86.740051,0.082835,0.078233,0.076699,0.082835,0.102496,0.102496,0.102496,0.102496
86.750053,0.082835,0.078233,0.076699,0.082835,0.076126,0.076126,0.076126,0.076126
86.760056,0.121184,0.113515,0.116583,0.119651,0.044036,0.044036,0.044036,0.044036
86.770058,0.121184,0.113515,0.116583,0.119651,0.008619,0.008619,0.008619,0.008619
86.780060,0.125786,0.116583,0.119651,0.122718,-0.027440,-0.027440,-0.027440,-0.027440
86.790054,0.125786,0.116583,0.119651,0.122718,-0.061403,-0.061403,-0.061403,-0.061403
86.800064,0.099709,0.090505,0.098175,0.096641,-0.090751,-0.090751,-0.090751,-0.090751
86.810059,0.099709,0.090505,0.098175,0.096641,-0.113178,-0.113178,-0.113178,-0.113178
86.820061,0.041417,0.032214,0.041417,0.036816,-0.127057,-0.127057,-0.127057,-0.127057
86.830063,0.041417,0.032214,0.041417,0.036816,-0.131322,-0.131322,-0.131322,-0.131322
86.840065,-0.035282,-0.050621,-0.035282,-0.039884,-0.125652,-0.125652,-0.125652,-0.125652
86.850060,-0.035282,-0.050621,-0.035282,-0.039884,-0.110481,-0.110481,-0.110481,-0.110481
86.860062,-0.099709,-0.116583,-0.098175,-0.111981,-0.086957,-0.086957,-0.086957,-0.086957
86.870056,-0.099709,-0.116583,-0.098175,-0.111981,-0.056854,-0.056854,-0.056854,-0.056854
86.880058,-0.127320,-0.142660,-0.121184,-0.138058,-0.022471,-0.022471,-0.022471,-0.022471
86.890060,-0.127320,-0.142660,-0.121184,-0.138058,0.013621,0.013621,0.013621,0.013621
86.900063,-0.124252,-0.138058,-0.119651,-0.134990,0.048670,0.048670,0.048670,0.048670
86.910057,-0.124252,-0.138058,-0.119651,-0.134990,0.080007,0.080007,0.080007,0.080007
86.920059,-0.084369,-0.098175,-0.084369,-0.093573,0.105275,0.105275,0.105275,0.105275
86.930061,-0.084369,-0.098175,-0.084369,-0.093573,0.122553,0.122553,0.122553,0.122553
86.940063,-0.016874,-0.024544,-0.019942,-0.015340,0.130535,0.130535,0.130535,0.130535
86.950058,-0.016874,-0.024544,-0.019942,-0.015340,0.128615,0.128615,0.128615,0.128615
86.960052,0.056757,0.053689,0.053689,0.058291,0.116950,0.116950,0.116950,0.116950
86.970032,0.056757,0.053689,0.053689,0.058291,0.096473,0.096473,0.096473,0.096473
86.980064,0.111981,0.104311,0.107379,0.108913,0.068550,0.068550,0.068550,0.068550
86.990059,0.111981,0.104311,0.107379,0.108913,0.035510,0.035510,0.035510,0.035510
87.000061,0.124252,0.115049,0.118117,0.122718,-0.000220,-0.000220,-0.000220,-0.000220
87.010063,0.124252,0.115049,0.118117,0.122718,-0.035928,-0.035928,-0.035928,-0.035928
87.020058,0.113515,0.104311,0.110447,0.110447,-0.068875,-0.068875,-0.068875,-0.068875
87.030060,0.113515,0.104311,0.110447,0.110447,-0.096594,-0.096594,-0.096594,-0.096594
87.040062,0.065961,0.061359,0.065961,0.062893,-0.116961,-0.116961,-0.116961,-0.116961
87.050064,0.065961,0.061359,0.065961,0.062893,-0.128428,-0.128428,-0.128428,-0.128428
87.060059,-0.006136,-0.013806,-0.004602,-0.007670,-0.130129,-0.130129,-0.130129,-0.130129
87.070061,-0.006136,-0.013806,-0.004602,-0.007670,-0.121933,-0.121933,-0.121933,-0.121933
87.080063,-0.076699,-0.093573,-0.076699,-0.087437,-0.104469,-0.104469,-0.104469,-0.104469
87.090057,-0.076699,-0.093573,-0.076699,-0.087437,-0.079072,-0.079072,-0.079072,-0.079072
87.100060,-0.119651,-0.136524,-0.116583,-0.131922,-0.047663,-0.047663,-0.047663,-0.047663
87.110062,-0.119651,-0.136524,-0.116583,-0.131922,-0.012632,-0.012632,-0.012632,-0.012632
87.120064,-0.124252,-0.141126,-0.119651,-0.136524,0.023348,0.023348,0.023348,0.023348
87.130058,-0.124252,-0.141126,-0.119651,-0.136524,0.057534,0.057534,0.057534,0.057534
87.140060,-0.101243,-0.118117,-0.101243,-0.111981,0.087326,0.087326,0.087326,0.087326
87.150063,-0.101243,-0.118117,-0.101243,-0.111981,0.110459,0.110459,0.110459,0.110459
87.160065,-0.044485,-0.059825,-0.046019,-0.044485,0.125167,0.125167,0.125167,0.125167
87.170067,-0.044485,-0.059825,-0.046019,-0.044485,0.130332,0.130332,0.130332,0.130332
87.180069,0.030680,0.024544,0.027612,0.033748,0.125550,0.125550,0.125550,0.125550
87.190063,0.030680,0.024544,0.027612,0.033748,0.111218,0.111218,0.111218,0.111218
87.200066,0.095107,0.085903,0.090505,0.095107,0.088391,0.088391,0.088391,0.088391
87.210060,0.095107,0.085903,0.090505,0.095107,0.058850,0.058850,0.058850,0.058850
87.220047,0.122718,0.113515,0.116583,0.121184,0.024851,0.024851,0.024851,0.024851
87.230057,0.122718,0.113515,0.116583,0.121184,-0.011100,-0.011100,-0.011100,-0.011100
87.240059,0.121184,0.113515,0.116583,0.118117,-0.046144,-0.046144,-0.046144,-0.046144
87.250061,0.121184,0.113515,0.116583,0.118117,-0.077679,-0.077679,-0.077679,-0.077679
87.260056,0.087437,0.079767,0.088971,0.082835,-0.103238,-0.103238,-0.103238,-0.103238
87.270050,0.087437,0.079767,0.088971,0.082835,-0.120925,-0.120925,-0.120925,-0.120925
87.280052,0.021476,0.015340,0.027612,0.018408,-0.129369,-0.129369,-0.129369,-0.129369
87.290062,0.021476,0.015340,0.027612,0.018408,-0.127921,-0.127921,-0.127921,-0.127921
87.300064,-0.055223,-0.070563,-0.049087,-0.062893,-0.116692,-0.116692,-0.116692,-0.116692
87.310059,-0.055223,-0.070563,-0.049087,-0.062893,-0.096546,-0.096546,-0.096546,-0.096546
87.320061,-0.110447,-0.125786,-0.104311,-0.122718,-0.069029,-0.069029,-0.069029,-0.069029
87.330063,-0.110447,-0.125786,-0.104311,-0.122718,-0.036237,-0.036237,-0.036237,-0.036237
87.340057,-0.124252,-0.141126,-0.119651,-0.136524,-0.000689,-0.000689,-0.000689,-0.000689
87.350060,-0.124252,-0.141126,-0.119651,-0.136524,0.034898,0.034898,0.034898,0.034898
87.360046,-0.115049,-0.128854,-0.110447,-0.124252,0.067762,0.067762,0.067762,0.067762
87.370056,-0.115049,-0.128854,-0.110447,-0.124252,0.095512,0.095512,0.095512,0.095512
87.380058,-0.065961,-0.082835,-0.067495,-0.069029,0.115895,0.115895,0.115895,0.115895
87.390053,-0.065961,-0.082835,-0.067495,-0.069029,0.127395,0.127395,0.127395,0.127395
87.400055,0.004602,-0.001534,0.003068,0.009204,0.129138,0.129138,0.129138,0.129138
87.410057,0.004602,-0.001534,0.003068,0.009204,0.120982,0.120982,0.120982,0.120982
87.420059,0.075165,0.069029,0.073631,0.076699,0.103560,0.103560,0.103560,0.103560
87.430061,0.075165,0.069029,0.073631,0.076699,0.078201,0.078201,0.078201,0.078201
87.440056,0.118117,0.110447,0.113515,0.116583,0.046862,0.046862,0.046862,0.046862
87.450058,0.118117,0.110447,0.113515,0.116583,0.011936,0.011936,0.011936,0.011936
87.460068,0.122718,0.115049,0.116583,0.121184,-0.023946,-0.023946,-0.023946,-0.023946
87.470055,0.122718,0.115049,0.116583,0.121184,-0.057882,-0.057882,-0.057882,-0.057882
87.480057,0.098175,0.093573,0.098175,0.095107,-0.087413,-0.087413,-0.087413,-0.087413
87.490059,0.098175,0.093573,0.098175,0.095107,-0.110220,-0.110220,-0.110220,-0.110220
87.500053,0.039884,0.039884,0.044485,0.038350,-0.124561,-0.124561,-0.124561,-0.124561
87.510086,0.039884,0.039884,0.044485,0.038350,-0.129333,-0.129333,-0.129333,-0.129333
87.520058,-0.033748,-0.042951,-0.030680,-0.036816,-0.124169,-0.124169,-0.124169,-0.124169
87.530075,-0.033748,-0.042951,-0.030680,-0.036816,-0.109437,-0.109437,-0.109437,-0.109437
87.540039,-0.095107,-0.111981,-0.093573,-0.107379,-0.086407,-0.086407,-0.086407,-0.086407
87.550056,-0.095107,-0.111981,-0.093573,-0.107379,-0.056619,-0.056619,-0.056619,-0.056619
87.560059,-0.124252,-0.141126,-0.118117,-0.134990,-0.022534,-0.022534,-0.022534,-0.022534
87.570061,-0.124252,-0.141126,-0.118117,-0.134990,0.013266,0.013266,0.013266,0.013266
87.580055,-0.121184,-0.138058,-0.118117,-0.131922,0.048022,0.048022,0.048022,0.048022
87.590057,-0.121184,-0.138058,-0.118117,-0.131922,0.079089,0.079089,0.079089,0.079089
87.600052,-0.082835,-0.099709,-0.084369,-0.088971,0.104058,0.104058,0.104058,0.104058
87.610054,-0.082835,-0.099709,-0.084369,-0.088971,0.121013,0.121013,0.121013,0.121013
87.620056,-0.016874,-0.027612,-0.018408,-0.013806,0.128638,0.128638,0.128638,0.128638
87.630058,-0.016874,-0.027612,-0.018408,-0.013806,0.126358,0.126358,0.126358,0.126358
87.640060,0.055223,0.049087,0.053689,0.056757,0.114346,0.114346,0.114346,0.114346
87.650055,0.055223,0.049087,0.053689,0.056757,0.093536,0.093536,0.093536,0.093536
87.660057,0.108913,0.099709,0.104311,0.107379,0.065524,0.065524,0.065524,0.065524
87.670059,0.108913,0.099709,0.104311,0.107379,0.032448,0.032448,0.032448,0.032448
87.680061,0.121184,0.113515,0.116583,0.119651,-0.003089,-0.003089,-0.003089,-0.003089
87.690056,0.121184,0.113515,0.116583,0.119651,-0.038380,-0.038380,-0.038380,-0.038380
87.700058,0.110447,0.102777,0.107379,0.107379,-0.070710,-0.070710,-0.070710,-0.070710
87.710060,0.110447,0.102777,0.107379,0.107379,-0.097568,-0.097568,-0.097568,-0.097568
87.720055,0.062893,0.056757,0.062893,0.061359,-0.116883,-0.116883,-0.116883,-0.116883
87.730057,0.062893,0.056757,0.062893,0.061359,-0.127181,-0.127181,-0.127181,-0.127181
87.740059,-0.009204,-0.016874,-0.007670,-0.010738,-0.127656,-0.127656,-0.127656,-0.127656
87.750053,-0.009204,-0.016874,-0.007670,-0.010738,-0.118283,-0.118283,-0.118283,-0.118283
87.760056,-0.079767,-0.096641,-0.079767,-0.092039,-0.099760,-0.099760,-0.099760,-0.099760
87.770058,-0.079767,-0.096641,-0.079767,-0.092039,-0.073554,-0.073554,-0.073554,-0.073554
87.780052,-0.121184,-0.136524,-0.115049,-0.131922,-0.041673,-0.041673,-0.041673,-0.041673
87.790054,-0.121184,-0.136524,-0.115049,-0.131922,-0.006579,-0.006579,-0.006579,-0.006579
87.800064,-0.124252,-0.139592,-0.118117,-0.136524,0.029034,0.029034,0.029034,0.029034
87.810059,-0.124252,-0.139592,-0.118117,-0.136524,0.062361,0.062361,0.062361,0.062361
87.820038,-0.098175,-0.113515,-0.098175,-0.107379,0.090798,0.090798,0.090798,0.090798
87.830055,-0.098175,-0.113515,-0.098175,-0.107379,0.112318,0.112318,0.112318,0.112318
87.840057,-0.038350,-0.050621,-0.041417,-0.038350,0.125087,0.125087,0.125087,0.125087
87.850060,-0.038350,-0.050621,-0.041417,-0.038350,0.128171,0.128171,0.128171,0.128171
87.860062,0.035282,0.030680,0.030680,0.038350,0.121334,0.121334,0.121334,0.121334
87.870064,0.035282,0.030680,0.030680,0.038350,0.105101,0.105101,0.105101,0.105101
87.880058,0.098175,0.088971,0.092039,0.098175,0.080746,0.080746,0.080746,0.080746
87.890060,0.098175,0.088971,0.092039,0.098175,0.050136,0.050136,0.050136,0.050136
87.900063,0.121184,0.113515,0.116583,0.119651,0.015643,0.015643,0.015643,0.015643
87.910057,0.121184,0.113515,0.116583,0.119651,-0.020028,-0.020028,-0.020028,-0.020028
87.920059,0.118117,0.108913,0.113515,0.115049,-0.054145,-0.054145,-0.054145,-0.054145
87.930061,0.118117,0.108913,0.113515,0.115049,-0.084057,-0.084057,-0.084057,-0.084057
87.940063,0.076699,0.070563,0.078233,0.075165,-0.107439,-0.107439,-0.107439,-0.107439
87.950066,0.076699,0.070563,0.078233,0.075165,-0.122477,-0.122477,-0.122477,-0.122477
87.960068,0.010738,0.006136,0.012272,0.009204,-0.128011,-0.128011,-0.128011,-0.128011
87.970062,0.010738,0.006136,0.012272,0.009204,-0.123614,-0.123614,-0.123614,-0.123614
87.980064,-0.062893,-0.076699,-0.061359,-0.072097,-0.109620,-0.109620,-0.109620,-0.109620
87.990059,-0.062893,-0.076699,-0.061359,-0.072097,-0.087134,-0.087134,-0.087134,-0.087134
88.000061,-0.113515,-0.128854,-0.108913,-0.124252,-0.057880,-0.057880,-0.057880,-0.057880
88.010063,-0.113515,-0.128854,-0.108913,-0.124252,-0.024145,-0.024145,-0.024145,-0.024145
88.020065,-0.122718,-0.138058,-0.118117,-0.134990,0.011479,0.011479,0.011479,0.011479
88.030060,-0.122718,-0.138058,-0.118117,-0.134990,0.046153,0.046153,0.046153,0.046153
88.040062,-0.105845,-0.121184,-0.104311,-0.116583,0.077256,0.077256,0.077256,0.077256
88.050056,-0.105845,-0.121184,-0.104311,-0.116583,0.102335,0.102335,0.102335,0.102335
88.060066,-0.052155,-0.070563,-0.055223,-0.056757,0.119459,0.119459,0.119459,0.119459
88.070061,-0.052155,-0.070563,-0.055223,-0.056757,0.127281,0.127281,0.127281,0.127281
88.080063,0.021476,0.013806,0.013806,0.021476,0.125202,0.125202,0.125202,0.125202
88.090057,0.021476,0.013806,0.013806,0.021476,0.113387,0.113387,0.113387,0.113387
88.100060,0.087437,0.078233,0.081301,0.084369,0.092753,0.092753,0.092753,0.092753
88.110062,0.087437,0.078233,0.081301,0.084369,0.064902,0.064902,0.064902,0.064902
88.120064,0.119651,0.110447,0.113515,0.116583,0.032012,0.032012,0.032012,0.032012
88.130058,0.119651,0.110447,0.113515,0.116583,-0.003363,-0.003363,-0.003363,-0.003363
88.140060,0.119651,0.110447,0.115049,0.116583,-0.038458,-0.038458,-0.038458,-0.038458
88.150063,0.119651,0.110447,0.115049,0.116583,-0.070546,-0.070546,-0.070546,-0.070546
88.160057,0.090505,0.082835,0.088971,0.087437,-0.097122,-0.097122,-0.097122,-0.097122
88.170059,0.090505,0.082835,0.088971,0.087437,-0.116138,-0.116138,-0.116138,-0.116138
88.180061,0.027612,0.024544,0.030680,0.027612,-0.126081,-0.126081,-0.126081,-0.126081
88.190056,0.027612,0.024544,0.030680,0.027612,-0.126192,-0.126192,-0.126192,-0.126192
88.200066,-0.047553,-0.059825,-0.044485,-0.056757,-0.116455,-0.116455,-0.116455,-0.116455
88.210060,-0.047553,-0.059825,-0.044485,-0.056757,-0.097649,-0.097649,-0.097649,-0.097649
88.220055,-0.104311,-0.121184,-0.101243,-0.118117,-0.071234,-0.071234,-0.071234,-0.071234
88.230064,-0.104311,-0.121184,-0.101243,-0.118117,-0.039252,-0.039252,-0.039252,-0.039252
88.240059,-0.122718,-0.139592,-0.118117,-0.134990,-0.004235,-0.004235,-0.004235,-0.004235
88.250061,-0.122718,-0.139592,-0.118117,-0.134990,0.031112,0.031112,0.031112,0.031112
88.260063,-0.113515,-0.128854,-0.111981,-0.122718,0.064027,0.064027,0.064027,0.064027
88.270065,-0.113515,-0.128854,-0.111981,-0.122718,0.091918,0.091918,0.091918,0.091918
88.280060,-0.069029,-0.084369,-0.069029,-0.069029,0.112607,0.112607,0.112607,0.112607
88.290039,-0.069029,-0.084369,-0.069029,-0.069029,0.124488,0.124488,0.124488,0.124488
88.300064,0.001534,-0.006136,0.000000,0.007670,0.126663,0.126663,0.126663,0.126663
88.310059,0.001534,-0.006136,0.000000,0.007670,0.118920,0.118920,0.118920,0.118920
88.320061,0.070563,0.064427,0.067495,0.073631,0.101886,0.101886,0.101886,0.101886
88.330063,0.070563,0.064427,0.067495,0.073631,0.076876,0.076876,0.076876,0.076876
88.340065,0.115049,0.105845,0.108913,0.113515,0.045866,0.045866,0.045866,0.045866
88.350060,0.115049,0.105845,0.108913,0.113515,0.011280,0.011280,0.011280,0.011280
88.360062,0.119651,0.111981,0.113515,0.118117,-0.024185,-0.024185,-0.024185,-0.024185
88.370064,0.119651,0.111981,0.113515,0.118117,-0.057744,-0.057744,-0.057744,-0.057744
88.380058,0.099709,0.092039,0.098175,0.096641,-0.086744,-0.086744,-0.086744,-0.086744
88.390060,0.099709,0.092039,0.098175,0.096641,-0.108971,-0.108971,-0.108971,-0.108971
88.400063,0.042951,0.038350,0.049087,0.041417,-0.122644,-0.122644,-0.122644,-0.122644
88.410065,0.042951,0.038350,0.049087,0.041417,-0.126704,-0.126704,-0.126704,-0.126704
88.420059,-0.030680,-0.041417,-0.026078,-0.035282,-0.120833,-0.120833,-0.120833,-0.120833
88.430061,-0.030680,-0.041417,-0.026078,-0.035282,-0.105486,-0.105486,-0.105486,-0.105486
88.440063,-0.095107,-0.110447,-0.092039,-0.107379,-0.081877,-0.081877,-0.081877,-0.081877
88.450066,-0.095107,-0.110447,-0.092039,-0.107379,-0.051861,-0.051861,-0.051861,-0.051861
88.460060,-0.122718,-0.138058,-0.116583,-0.133456,-0.017786,-0.017786,-0.017786,-0.017786
88.470062,-0.122718,-0.138058,-0.116583,-0.133456,0.017683,0.017683,0.017683,0.017683
88.480064,-0.119651,-0.131922,-0.115049,-0.130388,0.051741,0.051741,0.051741,0.051741
88.490059,-0.119651,-0.131922,-0.115049,-0.130388,0.081726,0.081726,0.081726,0.081726
88.500061,-0.076699,-0.092039,-0.079767,-0.085903,0.105293,0.105293,0.105293,0.105293
88.510063,-0.076699,-0.092039,-0.079767,-0.085903,0.120582,0.120582,0.120582,0.120582
88.520058,-0.012272,-0.018408,-0.015340,-0.007670,0.126393,0.126393,0.126393,0.126393
88.530060,-0.012272,-0.018408,-0.015340,-0.007670,0.122274,0.122274,0.122274,0.122274
88.540062,0.059825,0.055223,0.056757,0.062893,0.108552,0.108552,0.108552,0.108552
88.550064,0.059825,0.055223,0.056757,0.062893,0.086297,0.086297,0.086297,0.086297
88.560059,0.110447,0.101243,0.105845,0.107379,0.057268,0.057268,0.057268,0.057268
88.570061,0.110447,0.101243,0.105845,0.107379,0.023749,0.023749,0.023749,0.023749
88.580063,0.119651,0.110447,0.113515,0.116583,-0.011637,-0.011637,-0.011637,-0.011637
88.590057,0.119651,0.110447,0.113515,0.116583,-0.046079,-0.046079,-0.046079,-0.046079
88.600037,0.105845,0.096641,0.102777,0.101243,-0.076828,-0.076828,-0.076828,-0.076828
88.610054,0.105845,0.096641,0.102777,0.101243,-0.101641,-0.101641,-0.101641,-0.101641
88.620056,0.053689,0.046019,0.056757,0.053689,-0.118385,-0.118385,-0.118385,-0.118385
88.630058,0.053689,0.046019,0.056757,0.053689,-0.125803,-0.125803,-0.125803,-0.125803
88.640053,-0.018408,-0.029146,-0.016874,-0.019942,-0.123313,-0.123313,-0.123313,-0.123313
88.650055,-0.018408,-0.029146,-0.016874,-0.019942,-0.111108,-0.111108,-0.111108,-0.111108
88.660057,-0.085903,-0.104311,-0.084369,-0.096641,-0.090156,-0.090156,-0.090156,-0.090156
88.670059,-0.085903,-0.104311,-0.084369,-0.096641,-0.062096,-0.062096,-0.062096,-0.062096
88.680061,-0.121184,-0.136524,-0.115049,-0.131922,-0.029159,-0.029159,-0.029159,-0.029159
88.690056,-0.121184,-0.136524,-0.115049,-0.131922,0.006047,0.006047,0.006047,0.006047
88.700050,-0.121184,-0.136524,-0.116583,-0.131922,0.040784,0.040784,0.040784,0.040784
88.710060,-0.121184,-0.136524,-0.116583,-0.131922,0.072301,0.072301,0.072301,0.072301
88.720055,-0.085903,-0.102777,-0.087437,-0.095107,0.098092,0.098092,0.098092,0.098092
88.730057,-0.085903,-0.102777,-0.087437,-0.095107,0.116136,0.116136,0.116136,0.116136
88.740059,-0.026078,-0.035282,-0.027612,-0.023010,0.125006,0.125006,0.125006,0.125006
88.750061,-0.026078,-0.035282,-0.027612,-0.023010,0.124004,0.124004,0.124004,0.124004
88.760056,0.046019,0.044485,0.044485,0.049087,0.113211,0.113211,0.113211,0.113211
88.770058,0.046019,0.044485,0.044485,0.049087,0.093479,0.093479,0.093479,0.093479
88.780052,0.104311,0.096641,0.098175,0.101243,0.066382,0.066382,0.066382,0.066382
88.790054,0.104311,0.096641,0.098175,0.101243,0.034036,0.034036,0.034036,0.034036
88.800064,0.119651,0.110447,0.113515,0.116583,-0.001020,-0.001020,-0.001020,-0.001020
88.810059,0.119651,0.110447,0.113515,0.116583,-0.035922,-0.035922,-0.035922,-0.035922
88.820061,0.108913,0.099709,0.105845,0.105845,-0.068005,-0.068005,-0.068005,-0.068005
88.830055,0.108913,0.099709,0.105845,0.105845,-0.094695,-0.094695,-0.094695,-0.094695
88.840057,0.064427,0.055223,0.064427,0.062893,-0.113889,-0.113889,-0.113889,-0.113889
88.850060,0.064427,0.055223,0.064427,0.062893,-0.124060,-0.124060,-0.124060,-0.124060
88.860054,-0.006136,-0.018408,-0.003068,-0.004602,-0.124413,-0.124413,-0.124413,-0.124413
88.870056,-0.006136,-0.018408,-0.003068,-0.004602,-0.114919,-0.114919,-0.114919,-0.114919
88.880058,-0.076699,-0.096641,-0.072097,-0.085903,-0.096332,-0.096332,-0.096332,-0.096332
88.890053,-0.076699,-0.096641,-0.072097,-0.085903,-0.070132,-0.070132,-0.070132,-0.070132
88.900055,-0.118117,-0.134990,-0.111981,-0.128854,-0.038369,-0.038369,-0.038369,-0.038369
88.910057,-0.118117,-0.134990,-0.111981,-0.128854,-0.003580,-0.003580,-0.003580,-0.003580
88.920052,-0.121184,-0.136524,-0.116583,-0.131922,0.031474,0.031474,0.031474,0.031474
88.930054,-0.121184,-0.136524,-0.116583,-0.131922,0.064031,0.064031,0.064031,0.064031
88.940056,-0.093573,-0.107379,-0.095107,-0.104311,0.091493,0.091493,0.091493,0.091493
88.950058,-0.093573,-0.107379,-0.095107,-0.104311,0.111695,0.111695,0.111695,0.111695
88.960060,-0.035282,-0.042951,-0.039884,-0.033748,0.123026,0.123026,0.123026,0.123026
88.970062,-0.035282,-0.042951,-0.039884,-0.033748,0.124594,0.124594,0.124594,0.124594
88.980026,0.036816,0.036816,0.035282,0.041417,0.116319,0.116319,0.116319,0.116319
88.990051,0.036816,0.036816,0.035282,0.041417,0.098745,0.098745,0.098745,0.098745
89.000069,0.098175,0.090505,0.093573,0.096641,0.073337,0.073337,0.073337,0.073337
89.010063,0.098175,0.090505,0.093573,0.096641,0.042152,0.042152,0.042152,0.042152
89.020058,0.119651,0.110447,0.113515,0.116583,0.007645,0.007645,0.007645,0.007645
89.030067,0.119651,0.110447,0.113515,0.116583,-0.027522,-0.027522,-0.027522,-0.027522
89.040062,0.113515,0.102777,0.108913,0.108913,-0.060425,-0.060425,-0.060425,-0.060425
89.050064,0.113515,0.102777,0.108913,0.108913,-0.088542,-0.088542,-0.088542,-0.088542
89.060066,0.070563,0.061359,0.070563,0.067495,-0.109612,-0.109612,-0.109612,-0.109612
89.070061,0.070563,0.061359,0.070563,0.067495,-0.121953,-0.121953,-0.121953,-0.121953
89.080055,0.003068,-0.009204,0.003068,0.001534,-0.124598,-0.124598,-0.124598,-0.124598
89.090050,0.003068,-0.009204,0.003068,0.001534,-0.117343,-0.117343,-0.117343,-0.117343
89.100060,-0.069029,-0.085903,-0.069029,-0.081301,-0.100738,-0.100738,-0.100738,-0.100738
89.110054,-0.069029,-0.085903,-0.069029,-0.081301,-0.076133,-0.076133,-0.076133,-0.076133
89.120056,-0.113515,-0.128854,-0.110447,-0.127320,-0.045466,-0.045466,-0.045466,-0.045466
89.130066,-0.113515,-0.128854,-0.110447,-0.127320,-0.011187,-0.011187,-0.011187,-0.011187
89.140060,-0.119651,-0.134990,-0.115049,-0.131922,0.023949,0.023949,0.023949,0.023949
89.150063,-0.119651,-0.134990,-0.115049,-0.131922,0.057194,0.057194,0.057194,0.057194
89.160057,-0.096641,-0.115049,-0.096641,-0.105845,0.085833,0.085833,0.085833,0.085833
89.170067,-0.096641,-0.115049,-0.096641,-0.105845,0.107664,0.107664,0.107664,0.107664
89.180061,-0.041417,-0.058291,-0.042951,-0.036816,0.120881,0.120881,0.120881,0.120881
89.190063,-0.041417,-0.058291,-0.042951,-0.036816,0.124468,0.124468,0.124468,0.124468
89.200058,0.030680,0.026078,0.029146,0.036816,0.118131,0.118131,0.118131,0.118131
89.210045,0.030680,0.026078,0.029146,0.036816,0.102393,0.102393,0.102393,0.102393
89.220062,0.092039,0.084369,0.088971,0.092039,0.078451,0.078451,0.078451,0.078451
89.230057,0.092039,0.084369,0.088971,0.092039,0.048279,0.048279,0.048279,0.048279
89.240067,0.118117,0.110447,0.113515,0.115049,0.014253,0.014253,0.014253,0.014253
89.250061,0.118117,0.110447,0.113515,0.115049,-0.020882,-0.020882,-0.020882,-0.020882
89.260063,0.113515,0.105845,0.111981,0.110447,-0.054338,-0.054338,-0.054338,-0.054338
89.270058,0.113515,0.105845,0.111981,0.110447,-0.083451,-0.083451,-0.083451,-0.083451
89.280067,0.073631,0.070563,0.076699,0.073631,-0.105892,-0.105892,-0.105892,-0.105892
89.290062,0.073631,0.070563,0.076699,0.073631,-0.119854,-0.119854,-0.119854,-0.119854
89.300064,0.009204,0.003068,0.012272,0.010738,-0.124242,-0.124242,-0.124242,-0.124242
89.310059,0.009204,0.003068,0.012272,0.010738,-0.118697,-0.118697,-0.118697,-0.118697
89.320061,-0.061359,-0.078233,-0.062893,-0.072097,-0.103664,-0.103664,-0.103664,-0.103664
89.330063,-0.061359,-0.078233,-0.062893,-0.072097,-0.080351,-0.080351,-0.080351,-0.080351
89.340065,-0.111981,-0.127320,-0.108913,-0.122718,-0.050613,-0.050613,-0.050613,-0.050613
89.350052,-0.111981,-0.127320,-0.108913,-0.122718,-0.016875,-0.016875,-0.016875,-0.016875
89.360062,-0.119651,-0.134990,-0.115049,-0.130388,0.018272,0.018272,0.018272,0.018272
89.370064,-0.119651,-0.134990,-0.115049,-0.130388,0.051916,0.051916,0.051916,0.051916
89.380058,-0.101243,-0.116583,-0.099709,-0.111981,0.081375,0.081375,0.081375,0.081375
89.390060,-0.101243,-0.116583,-0.099709,-0.111981,0.104316,0.104316,0.104316,0.104316
89.400063,-0.049087,-0.062893,-0.052155,-0.050621,0.118900,0.118900,0.118900,0.118900
89.410065,-0.049087,-0.062893,-0.052155,-0.050621,0.123955,0.123955,0.123955,0.123955
89.420059,0.023010,0.018408,0.018408,0.026078,0.119074,0.119074,0.119074,0.119074
89.430061,0.023010,0.018408,0.018408,0.026078,0.104654,0.104654,0.104654,0.104654
89.440063,0.088971,0.079767,0.082835,0.087437,0.081849,0.081849,0.081849,0.081849
89.450058,0.088971,0.079767,0.082835,0.087437,0.052500,0.052500,0.052500,0.052500
89.460060,0.118117,0.108913,0.111981,0.115049,0.018929,0.018929,0.018929,0.018929
89.470062,0.118117,0.108913,0.111981,0.115049,-0.016133,-0.016133,-0.016133,-0.016133
89.480064,0.116583,0.107379,0.110447,0.111981,-0.049898,-0.049898,-0.049898,-0.049898
89.490059,0.116583,0.107379,0.110447,0.111981,-0.079632,-0.079632,-0.079632,-0.079632
89.500061,0.081301,0.073631,0.079767,0.076699,-0.102984,-0.102984,-0.102984,-0.102984
89.510063,0.081301,0.073631,0.079767,0.076699,-0.118049,-0.118049,-0.118049,-0.118049
89.520065,0.015340,0.010738,0.016874,0.013806,-0.123633,-0.123633,-0.123633,-0.123633
89.530060,0.015340,0.010738,0.016874,0.013806,-0.119287,-0.119287,-0.119287,-0.119287
89.540062,-0.058291,-0.072097,-0.056757,-0.064427,-0.105362,-0.105362,-0.105362,-0.105362
89.550064,-0.058291,-0.072097,-0.056757,-0.064427,-0.082969,-0.082969,-0.082969,-0.082969
89.560059,-0.108913,-0.124252,-0.105845,-0.118117,-0.053928,-0.053928,-0.053928,-0.053928
89.570061,-0.108913,-0.124252,-0.105845,-0.118117,-0.020550,-0.020550,-0.020550,-0.020550
89.580063,-0.118117,-0.134990,-0.113515,-0.128854,0.014468,0.014468,0.014468,0.014468
89.590057,-0.118117,-0.134990,-0.113515,-0.128854,0.048305,0.048305,0.048305,0.048305
89.600060,-0.101243,-0.118117,-0.099709,-0.113515,0.078240,0.078240,0.078240,0.078240
89.610062,-0.101243,-0.118117,-0.099709,-0.113515,0.101884,0.101884,0.101884,0.101884
89.620056,-0.052155,-0.067495,-0.052155,-0.055223,0.117310,0.117310,0.117310,0.117310
89.630066,-0.052155,-0.067495,-0.052155,-0.055223,0.123299,0.123299,0.123299,0.123299
89.640060,0.019942,0.013806,0.016874,0.021476,0.119355,0.119355,0.119355,0.119355
89.650063,0.019942,0.013806,0.016874,0.021476,0.105800,0.105800,0.105800,0.105800
89.660065,0.084369,0.078233,0.082835,0.082835,0.083725,0.083725,0.083725,0.083725
89.670059,0.084369,0.078233,0.082835,0.082835,0.054923,0.054923,0.054923,0.054923
89.680054,0.116583,0.108913,0.110447,0.113515,0.021718,0.021718,0.021718,0.021718
89.690056,0.116583,0.108913,0.110447,0.113515,-0.013251,-0.013251,-0.013251,-0.013251
89.700050,0.115049,0.107379,0.110447,0.111981,-0.047125,-0.047125,-0.047125,-0.047125
89.710060,0.115049,0.107379,0.110447,0.111981,-0.077210,-0.077210,-0.077210,-0.077210
89.720055,0.082835,0.075165,0.081301,0.078233,-0.101030,-0.101030,-0.101030,-0.101030
89.730049,0.082835,0.075165,0.081301,0.078233,-0.116710,-0.116710,-0.116710,-0.116710
89.740051,0.018408,0.013806,0.019942,0.015340,-0.122966,-0.122966,-0.122966,-0.122966
89.750061,0.018408,0.013806,0.019942,0.015340,-0.119292,-0.119292,-0.119292,-0.119292
89.760056,-0.055223,-0.067495,-0.052155,-0.061359,-0.105994,-0.105994,-0.105994,-0.105994
89.770058,-0.055223,-0.067495,-0.052155,-0.061359,-0.084136,-0.084136,-0.084136,-0.084136
89.780052,-0.108913,-0.122718,-0.102777,-0.118117,-0.055510,-0.055510,-0.055510,-0.055510
89.790054,-0.108913,-0.122718,-0.102777,-0.118117,-0.022387,-0.022387,-0.022387,-0.022387
89.800056,-0.118117,-0.133456,-0.111981,-0.130388,0.012541,0.012541,0.012541,0.012541
89.810051,-0.118117,-0.133456,-0.111981,-0.130388,0.046408,0.046408,0.046408,0.046408
89.820053,-0.102777,-0.119651,-0.101243,-0.113515,0.076539,0.076539,0.076539,0.076539
89.830055,-0.102777,-0.119651,-0.101243,-0.113515,0.100471,0.100471,0.100471,0.100471
89.840057,-0.052155,-0.070563,-0.053689,-0.056757,0.116261,0.116261,0.116261,0.116261
89.850052,-0.052155,-0.070563,-0.053689,-0.056757,0.122650,0.122650,0.122650,0.122650
89.860054,0.018408,0.015340,0.015340,0.019942,0.119112,0.119112,0.119112,0.119112
89.870056,0.018408,0.015340,0.015340,0.019942,0.105939,0.105939,0.105939,0.105939
89.880058,0.084369,0.078233,0.078233,0.082835,0.084193,0.084193,0.084193,0.084193
89.890053,0.084369,0.078233,0.078233,0.082835,0.055654,0.055654,0.055654,0.055654
89.900024,0.115049,0.107379,0.108913,0.111981,0.022706,0.022706,0.022706,0.022706
89.910057,0.115049,0.107379,0.108913,0.111981,-0.012277,-0.012277,-0.012277,-0.012277
89.920052,0.116583,0.105845,0.108913,0.111981,-0.046128,-0.046128,-0.046128,-0.046128
89.930054,0.116583,0.105845,0.108913,0.111981,-0.076246,-0.076246,-0.076246,-0.076246
89.940056,0.082835,0.072097,0.084369,0.078233,-0.100165,-0.100165,-0.100165,-0.100165
89.950050,0.082835,0.072097,0.084369,0.078233,-0.115961,-0.115961,-0.115961,-0.115961
89.960052,0.018408,0.010738,0.024544,0.016874,-0.122353,-0.122353,-0.122353,-0.122353
89.970055,0.018408,0.010738,0.024544,0.016874,-0.118818,-0.118818,-0.118818,-0.118818
89.980057,-0.053689,-0.073631,-0.052155,-0.061359,-0.105649,-0.105649,-0.105649,-0.105649
89.990059,-0.053689,-0.073631,-0.052155,-0.061359,-0.083898,-0.083898,-0.083898,-0.083898
90.000061,-0.105845,-0.122718,-0.102777,-0.118117,-0.055363,-0.055363,-0.055363,-0.055363
90.010063,-0.105845,-0.122718,-0.102777,-0.118117,-0.022317,-0.022317,-0.022317,-0.022317
90.020065,-0.118117,-0.131922,-0.111981,-0.128854,0.012499,0.012499,0.012499,0.012499
90.030060,-0.118117,-0.131922,-0.111981,-0.128854,0.046299,0.046299,0.046299,0.046299
90.040062,-0.101243,-0.116583,-0.101243,-0.110447,0.076323,0.076323,0.076323,0.076323
90.050056,-0.101243,-0.116583,-0.101243,-0.110447,0.100140,0.100140,0.100140,0.100140
90.060066,-0.053689,-0.065961,-0.053689,-0.050621,0.115820,0.115820,0.115820,0.115820
90.070068,-0.053689,-0.065961,-0.053689,-0.050621,0.122076,0.122076,0.122076,0.122076
90.080063,0.016874,0.015340,0.015340,0.019942,0.118406,0.118406,0.118406,0.118406
90.090065,0.016874,0.015340,0.015340,0.019942,0.105110,0.105110,0.105110,0.105110
90.100060,0.084369,0.078233,0.079767,0.082835,0.083279,0.083279,0.083279,0.083279
90.110062,0.084369,0.078233,0.079767,0.082835,0.054662,0.054662,0.054662,0.054662
90.120064,0.115049,0.107379,0.108913,0.111981,0.021633,0.021633,0.021633,0.021633
90.130066,0.115049,0.107379,0.108913,0.111981,-0.013168,-0.013168,-0.013168,-0.013168
90.140060,0.115049,0.105845,0.108913,0.111981,-0.046874,-0.046874,-0.046874,-0.046874
90.150063,0.115049,0.105845,0.108913,0.111981,-0.076755,-0.076755,-0.076755,-0.076755
90.160065,0.081301,0.072097,0.081301,0.078233,-0.100378,-0.100378,-0.100378,-0.100378
90.170059,0.081301,0.072097,0.081301,0.078233,-0.115814,-0.115814,-0.115814,-0.115814
90.180061,0.018408,0.010738,0.019942,0.016874,-0.121813,-0.121813,-0.121813,-0.121813
90.190063,0.018408,0.010738,0.019942,0.016874,-0.117884,-0.117884,-0.117884,-0.117884
90.200050,-0.053689,-0.072097,-0.053689,-0.061359,-0.104370,-0.104370,-0.104370,-0.104370
90.210060,-0.053689,-0.072097,-0.053689,-0.061359,-0.082316,-0.082316,-0.082316,-0.082316
90.220055,-0.105845,-0.124252,-0.102777,-0.118117,-0.053597,-0.053597,-0.053597,-0.053597
90.230057,-0.105845,-0.124252,-0.102777,-0.118117,-0.020479,-0.020479,-0.020479,-0.020479
90.240059,-0.116583,-0.133456,-0.110447,-0.127320,0.014284,0.014284,0.014284,0.014284
90.250061,-0.116583,-0.133456,-0.110447,-0.127320,0.047869,0.047869,0.047869,0.047869
90.260056,-0.101243,-0.116583,-0.099709,-0.111981,0.077514,0.077514,0.077514,0.077514
90.270058,-0.101243,-0.116583,-0.099709,-0.111981,0.100853,0.100853,0.100853,0.100853
90.280052,-0.049087,-0.064427,-0.052155,-0.052155,0.115933,0.115933,0.115933,0.115933
90.290062,-0.049087,-0.064427,-0.052155,-0.052155,0.121554,0.121554,0.121554,0.121554
90.300056,0.023010,0.018408,0.016874,0.021476,0.117239,0.117239,0.117239,0.117239
90.310066,0.023010,0.018408,0.016874,0.021476,0.103339,0.103339,0.103339,0.103339
90.320053,0.087437,0.078233,0.081301,0.082835,0.081033,0.081033,0.081033,0.081033
90.330063,0.087437,0.078233,0.081301,0.082835,0.052061,0.052061,0.052061,0.052061
90.340057,0.115049,0.105845,0.108913,0.110447,0.018888,0.018888,0.018888,0.018888
90.350060,0.115049,0.105845,0.108913,0.110447,-0.015853,-0.015853,-0.015853,-0.015853
90.360062,0.113515,0.104311,0.108913,0.110447,-0.049262,-0.049262,-0.049262,-0.049262
90.370064,0.113515,0.104311,0.108913,0.110447,-0.078653,-0.078653,-0.078653,-0.078653
90.380066,0.078233,0.072097,0.078233,0.076699,-0.101580,-0.101580,-0.101580,-0.101580
90.390060,0.078233,0.072097,0.078233,0.076699,-0.116190,-0.116190,-0.116190,-0.116190
90.400063,0.013806,0.010738,0.018408,0.015340,-0.121284,-0.121284,-0.121284,-0.121284
90.410065,0.013806,0.010738,0.018408,0.015340,-0.116445,-0.116445,-0.116445,-0.116445
90.420067,-0.058291,-0.072097,-0.052155,-0.062893,-0.102072,-0.102072,-0.102072,-0.102072
90.430061,-0.058291,-0.072097,-0.052155,-0.062893,-0.079345,-0.079345,-0.079345,-0.079345
90.440063,-0.107379,-0.122718,-0.099709,-0.118117,-0.050123,-0.050123,-0.050123,-0.050123
90.450066,-0.107379,-0.122718,-0.099709,-0.118117,-0.016807,-0.016807,-0.016807,-0.016807
90.460060,-0.116583,-0.131922,-0.110447,-0.128854,0.017873,0.017873,0.017873,0.017873
90.470062,-0.116583,-0.131922,-0.110447,-0.128854,0.051088,0.051088,0.051088,0.051088
90.480064,-0.098175,-0.115049,-0.098175,-0.108913,0.080094,0.080094,0.080094,0.080094
90.490067,-0.098175,-0.115049,-0.098175,-0.108913,0.102527,0.102527,0.102527,0.102527
90.500061,-0.047553,-0.062893,-0.050621,-0.047553,0.116532,0.116532,0.116532,0.116532
90.510063,-0.047553,-0.062893,-0.050621,-0.047553,0.120981,0.120981,0.120981,0.120981
90.520058,0.023010,0.018408,0.021476,0.026078,0.115505,0.115505,0.115505,0.115505
90.530060,0.023010,0.018408,0.021476,0.026078,0.100536,0.100536,0.100536,0.100536
90.540054,0.087437,0.078233,0.082835,0.085903,0.077340,0.077340,0.077340,0.077340
90.550064,0.087437,0.078233,0.082835,0.085903,0.047772,0.047772,0.047772,0.047772
90.560051,0.115049,0.105845,0.108913,0.110447,0.014341,0.014341,0.014341,0.014341
90.570053,0.115049,0.105845,0.108913,0.110447,-0.020305,-0.020305,-0.020305,-0.020305
90.580063,0.111981,0.102777,0.107379,0.107379,-0.053272,-0.053272,-0.053272,-0.053272
90.590057,0.111981,0.102777,0.107379,0.107379,-0.081830,-0.081830,-0.081830,-0.081830
90.600060,0.075165,0.069029,0.075165,0.072097,-0.103652,-0.103652,-0.103652,-0.103652
90.610062,0.075165,0.069029,0.075165,0.072097,-0.116949,-0.116949,-0.116949,-0.116949
90.620056,0.010738,0.003068,0.012272,0.010738,-0.120621,-0.120621,-0.120621,-0.120621
90.630058,0.010738,0.003068,0.012272,0.010738,-0.114366,-0.114366,-0.114366,-0.114366
90.640060,-0.059825,-0.076699,-0.059825,-0.069029,-0.098703,-0.098703,-0.098703,-0.098703
90.650063,-0.059825,-0.076699,-0.059825,-0.069029,-0.074918,-0.074918,-0.074918,-0.074918
90.660065,-0.108913,-0.124252,-0.104311,-0.118117,-0.044972,-0.044972,-0.044972,-0.044972
90.670052,-0.108913,-0.124252,-0.104311,-0.118117,-0.011366,-0.011366,-0.011366,-0.011366
90.680061,-0.115049,-0.131922,-0.108913,-0.127320,0.023213,0.023213,0.023213,0.023213
90.690056,-0.115049,-0.131922,-0.108913,-0.127320,0.055834,0.055834,0.055834,0.055834
90.700058,-0.095107,-0.111981,-0.095107,-0.105845,0.083858,0.083858,0.083858,0.083858
90.710060,-0.095107,-0.111981,-0.095107,-0.105845,0.104969,0.104969,0.104969,0.104969
90.720062,-0.041417,-0.055223,-0.044485,-0.044485,0.117413,0.117413,0.117413,0.117413
90.730057,-0.041417,-0.055223,-0.044485,-0.044485,0.120172,0.120172,0.120172,0.120172
90.740059,0.029146,0.023010,0.026078,0.030680,0.113027,0.113027,0.113027,0.113027
90.750061,0.029146,0.023010,0.026078,0.030680,0.096549,0.096549,0.096549,0.096549
90.760056,0.090505,0.081301,0.085903,0.087437,0.072133,0.072133,0.072133,0.072133
90.770065,0.090505,0.081301,0.085903,0.087437,0.041743,0.041743,0.041743,0.041743
90.780060,0.115049,0.105845,0.108913,0.110447,0.007947,0.007947,0.007947,0.007947
90.790062,0.115049,0.105845,0.108913,0.110447,-0.026521,-0.026521,-0.026521,-0.026521
90.800056,0.110447,0.101243,0.105845,0.105845,-0.058763,-0.058763,-0.058763,-0.058763
90.810059,0.110447,0.101243,0.105845,0.105845,-0.086153,-0.086153,-0.086153,-0.086153
90.820053,0.069029,0.064427,0.070563,0.067495,-0.106410,-0.106410,-0.106410,-0.106410
90.830063,0.069029,0.064427,0.070563,0.067495,-0.117879,-0.117879,-0.117879,-0.117879
90.840034,0.003068,-0.001534,0.004602,0.003068,-0.119607,-0.119607,-0.119607,-0.119607
90.850060,0.003068,-0.001534,0.004602,0.003068,-0.111431,-0.111431,-0.111431,-0.111431
90.860054,-0.067495,-0.081301,-0.065961,-0.079767,-0.094062,-0.094062,-0.094062,-0.094062
90.870056,-0.067495,-0.081301,-0.065961,-0.079767,-0.068907,-0.068907,-0.068907,-0.068907
90.880051,-0.111981,-0.125786,-0.105845,-0.122718,-0.038089,-0.038089,-0.038089,-0.038089
90.890060,-0.111981,-0.125786,-0.105845,-0.122718,-0.004076,-0.004076,-0.004076,-0.004076
90.900055,-0.113515,-0.130388,-0.108913,-0.125786,0.030209,0.030209,0.030209,0.030209
90.910065,-0.113515,-0.130388,-0.108913,-0.125786,0.062027,0.062027,0.062027,0.062027
90.920059,-0.090505,-0.107379,-0.092039,-0.096641,0.088657,0.088657,0.088657,0.088657
90.930061,-0.090505,-0.107379,-0.092039,-0.096641,0.107963,0.107963,0.107963,0.107963
90.940056,-0.035282,-0.049087,-0.039884,-0.030680,0.118311,0.118311,0.118311,0.118311
90.950066,-0.035282,-0.049087,-0.039884,-0.030680,0.118860,0.118860,0.118860,0.118860
90.960052,0.035282,0.029146,0.030680,0.038350,0.109571,0.109571,0.109571,0.109571
90.970062,0.035282,0.029146,0.030680,0.038350,0.091183,0.091183,0.091183,0.091183
90.980057,0.093573,0.085903,0.087437,0.090505,0.065259,0.065259,0.065259,0.065259
90.990059,0.093573,0.085903,0.087437,0.090505,0.033927,0.033927,0.033927,0.033927
91.000061,0.115049,0.105845,0.107379,0.110447,-0.000220,-0.000220,-0.000220,-0.000220
91.010071,0.115049,0.105845,0.107379,0.110447,-0.034344,-0.034344,-0.034344,-0.034344
91.020065,0.107379,0.098175,0.102777,0.102777,-0.065566,-0.065566,-0.065566,-0.065566
91.030060,0.107379,0.098175,0.102777,0.102777,-0.091361,-0.091361,-0.091361,-0.091361
91.040062,0.062893,0.058291,0.062893,0.062893,-0.109565,-0.109565,-0.109565,-0.109565
91.050064,0.062893,0.058291,0.062893,0.062893,-0.118669,-0.118669,-0.118669,-0.118669
91.060051,-0.006136,-0.012272,-0.003068,-0.004602,-0.117919,-0.117919,-0.117919,-0.117919
91.070061,-0.006136,-0.012272,-0.003068,-0.004602,-0.107368,-0.107368,-0.107368,-0.107368
91.080055,-0.073631,-0.087437,-0.072097,-0.082835,-0.087917,-0.087917,-0.087917,-0.087917
91.090065,-0.073631,-0.087437,-0.072097,-0.082835,-0.061141,-0.061141,-0.061141,-0.061141
91.100060,-0.111981,-0.127320,-0.107379,-0.122718,-0.029328,-0.029328,-0.029328,-0.029328
91.110062,-0.111981,-0.127320,-0.107379,-0.122718,0.004950,0.004950,0.004950,0.004950
91.120064,-0.113515,-0.130388,-0.108913,-0.124252,0.038783,0.038783,0.038783,0.038783
91.130058,-0.113515,-0.130388,-0.108913,-0.124252,0.069377,0.069377,0.069377,0.069377
91.140060,-0.084369,-0.101243,-0.084369,-0.093573,0.094199,0.094199,0.094199,0.094199
91.150063,-0.084369,-0.101243,-0.084369,-0.093573,0.111172,0.111172,0.111172,0.111172
91.160057,-0.026078,-0.038350,-0.029146,-0.023010,0.118889,0.118889,0.118889,0.118889
91.170059,-0.026078,-0.038350,-0.029146,-0.023010,0.116712,0.116712,0.116712,0.116712
91.180061,0.044485,0.039884,0.041417,0.046019,0.104820,0.104820,0.104820,0.104820
91.190063,0.044485,0.039884,0.041417,0.046019,0.084196,0.084196,0.084196,0.084196
91.200058,0.099709,0.090505,0.095107,0.096641,0.056586,0.056586,0.056586,0.056586
91.210060,0.099709,0.090505,0.095107,0.096641,0.024250,0.024250,0.024250,0.024250
91.220062,0.113515,0.104311,0.107379,0.108913,-0.010087,-0.010087,-0.010087,-0.010087
91.230057,0.113515,0.104311,0.107379,0.108913,-0.043567,-0.043567,-0.043567,-0.043567
91.240067,0.101243,0.093573,0.098175,0.098175,-0.073421,-0.073421,-0.073421,-0.073421
91.250061,0.101243,0.093573,0.098175,0.098175,-0.097128,-0.097128,-0.097128,-0.097128
91.260063,0.053689,0.049087,0.055223,0.053689,-0.112731,-0.112731,-0.112731,-0.112731
91.270065,0.053689,0.049087,0.055223,0.053689,-0.118927,-0.118927,-0.118927,-0.118927
91.280060,-0.015340,-0.023010,-0.013806,-0.015340,-0.115200,-0.115200,-0.115200,-0.115200
91.290039,-0.015340,-0.023010,-0.013806,-0.015340,-0.101906,-0.101906,-0.101906,-0.101906
91.300056,-0.079767,-0.096641,-0.078233,-0.092039,-0.080042,-0.080042,-0.080042,-0.080042
91.310059,-0.079767,-0.096641,-0.078233,-0.092039,-0.051534,-0.051534,-0.051534,-0.051534
91.320053,-0.111981,-0.128854,-0.107379,-0.124252,-0.018731,-0.018731,-0.018731,-0.018731
91.330055,-0.111981,-0.128854,-0.107379,-0.124252,0.015632,0.015632,0.015632,0.015632
91.340057,-0.111981,-0.128854,-0.107379,-0.122718,0.048656,0.048656,0.048656,0.048656
91.350052,-0.111981,-0.128854,-0.107379,-0.122718,0.077617,0.077617,0.077617,0.077617
91.360054,-0.076699,-0.095107,-0.078233,-0.084369,0.100080,0.100080,0.100080,0.100080
91.370056,-0.076699,-0.095107,-0.078233,-0.084369,0.114178,0.114178,0.114178,0.114178
91.380058,-0.015340,-0.021476,-0.018408,-0.012272,0.118717,0.118717,0.118717,0.118717
91.390060,-0.015340,-0.021476,-0.018408,-0.012272,0.113327,0.113327,0.113327,0.113327
91.400055,0.053689,0.052155,0.049087,0.055223,0.098461,0.098461,0.098461,0.098461
91.410057,0.053689,0.052155,0.049087,0.055223,0.075362,0.075362,0.075362,0.075362
91.420021,0.104311,0.096641,0.096641,0.099709,0.046066,0.046066,0.046066,0.046066
91.430054,0.104311,0.096641,0.096641,0.099709,0.012731,0.012731,0.012731,0.012731
91.440056,0.111981,0.102777,0.105845,0.108913,-0.021568,-0.021568,-0.021568,-0.021568
91.450058,0.111981,0.102777,0.105845,0.108913,-0.054033,-0.054033,-0.054033,-0.054033
91.460068,0.096641,0.085903,0.095107,0.092039,-0.082001,-0.082001,-0.082001,-0.082001
91.470062,0.096641,0.085903,0.095107,0.092039,-0.103042,-0.103042,-0.103042,-0.103042
91.480057,0.044485,0.036816,0.046019,0.042951,-0.115453,-0.115453,-0.115453,-0.115453
91.490067,0.044485,0.036816,0.046019,0.042951,-0.118196,-0.118196,-0.118196,-0.118196
91.500053,-0.032214,-0.041417,-0.026078,-0.032214,-0.111034,-0.111034,-0.111034,-0.111034
91.510063,-0.032214,-0.041417,-0.026078,-0.032214,-0.094547,-0.094547,-0.094547,-0.094547
91.520058,-0.090505,-0.107379,-0.087437,-0.099709,-0.070158,-0.070158,-0.070158,-0.070158
91.530060,-0.090505,-0.107379,-0.087437,-0.099709,-0.039875,-0.039875,-0.039875,-0.039875
91.540062,-0.113515,-0.130388,-0.108913,-0.125786,-0.006269,-0.006269,-0.006269,-0.006269
91.550056,-0.113515,-0.130388,-0.108913,-0.125786,0.027860,0.027860,0.027860,0.027860
91.560051,-0.108913,-0.122718,-0.105845,-0.119651,0.059611,0.059611,0.059611,0.059611
91.570061,-0.108913,-0.122718,-0.105845,-0.119651,0.086401,0.086401,0.086401,0.086401
91.580055,-0.065961,-0.081301,-0.067495,-0.073631,0.105879,0.105879,0.105879,0.105879
91.590057,-0.065961,-0.081301,-0.067495,-0.073631,0.116489,0.116489,0.116489,0.116489
91.600060,-0.001534,-0.009204,-0.003068,0.001534,0.117297,0.117297,0.117297,0.117297
91.610062,-0.001534,-0.009204,-0.003068,0.001534,0.108242,0.108242,0.108242,0.108242
91.620056,0.065961,0.061359,0.062893,0.065961,0.090114,0.090114,0.090114,0.090114
91.630058,0.065961,0.061359,0.062893,0.065961,0.064395,0.064395,0.064395,0.064395
91.640053,0.108913,0.099709,0.102777,0.105845,0.033293,0.033293,0.033293,0.033293
91.650063,0.108913,0.099709,0.102777,0.105845,-0.000627,-0.000627,-0.000627,-0.000627
91.660057,0.111981,0.102777,0.105845,0.108913,-0.034454,-0.034454,-0.034454,-0.034454
91.670059,0.111981,0.102777,0.105845,0.108913,-0.065400,-0.065400,-0.065400,-0.065400
91.680054,0.087437,0.079767,0.085903,0.084369,-0.090805,-0.090805,-0.090805,-0.090805
91.690063,0.087437,0.079767,0.085903,0.084369,-0.108584,-0.108584,-0.108584,-0.108584
91.700058,0.029146,0.023010,0.030680,0.029146,-0.117197,-0.117197,-0.117197,-0.117197
91.710060,0.029146,0.023010,0.030680,0.029146,-0.115944,-0.115944,-0.115944,-0.115944
91.720062,-0.041417,-0.058291,-0.039884,-0.046019,-0.104926,-0.104926,-0.104926,-0.104926
91.730064,-0.041417,-0.058291,-0.039884,-0.046019,-0.085077,-0.085077,-0.085077,-0.085077
91.740059,-0.096641,-0.115049,-0.093573,-0.108913,-0.058069,-0.058069,-0.058069,-0.058069
91.750061,-0.096641,-0.115049,-0.093573,-0.108913,-0.026176,-0.026176,-0.026176,-0.026176
91.760056,-0.111981,-0.128854,-0.105845,-0.124252,0.007903,0.007903,0.007903,0.007903
91.770065,-0.111981,-0.128854,-0.105845,-0.124252,0.041353,0.041353,0.041353,0.041353
91.780060,-0.101243,-0.116583,-0.099709,-0.110447,0.071252,0.071252,0.071252,0.071252
91.790062,-0.101243,-0.116583,-0.099709,-0.110447,0.095154,0.095154,0.095154,0.095154
91.800064,-0.056757,-0.067495,-0.056757,-0.055223,0.111015,0.111015,0.111015,0.111015
91.810059,-0.056757,-0.067495,-0.056757,-0.055223,0.117504,0.117504,0.117504,0.117504
91.820061,0.010738,0.009204,0.010738,0.013806,0.114075,0.114075,0.114075,0.114075
91.830063,0.010738,0.009204,0.010738,0.013806,0.101010,0.101010,0.101010,0.101010
91.840065,0.076699,0.072097,0.073631,0.076699,0.079417,0.079417,0.079417,0.079417
91.850060,0.076699,0.072097,0.073631,0.076699,0.051153,0.051153,0.051153,0.051153
91.860054,0.110447,0.101243,0.104311,0.107379,0.018559,0.018559,0.018559,0.018559
91.870064,0.110447,0.101243,0.104311,0.107379,-0.015605,-0.015605,-0.015605,-0.015605
91.880058,0.110447,0.101243,0.104311,0.107379,-0.048424,-0.048424,-0.048424,-0.048424
91.890060,0.110447,0.101243,0.104311,0.107379,-0.077147,-0.077147,-0.077147,-0.077147
91.900063,0.076699,0.069029,0.079767,0.075165,-0.099334,-0.099334,-0.099334,-0.099334
91.910049,0.076699,0.069029,0.079767,0.075165,-0.113100,-0.113100,-0.113100,-0.113100
91.920059,0.015340,0.007670,0.021476,0.013806,-0.117322,-0.117322,-0.117322,-0.117322
91.930054,0.015340,0.007670,0.021476,0.013806,-0.111607,-0.111607,-0.111607,-0.111607
91.940056,-0.055223,-0.072097,-0.050621,-0.061359,-0.096448,-0.096448,-0.096448,-0.096448
91.950058,-0.055223,-0.072097,-0.050621,-0.061359,-0.073138,-0.073138,-0.073138,-0.073138
91.960060,-0.102777,-0.119651,-0.099709,-0.113515,-0.043639,-0.043639,-0.043639,-0.043639
91.970055,-0.102777,-0.119651,-0.099709,-0.113515,-0.010451,-0.010451,-0.010451,-0.010451
91.980057,-0.111981,-0.127320,-0.105845,-0.121184,0.023608,0.023608,0.023608,0.023608
91.990059,-0.111981,-0.127320,-0.105845,-0.121184,0.055654,0.055654,0.055654,0.055654
92.000053,-0.093573,-0.108913,-0.092039,-0.104311,0.082970,0.082970,0.082970,0.082970
92.010056,-0.093573,-0.108913,-0.092039,-0.104311,0.103254,0.103254,0.103254,0.103254
92.020058,-0.041417,-0.053689,-0.042951,-0.042951,0.114779,0.114779,0.114779,0.114779
92.030113,-0.041417,-0.053689,-0.042951,-0.042951,0.116550,0.116550,0.116550,0.116550
92.040054,0.029146,0.023010,0.026078,0.030680,0.108473,0.108473,0.108473,0.108473
92.050056,0.029146,0.023010,0.026078,0.030680,0.091179,0.091179,0.091179,0.091179
92.060051,0.092039,0.079767,0.085903,0.085903,0.066160,0.066160,0.066160,0.066160
92.070061,0.092039,0.079767,0.085903,0.085903,0.035524,0.035524,0.035524,0.035524
92.080055,0.110447,0.101243,0.105845,0.105845,0.001901,0.001901,0.001901,0.001901
92.090057,0.110447,0.101243,0.105845,0.105845,-0.031884,-0.031884,-0.031884,-0.031884
92.100052,0.105845,0.096641,0.101243,0.099709,-0.062947,-0.062947,-0.062947,-0.062947
92.110077,0.105845,0.096641,0.101243,0.099709,-0.088708,-0.088708,-0.088708,-0.088708
92.120056,0.064427,0.059825,0.064427,0.062893,-0.106831,-0.106831,-0.106831,-0.106831
92.130058,0.064427,0.059825,0.064427,0.062893,-0.115917,-0.115917,-0.115917,-0.115917
92.140060,-0.001534,-0.010738,0.000000,-0.001534,-0.115149,-0.115149,-0.115149,-0.115149
92.150055,-0.001534,-0.010738,0.000000,-0.001534,-0.104594,-0.104594,-0.104594,-0.104594
92.160057,-0.070563,-0.085903,-0.069029,-0.076699,-0.085151,-0.085151,-0.085151,-0.085151
92.170052,-0.070563,-0.085903,-0.069029,-0.076699,-0.058479,-0.058479,-0.058479,-0.058479
92.180054,-0.108913,-0.125786,-0.104311,-0.118117,-0.026838,-0.026838,-0.026838,-0.026838
92.190056,-0.108913,-0.125786,-0.104311,-0.118117,0.007073,0.007073,0.007073,0.007073
92.200066,-0.111981,-0.128854,-0.105845,-0.121184,0.040408,0.040408,0.040408,0.040408
92.210060,-0.111981,-0.128854,-0.105845,-0.121184,0.070237,0.070237,0.070237,0.070237
92.220062,-0.082835,-0.099709,-0.082835,-0.092039,0.094107,0.094107,0.094107,0.094107
92.230057,-0.082835,-0.099709,-0.082835,-0.092039,0.109947,0.109947,0.109947,0.109947
92.240059,-0.024544,-0.036816,-0.024544,-0.023010,0.116423,0.116423,0.116423,0.116423
92.250061,-0.024544,-0.036816,-0.024544,-0.023010,0.112981,0.112981,0.112981,0.112981
92.260063,0.044485,0.041417,0.042951,0.046019,0.099910,0.099910,0.099910,0.099910
92.270058,0.044485,0.041417,0.042951,0.046019,0.078335,0.078335,0.078335,0.078335
92.280060,0.098175,0.088971,0.093573,0.095107,0.050093,0.050093,0.050093,0.050093
92.290062,0.098175,0.088971,0.093573,0.095107,0.017565,0.017565,0.017565,0.017565
92.300056,0.110447,0.101243,0.104311,0.105845,-0.016412,-0.016412,-0.016412,-0.016412
92.310059,0.110447,0.101243,0.104311,0.105845,-0.048998,-0.048998,-0.048998,-0.048998
92.320061,0.098175,0.088971,0.093573,0.093573,-0.077394,-0.077394,-0.077394,-0.077394
92.330063,0.098175,0.088971,0.093573,0.093573,-0.099180,-0.099180,-0.099180,-0.099180
92.340050,0.047553,0.044485,0.049087,0.047553,-0.112484,-0.112484,-0.112484,-0.112484
92.350052,0.047553,0.044485,0.049087,0.047553,-0.116194,-0.116194,-0.116194,-0.116194
92.360046,-0.023010,-0.029146,-0.019942,-0.023010,-0.109985,-0.109985,-0.109985,-0.109985
92.370056,-0.023010,-0.029146,-0.019942,-0.023010,-0.094372,-0.094372,-0.094372,-0.094372
92.380058,-0.084369,-0.099709,-0.081301,-0.093573,-0.070711,-0.070711,-0.070711,-0.070711
92.390060,-0.084369,-0.099709,-0.081301,-0.093573,-0.041004,-0.041004,-0.041004,-0.041004
92.400055,-0.110447,-0.127320,-0.105845,-0.121184,-0.007823,-0.007823,-0.007823,-0.007823
92.410065,-0.110447,-0.127320,-0.105845,-0.121184,0.026038,0.026038,0.026038,0.026038
92.420059,-0.107379,-0.122718,-0.104311,-0.118117,0.057640,0.057640,0.057640,0.057640
92.430061,-0.107379,-0.122718,-0.104311,-0.118117,0.084317,0.084317,0.084317,0.084317
92.440056,-0.067495,-0.084369,-0.072097,-0.072097,0.103762,0.103762,0.103762,0.103762
92.450058,-0.067495,-0.084369,-0.072097,-0.072097,0.114336,0.114336,0.114336,0.114336
92.460060,-0.006136,-0.013806,-0.010738,-0.001534,0.115121,0.115121,0.115121,0.115121
92.470055,-0.006136,-0.013806,-0.010738,-0.001534,0.106061,0.106061,0.106061,0.106061
92.480049,0.061359,0.055223,0.056757,0.062893,0.087933,0.087933,0.087933,0.087933
92.490051,0.061359,0.055223,0.056757,0.062893,0.062264,0.062264,0.062264,0.062264
92.500061,0.105845,0.095107,0.099709,0.101243,0.031267,0.031267,0.031267,0.031267
92.510063,0.105845,0.095107,0.099709,0.101243,-0.002397,-0.002397,-0.002397,-0.002397
92.520058,0.110447,0.099709,0.104311,0.105845,-0.035830,-0.035830,-0.035830,-0.035830
92.530060,0.110447,0.099709,0.104311,0.105845,-0.066185,-0.066185,-0.066185,-0.066185
92.540062,0.087437,0.078233,0.084369,0.082835,-0.090855,-0.090855,-0.090855,-0.090855
92.550056,0.087437,0.078233,0.084369,0.082835,-0.107735,-0.107735,-0.107735,-0.107735
92.560059,0.029146,0.024544,0.030680,0.026078,-0.115371,-0.115371,-0.115371,-0.115371
92.570061,0.029146,0.024544,0.030680,0.026078,-0.113109,-0.113109,-0.113109,-0.113109
92.580063,-0.042951,-0.055223,-0.039884,-0.050621,-0.101142,-0.101142,-0.101142,-0.101142
92.590065,-0.042951,-0.055223,-0.039884,-0.050621,-0.080505,-0.080505,-0.080505,-0.080505
92.600060,-0.096641,-0.113515,-0.093573,-0.110447,-0.052972,-0.052972,-0.052972,-0.052972
92.610062,-0.096641,-0.113515,-0.093573,-0.110447,-0.020888,-0.020888,-0.020888,-0.020888
92.620056,-0.110447,-0.127320,-0.104311,-0.121184,0.012962,0.012962,0.012962,0.012962
92.630058,-0.110447,-0.127320,-0.104311,-0.121184,0.045704,0.045704,0.045704,0.045704
92.640060,-0.096641,-0.115049,-0.096641,-0.107379,0.074501,0.074501,0.074501,0.074501
92.650063,-0.096641,-0.115049,-0.096641,-0.107379,0.096892,0.096892,0.096892,0.096892
92.660065,-0.049087,-0.067495,-0.050621,-0.049087,0.110952,0.110952,0.110952,0.110952
92.670059,-0.049087,-0.067495,-0.050621,-0.049087,0.115469,0.115469,0.115469,0.115469
92.680061,0.016874,0.010738,0.013806,0.021476,0.110057,0.110057,0.110057,0.110057
92.690056,0.016874,0.010738,0.013806,0.021476,0.095191,0.095191,0.095191,0.095191
92.700058,0.078233,0.072097,0.075165,0.078233,0.072143,0.072143,0.072143,0.072143
92.710060,0.078233,0.072097,0.075165,0.078233,0.042879,0.042879,0.042879,0.042879
92.720062,0.108913,0.099709,0.102777,0.104311,0.009963,0.009963,0.009963,0.009963
92.730057,0.108913,0.099709,0.102777,0.104311,-0.023795,-0.023795,-0.023795,-0.023795
92.740051,0.107379,0.098175,0.101243,0.102777,-0.055512,-0.055512,-0.055512,-0.055512
92.750053,0.107379,0.098175,0.101243,0.102777,-0.082447,-0.082447,-0.082447,-0.082447
92.760056,0.070563,0.064427,0.070563,0.067495,-0.102262,-0.102262,-0.102262,-0.102262
92.770058,0.070563,0.064427,0.070563,0.067495,-0.113269,-0.113269,-0.113269,-0.113269
92.780060,0.006136,0.000000,0.007670,0.006136,-0.114513,-0.114513,-0.114513,-0.114513
92.790054,0.006136,0.000000,0.007670,0.006136,-0.105889,-0.105889,-0.105889,-0.105889
92.800056,-0.062893,-0.076699,-0.059825,-0.069029,-0.088149,-0.088149,-0.088149,-0.088149
92.810059,-0.062893,-0.076699,-0.059825,-0.069029,-0.062809,-0.062809,-0.062809,-0.062809
92.820053,-0.105845,-0.119651,-0.099709,-0.115049,-0.032061,-0.032061,-0.032061,-0.032061
92.830055,-0.105845,-0.119651,-0.099709,-0.115049,0.001434,0.001434,0.001434,0.001434
92.840057,-0.108913,-0.124252,-0.104311,-0.118117,0.034802,0.034802,0.034802,0.034802
92.850052,-0.108913,-0.124252,-0.104311,-0.118117,0.065145,0.065145,0.065145,0.065145
92.860054,-0.085903,-0.099709,-0.084369,-0.093573,0.089866,0.089866,0.089866,0.089866
92.870056,-0.085903,-0.099709,-0.084369,-0.093573,0.106829,0.106829,0.106829,0.106829
92.880058,-0.029146,-0.038350,-0.029146,-0.027612,0.114556,0.114556,0.114556,0.114556
92.890060,-0.029146,-0.038350,-0.029146,-0.027612,0.112390,0.112390,0.112390,0.112390
92.900055,0.039884,0.038350,0.036816,0.039884,0.100524,0.100524,0.100524,0.100524
92.910057,0.039884,0.038350,0.036816,0.039884,0.079968,0.079968,0.079968,0.079968
92.920052,0.095107,0.087437,0.088971,0.090505,0.052521,0.052521,0.052521,0.052521
92.930054,0.095107,0.087437,0.088971,0.090505,0.020535,0.020535,0.020535,0.020535
92.940056,0.108913,0.099709,0.101243,0.104311,-0.013206,-0.013206,-0.013206,-0.013206
92.950058,0.108913,0.099709,0.101243,0.104311,-0.045807,-0.045807,-0.045807,-0.045807
92.960060,0.098175,0.088971,0.096641,0.093573,-0.074441,-0.074441,-0.074441,-0.074441
92.970062,0.098175,0.088971,0.096641,0.093573,-0.096609,-0.096609,-0.096609,-0.096609
92.980057,0.050621,0.042951,0.055223,0.049087,-0.110414,-0.110414,-0.110414,-0.110414
92.990059,0.050621,0.042951,0.055223,0.049087,-0.114669,-0.114669,-0.114669,-0.114669
93.000053,-0.018408,-0.027612,-0.012272,-0.018408,-0.108997,-0.108997,-0.108997,-0.108997
93.010056,-0.018408,-0.027612,-0.012272,-0.018408,-0.093896,-0.093896,-0.093896,-0.093896
93.020020,-0.081301,-0.098175,-0.076699,-0.088971,-0.070752,-0.070752,-0.070752,-0.070752
93.030060,-0.081301,-0.098175,-0.076699,-0.088971,-0.041320,-0.041320,-0.041320,-0.041320
93.040054,-0.108913,-0.125786,-0.104311,-0.119651,-0.008415,-0.008415,-0.008415,-0.008415
93.050064,-0.108913,-0.125786,-0.104311,-0.119651,0.025232,0.025232,0.025232,0.025232
93.060059,-0.105845,-0.121184,-0.102777,-0.116583,0.056667,0.056667,0.056667,0.056667
93.070061,-0.105845,-0.121184,-0.102777,-0.116583,0.083176,0.083176,0.083176,0.083176
93.080063,-0.067495,-0.081301,-0.067495,-0.073631,0.102468,0.102468,0.102468,0.102468
93.090065,-0.067495,-0.081301,-0.067495,-0.073631,0.112867,0.112867,0.112867,0.112867
93.100060,-0.004602,-0.010738,-0.006136,-0.001534,0.113475,0.113475,0.113475,0.113475
93.110062,-0.004602,-0.010738,-0.006136,-0.001534,0.104238,0.104238,0.104238,0.104238
93.120064,0.061359,0.056757,0.058291,0.062893,0.085962,0.085962,0.085962,0.085962
93.130058,0.061359,0.056757,0.058291,0.062893,0.060231,0.060231,0.060231,0.060231
93.140060,0.104311,0.095107,0.098175,0.099709,0.029274,0.029274,0.029274,0.029274
93.150055,0.104311,0.095107,0.098175,0.099709,-0.004188,-0.004188,-0.004188,-0.004188
93.160027,0.108913,0.098175,0.101243,0.104311,-0.037203,-0.037203,-0.037203,-0.037203
93.170067,0.108913,0.098175,0.101243,0.104311,-0.067170,-0.067170,-0.067170,-0.067170
93.180061,0.082835,0.075165,0.081301,0.079767,-0.091182,-0.091182,-0.091182,-0.091182
93.190063,0.082835,0.075165,0.081301,0.079767,-0.107258,-0.107258,-0.107258,-0.107258
93.200058,0.024544,0.019942,0.029146,0.026078,-0.114010,-0.114010,-0.114010,-0.114010
93.210060,0.024544,0.019942,0.029146,0.026078,-0.110852,-0.110852,-0.110852,-0.110852
93.220055,-0.042951,-0.058291,-0.041417,-0.047553,-0.098063,-0.098063,-0.098063,-0.098063
93.230057,-0.042951,-0.058291,-0.041417,-0.047553,-0.076743,-0.076743,-0.076743,-0.076743
93.240059,-0.095107,-0.111981,-0.093573,-0.105845,-0.048755,-0.048755,-0.048755,-0.048755
93.250053,-0.095107,-0.111981,-0.093573,-0.105845,-0.016547,-0.016547,-0.016547,-0.016547
93.260048,-0.108913,-0.125786,-0.104311,-0.118117,0.017080,0.017080,0.017080,0.017080
93.270058,-0.108913,-0.125786,-0.104311,-0.118117,0.049241,0.049241,0.049241,0.049241
93.280052,-0.095107,-0.108913,-0.093573,-0.105845,0.077090,0.077090,0.077090,0.077090
93.290054,-0.095107,-0.108913,-0.093573,-0.105845,0.098221,0.098221,0.098221,0.098221
93.300056,-0.046019,-0.058291,-0.047553,-0.049087,0.110792,0.110792,0.110792,0.110792
93.310059,-0.046019,-0.058291,-0.047553,-0.049087,0.113705,0.113705,0.113705,0.113705
93.320061,0.021476,0.021476,0.019942,0.023010,0.106703,0.106703,0.106703,0.106703
93.330063,0.021476,0.021476,0.019942,0.023010,0.090403,0.090403,0.090403,0.090403
93.340057,0.082835,0.076699,0.079767,0.081301,0.066242,0.066242,0.066242,0.066242
93.350060,0.082835,0.076699,0.079767,0.081301,0.036305,0.036305,0.036305,0.036305
93.360054,0.108913,0.099709,0.102777,0.104311,0.003209,0.003209,0.003209,0.003209
93.370056,0.108913,0.099709,0.102777,0.104311,-0.030150,-0.030150,-0.030150,-0.030150
93.380058,0.104311,0.093573,0.098175,0.098175,-0.060875,-0.060875,-0.060875,-0.060875
93.390053,0.104311,0.093573,0.098175,0.098175,-0.086274,-0.086274,-0.086274,-0.086274
93.400131,0.062893,0.056757,0.064427,0.061359,-0.104236,-0.104236,-0.104236,-0.104236
93.410057,0.062893,0.056757,0.064427,0.061359,-0.112905,-0.112905,-0.112905,-0.112905
93.420059,0.000000,-0.012272,0.001534,-0.003068,-0.111811,-0.111811,-0.111811,-0.111811
93.430077,0.000000,-0.012272,0.001534,-0.003068,-0.100920,-0.100920,-0.100920,-0.100920
93.440025,-0.067495,-0.085903,-0.065961,-0.079767,-0.081354,-0.081354,-0.081354,-0.081354
93.450058,-0.067495,-0.085903,-0.065961,-0.079767,-0.054510,-0.054510,-0.054510,-0.054510
93.460052,-0.105845,-0.121184,-0.101243,-0.118117,-0.023005,-0.023005,-0.023005,-0.023005
93.470055,-0.105845,-0.121184,-0.101243,-0.118117,0.010534,0.010534,0.010534,0.010534
93.480057,-0.107379,-0.124252,-0.102777,-0.118117,0.043116,0.043116,0.043116,0.043116
93.490059,-0.107379,-0.124252,-0.102777,-0.118117,0.071935,0.071935,0.071935,0.071935
93.500053,-0.079767,-0.093573,-0.081301,-0.084369,0.094437,0.094437,0.094437,0.094437
93.510056,-0.079767,-0.093573,-0.081301,-0.084369,0.108681,0.108681,0.108681,0.108681
93.520050,-0.021476,-0.029146,-0.026078,-0.013806,0.113408,0.113408,0.113408,0.113408
93.530060,-0.021476,-0.029146,-0.026078,-0.013806,0.108207,0.108207,0.108207,0.108207
93.540054,0.047553,0.046019,0.041417,0.052155,0.093539,0.093539,0.093539,0.093539
93.550056,0.047553,0.046019,0.041417,0.052155,0.070686,0.070686,0.070686,0.070686
93.560051,0.098175,0.090505,0.090505,0.093573,0.041655,0.041655,0.041655,0.041655
93.570061,0.098175,0.090505,0.090505,0.093573,0.008962,0.008962,0.008962,0.008962
93.580055,0.107379,0.098175,0.099709,0.101243,-0.024471,-0.024471,-0.024471,-0.024471
93.590057,0.107379,0.098175,0.099709,0.101243,-0.055775,-0.055775,-0.055775,-0.055775
93.600067,0.092039,0.081301,0.087437,0.085903,-0.082195,-0.082195,-0.082195,-0.082195
93.610062,0.092039,0.081301,0.087437,0.085903,-0.101363,-0.101363,-0.101363,-0.101363
93.620056,0.039884,0.032214,0.041417,0.039884,-0.111650,-0.111650,-0.111650,-0.111650
93.630058,0.039884,0.032214,0.041417,0.039884,-0.112143,-0.112143,-0.112143,-0.112143
93.640060,-0.030680,-0.042951,-0.027612,-0.032214,-0.102803,-0.102803,-0.102803,-0.102803
93.650063,-0.030680,-0.042951,-0.027612,-0.032214,-0.084438,-0.084438,-0.084438,-0.084438
93.660049,-0.087437,-0.105845,-0.085903,-0.096641,-0.058698,-0.058698,-0.058698,-0.058698
93.670059,-0.087437,-0.105845,-0.085903,-0.096641,-0.027758,-0.027758,-0.027758,-0.027758
93.680061,-0.108913,-0.125786,-0.104311,-0.118117,0.005573,0.005573,0.005573,0.005573
93.690063,-0.108913,-0.125786,-0.104311,-0.118117,0.038419,0.038419,0.038419,0.038419
93.700058,-0.099709,-0.115049,-0.098175,-0.110447,0.067841,0.067841,0.067841,0.067841
93.710060,-0.099709,-0.115049,-0.098175,-0.110447,0.091334,0.091334,0.091334,0.091334
93.720062,-0.056757,-0.072097,-0.056757,-0.061359,0.106783,0.106783,0.106783,0.106783
93.730057,-0.056757,-0.072097,-0.056757,-0.061359,0.112843,0.112843,0.112843,0.112843
93.740059,0.009204,0.003068,0.007670,0.012272,0.108980,0.108980,0.108980,0.108980
93.750061,0.009204,0.003068,0.007670,0.012272,0.095539,0.095539,0.095539,0.095539
93.760063,0.073631,0.065961,0.070563,0.072097,0.073698,0.073698,0.073698,0.073698
93.770065,0.073631,0.065961,0.070563,0.072097,0.045377,0.045377,0.045377,0.045377
93.780060,0.105845,0.096641,0.099709,0.101243,0.013086,0.013086,0.013086,0.013086
93.790062,0.105845,0.096641,0.099709,0.101243,-0.020362,-0.020362,-0.020362,-0.020362
93.800056,0.105845,0.096641,0.099709,0.101243,-0.051990,-0.051990,-0.051990,-0.051990
93.810066,0.105845,0.096641,0.099709,0.101243,-0.079053,-0.079053,-0.079053,-0.079053
93.820061,0.072097,0.065961,0.072097,0.069029,-0.099128,-0.099128,-0.099128,-0.099128
93.830063,0.072097,0.065961,0.072097,0.069029,-0.110473,-0.110473,-0.110473,-0.110473
93.840027,0.010738,0.006136,0.012272,0.010738,-0.112094,-0.112094,-0.112094,-0.112094
93.850060,0.010738,0.006136,0.012272,0.010738,-0.103822,-0.103822,-0.103822,-0.103822
93.860062,-0.056757,-0.073631,-0.056757,-0.062893,-0.086406,-0.086406,-0.086406,-0.086406
93.870064,-0.056757,-0.073631,-0.056757,-0.062893,-0.061387,-0.061387,-0.061387,-0.061387
93.880020,-0.102777,-0.118117,-0.098175,-0.111981,-0.031088,-0.031088,-0.031088,-0.031088
93.890060,-0.102777,-0.118117,-0.098175,-0.111981,0.002192,0.002192,0.002192,0.002192
93.900063,-0.107379,-0.124252,-0.102777,-0.116583,0.035129,0.035129,0.035129,0.035129
93.910065,-0.107379,-0.124252,-0.102777,-0.116583,0.064965,0.064965,0.064965,0.064965
93.920059,-0.084369,-0.101243,-0.084369,-0.092039,0.089052,0.089052,0.089052,0.089052
93.930061,-0.084369,-0.101243,-0.084369,-0.092039,0.105280,0.105280,0.105280,0.105280
93.940063,-0.029146,-0.039884,-0.030680,-0.027612,0.112204,0.112204,0.112204,0.112204
93.950058,-0.029146,-0.039884,-0.030680,-0.027612,0.109222,0.109222,0.109222,0.109222
93.960060,0.041417,0.035282,0.036816,0.039884,0.096597,0.096597,0.096597,0.096597
93.970062,0.041417,0.035282,0.036816,0.039884,0.075438,0.075438,0.075438,0.075438
93.980064,0.095107,0.084369,0.087437,0.088971,0.047622,0.047622,0.047622,0.047622
93.990059,0.095107,0.084369,0.087437,0.088971,0.015612,0.015612,0.015612,0.015612
94.000061,0.107379,0.098175,0.099709,0.101243,-0.017757,-0.017757,-0.017757,-0.017757
94.010063,0.107379,0.098175,0.099709,0.101243,-0.049566,-0.049566,-0.049566,-0.049566
94.020058,0.095107,0.085903,0.092039,0.088971,-0.076973,-0.076973,-0.076973,-0.076973
94.030060,0.095107,0.085903,0.092039,0.088971,-0.097568,-0.097568,-0.097568,-0.097568
94.040062,0.046019,0.041417,0.050621,0.044485,-0.109522,-0.109522,-0.109522,-0.109522
94.050056,0.046019,0.041417,0.050621,0.044485,-0.111785,-0.111785,-0.111785,-0.111785
94.060059,-0.023010,-0.030680,-0.016874,-0.024544,-0.104156,-0.104156,-0.104156,-0.104156
94.070061,-0.023010,-0.030680,-0.016874,-0.024544,-0.087311,-0.087311,-0.087311,-0.087311
94.080063,-0.082835,-0.098175,-0.079767,-0.093573,-0.062736,-0.062736,-0.062736,-0.062736
94.090065,-0.082835,-0.098175,-0.079767,-0.093573,-0.032607,-0.032607,-0.032607,-0.032607
94.100060,-0.107379,-0.122718,-0.102777,-0.116583,0.000373,0.000373,0.000373,0.000373
94.110062,-0.107379,-0.122718,-0.102777,-0.116583,0.033336,0.033336,0.033336,0.033336
94.120064,-0.101243,-0.118117,-0.099709,-0.110447,0.063326,0.063326,0.063326,0.063326
94.130066,-0.101243,-0.118117,-0.099709,-0.110447,0.087693,0.087693,0.087693,0.087693
94.140068,-0.059825,-0.076699,-0.062893,-0.064427,0.104285,0.104285,0.104285,0.104285
94.150063,-0.059825,-0.076699,-0.062893,-0.064427,0.111614,0.111614,0.111614,0.111614
94.160065,0.003068,-0.003068,0.001534,0.006136,0.109049,0.109049,0.109049,0.109049
94.170059,0.003068,-0.003068,0.001534,0.006136,0.096819,0.096819,0.096819,0.096819
94.180061,0.070563,0.061359,0.065961,0.067495,0.075997,0.075997,0.075997,0.075997
94.190063,0.070563,0.061359,0.065961,0.067495,0.048436,0.048436,0.048436,0.048436
94.200050,0.104311,0.093573,0.099709,0.098175,0.016623,0.016623,0.016623,0.016623
94.210060,0.104311,0.093573,0.099709,0.098175,-0.016710,-0.016710,-0.016710,-0.016710
94.220062,0.105845,0.096641,0.099709,0.099709,-0.048528,-0.048528,-0.048528,-0.048528
94.230034,0.105845,0.096641,0.099709,0.099709,-0.075952,-0.075952,-0.075952,-0.075952
94.240059,0.073631,0.067495,0.072097,0.070563,-0.096752,-0.096752,-0.096752,-0.096752
94.250053,0.073631,0.067495,0.072097,0.070563,-0.108885,-0.108885,-0.108885,-0.108885
94.260056,0.013806,0.009204,0.015340,0.013806,-0.111340,-0.111340,-0.111340,-0.111340
94.270058,0.013806,0.009204,0.015340,0.013806,-0.103899,-0.103899,-0.103899,-0.103899
94.280052,-0.055223,-0.065961,-0.053689,-0.062893,-0.087225,-0.087225,-0.087225,-0.087225
94.290054,-0.055223,-0.065961,-0.053689,-0.062893,-0.062794,-0.062794,-0.062794,-0.062794
94.300056,-0.101243,-0.115049,-0.096641,-0.111981,-0.032797,-0.032797,-0.032797,-0.032797
94.310059,-0.101243,-0.115049,-0.096641,-0.111981,0.000119,0.000119,0.000119,0.000119
94.320053,-0.105845,-0.121184,-0.099709,-0.116583,0.033010,0.033010,0.033010,0.033010
94.330055,-0.105845,-0.121184,-0.099709,-0.116583,0.062956,0.062956,0.062956,0.062956
94.340057,-0.084369,-0.101243,-0.082835,-0.092039,0.087280,0.087280,0.087280,0.087280
94.350052,-0.084369,-0.101243,-0.082835,-0.092039,0.103828,0.103828,0.103828,0.103828
94.360054,-0.030680,-0.042951,-0.032214,-0.027612,0.111130,0.111130,0.111130,0.111130
94.370056,-0.030680,-0.042951,-0.032214,-0.027612,0.108530,0.108530,0.108530,0.108530
94.380058,0.038350,0.032214,0.035282,0.039884,0.096262,0.096262,0.096262,0.096262
94.390060,0.038350,0.032214,0.035282,0.039884,0.075417,0.075417,0.075417,0.075417
94.400055,0.092039,0.082835,0.085903,0.087437,0.047867,0.047867,0.047867,0.047867
94.410042,0.092039,0.082835,0.085903,0.087437,0.016101,0.016101,0.016101,0.016101
94.420052,0.105845,0.096641,0.098175,0.099709,-0.017180,-0.017180,-0.017180,-0.017180
94.430054,0.105845,0.096641,0.098175,0.099709,-0.048876,-0.048876,-0.048876,-0.048876
94.440056,0.093573,0.084369,0.088971,0.087437,-0.076203,-0.076203,-0.076203,-0.076203
94.450058,0.093573,0.084369,0.088971,0.087437,-0.096717,-0.096717,-0.096717,-0.096717
94.460060,0.047553,0.042951,0.047553,0.044485,-0.108596,-0.108596,-0.108596,-0.108596
94.470024,0.047553,0.042951,0.047553,0.044485,-0.110786,-0.110786,-0.110786,-0.110786
94.480064,-0.021476,-0.029146,-0.019942,-0.023010,-0.103064,-0.103064,-0.103064,-0.103064
94.490059,-0.021476,-0.029146,-0.019942,-0.023010,-0.086149,-0.086149,-0.086149,-0.086149
94.500061,-0.081301,-0.096641,-0.079767,-0.092039,-0.061562,-0.061562,-0.061562,-0.061562
94.510063,-0.081301,-0.096641,-0.079767,-0.092039,-0.031466,-0.031466,-0.031466,-0.031466
94.520065,-0.105845,-0.122718,-0.099709,-0.116583,0.001436,0.001436,0.001436,0.001436
94.530060,-0.105845,-0.122718,-0.099709,-0.116583,0.034179,0.034179,0.034179,0.034179
94.540062,-0.101243,-0.118117,-0.098175,-0.110447,0.063878,0.063878,0.063878,0.063878
94.550056,-0.101243,-0.118117,-0.098175,-0.110447,0.087828,0.087828,0.087828,0.087828
94.560059,-0.059825,-0.076699,-0.062893,-0.062893,0.103945,0.103945,0.103945,0.103945
94.570061,-0.059825,-0.076699,-0.062893,-0.062893,0.110751,0.110751,0.110751,0.110751
94.580055,0.004602,-0.003068,0.000000,0.007670,0.107649,0.107649,0.107649,0.107649
94.590065,0.004602,-0.003068,0.000000,0.007670,0.094906,0.094906,0.094906,0.094906
94.600060,0.069029,0.064427,0.067495,0.067495,0.073696,0.073696,0.073696,0.073696
94.610062,0.069029,0.064427,0.067495,0.067495,0.045860,0.045860,0.045860,0.045860
94.620056,0.104311,0.095107,0.098175,0.098175,0.013961,0.013961,0.013961,0.013961
94.630043,0.104311,0.095107,0.098175,0.098175,-0.019147,-0.019147,-0.019147,-0.019147
94.640060,0.104311,0.095107,0.098175,0.098175,-0.050619,-0.050619,-0.050619,-0.050619
94.650063,0.104311,0.095107,0.098175,0.098175,-0.077491,-0.077491,-0.077491,-0.077491
94.660057,0.072097,0.064427,0.070563,0.069029,-0.097417,-0.097417,-0.097417,-0.097417
94.670059,0.072097,0.064427,0.070563,0.069029,-0.108606,-0.108606,-0.108606,-0.108606
94.680061,0.007670,0.001534,0.012272,0.012272,-0.110056,-0.110056,-0.110056,-0.110056
94.690063,0.007670,0.001534,0.012272,0.012272,-0.101634,-0.101634,-0.101634,-0.101634
94.700058,-0.059825,-0.073631,-0.053689,-0.061359,-0.084104,-0.084104,-0.084104,-0.084104
94.710060,-0.059825,-0.073631,-0.053689,-0.061359,-0.059030,-0.059030,-0.059030,-0.059030
94.720062,-0.101243,-0.116583,-0.095107,-0.110447,-0.028680,-0.028680,-0.028680,-0.028680
94.730064,-0.101243,-0.116583,-0.095107,-0.110447,0.004257,0.004257,0.004257,0.004257
94.740059,-0.104311,-0.121184,-0.099709,-0.115049,0.036775,0.036775,0.036775,0.036775
94.750053,-0.104311,-0.121184,-0.099709,-0.115049,0.065985,0.065985,0.065985,0.065985
94.760063,-0.081301,-0.096641,-0.079767,-0.088971,0.089284,0.089284,0.089284,0.089284
94.770058,-0.081301,-0.096641,-0.079767,-0.088971,0.104538,0.104538,0.104538,0.104538
94.780029,-0.026078,-0.036816,-0.026078,-0.026078,0.110399,0.110399,0.110399,0.110399
94.790062,-0.026078,-0.036816,-0.026078,-0.026078,0.106344,0.106344,0.106344,0.106344
94.800072,0.039884,0.039884,0.039884,0.041417,0.092711,0.092711,0.092711,0.092711
94.810066,0.039884,0.039884,0.039884,0.041417,0.070775,0.070775,0.070775,0.070775
94.820068,0.093573,0.085903,0.088971,0.088971,0.042457,0.042457,0.042457,0.042457
94.830070,0.093573,0.085903,0.088971,0.088971,0.010338,0.010338,0.010338,0.010338
94.840065,0.105845,0.095107,0.096641,0.099709,-0.022670,-0.022670,-0.022670,-0.022670
94.850075,0.105845,0.095107,0.096641,0.099709,-0.053681,-0.053681,-0.053681,-0.053681
94.860054,0.090505,0.081301,0.085903,0.085903,-0.079789,-0.079789,-0.079789,-0.079789
94.870056,0.090505,0.081301,0.085903,0.085903,-0.098749,-0.098749,-0.098749,-0.098749
94.880058,0.041417,0.032214,0.041417,0.039884,-0.108818,-0.108818,-0.108818,-0.108818
94.890053,0.041417,0.032214,0.041417,0.039884,-0.109087,-0.109087,-0.109087,-0.109087
94.900055,-0.026078,-0.039884,-0.026078,-0.030680,-0.099532,-0.099532,-0.099532,-0.099532
94.910057,-0.026078,-0.039884,-0.026078,-0.030680,-0.081017,-0.081017,-0.081017,-0.081017
94.920052,-0.084369,-0.102777,-0.081301,-0.095107,-0.055207,-0.055207,-0.055207,-0.055207
94.930054,-0.084369,-0.102777,-0.081301,-0.095107,-0.024427,-0.024427,-0.024427,-0.024427
94.940056,-0.105845,-0.121184,-0.099709,-0.115049,0.008540,0.008540,0.008540,0.008540
94.950050,-0.105845,-0.121184,-0.099709,-0.115049,0.040717,0.040717,0.040717,0.040717
94.960060,-0.096641,-0.111981,-0.093573,-0.107379,0.069234,0.069234,0.069234,0.069234
94.970055,-0.096641,-0.111981,-0.093573,-0.107379,0.091487,0.091487,0.091487,0.091487
94.980057,-0.052155,-0.065961,-0.053689,-0.056757,0.105480,0.105480,0.105480,0.105480
94.990059,-0.052155,-0.065961,-0.053689,-0.056757,0.109952,0.109952,0.109952,0.109952
95.000053,0.012272,0.009204,0.009204,0.013806,0.104503,0.104503,0.104503,0.104503
95.010056,0.012272,0.009204,0.009204,0.013806,0.089616,0.089616,0.089616,0.089616
95.020058,0.073631,0.069029,0.070563,0.072097,0.066654,0.066654,0.066654,0.066654
95.030060,0.073631,0.069029,0.070563,0.072097,0.037671,0.037671,0.037671,0.037671
95.040054,0.104311,0.095107,0.098175,0.098175,0.005302,0.005302,0.005302,0.005302
95.050056,0.104311,0.095107,0.098175,0.098175,-0.027527,-0.027527,-0.027527,-0.027527
95.060059,0.101243,0.092039,0.096641,0.096641,-0.057879,-0.057879,-0.057879,-0.057879
95.070061,0.101243,0.092039,0.096641,0.096641,-0.082989,-0.082989,-0.082989,-0.082989
95.080055,0.064427,0.056757,0.067495,0.062893,-0.100576,-0.100576,-0.100576,-0.100576
95.090057,0.064427,0.056757,0.067495,0.062893,-0.109069,-0.109069,-0.109069,-0.109069
95.100052,0.003068,-0.009204,0.007670,0.001534,-0.107702,-0.107702,-0.107702,-0.107702
95.110054,0.003068,-0.009204,0.007670,0.001534,-0.096591,-0.096591,-0.096591,-0.096591
95.120056,-0.062893,-0.081301,-0.059825,-0.073631,-0.076745,-0.076745,-0.076745,-0.076745
95.130058,-0.062893,-0.081301,-0.059825,-0.073631,-0.049967,-0.049967,-0.049967,-0.049967
95.140038,-0.102777,-0.118117,-0.098175,-0.111981,-0.018727,-0.018727,-0.018727,-0.018727
95.150055,-0.102777,-0.118117,-0.098175,-0.111981,0.014302,0.014302,0.014302,0.014302
95.160057,-0.104311,-0.119651,-0.098175,-0.115049,0.045971,0.045971,0.045971,0.045971
95.170059,-0.104311,-0.119651,-0.098175,-0.115049,0.073485,0.073485,0.073485,0.073485
95.180061,-0.072097,-0.090505,-0.073631,-0.081301,0.094308,0.094308,0.094308,0.094308
95.190056,-0.072097,-0.090505,-0.073631,-0.081301,0.106589,0.106589,0.106589,0.106589
95.200058,-0.015340,-0.023010,-0.018408,-0.013806,0.109209,0.109209,0.109209,0.109209
95.210060,-0.015340,-0.023010,-0.018408,-0.013806,0.101931,0.101931,0.101931,0.101931
95.220055,0.049087,0.047553,0.047553,0.050621,0.085417,0.085417,0.085417,0.085417
95.230057,0.049087,0.047553,0.047553,0.050621,0.061161,0.061161,0.061161,0.061161
95.240059,0.096641,0.088971,0.092039,0.092039,0.031372,0.031372,0.031372,0.031372
95.250053,0.096641,0.088971,0.092039,0.092039,-0.001252,-0.001252,-0.001252,-0.001252
95.260071,0.102777,0.095107,0.096641,0.098175,-0.033800,-0.033800,-0.033800,-0.033800
95.270065,0.102777,0.095107,0.096641,0.098175,-0.063213,-0.063213,-0.063213,-0.063213
95.280060,0.084369,0.073631,0.079767,0.078233,-0.086894,-0.086894,-0.086894,-0.086894
95.290039,0.084369,0.073631,0.079767,0.078233,-0.102649,-0.102649,-0.102649,-0.102649
95.300064,0.029146,0.021476,0.029146,0.027612,-0.109137,-0.109137,-0.109137,-0.109137
95.310066,0.029146,0.021476,0.029146,0.027612,-0.105681,-0.105681,-0.105681,-0.105681
95.320061,-0.039884,-0.053689,-0.038350,-0.042951,-0.092626,-0.092626,-0.092626,-0.092626
95.330063,-0.039884,-0.053689,-0.038350,-0.042951,-0.071164,-0.071164,-0.071164,-0.071164
95.340065,-0.090505,-0.108913,-0.087437,-0.099709,-0.043237,-0.043237,-0.043237,-0.043237
95.350060,-0.090505,-0.108913,-0.087437,-0.099709,-0.011389,-0.011389,-0.011389,-0.011389
95.360054,-0.104311,-0.119651,-0.098175,-0.111981,0.021468,0.021468,0.021468,0.021468
95.370064,-0.104311,-0.119651,-0.098175,-0.111981,0.052394,0.052394,0.052394,0.052394
95.380051,-0.088971,-0.104311,-0.087437,-0.098175,0.078506,0.078506,0.078506,0.078506
95.390060,-0.088971,-0.104311,-0.087437,-0.098175,0.097506,0.097506,0.097506,0.097506
95.400055,-0.041417,-0.052155,-0.044485,-0.042951,0.107608,0.107608,0.107608,0.107608
95.410065,-0.041417,-0.052155,-0.044485,-0.042951,0.107919,0.107919,0.107919,0.107919
95.420052,0.024544,0.024544,0.023010,0.027612,0.098414,0.098414,0.098414,0.098414
95.430061,0.024544,0.024544,0.023010,0.027612,0.079935,0.079935,0.079935,0.079935
95.440056,0.082835,0.076699,0.079767,0.079767,0.054203,0.054203,0.054203,0.054203
95.450058,0.082835,0.076699,0.079767,0.079767,0.023527,0.023527,0.023527,0.023527
95.460030,0.104311,0.093573,0.096641,0.096641,-0.009170,-0.009170,-0.009170,-0.009170
95.470062,0.104311,0.093573,0.096641,0.096641,-0.041236,-0.041236,-0.041236,-0.041236
95.480064,0.096641,0.085903,0.092039,0.090505,-0.069417,-0.069417,-0.069417,-0.069417
95.490067,0.096641,0.085903,0.092039,0.090505,-0.091264,-0.091264,-0.091264,-0.091264
95.500061,0.053689,0.044485,0.052155,0.052155,-0.104774,-0.104774,-0.104774,-0.104774
95.510063,0.053689,0.044485,0.052155,0.052155,-0.108732,-0.108732,-0.108732,-0.108732
95.520065,-0.012272,-0.024544,-0.010738,-0.012272,-0.102767,-0.102767,-0.102767,-0.102767
95.530067,-0.012272,-0.024544,-0.010738,-0.012272,-0.087432,-0.087432,-0.087432,-0.087432
95.540062,-0.075165,-0.092039,-0.073631,-0.082835,-0.064123,-0.064123,-0.064123,-0.064123
95.550064,-0.075165,-0.092039,-0.073631,-0.082835,-0.034973,-0.034973,-0.034973,-0.034973
95.560059,-0.104311,-0.119651,-0.098175,-0.113515,-0.002637,-0.002637,-0.002637,-0.002637
95.570068,-0.104311,-0.119651,-0.098175,-0.113515,0.029943,0.029943,0.029943,0.029943
95.580055,-0.099709,-0.116583,-0.096641,-0.108913,0.059740,0.059740,0.059740,0.059740
95.590057,-0.099709,-0.116583,-0.096641,-0.108913,0.084109,0.084109,0.084109,0.084109
95.600060,-0.061359,-0.079767,-0.064427,-0.067495,0.100771,0.100771,0.100771,0.100771
95.610062,-0.061359,-0.079767,-0.064427,-0.067495,0.108227,0.108227,0.108227,0.108227
95.620056,0.000000,-0.009204,-0.006136,0.003068,0.105787,0.105787,0.105787,0.105787
95.630058,0.000000,-0.009204,-0.006136,0.003068,0.093674,0.093674,0.093674,0.093674
95.640053,0.062893,0.056757,0.058291,0.062893,0.073009,0.073009,0.073009,0.073009
95.650055,0.062893,0.056757,0.058291,0.062893,0.045675,0.045675,0.045675,0.045675
95.660057,0.099709,0.092039,0.093573,0.095107,0.014156,0.014156,0.014156,0.014156
95.670059,0.099709,0.092039,0.093573,0.095107,-0.018637,-0.018637,-0.018637,-0.018637
95.680054,0.101243,0.092039,0.095107,0.096641,-0.049717,-0.049717,-0.049717,-0.049717
95.690056,0.101243,0.092039,0.095107,0.096641,-0.076238,-0.076238,-0.076238,-0.076238
95.700058,0.069029,0.064427,0.069029,0.067495,-0.095771,-0.095771,-0.095771,-0.095771
95.710060,0.069029,0.064427,0.069029,0.067495,-0.106525,-0.106525,-0.106525,-0.106525
95.720055,0.009204,0.006136,0.013806,0.012272,-0.107519,-0.107519,-0.107519,-0.107519
95.730057,0.009204,0.006136,0.013806,0.012272,-0.098664,-0.098664,-0.098664,-0.098664
95.740059,-0.055223,-0.072097,-0.053689,-0.059825,-0.080774,-0.080774,-0.080774,-0.080774
95.750053,-0.055223,-0.072097,-0.053689,-0.059825,-0.055491,-0.055491,-0.055491,-0.055491
95.760056,-0.098175,-0.115049,-0.093573,-0.108913,-0.025114,-0.025114,-0.025114,-0.025114
95.770058,-0.098175,-0.115049,-0.093573,-0.108913,0.007539,0.007539,0.007539,0.007539
95.780060,-0.102777,-0.119651,-0.098175,-0.111981,0.039494,0.039494,0.039494,0.039494
95.790054,-0.102777,-0.119651,-0.098175,-0.111981,0.067822,0.067822,0.067822,0.067822
95.800056,-0.078233,-0.096641,-0.076699,-0.085903,0.089915,0.089915,0.089915,0.089915
95.810059,-0.078233,-0.096641,-0.076699,-0.085903,0.103758,0.103758,0.103758,0.103758
95.820061,-0.023010,-0.035282,-0.023010,-0.023010,0.108065,0.108065,0.108065,0.108065
95.830055,-0.023010,-0.035282,-0.023010,-0.023010,0.102456,0.102456,0.102456,0.102456
95.840057,0.042951,0.038350,0.039884,0.044485,0.087442,0.087442,0.087442,0.087442
95.850052,0.042951,0.038350,0.039884,0.044485,0.064410,0.064410,0.064410,0.064410
95.860054,0.093573,0.084369,0.087437,0.090505,0.035454,0.035454,0.035454,0.035454
95.870056,0.093573,0.084369,0.087437,0.090505,0.003256,0.003256,0.003256,0.003256
95.880058,0.102777,0.092039,0.095107,0.096641,-0.029230,-0.029230,-0.029230,-0.029230
95.890060,0.102777,0.092039,0.095107,0.096641,-0.059017,-0.059017,-0.059017,-0.059017
95.900055,0.085903,0.078233,0.081301,0.078233,-0.083365,-0.083365,-0.083365,-0.083365
95.910057,0.085903,0.078233,0.081301,0.078233,-0.100053,-0.100053,-0.100053,-0.100053
95.920059,0.033748,0.030680,0.035282,0.033748,-0.107527,-0.107527,-0.107527,-0.107527
95.930054,0.033748,0.030680,0.035282,0.033748,-0.105110,-0.105110,-0.105110,-0.105110
95.940063,-0.035282,-0.046019,-0.032214,-0.035282,-0.093013,-0.093013,-0.093013,-0.093013
95.950058,-0.035282,-0.046019,-0.032214,-0.035282,-0.072383,-0.072383,-0.072383,-0.072383
95.960060,-0.087437,-0.104311,-0.085903,-0.096641,-0.045079,-0.045079,-0.045079,-0.045079
95.970062,-0.087437,-0.104311,-0.085903,-0.096641,-0.013635,-0.013635,-0.013635,-0.013635
95.980057,-0.102777,-0.118117,-0.098175,-0.111981,0.019054,0.019054,0.019054,0.019054
95.990059,-0.102777,-0.118117,-0.098175,-0.111981,0.049970,0.049970,0.049970,0.049970
96.000053,-0.088971,-0.105845,-0.088971,-0.098175,0.076270,0.076270,0.076270,0.076270
96.010056,-0.088971,-0.105845,-0.088971,-0.098175,0.095551,0.095551,0.095551,0.095551
96.020058,-0.044485,-0.058291,-0.046019,-0.044485,0.106012,0.106012,0.106012,0.106012
96.030060,-0.044485,-0.058291,-0.046019,-0.044485,0.106701,0.106701,0.106701,0.106701
96.040054,0.023010,0.015340,0.019942,0.023010,0.097555,0.097555,0.097555,0.097555
96.050056,0.023010,0.015340,0.019942,0.023010,0.079416,0.079416,0.079416,0.079416
96.060059,0.081301,0.072097,0.075165,0.078233,0.053950,0.053950,0.053950,0.053950
96.070061,0.081301,0.072097,0.075165,0.078233,0.023520,0.023520,0.023520,0.023520
96.080055,0.102777,0.092039,0.096641,0.096641,-0.009069,-0.009069,-0.009069,-0.009069
96.090057,0.102777,0.092039,0.096641,0.096641,-0.040811,-0.040811,-0.040811,-0.040811
96.100052,0.095107,0.085903,0.092039,0.088971,-0.068764,-0.068764,-0.068764,-0.068764
96.110016,0.095107,0.085903,0.092039,0.088971,-0.090304,-0.090304,-0.090304,-0.090304
96.120056,0.052155,0.047553,0.055223,0.052155,-0.103638,-0.103638,-0.103638,-0.103638
96.130058,0.052155,0.047553,0.055223,0.052155,-0.107315,-0.107315,-0.107315,-0.107315
96.140060,-0.012272,-0.018408,-0.007670,-0.010738,-0.101080,-0.101080,-0.101080,-0.101080
96.150055,-0.012272,-0.018408,-0.007670,-0.010738,-0.085508,-0.085508,-0.085508,-0.085508
96.160057,-0.073631,-0.087437,-0.070563,-0.081301,-0.062035,-0.062035,-0.062035,-0.062035
96.170059,-0.073631,-0.087437,-0.070563,-0.081301,-0.032839,-0.032839,-0.032839,-0.032839
96.180061,-0.102777,-0.116583,-0.096641,-0.110447,-0.000612,-0.000612,-0.000612,-0.000612
96.190056,-0.102777,-0.116583,-0.096641,-0.110447,0.031661,0.031661,0.031661,0.031661
96.200058,-0.098175,-0.115049,-0.095107,-0.107379,0.060984,0.060984,0.060984,0.060984
96.210060,-0.098175,-0.115049,-0.095107,-0.107379,0.084672,0.084672,0.084672,0.084672
96.220062,-0.059825,-0.076699,-0.061359,-0.064427,0.100513,0.100513,0.100513,0.100513
96.230057,-0.059825,-0.076699,-0.061359,-0.064427,0.107045,0.107045,0.107045,0.107045
96.240059,0.004602,-0.006136,-0.001534,0.003068,0.103667,0.103667,0.103667,0.103667
96.250053,0.004602,-0.006136,-0.001534,0.003068,0.090694,0.090694,0.090694,0.090694
96.260056,0.067495,0.058291,0.061359,0.062893,0.069329,0.069329,0.069329,0.069329
96.270058,0.067495,0.058291,0.061359,0.062893,0.041540,0.041540,0.041540,0.041540
96.280060,0.099709,0.090505,0.093573,0.095107,0.009912,0.009912,0.009912,0.009912
96.290054,0.099709,0.090505,0.093573,0.095107,-0.022617,-0.022617,-0.022617,-0.022617
96.300056,0.099709,0.090505,0.093573,0.095107,-0.053031,-0.053031,-0.053031,-0.053031
96.310059,0.099709,0.090505,0.093573,0.095107,-0.078542,-0.078542,-0.078542,-0.078542
96.320053,0.067495,0.062893,0.065961,0.065961,-0.096750,-0.096750,-0.096750,-0.096750
96.330055,0.067495,0.062893,0.065961,0.065961,-0.105982,-0.105982,-0.105982,-0.105982
96.340057,0.007670,0.001534,0.009204,0.010738,-0.105380,-0.105380,-0.105380,-0.105380
96.350060,0.007670,0.001534,0.009204,0.010738,-0.095002,-0.095002,-0.095002,-0.095002
96.360062,-0.058291,-0.073631,-0.056757,-0.062893,-0.075808,-0.075808,-0.075808,-0.075808
96.370056,-0.058291,-0.073631,-0.056757,-0.062893,-0.049600,-0.049600,-0.049600,-0.049600
96.380058,-0.098175,-0.115049,-0.095107,-0.108913,-0.018772,-0.018772,-0.018772,-0.018772
96.390060,-0.098175,-0.115049,-0.095107,-0.108913,0.013776,0.013776,0.013776,0.013776
96.400055,-0.101243,-0.116583,-0.096641,-0.110447,0.045025,0.045025,0.045025,0.045025
96.410057,-0.101243,-0.116583,-0.096641,-0.110447,0.072097,0.072097,0.072097,0.072097
96.420052,-0.073631,-0.092039,-0.073631,-0.081301,0.092458,0.092458,0.092458,0.092458
96.430054,-0.073631,-0.092039,-0.073631,-0.081301,0.104223,0.104223,0.104223,0.104223
96.440056,-0.018408,-0.027612,-0.018408,-0.015340,0.106296,0.106296,0.106296,0.106296
96.450058,-0.018408,-0.027612,-0.018408,-0.015340,0.098481,0.098481,0.098481,0.098481
96.460060,0.049087,0.042951,0.046019,0.049087,0.081517,0.081517,0.081517,0.081517
96.470055,0.049087,0.042951,0.046019,0.049087,0.056974,0.056974,0.056974,0.056974
96.480057,0.096641,0.085903,0.088971,0.090505,0.027137,0.027137,0.027137,0.027137
96.490059,0.096641,0.085903,0.088971,0.090505,-0.005212,-0.005212,-0.005212,-0.005212
96.500053,0.101243,0.092039,0.093573,0.095107,-0.037057,-0.037057,-0.037057,-0.037057
96.510056,0.101243,0.092039,0.093573,0.095107,-0.065461,-0.065461,-0.065461,-0.065461
96.520065,0.081301,0.070563,0.078233,0.076699,-0.087762,-0.087762,-0.087762,-0.087762
96.530052,0.081301,0.070563,0.078233,0.076699,-0.101867,-0.101867,-0.101867,-0.101867
96.540054,0.024544,0.018408,0.027612,0.024544,-0.106491,-0.106491,-0.106491,-0.106491
96.550056,0.024544,0.018408,0.027612,0.024544,-0.101192,-0.101192,-0.101192,-0.101192
96.560059,-0.042951,-0.058291,-0.041417,-0.046019,-0.086471,-0.086471,-0.086471,-0.086471
96.570053,-0.042951,-0.058291,-0.041417,-0.046019,-0.063701,-0.063701,-0.063701,-0.063701
96.580055,-0.090505,-0.107379,-0.088971,-0.099709,-0.034982,-0.034982,-0.034982,-0.034982
96.590057,-0.090505,-0.107379,-0.088971,-0.099709,-0.003024,-0.003024,-0.003024,-0.003024
96.600052,-0.101243,-0.116583,-0.095107,-0.110447,0.029197,0.029197,0.029197,0.029197
96.610054,-0.101243,-0.116583,-0.095107,-0.110447,0.058707,0.058707,0.058707,0.058707
96.620056,-0.082835,-0.098175,-0.084369,-0.092039,0.082715,0.082715,0.082715,0.082715
96.630058,-0.082835,-0.098175,-0.084369,-0.092039,0.099008,0.099008,0.099008,0.099008
96.640060,-0.033748,-0.042951,-0.038350,-0.032214,0.106048,0.106048,0.106048,0.106048
96.650055,-0.033748,-0.042951,-0.038350,-0.032214,0.103193,0.103193,0.103193,0.103193
96.660057,0.033748,0.029146,0.027612,0.033748,0.090699,0.090699,0.090699,0.090699
96.670036,0.033748,0.029146,0.027612,0.033748,0.069796,0.069796,0.069796,0.069796
96.680031,0.085903,0.078233,0.079767,0.082835,0.042352,0.042352,0.042352,0.042352
96.690063,0.085903,0.078233,0.079767,0.082835,0.010840,0.010840,0.010840,0.010840
96.700058,0.099709,0.090505,0.095107,0.093573,-0.021554,-0.021554,-0.021554,-0.021554
96.710068,0.099709,0.090505,0.095107,0.093573,-0.051953,-0.051953,-0.051953,-0.051953
96.720062,0.090505,0.078233,0.084369,0.081301,-0.077461,-0.077461,-0.077461,-0.077461
96.730064,0.090505,0.078233,0.084369,0.081301,-0.095741,-0.095741,-0.095741,-0.095741
96.740067,0.041417,0.035282,0.041417,0.038350,-0.105050,-0.105050,-0.105050,-0.105050
96.750061,0.041417,0.035282,0.041417,0.038350,-0.104532,-0.104532,-0.104532,-0.104532
96.760063,-0.026078,-0.038350,-0.023010,-0.026078,-0.094238,-0.094238,-0.094238,-0.094238
96.770065,-0.026078,-0.038350,-0.023010,-0.026078,-0.075125,-0.075125,-0.075125,-0.075125
96.780060,-0.084369,-0.099709,-0.079767,-0.092039,-0.048988,-0.048988,-0.048988,-0.048988
96.790062,-0.084369,-0.099709,-0.079767,-0.092039,-0.018278,-0.018278,-0.018278,-0.018278
96.800056,-0.101243,-0.116583,-0.096641,-0.110447,0.014109,0.014109,0.014109,0.014109
96.810059,-0.101243,-0.116583,-0.096641,-0.110447,0.045217,0.045217,0.045217,0.045217
96.820053,-0.090505,-0.105845,-0.088971,-0.099709,0.072039,0.072039,0.072039,0.072039
96.830063,-0.090505,-0.105845,-0.088971,-0.099709,0.092130,0.092130,0.092130,0.092130
96.840057,-0.047553,-0.058291,-0.047553,-0.049087,0.103567,0.103567,0.103567,0.103567
96.850052,-0.047553,-0.058291,-0.047553,-0.049087,0.105301,0.105301,0.105301,0.105301
96.860062,0.018408,0.013806,0.015340,0.018408,0.097155,0.097155,0.097155,0.097155
96.870056,0.018408,0.013806,0.015340,0.018408,0.079912,0.079912,0.079912,0.079912
96.880058,0.075165,0.070563,0.072097,0.073631,0.055174,0.055174,0.055174,0.055174
96.890060,0.075165,0.070563,0.072097,0.073631,0.025268,0.025268,0.025268,0.025268
96.900024,0.099709,0.090505,0.093573,0.095107,-0.006895,-0.006895,-0.006895,-0.006895
96.910065,0.099709,0.090505,0.093573,0.095107,-0.038603,-0.038603,-0.038603,-0.038603
96.920059,0.095107,0.084369,0.090505,0.088971,-0.066552,-0.066552,-0.066552,-0.066552
96.930061,0.095107,0.084369,0.090505,0.088971,-0.088277,-0.088277,-0.088277,-0.088277
96.940063,0.053689,0.044485,0.052155,0.050621,-0.101689,-0.101689,-0.101689,-0.101689
96.950058,0.053689,0.044485,0.052155,0.050621,-0.105547,-0.105547,-0.105547,-0.105547
96.960060,-0.010738,-0.023010,-0.009204,-0.012272,-0.099491,-0.099491,-0.099491,-0.099491
96.970062,-0.010738,-0.023010,-0.009204,-0.012272,-0.084090,-0.084090,-0.084090,-0.084090
96.980057,-0.072097,-0.088971,-0.069029,-0.079767,-0.060796,-0.060796,-0.060796,-0.060796
96.990059,-0.072097,-0.088971,-0.069029,-0.079767,-0.031782,-0.031782,-0.031782,-0.031782
97.000053,-0.099709,-0.115049,-0.095107,-0.108913,0.000167,0.000167,0.000167,0.000167
97.010056,-0.099709,-0.115049,-0.095107,-0.108913,0.032139,0.032139,0.032139,0.032139
97.020058,-0.096641,-0.111981,-0.092039,-0.105845,0.061058,0.061058,0.061058,0.061058
97.030060,-0.096641,-0.111981,-0.092039,-0.105845,0.084235,0.084235,0.084235,0.084235
97.040054,-0.058291,-0.073631,-0.058291,-0.062893,0.099473,0.099473,0.099473,0.099473
97.050056,-0.058291,-0.073631,-0.058291,-0.062893,0.105346,0.105346,0.105346,0.105346
97.060059,0.001534,-0.003068,0.000000,0.004602,0.101303,0.101303,0.101303,0.101303
97.070053,0.001534,-0.003068,0.000000,0.004602,0.087723,0.087723,0.087723,0.087723
97.080055,0.062893,0.059825,0.061359,0.064427,0.065888,0.065888,0.065888,0.065888
97.090057,0.062893,0.059825,0.061359,0.064427,0.037858,0.037858,0.037858,0.037858
97.100052,0.098175,0.088971,0.092039,0.093573,0.006268,0.006268,0.006268,0.006268
97.110054,0.098175,0.088971,0.092039,0.093573,-0.025911,-0.025911,-0.025911,-0.025911
97.120056,0.098175,0.088971,0.092039,0.093573,-0.055630,-0.055630,-0.055630,-0.055630
97.130058,0.098175,0.088971,0.092039,0.093573,-0.080100,-0.080100,-0.080100,-0.080100
97.140060,0.062893,0.056757,0.062893,0.061359,-0.097006,-0.097006,-0.097006,-0.097006
97.150055,0.062893,0.056757,0.062893,0.061359,-0.104761,-0.104761,-0.104761,-0.104761
97.160057,0.003068,-0.004602,0.004602,0.003068,-0.102634,-0.102634,-0.102634,-0.102634
97.170059,0.003068,-0.004602,0.004602,0.003068,-0.090829,-0.090829,-0.090829,-0.090829
97.180054,-0.059825,-0.078233,-0.058291,-0.069029,-0.070454,-0.070454,-0.070454,-0.070454
97.190056,-0.059825,-0.078233,-0.058291,-0.069029,-0.043437,-0.043437,-0.043437,-0.043437
97.200050,-0.098175,-0.113515,-0.092039,-0.108913,-0.012339,-0.012339,-0.012339,-0.012339
97.210060,-0.098175,-0.113515,-0.092039,-0.108913,0.019939,0.019939,0.019939,0.019939
97.220055,-0.099709,-0.115049,-0.093573,-0.108913,0.050300,0.050300,0.050300,0.050300
97.230057,-0.099709,-0.115049,-0.093573,-0.108913,0.075915,0.075915,0.075915,0.075915
97.240059,-0.069029,-0.082835,-0.070563,-0.073631,0.094343,0.094343,0.094343,0.094343
97.250061,-0.069029,-0.082835,-0.070563,-0.073631,0.103854,0.103854,0.103854,0.103854
97.260056,-0.010738,-0.016874,-0.016874,-0.007670,0.103547,0.103547,0.103547,0.103547
97.270058,-0.010738,-0.016874,-0.016874,-0.007670,0.093452,0.093452,0.093452,0.093452
97.280060,0.053689,0.050621,0.049087,0.055223,0.074528,0.074528,0.074528,0.074528
97.290054,0.053689,0.050621,0.049087,0.055223,0.048563,0.048563,0.048563,0.048563
97.300064,0.095107,0.087437,0.088971,0.092039,0.017986,0.017986,0.017986,0.017986
97.310059,0.095107,0.087437,0.088971,0.092039,-0.014243,-0.014243,-0.014243,-0.014243
97.320061,0.098175,0.088971,0.092039,0.093573,-0.045127,-0.045127,-0.045127,-0.045127
97.330055,0.098175,0.088971,0.092039,0.093573,-0.071737,-0.071737,-0.071737,-0.071737
97.340057,0.070563,0.067495,0.070563,0.067495,-0.091547,-0.091547,-0.091547,-0.091547
97.350060,0.070563,0.067495,0.070563,0.067495,-0.102685,-0.102685,-0.102685,-0.102685
97.360054,0.012272,0.012272,0.016874,0.013806,-0.104094,-0.104094,-0.104094,-0.104094
97.370056,0.012272,0.012272,0.016874,0.013806,-0.095645,-0.095645,-0.095645,-0.095645
97.380058,-0.052155,-0.061359,-0.047553,-0.055223,-0.078140,-0.078140,-0.078140,-0.078140
97.390053,-0.052155,-0.061359,-0.047553,-0.055223,-0.053236,-0.053236,-0.053236,-0.053236
97.400055,-0.093573,-0.108913,-0.088971,-0.104311,-0.023296,-0.023296,-0.023296,-0.023296
97.410057,-0.093573,-0.108913,-0.088971,-0.104311,0.008849,0.008849,0.008849,0.008849
97.420059,-0.098175,-0.115049,-0.093573,-0.108913,0.040146,0.040146,0.040146,0.040146
97.430054,-0.098175,-0.115049,-0.093573,-0.108913,0.067619,0.067619,0.067619,0.067619
97.440056,-0.075165,-0.092039,-0.075165,-0.081301,0.088676,0.088676,0.088676,0.088676
97.450058,-0.075165,-0.092039,-0.075165,-0.081301,0.101309,0.101309,0.101309,0.101309
97.460052,-0.023010,-0.033748,-0.023010,-0.019942,0.104327,0.104327,0.104327,0.104327
97.470055,-0.023010,-0.033748,-0.023010,-0.019942,0.097443,0.097443,0.097443,0.097443
97.480049,0.042951,0.038350,0.039884,0.044485,0.081320,0.081320,0.081320,0.081320
97.490059,0.042951,0.038350,0.039884,0.044485,0.057464,0.057464,0.057464,0.057464
97.500053,0.092039,0.082835,0.084369,0.088971,0.028178,0.028178,0.028178,0.028178
97.510056,0.092039,0.082835,0.084369,0.088971,-0.003796,-0.003796,-0.003796,-0.003796
97.520058,0.098175,0.088971,0.092039,0.093573,-0.035391,-0.035391,-0.035391,-0.035391
97.530060,0.098175,0.088971,0.092039,0.093573,-0.063606,-0.063606,-0.063606,-0.063606
97.540054,0.081301,0.072097,0.076699,0.073631,-0.085772,-0.085772,-0.085772,-0.085772
97.550056,0.081301,0.072097,0.076699,0.073631,-0.099779,-0.099779,-0.099779,-0.099779
97.560059,0.027612,0.023010,0.029146,0.021476,-0.104294,-0.104294,-0.104294,-0.104294
97.570061,0.027612,0.023010,0.029146,0.021476,-0.098889,-0.098889,-0.098889,-0.098889
97.580048,-0.041417,-0.052155,-0.038350,-0.044485,-0.084097,-0.084097,-0.084097,-0.084097
97.590057,-0.041417,-0.052155,-0.038350,-0.044485,-0.061283,-0.061283,-0.061283,-0.061283
97.600052,-0.088971,-0.104311,-0.085903,-0.098175,-0.032658,-0.032658,-0.032658,-0.032658
97.610054,-0.088971,-0.104311,-0.085903,-0.098175,-0.000928,-0.000928,-0.000928,-0.000928
97.620056,-0.099709,-0.115049,-0.092039,-0.108913,0.030881,0.030881,0.030881,0.030881
97.630051,-0.099709,-0.115049,-0.092039,-0.108913,0.059712,0.059712,0.059712,0.059712
97.640060,-0.079767,-0.096641,-0.079767,-0.087437,0.082899,0.082899,0.082899,0.082899
97.650063,-0.079767,-0.096641,-0.079767,-0.087437,0.098151,0.098151,0.098151,0.098151
97.660065,-0.032214,-0.046019,-0.033748,-0.032214,0.104045,0.104045,0.104045,0.104045
97.670059,-0.032214,-0.046019,-0.033748,-0.032214,0.100024,0.100024,0.100024,0.100024
97.680061,0.033748,0.027612,0.030680,0.033748,0.086474,0.086474,0.086474,0.086474
97.690063,0.033748,0.027612,0.030680,0.033748,0.064686,0.064686,0.064686,0.064686
97.700058,0.085903,0.076699,0.081301,0.082835,0.036744,0.036744,0.036744,0.036744
97.710052,0.085903,0.076699,0.081301,0.082835,0.005313,0.005313,0.005313,0.005313
97.720062,0.098175,0.088971,0.090505,0.093573,-0.026652,-0.026652,-0.026652,-0.026652
97.730057,0.098175,0.088971,0.090505,0.093573,-0.056037,-0.056037,-0.056037,-0.056037
97.740059,0.084369,0.076699,0.081301,0.079767,-0.080063,-0.080063,-0.080063,-0.080063
97.750061,0.084369,0.076699,0.081301,0.079767,-0.096454,-0.096454,-0.096454,-0.096454
97.760063,0.035282,0.032214,0.039884,0.033748,-0.103622,-0.103622,-0.103622,-0.103622
97.770065,0.035282,0.032214,0.039884,0.033748,-0.100892,-0.100892,-0.100892,-0.100892
97.780060,-0.032214,-0.039884,-0.024544,-0.033748,-0.088533,-0.088533,-0.088533,-0.088533
97.790062,-0.032214,-0.039884,-0.024544,-0.033748,-0.067711,-0.067711,-0.067711,-0.067711
97.800064,-0.084369,-0.098175,-0.079767,-0.093573,-0.040437,-0.040437,-0.040437,-0.040437
97.810059,-0.084369,-0.098175,-0.079767,-0.093573,-0.009311,-0.009311,-0.009311,-0.009311
97.820061,-0.098175,-0.113515,-0.093573,-0.107379,0.022693,0.022693,0.022693,0.022693
97.830063,-0.098175,-0.113515,-0.093573,-0.107379,0.052541,0.052541,0.052541,0.052541
97.840065,-0.084369,-0.101243,-0.084369,-0.093573,0.077349,0.077349,0.077349,0.077349
97.850067,-0.084369,-0.101243,-0.084369,-0.093573,0.094739,0.094739,0.094739,0.094739
97.860054,-0.038350,-0.053689,-0.041417,-0.039884,0.103063,0.103063,0.103063,0.103063
97.870056,-0.038350,-0.053689,-0.041417,-0.039884,0.101534,0.101534,0.101534,0.101534
97.880066,0.026078,0.019942,0.023010,0.027612,0.090279,0.090279,0.090279,0.090279
97.890060,0.026078,0.019942,0.023010,0.027612,0.070398,0.070398,0.070398,0.070398
97.900055,0.081301,0.072097,0.076699,0.078233,0.043797,0.043797,0.043797,0.043797
97.910065,0.081301,0.072097,0.076699,0.078233,0.012971,0.012971,0.012971,0.012971
97.920052,0.098175,0.088971,0.090505,0.092039,-0.019039,-0.019039,-0.019039,-0.019039
97.930061,0.098175,0.088971,0.090505,0.092039,-0.049259,-0.049259,-0.049259,-0.049259
97.940063,0.087437,0.079767,0.082835,0.082835,-0.074730,-0.074730,-0.074730,-0.074730
97.950066,0.087437,0.079767,0.082835,0.082835,-0.093041,-0.093041,-0.093041,-0.093041
97.960060,0.042951,0.036816,0.042951,0.041417,-0.102414,-0.102414,-0.102414,-0.102414
97.970062,0.042951,0.036816,0.042951,0.041417,-0.101974,-0.101974,-0.101974,-0.101974
97.980064,-0.023010,-0.033748,-0.021476,-0.023010,-0.091756,-0.091756,-0.091756,-0.091756
97.990067,-0.023010,-0.033748,-0.021476,-0.023010,-0.072733,-0.072733,-0.072733,-0.072733
98.000061,-0.078233,-0.095107,-0.075165,-0.087437,-0.046753,-0.046753,-0.046753,-0.046753
98.010056,-0.078233,-0.095107,-0.075165,-0.087437,-0.016307,-0.016307,-0.016307,-0.016307
98.020058,-0.098175,-0.113515,-0.092039,-0.107379,0.015710,0.015710,0.015710,0.015710
98.030060,-0.098175,-0.113515,-0.092039,-0.107379,0.046211,0.046211,0.046211,0.046211
98.040062,-0.087437,-0.104311,-0.085903,-0.096641,0.072281,0.072281,0.072281,0.072281
98.050056,-0.087437,-0.104311,-0.085903,-0.096641,0.091378,0.091378,0.091378,0.091378
98.060059,-0.046019,-0.059825,-0.046019,-0.047553,0.101700,0.101700,0.101700,0.101700
98.070068,-0.046019,-0.059825,-0.046019,-0.047553,0.102252,0.102252,0.102252,0.102252
98.080055,0.016874,0.012272,0.016874,0.019942,0.092988,0.092988,0.092988,0.092988
98.090057,0.016874,0.012272,0.016874,0.019942,0.074775,0.074775,0.074775,0.074775
98.100052,0.075165,0.067495,0.072097,0.073631,0.049421,0.049421,0.049421,0.049421
98.110062,0.075165,0.067495,0.072097,0.073631,0.019261,0.019261,0.019261,0.019261
98.120064,0.098175,0.087437,0.090505,0.092039,-0.012709,-0.012709,-0.012709,-0.012709
98.130058,0.098175,0.087437,0.090505,0.092039,-0.043439,-0.043439,-0.043439,-0.043439
98.140060,0.090505,0.081301,0.085903,0.084369,-0.069993,-0.069993,-0.069993,-0.069993
98.150063,0.090505,0.081301,0.085903,0.084369,-0.089802,-0.089802,-0.089802,-0.089802
98.160057,0.047553,0.042951,0.049087,0.046019,-0.100961,-0.100961,-0.100961,-0.100961
98.170059,0.047553,0.042951,0.049087,0.046019,-0.102401,-0.102401,-0.102401,-0.102401
98.180061,-0.016874,-0.024544,-0.013806,-0.015340,-0.093983,-0.093983,-0.093983,-0.093983
98.190063,-0.016874,-0.024544,-0.013806,-0.015340,-0.076515,-0.076515,-0.076515,-0.076515
98.200058,-0.073631,-0.088971,-0.072097,-0.081301,-0.051685,-0.051685,-0.051685,-0.051685
98.210060,-0.073631,-0.088971,-0.072097,-0.081301,-0.021876,-0.021876,-0.021876,-0.021876
98.220062,-0.098175,-0.113515,-0.092039,-0.107379,0.010012,0.010012,0.010012,0.010012
98.230064,-0.098175,-0.113515,-0.092039,-0.107379,0.040946,0.040946,0.040946,0.040946
98.240059,-0.090505,-0.107379,-0.087437,-0.098175,0.067910,0.067910,0.067910,0.067910
98.250061,-0.090505,-0.107379,-0.087437,-0.098175,0.088322,0.088322,0.088322,0.088322
98.260056,-0.049087,-0.065961,-0.052155,-0.055223,0.100212,0.100212,0.100212,0.100212
98.270058,-0.049087,-0.065961,-0.052155,-0.055223,0.102441,0.102441,0.102441,0.102441
98.280060,0.010738,0.006136,0.006136,0.013806,0.094783,0.094783,0.094783,0.094783
98.290070,0.010738,0.006136,0.006136,0.013806,0.077970,0.077970,0.077970,0.077970
98.300056,0.070563,0.064427,0.064427,0.069029,0.053664,0.053664,0.053664,0.053664
98.310059,0.070563,0.064427,0.064427,0.069029,0.024166,0.024166,0.024166,0.024166
98.320061,0.098175,0.087437,0.090505,0.092039,-0.007649,-0.007649,-0.007649,-0.007649
98.330055,0.098175,0.087437,0.090505,0.092039,-0.038705,-0.038705,-0.038705,-0.038705
98.340057,0.092039,0.081301,0.087437,0.085903,-0.066032,-0.066032,-0.066032,-0.066032
98.350067,0.092039,0.081301,0.087437,0.085903,-0.086973,-0.086973,-0.086973,-0.086973
98.360062,0.052155,0.044485,0.050621,0.050621,-0.099492,-0.099492,-0.099492,-0.099492
98.370064,0.052155,0.044485,0.050621,0.050621,-0.102398,-0.102398,-0.102398,-0.102398
98.380066,-0.013806,-0.021476,-0.009204,-0.010738,-0.095396,-0.095396,-0.095396,-0.095396
98.390060,-0.013806,-0.021476,-0.009204,-0.010738,-0.079191,-0.079191,-0.079191,-0.079191
98.400063,-0.073631,-0.087437,-0.069029,-0.079767,-0.055316,-0.055316,-0.055316,-0.055316
98.410065,-0.073631,-0.087437,-0.069029,-0.079767,-0.026113,-0.026113,-0.026113,-0.026113
98.420059,-0.098175,-0.111981,-0.090505,-0.107379,0.005614,0.005614,0.005614,0.005614
98.430061,-0.098175,-0.111981,-0.090505,-0.107379,0.036786,0.036786,0.036786,0.036786
98.440063,-0.093573,-0.107379,-0.088971,-0.099709,0.064394,0.064394,0.064394,0.064394
98.450066,-0.093573,-0.107379,-0.088971,-0.099709,0.085757,0.085757,0.085757,0.085757
98.460060,-0.053689,-0.067495,-0.055223,-0.055223,0.098811,0.098811,0.098811,0.098811
98.470062,-0.053689,-0.067495,-0.055223,-0.055223,0.102295,0.102295,0.102295,0.102295
98.480064,0.006136,0.003068,0.003068,0.012272,0.095871,0.095871,0.095871,0.095871
98.490059,0.006136,0.003068,0.003068,0.012272,0.080169,0.080169,0.080169,0.080169
98.500061,0.065961,0.061359,0.062893,0.067495,0.056693,0.056693,0.056693,0.056693
98.510063,0.065961,0.061359,0.062893,0.067495,0.027734,0.027734,0.027734,0.027734
98.520058,0.096641,0.087437,0.090505,0.090505,-0.003878,-0.003878,-0.003878,-0.003878
98.530060,0.096641,0.087437,0.090505,0.090505,-0.035145,-0.035145,-0.035145,-0.035145
98.540062,0.093573,0.082835,0.087437,0.087437,-0.062976,-0.062976,-0.062976,-0.062976
98.550064,0.093573,0.082835,0.087437,0.087437,-0.084695,-0.084695,-0.084695,-0.084695
98.560059,0.053689,0.047553,0.055223,0.053689,-0.098185,-0.098185,-0.098185,-0.098185
98.570061,0.053689,0.047553,0.055223,0.053689,-0.102149,-0.102149,-0.102149,-0.102149
98.580063,-0.007670,-0.016874,-0.004602,-0.004602,-0.096197,-0.096197,-0.096197,-0.096197
98.590065,-0.007670,-0.016874,-0.004602,-0.004602,-0.080910,-0.080910,-0.080910,-0.080910
98.600060,-0.067495,-0.085903,-0.065961,-0.073631,-0.057788,-0.057788,-0.057788,-0.057788
98.610062,-0.067495,-0.085903,-0.065961,-0.073631,-0.029039,-0.029039,-0.029039,-0.029039
98.620064,-0.096641,-0.113515,-0.090505,-0.107379,0.002517,0.002517,0.002517,0.002517
98.630058,-0.096641,-0.113515,-0.090505,-0.107379,0.033797,0.033797,0.033797,0.033797
98.640060,-0.093573,-0.108913,-0.088971,-0.101243,0.061810,0.061810,0.061810,0.061810
98.650063,-0.093573,-0.108913,-0.088971,-0.101243,0.083801,0.083801,0.083801,0.083801
98.660065,-0.055223,-0.067495,-0.055223,-0.059825,0.097635,0.097635,0.097635,0.097635
98.670059,-0.055223,-0.067495,-0.055223,-0.059825,0.101975,0.101975,0.101975,0.101975
98.680061,0.004602,0.001534,0.003068,0.006136,0.096403,0.096403,0.096403,0.096403
98.690063,0.004602,0.001534,0.003068,0.006136,0.081443,0.081443,0.081443,0.081443
98.700058,0.064427,0.061359,0.062893,0.062893,0.058586,0.058586,0.058586,0.058586
98.710060,0.064427,0.061359,0.062893,0.062893,0.030021,0.030021,0.030021,0.030021
98.720055,0.096641,0.087437,0.088971,0.090505,-0.001439,-0.001439,-0.001439,-0.001439
98.730064,0.096641,0.087437,0.088971,0.090505,-0.032772,-0.032772,-0.032772,-0.032772
98.740059,0.093573,0.084369,0.087437,0.087437,-0.060890,-0.060890,-0.060890,-0.060890
98.750061,0.093573,0.084369,0.087437,0.087437,-0.083082,-0.083082,-0.083082,-0.083082
98.760063,0.056757,0.050621,0.056757,0.056757,-0.097164,-0.097164,-0.097164,-0.097164
98.770058,0.056757,0.050621,0.056757,0.056757,-0.101783,-0.101783,-0.101783,-0.101783
98.780060,-0.004602,-0.013806,-0.001534,-0.003068,-0.096483,-0.096483,-0.096483,-0.096483
98.790062,-0.004602,-0.013806,-0.001534,-0.003068,-0.081785,-0.081785,-0.081785,-0.081785
98.800064,-0.065961,-0.082835,-0.061359,-0.072097,-0.059113,-0.059113,-0.059113,-0.059113
98.810066,-0.065961,-0.082835,-0.061359,-0.072097,-0.030678,-0.030678,-0.030678,-0.030678
98.820061,-0.096641,-0.113515,-0.090505,-0.107379,0.000704,0.000704,0.000704,0.000704
98.830070,-0.096641,-0.113515,-0.090505,-0.107379,0.032061,0.032061,0.032061,0.032061
98.840057,-0.095107,-0.108913,-0.090505,-0.104311,0.060232,0.060232,0.060232,0.060232
98.850060,-0.095107,-0.108913,-0.090505,-0.104311,0.082544,0.082544,0.082544,0.082544
98.860062,-0.056757,-0.070563,-0.059825,-0.061359,0.096789,0.096789,0.096789,0.096789
98.870064,-0.056757,-0.070563,-0.059825,-0.061359,0.101584,0.101584,0.101584,0.101584
98.880066,0.001534,-0.001534,-0.003068,0.004602,0.096459,0.096459,0.096459,0.096459
98.890060,0.001534,-0.001534,-0.003068,0.004602,0.081926,0.081926,0.081926,0.081926
98.900063,0.061359,0.059825,0.059825,0.062893,0.059392,0.059392,0.059392,0.059392
98.910065,0.061359,0.059825,0.059825,0.062893,0.031053,0.031053,0.031053,0.031053
98.920059,0.095107,0.085903,0.088971,0.090505,-0.000295,-0.000295,-0.000295,-0.000295
98.930061,0.095107,0.085903,0.088971,0.090505,-0.031616,-0.031616,-0.031616,-0.031616
98.940063,0.092039,0.082835,0.087437,0.087437,-0.059835,-0.059835,-0.059835,-0.059835
98.950027,0.092039,0.082835,0.087437,0.087437,-0.082134,-0.082134,-0.082134,-0.082134
98.960060,0.055223,0.050621,0.056757,0.056757,-0.096509,-0.096509,-0.096509,-0.096509
98.970047,0.055223,0.050621,0.056757,0.056757,-0.101382,-0.101382,-0.101382,-0.101382
98.980064,-0.003068,-0.013806,-0.001534,-0.001534,-0.096339,-0.096339,-0.096339,-0.096339
98.990059,-0.003068,-0.013806,-0.001534,-0.001534,-0.081871,-0.081871,-0.081871,-0.081871
99.000061,-0.062893,-0.081301,-0.061359,-0.070563,0.000000,0.000000,0.000000,0.000000
99.010063,-0.062893,-0.081301,-0.061359,-0.070563,0.000000,0.000000,0.000000,0.000000
99.020058,-0.096641,-0.111981,-0.088971,-0.104311,0.000000,0.000000,0.000000,0.000000
99.030060,-0.096641,-0.111981,-0.088971,-0.104311,0.000000,0.000000,0.000000,0.000000
99.040024,-0.093573,-0.108913,-0.088971,-0.099709,0.000000,0.000000,0.000000,0.000000
99.050056,-0.093573,-0.108913,-0.088971,-0.099709,0.000000,0.000000,0.000000,0.000000
99.060059,-0.032214,-0.046019,-0.035282,-0.033748,0.000000,0.000000,0.000000,0.000000
99.070061,-0.032214,-0.046019,-0.035282,-0.033748,0.000000,0.000000,0.000000,0.000000
99.080063,-0.001534,-0.010738,-0.007670,-0.004602,0.000000,0.000000,0.000000,0.000000
99.090050,-0.001534,-0.010738,-0.007670,-0.004602,0.000000,0.000000,0.000000,0.000000
99.100060,-0.001534,-0.009204,-0.007670,-0.003068,0.000000,0.000000,0.000000,0.000000
99.110016,-0.001534,-0.009204,-0.007670,-0.003068,0.000000,0.000000,0.000000,0.000000
99.120056,-0.001534,-0.009204,-0.007670,-0.003068,0.000000,0.000000,0.000000,0.000000
99.130058,-0.001534,-0.009204,-0.007670,-0.003068,0.000000,0.000000,0.000000,0.000000
99.140060,-0.001534,-0.009204,-0.007670,-0.003068,0.000000,0.000000,0.000000,0.000000
99.150055,-0.001534,-0.009204,-0.007670,-0.003068,0.000000,0.000000,0.000000,0.000000
99.160057,-0.001534,-0.009204,-0.007670,-0.003068,0.000000,0.000000,0.000000,0.000000
99.170059,-0.001534,-0.009204,-0.007670,-0.003068,0.000000,0.000000,0.000000,0.000000
99.180054,-0.001534,-0.009204,-0.007670,-0.003068,0.000000,0.000000,0.000000,0.000000
99.190056,-0.001534,-0.009204,-0.007670,-0.003068,0.000000,0.000000,0.000000,0.000000
99.200058,-0.001534,-0.009204,-0.007670,-0.003068,0.000000,0.000000,0.000000,0.000000
99.210052,-0.001534,-0.009204,-0.007670,-0.003068,0.000000,0.000000,0.000000,0.000000
99.220055,-0.001534,-0.009204,-0.007670,-0.003068,0.000000,0.000000,0.000000,0.000000
99.230057,-0.001534,-0.009204,-0.007670,-0.003068,0.000000,0.000000,0.000000,0.000000
99.240059,-0.001534,-0.009204,-0.007670,-0.003068,0.000000,0.000000,0.000000,0.000000
99.250061,-0.001534,-0.009204,-0.007670,-0.003068,0.000000,0.000000,0.000000,0.000000
99.260056,-0.001534,-0.009204,-0.007670,-0.003068,0.000000,0.000000,0.000000,0.000000
99.270058,-0.001534,-0.009204,-0.007670,-0.003068,0.000000,0.000000,0.000000,0.000000
99.280052,-0.001534,-0.009204,-0.007670,-0.003068,0.000000,0.000000,0.000000,0.000000
99.290054,-0.001534,-0.009204,-0.007670,-0.003068,0.000000,0.000000,0.000000,0.000000
99.300056,-0.001534,-0.009204,-0.007670,-0.003068,0.000000,0.000000,0.000000,0.000000
99.310059,-0.001534,-0.009204,-0.007670,-0.003068,0.000000,0.000000,0.000000,0.000000
99.320053,-0.001534,-0.009204,-0.007670,-0.003068,0.000000,0.000000,0.000000,0.000000
99.330055,-0.001534,-0.009204,-0.007670,-0.003068,0.000000,0.000000,0.000000,0.000000
99.340057,-0.001534,-0.009204,-0.007670,-0.003068,0.000000,0.000000,0.000000,0.000000
99.350060,-0.001534,-0.009204,-0.007670,-0.003068,0.000000,0.000000,0.000000,0.000000
99.360054,-0.001534,-0.009204,-0.007670,-0.003068,0.000000,0.000000,0.000000,0.000000
99.370056,-0.001534,-0.009204,-0.007670,-0.003068,0.000000,0.000000,0.000000,0.000000
99.380058,-0.001534,-0.009204,-0.007670,-0.003068,0.000000,0.000000,0.000000,0.000000
99.390060,-0.001534,-0.009204,-0.007670,-0.003068,0.000000,0.000000,0.000000,0.000000
99.400055,-0.001534,-0.009204,-0.007670,-0.003068,0.000000,0.000000,0.000000,0.000000
99.410057,-0.001534,-0.009204,-0.007670,-0.003068,0.000000,0.000000,0.000000,0.000000
99.420052,-0.001534,-0.009204,-0.007670,-0.003068,0.000000,0.000000,0.000000,0.000000
99.430061,-0.001534,-0.009204,-0.007670,-0.003068,0.000000,0.000000,0.000000,0.000000
99.440056,-0.001534,-0.009204,-0.007670,-0.003068,0.000000,0.000000,0.000000,0.000000
99.450058,-0.001534,-0.009204,-0.007670,-0.003068,0.000000,0.000000,0.000000,0.000000
99.460052,-0.001534,-0.009204,-0.007670,-0.003068,0.000000,0.000000,0.000000,0.000000
99.470055,-0.001534,-0.009204,-0.007670,-0.003068,0.000000,0.000000,0.000000,0.000000
99.480057,-0.001534,-0.009204,-0.007670,-0.003068,0.000000,0.000000,0.000000,0.000000
99.490059,-0.001534,-0.009204,-0.007670,-0.003068,0.000000,0.000000,0.000000,0.000000
99.500061,-0.001534,-0.009204,-0.007670,-0.003068,0.000000,0.000000,0.000000,0.000000
99.510056,-0.001534,-0.009204,-0.007670,-0.003068,0.000000,0.000000,0.000000,0.000000
99.520058,-0.001534,-0.009204,-0.007670,-0.003068,0.000000,0.000000,0.000000,0.000000
99.530052,-0.001534,-0.009204,-0.007670,-0.003068,0.000000,0.000000,0.000000,0.000000
99.540054,-0.001534,-0.009204,-0.007670,-0.003068,0.000000,0.000000,0.000000,0.000000
99.550056,-0.001534,-0.009204,-0.007670,-0.003068,0.000000,0.000000,0.000000,0.000000
99.560059,-0.001534,-0.009204,-0.007670,-0.003068,0.000000,0.000000,0.000000,0.000000
99.570045,-0.001534,-0.009204,-0.007670,-0.003068,0.000000,0.000000,0.000000,0.000000
99.580070,-0.001534,-0.009204,-0.007670,-0.003068,0.000000,0.000000,0.000000,0.000000
99.590065,-0.001534,-0.009204,-0.007670,-0.003068,0.000000,0.000000,0.000000,0.000000
99.600060,-0.001534,-0.009204,-0.007670,-0.003068,0.000000,0.000000,0.000000,0.000000
99.610062,-0.001534,-0.009204,-0.007670,-0.003068,0.000000,0.000000,0.000000,0.000000
99.620064,-0.001534,-0.009204,-0.007670,-0.003068,0.000000,0.000000,0.000000,0.000000
99.630066,-0.001534,-0.009204,-0.007670,-0.003068,0.000000,0.000000,0.000000,0.000000
99.640060,-0.001534,-0.009204,-0.007670,-0.003068,0.000000,0.000000,0.000000,0.000000
99.650063,-0.001534,-0.009204,-0.007670,-0.003068,0.000000,0.000000,0.000000,0.000000
99.660057,-0.001534,-0.009204,-0.007670,-0.003068,0.000000,0.000000,0.000000,0.000000
99.670059,-0.001534,-0.009204,-0.007670,-0.003068,0.000000,0.000000,0.000000,0.000000
99.680061,-0.001534,-0.009204,-0.007670,-0.003068,0.000000,0.000000,0.000000,0.000000
99.690063,-0.001534,-0.009204,-0.007670,-0.003068,0.000000,0.000000,0.000000,0.000000
99.700058,-0.001534,-0.009204,-0.007670,-0.003068,0.000000,0.000000,0.000000,0.000000
99.710052,-0.001534,-0.009204,-0.007670,-0.003068,0.000000,0.000000,0.000000,0.000000
99.720062,-0.001534,-0.009204,-0.007670,-0.003068,0.000000,0.000000,0.000000,0.000000
99.730064,-0.001534,-0.009204,-0.007670,-0.003068,0.000000,0.000000,0.000000,0.000000
99.740059,-0.001534,-0.009204,-0.007670,-0.003068,0.000000,0.000000,0.000000,0.000000
99.750061,-0.001534,-0.009204,-0.007670,-0.003068,0.000000,0.000000,0.000000,0.000000
99.760063,-0.001534,-0.009204,-0.007670,-0.003068,0.000000,0.000000,0.000000,0.000000
99.770065,-0.001534,-0.009204,-0.007670,-0.003068,0.000000,0.000000,0.000000,0.000000
99.780060,-0.001534,-0.009204,-0.007670,-0.003068,0.000000,0.000000,0.000000,0.000000
99.790070,-0.001534,-0.009204,-0.007670,-0.003068,0.000000,0.000000,0.000000,0.000000
99.800056,-0.001534,-0.009204,-0.007670,-0.003068,0.000000,0.000000,0.000000,0.000000
99.810059,-0.001534,-0.009204,-0.007670,-0.003068,0.000000,0.000000,0.000000,0.000000
99.820053,-0.001534,-0.009204,-0.007670,-0.003068,0.000000,0.000000,0.000000,0.000000
99.830063,-0.001534,-0.009204,-0.007670,-0.003068,0.000000,0.000000,0.000000,0.000000
99.840057,-0.001534,-0.009204,-0.007670,-0.003068,0.000000,0.000000,0.000000,0.000000
99.850060,-0.001534,-0.009204,-0.007670,-0.003068,0.000000,0.000000,0.000000,0.000000
99.860062,-0.001534,-0.009204,-0.007670,-0.003068,0.000000,0.000000,0.000000,0.000000
99.870064,-0.001534,-0.009204,-0.007670,-0.003068,0.000000,0.000000,0.000000,0.000000
99.880066,-0.001534,-0.009204,-0.007670,-0.003068,0.000000,0.000000,0.000000,0.000000
99.890060,-0.001534,-0.009204,-0.007670,-0.003068,0.000000,0.000000,0.000000,0.000000
99.900063,-0.001534,-0.009204,-0.007670,-0.003068,0.000000,0.000000,0.000000,0.000000
99.910065,-0.001534,-0.009204,-0.007670,-0.003068,0.000000,0.000000,0.000000,0.000000
99.920059,-0.001534,-0.009204,-0.007670,-0.003068,0.000000,0.000000,0.000000,0.000000
99.930061,-0.001534,-0.009204,-0.007670,-0.003068,0.000000,0.000000,0.000000,0.000000
99.940056,-0.001534,-0.009204,-0.007670,-0.003068,0.000000,0.000000,0.000000,0.000000
99.950066,-0.001534,-0.009204,-0.007670,-0.003068,0.000000,0.000000,0.000000,0.000000
99.960052,-0.001534,-0.009204,-0.007670,-0.003068,0.000000,0.000000,0.000000,0.000000
99.970062,-0.001534,-0.009204,-0.007670,-0.003068,0.000000,0.000000,0.000000,0.000000
99.980064,-0.001534,-0.009204,-0.007670,-0.003068,0.000000,0.000000,0.000000,0.000000
99.990059,-0.001534,-0.009204,-0.007670,-0.003068,0.000000,0.000000,0.000000,0.000000
100.000061,-0.001534,-0.009204,-0.007670,-0.003068,0.000000,0.000000,0.000000,0.000000
