x,y,z,qw,qx,qy,qz
6.123233995736766e-17,6.123233995736766e-17,0.7,1.0,-1.2246467991473533e-17,6.123233995736766e-18,7.498798913309289e-35
-0.003141587485879529,-0.003141571982779441,0.7000059217431589,0.9999997532543906,0.0006283155418146884,-0.00031415624619730436,4.073170889262849e-06
-0.00628314396555872,-0.006283019941676073,0.7000236867388552,0.999999012951571,0.0012566131502410114,-0.0006282943778361227,1.6292614152940867e-05
-0.009424638433144025,-0.009424219857704107,0.7000532942857572,0.9999977788935684,0.0018848748920470165,-0.0009423962824157972,3.6658121579696994e-05
-0.012566039883352653,-0.012565047721668785,0.70009474321501,0.9999960507504378,0.002513082834313153,-0.0012564438515508369,6.516934615938922e-05
-0.015707317311820523,-0.015705379539063997,0.7001480318902805,0.9999938280602725,0.003141219044589331,-0.0015704189830282322,0.00010182580209414504
-0.01884843971540805,-0.018845091334967146,0.7002131582078233,0.9999911102292232,0.0037692655910519604,-0.0018843035828639313,0.00014662686481508179
-0.02198937609250523,-0.021984059158932576,0.7002901195965625,0.9999878965315198,0.004397204542661403,-0.0021980795673584045,0.00019957177100366855
-0.025130095443337407,-0.025122159089884705,0.7003789130181948,0.9999841861095,0.005025017969320245,-0.002511728865151232,0.0002606596186179458
-0.028270566770273207,-0.028259267241012218,0.7004795349673075,0.9999799779736402,0.005652687942032834,-0.0028252334192746566,0.00032988936692293234
-0.031410759078128056,-0.03139525976465645,0.7005919814715185,0.9999752710025951,0.0062801965330648865,-0.0031385751892052303,0.0004072598365263138
-0.03455064137447228,-0.034530012857202905,0.7007162480916325,0.9999700639432384,0.006907525816105126,-0.0034517361529142407,0.0004927697094185233
-0.037690182669934576,-0.037663402763966396,0.7008523299218159,0.9999643554107118,0.0075346578664272105,-0.003764698308915803,0.0005864175290178592
-0.040829351978509835,-0.04079530578407862,0.701000221589791,0.9999581438884777,0.008161574761053928,-0.0040774436783132945,0.0006882017002197497
-0.04396811831786477,-0.04392559827537146,0.7011599172570483,0.9999514277283763,0.008788258578922434,-0.004389954306843265,0.0007981204894505855
-0.047106450709642776,-0.047054156659257274,0.701331410619076,0.9999442051506878,0.009414691401050999,-0.0047022122669167716,0.0009161720247276606
-0.05024431817976947,-0.050180857425607364,0.7015146949056099,0.9999364742442016,0.010040855310707673,-0.005014199659658072,0.0010423542957214346
-0.05338168975876042,-0.05330557713762991,0.7017097628809004,0.9999282329662872,0.010666732393581268,-0.005325898616940605,0.0011766651538239825
-0.05651853448202428,-0.0564281924367406,0.7019166068439975,0.9999194791429735,0.011292304737953533,-0.005637291303419382,0.0013191023122224941
-0.0596548213901707,-0.05954858004743487,0.7021352186290559,0.9999102104690304,0.011917554434874383,-0.0059483599185605335,0.0014696633459747093
-0.0627905195293134,-0.06266661678215216,0.7023655896056566,0.9999004245080566,0.012542463578338563,-0.006259086698666814,0.0016283456920926868
-0.0659255979513777,-0.06578217954614109,0.7026077106791481,0.9998901186925725,0.013167014265465552,-0.006569453918899806,0.0017951466496276866
-0.06906002571440566,-0.0688951453423189,0.7028615722910047,0.999879290324118,0.01379118859668171,-0.006879443895297935,0.001970063379761794
-0.07219377188286072,-0.0720053912761262,0.7031271644192048,0.9998679365733545,0.014414968675904838,-0.007189038986790264,0.0021530929059022526
-0.07532680552793264,-0.07511279456037845,0.7034044765786258,0.9998560544801728,0.015038336610731855,-0.007498221597205956,0.002344232113782273
-0.07845909572784489,-0.07821723252011538,0.7036934978214587,0.9998436409538057,0.015661274512629757,-0.007806974177279397,0.0025434777515645083
-0.08159061156815753,-0.08131858259744178,0.7039942167376396,0.9998306927729452,0.0162837644971289,-0.008115279226650108,0.0027508264299492572
-0.08472132214207322,-0.08441672235636673,0.7043066214553007,0.999817206585866,0.016905788684020057,-0.008423119295857954,0.0029662746222885073
-0.0878511965507432,-0.08751152948763806,0.7046306996412384,0.9998031789105509,0.01752732919755487,-0.008730476988333204,0.003189818664701761
-0.09098020390356996,-0.09060288181356874,0.7049664385014012,0.9997886061348252,0.018148368166649106,-0.009037334962380829,0.003421454756198618
-0.09410831331851417,-0.09369065729286218,0.7053138247813934,0.9997734845164932,0.0187688877250904,-0.00934367593315966,0.003661178958803532
-0.09723549392239922,-0.09677473402543002,0.7056728447669998,0.99975781018348,0.0193888700117492,-0.009649482674655476,0.003908987197686695
-0.10036171485121502,-0.09985499025720365,0.7060434842847259,0.9997415791339798,0.020008297170793502,-0.00995473802164807,0.004164875261297242
-0.10348694525042246,-0.10293130438494061,0.7064257287023583,0.9997247872366065,0.0206271513519076,-0.01025942487167209,0.004428838801502498
-0.10661115427525988,-0.1060035549610273,0.706819562929542,0.9997074302305528,0.021245414710515463,-0.010563526186971779,0.004700873333729609
-0.10973431109104503,-0.10907162069827106,0.7072249714183757,0.99968950372575,0.021863069408007325,-0.010867024996448585,0.004980974237112
-0.11285638487348171,-0.11213538047469061,0.7076419381640269,0.9996710032030367,0.022480097611971613,-0.01116990439760245,0.005269136754640237
-0.11597734480896141,-0.11519471333829534,0.708070446705362,0.9996519240143288,0.02309648149643035,-0.011472147558465595,0.005565355993316548
-0.11909716009486959,-0.1182494985118622,0.7085104801255977,0.9996322613827984,0.023712203242080038,-0.011773737719529578,0.005869626924312651
-0.12221579993988932,-0.1212996153977036,0.7089620210529681,0.9996120104030534,0.024327245036536736,-0.012074658195664641,0.006181944383132254
-0.12533323356430437,-0.12434494358242752,0.7094250516614107,0.9995911660413248,0.024941589074585793,-0.012374892378031443,0.006502303069777335
-0.12844943020030278,-0.12738536284169102,0.7098995536712694,0.9995697231356584,0.0255552175584367,-0.012674423735985015,0.006830697548917552
-0.13156435909228245,-0.13042075314494844,0.7103855083500177,0.9995476763961105,0.026168112697983328,-0.012973235818970901,0.007167122250064565
-0.13467798949715237,-0.13345099466018756,0.710882896512997,0.9995250204049492,0.026780256711068425,-0.013271312258412707,0.0075115714677489506
-0.13779029068463808,-0.13647596775866264,0.7113916985241742,0.99950174961686,0.02739163182375429,-0.01356863676959165,0.007864039361700909
-0.1409012319375827,-0.13949555301961467,0.711911894296917,0.9994778583591579,0.028002220270597917,-0.013865193153517082,0.008224519957035593
-0.144010782552252,-0.14250963123498792,0.7124434632947871,0.9994533408320013,0.02861200429493238,-0.014160965298788651,0.008593007144440454
-0.14711891183863726,-0.1455180834141358,0.7129863845323507,0.9994281911086144,0.029220966149153448,-0.014455937183449234,0.008969494680367444
-0.15022558912075717,-0.14852079078851757,0.7135406365760071,0.9994024031355105,0.02982908809501162,-0.014750092876828623,0.009353976187227667
-0.15333078373696055,-0.15151763481638691,0.7141061975448344,0.9993759707327247,0.03043635240391022,-0.015043416541377962,0.00974644515358977
-0.1564344650402308,-0.15450849718747367,0.7146830451114539,0.9993488875940463,0.03104274135720963,-0.01533589243449472,0.010146894934382165
-0.1595366023984863,-0.1574932598276524,0.7152711565029115,0.9993211472872608,0.03164823724653679,-0.01562750491033761,0.0105553187510974
-0.1626371651948834,-0.16047180490360455,0.7158705085015766,0.9992927432543934,0.03225282237410135,-0.015918238421631738,0.010971709692000767
-0.16573612282811975,-0.16344401482747128,0.7164810774460586,0.9992636688119595,0.03285647905301795,-0.016208077521463776,0.011396060712341685
-0.16883344471273393,-0.1664097722614934,0.7171028392321406,0.9992339171512173,0.03345918960763424,-0.01649700686506629,0.011828364634567923
-0.1719291002794094,-0.16936896012264557,0.7177357693137323,0.9992034813384292,0.034060936373865966,-0.016785011211592205,0.012268614148542715
-0.17502305897527617,-0.17232146158725864,0.7183798427038378,0.9991723543151229,0.03466170169953826,-0.0170720754258781,0.012716801811766617
-0.17811529026421027,-0.17526716009562965,0.7190350339755425,0.9991405288983632,0.035261467944732956,-0.017358184480196687,0.013172920049599081
-0.1812057636271373,-0.1782059393566253,0.7197013172630164,0.9991079977810228,0.03586021748214338,-0.017643323455998394,0.013636961155485497
-0.1842944485623333,-0.18113768335227282,0.7203786662625367,0.9990747535320618,0.03645793269743548,-0.017927477545641585,0.014108917291186534
-0.1873813145857244,-0.18406227634233877,0.7210670542335245,0.999040788596811,0.03705459598961541,-0.01821063205411116,0.014588780487009297
-0.19046633123118992,-0.18697960286890025,0.7217664539996016,0.9990060952972585,0.03765018977140476,-0.01849277240072592,0.015076542642041352
-0.19354946805086032,-0.1898895477609006,0.7224768379496627,0.9989706658323428,0.03824469646962183,-0.0187738841208336,0.015572195524388361
-0.19663069461541993,-0.19279199613869813,0.7231981780389656,0.9989344922782507,0.038838098525570894,-0.019053952867494447,0.016075730771412857
-0.19970998051440692,-0.1956868334186011,0.7239304457902389,0.9988975665887181,0.03943037839543814,-0.01933296441315227,0.016587139889976923
-0.20278729535651263,-0.19857394531739042,0.7246736122948056,0.998859880595338,0.04002151855069458,-0.019610904651293237,0.017106414256685416
-0.20586260876988127,-0.20145321785683126,0.7254276482137247,0.9988214260078708,0.04061150147850655,-0.019887759598092056,0.017633545118133493
-0.20893589040241167,-0.2043245373681745,0.7261925237789493,0.9987821944145612,0.04120030968215383,-0.020163515394045775,0.018168523591154645
-0.21200710992205443,-0.20718779049664185,0.7269682087945013,0.9987421772824593,0.04178792568145451,-0.020438158305594194,0.01871134066307212
-0.2150762370171134,-0.21004286420590312,0.7277546726376649,0.9987013659577453,0.04237433201319802,-0.02071167472672768,0.019261987191952077
-0.21814324139654262,-0.21288964578253636,0.7285518842601941,0.9986597516660618,0.04295951123158513,-0.02098405118058138,0.01982045390685838
-0.221208092790247,-0.21572802284047934,0.7293598121895392,0.9986173255128463,0.04354344590867609,-0.021255274321016284,0.020386731408109992
-0.2242707609493811,-0.21855788332546633,0.7301784245300887,0.9985740784836735,0.04412611863484629,-0.021525330934186685,0.02096081016753968
-0.22733121564664657,-0.22137911551945086,0.7310076889644292,0.9985300014445978,0.04470751201924948,-0.021794207940093686,0.02154268052875505
-0.23038942667659054,-0.22419160804501603,0.7318475727546208,0.9984850851425043,0.04528760869028891,-0.02206189239412492,0.022132332707401177
-0.2334453638559054,-0.22699524986977332,0.7326980427434897,0.9984393202054614,0.04586639129609671,-0.022328371488580353,0.022729756791424464
-0.23649899702372468,-0.22978993031074388,0.7335590653559367,0.99839269714308,0.04644384250502054,-0.02259363255418345,0.02333494274133895
-0.23955029604192166,-0.23257553903872896,0.7344306066002635,0.9983452063468766,0.04701994500611865,-0.02285766306157825,0.023947880390493115
-0.2425992307954075,-0.2353519660826663,0.735312632069514,0.9982968380906416,0.04759468150966306,-0.02312045062281172,0.024568559445339106
-0.24564577119242642,-0.2381191018339696,0.7362051069428333,0.9982475825308118,0.0481680347476503,-0.023381982992801194,0.02519696948570345
-0.24868988716485468,-0.2408768370508575,0.737107995986841,0.9981974297068481,0.048739987474320845,-0.023642248070787297,0.02583309996505691
-0.25173154866849723,-0.24362506286266622,0.738021263557024,0.9981463695416167,0.04931052246668657,-0.02390123390177143,0.02647694021078913
-0.2547707256833823,-0.24636367077414587,0.7389448735991423,0.9980943918417771,0.049879622525065975,-0.024158928677938056,0.02712847942448173
-0.25780738821405985,-0.24909255266974534,0.7398787896506529,0.9980414862981727,0.050447270473628354,-0.024415320740061787,0.027787706682183142
-0.26084150628989694,-0.25181160081788034,0.7408229748421493,0.9979876424862272,0.0510134491609459,-0.02467039857889878,0.028454610934684866
-0.2638730499653727,-0.25452070787518544,0.7417773918988169,0.9979328498663456,0.05157814146055392,-0.02492415083656231,0.02912918100779862
-0.2669019893203756,-0.2572197668907532,0.7427420031419043,0.9978770977843194,0.052141330271520014,-0.025176566307882776,0.02981140560263386
-0.2699282944604964,-0.2599086713103547,0.7437167704902115,0.9978203754717373,0.05270299851902083,-0.02542763394175123,0.03050127329587624
-0.2729519355173251,-0.2625873149806477,0.7447016554615924,0.9977626720463989,0.05326312915492812,-0.02567734284244722,0.031198772540067844
-0.27597288264874564,-0.26525559215336686,0.7456966191744749,0.9977039765127363,0.053821705158402726,-0.025925682270949987,0.031903891663886116
-0.2789911060392294,-0.2679133974894984,0.7467016223493955,0.9976442777622363,0.05437870953649698,-0.026172641646233247,0.0326166188724249
-0.2820065759001294,-0.2705606260634378,0.7477166253105493,0.9975835645738705,0.05493412532476572,-0.026418210546543277,0.033336942247475486
-0.2850192624699761,-0.27319717336713445,0.7487415879873573,0.9975218256145291,0.05548793558788628,-0.026662378710660493,0.03406484974780831
-0.288029136014769,-0.27582293531421487,0.7497764699160485,0.9974590494394584,0.0560401234202861,-0.02690513603914371,0.03480032920945417
-0.2910361668282719,-0.278437808244094,0.7508212302412562,0.9973952244927043,0.056590671946779726,-0.027146472595557684,0.035543368345986794
-0.294040325232304,-0.2810416889260653,0.7518758277176314,0.9973303391075605,0.05713956432321366,-0.02738637860768313,0.03629395474880441
-0.2970415815770348,-0.28363447456337804,0.7529402207114717,0.9972643815070201,0.057686783737120544,-0.027624844468709643,0.037052075887413216
-0.30003990624127613,-0.2862160627972953,0.7540143672023641,0.9971973398042339,0.058232313408381385,-0.02786186073841099,0.037817719109709234
-0.3030352696327741,-0.2887863517111338,0.7550982247848449,0.9971292020029705,0.058776136589896416,-0.028097418144302742,0.038590871642260965
-0.30602764218850065,-0.2913452398342879,0.7561917506700718,0.9970599559980848,0.05931823656826458,-0.02833150758278216,0.03937152059059039
-0.3090169943749474,-0.29389262614623646,0.7572949016875157,0.9969895895759887,0.05985859666447202,-0.02856412012025031,0.0401596529394573
-0.31200329668841487,-0.29642841008052956,0.7584076342866632,0.9969180904151265,0.060397200234588444,-0.028795246994215783,0.04095525555313997
-0.3149865196553046,-0.2989524915287592,0.7595299045387368,0.9968454460864564,0.060934030670472566,-0.029024879614380585,0.041758315175716494
-0.317966633832411,-0.30146477084451234,0.7606616681384287,0.996771644053936,0.061469071400486165,-0.02925300956370758,0.04256881843134713
-0.3209436098072096,-0.3039651488473027,0.7618028804056494,0.9966966716750126,0.062002305890216124,-0.029479628599469385,0.04338675182455318
-0.3239174181981493,-0.3064535268264881,0.7629534962872928,0.996620516201118,0.06253371764320591,-0.029704728654278797,0.0442121017404993
-0.3268880296549426,-0.3089298065451672,0.7641134703590143,0.9965431647781688,0.06306329020169506,-0.029928301837100643,0.04504485444527217
-0.32985541485885306,-0.31139389024405634,0.7652827568270236,0.9964646044470702,0.06359100714736693,-0.03015034043424441,0.04588499608615856
-0.3328195445229866,-0.3138456806453501,0.766461309529893,0.9963848221442262,0.06411685210210569,-0.03037083691033834,0.04673251269192531
-0.33578038939258065,-0.31628508095656216,0.7676490819403798,0.9963038047020539,0.06464080872876152,-0.030589783909284296,0.047587390173095684
-0.3387379202452912,-0.31871199487434465,0.7688460271672631,0.9962215388495019,0.06516286073192368,-0.03080717425519326,0.04844961432222607
-0.34169210789148335,-0.32112632658829215,0.770052097957195,0.9961380112125744,0.06568299185870312,-0.031023000953301835,0.04931917081418133
-0.3446429231745171,-0.32352798078472217,0.7712672466965658,0.9960532083148591,0.06620118589952244,-0.031237257190868922,0.050196045206410224
-0.3475903369710369,-0.32591686265043923,0.7724914254133834,0.9959671165780634,0.06671742668891503,-0.03144993633805328,0.051080222939217615
-0.35053432019125913,-0.32829287787647826,0.7737245857791688,0.9958797223225485,0.06723169810633219,-0.03166103194877106,0.05197168933603821
-0.35347484377925725,-0.330655932661826,0.7749666791108621,0.9957910117678763,0.06774398407695843,-0.03187053776153367,0.05287042960370722
-0.35641187871325064,-0.3330059337171257,0.7762176563727453,0.995700971033356,0.06825426857253548,-0.03207844770026587,0.05377642883272935
-0.35934539600589066,-0.33534278826835995,0.7774774681783783,0.9956095861385963,0.06876253561219421,-0.03228475587510368,0.054689671997549136
-0.36227536670454547,-0.337666404060512,0.7787460647925478,0.9955168430040652,0.06926876926329475,-0.03248945658317228,0.05561014395681667
-0.3652017618915876,-0.33997668936120945,0.7800233961332319,0.9954227274516511,0.06977295364227504,-0.03269254430934361,0.05653782945365433
-0.36812455268467803,-0.34227355296434436,0.7813094117735765,0.9953272252052311,0.070275072915507,-0.0328940137269738,0.05747271311592024
-0.3710437102370509,-0.34455690419367413,0.7826040609438859,0.9952303218912442,0.07077511130016115,-0.033093859698619915,0.05841477945647117
-0.37395920573780034,-0.3468266529064024,0.7839072925336279,0.9951320030392681,0.0712730530650793,-0.033292077276736526,0.059364012873424236
-0.3768710104121628,-0.3490827094967364,0.7852190550934506,0.9950322540826025,0.07176888253165477,-0.0334886617043513,0.060320397650414505
-0.37977909552180106,-0.35132498489942454,0.7865392968372142,0.9949310603588561,0.07226258407472054,-0.03368360841572005,0.06128391795685467
-0.3826834323650897,-0.35355339059327373,0.7878679656440357,0.9948284071105398,0.07275414212344596,-0.03387691303696098,0.062254557848189694
-0.38558399227739654,-0.35576783860464267,0.7892050090603453,0.9947242794856642,0.07324354116224005,-0.034068571386667905,0.06323230126615033
-0.3884807466313659,-0.35796824151091544,0.7905503743019582,0.9946186625383415,0.07373076573166336,-0.0342585794765025,0.06421713203900635
-0.3913736668372024,-0.36015451244395347,0.7919040082561584,0.9945115412293954,0.07421580042934736,-0.034446933511765594,0.06520903388181579
-0.39426272434295107,-0.3623265650935234,0.7932658574837954,0.9944029004269713,0.07469862991092081,-0.03463362989194694,0.06620799039667305
-0.3971478906347805,-0.3644843137107057,0.7946358682213933,0.9942927249071561,0.07517923889094437,-0.03481866521125404,0.06721398507295503
-0.40002913723726485,-0.36662767311128014,0.7960139863832743,0.9941809993546006,0.0756576121438522,-0.035002036259119525,0.06822700128756534
-0.4029064357136628,-0.3687565586790871,0.7974001575636926,0.9940677083631481,0.0761337345049007,-0.035183740020686916,0.06924702230517465
-0.4057797576661999,-0.3708708863693696,0.7987943270389839,0.9939528364364671,0.07660759087112518,-0.035363773677275064,0.07027403127846213
-0.40864907473634904,-0.3729705727120911,0.8001964397697244,0.9938363679886912,0.07707916620230301,-0.03554213460682092,0.07130801124835165
-0.41151435860510854,-0.3750555348152297,0.8016064404029043,0.9937182873450615,0.07754844552192407,-0.03571882038430056,0.07234894514424584
-0.41437558099328414,-0.377125690368052,0.8030242732741131,0.9935985787425762,0.07801541391816845,-0.035893828782128545,0.07339681578426059
-0.4172327136617651,-0.3791809576443609,0.8044498824097364,0.9934772263306453,0.07848005654489064,-0.036067157770535235,0.07445160587545425
-0.4200857284118063,-0.38122125550572405,0.8058832115291668,0.9933542141717493,0.078942358622611,-0.036238805517922676,0.0755132980140554
-0.42293459708530357,-0.3832465034046752,0.8073242040470249,0.9932295262421051,0.07940230543951328,-0.036408770391197845,0.07658187468568835
-0.42577929156507277,-0.38525662138789474,0.8087728030753931,0.9931031464323355,0.07985988235244956,-0.03657705095608442,0.07765731826559549
-0.42861978377512827,-0.3872515300993669,0.8102289514260627,0.9929750585481446,0.08031507478795115,-0.03674364597741217,0.07873961101885882
-0.43145604568095874,-0.3892311507835116,0.8116925916127897,0.9928452463109991,0.0807678682432461,-0.03690855441938418,0.07982873510061644
-0.4342880492898046,-0.3911954052882941,0.8131636658535663,0.9927136933588148,0.081218248287283,-0.03707177544582195,0.08092467255627858
-0.4371157666509327,-0.39314421606830935,0.8146421160728996,0.9925803832466474,0.0816662005617608,-0.03723330842038796,0.08202740532173902
-0.43993916985591514,-0.39507750618784526,0.8161278839041071,0.9924452994473912,0.08211171078216545,-0.037393152906786305,0.08313691522358632
-0.44275823103890133,-0.3969951993239176,0.8176209106916184,0.9923084253524799,0.08255476473881117,-0.03755130866894037,0.08425318397930977
-0.44557292237689633,-0.3988972197692856,0.8191211374932926,0.9921697442725961,0.08299534829788932,-0.037707775671148566,0.08537619319750471
-0.4483832160900321,-0.40078349243543826,0.8206285050827443,0.9920292394383846,0.0834334474025214,-0.03786255407821713,0.0865059243780735
-0.45118908444184513,-0.4026539428555611,0.8221429539516822,0.9918868940011715,0.0838690480738189,-0.03801564425557072,0.08764235891242507
-0.4539904997395467,-0.4045084971874737,0.8236644243122581,0.9917426910336888,0.08430213641194775,-0.03816704676934003,0.08878547808366972
-0.45678743433429925,-0.40634708221654686,0.825192856099427,0.9915966135308053,0.084732698597199,-0.038316762386427075,0.08993526306681432
-0.4595798606214878,-0.408169625358592,0.8267281889733197,0.9914486444102624,0.08516072089106427,-0.038464792074547546,0.09109169492895164
-0.4623677510409916,-0.4099760546627261,0.8282703623216227,0.9912987665134155,0.08558618963731619,-0.038611137002250474,0.09225475462944742
-0.46515107807745837,-0.4117662988142138,0.8298193152619731,0.9911469626059821,0.08600909126309447,-0.03875579853891526,0.09342442302012645
-0.46792981426057323,-0.41354028713728086,0.8313749866443607,0.9909932153787939,0.08642941227999618,-0.03889877825472556,0.09460068084545369
-0.47070393216533263,-0.4152979495979064,0.8329373150535436,0.9908375074485566,0.08684713928517133,-0.03904007792062072,0.09578350874271309
-0.473473404412312,-0.41703921680658557,0.8345062388114709,0.9906798213586139,0.08726225896242264,-0.03917969950822393,0.09697288724218382
-0.4762382036679392,-0.41876402002107094,0.8360816959797194,0.990520139579718,0.08767475808331016,-0.03931764518974777,0.09816879676731369
-0.47899830264476095,-0.4204722911490845,0.8376636243619372,0.9903584445108062,0.08808462350825977,-0.039453917337876634,0.09937121763488806
-0.481753674101715,-0.42216396275100737,0.8392519615063009,0.9901947184797831,0.08849184218767635,-0.039588518525626115,0.10058013005519927
-0.4845042908443979,-0.42383896804254156,0.8408466447079798,0.9900289437443072,0.08889640116306083,-0.039721451526179646,0.10179551413220943
-0.48725012572533205,-0.4254972408973458,0.8424476110116113,0.989861102492587,0.08929828756813069,-0.03985271931270186,0.10301734986371142
-0.4899911516442365,-0.4271387158496476,0.8440547972137872,0.9896911768441796,0.08969748862994516,-0.0399823250581291,0.10424561714148885
-0.49272734154829173,-0.4287633280968262,0.8456681398655482,0.9895191488507961,0.09009399167003299,-0.040110272134936634,0.10548029575147055
-0.49545866843240755,-0.4303710135019718,0.8472875752748887,0.9893450004971143,0.0904877841055244,-0.04023656411488301,0.10672136537388319
-0.4981851053394907,-0.4319617085964175,0.8489130395092717,0.9891687137015969,0.09087885345028604,-0.040361204768731354,0.10796880558340148
-0.5009066253607095,-0.43353535058224485,0.8505444683981526,0.9889902703173142,0.09126718731605908,-0.040484198065947385,0.10922259584929397
-0.5036232016357607,-0.43509187733476273,0.8521817975355125,0.9888096521327755,0.09165277341360041,-0.04060554817437439,0.11048271553556809
-0.5063348073531322,-0.4366312274049599,0.8538249622824001,0.9886268408727644,0.09203559955382623,-0.04072525945988506,0.1117491439011092
-0.5090414157503712,-0.43815334002193174,0.8554738977694855,0.988441818199181,0.09241565364895904,-0.040843336486010386,0.11302186009982078
-0.5117430001143447,-0.43965815509527795,0.8571285388996182,0.9882545657118917,0.09279292371367641,-0.04095978401354519,0.11430084318075748
-0.5144395337815064,-0.4411456132174766,0.8587888203504003,0.9880650649495821,0.09316739786626259,-0.041074607000130686,0.11558607208825927
-0.517130990138157,-0.44261565566622746,0.8604546765767624,0.9878732973906202,0.0935390643297617,-0.04118781059981386,0.11687752566207915
-0.5198173426207094,-0.44406822440677224,0.8621260418135537,0.987679244453921,0.09390791143313368,-0.0412994001625838,0.11817518263751095
-0.5224985647159487,-0.4455032620941838,0.863802850078136,0.9874828874998229,0.09427392761241124,-0.04140938123388485,0.11947902164551252
-0.5251746299612954,-0.44692071207563167,0.8654850351729901,0.9872842078309649,0.09463710141185903,-0.041517759554106776,0.12078902121282648
-0.5278455119450662,-0.44832051839261783,0.8671725306883296,0.9870831866931756,0.0949974214851341,-0.04162454105805174,0.12210515976209946
-0.5305111843067337,-0.4497026257831853,0.86886527000472,0.9868798052763632,0.09535487659644734,-0.041729731874378236,0.12342741561199552
-0.5331716207371885,-0.4510669796841013,0.8705631862957123,0.9866740447154164,0.0957094556217267,-0.04183333832502205,0.124755766977312
-0.5358267949789963,-0.4524135262330096,0.8722662125304781,0.9864658860911095,0.09606114754978055,-0.0419353669245941,0.12609019196908622
-0.5384766808266601,-0.4537422122705584,0.8739742814764582,0.9862553104310141,0.09640994148346244,-0.042035824379755386,0.1274306685947057
-0.5411212521268756,-0.4550529853424977,0.8756873257020147,0.9860422987104176,0.09675582664083601,-0.04213471758856863,0.128777174758012
-0.5437604827787925,-0.4563457937017514,0.8774052775790954,0.9858268318532488,0.09709879235634049,-0.04223205363982765,0.13012968825940252
-0.5463943467342689,-0.45762058631045865,0.8791280692859011,0.985608890733009,0.09743882808195609,-0.04232783981236288,0.131488186795931
-0.5490228179981314,-0.4588773128419904,0.8808556328095657,0.9853884561737102,0.09777592338837005,-0.042422083574324865,0.13285264796140459
-0.5516458706284301,-0.4601159236829351,0.8825878999488392,0.98516550895082,0.09811006796614159,-0.042514792582444345,0.13422304924647863
-0.5542634787366938,-0.4613363699350573,0.8843248023167809,0.9849400297922137,0.09844125162686707,-0.042605974681269684,0.13559936803874845
-0.556875616488188,-0.46253860341722897,0.8860662713434597,0.9847119993791313,0.09876946430434466,-0.04269563790238157,0.13698158162284127
-0.5594822581021671,-0.4637225766673307,0.88781223827866,0.9844813983471432,0.09909469605573767,-0.04278379046358487,0.13836966718050142
-0.5620833778521306,-0.46488824294412573,0.8895626341945967,0.9842482072871207,0.09941693706273756,-0.04287044076807777,0.13976360179067837
-0.5646789500660768,-0.4660355562291054,0.8913173899886362,0.9840124067462158,0.09973617763272528,-0.042955597403598535,0.14116336242960856
-0.5672689491267561,-0.4671644712283059,0.8930764363860246,0.9837739772288452,0.1000524081999316,-0.043039269141549236,0.14256892597089682
-0.5698533494719236,-0.46827494337409614,0.8948397039426222,0.9835328991976817,0.10036561932659566,-0.043121464936097295,0.14398026918559542
-0.5724321255945906,-0.4693669288269369,0.8966071230476447,0.9832891530746544,0.10067580170412169,-0.04320219392325419,0.14539736874228162
-0.5750052520432785,-0.4704403844771127,0.8983786239264125,0.9830427192419521,0.10098294615423423,-0.043281465419932094,0.1468202012071322
-0.5775727034222673,-0.47149526794643215,0.9001541366431038,0.9827935780430381,0.10128704363013039,-0.043359288922977926,0.14824874304399593
-0.5801344543918493,-0.47253153758990246,0.9019335911035172,0.9825417097836668,0.10158808521763074,-0.043435674108184955,0.14968297061446698
-0.5826904796685758,-0.4735491524973721,0.9037169170578371,0.9822870947329125,0.10188606213632646,-0.04351063082928244,0.15112286017795173
-0.58524075402551,-0.47454807249514736,0.9055040441034086,0.9820297131241997,0.10218096574072486,-0.04358416911690285,0.15256838789173902
-0.5877852522924729,-0.47552825814757677,0.9072949016875157,0.9817695451563451,0.10247278752139091,-0.04365629917752702,0.15401952981106462
-0.5903239493562942,-0.4764896707586094,0.9090894191101676,0.9815065709946036,0.1027615191060864,-0.04372703139240734,0.1554762618891767
-0.5928568201610591,-0.47743227237332153,0.9108875255268895,0.9812407707717228,0.103047152260905,-0.043796376316468925,0.1569385599773985
-0.5953838397083546,-0.4783560257794152,0.9126891499515183,0.980972124589003,0.10332967889140397,-0.04386434467718868,0.15840639982518992
-0.5979049830575188,-0.47926089450868803,0.9144942212590071,0.9807006125173657,0.10360909104373232,-0.04393094737345299,0.15987975708020813
-0.6004202253258838,-0.48014684283847153,0.9163026681882311,0.9804262145984288,0.1038853809057543,-0.04399619547439325,0.16135860728836562
-0.6029295416890247,-0.481013835793043,0.9181144193448024,0.9801489108455879,0.10415854080816929,-0.04406010021819994,0.16284292589388993
-0.6054329073810012,-0.4818618391450049,0.9199294032038873,0.9798686812451057,0.10442856322562659,-0.04412267301091512,0.16433268823937788
-0.6079302976946054,-0.48269081941663705,0.921747548113031,0.9795855057572079,0.10469544077783594,-0.044183925425203406,0.16582786956585346
-0.6104216879816023,-0.48350074388121755,0.9235687822949853,0.9792993643171867,0.104959166230673,-0.04424386919910151,0.16732844501282132
-0.6129070536529762,-0.4842915805643156,0.9253930338505434,0.9790102368365101,0.10521973249727974,-0.044302516234746736,0.16883438961832103
-0.615386370179171,-0.4850632982450529,0.9272202307613775,0.9787181032039406,0.10547713263915927,-0.044359878597083936,0.17034567831898034
-0.6178596130903341,-0.485815866457337,0.9290503008928824,0.9784229432866589,0.10573135986726541,-0.044415968512551765,0.17186228595006697
-0.6203267579765559,-0.4865492554910633,0.9308831719970229,0.9781247369313942,0.10598240754308622,-0.04447079836774737,0.17338418724554164
-0.6227877804881126,-0.4872634363932887,0.9327187717151858,0.977823463965566,0.10623026917972178,-0.04452438070807098,0.17491135683810785
-0.6252426563357051,-0.4879583809693738,0.9345570275810373,0.977519104198427,0.10647493844295537,-0.04457672823634907,0.17644376925926378
-0.6276913612907002,-0.48863406178409674,0.9363978670233836,0.9772116374222171,0.10671640915231875,-0.044627853811437065,0.17798139893935355
-0.6301338711853688,-0.48929045216273603,0.9382412173690354,0.9769010434133232,0.10695467528215026,-0.04467777044680164,0.17952422020761707
-0.6325701619131243,-0.4899275261921235,0.9400870058456778,0.9765873019334472,0.1071897309626462,-0.04472649130908239,0.18107220729224027
-0.6350002094287603,-0.49054525872166704,0.9419351595847417,0.9762703927307793,0.1074215704809052,-0.04477402971663318,0.1826253343204059
-0.6374239897486896,-0.49114362536434436,0.9437856056242826,0.9759502955411795,0.10765018828196526,-0.04482039913804361,0.18418357531834384
-0.6398414789511782,-0.4917226024976648,0.9456382709118587,0.9756269900893675,0.10787557896983305,-0.04486561319063988,0.18574690421138193
-0.6422526531765843,-0.4922821672646027,0.9474930823074172,0.9753004560901165,0.10809773730850568,-0.044909685638966204,0.18731529482399792
-0.6446574886275912,-0.492822297574499,0.9493499665861798,0.9749706732494576,0.10831665822298404,-0.04495263039324621,0.18888872087986833
-0.6470559615694443,-0.493342972103934,0.9512088504415349,0.9746376212658889,0.10853233680027868,-0.044994461507824476,0.19046715600192415
-0.6494480483301835,-0.4938441702975688,0.9530696604879306,0.9743012798315933,0.1087447682904064,-0.04503519317958889,0.19205057371240059
-0.6518337253008785,-0.4943258723689569,0.9549323232637726,0.9739616286336616,0.1089539481073788,-0.04507483974637321,0.1936389474328926
-0.654212968935861,-0.4947880593013254,0.9567967652343243,0.9736186473553253,0.10915987183018142,-0.04511341568534076,0.19523225048440812
-0.6565857557529562,-0.49523071284832554,0.9586629127946085,0.9732723156771933,0.10936253520374437,-0.04515093561134849,0.19683045608742405
-0.6589520623337168,-0.49565381553475324,0.9605306922723152,0.9729226132784987,0.10956193413990303,-0.045187414275292534,0.19843353736194227
-0.661311865323652,-0.4960573506572389,0.9624000299307088,0.9725695198383508,0.10975806471834955,-0.04522286656243467,0.20004146732754846
-0.6636651414324585,-0.4964413022849068,0.9642708519715391,0.9722130150369944,0.10995092318757442,-0.045257307490710136,0.201654218903469
-0.6660118674342514,-0.4968056552600041,0.9661430845379554,0.9718530785570771,0.1101405059657981,-0.04529075220901697,0.20327176490863402
-0.668352020167793,-0.4971503951984994,0.9680166537174221,0.971489690084922,0.11032680964189241,-0.045323215995486735,0.20489407806173932
-0.6706855765367199,-0.49747550849065,0.9698914855446354,0.9711228293118093,0.11050983097629133,-0.04535471425573742,0.20652113098130792
-0.6730125135097731,-0.4977809823015399,0.9717675060044455,0.9707524759352625,0.11068956690189145,-0.04538526252110797,0.20815289618575886
-0.675332808121024,-0.49806680457158614,0.9736446410347768,0.9703786096603445,0.11086601452494112,-0.045414876446874905,0.20978934609347355
-0.6776464374701021,-0.4983329640170149,0.9755228165295526,0.9700012102009581,0.11103917112591871,-0.04544357181045154,0.2114304530228654
-0.6799533787224192,-0.4985794501303069,0.9774019583416201,0.9696202572811539,0.11120903416039961,-0.04547136450956911,0.21307618919245272
-0.6822536091093966,-0.4988062531806126,0.9792819922856784,0.9692357306364465,0.11137560125991142,-0.04549827056044095,0.21472652672093326
-0.6845471059286887,-0.49901336421413583,0.981162844141206,0.9688476100151365,0.11153887023277752,-0.04552430609590945,0.2163814376272593
-0.6868338465444082,-0.49920077505448757,0.9830444396553926,0.9684558751796379,0.11169883906494862,-0.04554948736357549,0.21804089383072023
-0.6891138083873483,-0.4993684783030088,0.9849267045460689,0.9680605059078158,0.1118555059208223,-0.04557383072391161,0.21970486715102303
-0.6913869689552063,-0.4995164673390624,0.9868095645046405,0.9676614819943267,0.11200886914404945,-0.04559735264835804,0.22137332930837822
-0.6936533058128048,-0.4996447363202947,0.9886929451990195,0.9672587832519693,0.11215892725832882,-0.04562006971740251,0.22304625192358685
-0.6959127965923143,-0.49975328018286586,0.9905767722765615,0.9668523895130386,0.11230567896818838,-0.04564199861864368,0.2247236065181342
-0.6981654189934725,-0.4998420946416501,0.9924609713669986,0.9664422806306899,0.1124491231597535,-0.04566315614483813,0.22640536451428306
-0.7004111507838064,-0.4999111761904046,0.9943454680853776,0.9660284364803063,0.11258925890150184,-0.045683559191932226,0.22809149723517216
-0.7026499697988491,-0.4999605221019081,0.9962301880349941,0.9656108369608748,0.11272608544500505,-0.04570322475707704,0.2297819759049184
-0.7048818539423615,-0.49999013042806856,0.9981150568103324,0.9651894619963678,0.11285960222565627,-0.0457221699366291,0.23147677164872205
-0.7071067811865475,-0.5,0.9999999999999999,0.9647642915371328,0.11298980886338396,-0.045740411924134625,0.23317585549297484
-0.7093247295722737,-0.49999013042806856,1.0018849431896675,0.9643353055612851,0.1131167051633516,-0.04575796800829925,0.234879198365376
-0.7115356772092853,-0.4999605221019081,1.0037698119650058,0.9639024840761106,0.11324029111664291,-0.0457748555709427,0.23658677109504836
-0.7137396022764212,-0.4999111761904046,1.0056545319146224,0.9634658071194723,0.11336056690093238,-0.0457910920849387,0.2382985444126584
-0.7159364830218312,-0.4998420946416501,1.0075390286330013,0.9630252547612244,0.11347753288114149,-0.0458066951121402,0.2400144889505458
-0.718126297763189,-0.4997532801828659,1.0094232277234387,0.9625808071046321,0.11359118961007933,-0.045821682301290745,0.24173457524285152
-0.7203090248879069,-0.4996447363202947,1.0113070548009804,0.9621324442877968,0.11370153782906844,-0.04583607138592109,0.24345877372565444
-0.7224846428533498,-0.49951646733906246,1.0131904354953594,0.9616801464850891,0.11380857846855517,-0.045849880182232704,0.2451870547371113
-0.7246531301870468,-0.4993684783030088,1.015073295453931,0.9612238939085863,0.11391231264870431,-0.04586312658696691,0.24691938851760248
-0.7268144654869029,-0.4992007750544875,1.0169555603446072,0.9607636668095162,0.11401274167997802,-0.045875828575261124,0.24865574520988035
-0.7289686274214113,-0.49901336421413583,1.0188371558587939,0.9602994454797069,0.11410986706369877,-0.0458880041984914,0.2503960948592281
-0.7311155947298639,-0.4988062531806126,1.0207180077143214,0.9598312102530426,0.11420369049259596,-0.04589967158210251,0.2521404074136187
-0.73325534622256,-0.49857945013030697,1.0225980416583798,0.9593589415069249,0.11429421385133638,-0.045910848923424785,0.2538886527238825
-0.7353878607810159,-0.49833296401701493,1.0244771834704474,0.9588826196637387,0.11438143921703767,-0.045921554489478836,0.2556408005438778
-0.7375131173581742,-0.4980668045715862,1.026355358965223,0.9584022251923262,0.11446536885976547,-0.04593180661476762,0.2573968205306719
-0.7396310949786098,-0.49778098230153994,1.0282324939955543,0.9579177386094638,0.11454600524301321,-0.04594162369905663,0.25915668224472366
-0.7417417727387392,-0.4974755084906501,1.0301085144553643,0.9574291404813462,0.11462335102416493,-0.045951024205142424,0.2609203551500732
-0.7438451298070249,-0.4971503951984994,1.0319833462825778,0.9569364114250739,0.1146974090549406,-0.045960026656609254,0.26268780861454016
-0.7459411454241822,-0.49680565526000414,1.0338569154620445,0.9564395321101483,0.11476818238182404,-0.045968649635574496,0.2644590119099262
-0.7480297989033824,-0.4964413022849068,1.0357291480284607,0.9559384832599713,0.11483567424647292,-0.04597691178042315,0.26623393421222324
-0.7501110696304596,-0.4960573506572388,1.0375999700692913,0.9554332456533479,0.11489988808611108,-0.04598483178353127,0.2680125446018323
-0.7521849370641114,-0.49565381553475324,1.0394693077276846,0.9549238001259955,0.11496082753390251,-0.04599242838897877,0.26979481206378414
-0.7542513807361039,-0.4952307128483256,1.0413370872053915,0.9544101275720601,0.11501849641930709,-0.04599972039025223,0.2715807054879721
-0.7563103802514719,-0.49478805930132547,1.0432032347656754,0.9538922089456319,0.11507289876841814,-0.0460067266279371,0.2733701936693874
-0.758361915288722,-0.494325872368957,1.0450676767362272,0.953370025262272,0.11512403880428093,-0.04601346598740069,0.2751632453083652
-0.7604059656000309,-0.49384417029756883,1.0469303395120693,0.9528435576005382,0.11517192094719265,-0.04601995739646496,0.2769598290108356
-0.7624425110114478,-0.4933429721039341,1.048791149558465,0.9523127871035183,0.11521654981498333,-0.04602621982307044,0.278759913288584
-0.7644715314230917,-0.49282229757449897,1.05065003341382,0.9517776949803679,0.11525793022327761,-0.04603227227293086,0.28056346655951925
-0.7664930068093497,-0.4922821672646027,1.0525069176925828,0.9512382625078512,0.11529606718573715,-0.046038133787179275,0.2823704571479461
-0.7685069172190767,-0.49172260249766486,1.0543617290881413,0.9506944710318856,0.11533096591428366,-0.04604382344000522,0.284180853284853
-0.7705132427757895,-0.4911436253643443,1.0562143943757176,0.9501463019690929,0.11536263181930216,-0.046049360336284095,0.28599462310819834
-0.7725119636778646,-0.49054525872166704,1.0580648404152582,0.9495937368083514,0.11539107050982461,-0.04605476360919805,0.28781173466321536
-0.7745030601987338,-0.4899275261921235,1.059912994154322,0.9490367571123538,0.11541628779369338,-0.04606005241784985,0.2896321559027161
-0.7764865126870788,-0.4892904521627361,1.0617587826309645,0.9484753445191688,0.11543828967770477,-0.046065245944868605,0.291455854687411
-0.7784623015670235,-0.4886340617840968,1.0636021329766163,0.9479094807438045,0.11545708236773201,-0.046070363394008745,0.2932827987862322
-0.7804304073383297,-0.48795838096937383,1.0654429724189627,0.9473391475797781,0.11547267226882842,-0.046075423987742115,0.29511295587666947
-0.7823908105765879,-0.48726343639328873,1.067281228284814,0.946764326900686,0.11548506598530907,-0.04608044696484326,0.29694629354511204
-0.78434349193341,-0.48654925549106337,1.069116828002977,0.9461850006617799,0.11549427032081282,-0.04608545157796859,0.2987827792872025
-0.786288432136619,-0.48581586645733704,1.0709496991071175,0.9456011509015437,0.11550029227834252,-0.0460904570912294,0.3006223805081964
-0.7882256119904403,-0.4850632982450529,1.0727797692386223,0.9450127597432751,0.11550313906028484,-0.04609548277775934,0.30246506452333394
-0.7901550123756905,-0.4842915805643156,1.0746069661494564,0.9444198093966688,0.11550281806840877,-0.04610054791727591,0.30431079855822196
-0.792076614249967,-0.4835007438812176,1.0764312177050146,0.9438222821594028,0.11549933690384297,-0.046105671793637525,0.3061595497492224
-0.7939903986478352,-0.4826908194166371,1.078252451886969,0.9432201604187282,0.11549270336703137,-0.04611087369239515,0.30801128514385223
-0.7958963466810159,-0.48186183914500497,1.0800705967961126,0.9426134266530604,0.11548292545766772,-0.046116172898339636,0.30986597170119357
-0.7977944395385709,-0.4810138357930431,1.0818855806551975,0.9420020634335723,0.11547001137460823,-0.04612158869304442,0.3117235762923135
-0.7996846584870906,-0.4801468428384716,1.0836973318117689,0.9413860534257907,0.11545396951576249,-0.04612714035240475,0.3135840657006942
-0.8015669848708765,-0.4792608945086881,1.0855057787409927,0.9407653793911952,0.11543480847796243,-0.04613284714417286,0.31544740662267123
-0.8034414001121277,-0.4783560257794153,1.0873108500484816,0.9401400241888164,0.11541253705680947,-0.04613872832548961,0.31731356566788804
-0.805307885711122,-0.4774322723733216,1.0891124744731104,0.9395099707768384,0.11538716424649928,-0.046144803140413596,0.31918250935975206
-0.8071664232464004,-0.47648967075860943,1.0909105808898323,0.938875202214202,0.11535869923962454,-0.04615109081744675,0.32105420413591074
-0.8090169943749475,-0.4755282581475769,1.0927050983124842,0.9382357016622089,0.11532715142695545,-0.046157610567057986,0.32292861634873193
-0.8108595808323733,-0.4745480724951474,1.0944959558965912,0.937591452386128,0.1152925303971972,-0.046164381579204466,0.3248057122657975
-0.812694164433094,-0.47354915249737217,1.0962830829421628,0.9369424377568022,0.1152548459367258,-0.046171423020851116,0.32668545807040766
-0.8145207270705096,-0.47253153758990235,1.0980664088964829,0.9362886412522561,0.11521410802930056,-0.04617875403348805,0.3285678198620969
-0.8163392507171837,-0.4714952679464324,1.0998458633568957,0.9356300464593058,0.1151703268557541,-0.046186393730647715,0.33045276365715825
-0.8181497174250236,-0.47044038447711267,1.1016213760735876,0.9349666370751659,0.11512351279365962,-0.046194361195419836,0.33234025538918716
-0.8199521093254524,-0.46936692882693704,1.103392876952355,0.9342983969090631,0.11507367641697505,-0.04620267547796715,0.33423026090962177
-0.8217464086295903,-0.4682749433740962,1.1051602960573776,0.9336253098838426,0.11502082849566454,-0.04621135559303923,0.3361227459883124
-0.8235325976284276,-0.46716447122830596,1.1069235636139754,0.9329473600375806,0.11496497999529633,-0.04622042051748776,0.3380176763140898
-0.8253106586929996,-0.4660355562291055,1.1086826100113636,0.9322645315251941,0.11490614207661813,-0.04622988918778097,0.3399150174953497
-0.8270805742745617,-0.4648882429441258,1.1104373658054032,0.931576808620051,0.11484432609510889,-0.046239780497519534,0.34181473506064997
-0.8288423269047617,-0.4637225766673308,1.1121877617213398,0.9308841757155799,0.1147795436005071,-0.04625011329495287,0.34371679445931774
-0.8305958991958128,-0.4625386034172289,1.1139337286565405,0.9301866173268785,0.11471180633631628,-0.04626090638049682,0.3456211610620706
-0.8323412738406631,-0.4613363699350575,1.1156751976832187,0.9294841180923242,0.11464112623928659,-0.04627217850425302,0.3475278001616458
-0.8340784336131714,-0.460115923682935,1.117412100051161,0.9287766627751783,0.11456751543887322,-0.04628394836352991,0.3494366769734515
-0.8358073613682703,-0.4588773128419905,1.1191443671904342,0.9280642362651967,0.11449098625667094,-0.04629623460036647,0.3513477566362132
-0.8375280400421417,-0.45762058631045877,1.1208719307140986,0.9273468235802313,0.11441155120582548,-0.046309055799057634,0.35326100421265283
-0.8392404526523816,-0.4563457937017515,1.1225947224209045,0.926624409867836,0.11432922299042098,-0.04632243048368343,0.3551763846901647
-0.840944582298169,-0.45505298534249783,1.1243126742979852,0.9258969804068679,0.11424401450484373,-0.046336377115640745,0.3570938629815114
-0.8426404121604322,-0.4537422122705585,1.1260257185235418,0.9251645206090886,0.11415593883312257,-0.04635091409117875,0.3590134039255302
-0.8443279255020149,-0.4524135262330099,1.1277337874695215,0.9244270160207619,0.11406500924824503,-0.04636605973893823,0.3609349722878529
-0.8460071056678423,-0.45106697968410125,1.1294368137042878,0.9236844523242497,0.11397123921144992,-0.04638183231749496,0.3628585327616384
-0.8476779360850834,-0.44970262578318543,1.1311347299952799,0.9229368153396075,0.11387464237149636,-0.04639825001290752,0.3647840499683161
-0.8493404002633165,-0.44832051839261794,1.1328274693116704,0.922184091026173,0.11377523256390837,-0.04641533093627002,0.3667114884583467
-0.850994481794692,-0.4469207120756318,1.1345149648270096,0.9214262654841565,0.11367302381019626,-0.046433093121269794,0.3686408127119925
-0.8526401643540922,-0.4455032620941839,1.136197149921864,0.9206633249562273,0.11356803031705356,-0.0464515545217509,0.37057198714009953
-0.854277431699295,-0.44406822440677235,1.137873958186446,0.9198952558290923,0.11346026647553051,-0.04647073300928275,0.37250497608489797
-0.855906267671133,-0.44261565566622757,1.1395453234232376,0.9191220446350795,0.11334974686018331,-0.046490646370735585,0.3744397438208108
-0.8575266561936523,-0.4411456132174765,1.1412111796495998,0.9183436780537108,0.11323648622819986,-0.046511312305861745,0.3763762545552786
-0.8591385812742721,-0.4396581550952783,1.1428714611003814,0.917560142913274,0.1131204995185011,-0.04653274842488411,0.3783144724295956
-0.8607420270039438,-0.4381533400219316,1.1445261022305147,0.9167714261923919,0.11300180185081876,-0.04655497224609168,0.38025436151976183
-0.862336977557304,-0.43663122740496,1.1461750377175997,0.9159775150215848,0.1128804085247492,-0.04657800119344199,0.38219588583734376
-0.8639234171928353,-0.43509187733476284,1.1478182024644874,0.9151783966848299,0.11275633501878335,-0.046601852594172,0.38413900933035555
-0.865501330253019,-0.43353535058224496,1.1494555316018473,0.9143740586211163,0.11262959698931274,-0.04662654367641646,0.38608369588414837
-0.86707070116449,-0.4319617085964177,1.1510869604907281,0.9135644884259956,0.11250021026961152,-0.046652091566835266,0.3880299093223122
-0.8686315144381911,-0.43037101350197193,1.1527124247251113,0.9127496738531254,0.11236819086879507,-0.04667851328824881,0.38997761340759823
-0.8701837546695254,-0.4287633280968263,1.1543318601344517,0.9119296028158104,0.1122335549707544,-0.04670582575728305,0.3919267718428473
-0.8717274065385089,-0.42713871584964747,1.155945202786213,0.9111042633885367,0.11209631893306705,-0.046734045782023614,0.39387734827193593
-0.8732624548099199,-0.42549724089734614,1.1575523889883885,0.9102736438085,0.1119564992858843,-0.04676319005967949,0.3958293062807353
-0.8747888843334528,-0.42383896804254145,1.1591533552920203,0.9094377324771294,0.11181411273079395,-0.04679327517425734,0.397782609398084
-0.8763066800438636,-0.4221639627510075,1.160748038493699,0.9085965179616048,0.11166917613966103,-0.046824317594245476,0.3997372210967723
-0.8778158269611216,-0.4204722911490846,1.1623363756380627,0.9077499889963662,0.11152170655344304,-0.04685633367030882,0.40169310479454523
-0.879316310190556,-0.41876402002107105,1.1639183040202805,0.9068981344846196,0.11137172118098311,-0.046889339632995054,0.4036502238551142
-0.8808081149230035,-0.4170392168065856,1.165493761188529,0.9060409434998339,0.11121923739777893,-0.046923351590451697,0.40560854158918563
-0.8822912264349531,-0.4152979495979065,1.1670626849464563,0.9051784052872328,0.11106427274472859,-0.0469583855261553,0.4075680212554999
-0.8837656300886931,-0.4135402871372812,1.1686250133556388,0.9043105092652773,0.11090684492685261,-0.04699445729665219,0.40952862606188944
-0.8852313113324553,-0.4117662988142136,1.170180684738027,0.9034372450271434,0.11074697181199342,-0.04703158262931189,0.4114903191663458
-0.8866882557005564,-0.4099760546627262,1.1717296376783772,0.90255860234219,0.11058467142949104,-0.04706977712009269,0.41345306367810225
-0.8881364488135444,-0.4081696253585921,1.1732718110266802,0.9016745711574216,0.11041996196883572,-0.047109056231320924,0.4154168226587305
-0.8895758763783379,-0.406347082216547,1.1748071439005727,0.9007851415989401,0.11025286177829768,-0.04714943528948261,0.4173815591232509
-0.8910065241883677,-0.40450849718747384,1.1763355756877418,0.8998903039733924,0.11008338936353401,-0.04719092948302963,0.4193472360412547
-0.8924283781237177,-0.4026539428555612,1.1778570460483175,0.8989900487694042,0.10991156338617217,-0.04723355386019877,0.4213138163380442
-0.8938414241512637,-0.40078349243543837,1.1793714949172556,0.8980843666590106,0.10973740266237142,-0.047277323326845824,0.42328126289578333
-0.8952456483248117,-0.39889721976928544,1.1808788625067075,0.8971732484990752,0.10956092616136105,-0.04732225264429401,0.4252495385546599
-0.8966410367852355,-0.39699519932391797,1.1823790893083814,0.8962566853326996,0.10938215300395634,-0.04736835642719688,0.42721860611406837
-0.8980275757606156,-0.3950775061878451,1.183872116095893,0.8953346683906257,0.10920110246105169,-0.047415649141417125,0.4291884283337998
-0.899405251566371,-0.39314421606830946,1.1853578839271002,0.8944071890926272,0.1090177939520922,-0.04746414510191981,0.4311589679352484
-0.900774050605398,-0.3911954052882942,1.1868363341464336,0.8934742390488914,0.10883224704352194,-0.04751385847068263,0.43313018760263083
-0.9021339593682027,-0.38923115078351167,1.1883074083872103,0.8925358100613917,0.10864448144721095,-0.047564803254621264,0.4351020499842203
-0.9034849644330347,-0.387251530099367,1.1897710485739372,0.8915918941252509,0.10845451701886011,-0.047616993303531766,0.43707451769359035
-0.9048270524660192,-0.38525662138789485,1.1912271969246067,0.8906424834300907,0.10826237375638373,-0.04767044230804913,0.43904755331087864
-0.9061602102212896,-0.38324650340467525,1.192675795952975,0.8896875703613747,0.10806807179827108,-0.04772516379762344,0.4410211193840584
-0.9074844245411169,-0.38122125550572383,1.1941167884708332,0.8887271475017384,0.10787163142192574,-0.04778117113851302,0.44299517843022573
-0.9087996823560398,-0.37918095764436127,1.1955501175902634,0.8877612076323104,0.1076730730419842,-0.04783847753179509,0.44496969293689803
-0.9101059706849957,-0.37712569036805177,1.196975726725887,0.886789743734018,0.10747241720861223,-0.04789709601139491,0.4469446253633308
-0.9114032766354452,-0.3750555348152298,1.1983935595970956,0.8858127489888861,0.10726968460578135,-0.047957039442132164,0.44891993814184145
-0.9126915874035026,-0.3729705727120912,1.1998035602302755,0.8848302167813229,0.10706489604952316,-0.04801832051778712,0.4508955936791501
-0.913970890274061,-0.3708708863693699,1.2012056729610159,0.8838421406993924,0.10685807248616355,-0.0480809517591845,0.45287155435773213
-0.9152411726209174,-0.368756558679087,1.2025998424363074,0.8828485145360769,0.10664923499053622,-0.04814494551229706,0.4548477825371845
-0.9165024219068978,-0.36662767311128025,1.2039860136167255,0.8818493322905268,0.10643840476417549,-0.04821031394636848,0.4568242405556019
-0.9177546256839808,-0.3644843137107061,1.2053641317786064,0.8808445881692957,0.1062256031334889,-0.04827706905205569,0.4588008907309722
-0.9189977715934213,-0.3623265650935232,1.2067341425162046,0.8798342765875665,0.10601085154790975,-0.048345222639591574,0.4607776953625781
-0.9202318473658703,-0.36015451244395347,1.2080959917438414,0.8788183921703627,0.10579417157802992,-0.04841478633696742,0.4627546167324132
-0.9214568408214983,-0.3579682415109157,1.2094496256980418,0.8777969297537455,0.10557558491371222,-0.04848577158813645,0.46473161710661404
-0.9226727398701148,-0.3557678386046426,1.2107949909396547,0.8767698843859998,0.10535511336218398,-0.0485581896512379,0.46670865873690015
-0.9238795325112866,-0.35355339059327384,1.2121320343559643,0.8757372513288054,0.10513277884611108,-0.04863205159684189,0.4686857038620288
-0.9250772068344578,-0.3513249848994248,1.2134607031627855,0.8746990260583956,0.10490860340165224,-0.04870736830621641,0.4706627147092615
-0.9262657510190665,-0.34908270949673637,1.2147809449065494,0.8736552042666994,0.1046826091764951,-0.04878415046961514,0.4726396534958433
-0.9274451533346614,-0.34682665290640236,1.216092707466372,0.8726057818624742,0.10445481842787327,-0.048862408584587874,0.47461648243049165
-0.9286154021410171,-0.3445569041936746,1.2173959390561138,0.8715507549724186,0.10422525352056458,-0.04894215295431256,0.4765931637149001
-0.9297764858882515,-0.34227355296434414,1.2186905882264236,0.8704901199422744,0.10399393692487126,-0.04902339368595003,0.47856965954525654
-0.9309283931169356,-0.33997668936120956,1.219976603866768,0.8694238733379142,0.10376089121458226,-0.04910614068902146,0.480545932113762
-0.9320711124582108,-0.33766640406051235,1.221253935207452,0.8683520119464103,0.1035261390649169,-0.04919040367380885,0.4825219436101747
-0.9332046326338986,-0.33534278826835995,1.2225225318216217,0.8672745327770931,0.10328970325045159,-0.04927619214977846,0.48449765622335705
-0.934328942456612,-0.3330059337171259,1.2237823436272546,0.8661914330625924,0.10305160664302901,-0.049363515424027865,0.4864730321428362
-0.9354440308298672,-0.33065593266182614,1.2250333208891377,0.8651027102598602,0.10281187220964955,-0.049452382599756886,0.4884480335603764
-0.9365498867481922,-0.32829287787647854,1.226275414220831,0.8640083620511834,0.10257052301034653,-0.04954280257476216,0.4904226226715619
-0.9376464992972358,-0.3259168626504392,1.2275085745866168,0.8629083863451769,0.10232758219604415,-0.04963478403995617,0.4923967616773916
-0.938733857653874,-0.32352798078472245,1.2287327533034342,0.8618027812777619,0.10208307300639932,-0.04972833547791072,0.49437041278587907
-0.9398119510863198,-0.32112632658829193,1.229947902042805,0.860691545213126,0.10183701876762691,-0.04982346516142488,0.4963435382136772
-0.9408807689542256,-0.31871199487434476,1.2311539728327368,0.8595746767446701,0.10158944289030955,-0.04992018115211792,0.4983161001876941
-0.9419403007087905,-0.31628508095656227,1.2323509180596202,0.8584521746959372,0.10134036886719108,-0.05001849129904772,0.5002880609467361
-0.9429905358928644,-0.31384568064535046,1.233538690470107,0.8573240381215224,0.10108982027095506,-0.05011840323735414,0.5022593827431505
-0.9440314641410498,-0.3113938902440563,1.2347172431729765,0.8561902663079696,0.10083782075198786,-0.05021992438692822,0.504230027844484
-0.9450630751798048,-0.30892980654516733,1.2358865296409856,0.8550508587746491,0.10058439403612691,-0.050323061951107015,0.5061999585351474
-0.9460853588275453,-0.3064535268264886,1.237046503712707,0.8539058152746171,0.10032956392239428,-0.05042782291539474,0.5081691371180932
-0.9470983049947445,-0.30396514884730247,1.2381971195943506,0.8527551357954579,0.1000733542807157,-0.05053421404620996,0.5101375259165007
-0.948101903684032,-0.3014647708445123,1.2393383318615714,0.851598820560113,0.09981578904962601,-0.050642241889659385,0.5121050872754676
-0.9490961449902946,-0.2989524915287595,1.2404700954612629,0.8504368700276835,0.09955689223396014,-0.050751912770338144,0.5140717835637202
-0.9500810191007719,-0.2964284100805295,1.2415923657133365,0.8492692848942232,0.09929668790253088,-0.05086323279015727,0.516037577175322
-0.9510565162951536,-0.2938926261462366,1.242705098312484,0.8480960660935073,0.09903520018579377,-0.05097620782719754,0.5180024305313977
-0.9520226269456766,-0.2913452398342882,1.243808249329928,0.8469172147977873,0.09877245327349818,-0.05109084353459177,0.5199663060818626
-0.9529793415172189,-0.2887863517111338,1.2449017752151552,0.8457327324185245,0.09850847141232649,-0.05120714533943347,0.5219291663071621
-0.9539266505673937,-0.2862160627972952,1.2459856327976357,0.8445426206071057,0.0982432789035208,-0.051325118441713474,0.5238909737200207
-0.954864544746643,-0.28363447456337854,1.247059779288528,0.8433468812555417,0.09797690010049712,-0.05144476781328484,0.5258516908671927
-0.9557930147983303,-0.28104168892606507,1.2481241722823686,0.8421455164971414,0.09770935940644825,-0.05156609819685509,0.5278112803312343
-0.9567120515588307,-0.2784378082440939,1.2491787697587438,0.8409385287071771,0.09744068127193528,-0.05168911410500723,0.5297697047322628
-0.9576216459576223,-0.2758229353142152,1.2502235300839513,0.8397259205035184,0.09717089019246752,-0.05181381981924861,0.5317269267297459
-0.9585217890173761,-0.2731971733671344,1.2512584120126427,0.838507694747255,0.096900010706072,-0.05194021938908869,0.5336829090242826
-0.9594124718540429,-0.27056062606343795,1.2522833746894506,0.837283854543298,0.09662806739085247,-0.052068316631145244,0.5356376143593963
-0.9602936856769432,-0.2679133974894985,1.2532983776506044,0.8360544032409599,0.09635508486253773,-0.052198115128279654,0.5375910055233353
-0.961165421788852,-0.2652555921533674,1.2543033808255248,0.834819344434517,0.09608108777202076,-0.052329618228761074,0.5395430453508787
-0.9620276715860862,-0.26258731498064763,1.2552983445384076,0.8335786819637501,0.09580610080288787,-0.052462829045459666,0.5414936967251521
-0.9628804265585876,-0.25990867131035505,1.2562832295097883,0.8323324199144676,0.09553014866893897,-0.05259775045506921,0.5434429225794402
-0.9637236782900099,-0.25721976689075293,1.2572579968580957,0.8310805626190022,0.09525325611169827,-0.052734385097359227,0.5453906858990218
-0.9645574184577983,-0.25452070787518555,1.2582226081011831,0.8298231146566994,0.09497544789791758,-0.05287273537445675,0.54733694972299
-0.965381638833274,-0.2518116008178805,1.2591770251578505,0.8285600808543713,0.09469674881707019,-0.05301280345015738,0.5492816771460975
-0.9661963312817149,-0.24909255266974567,1.2601212103493469,0.8272914662867383,0.09441718367883767,-0.05315459124926666,0.5512248313205951
-0.9670014877624352,-0.2463636707741458,1.2610551264008576,0.8260172762768514,0.09413677731058882,-0.05329810045697131,0.5531663754580777
-0.9677971003288657,-0.24362506286266597,1.261978736442976,0.8247375163964872,0.09385555455485164,-0.05344333251824029,0.555106272831338
-0.9685831611286311,-0.24087683705085802,1.2628920040131588,0.8234521924665277,0.09357354026677814,-0.05359028863725616,0.5570444867762231
-0.9693596624036295,-0.23811910183396934,1.263794893057167,0.8221613105573159,0.09329075931160252,-0.05373896977687749,0.558980980693495
-0.9701265964901059,-0.23535196608266662,1.2646873679304858,0.8208648769889936,0.0930072365620942,-0.05388937665813005,0.5609157180506934
-0.9708839558187311,-0.2325755390387293,1.2655693933997365,0.8195628983318126,0.0927229968960035,-0.05404150975973022,0.5628486623840121
-0.9716317329146741,-0.22978993031074382,1.2664409346440633,0.8182553814064314,0.09243806519350321,-0.05419536931763805,0.5647797773001634
-0.9723699203976768,-0.22699524986977349,1.2673019572565103,0.8169423332841855,0.09215246633462443,-0.05435095532464126,0.5667090264782585
-0.9730985109821266,-0.2241916080450164,1.268152427245379,0.815623761287338,0.09186622519668748,-0.054508267529970025,0.5686363736716884
-0.973817497477129,-0.2213791155194508,1.2689923110355708,0.814299672989309,0.09157936665172903,-0.054667305438942784,0.5705617827100039
-0.9745268727865772,-0.21855788332546627,1.2698215754699114,0.8129700762148832,0.09129191556392471,-0.054828068312642655,0.572485217500802
-0.9752266299092234,-0.21572802284047987,1.2706401878104607,0.8116349790403945,0.09100389678700843,-0.05499055516762505,0.5744066420316134
-0.9759167619387475,-0.2128896457825361,1.2714481157398059,0.8102943897938925,0.09071533516168759,-0.055154764775657034,0.5763260203717929
-0.9765972620638248,-0.21004286420590307,1.272245327362335,0.8089483170552826,0.0904262555130568,-0.05532069566348616,0.5782433166744096
-0.9772681235681935,-0.2071877904966422,1.2730317912054987,0.8075967696564468,0.09013668264800753,-0.0554883461126425,0.5801584951781436
-0.9779293398307219,-0.20432453736817444,1.2738074762210507,0.8062397566813432,0.08984664135263634,-0.055657714159270635,0.5820715202091786
-0.9785809043254722,-0.20145321785683143,1.2745723517862753,0.8048772874660821,0.08955615638965138,-0.055828797593993285,0.5839823561830984
-0.9792228106217659,-0.19857394531739017,1.2753263877051944,0.8035093715989794,0.08926525249577674,-0.05600159396180657,0.5858909676067856
-0.9798550523842469,-0.19568683341860166,1.2760695542097609,0.8021360189205904,0.08897395437915673,-0.056176100562006066,0.5877973190803181
-0.9804776233729445,-0.19279199613869807,1.2768018219610344,0.8007572395237192,0.088682286716758,-0.05635231444814537,0.5897013752988686
-0.9810905174433341,-0.18988954776090095,1.2775231620503373,0.7993730437534075,0.08839027415177331,-0.05653023242802437,0.5916031010546016
-0.9816937285463989,-0.18697960286889997,1.2782335460003984,0.7979834422068988,0.08809794129102277,-0.05670985106371124,0.5935024612385732
-0.9822872507286886,-0.18406227634233893,1.2789329457664755,0.7965884457335856,0.08780531270235832,-0.056891166671593704,0.5953994208426276
-0.9828710781323792,-0.18113768335227298,1.2796213337374631,0.7951880654349266,0.08751241291206635,-0.05707417532246351,0.5972939449612958
-0.9834452049953296,-0.17820593935662565,1.2802986827369836,0.7937823126643482,0.0872192664022734,-0.057258872841631364,0.599185998793692
-0.9840096256511397,-0.1752671600956296,1.2809649660244578,0.7923711990271202,0.08692589760835226,-0.05744525480907401,0.6010755476454077
-0.9845643345292054,-0.1723214615872584,1.2816201572961623,0.7909547363802119,0.0866323309163306,-0.057633316559612485,0.6029625569304052
-0.9851093261547739,-0.16936896012264616,1.2822642306862675,0.7895329368321219,0.0863385906603018,-0.05782305318312174,0.6048469921729125
-0.985644595148998,-0.16640977226149312,1.2828971607678594,0.788105812742689,0.08604470111983753,-0.058014459524772743,0.60672881900931
-0.9861701362289887,-0.16344401482747165,1.2835189225539414,0.7866733767228793,0.08575068651740544,-0.05820753018530415,0.6086080031900201
-0.986685944207868,-0.1604718049036049,1.2841294914984234,0.7852356416345514,0.08545657101578755,-0.058402259521327875,0.6104845105813919
-0.9871920139948192,-0.15749325982765233,1.2847288434970885,0.7837926205901979,0.08516237871550508,-0.05859864164566377,0.6123583071675845
-0.9876883405951377,-0.15450849718747384,1.285316954888546,0.7823443269526684,0.08486813365224553,-0.05879667042770738,0.614229359052444
-0.9881749191102804,-0.1515176348163873,1.2858938024551656,0.7808907743348636,0.08457385979429535,-0.05899633949382816,0.6160976324613829
-0.9886517447379138,-0.14852079078851751,1.286459363423993,0.7794319765994123,0.0842795810399771,-0.05919764222779926,0.6179630937432499
-0.9891188127719618,-0.14551808341413575,1.2870136154676493,0.7779679478583265,0.0839853212150923,-0.05940057177125864,0.6198257093721988
-0.9895761186026508,-0.1425096312349885,1.2875565367052126,0.7764987024726294,0.0836911040703698,-0.059605121024201124,0.6216854459495539
-0.9900236577165574,-0.13949555301961442,1.2880881057030829,0.7750242550519655,0.08339695327891966,-0.05981128264550241,0.6235422702056688
-0.9904614256966511,-0.13647596775866258,1.2886083014758258,0.7735446204541867,0.08310289243369506,-0.06001904905347253,0.6253961490017819
-0.9908894182223386,-0.13345099466018795,1.289117103487003,0.7720598137849161,0.08280894504495911,-0.060228412426442376,0.6272470493318658
-0.9913076310695064,-0.1304207531449484,1.2896144916499823,0.7705698503970898,0.08251513453776019,-0.060439364703379614,0.629094938324474
-0.9917160601105628,-0.1273853628416912,1.2901004463287304,0.769074745890479,0.08222148424941471,-0.060651897584536124,0.6309397832445767
-0.9921147013144777,-0.12434494358242726,1.2905749483385893,0.7675745161111834,0.08192801742699726,-0.060866002532126054,0.6327815514953984
-0.9925035507468235,-0.12129961539770422,1.2910379789470317,0.7660691771511117,0.08163475722483995,-0.06108167077103472,0.6346202106202411
-0.9928826045698135,-0.11824949851186217,1.2914895198744023,0.7645587453474298,0.08134172670203949,-0.06129889328955787,0.6364557283043102
-0.9932518590423393,-0.11519471333829574,1.291929553294638,0.7630432372819991,0.08104894881997474,-0.06151766084017142,0.638288072376523
-0.9936113105200083,-0.11213538047469036,1.2923580618359731,0.7615226697807806,0.08075644643983183,-0.06173796394033233,0.6401172108113207
-0.9939609554551795,-0.10907162069827124,1.2927750285816242,0.7599970599132262,0.0804642423201416,-0.061959792873308134,0.6419431117304665
-0.9943007903969987,-0.10600355496102747,1.293180437070458,0.7584664249916441,0.08017235911432469,-0.06218313768903866,0.6437657434048387
-0.9946308119914321,-0.102931304384941,1.2935742712976417,0.7569307825705435,0.07988081936824906,-0.06240798820502615,0.6455850742562153
-0.9949510169813,-0.09985499025720361,1.2939565157152741,0.7553901504459576,0.07958964551779787,-0.06263433400725621,0.6474010728590527
-0.9952614022063082,-0.09677473402542998,1.2943271552330002,0.7538445466547462,0.07929885988644846,-0.06286216445114817,0.6492137079422511
-0.9955619646030799,-0.0936906572928628,1.2946861752186065,0.7522939894738757,0.07900848468286353,-0.06309146866253512,0.6510229483909167
-0.9958527012051857,-0.09060288181356847,1.2950335614985988,0.750738497419675,0.07871854199849383,-0.06332223553867385,0.6528287632481159
-0.9961336091431723,-0.08751152948763845,1.2953693003587616,0.7491780892470786,0.07842905380519415,-0.06355445374928326,0.6546311217166111
-0.9964046856445924,-0.08441672235636712,1.2956933785446993,0.7476127839488385,0.07814004195285071,-0.0637881117376135,0.6564299931605989
-0.9966659280340298,-0.08131858259744174,1.2960057832623604,0.7460426007547215,0.07785152816702341,-0.06402319772154227,0.6582253471074314
-0.9969173337331279,-0.07821723252011556,1.2963065021785414,0.7444675591306845,0.07756353404660037,-0.06425969969470158,0.6600171532493301
-0.9971589002606138,-0.07511279456037885,1.2965955234213742,0.7428876787780266,0.07727608106146658,-0.0644976054276326,0.6618053814450883
-0.9973906252323236,-0.07200539127612615,1.2968728355807952,0.7413029796325235,0.07698919055018713,-0.06473690246896915,0.6635900017217655
-0.9976125063612251,-0.06889514534231886,1.2971384277089952,0.7397134818635396,0.07670288371770491,-0.06497757814664958,0.6653709842763682
-0.9978245414574415,-0.06578217954614171,1.2973922893208518,0.7381192058731214,0.07641718163305311,-0.06521961956915685,0.667148299477521
-0.9980267284282716,-0.0626666167821519,1.2976344103943434,0.7365201722950642,0.07613210522708282,-0.06546301362678686,0.6689219178671308
-0.9982190652782118,-0.05954858004743484,1.297864781370944,0.7349164019939706,0.07584767529020713,-0.06570774699294414,0.6706918101620291
-0.9984015501089751,-0.056428192436741006,1.2980833931560025,0.7333079160642769,0.07556391247016002,-0.0659538061254659,0.672457947255614
-0.9985741811195098,-0.05330557713762987,1.2982902371190996,0.7316947358292665,0.07528083726977235,-0.06620117726797306,0.674220300219473
-0.9987369566060176,-0.05018085742560755,1.29848530509439,0.730076882840061,0.07499847004476476,-0.06644984645124827,0.6759788403049979
-0.9988898749619701,-0.04705415665925702,1.298668589380924,0.7284543788745923,0.07471683100155649,-0.06669979949464196,0.6777335389449833
-0.9990329346781248,-0.04392559827537208,1.2988400827429516,0.7268272459365569,0.07443594019509277,-0.06695102200750414,0.6794843677552141
-0.9991661343425403,-0.040795305784078584,1.298999778410209,0.7251955062543433,0.07415581752668897,-0.06720349939064353,0.6812312985360456
-0.9992894726405894,-0.037663402763966805,1.299147670078184,0.7235591822799554,0.07387648274189351,-0.06745721683781278,0.6829743032739557
-0.999402948354973,-0.034530012857202655,1.2992837519083675,0.721918296687897,0.07359795542836832,-0.0677121593372201,0.6847133541431045
-0.9995065603657317,-0.03139525976465663,1.2994080185284815,0.7202728723740558,0.07332025501378885,-0.0679683116730664,0.6864484235068598
-0.9996003076502568,-0.028259267241012402,1.2995204650326926,0.7186229324545561,0.0730434007637621,-0.06822565842710884,0.6881794839193236
-0.9996841892833003,-0.02512215908988511,1.2996210869818052,0.716968500264599,0.07276741177976478,-0.06848418398024929,0.6899065081268367
-0.9997582044369842,-0.021984059158932538,1.2997098804034375,0.7153095993572833,0.07249230699710063,-0.06874387251414826,0.6916294690694719
-0.9998223523808092,-0.018845091334967107,1.2997868417921767,0.7136462535024057,0.07221810518287798,-0.06900470801286374,0.6933483398825112
-0.9998766324816607,-0.01570537953906462,1.2998519681097194,0.7119784866852487,0.07194482493400713,-0.0692666742645149,0.695063093897908
-0.9999210442038162,-0.012565047721668525,1.29990525678499,0.7103063231053391,0.07167248467521867,-0.06952975486297035,0.6967737046457403
-0.9999555871089499,-0.009424219857704513,1.2999467057142429,0.7086297871752082,0.07140110265710264,-0.06979393320956022,0.6984801458556344
-0.9999802608561372,-0.006283019941676479,1.2999763132611448,0.7069489035191102,0.0711306969541686,-0.07005919251481292,0.7001823914581935
-0.9999950652018581,-0.0031415719827794023,1.299994078256841,0.7052636969717455,0.07086128546292722,-0.07032551580021487,0.7018804155863884
-1.0,-1.2246467991473532e-16,1.2999999999999998,0.7035741925769525,0.07059288589999414,-0.07059288589999414,0.7035741925769522
-0.9999950652018582,0.0031415719827791577,1.299994078256841,0.7018804155863887,0.07032551580021489,-0.07086128546292723,0.7052636969717452
-0.9999802608561371,0.006283019941676234,1.2999763132611448,0.7001823914581938,0.0700591925148129,-0.0711306969541686,0.7069489035191098
-0.9999555871089498,0.009424219857704266,1.2999467057142429,0.6984801458556347,0.06979393320956022,-0.07140110265710264,0.7086297871752079
-0.9999210442038163,0.012565047721668278,1.29990525678499,0.6967737046457405,0.06952975486297036,-0.07167248467521867,0.7103063231053388
-0.9998766324816608,0.01570537953906438,1.2998519681097194,0.6950630938979082,0.06926667426451492,-0.07194482493400713,0.7119784866852484
-0.9998223523808092,0.01884509133496731,1.2997868417921767,0.693348339882511,0.06900470801286374,-0.072218105182878,0.713646253502406
-0.9997582044369843,0.021984059158932295,1.2997098804034375,0.6916294690694722,0.06874387251414828,-0.07249230699710063,0.715309599357283
-0.9996841892833003,0.02512215908988487,1.2996210869818052,0.6899065081268371,0.06848418398024929,-0.07276741177976478,0.7169685002645988
-0.9996003076502568,0.02825926724101216,1.2995204650326926,0.6881794839193239,0.06822565842710884,-0.07304340076376209,0.7186229324545558
-0.9995065603657317,0.031395259764656826,1.2994080185284815,0.6864484235068601,0.06796831167306633,-0.07332025501378889,0.7202728723740555
-0.9994029483549731,0.034530012857202405,1.2992837519083675,0.6847133541431049,0.06771215933722009,-0.07359795542836832,0.7219182966878965
-0.9992894726405894,0.037663402763966555,1.299147670078184,0.6829743032739559,0.06745721683781279,-0.0738764827418935,0.7235591822799552
-0.9991661343425402,0.040795305784078334,1.298999778410209,0.681231298536046,0.06720349939064352,-0.07415581752668896,0.7251955062543429
-0.9990329346781248,0.04392559827537183,1.2988400827429518,0.6794843677552145,0.06695102200750414,-0.07443594019509275,0.7268272459365566
-0.9988898749619701,0.04705415665925721,1.298668589380924,0.6777335389449831,0.06669979949464196,-0.07471683100155649,0.7284543788745925
-0.9987369566060176,0.0501808574256073,1.29848530509439,0.6759788403049981,0.06644984645124828,-0.07499847004476475,0.7300768828400608
-0.9985741811195098,0.05330557713762962,1.2982902371190996,0.6742203002194734,0.06620117726797306,-0.07528083726977236,0.7316947358292661
-0.998401550108975,0.05642819243674076,1.2980833931560025,0.6724579472556143,0.0659538061254659,-0.07556391247015999,0.7333079160642767
-0.9982190652782118,0.05954858004743503,1.297864781370944,0.6706918101620294,0.06570774699294409,-0.0758476752902072,0.7349164019939702
-0.9980267284282716,0.06266661678215164,1.2976344103943434,0.6689219178671312,0.06546301362678687,-0.0761321052270828,0.736520172295064
-0.9978245414574415,0.06578217954614146,1.2973922893208518,0.6671482994775213,0.06521961956915687,-0.0764171816330531,0.7381192058731212
-0.9976125063612252,0.06889514534231861,1.2971384277089955,0.6653709842763685,0.06497757814664959,-0.07670288371770491,0.7397134818635392
-0.9973906252323236,0.0720053912761259,1.2968728355807952,0.6635900017217657,0.06473690246896915,-0.0769891905501871,0.7413029796325231
-0.9971589002606138,0.0751127945603786,1.2965955234213742,0.6618053814450885,0.0644976054276326,-0.07727608106146655,0.7428876787780263
-0.996917333733128,0.07821723252011531,1.2963065021785414,0.6600171532493304,0.06425969969470158,-0.07756353404660037,0.7444675591306842
-0.9966659280340299,0.08131858259744149,1.2960057832623604,0.6582253471074319,0.06402319772154227,-0.07785152816702341,0.7460426007547212
-0.9964046856445923,0.08441672235636687,1.2956933785446993,0.6564299931605994,0.0637881117376135,-0.07814004195285071,0.7476127839488381
-0.9961336091431724,0.0875115294876382,1.2953693003587616,0.6546311217166114,0.06355445374928327,-0.07842905380519415,0.7491780892470783
-0.9958527012051855,0.09060288181356824,1.295033561498599,0.6528287632481162,0.06332223553867383,-0.07871854199849382,0.7507384974196747
-0.9955619646030798,0.09369065729286255,1.2946861752186065,0.651022948390917,0.06309146866253511,-0.07900848468286352,0.7522939894738755
-0.9952614022063082,0.09677473402543017,1.2943271552330002,0.6492137079422509,0.06286216445114817,-0.07929885988644847,0.7538445466547464
-0.9949510169813001,0.09985499025720336,1.2939565157152741,0.6474010728590529,0.06263433400725622,-0.07958964551779787,0.7553901504459574
-0.9946308119914322,0.10293130438494076,1.2935742712976417,0.6455850742562157,0.062407988205026146,-0.07988081936824908,0.7569307825705431
-0.9943007903969988,0.10600355496102723,1.293180437070458,0.643765743404839,0.06218313768903866,-0.08017235911432469,0.7584664249916439
-0.9939609554551795,0.10907162069827142,1.2927750285816242,0.6419431117304668,0.06195979287330809,-0.08046424232014164,0.759997059913226
-0.9936113105200083,0.11213538047469011,1.2923580618359733,0.6401172108113211,0.06173796394033233,-0.08075644643983183,0.7615226697807803
-0.9932518590423391,0.11519471333829549,1.291929553294638,0.6382880723765232,0.061517660840171406,-0.08104894881997471,0.7630432372819989
-0.9928826045698136,0.11824949851186192,1.2914895198744023,0.6364557283043105,0.061298893289557864,-0.08134172670203949,0.7645587453474295
-0.9925035507468235,0.12129961539770397,1.2910379789470317,0.6346202106202413,0.06108167077103472,-0.08163475722483993,0.7660691771511114
-0.9921147013144777,0.12434494358242747,1.2905749483385893,0.6327815514953983,0.06086600253212605,-0.08192801742699729,0.7675745161111835
-0.9917160601105627,0.12738536284169097,1.2901004463287307,0.6309397832445771,0.0606518975845361,-0.08222148424941471,0.7690747458904786
-0.9913076310695065,0.13042075314494816,1.2896144916499823,0.6290949383244744,0.06043936470337962,-0.08251513453776019,0.7705698503970896
-0.9908894182223387,0.13345099466018773,1.289117103487003,0.6272470493318663,0.06022841242644238,-0.08280894504495911,0.7720598137849157
-0.9904614256966511,0.1364759677586628,1.2886083014758258,0.6253961490017822,0.060019049053472454,-0.08310289243369512,0.7735446204541864
-0.9900236577165576,0.1394955530196142,1.288088105703083,0.6235422702056691,0.05981128264550242,-0.08339695327891966,0.7750242550519653
-0.9895761186026508,0.1425096312349883,1.2875565367052126,0.6216854459495542,0.05960512102420111,-0.08369110407036978,0.7764987024726291
-0.9891188127719618,0.14551808341413555,1.2870136154676493,0.619825709372199,0.059400571771258626,-0.08398532121509229,0.7779679478583262
-0.988651744737914,0.14852079078851732,1.286459363423993,0.6179630937432503,0.05919764222779923,-0.0842795810399771,0.779431976599412
-0.9881749191102804,0.15151763481638708,1.2858938024551656,0.6160976324613832,0.058996339493828154,-0.08457385979429533,0.7808907743348633
-0.9876883405951377,0.15450849718747361,1.2853169548885461,0.6142293590524444,0.05879667042770738,-0.08486813365224552,0.7823443269526682
-0.9871920139948192,0.15749325982765214,1.2847288434970885,0.6123583071675849,0.05859864164566377,-0.08516237871550508,0.7837926205901977
-0.986685944207868,0.16047180490360471,1.2841294914984234,0.6104845105813922,0.05840225952132785,-0.08545657101578755,0.7852356416345511
-0.9861701362289887,0.16344401482747142,1.2835189225539414,0.6086080031900205,0.05820753018530412,-0.08575068651740544,0.786673376722879
-0.985644595148998,0.16640977226149292,1.2828971607678596,0.6067288190093103,0.058014459524772743,-0.08604470111983753,0.7881058127426888
-0.9851093261547739,0.16936896012264593,1.2822642306862675,0.6048469921729129,0.05782305318312171,-0.08633859066030179,0.7895329368321216
-0.9845643345292054,0.17232146158725858,1.281620157296162,0.6029625569304057,0.0576333165596124,-0.08663233091633069,0.7909547363802115
-0.9840096256511398,0.17526716009562937,1.2809649660244578,0.6010755476454082,0.057445254809074,-0.08692589760835227,0.7923711990271198
-0.9834452049953297,0.17820593935662546,1.2802986827369836,0.5991859987936923,0.05725887284163137,-0.08721926640227338,0.793782312664348
-0.9828710781323793,0.18113768335227276,1.2796213337374633,0.5972939449612963,0.05707417532246349,-0.08751241291206635,0.7951880654349263
-0.9822872507286886,0.18406227634233913,1.2789329457664755,0.5953994208426274,0.05689116667159372,-0.08780531270235833,0.7965884457335858
-0.9816937285463991,0.18697960286889978,1.2782335460003984,0.5935024612385735,0.05670985106371125,-0.08809794129102279,0.7979834422068985
-0.9810905174433341,0.18988954776090075,1.2775231620503373,0.5916031010546019,0.056530232428024366,-0.0883902741517733,0.7993730437534072
-0.9804776233729446,0.19279199613869788,1.2768018219610346,0.5897013752988689,0.05635231444814536,-0.088682286716758,0.800757239523719
-0.979855052384247,0.19568683341860146,1.2760695542097609,0.5877973190803185,0.056176100562006046,-0.08897395437915671,0.80213601892059
-0.9792228106217659,0.19857394531739037,1.2753263877051941,0.5858909676067859,0.05600159396180651,-0.0892652524957768,0.8035093715989792
-0.9785809043254722,0.2014532178568312,1.2745723517862753,0.5839823561830988,0.05582879759399327,-0.08955615638965136,0.8048772874660818
-0.9779293398307219,0.2043245373681742,1.2738074762210507,0.582071520209179,0.05565771415927061,-0.08984664135263633,0.8062397566813428
-0.9772681235681936,0.207187790496642,1.2730317912054987,0.5801584951781439,0.0554883461126425,-0.09013668264800752,0.8075967696564466
-0.9765972620638247,0.2100428642059033,1.272245327362335,0.5782433166744094,0.05532069566348616,-0.09042625551305683,0.8089483170552826
-0.9759167619387477,0.21288964578253589,1.271448115739806,0.5763260203717934,0.055154764775657,-0.09071533516168759,0.8102943897938921
-0.9752266299092236,0.21572802284047968,1.2706401878104607,0.5744066420316136,0.05499055516762506,-0.09100389678700843,0.8116349790403943
-0.9745268727865773,0.21855788332546608,1.2698215754699116,0.5724852175008023,0.054828068312642655,-0.09129191556392471,0.8129700762148829
-0.9738174974771291,0.2213791155194506,1.2689923110355708,0.5705617827100042,0.05466730543894278,-0.091579366651729,0.8142996729893088
-0.9730985109821266,0.2241916080450162,1.268152427245379,0.5686363736716888,0.05450826752997,-0.0918662251966875,0.8156237612873378
-0.9723699203976768,0.2269952498697733,1.2673019572565103,0.5667090264782588,0.05435095532464125,-0.09215246633462443,0.8169423332841853
-0.9716317329146742,0.22978993031074363,1.2664409346440633,0.5647797773001636,0.054195369317638034,-0.09243806519350321,0.8182553814064312
-0.9708839558187312,0.2325755390387291,1.2655693933997365,0.5628486623840125,0.05404150975973021,-0.0927229968960035,0.8195628983318123
-0.9701265964901059,0.23535196608266643,1.264687367930486,0.5609157180506938,0.05388937665813004,-0.09300723656209418,0.8208648769889934
-0.9693596624036295,0.23811910183396914,1.263794893057167,0.5589809806934953,0.05373896977687748,-0.09329075931160251,0.8221613105573157
-0.9685831611286312,0.24087683705085783,1.262892004013159,0.5570444867762234,0.053590288637256164,-0.09357354026677814,0.8234521924665275
-0.9677971003288656,0.24362506286266616,1.261978736442976,0.5551062728313384,0.05344333251824021,-0.09385555455485169,0.8247375163964868
-0.9670014877624352,0.24636367077414562,1.2610551264008576,0.553166375458078,0.0532981004569713,-0.09413677731058881,0.8260172762768512
-0.9661963312817149,0.24909255266974548,1.2601212103493469,0.5512248313205954,0.053154591249266636,-0.09441718367883765,0.8272914662867381
-0.9653816388332741,0.2518116008178803,1.2591770251578505,0.549281677146098,0.05301280345015736,-0.09469674881707017,0.8285600808543709
-0.9645574184577982,0.25452070787518577,1.2582226081011831,0.5473369497229896,0.05287273537445675,-0.09497544789791758,0.8298231146566996
-0.96372367829001,0.25721976689075277,1.2572579968580957,0.5453906858990222,0.05273438509735923,-0.09525325611169827,0.831080562619002
-0.9628804265585876,0.2599086713103549,1.2562832295097888,0.5434429225794405,0.05259775045506919,-0.09553014866893897,0.8323324199144674
-0.9620276715860862,0.26258731498064747,1.2552983445384078,0.5414936967251525,0.05246282904545963,-0.09580610080288787,0.8335786819637498
-0.961165421788852,0.2652555921533672,1.2543033808255248,0.5395430453508792,0.052329618228761046,-0.09608108777202076,0.8348193444345168
-0.9602936856769432,0.26791339748949833,1.2532983776506046,0.5375910055233356,0.05219811512827964,-0.09635508486253772,0.8360544032409597
-0.9594124718540431,0.2705606260634378,1.2522833746894508,0.5356376143593966,0.05206831663114523,-0.09662806739085246,0.8372838545432978
-0.9585217890173762,0.2731971733671342,1.2512584120126427,0.5336829090242831,0.05194021938908868,-0.09690001070607202,0.8385076947472547
-0.9576216459576224,0.275822935314215,1.2502235300839513,0.5317269267297463,0.051813819819248604,-0.09717089019246752,0.839725920503518
-0.9567120515588305,0.2784378082440941,1.2491787697587438,0.5297697047322626,0.05168911410500725,-0.09744068127193528,0.8409385287071773
-0.9557930147983303,0.28104168892606485,1.2481241722823686,0.5278112803312347,0.051566098196855065,-0.09770935940644823,0.8421455164971412
-0.954864544746643,0.28363447456337837,1.2470597792885283,0.5258516908671931,0.05144476781328484,-0.09797690010049712,0.8433468812555416
-0.9539266505673938,0.28621606279729506,1.2459856327976357,0.523890973720021,0.051325118441713447,-0.09824327890352079,0.8445426206071055
-0.952979341517219,0.2887863517111336,1.2449017752151554,0.5219291663071626,0.05120714533943345,-0.09850847141232649,0.8457327324185243
-0.9520226269456766,0.29134523983428806,1.2438082493299283,0.5199663060818628,0.05109084353459176,-0.09877245327349818,0.8469172147977871
-0.9510565162951538,0.2938926261462364,1.2427050983124843,0.518002430531398,0.050976207827197535,-0.09903520018579376,0.8480960660935071
-0.9500810191007719,0.29642841008052934,1.2415923657133368,0.5160375771753223,0.05086323279015724,-0.09929668790253088,0.8492692848942229
-0.9490961449902947,0.29895249152875936,1.2404700954612629,0.5140717835637205,0.05075191277033814,-0.09955689223396014,0.8504368700276834
-0.948101903684032,0.30146477084451245,1.2393383318615712,0.5121050872754673,0.05064224188965939,-0.09981578904962604,0.8515988205601132
-0.9470983049947446,0.3039651488473023,1.2381971195943506,0.5101375259165011,0.05053421404620993,-0.1000733542807157,0.8527551357954577
-0.9460853588275453,0.3064535268264884,1.2370465037127072,0.5081691371180936,0.05042782291539469,-0.10032956392239428,0.8539058152746167
-0.9450630751798049,0.30892980654516716,1.2358865296409858,0.506199958535148,0.050323061951107,-0.10058439403612693,0.855050858774649
-0.9440314641410498,0.3113938902440561,1.2347172431729767,0.5042300278444845,0.05021992438692818,-0.10083782075198786,0.8561902663079693
-0.9429905358928645,0.3138456806453503,1.2335386904701071,0.5022593827431509,0.050118403237354114,-0.10108982027095507,0.8573240381215221
-0.9419403007087906,0.3162850809565621,1.2323509180596202,0.5002880609467363,0.05001849129904772,-0.10134036886719108,0.858452174695937
-0.9408807689542255,0.31871199487434493,1.2311539728327365,0.49831610018769457,0.04992018115211784,-0.10158944289030959,0.8595746767446699
-0.9398119510863199,0.32112632658829177,1.2299479020428052,0.4963435382136776,0.04982346516142487,-0.10183701876762691,0.8606915452131257
-0.938733857653874,0.3235279807847223,1.2287327533034342,0.4943704127858795,0.04972833547791068,-0.10208307300639932,0.8618027812777617
-0.9376464992972358,0.325916862650439,1.2275085745866166,0.492396761677392,0.04963478403995613,-0.10232758219604415,0.8629083863451766
-0.9365498867481923,0.3282928778764784,1.2262754142208312,0.49042262267156217,0.04954280257476215,-0.10257052301034653,0.8640083620511833
-0.9354440308298673,0.33065593266182597,1.2250333208891382,0.4884480335603767,0.04945238259975688,-0.10281187220964955,0.8651027102598601
-0.934328942456612,0.3330059337171257,1.223782343627255,0.48647303214283666,0.04936351542402782,-0.103051606643029,0.866191433062592
-0.9332046326338986,0.3353427882683598,1.2225225318216222,0.4844976562233573,0.04927619214977844,-0.10328970325045159,0.867274532777093
-0.932071112458211,0.3376664040605122,1.2212539352074523,0.482521943610175,0.04919040367380883,-0.1035261390649169,0.8683520119464101
-0.9309283931169356,0.3399766893612097,1.2199766038667679,0.48054593211376223,0.04910614068902141,-0.10376089121458232,0.869423873337914
-0.9297764858882516,0.342273552964344,1.2186905882264236,0.4785696595452568,0.049023393685950024,-0.10399393692487126,0.8704901199422743
-0.9286154021410172,0.3445569041936744,1.217395939056114,0.4765931637149005,0.048942152954312555,-0.10422525352056458,0.8715507549724185
-0.9274451533346614,0.3468266529064022,1.216092707466372,0.474616482430492,0.04886240858458785,-0.10445481842787326,0.872605781862474
-0.9262657510190666,0.34908270949673625,1.2147809449065494,0.4726396534958437,0.0487841504696151,-0.10468260917649513,0.8736552042666992
-0.9250772068344579,0.35132498489942465,1.2134607031627858,0.47066271470926174,0.0487073683062164,-0.10490860340165223,0.8746990260583954
-0.9238795325112867,0.3535533905932737,1.2121320343559645,0.4686857038620291,0.04863205159684188,-0.10513277884611108,0.8757372513288053
-0.9226727398701149,0.35576783860464245,1.2107949909396551,0.46670865873690043,0.04855818965123789,-0.10535511336218399,0.8767698843859997
-0.9214568408214984,0.35796824151091555,1.2094496256980418,0.46473161710661437,0.048485771588136446,-0.1055755849137122,0.8777969297537452
-0.9202318473658702,0.36015451244395363,1.2080959917438412,0.4627546167324136,0.048414786336967365,-0.10579417157802995,0.8788183921703626
-0.9189977715934214,0.36232656509352307,1.2067341425162048,0.46077769536257857,0.04834522263959154,-0.10601085154790976,0.8798342765875663
-0.9177546256839809,0.36448431371070594,1.2053641317786066,0.4588008907309726,0.048277069052055664,-0.10622560313348889,0.8808445881692955
-0.9165024219068978,0.3666276731112801,1.2039860136167257,0.4568242405556022,0.048210313946368454,-0.10643840476417549,0.8818493322905265
-0.9152411726209175,0.3687565586790869,1.2025998424363074,0.4548477825371849,0.04814494551229703,-0.10664923499053622,0.8828485145360767
-0.9139708902740611,0.3708708863693697,1.201205672961016,0.4528715543577325,0.04808095175918446,-0.10685807248616355,0.8838421406993922
-0.9126915874035028,0.37297057271209105,1.1998035602302757,0.4508955936791504,0.04801832051778712,-0.10706489604952314,0.8848302167813228
-0.9114032766354451,0.3750555348152299,1.1983935595970956,0.4489199381418418,0.047957039442132116,-0.10726968460578137,0.885812748988886
-0.9101059706849958,0.37712569036805166,1.1969757267258874,0.4469446253633311,0.04789709601139488,-0.10747241720861223,0.8867897437340178
-0.9087996823560399,0.3791809576443611,1.1955501175902634,0.44496969293689836,0.04783847753179507,-0.1076730730419842,0.8877612076323101
-0.907484424541117,0.3812212555057237,1.1941167884708335,0.44299517843022607,0.047781171138513,-0.10787163142192574,0.8887271475017382
-0.9061602102212897,0.38324650340467514,1.1926757959529752,0.4410211193840588,0.04772516379762343,-0.10806807179827108,0.8896875703613745
-0.9048270524660194,0.3852566213878947,1.1912271969246069,0.439047553310879,0.0476704423080491,-0.10826237375638373,0.8906424834300904
-0.9034849644330347,0.38725153009936686,1.1897710485739375,0.4370745176935907,0.04761699330353172,-0.10845451701886011,0.8915918941252506
-0.9021339593682028,0.38923115078351156,1.1883074083872103,0.43510204998422064,0.047564803254621243,-0.10864448144721098,0.8925358100613916
-0.9007740506053981,0.39119540528829405,1.186836334146434,0.4331301876026313,0.0475138584706826,-0.10883224704352193,0.8934742390488912
-0.8994052515663709,0.3931442160683096,1.1853578839271002,0.43115896793524866,0.047464145101919736,-0.10901779395209224,0.894407189092627
-0.8980275757606158,0.39507750618784493,1.1838721160958934,0.42918842833380016,0.047415649141417104,-0.10920110246105169,0.8953346683906256
-0.8966410367852357,0.39699519932391786,1.1823790893083812,0.4272186061140688,0.04736835642719683,-0.10938215300395636,0.8962566853326994
-0.8952456483248118,0.39889721976928527,1.1808788625067077,0.4252495385546602,0.04732225264429401,-0.10956092616136102,0.897173248499075
-0.8938414241512638,0.40078349243543826,1.1793714949172556,0.4232812628957836,0.04727732332684581,-0.10973740266237143,0.8980843666590105
-0.8924283781237178,0.40265394285556105,1.1778570460483178,0.42131381633804454,0.04723355386019877,-0.10991156338617218,0.8989900487694041
-0.8910065241883678,0.40450849718747367,1.176335575687742,0.419347236041255,0.04719092948302961,-0.11008338936353401,0.8998903039733922
-0.889575876378338,0.4063470822165468,1.174807143900573,0.4173815591232513,0.04714943528948261,-0.11025286177829771,0.90078514159894
-0.8881364488135445,0.40816962535859197,1.1732718110266804,0.41541682265873076,0.04710905623132091,-0.11041996196883572,0.9016745711574214
-0.8866882557005563,0.4099760546627263,1.1717296376783772,0.4134530636781025,0.04706977712009266,-0.11058467142949105,0.9025586023421899
-0.8852313113324553,0.4117662988142135,1.1701806847380274,0.4114903191663461,0.04703158262931186,-0.11074697181199342,0.9034372450271433
-0.8837656300886932,0.4135402871372811,1.1686250133556388,0.4095286260618898,0.04699445729665217,-0.11090684492685263,0.9043105092652772
-0.8822912264349532,0.4152979495979064,1.167062684946456,0.40756802125550023,0.04695838552615528,-0.1110642727447286,0.9051784052872327
-0.8808081149230036,0.4170392168065855,1.165493761188529,0.405608541589186,0.04692335159045167,-0.11121923739777896,0.9060409434998338
-0.8793163101905561,0.41876402002107094,1.1639183040202807,0.4036502238551145,0.046889339632995033,-0.11137172118098312,0.9068981344846195
-0.8778158269611217,0.42047229114908447,1.1623363756380627,0.40169310479454545,0.04685633367030883,-0.11152170655344304,0.9077499889963662
-0.8763066800438635,0.42216396275100765,1.1607480384936992,0.3997372210967721,0.04682431759424546,-0.11166917613966101,0.9085965179616048
-0.8747888843334529,0.42383896804254134,1.1591533552920203,0.3977826093980843,0.04679327517425733,-0.11181411273079395,0.9094377324771293
-0.87326245480992,0.42549724089734603,1.1575523889883885,0.39582930628073565,0.04676319005967945,-0.11195649928588428,0.9102736438084997
-0.8717274065385091,0.42713871584964735,1.1559452027862134,0.39387734827193627,0.04673404578202361,-0.11209631893306707,0.9111042633885366
-0.8701837546695255,0.4287633280968262,1.1543318601344517,0.39192677184284774,0.04670582575728302,-0.1122335549707544,0.9119296028158101
-0.8686315144381912,0.4303710135019718,1.152712424725111,0.3899776134075985,0.0466785132882488,-0.11236819086879506,0.9127496738531253
-0.8670707011644901,0.4319617085964175,1.1510869604907281,0.38802990932231257,0.04665209156683523,-0.11250021026961152,0.9135644884259955
-0.8655013302530191,0.43353535058224485,1.149455531601847,0.3860836958841487,0.046626543676416436,-0.11262959698931274,0.9143740586211162
-0.8639234171928354,0.43509187733476273,1.1478182024644874,0.384139009330356,0.04660185259417197,-0.11275633501878338,0.9151783966848297
-0.8623369775573039,0.43663122740496013,1.1461750377175999,0.38219588583734354,0.046578001193442006,-0.11288040852474922,0.9159775150215849
-0.8607420270039439,0.4381533400219315,1.1445261022305149,0.38025436151976205,0.046554972246091675,-0.11300180185081875,0.9167714261923918
-0.8591385812742723,0.43965815509527817,1.1428714611003816,0.37831447242959615,0.046532748424884085,-0.11312049951850113,0.9175601429132738
-0.8575266561936524,0.44114561321747636,1.1412111796496003,0.37637625455527896,0.046511312305861724,-0.11323648622819986,0.9183436780537106
-0.8559062676711331,0.44261565566622746,1.1395453234232376,0.37443974382081113,0.04649064637073556,-0.11334974686018331,0.9191220446350793
-0.8542774316992952,0.44406822440677224,1.137873958186446,0.3725049760848982,0.04647073300928272,-0.11346026647553051,0.9198952558290922
-0.8526401643540923,0.4455032620941838,1.136197149921864,0.37057198714009987,0.04645155452175088,-0.11356803031705356,0.9206633249562272
-0.8509944817946921,0.44692071207563167,1.1345149648270096,0.3686408127119927,0.0464330931212698,-0.11367302381019626,0.9214262654841565
-0.8493404002633166,0.44832051839261783,1.1328274693116704,0.36671148845834706,0.04641533093627,-0.11377523256390837,0.9221840910261728
-0.8476779360850831,0.44970262578318554,1.13113472999528,0.3647840499683159,0.046398250012907524,-0.11387464237149636,0.9229368153396076
-0.8460071056678424,0.45106697968410114,1.129436813704288,0.3628585327616389,0.04638183231749494,-0.11397123921144993,0.9236844523242496
-0.844327925502015,0.4524135262330098,1.1277337874695217,0.3609349722878533,0.04636605973893819,-0.11406500924824502,0.9244270160207617
-0.8426404121604323,0.4537422122705584,1.1260257185235418,0.3590134039255305,0.04635091409117874,-0.11415593883312257,0.9251645206090885
-0.8409445822981692,0.4550529853424977,1.1243126742979854,0.3570938629815116,0.04633637711564074,-0.11424401450484373,0.9258969804068677
-0.8392404526523817,0.4563457937017514,1.1225947224209045,0.35517638469016516,0.04632243048368338,-0.11432922299042099,0.9266244098678358
-0.8375280400421418,0.45762058631045865,1.1208719307140986,0.35326100421265305,0.04630905579905762,-0.11441155120582547,0.9273468235802312
-0.8358073613682703,0.45887731284199057,1.1191443671904342,0.35134775663621304,0.046296234600366484,-0.11449098625667094,0.9280642362651967
-0.8340784336131716,0.46011592368293497,1.1174121000511608,0.3494366769734517,0.04628394836352991,-0.11456751543887322,0.9287766627751782
-0.8323412738406634,0.46133636993505744,1.115675197683219,0.34752780016164614,0.046272178504253005,-0.11464112623928661,0.9294841180923241
-0.830595899195813,0.4625386034172288,1.1139337286565407,0.345621161062071,0.04626090638049679,-0.11471180633631628,0.9301866173268784
-0.8288423269047619,0.4637225766673307,1.11218776172134,0.34371679445931796,0.04625011329495287,-0.11477954360050709,0.9308841757155798
-0.8270805742745618,0.46488824294412573,1.1104373658054034,0.3418147350606502,0.04623978049751952,-0.11484432609510889,0.931576808620051
-0.8253106586929998,0.4660355562291054,1.1086826100113638,0.3399150174953501,0.04622988918778095,-0.11490614207661816,0.932264531525194
-0.8235325976284277,0.4671644712283059,1.1069235636139754,0.3380176763140901,0.04622042051748774,-0.11496497999529633,0.9329473600375805
-0.8217464086295904,0.46827494337409614,1.1051602960573776,0.33612274598831277,0.0462113555930392,-0.11502082849566454,0.9336253098838425
-0.8199521093254524,0.4693669288269371,1.103392876952355,0.33423026090962155,0.046202675477967164,-0.11507367641697507,0.9342983969090632
-0.8181497174250238,0.47044038447711256,1.1016213760735876,0.3323402553891873,0.04619436119541985,-0.11512351279365962,0.9349666370751659
-0.8163392507171839,0.4714952679464323,1.0998458633568962,0.3304527636571585,0.046186393730647715,-0.1151703268557541,0.9356300464593057
-0.8145207270705097,0.4725315375899023,1.098066408896483,0.3285678198620972,0.04617875403348803,-0.11521410802930056,0.936288641252256
-0.8126941644330942,0.4735491524973721,1.0962830829421633,0.3266854580704079,0.046171423020851116,-0.11525484593672582,0.9369424377568021
-0.8108595808323735,0.47454807249514736,1.0944959558965914,0.3248057122657979,0.04616438157920445,-0.11529253039719722,0.9375914523861278
-0.8090169943749477,0.47552825814757677,1.0927050983124844,0.3229286163487323,0.04615761056705796,-0.11532715142695545,0.9382357016622087
-0.8071664232464006,0.4764896707586094,1.0909105808898325,0.3210542041359111,0.04615109081744673,-0.11535869923962458,0.9388752022142018
-0.8053078857111221,0.47743227237332153,1.0891124744731102,0.31918250935975245,0.046144803140413554,-0.11538716424649928,0.9395099707768383
-0.8034414001121276,0.4783560257794154,1.0873108500484814,0.317313565667888,0.04613872832548961,-0.11541253705680948,0.9401400241888165
-0.801566984870877,0.47926089450868786,1.085505778740993,0.3154474066226722,0.0461328471441728,-0.11543480847796245,0.940765379391195
-0.7996846584870906,0.48014684283847164,1.0836973318117689,0.3135840657006939,0.04612714035240478,-0.11545396951576249,0.9413860534257908
-0.7977944395385711,0.481013835793043,1.081885580655198,0.3117235762923139,0.04612158869304439,-0.11547001137460822,0.9420020634335721
-0.795896346681016,0.4818618391450049,1.080070596796113,0.3098659717011939,0.0461161728983396,-0.11548292545766774,0.9426134266530602
-0.7939903986478354,0.48269081941663705,1.0782524518869692,0.30801128514385256,0.046110873692395124,-0.1154927033670314,0.9432201604187281
-0.7920766142499672,0.48350074388121755,1.0764312177050148,0.30615954974922266,0.04610567179363751,-0.11549933690384298,0.9438222821594027
-0.7901550123756904,0.48429158056431565,1.0746069661494562,0.30431079855822235,0.04610054791727584,-0.1155028180684088,0.9444198093966687
-0.7882256119904405,0.4850632982450529,1.0727797692386225,0.3024650645233342,0.04609548277775933,-0.11550313906028485,0.945012759743275
-0.7862884321366189,0.4858158664573371,1.0709496991071172,0.30062238050819623,0.0460904570912294,-0.11550029227834252,0.9456011509015438
-0.7843434919334105,0.48654925549106326,1.0691168280029772,0.2987827792872033,0.046085451577968534,-0.11549427032081286,0.9461850006617796
-0.7823908105765881,0.4872634363932887,1.0672812282848145,0.29694629354511226,0.046080446964843244,-0.1154850659853091,0.946764326900686
-0.7804304073383298,0.4879583809693738,1.0654429724189631,0.29511295587666964,0.0460754239877421,-0.11547267226882842,0.947339147579778
-0.7784623015670237,0.48863406178409674,1.0636021329766168,0.29328279878623265,0.046070363394008725,-0.11545708236773203,0.9479094807438044
-0.776486512687079,0.48929045216273603,1.061758782630965,0.29145585468741125,0.046065245944868584,-0.11543828967770477,0.9484753445191687
-0.774503060198734,0.4899275261921235,1.0599129941543222,0.28963215590271646,0.046060052417849814,-0.11541628779369341,0.9490367571123537
-0.7725119636778645,0.4905452587216671,1.0580648404152577,0.2878117346632156,0.04605476360919802,-0.11539107050982464,0.9495937368083514
-0.7705132427757897,0.4911436253643443,1.0562143943757176,0.28599462310819873,0.04604936033628407,-0.11536263181930217,0.9501463019690928
-0.7685069172190766,0.4917226024976649,1.054361729088141,0.28418085328485293,0.04604382344000522,-0.11533096591428366,0.9506944710318856
-0.7664930068093503,0.4922821672646026,1.0525069176925828,0.28237045714794695,0.04603813378717923,-0.11529606718573718,0.9512382625078509
-0.7644715314230919,0.492822297574499,1.0506500334138202,0.2805634665595195,0.046032272272930844,-0.11525793022327764,0.9517776949803678
-0.762442511011448,0.493342972103934,1.0487911495584654,0.2787599132885844,0.04602621982307041,-0.11521654981498335,0.9523127871035182
-0.7604059656000312,0.4938441702975688,1.0469303395120697,0.276959829010836,0.046019957396464924,-0.11517192094719267,0.9528435576005381
-0.7583619152887222,0.4943258723689569,1.0450676767362277,0.2751632453083655,0.04601346598740068,-0.11512403880428096,0.953370025262272
-0.7563103802514721,0.4947880593013254,1.0432032347656757,0.2733701936693878,0.04600672662793708,-0.11507289876841816,0.9538922089456318
-0.7542513807361039,0.4952307128483256,1.041337087205391,0.2715807054879725,0.04599972039025217,-0.11501849641930713,0.95441012757206
-0.7521849370641118,0.4956538155347532,1.039469307727685,0.2697948120637843,0.04599242838897878,-0.11496082753390251,0.9549238001259954
-0.7501110696304596,0.4960573506572389,1.0375999700692913,0.26801254460183216,0.0459848317835313,-0.1148998880861111,0.955433245653348
-0.7480297989033826,0.4964413022849068,1.035729148028461,0.2662339342122234,0.04597691178042316,-0.11483567424647294,0.9559384832599713
-0.7459411454241824,0.4968056552600041,1.0338569154620447,0.2644590119099266,0.04596864963557447,-0.11476818238182404,0.9564395321101482
-0.7438451298070251,0.4971503951984994,1.0319833462825783,0.2626878086145406,0.045960026656609226,-0.11469740905494062,0.9569364114250738
-0.7417417727387394,0.49747550849065,1.0301085144553648,0.2609203551500735,0.045951024205142424,-0.11462335102416493,0.9574291404813462
-0.7396310949786098,0.49778098230153994,1.0282324939955543,0.25915668224472405,0.045941623699056584,-0.11454600524301323,0.9579177386094637
-0.7375131173581744,0.49806680457158614,1.0263553589652235,0.25739682053067237,0.04593180661476758,-0.11446536885976547,0.9584022251923261
-0.7353878607810159,0.49833296401701493,1.024477183470447,0.255640800543878,0.04592155448947881,-0.11438143921703767,0.9588826196637386
-0.7332553462225605,0.4985794501303069,1.0225980416583802,0.25388865272388284,0.0459108489234248,-0.1142942138513364,0.9593589415069248
-0.7311155947298641,0.4988062531806126,1.0207180077143216,0.25214040741361887,0.04589967158210249,-0.11420369049259596,0.9598312102530425
-0.7289686274214117,0.49901336421413583,1.018837155858794,0.2503960948592284,0.045888004198491386,-0.11410986706369881,0.9602994454797069
-0.7268144654869031,0.49920077505448757,1.0169555603446074,0.24865574520988062,0.0458758285752611,-0.11401274167997805,0.9607636668095161
-0.724653130187047,0.4993684783030088,1.0150732954539312,0.24691938851760264,0.045863126586966924,-0.11391231264870433,0.9612238939085863
-0.72248464285335,0.4995164673390624,1.0131904354953598,0.24518705473711178,0.045849880182232676,-0.11380857846855519,0.9616801464850889
-0.7203090248879069,0.49964473632029466,1.0113070548009804,0.2434587737256547,0.04583607138592106,-0.11370153782906843,0.9621324442877967
-0.7181262977631893,0.49975328018286586,1.0094232277234392,0.2417345752428518,0.04582168230129073,-0.11359118961007933,0.962580807104632
-0.7159364830218311,0.49984209464165014,1.0075390286330008,0.24001448895054608,0.04580669511214015,-0.11347753288114149,0.9630252547612242
-0.7137396022764217,0.4999111761904046,1.0056545319146228,0.2382985444126588,0.045791092084938714,-0.11336056690093241,0.9634658071194722
-0.7115356772092856,0.4999605221019081,1.0037698119650056,0.23658677109504853,0.0457748555709427,-0.11324029111664292,0.9639024840761106
-0.7093247295722739,0.49999013042806856,1.0018849431896677,0.2348791983653763,0.04575796800829925,-0.11311670516335162,0.9643353055612851
-0.7071067811865477,0.49999999999999994,1.0,0.233175855492975,0.045740411924134625,-0.11298980886338396,0.9647642915371328
-0.7048818539423617,0.49999013042806856,0.9981150568103325,0.23147677164872227,0.045722169936629094,-0.1128596022256563,0.9651894619963678
-0.7026499697988493,0.4999605221019081,0.9962301880349945,0.22978197590491867,0.04570322475707704,-0.11272608544500508,0.9656108369608748
-0.7004111507838063,0.4999111761904046,0.9943454680853775,0.22809149723517255,0.045683559191932156,-0.11258925890150186,0.9660284364803062
-0.6981654189934731,0.4998420946416501,0.9924609713669993,0.22640536451428336,0.04566315614483816,-0.11244912315975351,0.9664422806306898
-0.6959127965923142,0.49975328018286586,0.9905767722765612,0.22472360651813444,0.04564199861864364,-0.11230567896818838,0.9668523895130385
-0.693653305812805,0.4996447363202947,0.9886929451990194,0.22304625192358712,0.04562006971740251,-0.11215892725832885,0.9672587832519693
-0.6913869689552066,0.4995164673390624,0.9868095645046404,0.2213733293083786,0.045597352648358,-0.11200886914404948,0.9676614819943266
-0.6891138083873485,0.4993684783030088,0.9849267045460691,0.21970486715102328,0.04557383072391161,-0.11185550592082233,0.9680605059078158
-0.6868338465444084,0.49920077505448757,0.9830444396553928,0.2180408938307205,0.045549487363575475,-0.11169883906494865,0.9684558751796379
-0.6845471059286886,0.4990133642141358,0.9811628441412062,0.21638143762725925,0.04552430609590945,-0.1115388702327775,0.9688476100151365
-0.6822536091093968,0.4988062531806126,0.9792819922856786,0.21472652672093354,0.04549827056044095,-0.11137560125991144,0.9692357306364465
-0.6799533787224191,0.49857945013030697,0.9774019583416201,0.213076189192453,0.04547136450956907,-0.11120903416039962,0.9696202572811538
-0.6776464374701027,0.49833296401701493,0.9755228165295533,0.2114304530228658,0.04544357181045154,-0.11103917112591875,0.970001210200958
-0.6753328081210243,0.4980668045715862,0.9736446410347767,0.2097893460934736,0.04541487644687492,-0.11086601452494113,0.9703786096603445
-0.6730125135097733,0.49778098230153994,0.9717675060044454,0.20815289618575913,0.045385262521107965,-0.11068956690189148,0.9707524759352624
-0.6706855765367202,0.49747550849065003,0.9698914855446353,0.2065211309813082,0.04535471425573742,-0.11050983097629137,0.9711228293118093
-0.6683520201677934,0.49715039519849946,0.968016653717422,0.2048940780617397,0.04532321599548672,-0.11032680964189245,0.9714896900849219
-0.6660118674342517,0.49680565526000414,0.9661430845379556,0.2032717649086343,0.04529075220901696,-0.11014050596579812,0.971853078557077
-0.6636651414324584,0.49644130228490674,0.9642708519715393,0.2016542189034687,0.04525730749071015,-0.1099509231875744,0.9722130150369945
-0.6613118653236523,0.4960573506572389,0.9624000299307091,0.20004146732754885,0.045222866562434655,-0.10975806471834956,0.9725695198383507
-0.6589520623337168,0.4956538155347532,0.9605306922723151,0.19843353736194264,0.0451874142752925,-0.10956193413990305,0.9729226132784987
-0.6565857557529567,0.49523071284832565,0.9586629127946091,0.19683045608742436,0.04515093561134849,-0.10936253520374442,0.9732723156771932
-0.6542129689358612,0.49478805930132547,0.9567967652343244,0.1952322504844083,0.045113415685340774,-0.10915987183018144,0.9736186473553253
-0.651833725300879,0.494325872368957,0.9549323232637732,0.1936389474328929,0.04507483974637324,-0.10895394810737882,0.9739616286336616
-0.6494480483301841,0.49384417029756894,0.9530696604879311,0.19205057371240086,0.04503519317958891,-0.10874476829040645,0.9743012798315932
-0.6470559615694442,0.493342972103934,0.9512088504415349,0.1904671560019241,0.04499446150782447,-0.10853233680027868,0.9746376212658889
-0.6446574886275914,0.492822297574499,0.9493499665861799,0.1888887208798686,0.04495263039324621,-0.10831665822298407,0.9749706732494576
-0.6422526531765839,0.4922821672646026,0.9474930823074168,0.18731529482399775,0.044909685638966176,-0.10809773730850565,0.9753004560901165
-0.6398414789511788,0.491722602497665,0.9456382709118591,0.1857469042113829,0.044865613190639836,-0.10787557896983316,0.9756269900893674
-0.6374239897486895,0.4911436253643443,0.9437856056242825,0.18418357531834412,0.04482039913804357,-0.10765018828196526,0.9759502955411795
-0.6350002094287606,0.4905452587216671,0.9419351595847419,0.18262533432040617,0.044774029716633176,-0.10742157048090521,0.9762703927307792
-0.6325701619131245,0.48992752619212354,0.9400870058456781,0.18107220729224055,0.044726491309082364,-0.10718973096264622,0.9765873019334471
-0.6301338711853693,0.4892904521627362,0.9382412173690359,0.17952422020761735,0.04467777044680166,-0.1069546752821503,0.9769010434133231
-0.6276913612907009,0.4886340617840969,0.9363978670233839,0.17798139893935372,0.04462785381143711,-0.10671640915231881,0.977211637422217
-0.6252426563357051,0.4879583809693738,0.9345570275810372,0.17644376925926342,0.0445767282363491,-0.10647493844295534,0.977519104198427
-0.6227877804881126,0.4872634363932887,0.9327187717151857,0.1749113568381077,0.04452438070807101,-0.10623026917972178,0.9778234639655661
-0.6203267579765562,0.4865492554910634,0.930883171997023,0.1733841872455418,0.04447079836774739,-0.10598240754308626,0.9781247369313942
-0.6178596130903347,0.48581586645733715,0.9290503008928829,0.17186228595006767,0.04441596851255174,-0.10573135986726548,0.9784229432866587
-0.6153863701791713,0.48506329824505295,0.9272202307613777,0.17034567831898076,0.04435987859708393,-0.10547713263915931,0.9787181032039406
-0.6129070536529764,0.48429158056431565,0.9253930338505436,0.16883438961832142,0.044302516234746715,-0.10521973249727977,0.97901023683651
-0.6104216879816026,0.48350074388121766,0.9235687822949855,0.16732844501282162,0.0442438691991015,-0.10495916623067306,0.9792993643171867
-0.6079302976946056,0.4826908194166371,0.9217475481130312,0.16582786956585374,0.0441839254252034,-0.10469544077783596,0.9795855057572079
-0.6054329073810018,0.4818618391450051,0.9199294032038876,0.16433268823937808,0.04412267301091516,-0.10442856322562663,0.9798686812451057
-0.6029295416890246,0.481013835793043,0.9181144193448023,0.1628429258938899,0.044060100218199935,-0.1041585408081693,0.980148910845588
-0.600420225325884,0.48014684283847164,0.9163026681882313,0.16135860728836596,0.043996195474393235,-0.10388538090575435,0.9804262145984288
-0.597904983057519,0.4792608945086881,0.9144942212590074,0.1598797570802084,0.04393094737345298,-0.10360909104373235,0.9807006125173656
-0.5953838397083553,0.47835602577941544,0.9126891499515187,0.1584063998251906,0.04386434467718866,-0.10332967889140404,0.9809721245890028
-0.592856820161059,0.4774322723733215,0.9108875255268895,0.1569385599773989,0.04379637631646887,-0.10304715226090501,0.9812407707717227
-0.5903239493562945,0.47648967075860943,0.9090894191101678,0.15547626188917701,0.04372703139240734,-0.10276151910608643,0.9815065709946036
-0.5877852522924732,0.4755282581475769,0.9072949016875159,0.15401952981106504,0.043656299177527016,-0.10247278752139097,0.981769545156345
-0.5852407540255103,0.47454807249514747,0.9055040441034088,0.15256838789173918,0.04358416911690286,-0.1021809657407249,0.9820297131241997
-0.5826904796685765,0.4735491524973724,0.9037169170578375,0.151122860177952,0.043510630829282464,-0.10188606213632653,0.9822870947329124
-0.58013445439185,0.4725315375899027,0.9019335911035177,0.14968297061446725,0.04343567410818499,-0.10158808521763081,0.9825417097836668
-0.5775727034222676,0.4714952679464323,0.9001541366431041,0.14824874304399624,0.04335928892297792,-0.10128704363013044,0.982793578043038
-0.5750052520432787,0.47044038447711284,0.8983786239264128,0.14682020120713252,0.04328146541993209,-0.10098294615423427,0.9830427192419521
-0.5724321255945912,0.4693669288269372,0.8966071230476451,0.14539736874228226,0.04320219392325418,-0.10067580170412178,0.9832891530746543
-0.5698533494719236,0.4682749433740961,0.8948397039426221,0.14398026918559592,0.043121464936097254,-0.10036561932659567,0.9835328991976817
-0.5672689491267564,0.467164471228306,0.8930764363860247,0.1425689259708971,0.04303926914154924,-0.10005240819993164,0.9837739772288452
-0.5646789500660772,0.46603555622910553,0.8913173899886364,0.14116336242960886,0.04295559740359854,-0.09973617763272533,0.9840124067462158
-0.5620833778521308,0.4648882429441258,0.8895626341945968,0.13976360179067865,0.04287044076807777,-0.0994169370627376,0.9842482072871207
-0.5594822581021673,0.46372257666733085,0.8878122382786602,0.13836966718050148,0.04278379046358488,-0.0990946960557377,0.9844813983471432
-0.5568756164881878,0.4625386034172289,0.8860662713434596,0.136981581622841,0.04269563790238158,-0.09876946430434463,0.9847119993791313
-0.554263478736694,0.4613363699350574,0.8843248023167811,0.1355993680387485,0.0426059746812697,-0.0984412516268671,0.9849400297922137
-0.5516458706284304,0.46011592368293525,0.8825878999488395,0.13422304924647901,0.04251479258244434,-0.09811006796614163,0.9851655089508199
-0.549022817998132,0.4588773128419907,0.880855632809566,0.13285264796140522,0.042422083574324865,-0.09777592338837013,0.98538845617371
-0.5463943467342688,0.45762058631045865,0.879128069285901,0.13148818679593116,0.04232783981236286,-0.0974388280819561,0.985608890733009
-0.5437604827787924,0.4563457937017513,0.8774052775790953,0.1301296882594027,0.04223205363982762,-0.09709879235634047,0.9858268318532488
-0.5411212521268759,0.45505298534249783,0.8756873257020148,0.12877717475801229,0.04213471758856864,-0.09675582664083604,0.9860422987104176
-0.5384766808266604,0.45374221227055855,0.8739742814764584,0.1274306685947061,0.04203582437975538,-0.09640994148346249,0.9862553104310141
-0.535826794978997,0.45241352623300995,0.8722662125304785,0.12609019196908652,0.04193536692459413,-0.09606114754978065,0.9864658860911095
-0.5331716207371885,0.4510669796841013,0.8705631862957122,0.12475576697731174,0.041833338325022076,-0.0957094556217267,0.9866740447154165
-0.530511184306734,0.4497026257831855,0.8688652700047201,0.12342741561199581,0.041729731874378236,-0.09535487659644737,0.9868798052763631
-0.5278455119450666,0.448320518392618,0.8671725306883297,0.12210515976209953,0.04162454105805176,-0.09499742148513415,0.9870831866931756
-0.525174629961296,0.446920712075632,0.8654850351729906,0.12078902121282709,0.04151775955410678,-0.09463710141185913,0.9872842078309649
-0.5224985647159486,0.4455032620941838,0.8638028500781358,0.1194790216455129,0.041409381233884796,-0.09427392761241124,0.9874828874998228
-0.5198173426207093,0.4440682244067722,0.8621260418135537,0.11817518263751112,0.04129940016258377,-0.09390791143313368,0.987679244453921
-0.5171309901381572,0.4426156556662276,0.8604546765767626,0.11687752566207932,0.041187810599813864,-0.09353906432976174,0.9878732973906202
-0.5144395337815066,0.44114561321747675,0.8587888203504004,0.11558607208825944,0.041074607000130686,-0.09316739786626263,0.988065064949582
-0.5117430001143446,0.43965815509527795,0.8571285388996182,0.11430084318075753,0.04095978401354518,-0.09279292371367641,0.9882545657118917
-0.5090414157503711,0.4381533400219317,0.8554738977694853,0.11302186009982083,0.04084333648601037,-0.09241565364895904,0.988441818199181
-0.5063348073531325,0.4366312274049601,0.8538249622824003,0.11174914390110949,0.04072525945988506,-0.09203559955382626,0.9886268408727643
-0.503623201635761,0.4350918773347629,0.8521817975355127,0.11048271553556836,0.040605548174374395,-0.09165277341360045,0.9888096521327755
-0.5009066253607102,0.4335353505822452,0.850544468398153,0.1092225958492945,0.040484198065947406,-0.09126718731605919,0.9889902703173142
-0.49818510533949134,0.43196170859641797,0.8489130395092721,0.10796880558340188,0.04036120476873138,-0.09087885345028617,0.9891687137015969
-0.49545866843240743,0.43037101350197177,0.8472875752748885,0.10672136537388358,0.04023656411488296,-0.09048778410552438,0.9893450004971142
-0.4927273415482916,0.42876332809682616,0.8456681398655481,0.10548029575147072,0.04011027213493659,-0.09009399167003299,0.989519148850796
-0.48999115164423684,0.42713871584964774,0.8440547972137873,0.10424561714148925,0.0399823250581291,-0.08969748862994521,0.9896911768441796
-0.48725012572533194,0.42549724089734575,0.8424476110116111,0.10301734986371126,0.03985271931270187,-0.08929828756813067,0.9898611024925871
-0.4845042908443978,0.4238389680425415,0.8408466447079798,0.10179551413220937,0.03972145152617964,-0.08889640116306081,0.9900289437443072
-0.48175367410171527,0.42216396275100754,0.839251961506301,0.10058013005519956,0.039588518525626115,-0.0884918421876764,0.9901947184797831
-0.4789983026447611,0.42047229114908463,0.8376636243619373,0.09937121763488835,0.03945391733787663,-0.0880846235082598,0.9903584445108062
-0.4762382036679394,0.41876402002107105,0.8360816959797195,0.09816879676731396,0.03931764518974777,-0.08767475808331018,0.990520139579718
-0.4734734044123126,0.4170392168065859,0.8345062388114712,0.09697288724218432,0.039179699508223934,-0.08726225896242273,0.9906798213586139
-0.4707039321653324,0.4152979495979063,0.8329373150535436,0.09578350874271337,0.03904007792062068,-0.08684713928517132,0.9908375074485566
-0.4679298142605734,0.41354028713728097,0.8313749866443609,0.09460068084545385,0.038898778254725555,-0.0864294122799962,0.9909932153787939
-0.46515107807745854,0.4117662988142139,0.8298193152619733,0.09342442302012674,0.038755798538915254,-0.08600909126309453,0.991146962605982
-0.46236775104099137,0.40997605466272596,0.8282703623216225,0.09225475462944727,0.03861113700225047,-0.08558618963731615,0.9912987665134155
-0.4595798606214876,0.40816962535859186,0.8267281889733197,0.09109169492895137,0.038464792074547546,-0.08516072089106423,0.9914486444102624
-0.4567874343342994,0.406347082216547,0.8251928560994272,0.08993526306681449,0.03831676238642708,-0.08473269859719902,0.9915966135308053
-0.4539904997395469,0.40450849718747384,0.8236644243122582,0.0887854780836699,0.03816704676934003,-0.08430213641194775,0.9917426910336887
-0.45118908444184536,0.4026539428555612,0.8221429539516825,0.08764235891242536,0.038015644255570705,-0.08386904807381891,0.9918868940011714
-0.44838321609003273,0.40078349243543865,0.8206285050827447,0.08650592437807414,0.037862554078217134,-0.08343344740252151,0.9920292394383846
-0.44557292237689694,0.398897219769286,0.819121137493293,0.08537619319750521,0.03770777567114858,-0.08299534829788943,0.992169744272596
-0.44275823103890155,0.39699519932391775,0.8176209106916185,0.08425318397930993,0.03755130866894037,-0.0825547647388112,0.9923084253524799
-0.43993916985591536,0.3950775061878454,0.8161278839041072,0.0831369152235866,0.037393152906786305,-0.08211171078216548,0.9924452994473912
-0.43711576665093327,0.3931442160683098,0.8146421160728999,0.08202740532173922,0.037233308420387995,-0.08166620056176091,0.9925803832466474
-0.43428804928980436,0.39119540528829394,0.8131636658535661,0.08092467255627842,0.037071775445821936,-0.08121824828728295,0.9927136933588148
-0.4314560456809589,0.3892311507835117,0.8116925916127898,0.07982873510061661,0.03690855441938418,-0.08076786824324611,0.9928452463109991
-0.42861978377512844,0.3872515300993671,0.8102289514260628,0.078739611018859,0.03674364597741217,-0.08031507478795119,0.9929750585481446
-0.42577929156507294,0.3852566213878949,0.8087728030753933,0.07765731826559567,0.03657705095608442,-0.0798598823524496,0.9931031464323355
-0.42293459708530373,0.3832465034046753,0.807324204047025,0.07658187468568876,0.03640877039119783,-0.07940230543951332,0.9932295262421051
-0.4200857284118061,0.3812212555057239,0.8058832115291666,0.0755132980140557,0.036238805517922634,-0.07894235862261098,0.9933542141717493
-0.41723271366176534,0.379180957644361,0.8044498824097364,0.07445160587545455,0.03606715777053524,-0.07848005654489068,0.9934772263306453
-0.41437558099328436,0.3771256903680521,0.8030242732741132,0.07339681578426076,0.03589382878212855,-0.07801541391816849,0.9935985787425762
-0.41151435860510915,0.37505553481523013,0.8016064404029046,0.07234894514424602,0.035718820384300604,-0.07754844552192415,0.9937182873450615
-0.4086490747363488,0.37297057271209094,0.8001964397697244,0.0713080112483515,0.035542134606820916,-0.07707916620230297,0.9938363679886912
-0.4057797576661999,0.3708708863693696,0.798794327038984,0.0702740312784623,0.03536377367727505,-0.07660759087112519,0.9939528364364671
-0.4029064357136628,0.3687565586790871,0.7974001575636928,0.06924702230517484,0.0351837400206869,-0.07613373450490071,0.9940677083631481
-0.4000291372372651,0.36662767311128025,0.7960139863832744,0.06822700128756562,0.03500203625911952,-0.07565761214385222,0.9941809993546006
-0.3971478906347803,0.36448431371070555,0.7946358682213932,0.06721398507295531,0.03481866521125399,-0.07517923889094434,0.9942927249071561
-0.39426272434295084,0.36232656509352323,0.7932658574837954,0.06620799039667323,0.0346336298919469,-0.07469862991092079,0.9944029004269713
-0.3913736668372024,0.36015451244395347,0.7919040082561586,0.06520903388181595,0.03444693351176558,-0.07421580042934735,0.9945115412293953
-0.38848074663136634,0.3579682415109158,0.7905503743019583,0.06421713203900653,0.034258579476502536,-0.07373076573166343,0.9946186625383415
-0.3855839922773969,0.355767838604643,0.7892050090603454,0.06323230126615062,0.03406857138666792,-0.07324354116224013,0.9947242794856642
-0.38268343236509034,0.35355339059327423,0.7878679656440359,0.06225455784818998,0.03387691303696101,-0.07275414212344607,0.9948284071105398
-0.37977909552180106,0.35132498489942454,0.7865392968372144,0.061283917956854846,0.033683608415720045,-0.07226258407472055,0.9949310603588561
-0.3768710104121628,0.3490827094967364,0.7852190550934507,0.06032039765041468,0.03348866170435129,-0.07176888253165477,0.9950322540826025
-0.3739592057378007,0.3468266529064027,0.7839072925336281,0.05936401287342453,0.03329207727673653,-0.07127305306507938,0.9951320030392681
-0.3710437102370507,0.34455690419367396,0.7826040609438858,0.05841477945647146,0.03309385969861988,-0.07077511130016112,0.9952303218912442
-0.3681245526846778,0.3422735529643442,0.7813094117735764,0.05747271311592019,0.03289401372697379,-0.07027507291550696,0.9953272252052312
-0.3652017618915878,0.3399766893612096,0.780023396133232,0.05653782945365439,0.032692544309343624,-0.06977295364227507,0.9954227274516511
-0.3622753667045459,0.33766640406051235,0.7787460647925479,0.05561014395681696,0.0324894565831723,-0.06926876926329482,0.9955168430040652
-0.3593453960058911,0.3353427882683603,0.7774774681783784,0.054689671997549184,0.032284755875103724,-0.06876253561219427,0.9956095861385962
-0.3564118787132513,0.3330059337171262,0.7762176563727455,0.053776428832729414,0.032078447700265925,-0.06825426857253558,0.995700971033356
-0.35347484377925703,0.33065593266182586,0.774966679110862,0.05287042960370705,0.03187053776153366,-0.0677439840769584,0.9957910117678764
-0.35053432019125913,0.32829287787647826,0.7737245857791689,0.051971689336038386,0.03166103194877105,-0.06723169810633219,0.9958797223225485
-0.34759033697103736,0.32591686265043956,0.7724914254133836,0.051080222939217795,0.031449936338053305,-0.0667174266889151,0.9959671165780634
-0.3446429231745167,0.32352798078472184,0.7712672466965655,0.05019604520641028,0.031237257190868888,-0.06620118589952237,0.9960532083148591
-0.34169210789148313,0.321126326588292,0.770052097957195,0.04931917081418161,0.0310230009533018,-0.0656829918587031,0.9961380112125744
-0.3387379202452914,0.3187119948743448,0.7688460271672632,0.04844961432222625,0.030807174255193265,-0.06516286073192372,0.9962215388495019
-0.33578038939258087,0.3162850809565623,0.7676490819403798,0.047587390173095864,0.030589783909284303,-0.06464080872876156,0.9963038047020539
-0.332819544522987,0.3138456806453505,0.7664613095298931,0.0467325126919256,0.030370836910338355,-0.06411685210210578,0.9963848221442262
-0.32985541485885345,0.31139389024405667,0.7652827568270237,0.04588499608615862,0.030150340434244444,-0.063591007147367,0.9964646044470702
-0.3268880296549424,0.30892980654516705,0.7641134703590142,0.045044854445272,0.029928301837100633,-0.06306329020169502,0.9965431647781688
-0.3239174181981495,0.30645352682648824,0.7629534962872929,0.04421210174049947,0.029704728654278808,-0.06253371764320595,0.996620516201118
-0.32094360980720976,0.30396514884730286,0.7618028804056495,0.04338675182455347,0.029479628599469385,-0.062002305890216165,0.9966966716750126
-0.3179666338324106,0.30146477084451195,0.7606616681384286,0.04256881843134708,0.029253009563707546,-0.06146907140048608,0.996771644053936
-0.3149865196553046,0.2989524915287592,0.7595299045387369,0.04175831517571678,0.029024879614380567,-0.06093403067047257,0.9968454460864564
-0.31200329668841487,0.29642841008052956,0.7584076342866634,0.040955255553140245,0.028795246994215765,-0.06039720023458846,0.9969180904151265
-0.3090169943749476,0.2938926261462366,0.7572949016875158,0.040159652939457585,0.02856412012025032,-0.05985859666447206,0.9969895895759887
-0.3060276421885011,0.2913452398342883,0.7561917506700719,0.03937152059059068,0.02833150758278218,-0.05931823656826467,0.9970599559980848
-0.30303526963277455,0.2887863517111342,0.755098224784845,0.03859087164226114,0.02809741814430277,-0.0587761365898965,0.9971292020029705
-0.30003990624127697,0.286216062797296,0.7540143672023646,0.03781771910970975,0.027861860738411036,-0.058232313408381545,0.9971973398042338
-0.29704158157703503,0.28363447456337826,0.7529402207114717,0.037052075887413397,0.02762484446870965,-0.0576867837371206,0.9972643815070201
-0.2940403252323042,0.28104168892606546,0.7518758277176315,0.036293954748804584,0.027386378607683143,-0.0571395643232137,0.9973303391075605
-0.2910361668282723,0.2784378082440943,0.7508212302412564,0.035543368345986856,0.027146472595557723,-0.056590671946779796,0.9973952244927043
-0.288029136014769,0.27582293531421487,0.7497764699160485,0.03480032920945423,0.026905136039143705,-0.05604012342028611,0.9974590494394584
-0.2850192624699761,0.27319717336713445,0.7487415879873575,0.03406484974780859,0.026662378710660475,-0.0554879355878863,0.9975218256145291
-0.2820065759001296,0.270560626063438,0.7477166253105494,0.03333694224747588,0.026418210546543277,-0.05493412532476577,0.9975835645738705
-0.2789911060392296,0.26791339748949855,0.7467016223493956,0.032616618872424966,0.02617264164623326,-0.05437870953649702,0.9976442777622363
-0.2759728826487463,0.2652555921533674,0.7456966191744752,0.031903891663886186,0.02592568227095005,-0.05382170515840284,0.9977039765127363
-0.2729519355173251,0.2625873149806477,0.7447016554615924,0.031198772540067907,0.025677342842447215,-0.053263129154928125,0.9977626720463989
-0.2699282944604964,0.2599086713103547,0.7437167704902115,0.03050127329587652,0.025427633941751217,-0.052702998519020834,0.9978203754717373
-0.26690198932037584,0.2572197668907534,0.7427420031419045,0.029811405602633807,0.025176566307882797,-0.05214133027152005,0.9978770977843194
-0.26387304996537336,0.254520707875186,0.7417773918988171,0.029129181007798797,0.02492415083656237,-0.05157814146055404,0.9979328498663456
-0.2608415062898967,0.2518116008178802,0.7408229748421493,0.028454610934685032,0.02467039857889875,-0.05101344916094587,0.9979876424862272
-0.25780738821405985,0.24909255266974534,0.739878789650653,0.027787706682183316,0.02441532074006178,-0.05044727047362836,0.9980414862981727
-0.2547707256833823,0.24636367077414587,0.7389448735991424,0.027128479424481905,0.02415892867793805,-0.049879622525065975,0.9980943918417771
-0.25173154866849745,0.2436250628626664,0.738021263557024,0.026476940210789304,0.023901233901771443,-0.04931052246668661,0.9981463695416167
-0.24868988716485446,0.2408768370508573,0.7371079959868408,0.025833099965056967,0.023642248070787273,-0.0487399874743208,0.9981974297068481
-0.24564577119242623,0.2381191018339694,0.7362051069428331,0.025196969485703286,0.02338198299280118,-0.04816803474765027,0.9982475825308118
-0.24259923079540752,0.23535196608266631,0.735312632069514,0.02456855944533939,0.023120450622811706,-0.047594681509663075,0.9982968380906416
-0.2395502960419221,0.23257553903872938,0.7344306066002635,0.02394788039049318,0.02285766306157829,-0.04701994500611873,0.9983452063468766
-0.23649899702372515,0.2297899303107443,0.7335590653559368,0.023334942741339237,0.022593632554183486,-0.04644384250502063,0.99839269714308
-0.2334453638559052,0.22699524986977315,0.7326980427434897,0.022729756791424638,0.022328371488580325,-0.04586639129609668,0.9984393202054614
-0.23038942667659057,0.22419160804501606,0.731847572754621,0.022132332707401347,0.022061892394124916,-0.04528760869028892,0.9984850851425043
-0.2273312156466466,0.2213791155194509,0.7310076889644294,0.021542680528755225,0.02179420794009368,-0.04470751201924949,0.9985300014445978
-0.22427076094938153,0.21855788332546675,0.7301784245300889,0.02096081016753997,0.021525330934186716,-0.04412611863484638,0.9985740784836735
-0.2212080927902468,0.21572802284047915,0.729359812189539,0.020386731408110165,0.02125527432101626,-0.04354344590867605,0.9986173255128463
-0.21814324139654243,0.21288964578253616,0.7285518842601941,0.019820453906858437,0.02098405118058136,-0.0429595112315851,0.9986597516660618
-0.21507623701711343,0.21004286420590315,0.727754672637665,0.01926198719195225,0.020711674726727677,-0.042374332013198034,0.9987013659577453
-0.21200710992205488,0.20718779049664227,0.7269682087945014,0.018711340663072406,0.020438158305594225,-0.0417879256814546,0.9987421772824593
-0.20893589040241214,0.2043245373681749,0.7261925237789493,0.018168523591154822,0.020163515394045813,-0.04120030968215392,0.9987821944145612
-0.20586260876988194,0.2014532178568319,0.725427648213725,0.017633545118133895,0.0198877595980921,-0.04061150147850668,0.9988214260078707
-0.20278729535651244,0.19857394531739025,0.7246736122948056,0.017106414256685586,0.01961090465129321,-0.04002151855069455,0.998859880595338
-0.19970998051440716,0.19568683341860132,0.7239304457902389,0.0165871398899771,0.019332964413152284,-0.039430378395438184,0.9988975665887181
-0.19663069461542038,0.19279199613869857,0.7231981780389657,0.016075730771413034,0.019053952867494485,-0.03883809852557099,0.9989344922782507
-0.1935494680508599,0.18988954776090022,0.7224768379496626,0.015572195524388308,0.018773884120833563,-0.03824469646962175,0.9989706658323428
-0.19046633123118972,0.18697960286890006,0.7217664539996016,0.0150765426420413,0.018492772400725898,-0.03765018977140472,0.9990060952972585
-0.18738131458572466,0.18406227634233902,0.7210670542335247,0.01458878048700936,0.01821063205411118,-0.03705459598961546,0.999040788596811
-0.18429444856233354,0.18113768335227307,0.7203786662625368,0.014108917291186707,0.017927477545641602,-0.03645793269743553,0.9990747535320618
-0.18120576362713778,0.17820593935662574,0.7197013172630164,0.01363696115548578,0.017643323455998432,-0.03586021748214348,0.9991079977810228
-0.17811529026421075,0.1752671600956301,0.7190350339755425,0.013172920049599258,0.017358184480196725,-0.035261467944733046,0.9991405288983632
-0.17502305897527598,0.17232146158725845,0.7183798427038377,0.012716801811766565,0.017072075425878085,-0.03466170169953821,0.9991723543151229
-0.17192910027940966,0.1693689601226458,0.7177357693137324,0.012268614148542778,0.01678501121159223,-0.03406093637386602,0.9992034813384292
-0.16883344471273418,0.16640977226149362,0.7171028392321408,0.011828364634567875,0.01649700686506632,-0.033459189607634277,0.9992339171512173
-0.16573612282811934,0.1634440148274709,0.7164810774460585,0.011396060712341633,0.016208077521463738,-0.03285647905301787,0.9992636688119595
-0.16263716519488342,0.16047180490360458,0.7158705085015766,0.010971709692000828,0.01591823842163174,-0.032252822374101354,0.9992927432543934
-0.15953660239848633,0.15749325982765242,0.7152711565029116,0.010555318751097685,0.0156275049103376,-0.0316482372465368,0.9993211472872608
-0.15643446504023106,0.15450849718747392,0.714683045111454,0.010146894934382339,0.015335892434494739,-0.03104274135720968,0.9993488875940463
-0.15333078373696102,0.1515176348163874,0.7141061975448344,0.009746445153589833,0.015043416541378005,-0.030436352403910315,0.9993759707327247
-0.15022558912075765,0.14852079078851804,0.7135406365760072,0.00935397618722762,0.014750092876828672,-0.029829088095011714,0.9994024031355105
-0.14711891183863815,0.1455180834141367,0.712986384532351,0.00896949468036751,0.014455937183449319,-0.029220966149153628,0.9994281911086144
-0.14401078255225225,0.14250963123498817,0.7124434632947872,0.00859300714444074,0.014160965298788668,-0.028612004294932436,0.9994533408320013
-0.14090123193758294,0.13949555301961492,0.7119118942969171,0.008224519957035766,0.013865193153517103,-0.028002220270597972,0.9994778583591579
-0.13779029068463855,0.13647596775866308,0.7113916985241743,0.007864039361701084,0.013568636769591691,-0.02739163182375438,0.99950174961686
-0.1346779894971524,0.1334509946601876,0.710882896512997,0.0075115714677489,0.01327131225841271,-0.02678025671106843,0.9995250204049492
-0.13156435909228248,0.13042075314494847,0.7103855083500178,0.007167122250064627,0.012973235818970903,-0.02616811269798333,0.9995476763961105
-0.12844943020030303,0.12738536284169127,0.7098995536712696,0.006830697548917726,0.012674423735985034,-0.025555217558436753,0.9995697231356584
-0.12533323356430462,0.12434494358242777,0.7094250516614107,0.006502303069777398,0.012374892378031466,-0.024941589074585845,0.9995911660413248
-0.12221579993988999,0.12129961539770426,0.7089620210529683,0.00618194438313243,0.012074658195664702,-0.024327245036536868,0.9996120104030534
-0.1190971600948696,0.11824949851186221,0.7085104801255978,0.0058696269243128235,0.011773737719529572,-0.023712203242080045,0.9996322613827984
-0.11597734480896142,0.11519471333829535,0.708070446705362,0.00556535599331661,0.011472147558465595,-0.023096481496430357,0.9996519240143288
-0.11285638487348194,0.11213538047469085,0.7076419381640269,0.0052691367546403,0.011169904397602473,-0.022480097611971662,0.9996710032030367
-0.10973431109104571,0.10907162069827173,0.7072249714183758,0.0049809742371121745,0.010867024996448649,-0.02186306940800746,0.99968950372575
-0.10661115427525968,0.10600355496102709,0.706819562929542,0.004700873333729558,0.01056352618697176,-0.02124541471051542,0.9997074302305528
-0.10348694525042247,0.10293130438494062,0.7064257287023583,0.004428838801502559,0.01025942487167209,-0.020627151351907604,0.9997247872366065
-0.10036171485121503,0.09985499025720367,0.706043484284726,0.0041648752612974144,0.009954738021648068,-0.020008297170793506,0.9997415791339798
-0.09723549392239968,0.09677473402543048,0.7056728447669998,0.0039089871976868695,0.009649482674655518,-0.019388870011749295,0.99975781018348
-0.09410831331851396,0.09369065729286198,0.7053138247813934,0.0036611789588038147,0.009343675933159634,-0.018768887725090364,0.9997734845164932
-0.09098020390356976,0.09060288181356853,0.7049664385014012,0.0034214547561986783,0.009037334962380808,-0.018148368166649068,0.9997886061348252
-0.08785119655074321,0.08751152948763807,0.7046306996412384,0.0031898186647019338,0.008730476988333201,-0.017527329197554873,0.9998031789105509
-0.08472132214207367,0.08441672235636717,0.7043066214553007,0.0029662746222884583,0.008423119295857998,-0.016905788684020148,0.9998172065858659
-0.08159061156815799,0.08131858259744223,0.7039942167376396,0.00275082642994932,0.008115279226650151,-0.01628376449712899,0.9998306927729452
-0.07845909572784557,0.07821723252011606,0.7036934978214588,0.0025434777515645716,0.007806974177279464,-0.015661274512629896,0.9998436409538057
-0.07532680552793265,0.07511279456037846,0.7034044765786258,0.002344232113782445,0.007498221597205955,-0.015038336610731859,0.9998560544801728
-0.07219377188286073,0.07200539127612621,0.7031271644192048,0.0021530929059023138,0.007189038986790264,-0.01441496867590484,0.9998679365733545
-0.06906002571440611,0.06889514534231936,0.7028615722910048,0.0019700633797618563,0.006879443895297979,-0.0137911885966818,0.999879290324118
-0.0659255979513775,0.06578217954614089,0.7026077106791481,0.0017951466496278583,0.006569453918899784,-0.013167014265465515,0.9998901186925725
-0.0627905195293132,0.06266661678215195,0.7023655896056566,0.0016283456920926362,0.006259086698666794,-0.012542463578338521,0.9999004245080566
-0.05965482139017072,0.05954858004743489,0.7021352186290559,0.0014696633459747707,0.005948359918560535,-0.011917554434874389,0.9999102104690304
-0.05651853448202474,0.05642819243674106,0.7019166068439975,0.0013191023122224453,0.005637291303419428,-0.011292304737953625,0.9999194791429735
-0.053381689758760884,0.053305577137630365,0.7017097628809004,0.001176665153824045,0.005325898616940651,-0.01066673239358136,0.9999282329662872
-0.05024431817977016,0.05018085742560805,0.70151469490561,0.0010423542957213863,0.005014199659658141,-0.01004085531070781,0.9999364742442016
-0.047106450709642575,0.04705415665925707,0.701331410619076,0.0009161720247276104,0.004702212266916752,-0.00941469140105096,0.9999442051506878
-0.04396811831786501,0.043925598275371694,0.7011599172570483,0.0007981204894508692,0.004389954306843287,-0.008788258578922481,0.9999514277283763
-0.0408293519785103,0.040795305784079076,0.701000221589791,0.0006882017002195897,0.004077443678313341,-0.00816157476105402,0.9999581438884777
-0.03769018266993415,0.03766340276396597,0.7008523299218158,0.0005864175290180309,0.0037646983089157596,-0.007534657866427126,0.9999643554107118
-0.03455064137447208,0.0345300128572027,0.7007162480916325,0.0004927697094185842,0.0034517361529142203,-0.006907525816105086,0.9999700639432384
-0.0314107590781283,0.03139525976465669,0.7005919814715185,0.00040725983652637534,0.003138575189205254,-0.006280196533064934,0.9999752710025951
-0.028270566770273453,0.028259267241012465,0.7004795349673074,0.00032988936692310484,0.0028252334192746796,-0.005652687942032884,0.9999799779736402
-0.025130095443337875,0.025122159089885174,0.7003789130181948,0.0002606596186178965,0.0025117288651512787,-0.005025017969320339,0.9999841861095
-0.0219893760925057,0.021984059158933044,0.7002901195965626,0.0001995717710038412,0.0021980795673584505,-0.0043972045426614965,0.9999878965315198
-0.018848439715408075,0.01884509133496717,0.7002131582078233,0.00014662686481514307,0.0018843035828639337,-0.0037692655910519656,0.9999911102292232
-0.01570731731182077,0.015705379539064243,0.7001480318902805,0.00010182580209398438,0.0015704189830282574,-0.0031412190445893806,0.9999938280602725
-0.012566039883352897,0.01256504772166903,0.70009474321501,6.516934615933955e-05,0.0012564438515508614,-0.002513082834313202,0.9999960507504378
-0.009424638433143603,0.009424219857703685,0.7000532942857574,3.665812157975806e-05,0.0009423962824157549,-0.0018848748920469321,0.9999977788935684
-0.006283143965558744,0.006283019941676096,0.7000236867388552,1.6292614153002105e-05,0.000628294377836125,-0.0012566131502410162,0.999999012951571
-0.003141587485879552,0.003141571982779464,0.7000059217431589,4.073170889435106e-06,0.0003141562461973066,-0.000628315541814693,0.9999997532543906
-1.8369701987210297e-16,1.8369701987210297e-16,0.7000000000000001,6.123233995736766e-17,1.8369701987210294e-17,-3.6739403974420595e-17,1.0
0.003141587485879184,-0.003141571982779096,0.7000059217431589,4.073170889435061e-06,-0.00031415624619726977,0.0006283155418146195,0.9999997532543906
0.006283143965558376,-0.0062830199416757295,0.7000236867388552,1.6292614153002013e-05,-0.0006282943778360882,0.0012566131502409427,0.999999012951571
0.009424638433143237,-0.009424219857703317,0.7000532942857572,3.6658121579757926e-05,-0.0009423962824157184,0.0018848748920468586,0.9999977788935684
0.01256603988335253,-0.012565047721668662,0.70009474321501,6.516934615933936e-05,-0.0012564438515508247,0.002513082834313129,0.9999960507504378
0.0157073173118204,-0.015705379539063875,0.7001480318902804,0.00010182580209398415,-0.0015704189830282205,0.003141219044589307,0.9999938280602725
0.018848439715407707,-0.018845091334966802,0.7002131582078233,0.0001466268648151428,-0.0018843035828638968,0.003769265591051892,0.9999911102292232
0.02198937609250533,-0.021984059158932676,0.7002901195965625,0.00019957177100384088,-0.0021980795673584136,0.004397204542661423,0.9999878965315198
0.025130095443337507,-0.025122159089884806,0.7003789130181948,0.0002606596186178961,-0.002511728865151242,0.005025017969320265,0.9999841861095
0.028270566770273085,-0.028259267241012097,0.7004795349673074,0.00032988936692310446,-0.002825233419274643,0.00565268794203281,0.9999799779736402
0.03141075907812794,-0.03139525976465633,0.7005919814715185,0.0004072598365263749,-0.0031385751892052177,0.006280196533064863,0.9999752710025951
0.03455064137447172,-0.03453001285720235,0.7007162480916325,0.0004927697094185837,-0.0034517361529141843,0.006907525816105015,0.9999700639432384
0.03769018266993468,-0.0376634027639665,0.7008523299218159,0.0005864175290180317,-0.003764698308915812,0.007534657866427232,0.9999643554107118
0.04082935197850994,-0.04079530578407872,0.701000221589791,0.0006882017002195892,-0.004077443678313306,0.008161574761053949,0.9999581438884777
0.04396811831786465,-0.04392559827537134,0.7011599172570482,0.0007981204894508685,-0.004389954306843251,0.00878825857892241,0.9999514277283763
0.047106450709642214,-0.04705415665925671,0.701331410619076,0.0009161720247278318,-0.0047022122669167134,0.009414691401050886,0.9999442051506878
0.0502443181797698,-0.05018085742560769,0.70151469490561,0.0010423542957213856,-0.0050141996596581055,0.010040855310707737,0.9999364742442016
0.05338168975876052,-0.053305577137630004,0.7017097628809004,0.0011766651538242662,-0.005325898616940613,0.010666732393581289,0.9999282329662872
0.05651853448202438,-0.0564281924367407,0.7019166068439975,0.0013191023122224445,-0.005637291303419392,0.011292304737953554,0.9999194791429735
0.05965482139017036,-0.05954858004743453,0.7021352186290559,0.0014696633459747698,-0.005948359918560499,0.011917554434874316,0.9999102104690304
0.06279051952931372,-0.06266661678215248,0.7023655896056568,0.0016283456920928596,-0.006259086698666844,0.012542463578338625,0.9999004245080566
0.065925597951378,-0.0657821795461414,0.7026077106791482,0.0017951466496278596,-0.006569453918899834,0.013167014265465618,0.9998901186925725
0.06906002571440575,-0.068895145342319,0.7028615722910048,0.001970063379761855,-0.006879443895297943,0.01379118859668173,0.999879290324118
0.07219377188286037,-0.07200539127612586,0.7031271644192048,0.0021530929059023125,-0.007189038986790229,0.01441496867590477,0.9998679365733545
0.07532680552793229,-0.0751127945603781,0.7034044765786258,0.0023442321137822223,-0.007498221597205922,0.015038336610731786,0.9998560544801728
0.07845909572784521,-0.0782172325201157,0.7036934978214587,0.0025434777515645703,-0.007806974177279428,0.015661274512629823,0.9998436409538057
0.08159061156815763,-0.08131858259744187,0.7039942167376396,0.002750826429949319,-0.008115279226650115,0.01628376449712892,0.9998306927729452
0.08472132214207331,-0.08441672235636681,0.7043066214553007,0.002966274622288458,-0.008423119295857963,0.016905788684020075,0.999817206585866
0.08785119655074286,-0.08751152948763771,0.7046306996412384,0.0031898186647019325,-0.008730476988333168,0.017527329197554804,0.9998031789105509
0.09098020390357028,-0.09060288181356906,0.7049664385014012,0.0034214547561986805,-0.00903733496238086,0.018148368166649175,0.9997886061348252
0.09410831331851449,-0.0936906572928625,0.7053138247813935,0.0036611789588038165,-0.009343675933159688,0.01876888772509047,0.9997734845164932
0.09723549392239932,-0.09677473402543012,0.7056728447669998,0.003908987197686646,-0.009649482674655489,0.01938887001174922,0.99975781018348
0.10036171485121467,-0.0998549902572033,0.7060434842847259,0.004164875261297413,-0.009954738021648032,0.020008297170793433,0.9997415791339798
0.10348694525042212,-0.10293130438494028,0.7064257287023583,0.004428838801502558,-0.010259424871672055,0.020627151351907534,0.9997247872366065
0.10661115427525931,-0.10600355496102674,0.7068195629295418,0.0047008733337293345,-0.010563526186971728,0.02124541471051535,0.9997074302305528
0.10973431109104535,-0.10907162069827137,0.7072249714183758,0.004980974237112173,-0.010867024996448614,0.021863069408007384,0.99968950372575
0.11285638487348158,-0.1121353804746905,0.7076419381640269,0.005269136754640299,-0.011169904397602437,0.022480097611971592,0.9996710032030367
0.11597734480896107,-0.11519471333829501,0.708070446705362,0.005565355993316608,-0.01147214755846556,0.023096481496430288,0.9996519240143288
0.11909716009487012,-0.11824949851186273,0.7085104801255979,0.005869626924312826,-0.011773737719529625,0.02371220324208015,0.9996322613827984
0.12221579993988964,-0.12129961539770391,0.7089620210529682,0.0061819443831324285,-0.012074658195664667,0.0243272450365368,0.9996120104030534
0.12533323356430423,-0.1243449435824274,0.7094250516614107,0.006502303069777397,-0.012374892378031428,0.024941589074585768,0.9995911660413248
0.12844943020030264,-0.12738536284169089,0.7098995536712693,0.006830697548917502,-0.012674423735985003,0.025555217558436674,0.9995697231356584
0.1315643590922821,-0.13042075314494808,0.7103855083500177,0.007167122250064624,-0.012973235818970863,0.026168112697983255,0.9995476763961105
0.134677989497152,-0.13345099466018723,0.710882896512997,0.0075115714677488985,-0.013271312258412672,0.026780256711068356,0.9995250204049492
0.13779029068463816,-0.13647596775866272,0.7113916985241742,0.007864039361701082,-0.013568636769591651,0.027391631823754307,0.99950174961686
0.14090123193758256,-0.13949555301961455,0.711911894296917,0.008224519957035542,-0.01386519315351707,0.028002220270597896,0.9994778583591579
0.14401078255225186,-0.1425096312349878,0.7124434632947871,0.008593007144440515,-0.014160965298788636,0.02861200429493236,0.9994533408320013
0.14711891183863776,-0.1455180834141363,0.712986384532351,0.00896949468036773,-0.014455937183449273,0.029220966149153555,0.9994281911086144
0.15022558912075726,-0.14852079078851765,0.7135406365760071,0.009353976187227617,-0.014750092876828632,0.029829088095011634,0.9994024031355105
0.15333078373696063,-0.151517634816387,0.7141061975448344,0.009746445153589831,-0.015043416541377969,0.030436352403910235,0.9993759707327247
0.15643446504023067,-0.15450849718747353,0.7146830451114539,0.010146894934382115,-0.015335892434494708,0.0310427413572096,0.9993488875940463
0.15953660239848594,-0.15749325982765205,0.7152711565029115,0.010555318751097682,-0.015627504910337563,0.031648237246536724,0.9993211472872608
0.16263716519488303,-0.16047180490360421,0.7158705085015766,0.010971709692000826,-0.015918238421631703,0.032252822374101285,0.9992927432543934
0.16573612282811895,-0.1634440148274705,0.7164810774460584,0.01139606071234163,-0.0162080775214637,0.03285647905301779,0.9992636688119595
0.1688334447127338,-0.16640977226149326,0.7171028392321406,0.011828364634567875,-0.01649700686506628,0.03345918960763421,0.9992339171512175
0.17192910027940927,-0.16936896012264543,0.7177357693137323,0.012268614148542776,-0.01678501121159219,0.034060936373865945,0.9992034813384292
0.1750230589752756,-0.17232146158725808,0.7183798427038377,0.012716801811766563,-0.017072075425878044,0.03466170169953814,0.9991723543151229
0.17811529026421036,-0.17526716009562973,0.7190350339755424,0.013172920049598814,-0.0173581844801967,0.03526146794473296,0.9991405288983632
0.1812057636271374,-0.17820593935662538,0.7197013172630164,0.013636961155485778,-0.017643323455998394,0.03586021748214341,0.9991079977810228
0.18429444856233315,-0.18113768335227268,0.7203786662625367,0.014108917291186482,-0.017927477545641574,0.03645793269743545,0.9990747535320618
0.18738131458572427,-0.18406227634233865,0.7210670542335245,0.014588780487009357,-0.018210632054111144,0.03705459598961539,0.999040788596811
0.19046633123118933,-0.1869796028688997,0.7217664539996015,0.015076542642041297,-0.018492772400725863,0.03765018977140464,0.9990060952972585
0.1935494680508604,-0.18988954776090067,0.7224768379496627,0.015572195524388311,-0.018773884120833608,0.03824469646962184,0.9989706658323428
0.19663069461542002,-0.1927919961386982,0.7231981780389656,0.01607573077141281,-0.01905395286749446,0.038838098525570915,0.9989344922782507
0.19970998051440678,-0.19568683341860096,0.7239304457902389,0.016587139889977096,-0.01933296441315225,0.039430378395438115,0.9988975665887181
0.20278729535651205,-0.1985739453173899,0.7246736122948056,0.017106414256685583,-0.01961090465129317,0.040021518550694475,0.998859880595338
0.20586260876988158,-0.20145321785683154,0.7254276482137247,0.017633545118133448,-0.019887759598092088,0.040611501478506604,0.9988214260078708
0.20893589040241176,-0.20432453736817455,0.7261925237789493,0.018168523591154822,-0.020163515394045775,0.04120030968215385,0.9987821944145612
0.21200710992205452,-0.20718779049664193,0.7269682087945013,0.018711340663071962,-0.02043815830559421,0.04178792568145452,0.9987421772824593
0.21507623701711306,-0.2100428642059028,0.7277546726376649,0.019261987191952247,-0.02071167472672764,0.042374332013197964,0.9987013659577453
0.2181432413965429,-0.21288964578253664,0.7285518842601943,0.01982045390685844,-0.020984051180581404,0.04295951123158519,0.9986597516660618
0.22120809279024728,-0.21572802284047962,0.7293598121895393,0.02038673140811017,-0.0212552743210163,0.04354344590867615,0.9986173255128463
0.22427076094938117,-0.21855788332546638,0.7301784245300887,0.020960810167539746,-0.02152533093418669,0.044126118634846306,0.9985740784836735
0.2273312156466462,-0.22137911551945053,0.7310076889644292,0.021542680528755,-0.021794207940093655,0.04470751201924941,0.9985300014445978
0.23038942667659018,-0.22419160804501573,0.7318475727546208,0.02213233270740112,-0.022061892394124885,0.04528760869028885,0.9984850851425043
0.2334453638559048,-0.22699524986977282,0.7326980427434895,0.022729756791424412,-0.0223283714885803,0.045866391296096605,0.9984393202054614
0.23649899702372476,-0.22978993031074396,0.7335590653559367,0.023334942741339237,-0.022593632554183448,0.04644384250502055,0.99839269714308
0.23955029604192174,-0.23257553903872902,0.7344306066002635,0.023947880390492955,-0.022857663061578264,0.047019945006118655,0.9983452063468766
0.24259923079540713,-0.23535196608266595,0.735312632069514,0.02456855944533939,-0.02312045062281167,0.047594681509663006,0.9982968380906417
0.2456457711924267,-0.23811910183396984,0.7362051069428333,0.025196969485703512,-0.02338198299280122,0.04816803474765036,0.9982475825308118
0.248689887164855,-0.24087683705085777,0.737107995986841,0.02583309996505697,-0.02364224807078732,0.0487399874743209,0.9981974297068481
0.2517315486684971,-0.2436250628626661,0.738021263557024,0.0264769402107893,-0.02390123390177141,0.04931052246668655,0.9981463695416167
0.254770725683382,-0.24636367077414556,0.7389448735991423,0.027128479424481683,-0.024158928677938025,0.049879622525065906,0.9980943918417771
0.2578073882140595,-0.24909255266974503,0.7398787896506529,0.027787706682183312,-0.02441532074006175,0.0504472704736283,0.9980414862981727
0.2608415062898964,-0.25181160081787984,0.7408229748421492,0.02845461093468503,-0.024670398578898717,0.05101344916094581,0.9979876424862272
0.26387304996537303,-0.2545207078751857,0.741777391898817,0.029129181007799012,-0.024924150836562325,0.051578141460553985,0.9979328498663456
0.2669019893203755,-0.2572197668907531,0.7427420031419043,0.029811405602633803,-0.02517656630788277,0.052141330271519994,0.9978770977843194
0.2699282944604961,-0.25990867131035444,0.7437167704902113,0.030501273295876517,-0.025427633941751196,0.05270299851902078,0.9978203754717373
0.27295193551732566,-0.26258731498064813,0.7447016554615926,0.03119877254006791,-0.02567734284244727,0.053263129154928215,0.9977626720463989
0.275972882648746,-0.26525559215336714,0.7456966191744752,0.03190389166388618,-0.025925682270950018,0.05382170515840278,0.9977039765127363
0.2789911060392293,-0.2679133974894983,0.7467016223493954,0.032616618872424966,-0.026172641646233234,0.05437870953649696,0.9976442777622363
0.2820065759001293,-0.2705606260634377,0.7477166253105492,0.03333694224747544,-0.02641821054654327,0.05493412532476571,0.9975835645738705
0.2850192624699758,-0.27319717336713417,0.7487415879873573,0.034064849747808365,-0.026662378710660455,0.05548793558788623,0.9975218256145291
0.28802913601476865,-0.2758229353142146,0.7497764699160485,0.034800329209454,-0.026905136039143688,0.05604012342028604,0.9974590494394584
0.291036166828272,-0.27843780824409403,0.7508212302412562,0.03554336834598708,-0.027146472595557677,0.05659067194677974,0.9973952244927043
0.29404032523230395,-0.2810416889260652,0.7518758277176314,0.03629395474880413,-0.02738637860768314,0.05713956432321363,0.9973303391075605
0.2970415815770347,-0.283634474563378,0.7529402207114717,0.03705207588741339,-0.02762484446870962,0.05768678373712054,0.9972643815070201
0.3000399062412767,-0.2862160627972957,0.7540143672023645,0.03781771910970974,-0.02786186073841101,0.05823231340838149,0.9971973398042338
0.3030352696327742,-0.2887863517111339,0.7550982247848449,0.03859087164226113,-0.028097418144302742,0.058776136589896444,0.9971292020029705
0.30602764218850076,-0.291345239834288,0.7561917506700718,0.03937152059059023,-0.02833150758278218,0.0593182365682646,0.9970599559980848
0.3090169943749473,-0.2938926261462364,0.7572949016875157,0.04015965293945736,-0.028564120120250298,0.05985859666447201,0.9969895895759887
0.31200329668841453,-0.2964284100805293,0.7584076342866632,0.040955255553139794,-0.02879524699421576,0.06039720023458838,0.9969180904151265
0.3149865196553043,-0.29895249152875897,0.7595299045387368,0.04175831517571656,-0.029024879614380546,0.060934030670472525,0.9968454460864564
0.3179666338324111,-0.3014647708445124,0.7606616681384287,0.042568818431347306,-0.029253009563707577,0.061469071400486186,0.996771644053936
0.3209436098072095,-0.3039651488473026,0.7618028804056494,0.04338675182455302,-0.029479628599469388,0.062002305890216096,0.9966966716750126
0.32391741819814923,-0.306453526826488,0.7629534962872928,0.04421210174049947,-0.029704728654278784,0.06253371764320591,0.996620516201118
0.3268880296549429,-0.3089298065451675,0.7641134703590144,0.045044854445272,-0.02992830183710067,0.06306329020169511,0.9965431647781687
0.3298554148588531,-0.3113938902440564,0.7652827568270236,0.04588499608615862,-0.030150340434244412,0.06359100714736694,0.9964646044470702
0.3328195445229859,-0.31384568064534957,0.7664613095298927,0.04673251269192494,-0.030370836910338296,0.06411685210210556,0.9963848221442262
0.33578038939258054,-0.3162850809565621,0.7676490819403797,0.04758739017309586,-0.03058978390928428,0.06464080872876152,0.9963038047020539
0.3387379202452919,-0.31871199487434526,0.7688460271672635,0.04844961432222648,-0.030807174255193297,0.06516286073192382,0.9962215388495019
0.34169210789148285,-0.32112632658829177,0.7700520979571948,0.04931917081418116,-0.0310230009533018,0.06568299185870304,0.9961380112125744
0.3446429231745172,-0.3235279807847222,0.7712672466965657,0.05019604520641051,-0.031237257190868915,0.06620118589952247,0.9960532083148591
0.34759033697103786,-0.32591686265044,0.7724914254133838,0.0510802229392178,-0.03144993633805335,0.0667174266889152,0.9959671165780634
0.3505343201912588,-0.32829287787647804,0.7737245857791687,0.05197168933603861,-0.031661031948771005,0.06723169810633216,0.9958797223225485
0.35347484377925675,-0.3306559326618256,0.7749666791108619,0.05287042960370661,-0.03187053776153366,0.06774398407695834,0.9957910117678764
0.356411878713251,-0.333005933717126,0.7762176563727454,0.053776428832729414,-0.0320784477002659,0.06825426857253554,0.995700971033356
0.35934539600589077,-0.33534278826836006,0.7774774681783783,0.05468967199754919,-0.032284755875103696,0.06876253561219424,0.9956095861385963
0.3622753667045456,-0.3376664040605121,0.7787460647925477,0.05561014395681673,-0.03248945658317229,0.06926876926329478,0.9955168430040652
0.3652017618915867,-0.3399766893612087,0.7800233961332315,0.05653782945365393,-0.03269254430934356,0.06977295364227486,0.9954227274516512
0.3681245526846783,-0.3422735529643446,0.7813094117735766,0.0574727131159202,-0.03289401372697384,0.07027507291550704,0.9953272252052312
0.3710437102370512,-0.34455690419367435,0.782604060943886,0.0584147794564719,-0.033093859698619894,0.0707751113001612,0.995230321891244
0.3739592057377996,-0.34682665290640186,0.7839072925336276,0.05936401287342407,-0.03329207727673646,0.07127305306507918,0.9951320030392682
0.3768710104121625,-0.3490827094967362,0.7852190550934505,0.06032039765041467,-0.03348866170435127,0.07176888253165473,0.9950322540826025
0.37977909552180156,-0.35132498489942493,0.7865392968372146,0.06128391795685485,-0.03368360841572009,0.07226258407472064,0.9949310603588561
0.38268343236509006,-0.35355339059327395,0.7878679656440358,0.062254557848189764,-0.033876913036961005,0.07275414212344601,0.9948284071105398
0.3855839922773958,-0.3557678386046421,0.7892050090603449,0.06323230126614972,-0.03406857138666789,0.07324354116223991,0.9947242794856643
0.388480746631366,-0.3579682415109155,0.7905503743019582,0.06421713203900652,-0.0342585794765025,0.07373076573166337,0.9946186625383415
0.391373666837203,-0.36015451244395386,0.7919040082561587,0.0652090338818164,-0.0344469335117656,0.07421580042934746,0.9945115412293953
0.39426272434295057,-0.362326565093523,0.7932658574837952,0.06620799039667301,-0.03463362989194689,0.07469862991092074,0.9944029004269713
0.3971478906347808,-0.36448431371070594,0.7946358682213934,0.06721398507295555,-0.03481866521125402,0.07517923889094442,0.994292724907156
0.4000291372372656,-0.36662767311128064,0.7960139863832746,0.06822700128756562,-0.035002036259119566,0.0756576121438523,0.9941809993546006
0.40290643571366247,-0.36875655867908685,0.7974001575636925,0.06924702230517484,-0.035183740020686874,0.07613373450490067,0.9940677083631481
0.4057797576661996,-0.3708708863693694,0.7987943270389838,0.07027403127846163,-0.035363773677275084,0.07660759087112513,0.9939528364364673
0.4086490747363485,-0.3729705727120907,0.8001964397697242,0.07130801124835148,-0.03554213460682088,0.07707916620230292,0.9938363679886912
0.4115143586051089,-0.37505553481522985,0.8016064404029045,0.0723489451442458,-0.0357188203843006,0.0775484455219241,0.9937182873450615
0.41437558099328403,-0.3771256903680519,0.8030242732741131,0.07339681578426074,-0.03589382878212852,0.07801541391816844,0.9935985787425762
0.417232713661765,-0.37918095764436077,0.8044498824097362,0.07445160587545409,-0.03606715777053524,0.07848005654489061,0.9934772263306453
0.4200857284118066,-0.3812212555057242,0.8058832115291669,0.07551329801405525,-0.03623880551792271,0.07894235862261104,0.9933542141717493
0.42293459708530345,-0.3832465034046751,0.8073242040470248,0.07658187468568875,-0.03640877039119781,0.07940230543951328,0.9932295262421051
0.4257792915650718,-0.3852566213878941,0.8087728030753927,0.07765731826559523,-0.03657705095608435,0.07985988235244941,0.9931031464323355
0.42861978377512816,-0.38725153009936686,0.8102289514260625,0.07873961101885922,-0.03674364597741213,0.08031507478795115,0.9929750585481446
0.4314560456809594,-0.38923115078351206,0.8116925916127901,0.07982873510061662,-0.036908554419384225,0.0807678682432462,0.9928452463109991
0.4342880492898041,-0.3911954052882938,0.8131636658535659,0.0809246725562784,-0.037071775445821915,0.08121824828728291,0.9927136933588148
0.4371157666509322,-0.393144216068309,0.8146421160728994,0.08202740532173831,-0.03723330842038798,0.08166620056176073,0.9925803832466475
0.43993916985591586,-0.3950775061878457,0.8161278839041074,0.08313691522358618,-0.03739315290678638,0.08211171078216553,0.9924452994473912
0.4427582310389013,-0.3969951993239175,0.8176209106916182,0.08425318397930971,-0.03755130866894036,0.08255476473881115,0.9923084253524799
0.44557292237689583,-0.39889721976928527,0.8191211374932924,0.08537619319750477,-0.037707775671148525,0.08299534829788925,0.9921697442725961
0.4483832160900324,-0.4007834924354385,0.8206285050827444,0.08650592437807413,-0.037862554078217106,0.08343344740252148,0.9920292394383846
0.451189084441845,-0.40265394285556105,0.8221429539516822,0.08764235891242468,-0.03801564425557074,0.08386904807381887,0.9918868940011715
0.4539904997395466,-0.40450849718747367,0.823664424312258,0.0887854780836699,-0.03816704676934001,0.08430213641194773,0.9917426910336887
0.45678743433429914,-0.4063470822165468,0.825192856099427,0.08993526306681382,-0.03831676238642712,0.08473269859719897,0.9915966135308054
0.4595798606214873,-0.4081696253585917,0.8267281889733195,0.0910916949289516,-0.038464792074547505,0.08516072089106422,0.9914486444102624
0.46236775104099187,-0.4099760546627263,0.8282703623216228,0.09225475462944727,-0.03861113700225051,0.08558618963731623,0.9912987665134155
0.46515107807745826,-0.4117662988142137,0.8298193152619731,0.09342442302012652,-0.03875579853891525,0.08600909126309449,0.9911469626059821
0.4679298142605731,-0.4135402871372808,0.8313749866443607,0.09460068084545364,-0.03889877825472555,0.08642941227999616,0.9909932153787939
0.4707039321653329,-0.41529794959790656,0.8329373150535438,0.09578350874271314,-0.03904007792062074,0.08684713928517136,0.9908375074485566
0.4734734044123123,-0.41703921680658573,0.834506238811471,0.09697288724218453,-0.039179699508223885,0.08726225896242269,0.9906798213586138
0.47623820366793834,-0.4187640200210704,0.8360816959797188,0.0981687967673133,-0.039317645189747744,0.08767475808331003,0.9905201395797181
0.47899830264476084,-0.42047229114908447,0.8376636243619372,0.09937121763488856,-0.03945391733787657,0.08808462350825975,0.9903584445108061
0.48175367410171566,-0.4221639627510078,0.8392519615063013,0.10058013005519979,-0.03958851852562613,0.08849184218767647,0.9901947184797831
0.4845042908443974,-0.4238389680425413,0.8408466447079795,0.10179551413220937,-0.039721451526179605,0.08889640116306076,0.9900289437443072
0.48725012572533233,-0.425497240897346,0.8424476110116114,0.10301734986371128,-0.0398527193127019,0.08929828756813071,0.9898611024925871
0.48999115164423723,-0.42713871584964797,0.8440547972137876,0.1042456171414888,-0.039982325058129174,0.08969748862994524,0.9896911768441796
0.49272734154829123,-0.42876332809682594,0.8456681398655479,0.1054802957514705,-0.04011027213493659,0.09009399167003293,0.9895191488507961
0.49545866843240705,-0.43037101350197154,0.8472875752748884,0.10672136537388316,-0.04023656411488297,0.09048778410552434,0.9893450004971144
0.49818510533949095,-0.43196170859641775,0.8489130395092719,0.10796880558340231,-0.0403612047687313,0.09087885345028612,0.9891687137015968
0.5009066253607098,-0.433535350582245,0.8505444683981528,0.10922259584929406,-0.04048419806594741,0.09126718731605914,0.9889902703173142
0.5036232016357606,-0.4350918773347627,0.8521817975355125,0.11048271553556858,-0.04060554817437433,0.09165277341360042,0.9888096521327755
0.5063348073531314,-0.4366312274049594,0.8538249622823997,0.11174914390110881,-0.04072525945988503,0.09203559955382609,0.9886268408727644
0.5090414157503715,-0.4381533400219319,0.8554738977694856,0.11302186009982085,-0.040843336486010406,0.0924156536489591,0.988441818199181
0.5117430001143449,-0.4396581550952781,0.8571285388996184,0.11430084318075753,-0.04095978401354521,0.09279292371367644,0.9882545657118917
0.5144395337815055,-0.44114561321747614,0.8587888203503997,0.11558607208825923,-0.04107460700013061,0.09316739786626249,0.9880650649495821
0.5171309901381569,-0.4426156556662274,0.8604546765767623,0.1168775256620791,-0.04118781059981386,0.09353906432976168,0.9878732973906202
0.5198173426207098,-0.4440682244067724,0.8621260418135539,0.11817518263751112,-0.04129940016258381,0.09390791143313372,0.987679244453921
0.5224985647159482,-0.44550326209418356,0.8638028500781356,0.11947902164551245,-0.04140938123388482,0.09427392761241118,0.9874828874998229
0.5251746299612948,-0.44692071207563144,0.8654850351729899,0.12078902121282642,-0.04151775955410673,0.09463710141185898,0.9872842078309649
0.5278455119450661,-0.4483205183926178,0.8671725306883294,0.12210515976209974,-0.041624541058051696,0.09499742148513411,0.9870831866931755
0.5305111843067344,-0.44970262578318565,0.8688652700047204,0.12342741561199602,-0.04172973187437824,0.09535487659644742,0.9868798052763631
0.533171620737188,-0.4510669796841011,0.8705631862957119,0.12475576697731196,-0.041833338325022014,0.09570945562172666,0.9866740447154164
0.5358267949789967,-0.45241352623300973,0.8722662125304783,0.12609019196908608,-0.04193536692459415,0.0960611475497806,0.9864658860911096
0.5384766808266608,-0.4537422122705588,0.8739742814764586,0.12743066859470567,-0.04203582437975545,0.09640994148346252,0.9862553104310141
0.5411212521268756,-0.45505298534249766,0.8756873257020146,0.12877717475801206,-0.04213471758856863,0.096755826640836,0.9860422987104176
0.543760482778792,-0.45634579370175116,0.877405277579095,0.1301296882594027,-0.042232053639827585,0.09709879235634045,0.9858268318532488
0.5463943467342685,-0.45762058631045843,0.8791280692859008,0.13148818679593113,-0.04232783981236283,0.09743882808195604,0.985608890733009
0.5490228179981317,-0.4588773128419905,0.8808556328095658,0.13285264796140453,-0.0424220835743249,0.09777592338837007,0.9853884561737102
0.55164587062843,-0.4601159236829351,0.8825878999488392,0.13422304924647901,-0.04251479258244429,0.0981100679661416,0.9851655089508199
0.5542634787366937,-0.4613363699350572,0.8843248023167808,0.13559936803874809,-0.04260597468126972,0.09844125162686704,0.9849400297922138
0.5568756164881882,-0.46253860341722913,0.8860662713434598,0.13698158162284121,-0.042695637902381595,0.09876946430434469,0.9847119993791313
0.559482258102167,-0.4637225766673307,0.88781223827866,0.13836966718050148,-0.04278379046358485,0.09909469605573767,0.9844813983471432
0.5620833778521297,-0.4648882429441253,0.8895626341945961,0.13976360179067845,-0.042870440768077694,0.09941693706273748,0.9842482072871208
0.5646789500660767,-0.46603555622910536,0.8913173899886362,0.1411633624296086,-0.04295559740359852,0.09973617763272528,0.9840124067462158
0.5672689491267567,-0.4671644712283062,0.8930764363860251,0.14256892597089665,-0.04303926914154932,0.10005240819993165,0.9837739772288453
0.5698533494719231,-0.4682749433740959,0.8948397039426219,0.14398026918559548,-0.04312146493609727,0.10036561932659561,0.9835328991976818
0.5724321255945901,-0.46936692882693676,0.8966071230476444,0.1453973687422816,-0.043202193923254154,0.10067580170412165,0.9832891530746544
0.5750052520432791,-0.470440384477113,0.898378623926413,0.14682020120713252,-0.04328146541993213,0.1009829461542343,0.9830427192419521
0.5775727034222672,-0.47149526794643215,0.9001541366431038,0.14824874304399535,-0.043359288922977975,0.10128704363013034,0.9827935780430381
0.5801344543918489,-0.47253153758990224,0.9019335911035169,0.14968297061446703,-0.04343567410818491,0.10158808521763069,0.9825417097836668
0.5826904796685761,-0.4735491524973722,0.9037169170578372,0.1511228601779518,-0.04351063082928246,0.1018860621363265,0.9822870947329125
0.58524075402551,-0.47454807249514736,0.9055040441034086,0.15256838789173896,-0.043584169116902854,0.10218096574072484,0.9820297131241997
0.5877852522924728,-0.47552825814757677,0.9072949016875156,0.1540195298110646,-0.043656299177527016,0.10247278752139091,0.9817695451563451
0.5903239493562941,-0.4764896707586094,0.9090894191101675,0.15547626188917676,-0.04372703139240733,0.1027615191060864,0.9815065709946036
0.5928568201610587,-0.47743227237332136,0.9108875255268891,0.15693855997739847,-0.04379637631646889,0.10304715226090497,0.9812407707717228
0.5953838397083548,-0.47835602577941533,0.9126891499515185,0.15840639982518998,-0.043864344677188694,0.10332967889140399,0.980972124589003
0.5979049830575187,-0.479260894508688,0.914494221259007,0.1598797570802084,-0.04393094737345295,0.10360909104373232,0.9807006125173657
0.6004202253258837,-0.48014684283847153,0.916302668188231,0.16135860728836526,-0.043996195474393276,0.10388538090575429,0.9804262145984289
0.6029295416890249,-0.48101383579304313,0.9181144193448026,0.16284292589389013,-0.04406010021819994,0.10415854080816933,0.9801489108455879
0.6054329073810014,-0.48186183914500497,0.9199294032038874,0.16433268823937788,-0.044122673010915145,0.10442856322562659,0.9798686812451057
0.6079302976946046,-0.4826908194166368,0.9217475481130304,0.1658278695658535,-0.04418392542520334,0.10469544077783588,0.9795855057572079
0.6104216879816022,-0.48350074388121755,0.9235687822949852,0.16732844501282118,-0.04424386919910152,0.104959166230673,0.9792993643171868
0.6129070536529768,-0.48429158056431576,0.9253930338505438,0.168834389618321,-0.044302516234746805,0.1052197324972798,0.9790102368365101
0.615386370179171,-0.48506329824505284,0.9272202307613774,0.1703456783189803,-0.04435987859708394,0.10547713263915925,0.9787181032039406
0.6178596130903343,-0.48581586645733704,0.9290503008928827,0.17186228595006703,-0.044415968512551786,0.10573135986726542,0.9784229432866589
0.6203267579765566,-0.4865492554910635,0.9308831719970233,0.17338418724554225,-0.044470798367747366,0.10598240754308628,0.9781247369313941
0.6227877804881122,-0.48726343639328856,0.9327187717151855,0.17491135683810705,-0.04452438070807105,0.1062302691797217,0.9778234639655662
0.6252426563357047,-0.48795838096937366,0.9345570275810369,0.1764437692592638,-0.04457672823634904,0.10647493844295534,0.977519104198427
0.6276913612907006,-0.4886340617840968,0.9363978670233837,0.1779813989393535,-0.04462785381143711,0.10671640915231877,0.9772116374222171
0.630133871185369,-0.4892904521627361,0.9382412173690355,0.1795242202076169,-0.044677770446801685,0.10695467528215026,0.9769010434133232
0.6325701619131242,-0.48992752619212343,0.9400870058456777,0.18107220729224033,-0.04472649130908237,0.1071897309626462,0.9765873019334472
0.6350002094287596,-0.4905452587216668,0.9419351595847412,0.18262533432040573,-0.044774029716633135,0.10742157048090514,0.9762703927307793
0.6374239897486899,-0.4911436253643444,0.9437856056242828,0.18418357531834478,-0.04482039913804352,0.10765018828196533,0.9759502955411793
0.6398414789511785,-0.49172260249766486,0.9456382709118588,0.18574690421138199,-0.0448656131906399,0.10787557896983306,0.9756269900893675
0.6422526531765835,-0.4922821672646025,0.9474930823074166,0.18731529482399753,-0.044909685638966176,0.10809773730850562,0.9753004560901166
0.6446574886275911,-0.49282229757449897,0.9493499665861796,0.18888872087986797,-0.04495263039324625,0.10831665822298402,0.9749706732494577
0.6470559615694446,-0.4933429721039341,0.9512088504415351,0.19046715600192413,-0.044994461507824504,0.10853233680027871,0.9746376212658889
0.6494480483301838,-0.4938441702975689,0.9530696604879308,0.19205057371240064,-0.0450351931795889,0.10874476829040644,0.9743012798315933
0.651833725300878,-0.4943258723689568,0.9549323232637723,0.19363894743289245,-0.045074839746373205,0.10895394810737874,0.9739616286336619
0.6542129689358609,-0.4947880593013254,0.9567967652343242,0.19523225048440807,-0.045113415685340774,0.10915987183018142,0.9736186473553253
0.6565857557529567,-0.49523071284832565,0.9586629127946089,0.19683045608742414,-0.04515093561134852,0.10936253520374441,0.9732723156771933
0.6589520623337165,-0.4956538155347532,0.9605306922723149,0.19843353736194239,-0.04518741427529249,0.10956193413990302,0.9729226132784987
0.6613118653236519,-0.4960573506572388,0.9624000299307088,0.200041467327548,-0.04522286656243473,0.10975806471834952,0.9725695198383509
0.663665141432459,-0.49644130228490685,0.9642708519715395,0.20165421890346938,-0.045257307490710136,0.10995092318757446,0.9722130150369944
0.6660118674342514,-0.49680565526000414,0.9661430845379553,0.20327176490863363,-0.045290752209017,0.11014050596579808,0.9718530785570771
0.6683520201677927,-0.49715039519849935,0.9680166537174217,0.2048940780617393,-0.0453232159954867,0.11032680964189238,0.971489690084922
0.6706855765367196,-0.49747550849065,0.9698914855446351,0.20652113098130712,-0.04535471425573749,0.1105098309762913,0.9711228293118095
0.6730125135097733,-0.49778098230153994,0.9717675060044457,0.2081528961857589,-0.045385262521107986,0.11068956690189148,0.9707524759352625
0.6753328081210243,-0.4980668045715862,0.973644641034777,0.2097893460934736,-0.04541487644687492,0.11086601452494113,0.9703786096603445
0.677646437470102,-0.4983329640170149,0.9755228165295525,0.21143045302286534,-0.04544357181045153,0.1110391711259187,0.9700012102009581
0.6799533787224195,-0.498579450130307,0.9774019583416204,0.21307618919245389,-0.045471364509569005,0.11120903416039968,0.9696202572811536
0.6822536091093966,-0.4988062531806126,0.9792819922856784,0.2147265267209329,-0.04549827056044098,0.1113756012599114,0.9692357306364466
0.684547105928688,-0.4990133642141357,0.9811628441412055,0.21638143762725906,-0.0455243060959094,0.11153887023277746,0.9688476100151365
0.686833846544408,-0.49920077505448757,0.9830444396553925,0.21804089383071984,-0.04554948736357553,0.11169883906494861,0.968455875179638
0.6891138083873488,-0.49936847830300884,0.9849267045460693,0.2197048671510235,-0.04557383072391161,0.11185550592082234,0.9680605059078157
0.6913869689552059,-0.49951646733906235,0.9868095645046402,0.22137332930837728,-0.04559735264835809,0.11200886914404938,0.967661481994327
0.6936533058128044,-0.4996447363202947,0.9886929451990192,0.2230462519235869,-0.045620069717402456,0.11215892725832882,0.9672587832519693
0.6959127965923149,-0.4997532801828659,0.9905767722765619,0.2247236065181351,-0.045641998618643626,0.11230567896818845,0.9668523895130384
0.6981654189934725,-0.4998420946416501,0.9924609713669985,0.22640536451428311,-0.045663156144838124,0.1124491231597535,0.9664422806306899
0.700411150783806,-0.4999111761904046,0.9943454680853773,0.22809149723517214,-0.045683559191932184,0.11258925890150184,0.9660284364803063
0.7026499697988493,-0.4999605221019081,0.9962301880349943,0.22978197590491845,-0.04570322475707707,0.11272608544500506,0.9656108369608748
0.7048818539423615,-0.49999013042806856,0.9981150568103323,0.2314767716487225,-0.04572216993662906,0.1128596022256563,0.9651894619963677
0.7071067811865474,-0.49999999999999994,0.9999999999999999,0.23317585549297415,-0.045740411924134694,0.11298980886338392,0.9647642915371331
0.7093247295722737,-0.49999013042806856,1.0018849431896675,0.2348791983653765,-0.045757968008299205,0.11311670516335162,0.964335305561285
0.7115356772092849,-0.49996052210190817,1.0037698119650054,0.23658677109504722,-0.045774855570942796,0.11324029111664288,0.9639024840761109
0.7137396022764214,-0.4999111761904046,1.0056545319146224,0.23829854441265835,-0.045791092084938714,0.11336056690093238,0.9634658071194723
0.7159364830218311,-0.4998420946416501,1.0075390286330013,0.24001448895054564,-0.04580669511214021,0.11347753288114146,0.9630252547612244
0.7181262977631886,-0.4997532801828659,1.0094232277234383,0.24173457524285158,-0.045821682301290696,0.11359118961007933,0.9625808071046321
0.7203090248879072,-0.49964473632029466,1.0113070548009806,0.24345877372565533,-0.04583607138592102,0.11370153782906847,0.9621324442877965
0.72248464285335,-0.4995164673390624,1.0131904354953596,0.24518705473711136,-0.04584988018223272,0.11380857846855516,0.961680146485089
0.7246531301870461,-0.4993684783030089,1.0150732954539303,0.246919388517602,-0.045863126586966896,0.11391231264870429,0.9612238939085864
0.7268144654869028,-0.49920077505448757,1.0169555603446072,0.24865574520987976,-0.04587582857526118,0.114012741679978,0.9607636668095163
0.7289686274214119,-0.4990133642141358,1.0188371558587943,0.2503960948592284,-0.04588800419849141,0.1141098670636988,0.9602994454797069
0.7311155947298638,-0.4988062531806126,1.0207180077143214,0.252140407413618,-0.04589967158210256,0.11420369049259592,0.9598312102530429
0.7332553462225602,-0.49857945013030697,1.0225980416583798,0.25388865272388245,-0.045910848923424806,0.11429421385133638,0.9593589415069249
0.7353878607810165,-0.4983329640170148,1.0244771834704478,0.2556408005438789,-0.04592155448947876,0.1143814392170377,0.9588826196637383
0.7375131173581738,-0.49806680457158625,1.0263553589652228,0.257396820530672,-0.04593180661476756,0.11446536885976547,0.9584022251923262
0.7396310949786095,-0.49778098230154,1.028232493995554,0.25915668224472355,-0.0459416236990566,0.1145460052430132,0.9579177386094638
0.7417417727387394,-0.49747550849065,1.0301085144553646,0.2609203551500733,-0.04595102420514245,0.11462335102416492,0.9574291404813462
0.7438451298070251,-0.4971503951984994,1.031983346282578,0.2626878086145413,-0.04596002665660914,0.11469740905494066,0.9569364114250737
0.7459411454241821,-0.49680565526000414,1.0338569154620443,0.26445901190992593,-0.04596864963557451,0.11476818238182403,0.9564395321101484
0.7480297989033817,-0.4964413022849069,1.03572914802846,0.2662339342122225,-0.04597691178042316,0.11483567424647288,0.9559384832599715
0.7501110696304598,-0.49605735065723877,1.0375999700692915,0.2680125446018324,-0.045984831783531285,0.1148998880861111,0.9554332456533479
0.7521849370641116,-0.4956538155347532,1.0394693077276849,0.2697948120637843,-0.045992428388978754,0.1149608275339025,0.9549238001259954
0.7542513807361033,-0.4952307128483257,1.0413370872053909,0.271580705487971,-0.0459997203902523,0.11501849641930706,0.9544101275720605
0.7563103802514719,-0.49478805930132547,1.0432032347656754,0.27337019366938736,-0.0460067266279371,0.11507289876841814,0.9538922089456319
0.7583619152887222,-0.4943258723689569,1.0450676767362272,0.27516324530836633,-0.04601346598740057,0.11512403880428097,0.9533700252622717
0.7604059656000306,-0.49384417029756894,1.0469303395120688,0.2769598290108356,-0.04601995739646491,0.11517192094719267,0.9528435576005382
0.7624425110114474,-0.49334297210393413,1.0487911495584645,0.278759913288584,-0.0460262198230704,0.11521654981498333,0.9523127871035183
0.7644715314230915,-0.492822297574499,1.05065003341382,0.2805634665595189,-0.046032272272930885,0.1152579302232776,0.9517776949803681
0.7664930068093503,-0.4922821672646026,1.0525069176925832,0.2823704571479465,-0.046038133787179275,0.11529606718573716,0.951238262507851
0.7685069172190764,-0.491722602497665,1.0543617290881409,0.2841808532848521,-0.046043823440005294,0.11533096591428363,0.950694471031886
0.7705132427757894,-0.4911436253643443,1.0562143943757174,0.28599462310819834,-0.04604936033628408,0.11536263181930215,0.9501463019690929
0.772511963677865,-0.49054525872166693,1.0580648404152586,0.28781173466321625,-0.046054763609197996,0.11539107050982467,0.9495937368083511
0.7745030601987337,-0.48992752619212354,1.059912994154322,0.28963215590271624,-0.04606005241784981,0.11541628779369338,0.9490367571123537
0.7764865126870784,-0.4892904521627362,1.061758782630964,0.29145585468741103,-0.046065245944868556,0.11543828967770478,0.9484753445191688
0.7784623015670231,-0.4886340617840969,1.063602132976616,0.2932827987862322,-0.04607036339400872,0.11545708236773203,0.9479094807438045
0.7804304073383298,-0.4879583809693738,1.0654429724189627,0.2951129558766705,-0.046075423987742004,0.11547267226882846,0.9473391475797778
0.7823908105765881,-0.4872634363932887,1.0672812282848143,0.29694629354511204,-0.04608044696484327,0.11548506598530908,0.946764326900686
0.7843434919334099,-0.4865492554910634,1.069116828002977,0.2987827792872031,-0.04608545157796849,0.11549427032081286,0.9461850006617797
0.7862884321366193,-0.48581586645733693,1.0709496991071177,0.30062238050819623,-0.04609045709122943,0.1155002922783425,0.9456011509015438
0.7882256119904402,-0.48506329824505295,1.0727797692386223,0.30246506452333377,-0.046095482777759336,0.11550313906028484,0.9450127597432751
0.7901550123756899,-0.48429158056431587,1.074606966149456,0.3043107985582211,-0.046100547917275934,0.11550281806840877,0.9444198093966691
0.792076614249967,-0.48350074388121766,1.0764312177050146,0.3061595497492225,-0.046105671793637504,0.11549933690384298,0.9438222821594028
0.7939903986478357,-0.4826908194166369,1.0782524518869694,0.30801128514385323,-0.0461108736923951,0.1154927033670314,0.9432201604187279
0.7958963466810156,-0.4818618391450051,1.0800705967961124,0.30986597170119345,-0.04611617289833961,0.11548292545766772,0.9426134266530604
0.7977944395385705,-0.48101383579304324,1.081885580655197,0.3117235762923135,-0.04612158869304438,0.11547001137460823,0.9420020634335723
0.799684658487091,-0.4801468428384714,1.083697331811769,0.3135840657006946,-0.046127140352404755,0.11545396951576249,0.9413860534257906
0.8015669848708764,-0.4792608945086881,1.0855057787409927,0.31544740662267173,-0.046132847144172796,0.11543480847796245,0.9407653793911951
0.8034414001121274,-0.47835602577941544,1.0873108500484812,0.31731356566788693,-0.04613872832548972,0.11541253705680944,0.9401400241888168
0.8053078857111221,-0.4774322723733215,1.0891124744731107,0.319182509359752,-0.04614480314041361,0.11538716424649925,0.9395099707768384
0.8071664232464003,-0.47648967075860943,1.090910580889832,0.32105420413591074,-0.04615109081744675,0.11535869923962454,0.938875202214202
0.8090169943749473,-0.4755282581475769,1.0927050983124842,0.32292861634873193,-0.04615761056705797,0.11532715142695545,0.9382357016622089
0.8108595808323733,-0.47454807249514747,1.0944959558965912,0.3248057122657975,-0.046164381579204466,0.11529253039719721,0.937591452386128
0.8126941644330936,-0.4735491524973724,1.0962830829421626,0.3266854580704077,-0.04617142302085107,0.11525484593672584,0.9369424377568022
0.8145207270705095,-0.4725315375899024,1.0980664088964829,0.32856781986209743,-0.04617875403348798,0.1152141080293006,0.9362886412522559
0.8163392507171839,-0.4714952679464323,1.099845863356896,0.3304527636571583,-0.04618639373064774,0.1151703268557541,0.9356300464593058
0.8181497174250233,-0.47044038447711284,1.1016213760735871,0.33234025538918716,-0.046194361195419795,0.11512351279365965,0.9349666370751659
0.8199521093254526,-0.4693669288269369,1.1033928769523553,0.33423026090962177,-0.046202675477967164,0.11507367641697505,0.9342983969090631
0.8217464086295904,-0.4682749433740961,1.1051602960573779,0.3361227459883124,-0.04621135559303925,0.11502082849566451,0.9336253098838426
0.823532597628427,-0.4671644712283063,1.1069235636139747,0.33801767631408863,-0.04622042051748782,0.11496497999529628,0.9329473600375809
0.8253106586929995,-0.46603555622910553,1.1086826100113636,0.3399150174953497,-0.046229889187780954,0.11490614207661815,0.9322645315251941
0.8270805742745622,-0.4648882429441255,1.1104373658054036,0.341814735060651,-0.046239780497519464,0.1148443260951089,0.9315768086200507
0.8288423269047616,-0.46372257666733085,1.1121877617213398,0.34371679445931774,-0.046250113294952856,0.11477954360050709,0.9308841757155799
0.8305958991958127,-0.4625386034172289,1.1139337286565403,0.34562116106207125,-0.046260906380496736,0.11471180633631631,0.9301866173268782
0.8323412738406639,-0.46133636993505706,1.1156751976832193,0.34752780016164675,-0.04627217850425301,0.11464112623928659,0.9294841180923239
0.834078433613171,-0.46011592368293525,1.1174121000511605,0.3494366769734515,-0.04628394836352987,0.11456751543887324,0.9287766627751783
0.8358073613682699,-0.4588773128419907,1.119144367190434,0.35134775663621204,-0.04629623460036657,0.1144909862566709,0.9280642362651972
0.8375280400421418,-0.45762058631045865,1.1208719307140989,0.35326100421265283,-0.046309055799057655,0.11441155120582547,0.9273468235802313
0.8392404526523817,-0.4563457937017513,1.1225947224209047,0.3551763846901647,-0.046322430483683445,0.11432922299042095,0.926624409867836
0.8409445822981689,-0.45505298534249783,1.1243126742979852,0.35709386298151136,-0.04633637711564074,0.11424401450484373,0.9258969804068679
0.8426404121604316,-0.45374221227055894,1.1260257185235412,0.3590134039255292,-0.04635091409117879,0.11415593883312257,0.9251645206090889
0.8443279255020153,-0.45241352623300957,1.127733787469522,0.3609349722878529,-0.04636605973893829,0.11406500924824498,0.9244270160207619
0.8460071056678422,-0.4510669796841013,1.1294368137042876,0.3628585327616389,-0.046381832317494896,0.11397123921144993,0.9236844523242496
0.8476779360850827,-0.44970262578318587,1.1311347299952794,0.3647840499683157,-0.046398250012907476,0.11387464237149639,0.9229368153396076
0.8493404002633164,-0.448320518392618,1.1328274693116702,0.3667114884583473,-0.04641533093626995,0.11377523256390842,0.9221840910261728
0.8509944817946921,-0.4469207120756316,1.1345149648270099,0.3686408127119925,-0.04643309312126982,0.11367302381019623,0.9214262654841565
0.8526401643540923,-0.4455032620941838,1.1361971499218642,0.3705719871400995,-0.046451554521750926,0.11356803031705354,0.9206633249562273
0.8542774316992947,-0.44406822440677257,1.1378739581864459,0.37250497608489674,-0.04647073300928283,0.11346026647553048,0.9198952558290927
0.8559062676711329,-0.4426156556662276,1.1395453234232373,0.3744397438208107,-0.04649064637073557,0.11334974686018331,0.9191220446350795
0.8575266561936524,-0.4411456132174763,1.1412111796496,0.37637625455527957,-0.04651131230586166,0.11323648622819987,0.9183436780537104
0.859138581274272,-0.43965815509527834,1.1428714611003814,0.3783144724295957,-0.046532748424884085,0.11312049951850112,0.917560142913274
0.8607420270039436,-0.4381533400219317,1.1445261022305147,0.3802543615197623,-0.046554972246091605,0.11300180185081879,0.9167714261923917
0.8623369775573043,-0.43663122740495963,1.1461750377176,0.3821958858373443,-0.04657800119344198,0.11288040852474918,0.9159775150215845
0.863923417192835,-0.4350918773347629,1.1478182024644874,0.384139009330356,-0.04660185259417191,0.11275633501878338,0.9151783966848297
0.8655013302530187,-0.4335353505822452,1.149455531601847,0.3860836958841473,-0.04662654367641655,0.11262959698931271,0.9143740586211168
0.8670707011644896,-0.43196170859641797,1.151086960490728,0.38802990932231224,-0.04665209156683519,0.11250021026961156,0.9135644884259956
0.8686315144381912,-0.43037101350197177,1.1527124247251115,0.3899776134075981,-0.04667851328824884,0.11236819086879501,0.9127496738531254
0.8701837546695255,-0.42876332809682616,1.1543318601344519,0.39192677184284735,-0.04670582575728307,0.11223355497075439,0.9119296028158104
0.8717274065385086,-0.42713871584964774,1.1559452027862127,0.3938773482719361,-0.04673404578202356,0.1120963189330671,0.9111042633885366
0.8732624548099203,-0.42549724089734575,1.1575523889883887,0.3958293062807352,-0.04676319005967957,0.11195649928588422,0.9102736438085001
0.8747888843334527,-0.4238389680425415,1.1591533552920201,0.3977826093980845,-0.04679327517425728,0.11181411273079397,0.9094377324771292
0.876306680043863,-0.42216396275100804,1.1607480384936986,0.39973722109677173,-0.04682431759424545,0.11166917613966107,0.908596517961605
0.8778158269611214,-0.4204722911490847,1.1623363756380627,0.4016931047945457,-0.04685633367030875,0.11152170655344308,0.907749988996366
0.8793163101905563,-0.4187640200210706,1.163918304020281,0.40365022385511473,-0.046889339632995054,0.11137172118098308,0.9068981344846194
0.8808081149230031,-0.41703921680658596,1.1654937611885288,0.40560854158918563,-0.04692335159045164,0.111219237397779,0.9060409434998339
0.8822912264349527,-0.4152979495979068,1.167062684946456,0.40756802125549885,-0.046958385526155395,0.11106427274472858,0.9051784052872334
0.8837656300886936,-0.4135402871372805,1.1686250133556395,0.40952862606188933,-0.04699445729665231,0.11090684492685253,0.9043105092652775
0.8852313113324549,-0.41176629881421395,1.1701806847380267,0.4114903191663457,-0.047031582629311855,0.11074697181199347,0.9034372450271435
0.8866882557005561,-0.4099760546627265,1.171729637678377,0.4134530636781021,-0.04706977712009266,0.11058467142949105,0.90255860234219
0.8881364488135445,-0.4081696253585919,1.1732718110266802,0.4154168226587316,-0.04710905623132082,0.11041996196883574,0.9016745711574211
0.8895758763783378,-0.40634708221654703,1.1748071439005727,0.4173815591232503,-0.0471494352894827,0.11025286177829768,0.9007851415989404
0.8910065241883676,-0.4045084971874739,1.1763355756877418,0.41934723604125523,-0.047190929483029546,0.11008338936353407,0.8998903039733922
0.8924283781237176,-0.4026539428555613,1.1778570460483175,0.42131381633804377,-0.04723355386019882,0.10991156338617217,0.8989900487694045
0.8938414241512633,-0.4007834924354387,1.1793714949172553,0.4232812628957832,-0.047277323326845776,0.10973740266237147,0.8980843666590107
0.8952456483248116,-0.3988972197692855,1.1808788625067075,0.4252495385546598,-0.04732225264429402,0.10956092616136105,0.8971732484990753
0.8966410367852357,-0.3969951993239178,1.1823790893083816,0.4272186061140684,-0.04736835642719689,0.10938215300395632,0.8962566853326996
0.8980275757606153,-0.39507750618784543,1.1838721160958927,0.4291884283337997,-0.04741564914141707,0.10920110246105172,0.8953346683906257
0.8994052515663711,-0.39314421606830924,1.1853578839271004,0.43115896793524827,-0.047464145101919854,0.10901779395209216,0.8944071890926272
0.9007740506053981,-0.391195405288294,1.1868363341464339,0.4331301876026319,-0.04751385847068253,0.10883224704352196,0.8934742390488909
0.9021339593682023,-0.38923115078351234,1.1883074083872096,0.43510204998421964,-0.047564803254621243,0.10864448144721103,0.892535810061392
0.9034849644330346,-0.3872515300993671,1.1897710485739372,0.4370745176935909,-0.047616993303531675,0.10845451701886014,0.8915918941252506
0.9048270524660196,-0.38525662138789435,1.191227196924607,0.439047553310879,-0.04767044230804914,0.10826237375638369,0.8906424834300904
0.9061602102212895,-0.38324650340467536,1.192675795952975,0.441021119384059,-0.04772516379762338,0.10806807179827113,0.8896875703613745
0.9074844245411168,-0.38122125550572394,1.1941167884708332,0.44299517843022573,-0.04778117113851299,0.10787163142192575,0.8887271475017384
0.9087996823560404,-0.37918095764436044,1.195550117590264,0.444969692936898,-0.0478384775317952,0.10767307304198409,0.8877612076323104
0.9101059706849953,-0.37712569036805216,1.1969757267258867,0.44694462536333074,-0.04789709601139485,0.10747241720861228,0.886789743734018
0.911403276635445,-0.37505553481523013,1.1983935595970954,0.4489199381418414,-0.04795703944213213,0.10726968460578139,0.8858127489888861
0.9126915874035028,-0.372970572712091,1.1998035602302757,0.45089559367915116,-0.048018320517787025,0.10706489604952316,0.8848302167813223
0.9139708902740611,-0.37087088636936966,1.201205672961016,0.45287155435773213,-0.048080951759184525,0.10685807248616352,0.8838421406993924
0.9152411726209173,-0.36875655867908713,1.2025998424363071,0.45484778253718505,-0.04814494551229696,0.10664923499053627,0.8828485145360766
0.9165024219068972,-0.3666276731112809,1.203986013616725,0.4568242405556013,-0.048210313946368454,0.10643840476417556,0.8818493322905271
0.9177546256839811,-0.3644843137107056,1.2053641317786068,0.45880089073097274,-0.0482770690520557,0.10622560313348886,0.8808445881692953
0.9189977715934212,-0.3623265650935233,1.2067341425162046,0.4607776953625781,-0.04834522263959155,0.10601085154790976,0.8798342765875665
0.9202318473658698,-0.36015451244395413,1.208095991743841,0.4627546167324132,-0.04841478633696732,0.10579417157803002,0.8788183921703627
0.9214568408214981,-0.35796824151091583,1.2094496256980416,0.464731617106614,-0.04848577158813644,0.10557558491371222,0.8777969297537455
0.9226727398701149,-0.3557678386046424,1.210794990939655,0.46670865873690004,-0.04855818965123794,0.10535511336218395,0.8767698843859999
0.9238795325112864,-0.35355339059327423,1.212132034355964,0.4686857038620287,-0.04863205159684184,0.10513277884611114,0.8757372513288055
0.9250772068344576,-0.3513249848994252,1.2134607031627853,0.47066271470926135,-0.048707368306216366,0.1049086034016523,0.8746990260583957
0.9262657510190665,-0.3490827094967365,1.2147809449065492,0.4726396534958439,-0.048784150469615054,0.10468260917649516,0.8736552042666991
0.9274451533346614,-0.34682665290640213,1.2160927074663723,0.4746164824304916,-0.0488624085845879,0.10445481842787321,0.8726057818624742
0.928615402141017,-0.34455690419367463,1.2173959390561138,0.4765931637149005,-0.04894215295431251,0.10422525352056461,0.8715507549724185
0.9297764858882513,-0.34227355296434425,1.2186905882264236,0.47856965954525643,-0.04902339368595001,0.10399393692487127,0.8704901199422744
0.930928393116936,-0.339976689361209,1.2199766038667683,0.48054593211376184,-0.04910614068902155,0.10376089121458218,0.8694238733379142
0.9320711124582108,-0.3376664040605124,1.221253935207452,0.48252194361017453,-0.04919040367380885,0.1035261390649169,0.8683520119464102
0.9332046326338983,-0.33534278826836034,1.2225225318216215,0.48449765622335694,-0.049276192149778394,0.10328970325045164,0.8672745327770933
0.9343289424566118,-0.3330059337171263,1.2237823436272544,0.48647303214283627,-0.049363515424027796,0.10305160664302906,0.8661914330625923
0.9354440308298673,-0.33065593266182586,1.225033320889138,0.48844803356037647,-0.049452382599756914,0.1028118722096495,0.8651027102598602
0.9365498867481923,-0.3282928778764783,1.2262754142208312,0.49042262267156295,-0.04954280257476207,0.10257052301034655,0.8640083620511828
0.9376464992972354,-0.3259168626504396,1.2275085745866163,0.4923967616773905,-0.049634784039956234,0.10232758219604415,0.8629083863451775
0.9387338576538742,-0.32352798078472184,1.2287327533034345,0.4943704127858797,-0.04972833547791073,0.10208307300639927,0.8618027812777616
0.9398119510863198,-0.32112632658829204,1.229947902042805,0.4963435382136772,-0.049823465161424864,0.10183701876762694,0.860691545213126
0.9408807689542251,-0.31871199487434554,1.2311539728327365,0.4983161001876942,-0.049920181152117805,0.10158944289030966,0.8595746767446701
0.9419403007087905,-0.3162850809565624,1.2323509180596202,0.5002880609467361,-0.05001849129904771,0.10134036886719111,0.8584521746959372
0.9429905358928646,-0.31384568064534984,1.2335386904701071,0.5022593827431505,-0.05011840323735422,0.10108982027095498,0.8573240381215224
0.9440314641410495,-0.3113938902440567,1.2347172431729763,0.5042300278444839,-0.05021992438692818,0.10083782075198792,0.8561902663079697
0.9450630751798046,-0.3089298065451678,1.2358865296409853,0.5061999585351475,-0.05032306195110693,0.10058439403612698,0.8550508587746491
0.9460853588275456,-0.30645352682648763,1.2370465037127074,0.5081691371180945,-0.05042782291539473,0.10032956392239423,0.8539058152746164
0.9470983049947442,-0.3039651488473029,1.2381971195943504,0.5101375259164996,-0.05053421404621,0.1000733542807157,0.8527551357954585
0.9481019036840319,-0.30146477084451273,1.2393383318615712,0.5121050872754676,-0.05064224188965931,0.0998157890496261,0.8515988205601129
0.9490961449902947,-0.29895249152875925,1.240470095461263,0.5140717835637201,-0.050751912770338206,0.09955689223396008,0.8504368700276836
0.9500810191007718,-0.2964284100805296,1.2415923657133365,0.516037577175322,-0.05086323279015725,0.0992966879025309,0.8492692848942232
0.9510565162951535,-0.2938926261462367,1.242705098312484,0.5180024305313976,-0.05097620782719753,0.09903520018579376,0.8480960660935073
0.9520226269456765,-0.29134523983428834,1.243808249329928,0.5199663060818625,-0.05109084353459177,0.0987724532734982,0.8469172147977874
0.9529793415172187,-0.28878635171113426,1.244901775215155,0.5219291663071621,-0.05120714533943342,0.09850847141232658,0.8457327324185245
0.9539266505673937,-0.28621606279729533,1.2459856327976357,0.5238909737200202,-0.05132511844171352,0.0982432789035208,0.844542620607106
0.954864544746643,-0.2836344745633783,1.247059779288528,0.5258516908671939,-0.05144476781328475,0.09797690010049714,0.843346881255541
0.9557930147983301,-0.2810416889260655,1.2481241722823684,0.5278112803312331,-0.05156609819685515,0.09770935940644823,0.8421455164971421
0.9567120515588308,-0.27843780824409364,1.249178769758744,0.5297697047322627,-0.05168911410500729,0.09744068127193525,0.8409385287071772
0.9576216459576224,-0.2758229353142149,1.2502235300839515,0.531726926729746,-0.05181381981924864,0.0971708901924675,0.8397259205035182
0.9585217890173757,-0.2731971733671352,1.2512584120126422,0.5336829090242825,-0.05194021938908859,0.09690001070607213,0.8385076947472551
0.9594124718540429,-0.27056062606343806,1.2522833746894506,0.5356376143593962,-0.05206831663114524,0.09662806739085247,0.837283854543298
0.9602936856769433,-0.26791339748949783,1.2532983776506046,0.537591005523335,-0.052198115128279765,0.0963550848625376,0.83605440324096
0.9611654217888519,-0.26525559215336747,1.2543033808255248,0.5395430453508788,-0.052329618228761046,0.09608108777202079,0.834819344434517
0.962027671586086,-0.26258731498064775,1.2552983445384076,0.5414936967251515,-0.05246282904545971,0.09580610080288784,0.8335786819637505
0.962880426558588,-0.259908671310354,1.2562832295097888,0.5434429225794413,-0.052597750455069224,0.09553014866893889,0.8323324199144669
0.9637236782900098,-0.25721976689075343,1.2572579968580955,0.5453906858990206,-0.05273438509735934,0.0952532561116983,0.8310805626190031
0.9645574184577981,-0.25452070787518605,1.258222608101183,0.5473369497229899,-0.05287273537445669,0.09497544789791765,0.8298231146566994
0.9653816388332741,-0.2518116008178802,1.2591770251578507,0.5492816771460974,-0.05301280345015742,0.09469674881707012,0.8285600808543713
0.9661963312817149,-0.24909255266974537,1.260121210349347,0.5512248313205951,-0.053154591249266706,0.09441718367883761,0.8272914662867384
0.9670014877624351,-0.24636367077414592,1.2610551264008576,0.5531663754580777,-0.053298100456971295,0.09413677731058884,0.8260172762768515
0.9677971003288652,-0.24362506286266725,1.2619787364429755,0.555106272831338,-0.053443332518240114,0.09385555455485181,0.8247375163964872
0.9685831611286313,-0.24087683705085733,1.262892004013159,0.5570444867762241,-0.053590288637256144,0.0935735402667781,0.8234521924665269
0.9693596624036295,-0.23811910183396945,1.2637948930571667,0.5589809806934944,-0.053738969776877546,0.09329075931160251,0.8221613105573163
0.9701265964901058,-0.23535196608266715,1.2646873679304858,0.5609157180506934,-0.05388937665812999,0.09300723656209428,0.8208648769889937
0.9708839558187311,-0.23257553903872943,1.2655693933997365,0.5628486623840115,-0.054041509759730266,0.09272299689600347,0.819562898331813
0.9716317329146742,-0.22978993031074357,1.2664409346440635,0.5647797773001633,-0.05419536931763809,0.09243806519350319,0.8182553814064314
0.9723699203976768,-0.2269952498697732,1.2673019572565103,0.5667090264782585,-0.05435095532464129,0.09215246633462439,0.8169423332841855
0.9730985109821265,-0.22419160804501692,1.2681524272453788,0.5686363736716885,-0.054508267529969956,0.09186622519668759,0.815623761287338
0.973817497477129,-0.22137911551945091,1.2689923110355705,0.5705617827100039,-0.054667305438942784,0.09157936665172905,0.8142996729893092
0.9745268727865773,-0.218557883325466,1.2698215754699114,0.572485217500802,-0.0548280683126427,0.09129191556392467,0.8129700762148832
0.9752266299092234,-0.21572802284048,1.2706401878104607,0.5744066420316133,-0.054990555167625056,0.09100389678700843,0.8116349790403946
0.9759167619387475,-0.21288964578253622,1.2714481157398059,0.5763260203717924,-0.05515476477565709,0.09071533516168757,0.8102943897938929
0.9765972620638248,-0.2100428642059024,1.2722453273623353,0.5782433166744102,-0.05532069566348618,0.09042625551305673,0.8089483170552821
0.9772681235681935,-0.20718779049664232,1.2730317912054985,0.580158495178143,-0.055488346112642556,0.0901366826480075,0.8075967696564472
0.9779293398307218,-0.20432453736817496,1.2738074762210507,0.5820715202091785,-0.05565771415927056,0.08984664135263642,0.8062397566813432
0.9785809043254721,-0.20145321785683196,1.274572351786275,0.5839823561830972,-0.05582879759399334,0.08955615638965136,0.8048772874660829
0.9792228106217659,-0.19857394531739028,1.2753263877051944,0.5858909676067856,-0.05600159396180655,0.08926525249577674,0.8035093715989794
0.979855052384247,-0.19568683341860138,1.276069554209761,0.5877973190803182,-0.05617610056200608,0.08897395437915667,0.8021360189205903
0.9804776233729444,-0.19279199613869863,1.2768018219610342,0.5897013752988685,-0.05635231444814531,0.0886822867167581,0.8007572395237192
0.9810905174433342,-0.18988954776090028,1.2775231620503376,0.5916031010546027,-0.056530232428024345,0.08839027415177328,0.7993730437534066
0.9816937285463989,-0.1869796028689001,1.2782335460003984,0.5935024612385726,-0.05670985106371129,0.08809794129102276,0.7979834422068992
0.9822872507286886,-0.18406227634233988,1.278932945766475,0.595399420842627,-0.05689116667159366,0.08780531270235842,0.796588445733586
0.9828710781323792,-0.1811376833522731,1.2796213337374631,0.5972939449612953,-0.05707417532246356,0.08751241291206634,0.795188065434927
0.9834452049953297,-0.17820593935662496,1.2802986827369838,0.5991859987936925,-0.05725887284163142,0.08721926640227333,0.7937823126643478
0.9840096256511396,-0.17526716009563015,1.2809649660244575,0.6010755476454067,-0.057445254809074045,0.08692589760835227,0.7923711990271209
0.9845643345292052,-0.17232146158725933,1.281620157296162,0.6029625569304053,-0.057633316559612346,0.08663233091633077,0.7909547363802119
0.985109326154774,-0.16936896012264502,1.2822642306862677,0.6048469921729136,-0.05782305318312176,0.0863385906603017,0.789532936832121
0.9856445951489979,-0.16640977226149367,1.2828971607678592,0.6067288190093101,-0.05801445952477266,0.08604470111983761,0.788105812742689
0.9861701362289886,-0.16344401482747178,1.2835189225539414,0.6086080031900201,-0.05820753018530413,0.08575068651740546,0.7866733767228793
0.986685944207868,-0.16047180490360463,1.2841294914984234,0.6104845105813917,-0.05840225952132791,0.08545657101578749,0.7852356416345514
0.987192013994819,-0.15749325982765247,1.2847288434970885,0.612358307167585,-0.058598641645663696,0.08516237871550514,0.7837926205901976
0.9876883405951375,-0.15450849718747398,1.285316954888546,0.6142293590524435,-0.05879667042770742,0.08486813365224549,0.7823443269526689
0.9881749191102803,-0.15151763481638741,1.2858938024551656,0.6160976324613833,-0.05899633949382807,0.08457385979429538,0.780890774334863
0.9886517447379138,-0.1485207907885181,1.286459363423993,0.6179630937432488,-0.0591976422277993,0.0842795810399771,0.7794319765994132
0.9891188127719617,-0.14551808341413588,1.2870136154676493,0.6198257093721987,-0.05940057177125861,0.0839853212150923,0.7779679478583265
0.9895761186026508,-0.14250963123498822,1.2875565367052126,0.6216854459495538,-0.05960512102420116,0.08369110407036974,0.7764987024726294
0.9900236577165574,-0.13949555301961497,1.2880881057030829,0.6235422702056689,-0.05981128264550234,0.08339695327891974,0.7750242550519655
0.9904614256966512,-0.1364759677586623,1.2886083014758258,0.625396149001783,-0.060019049053472454,0.08310289243369512,0.7735446204541858
0.9908894182223387,-0.13345099466018764,1.289117103487003,0.6272470493318659,-0.06022841242644243,0.08280894504495909,0.7720598137849161
0.9913076310695064,-0.1304207531449494,1.289614491649982,0.6290949383244735,-0.060439364703379544,0.08251513453776031,0.7705698503970903
0.9917160601105627,-0.12738536284169133,1.2901004463287304,0.6309397832445761,-0.060651897584536166,0.0822214842494147,0.7690747458904794
0.9921147013144777,-0.12434494358242697,1.2905749483385893,0.6327815514953984,-0.060866002532126096,0.08192801742699722,0.7675745161111834
0.9925035507468235,-0.12129961539770433,1.2910379789470317,0.6346202106202405,-0.06108167077103476,0.08163475722483991,0.7660691771511121
0.9928826045698135,-0.11824949851186228,1.291489519874402,0.6364557283043102,-0.06129889328955786,0.08134172670203949,0.7645587453474298
0.9932518590423393,-0.11519471333829456,1.2919295532946382,0.638288072376524,-0.06151766084017145,0.08104894881997463,0.7630432372819982
0.9936113105200082,-0.11213538047469092,1.2923580618359731,0.6401172108113207,-0.06173796394033225,0.0807564464398319,0.7615226697807806
0.9939609554551794,-0.1090716206982718,1.2927750285816242,0.6419431117304665,-0.061959792873308064,0.08046424232014165,0.7599970599132262
0.9943007903969988,-0.10600355496102716,1.293180437070458,0.6437657434048386,-0.062183137689038714,0.08017235911432463,0.7584664249916441
0.9946308119914322,-0.10293130438494069,1.2935742712976417,0.6455850742562164,-0.062407988205026084,0.07988081936824912,0.7569307825705426
0.9949510169813,-0.09985499025720372,1.2939565157152741,0.6474010728590522,-0.06263433400725626,0.07958964551779785,0.7553901504459581
0.995261402206308,-0.09677473402543141,1.294327155233,0.6492137079422501,-0.06286216445114808,0.07929885988644857,0.7538445466547471
0.9955619646030799,-0.09369065729286205,1.2946861752186067,0.6510229483909171,-0.06309146866253516,0.07900848468286346,0.7522939894738753
0.9958527012051855,-0.0906028818135686,1.2950335614985988,0.6528287632481159,-0.06332223553867383,0.07871854199849383,0.750738497419675
0.9961336091431723,-0.08751152948763902,1.2953693003587614,0.65463112171661,-0.0635544537492833,0.07842905380519413,0.7491780892470795
0.9964046856445923,-0.08441672235636724,1.2956933785446993,0.6564299931605989,-0.06378811173761349,0.07814004195285072,0.7476127839488385
0.9966659280340299,-0.08131858259744142,1.2960057832623604,0.6582253471074325,-0.0640231977215422,0.07785152816702345,0.7460426007547205
0.9969173337331279,-0.07821723252011613,1.2963065021785412,0.6600171532493301,-0.0642596996947015,0.07756353404660045,0.7444675591306845
0.9971589002606138,-0.0751127945603794,1.2965955234213742,0.6618053814450882,-0.06449760542763253,0.07727608106146665,0.7428876787780266
0.9973906252323237,-0.07200539127612628,1.2968728355807952,0.663590001721765,-0.0647369024689692,0.0769891905501871,0.7413029796325239
0.9976125063612252,-0.06889514534231854,1.2971384277089955,0.6653709842763681,-0.06497757814664964,0.07670288371770487,0.7397134818635398
0.9978245414574414,-0.06578217954614184,1.2973922893208518,0.6671482994775205,-0.0652196195691569,0.07641718163305308,0.738119205873122
0.9980267284282717,-0.06266661678215202,1.2976344103943434,0.6689219178671308,-0.06546301362678686,0.07613210522708284,0.7365201722950642
0.9982190652782119,-0.059548580047434074,1.297864781370944,0.6706918101620299,-0.06570774699294414,0.07584767529020711,0.7349164019939696
0.9984015501089751,-0.056428192436741124,1.2980833931560025,0.6724579472556139,-0.06595380612546589,0.07556391247016002,0.7333079160642769
0.9985741811195098,-0.05330557713763043,1.2982902371190996,0.6742203002194731,-0.06620117726797298,0.07528083726977243,0.7316947358292665
0.9987369566060176,-0.050180857425608114,1.29848530509439,0.6759788403049979,-0.0664498464512482,0.07499847004476484,0.7300768828400611
0.9988898749619701,-0.047054156659257135,1.298668589380924,0.6777335389449839,-0.06669979949464189,0.07471683100155656,0.7284543788745919
0.9990329346781248,-0.043925598275371756,1.2988400827429518,0.6794843677552141,-0.06695102200750418,0.07443594019509271,0.7268272459365569
0.9991661343425403,-0.04079530578407914,1.298999778410209,0.6812312985360456,-0.06720349939064348,0.07415581752668905,0.7251955062543434
0.9992894726405893,-0.037663402763966035,1.299147670078184,0.6829743032739561,-0.06745721683781283,0.07387648274189344,0.7235591822799551
0.999402948354973,-0.034530012857202766,1.2992837519083675,0.6847133541431044,-0.06771215933722009,0.07359795542836832,0.721918296687897
0.9995065603657317,-0.03139525976465764,1.2994080185284815,0.6864484235068589,-0.06796831167306636,0.07332025501378889,0.7202728723740567
0.9996003076502566,-0.028259267241012527,1.2995204650326926,0.6881794839193236,-0.0682256584271088,0.0730434007637621,0.718622932454556
0.9996841892833003,-0.02512215908988435,1.2996210869818052,0.6899065081268377,-0.06848418398024927,0.07276741177976477,0.716968500264598
0.9997582044369843,-0.021984059158933106,1.2997098804034373,0.6916294690694719,-0.06874387251414821,0.07249230699710071,0.7153095993572833
0.9998223523808092,-0.018845091334968117,1.2997868417921767,0.6933483398825105,-0.06900470801286367,0.07221810518287805,0.7136462535024064
0.9998766324816607,-0.015705379539063417,1.2998519681097196,0.6950630938979089,-0.06926667426451498,0.07194482493400706,0.7119784866852478
0.9999210442038163,-0.01256504772166909,1.29990525678499,0.6967737046457402,-0.06952975486297028,0.07167248467521875,0.7103063231053391
0.9999555871089498,-0.009424219857704634,1.2999467057142429,0.6984801458556339,-0.06979393320956026,0.07140110265710262,0.7086297871752087
0.9999802608561371,-0.006283019941676157,1.2999763132611448,0.7001823914581934,-0.07005919251481298,0.07113069695416854,0.7069489035191102
0.9999950652018582,-0.003141571982779525,1.299994078256841,0.7018804155863883,-0.07032551580021487,0.07086128546292723,0.7052636969717455
1.0,-2.4492935982947064e-16,1.2999999999999998,0.7035741925769522,-0.07059288589999413,0.07059288589999416,0.7035741925769525
0.9999950652018582,0.003141571982779035,1.299994078256841,0.7052636969717452,-0.07086128546292722,0.07032551580021491,0.7018804155863887
0.9999802608561372,0.006283019941675669,1.2999763132611448,0.7069489035191098,-0.07113069695416853,0.070059192514813,0.7001823914581938
0.9999555871089498,0.009424219857704145,1.2999467057142429,0.7086297871752083,-0.07140110265710259,0.06979393320956029,0.6984801458556342
0.9999210442038162,0.012565047721668601,1.29990525678499,0.7103063231053388,-0.07167248467521871,0.0695297548629703,0.6967737046457406
0.9998766324816607,0.015705379539063813,1.2998519681097194,0.7119784866852483,-0.07194482493400706,0.06926667426451498,0.6950630938979082
0.9998223523808093,0.018845091334967624,1.2997868417921767,0.713646253502406,-0.07221810518287804,0.0690047080128637,0.693348339882511
0.9997582044369843,0.021984059158932614,1.2997098804034375,0.715309599357283,-0.07249230699710069,0.06874387251414822,0.6916294690694722
0.9996841892833003,0.02512215908988386,1.2996210869818052,0.7169685002645978,-0.07276741177976473,0.06848418398024932,0.6899065081268381
0.9996003076502568,0.028259267241012034,1.2995204650326926,0.7186229324545557,-0.07304340076376208,0.06822565842710884,0.6881794839193239
0.9995065603657318,0.03139525976465715,1.2994080185284815,0.7202728723740563,-0.07332025501378886,0.0679683116730664,0.6864484235068591
0.9994029483549731,0.03453001285720229,1.2992837519083675,0.7219182966878965,-0.0735979554283683,0.0677121593372201,0.6847133541431049
0.9992894726405894,0.03766340276396644,1.299147670078184,0.7235591822799556,-0.07387648274189344,0.06745721683781286,0.6829743032739555
0.9991661343425402,0.04079530578407954,1.298999778410209,0.7251955062543439,-0.07415581752668904,0.06720349939064346,0.6812312985360451
0.9990329346781248,0.04392559827537128,1.2988400827429518,0.7268272459365565,-0.07443594019509268,0.0669510220075042,0.6794843677552146
0.99888987496197,0.04705415665925665,1.298668589380924,0.7284543788745915,-0.07471683100155652,0.06669979949464193,0.6777335389449842
0.9987369566060176,0.05018085742560763,1.29848530509439,0.7300768828400608,-0.07499847004476481,0.06644984645124823,0.6759788403049982
0.9985741811195099,0.05330557713762995,1.2982902371190996,0.731694735829266,-0.07528083726977242,0.066201177267973,0.6742203002194734
0.998401550108975,0.05642819243674064,1.2980833931560025,0.7333079160642766,-0.07556391247015999,0.0659538061254659,0.6724579472556144
0.9982190652782118,0.05954858004743359,1.297864781370944,0.7349164019939692,-0.07584767529020707,0.06570774699294415,0.6706918101620304
0.9980267284282717,0.0626666167821524,1.2976344103943434,0.7365201722950638,-0.07613210522708293,0.06546301362678678,0.6689219178671312
0.9978245414574415,0.06578217954614134,1.297392289320852,0.7381192058731216,-0.07641718163305304,0.06521961956915692,0.6671482994775209
0.9976125063612252,0.06889514534231805,1.2971384277089955,0.7397134818635395,-0.07670288371770484,0.06497757814664967,0.6653709842763685
0.9973906252323236,0.07200539127612579,1.2968728355807952,0.7413029796325236,-0.07698919055018705,0.06473690246896921,0.6635900017217653
0.9971589002606138,0.07511279456037892,1.2965955234213742,0.7428876787780263,-0.0772760810614666,0.06449760542763255,0.6618053814450886
0.9969173337331279,0.07821723252011563,1.2963065021785414,0.7444675591306842,-0.07756353404660041,0.06425969969470152,0.6600171532493304
0.9966659280340298,0.08131858259744093,1.2960057832623604,0.7460426007547202,-0.0778515281670234,0.06402319772154222,0.6582253471074329
0.9964046856445923,0.08441672235636676,1.2956933785446993,0.7476127839488381,-0.0781400419528507,0.06378811173761352,0.6564299931605994
0.9961336091431723,0.08751152948763852,1.2953693003587616,0.7491780892470792,-0.07842905380519409,0.06355445374928331,0.6546311217166103
0.9958527012051855,0.09060288181356811,1.295033561498599,0.7507384974196747,-0.07871854199849379,0.06332223553867385,0.6528287632481162
0.9955619646030798,0.09369065729286243,1.2946861752186067,0.7522939894738758,-0.07900848468286345,0.06309146866253518,0.6510229483909165
0.9952614022063081,0.09677473402543092,1.2943271552330002,0.7538445466547468,-0.07929885988644855,0.06286216445114812,0.6492137079422504
0.9949510169813001,0.09985499025720324,1.2939565157152741,0.7553901504459578,-0.07958964551779782,0.06263433400725629,0.6474010728590526
0.9946308119914323,0.1029313043849402,1.2935742712976417,0.7569307825705422,-0.07988081936824909,0.062407988205026126,0.6455850742562167
0.9943007903969988,0.10600355496102667,1.293180437070458,0.7584664249916439,-0.0801723591143246,0.06218313768903873,0.643765743404839
0.9939609554551795,0.10907162069827131,1.2927750285816242,0.759997059913226,-0.08046424232014163,0.061959792873308106,0.6419431117304668
0.9936113105200082,0.11213538047469043,1.2923580618359731,0.7615226697807804,-0.08075644643983185,0.06173796394033229,0.640117210811321
0.9932518590423393,0.11519471333829494,1.2919295532946382,0.7630432372819989,-0.08104894881997463,0.06151766084017149,0.6382880723765233
0.9928826045698135,0.11824949851186266,1.291489519874402,0.7645587453474296,-0.0813417267020396,0.06129889328955779,0.6364557283043106
0.9925035507468235,0.12129961539770384,1.2910379789470317,0.7660691771511118,-0.08163475722483987,0.061081670771034775,0.6346202106202409
0.9921147013144778,0.12434494358242648,1.2905749483385895,0.7675745161111831,-0.0819280174269972,0.06086600253212613,0.6327815514953988
0.9917160601105627,0.12738536284169083,1.2901004463287307,0.7690747458904791,-0.08222148424941464,0.06065189758453617,0.6309397832445766
0.9913076310695065,0.1304207531449489,1.289614491649982,0.7705698503970899,-0.08251513453776027,0.06043936470337957,0.6290949383244739
0.9908894182223386,0.13345099466018717,1.289117103487003,0.7720598137849157,-0.082808945044959,0.060228412426442446,0.6272470493318661
0.9904614256966512,0.1364759677586618,1.288608301475826,0.7735446204541855,-0.08310289243369506,0.060019049053472474,0.6253961490017834
0.9900236577165573,0.13949555301961533,1.2880881057030829,0.7750242550519653,-0.08339695327891981,0.05981128264550224,0.6235422702056692
0.9895761186026508,0.14250963123498775,1.2875565367052129,0.7764987024726292,-0.0836911040703697,0.05960512102420118,0.6216854459495542
0.9891188127719618,0.1455180834141354,1.2870136154676493,0.7779679478583261,-0.08398532121509228,0.059400571771258626,0.6198257093721992
0.988651744737914,0.1485207907885176,1.286459363423993,0.7794319765994129,-0.08427958103997707,0.05919764222779933,0.6179630937432492
0.9881749191102804,0.15151763481638694,1.2858938024551656,0.7808907743348629,-0.08457385979429535,0.05899633949382811,0.6160976324613837
0.9876883405951377,0.1545084971874735,1.2853169548885461,0.7823443269526686,-0.08486813365224546,0.05879667042770745,0.6142293590524439
0.9871920139948192,0.157493259827652,1.2847288434970885,0.7837926205901973,-0.0851623787155051,0.05859864164566372,0.6123583071675854
0.986685944207868,0.16047180490360416,1.2841294914984234,0.7852356416345511,-0.08545657101578745,0.05840225952132791,0.6104845105813922
0.9861701362289887,0.1634440148274713,1.2835189225539414,0.786673376722879,-0.0857506865174054,0.05820753018530414,0.6086080031900204
0.9856445951489979,0.1664097722614932,1.2828971607678594,0.7881058127426886,-0.08604470111983756,0.058014459524772674,0.6067288190093104
0.985109326154774,0.16936896012264538,1.2822642306862677,0.7895329368321216,-0.08633859066030171,0.057823053183121795,0.6048469921729129
0.9845643345292052,0.17232146158725886,1.281620157296162,0.7909547363802116,-0.08663233091633071,0.057633316559612374,0.6029625569304056
0.9840096256511396,0.17526716009562968,1.2809649660244578,0.7923711990271207,-0.08692589760835223,0.057445254809074066,0.601075547645407
0.9834452049953298,0.1782059393566245,1.2802986827369838,0.7937823126643475,-0.08721926640227329,0.057258872841631434,0.5991859987936928
0.9828710781323793,0.18113768335227265,1.2796213337374633,0.7951880654349267,-0.0875124129120663,0.057074175322463575,0.5972939449612957
0.9822872507286886,0.18406227634233943,1.2789329457664753,0.7965884457335858,-0.08780531270235839,0.05689116667159368,0.5953994208426274
0.9816937285463991,0.18697960286889964,1.2782335460003984,0.7979834422068989,-0.08809794129102275,0.05670985106371131,0.5935024612385731
0.9810905174433341,0.1898895477609006,1.2775231620503373,0.7993730437534072,-0.08839027415177328,0.056530232428024386,0.5916031010546019
0.9804776233729443,0.192791996138699,1.2768018219610342,0.8007572395237189,-0.08868228671675817,0.0563523144481452,0.5897013752988689
0.979855052384247,0.1956868334186009,1.276069554209761,0.80213601892059,-0.08897395437915664,0.05617610056200611,0.5877973190803186
0.979222810621766,0.19857394531738984,1.2753263877051944,0.8035093715989791,-0.08926525249577671,0.05600159396180656,0.5858909676067859
0.9785809043254722,0.20145321785683148,1.2745723517862753,0.8048772874660826,-0.08955615638965134,0.055828797593993354,0.5839823561830977
0.9779293398307219,0.20432453736817452,1.2738074762210507,0.8062397566813428,-0.0898466413526364,0.055657714159270566,0.5820715202091791
0.9772681235681936,0.20718779049664188,1.2730317912054987,0.8075967696564469,-0.09013668264800745,0.05548834611264257,0.5801584951781433
0.9765972620638249,0.21004286420590196,1.2722453273623353,0.8089483170552818,-0.09042625551305669,0.05532069566348618,0.5782433166744106
0.9759167619387474,0.21288964578253658,1.2714481157398057,0.8102943897938925,-0.09071533516168766,0.05515476477565697,0.5763260203717928
0.9752266299092236,0.21572802284047957,1.2706401878104607,0.8116349790403943,-0.0910038967870084,0.05499055516762508,0.5744066420316136
0.9745268727865775,0.21855788332546555,1.2698215754699116,0.8129700762148829,-0.09129191556392463,0.05482806831264271,0.5724852175008023
0.9738174974771291,0.22137911551945047,1.2689923110355708,0.8142996729893088,-0.09157936665172899,0.05466730543894279,0.5705617827100042
0.9730985109821265,0.22419160804501645,1.268152427245379,0.8156237612873377,-0.09186622519668752,0.05450826752996997,0.5686363736716888
0.9723699203976769,0.22699524986977276,1.2673019572565105,0.8169423332841852,-0.09215246633462434,0.054350955324641306,0.5667090264782588
0.9716317329146742,0.22978993031074313,1.2664409346440635,0.8182553814064312,-0.09243806519350314,0.05419536931763809,0.5647797773001637
0.9708839558187312,0.232575539038729,1.2655693933997365,0.8195628983318127,-0.09272299689600344,0.054041509759730294,0.5628486623840119
0.9701265964901058,0.2353519660826667,1.2646873679304858,0.8208648769889934,-0.09300723656209423,0.05388937665813,0.5609157180506938
0.9693596624036295,0.238119101833969,1.263794893057167,0.822161310557316,-0.09329075931160244,0.053738969776877546,0.5589809806934948
0.9685831611286312,0.24087683705085772,1.262892004013159,0.8234521924665275,-0.09357354026677811,0.05359028863725618,0.5570444867762234
0.9677971003288653,0.24362506286266686,1.2619787364429758,0.8247375163964868,-0.09385555455485178,0.053443332518240114,0.5551062728313385
0.9670014877624352,0.24636367077414553,1.2610551264008578,0.8260172762768512,-0.0941367773105888,0.05329810045697131,0.553166375458078
0.966196331281715,0.249092552669745,1.260121210349347,0.8272914662867381,-0.09441718367883759,0.05315459124926669,0.5512248313205955
0.9653816388332742,0.25181160081787984,1.2591770251578507,0.8285600808543709,-0.0946967488170701,0.05301280345015741,0.549281677146098
0.9645574184577982,0.25452070787518566,1.2582226081011831,0.8298231146566992,-0.09497544789791762,0.05287273537445669,0.5473369497229903
0.9637236782900099,0.25721976689075304,1.2572579968580957,0.8310805626190028,-0.09525325611169826,0.05273438509735931,0.5453906858990212
0.9628804265585879,0.2599086713103544,1.2562832295097888,0.8323324199144666,-0.09553014866893896,0.05259775045506912,0.5434429225794416
0.9620276715860859,0.2625873149806481,1.2552983445384074,0.8335786819637502,-0.09580610080288793,0.05246282904545961,0.5414936967251519
0.961165421788852,0.2652555921533671,1.254303380825525,0.8348193444345168,-0.09608108777202073,0.05232961822876105,0.5395430453508792
0.9602936856769434,0.2679133974894975,1.2532983776506048,0.8360544032409597,-0.09635508486253759,0.05219811512827974,0.5375910055233356
0.9594124718540431,0.27056062606343767,1.2522833746894508,0.8372838545432978,-0.09662806739085245,0.05206831663114524,0.5356376143593966
0.9585217890173758,0.2731971733671349,1.2512584120126424,0.8385076947472547,-0.09690001070607208,0.05194021938908858,0.533682909024283
0.9576216459576226,0.27582293531421453,1.2502235300839515,0.839725920503518,-0.09717089019246744,0.05181381981924864,0.5317269267297463
0.9567120515588309,0.27843780824409325,1.249178769758744,0.840938528707177,-0.0974406812719352,0.05168911410500729,0.529769704732263
0.95579301479833,0.28104168892606585,1.2481241722823684,0.8421455164971419,-0.09770935940644832,0.05156609819685508,0.5278112803312335
0.9548645447466432,0.2836344745633779,1.2470597792885285,0.8433468812555408,-0.09797690010049712,0.05144476781328475,0.5258516908671943
0.9539266505673938,0.28621606279729495,1.245985632797636,0.8445426206071058,-0.09824327890352075,0.051325118441713516,0.5238909737200206
0.9529793415172189,0.28878635171113387,1.2449017752151552,0.8457327324185242,-0.09850847141232652,0.0512071453394334,0.5219291663071626
0.9520226269456766,0.29134523983428795,1.2438082493299283,0.846917214797787,-0.09877245327349815,0.05109084353459174,0.5199663060818629
0.9510565162951538,0.29389262614623635,1.2427050983124843,0.8480960660935071,-0.09903520018579376,0.050976207827197535,0.5180024305313982
0.9500810191007716,0.29642841008052995,1.2415923657133365,0.8492692848942229,-0.09929668790253099,0.05086323279015715,0.5160375771753225
0.9490961449902948,0.2989524915287589,1.2404700954612633,0.8504368700276833,-0.09955689223396005,0.05075191277033818,0.5140717835637206
0.948101903684032,0.30146477084451234,1.2393383318615714,0.8515988205601127,-0.09981578904962606,0.05064224188965931,0.512105087275468
0.9470983049947443,0.3039651488473026,1.2381971195943506,0.8527551357954583,-0.10007335428071569,0.05053421404621001,0.5101375259165001
0.9460853588275454,0.30645352682648797,1.2370465037127072,0.8539058152746162,-0.10032956392239428,0.05042782291539462,0.5081691371180947
0.945063075179805,0.3089298065451667,1.235886529640986,0.855050858774649,-0.10058439403612685,0.05032306195110704,0.506199958535148
0.9440314641410497,0.31139389024405634,1.2347172431729765,0.8561902663079693,-0.10083782075198788,0.05021992438692817,0.5042300278444843
0.9429905358928645,0.3138456806453502,1.2335386904701071,0.8573240381215221,-0.10108982027095506,0.05011840323735413,0.5022593827431509
0.9419403007087906,0.31628508095656205,1.2323509180596202,0.8584521746959369,-0.10134036886719107,0.05001849129904771,0.5002880609467364
0.9408807689542252,0.3187119948743452,1.2311539728327365,0.8595746767446699,-0.10158944289030963,0.04992018115211782,0.4983161001876945
0.9398119510863199,0.3211263265882917,1.2299479020428052,0.8606915452131257,-0.1018370187676269,0.04982346516142488,0.49634353821367755
0.938733857653874,0.3235279807847222,1.2287327533034345,0.8618027812777614,-0.10208307300639934,0.049728335477910626,0.49437041278587995
0.9376464992972356,0.3259168626504393,1.2275085745866168,0.8629083863451773,-0.10232758219604413,0.049634784039956234,0.4923967616773908
0.9365498867481924,0.328292877876478,1.2262754142208312,0.8640083620511825,-0.10257052301034653,0.049542802574762054,0.49042262267156334
0.9354440308298675,0.3306559326618255,1.2250333208891382,0.86510271025986,-0.10281187220964949,0.049452382599756935,0.48844803356037675
0.9343289424566119,0.33300593371712595,1.2237823436272546,0.8661914330625922,-0.10305160664302904,0.0493635154240278,0.4864730321428366
0.9332046326338985,0.33534278826836,1.2225225318216217,0.867274532777093,-0.10328970325045161,0.049276192149778374,0.4844976562233575
0.932071112458211,0.33766640406051207,1.2212539352074523,0.8683520119464101,-0.10352613906491688,0.049190403673808836,0.4825219436101751
0.9309283931169354,0.33997668936120995,1.2199766038667679,0.8694238733379139,-0.10376089121458232,0.04910614068902136,0.48054593211376234
0.9297764858882516,0.3422735529643439,1.2186905882264238,0.8704901199422742,-0.10399393692487124,0.04902339368595001,0.47856965954525693
0.9286154021410172,0.3445569041936743,1.217395939056114,0.8715507549724182,-0.1042252535205646,0.0489421529543125,0.476593163714901
0.9274451533346616,0.3468266529064018,1.2160927074663725,0.872605781862474,-0.1044548184278732,0.048862408584587916,0.47461648243049204
0.9262657510190666,0.34908270949673614,1.2147809449065496,0.8736552042666988,-0.10468260917649513,0.04878415046961504,0.47263965349584425
0.9250772068344578,0.35132498489942493,1.2134607031627855,0.8746990260583953,-0.10490860340165228,0.04870736830621634,0.4706627147092619
0.9238795325112866,0.35355339059327395,1.2121320343559643,0.8757372513288052,-0.10513277884611111,0.04863205159684182,0.4686857038620292
0.9226727398701147,0.3557678386046427,1.2107949909396547,0.8767698843859997,-0.10535511336218403,0.048558189651237836,0.4667086587369005
0.9214568408214984,0.3579682415109155,1.2094496256980418,0.8777969297537452,-0.10557558491371222,0.048485771588136446,0.4647316171066144
0.92023184736587,0.36015451244395386,1.2080959917438414,0.8788183921703625,-0.10579417157803,0.04841478633696731,0.4627546167324136
0.9189977715934214,0.36232656509352296,1.2067341425162048,0.8798342765875663,-0.10601085154790973,0.04834522263959155,0.4607776953625785
0.9177546256839809,0.3644843137107059,1.2053641317786066,0.8808445881692951,-0.1062256031334889,0.0482770690520556,0.45880089073097313
0.9165024219068982,0.3666276731112794,1.2039860136167262,0.8818493322905262,-0.10643840476417542,0.048210313946368474,0.45682424055560283
0.9152411726209175,0.3687565586790868,1.2025998424363076,0.8828485145360764,-0.10664923499053623,0.04814494551229696,0.4548477825371855
0.9139708902740609,0.37087088636936993,1.2012056729610159,0.8838421406993922,-0.10685807248616358,0.048080951759184434,0.4528715543577325
0.9126915874035029,0.37297057271209066,1.1998035602302757,0.8848302167813221,-0.10706489604952316,0.048018320517787004,0.4508955936791516
0.9114032766354451,0.37505553481522985,1.1983935595970956,0.8858127489888858,-0.10726968460578137,0.0479570394421321,0.44891993814184183
0.9101059706849957,0.3771256903680519,1.196975726725887,0.8867897437340178,-0.10747241720861225,0.04789709601139486,0.4469446253633312
0.90879968235604,0.37918095764436077,1.1955501175902639,0.8877612076323101,-0.10767307304198417,0.0478384775317951,0.4449696929368985
0.907484424541117,0.3812212555057236,1.1941167884708335,0.8887271475017383,-0.10787163142192571,0.047781171138513004,0.44299517843022607
0.9061602102212897,0.3832465034046751,1.1926757959529752,0.8896875703613742,-0.10806807179827109,0.04772516379762336,0.44102111938405936
0.9048270524660198,0.38525662138789407,1.1912271969246073,0.8906424834300902,-0.10826237375638367,0.04767044230804913,0.4390475533108795
0.9034849644330347,0.3872515300993668,1.1897710485739375,0.8915918941252504,-0.10845451701886012,0.04761699330353166,0.4370745176935913
0.9021339593682025,0.38923115078351206,1.18830740838721,0.8925358100613918,-0.108644481447211,0.047564803254621243,0.4351020499842201
0.9007740506053982,0.3911954052882937,1.186836334146434,0.8934742390488907,-0.10883224704352194,0.04751385847068252,0.43313018760263233
0.8994052515663709,0.3931442160683095,1.1853578839271002,0.894407189092627,-0.10901779395209221,0.04746414510191974,0.4311589679352487
0.8980275757606155,0.39507750618784515,1.183872116095893,0.8953346683906256,-0.10920110246105172,0.04741564914141706,0.42918842833380016
0.8966410367852359,0.3969951993239175,1.1823790893083819,0.8962566853326994,-0.10938215300395629,0.04736835642719688,0.42721860611406876
0.8952456483248118,0.3988972197692852,1.1808788625067077,0.897173248499075,-0.10956092616136104,0.047322252644294,0.4252495385546602
0.8938414241512636,0.4007834924354384,1.1793714949172556,0.8980843666590104,-0.10973740266237145,0.04727732332684576,0.4232812628957837
0.8924283781237178,0.402653942855561,1.1778570460483178,0.8989900487694044,-0.10991156338617214,0.04723355386019883,0.42131381633804404
0.8910065241883678,0.4045084971874736,1.176335575687742,0.899890303973392,-0.11008338936353404,0.04719092948302955,0.4193472360412556
0.8895758763783376,0.4063470822165473,1.1748071439005725,0.9007851415989402,-0.11025286177829774,0.04714943528948259,0.4173815591232507
0.8881364488135447,0.40816962535859164,1.1732718110266807,0.9016745711574209,-0.11041996196883572,0.04710905623132079,0.41541682265873203
0.8866882557005563,0.40997605466272624,1.1717296376783772,0.9025586023421898,-0.11058467142949104,0.04706977712009263,0.41345306367810264
0.8852313113324551,0.41176629881421367,1.170180684738027,0.9034372450271433,-0.11074697181199344,0.04703158262931182,0.41149031916634626
0.8837656300886935,0.41354028713728075,1.1686250133556393,0.9043105092652772,-0.11090684492685257,0.04699445729665222,0.40952862606188983
0.8822912264349534,0.41529794959790606,1.1670626849464567,0.9051784052872326,-0.11106427274472852,0.04695838552615533,0.4075680212555002
0.8808081149230034,0.4170392168065857,1.165493761188529,0.9060409434998338,-0.11121923739777896,0.04692335159045165,0.40560854158918597
0.8793163101905561,0.4187640200210709,1.1639183040202807,0.9068981344846198,-0.1113717211809831,0.04688933963299509,0.40365022385511407
0.8778158269611217,0.4204722911490844,1.162336375638063,0.9077499889963658,-0.11152170655344307,0.04685633367030874,0.4016931047945462
0.8763066800438633,0.4221639627510078,1.1607480384936988,0.9085965179616049,-0.11166917613966107,0.04682431759424545,0.39973722109677207
0.8747888843334529,0.4238389680425413,1.1591533552920206,0.9094377324771291,-0.11181411273079397,0.04679327517425726,0.39778260939808496
0.87326245480992,0.425497240897346,1.1575523889883887,0.9102736438084997,-0.11195649928588426,0.04676319005967946,0.3958293062807357
0.8717274065385088,0.4271387158496475,1.155945202786213,0.9111042633885365,-0.11209631893306708,0.046734045782023566,0.39387734827193627
0.8701837546695257,0.42876332809682594,1.154331860134452,0.9119296028158101,-0.11223355497075437,0.04670582575728306,0.39192677184284763
0.8686315144381914,0.43037101350197154,1.1527124247251117,0.9127496738531252,-0.11236819086879501,0.046678513288248825,0.3899776134075986
0.8670707011644898,0.43196170859641775,1.1510869604907281,0.9135644884259955,-0.11250021026961154,0.046652091566835203,0.3880299093223125
0.8655013302530189,0.433535350582245,1.1494555316018473,0.9143740586211166,-0.11262959698931271,0.04662654367641655,0.3860836958841476
0.8639234171928354,0.4350918773347627,1.1478182024644876,0.9151783966848295,-0.11275633501878339,0.0466018525941719,0.3841390093303565
0.8623369775573037,0.4366312274049603,1.1461750377175994,0.9159775150215849,-0.11288040852474923,0.04657800119344197,0.3821958858373435
0.8607420270039439,0.43815334002193146,1.1445261022305149,0.9167714261923916,-0.11300180185081876,0.04655497224609159,0.3802543615197627
0.8591385812742723,0.4396581550952781,1.1428714611003816,0.9175601429132738,-0.11312049951850112,0.0465327484248841,0.37831447242959604
0.8575266561936526,0.44114561321747614,1.1412111796496003,0.9183436780537102,-0.11323648622819989,0.04651131230586163,0.3763762545552801
0.8559062676711331,0.4426156556662274,1.1395453234232376,0.9191220446350793,-0.1133497468601833,0.046490646370735564,0.37443974382081113
0.8542774316992948,0.4440682244067724,1.137873958186446,0.9198952558290926,-0.11346026647553048,0.04647073300928282,0.37250497608489713
0.8526401643540925,0.44550326209418356,1.1361971499218644,0.9206633249562272,-0.11356803031705352,0.04645155452175092,0.37057198714009987
0.8509944817946918,0.44692071207563183,1.1345149648270096,0.921426265484157,-0.11367302381019624,0.04643309312126987,0.3686408127119918
0.8493404002633166,0.4483205183926178,1.1328274693116707,0.9221840910261726,-0.1137752325639084,0.04641533093626991,0.36671148845834767
0.8476779360850829,0.44970262578318565,1.1311347299952796,0.9229368153396076,-0.11387464237149637,0.04639825001290748,0.3647840499683159
0.8460071056678424,0.4510669796841011,1.129436813704288,0.9236844523242493,-0.11397123921144992,0.046381832317494875,0.36285853276163926
0.844327925502015,0.45241352623300973,1.1277337874695217,0.9244270160207618,-0.11406500924824502,0.04636605973893821,0.3609349722878532
0.8426404121604327,0.453742212270558,1.1260257185235425,0.9251645206090879,-0.11415593883312257,0.046350914091178655,0.35901340392553166
0.8409445822981693,0.45505298534249766,1.1243126742979854,0.9258969804068676,-0.1142440145048437,0.04633637711564073,0.3570938629815117
0.8392404526523816,0.45634579370175155,1.1225947224209045,0.9266244098678362,-0.11432922299042096,0.04632243048368352,0.355176384690164
0.8375280400421421,0.45762058631045843,1.1208719307140993,0.9273468235802312,-0.11441155120582545,0.046309055799057655,0.35326100421265316
0.8358073613682703,0.4588773128419905,1.1191443671904342,0.928064236265197,-0.1144909862566709,0.046296234600366554,0.3513477566362125
0.8340784336131714,0.4601159236829351,1.1174121000511608,0.9287766627751782,-0.11456751543887325,0.046283948363529864,0.3494366769734518
0.8323412738406637,0.4613363699350572,1.115675197683219,0.9294841180923241,-0.11464112623928659,0.046272178504253046,0.34752780016164614
0.830595899195813,0.46253860341722874,1.1139337286565407,0.9301866173268781,-0.1147118063363163,0.046260906380496736,0.34562116106207147
0.8288423269047619,0.4637225766673307,1.11218776172134,0.9308841757155798,-0.1147795436005071,0.04625011329495286,0.3437167944593181
0.8270805742745625,0.4648882429441253,1.1104373658054039,0.9315768086200505,-0.1148443260951089,0.046239780497519464,0.3418147350606514
0.8253106586929998,0.46603555622910536,1.1086826100113638,0.932264531525194,-0.11490614207661815,0.046229889187780954,0.33991501749535
0.8235325976284272,0.4671644712283062,1.106923563613975,0.9329473600375808,-0.1149649799952963,0.046220420517487815,0.33801767631408897
0.8217464086295907,0.4682749433740959,1.105160296057378,0.9336253098838425,-0.1150208284956645,0.04621135559303925,0.3361227459883127
0.8199521093254524,0.4693669288269371,1.103392876952355,0.9342983969090634,-0.11507367641697504,0.04620267547796723,0.33423026090962105
0.8181497174250236,0.4704403844771127,1.1016213760735876,0.9349666370751658,-0.11512351279365964,0.0461943611954198,0.33234025538918743
0.8163392507171843,0.47149526794643215,1.0998458633568962,0.9356300464593057,-0.11517032685575408,0.04618639373064775,0.33045276365715853
0.8145207270705098,0.47253153758990224,1.098066408896483,0.9362886412522559,-0.11521410802930059,0.046178754033488006,0.32856781986209765
0.812694164433094,0.4735491524973722,1.0962830829421628,0.9369424377568021,-0.11525484593672584,0.04617142302085107,0.326685458070408
0.8108595808323736,0.47454807249514736,1.0944959558965914,0.9375914523861278,-0.11529253039719722,0.04616438157920447,0.3248057122657978
0.8090169943749477,0.47552825814757677,1.0927050983124844,0.9382357016622088,-0.11532715142695543,0.046157610567057986,0.3229286163487322
0.8071664232464001,0.4764896707586096,1.090910580889832,0.9388752022142022,-0.11535869923962452,0.0461510908174468,0.32105420413590996
0.8053078857111224,0.47743227237332136,1.0891124744731109,0.9395099707768383,-0.11538716424649925,0.046144803140413596,0.3191825093597524
0.8034414001121277,0.47835602577941533,1.0873108500484816,0.9401400241888167,-0.11541253705680944,0.04613872832548971,0.3173135656678873
0.8015669848708767,0.479260894508688,1.085505778740993,0.940765379391195,-0.11543480847796245,0.046132847144172776,0.3154474066226721
0.7996846584870909,0.48014684283847153,1.083697331811769,0.9413860534257908,-0.11545396951576248,0.046127140352404825,0.3135840657006939
0.7977944395385714,0.48101383579304285,1.081885580655198,0.9420020634335717,-0.11547001137460827,0.046121588693044335,0.31172357629231473
0.7958963466810159,0.48186183914500497,1.0800705967961126,0.9426134266530602,-0.11548292545766774,0.04611617289833959,0.3098659717011939
0.7939903986478355,0.48269081941663705,1.0782524518869692,0.9432201604187281,-0.1154927033670314,0.04611087369239514,0.3080112851438525
0.7920766142499673,0.48350074388121755,1.0764312177050148,0.9438222821594027,-0.11549933690384298,0.046105671793637525,0.30615954974922266
0.7901550123756902,0.48429158056431576,1.0746069661494562,0.944419809396669,-0.11550281806840879,0.04610054791727593,0.3043107985582213
0.7882256119904405,0.48506329824505284,1.0727797692386227,0.945012759743275,-0.11550313906028484,0.04609548277775933,0.30246506452333427
0.786288432136619,0.48581586645733704,1.0709496991071175,0.9456011509015441,-0.11550029227834249,0.046090457091229484,0.3006223805081956
0.7843434919334102,0.4865492554910633,1.0691168280029772,0.9461850006617796,-0.11549427032081284,0.046085451577968506,0.2987827792872033
0.7823908105765884,0.48726343639328856,1.0672812282848145,0.946764326900686,-0.1154850659853091,0.046080446964843286,0.29694629354511237
0.7804304073383297,0.4879583809693739,1.0654429724189627,0.947339147579778,-0.11547267226882843,0.04607542398774207,0.29511295587666975
0.7784623015670235,0.4886340617840968,1.0636021329766163,0.9479094807438044,-0.11545708236773203,0.0460703633940087,0.2932827987862326
0.7764865126870788,0.4892904521627361,1.0617587826309645,0.9484753445191687,-0.11543828967770478,0.046065245944868556,0.29145585468741136
0.774503060198734,0.48992752619212343,1.0599129941543222,0.9490367571123537,-0.11541628779369341,0.04606005241784983,0.2896321559027164
0.7725119636778642,0.4905452587216672,1.0580648404152577,0.9495937368083517,-0.1153910705098246,0.04605476360919812,0.2878117346632146
0.7705132427757898,0.49114362536434425,1.0562143943757178,0.9501463019690928,-0.11536263181930216,0.046049360336284095,0.2859946231081987
0.7685069172190767,0.49172260249766486,1.0543617290881413,0.9506944710318859,-0.11533096591428361,0.04604382344000531,0.2841808532848524
0.7664930068093506,0.4922821672646025,1.0525069176925834,0.9512382625078509,-0.11529606718573716,0.04603813378717926,0.2823704571479469
0.764471531423092,0.49282229757449897,1.0506500334138205,0.9517776949803679,-0.1152579302232776,0.04603227227293092,0.280563466559519
0.7624425110114478,0.4933429721039341,1.048791149558465,0.9523127871035181,-0.11521654981498335,0.04602621982307037,0.27875991328858446
0.7604059656000309,0.4938441702975689,1.0469303395120693,0.9528435576005381,-0.11517192094719268,0.04601995739646491,0.27695982901083593
0.758361915288722,0.494325872368957,1.0450676767362272,0.953370025262272,-0.11512403880428095,0.04601346598740067,0.27516324530836545
0.7563103802514722,0.4947880593013254,1.043203234765676,0.9538922089456318,-0.11507289876841816,0.04600672662793709,0.27337019366938786
0.7542513807361036,0.49523071284832565,1.041337087205391,0.9544101275720603,-0.11501849641930707,0.04599972039025228,0.27158070548797136
0.7521849370641119,0.4956538155347532,1.039469307727685,0.9549238001259954,-0.11496082753390252,0.04599242838897878,0.2697948120637845
0.7501110696304596,0.4960573506572388,1.0375999700692913,0.9554332456533481,-0.11489988808611105,0.045984831783531355,0.26801254460183166
0.7480297989033833,0.4964413022849067,1.0357291480284616,0.9559384832599712,-0.11483567424647297,0.045976911780423166,0.2662339342122239
0.7459411454241824,0.49680565526000414,1.0338569154620447,0.9564395321101484,-0.11476818238182404,0.04596864963557453,0.2644590119099261
0.7438451298070249,0.49715039519849946,1.0319833462825778,0.9569364114250738,-0.11469740905494062,0.0459600266566092,0.26268780861454055
0.7417417727387398,0.49747550849065,1.030108514455365,0.9574291404813462,-0.11462335102416495,0.04595102420514245,0.26092035515007356
0.7396310949786098,0.49778098230153994,1.0282324939955543,0.9579177386094637,-0.11454600524301321,0.0459416236990566,0.2591566822447239
0.7375131173581742,0.4980668045715862,1.026355358965223,0.9584022251923261,-0.11446536885976547,0.045931806614767576,0.2573968205306723
0.7353878607810163,0.4983329640170149,1.0244771834704476,0.9588826196637386,-0.11438143921703767,0.04592155448947882,0.25564080054387817
0.7332553462225605,0.4985794501303069,1.0225980416583802,0.9593589415069248,-0.1142942138513364,0.0459108489234248,0.2538886527238828
0.7311155947298641,0.4988062531806126,1.0207180077143216,0.9598312102530427,-0.11420369049259596,0.04589967158210255,0.2521404074136184
0.7289686274214111,0.49901336421413583,1.0188371558587936,0.960299445479707,-0.11410986706369877,0.0458880041984914,0.250396094859228
0.7268144654869031,0.49920077505448757,1.0169555603446077,0.9607636668095162,-0.11401274167997802,0.045875828575261166,0.24865574520988015
0.7246531301870465,0.49936847830300884,1.0150732954539305,0.9612238939085864,-0.11391231264870431,0.04586312658696692,0.24691938851760226
0.7224846428533503,0.49951646733906235,1.0131904354953598,0.961680146485089,-0.11380857846855519,0.045849880182232725,0.2451870547371116
0.7203090248879069,0.4996447363202947,1.0113070548009804,0.9621324442877967,-0.11370153782906846,0.04583607138592105,0.24345877372565475
0.718126297763189,0.49975328018286586,1.0094232277234385,0.962580807104632,-0.11359118961007933,0.04582168230129072,0.24173457524285175
0.7159364830218315,0.4998420946416501,1.0075390286330015,0.9630252547612242,-0.11347753288114149,0.04580669511214021,0.24001448895054606
0.7137396022764219,0.4999111761904046,1.0056545319146228,0.9634658071194722,-0.11336056690093241,0.045791092084938714,0.23829854441265874
0.7115356772092853,0.4999605221019081,1.0037698119650058,0.9639024840761108,-0.1132402911166429,0.04577485557094279,0.23658677109504772
0.709324729572274,0.49999013042806856,1.0018849431896677,0.964335305561285,-0.11311670516335165,0.04575796800829922,0.23487919836537674
0.7071067811865478,0.4999999999999999,1.0000000000000002,0.964764291537133,-0.11298980886338394,0.045740411924134694,0.23317585549297462
0.7048818539423611,0.49999013042806856,0.9981150568103321,0.9651894619963679,-0.11285960222565626,0.0457221699366291,0.23147677164872182
0.7026499697988497,0.4999605221019081,0.9962301880349946,0.9656108369608748,-0.11272608544500509,0.04570322475707708,0.22978197590491872
0.7004111507838064,0.4999111761904046,0.9943454680853776,0.9660284364803062,-0.11258925890150187,0.04568355919193216,0.2280914972351726
0.6981654189934728,0.49984209464165014,0.9924609713669988,0.9664422806306898,-0.11244912315975351,0.045663156144838124,0.2264053645142834
0.6959127965923146,0.49975328018286586,0.9905767722765617,0.9668523895130385,-0.1123056789681884,0.04564199861864366,0.2247236065181345
0.6936533058128054,0.4996447363202947,0.98869294519902,0.9672587832519692,-0.11215892725832885,0.04562006971740252,0.22304625192358718
0.6913869689552063,0.4995164673390624,0.9868095645046404,0.9676614819943269,-0.11200886914404941,0.0455973526483581,0.22137332930837758
0.6891138083873486,0.4993684783030088,0.9849267045460692,0.9680605059078157,-0.11185550592082234,0.04557383072391157,0.21970486715102377
0.6868338465444085,0.49920077505448757,0.9830444396553928,0.968455875179638,-0.11169883906494864,0.045549487363575544,0.21804089383072012
0.6845471059286884,0.49901336421413583,0.9811628441412057,0.9688476100151365,-0.1115388702327775,0.04552430609590942,0.2163814376272592
0.6822536091093969,0.4988062531806126,0.9792819922856787,0.9692357306364466,-0.11137560125991143,0.045498270560441,0.2147265267209332
0.6799533787224192,0.4985794501303069,0.9774019583416201,0.9696202572811538,-0.11120903416039962,0.04547136450956907,0.21307618919245305
0.6776464374701024,0.49833296401701493,0.9755228165295529,0.9700012102009581,-0.11103917112591874,0.04544357181045154,0.21143045302286564
0.6753328081210247,0.49806680457158625,0.9736446410347773,0.9703786096603445,-0.11086601452494117,0.04541487644687495,0.20978934609347377
0.6730125135097731,0.4977809823015399,0.9717675060044455,0.9707524759352624,-0.11068956690189147,0.04538526252110794,0.20815289618575916
0.6706855765367199,0.49747550849065,0.9698914855446354,0.9711228293118094,-0.1105098309762913,0.045354714255737505,0.2065211309813073
0.668352020167793,0.4971503951984994,0.9680166537174221,0.9714896900849219,-0.11032680964189243,0.0453232159954867,0.20489407806173962
0.6660118674342518,0.49680565526000414,0.9661430845379556,0.9718530785570771,-0.1101405059657981,0.045290752209017016,0.2032717649086338
0.6636651414324581,0.49644130228490674,0.9642708519715388,0.9722130150369945,-0.1099509231875744,0.045257307490710136,0.20165421890346874
0.6613118653236524,0.49605735065723894,0.9624000299307092,0.9725695198383508,-0.10975806471834956,0.04522286656243472,0.20004146732754835
0.6589520623337168,0.49565381553475324,0.9605306922723152,0.9729226132784987,-0.10956193413990305,0.045187414275292506,0.19843353736194258
0.6565857557529572,0.4952307128483257,0.9586629127946092,0.9732723156771932,-0.10936253520374443,0.04515093561134854,0.1968304560874243
0.6542129689358613,0.49478805930132547,0.9567967652343246,0.9736186473553253,-0.10915987183018146,0.045113415685340774,0.19523225048440845
0.6518337253008785,0.4943258723689569,0.9549323232637726,0.9739616286336616,-0.10895394810737881,0.04507483974637319,0.1936389474328928
0.6494480483301842,0.49384417029756894,0.9530696604879312,0.9743012798315932,-0.10874476829040647,0.045035193179588914,0.1920505737124009
0.6470559615694443,0.493342972103934,0.9512088504415349,0.9746376212658888,-0.1085323368002787,0.044994461507824435,0.1904671560019245
0.6446574886275915,0.492822297574499,0.94934996658618,0.9749706732494576,-0.10831665822298403,0.04495263039324627,0.1888887208798681
0.642252653176584,0.4922821672646026,0.9474930823074169,0.9753004560901165,-0.10809773730850565,0.04490968563896619,0.1873152948239978
0.6398414789511789,0.491722602497665,0.9456382709118591,0.9756269900893675,-0.10787557896983313,0.0448656131906399,0.1857469042113824
0.6374239897486896,0.49114362536434436,0.9437856056242826,0.9759502955411795,-0.10765018828196528,0.04482039913804359,0.18418357531834406
0.6350002094287613,0.4905452587216673,0.9419351595847425,0.9762703927307792,-0.10742157048090527,0.044774029716633246,0.18262533432040615
0.6325701619131247,0.48992752619212354,0.9400870058456781,0.9765873019334471,-0.10718973096264621,0.04472649130908239,0.18107220729224047
0.6301338711853688,0.48929045216273603,0.9382412173690354,0.9769010434133231,-0.10695467528215026,0.044677770446801615,0.1795242202076173
0.627691361290701,0.4886340617840969,0.936397867023384,0.977211637422217,-0.10671640915231881,0.04462785381143711,0.17798139893935389
0.6252426563357051,0.4879583809693738,0.9345570275810372,0.977519104198427,-0.10647493844295539,0.04457672823634905,0.176443769259264
0.6227877804881126,0.4872634363932887,0.9327187717151858,0.9778234639655661,-0.10623026917972175,0.04452438070807105,0.1749113568381072
0.6203267579765563,0.4865492554910635,0.9308831719970231,0.9781247369313941,-0.10598240754308628,0.04447079836774734,0.1733841872455423
0.6178596130903348,0.4858158664573372,0.929050300892883,0.9784229432866587,-0.10573135986726546,0.04441596851255179,0.17186228595006728
0.6153863701791714,0.48506329824505295,0.9272202307613777,0.9787181032039406,-0.1054771326391593,0.044359878597083964,0.17034567831898056
0.6129070536529758,0.4842915805643154,0.9253930338505432,0.9790102368365101,-0.10521973249727973,0.04430251623474667,0.16883438961832137
0.6104216879816027,0.48350074388121766,0.9235687822949855,0.9792993643171867,-0.10495916623067304,0.04424386919910151,0.16732844501282154
0.607930297694605,0.4826908194166369,0.9217475481130307,0.9795855057572079,-0.10469544077783591,0.04418392542520336,0.16582786956585366
0.6054329073810019,0.48186183914500513,0.9199294032038877,0.9798686812451057,-0.10442856322562666,0.04412267301091516,0.16433268823937813
0.6029295416890247,0.481013835793043,0.9181144193448024,0.9801489108455879,-0.10415854080816932,0.04406010021819991,0.16284292589389027
0.6004202253258841,0.48014684283847164,0.9163026681882314,0.9804262145984288,-0.10388538090575432,0.04399619547439329,0.16135860728836546
0.5979049830575192,0.4792608945086881,0.9144942212590074,0.9807006125173655,-0.10360909104373237,0.04393094737345294,0.1598797570802089
0.5953838397083553,0.4783560257794155,0.9126891499515188,0.9809721245890028,-0.10332967889140403,0.04386434467718871,0.15840639982519011
0.5928568201610591,0.47743227237332153,0.91088752552689,0.9812407707717227,-0.103047152260905,0.04379637631646889,0.1569385599773988
0.5903239493562945,0.4764896707586095,0.9090894191101674,0.9815065709946036,-0.10276151910608644,0.04372703139240734,0.15547626188917707
0.5877852522924732,0.47552825814757693,0.9072949016875165,0.981769545156345,-0.10247278752139097,0.04365629917752703,0.15401952981106484
0.5852407540255097,0.4745480724951472,0.9055040441034083,0.9820297131241996,-0.10218096574072481,0.0435841691169028,0.15256838789173924
0.5826904796685766,0.4735491524973724,0.9037169170578381,0.9822870947329124,-0.10188606213632653,0.043510630829282484,0.15112286017795196
0.5801344543918493,0.47253153758990246,0.9019335911035172,0.9825417097836668,-0.10158808521763076,0.043435674108184934,0.1496829706144672
0.5775727034222676,0.4714952679464323,0.9001541366431041,0.9827935780430381,-0.10128704363013041,0.043359288922977975,0.14824874304399574
0.5750052520432788,0.4704403844771129,0.8983786239264128,0.983042719241952,-0.1009829461542343,0.04328146541993206,0.1468202012071329
0.5724321255945913,0.46936692882693726,0.8966071230476452,0.9832891530746544,-0.10067580170412177,0.04320219392325423,0.14539736874228187
0.5698533494719236,0.46827494337409614,0.8948397039426227,0.9835328991976817,-0.10036561932659568,0.04312146493609727,0.14398026918559576
0.5672689491267565,0.467164471228306,0.8930764363860243,0.9837739772288452,-0.10005240819993164,0.04303926914154926,0.14256892597089704
0.5646789500660773,0.46603555622910553,0.891317389988637,0.9840124067462158,-0.09973617763272533,0.042955597403598555,0.1411633624296088
0.5620833778521301,0.4648882429441255,0.8895626341945964,0.9842482072871207,-0.09941693706273753,0.04287044076807771,0.1397636017906786
0.5594822581021675,0.4637225766673309,0.8878122382786607,0.9844813983471431,-0.09909469605573773,0.04278379046358487,0.13836966718050164
0.556875616488188,0.46253860341722897,0.8860662713434596,0.9847119993791313,-0.09876946430434468,0.04269563790238155,0.13698158162284146
0.5542634787366941,0.46133636993505744,0.8843248023167811,0.9849400297922137,-0.0984412516268671,0.04260597468126973,0.13559936803874822
0.5516458706284305,0.46011592368293525,0.8825878999488395,0.9851655089508199,-0.09811006796614166,0.04251479258244432,0.1342230492464793
0.5490228179981314,0.4588773128419904,0.8808556328095651,0.9853884561737102,-0.09777592338837006,0.042422083574324844,0.1328526479614048
0.5463943467342689,0.45762058631045865,0.8791280692859016,0.985608890733009,-0.09743882808195611,0.04232783981236285,0.13148818679593133
0.5437604827787925,0.4563457937017514,0.8774052775790948,0.9858268318532488,-0.09709879235634049,0.04223205363982763,0.13012968825940274
0.541121252126876,0.4550529853424979,0.8756873257020154,0.9860422987104176,-0.09675582664083605,0.042134717588568654,0.12877717475801223
0.5384766808266598,0.4537422122705582,0.873974281476458,0.9862553104310141,-0.09640994148346242,0.042035824379755324,0.12743066859470603
0.5358267949789971,0.45241352623300995,0.8722662125304791,0.9864658860911095,-0.09606114754978065,0.04193536692459415,0.12609019196908647
0.5331716207371885,0.4510669796841013,0.8705631862957123,0.9866740447154164,-0.09570945562172671,0.04183333832502203,0.12475576697731222
0.5305111843067348,0.4497026257831859,0.8688652700047212,0.9868798052763631,-0.0953548765964475,0.04172973187437827,0.12342741561199619
0.5278455119450667,0.44832051839261805,0.8671725306883298,0.9870831866931755,-0.09499742148513418,0.041624541058051724,0.12210515976210001
0.5251746299612954,0.44692071207563167,0.8654850351729897,0.9872842078309649,-0.09463710141185905,0.041517759554106755,0.1207890212128267
0.5224985647159487,0.4455032620941838,0.8638028500781364,0.9874828874998229,-0.09427392761241125,0.04140938123388483,0.11947902164551275
0.5198173426207094,0.44406822440677224,0.8621260418135532,0.987679244453921,-0.09390791143313369,0.041299400162583766,0.11817518263751128
0.5171309901381573,0.4426156556662277,0.8604546765767631,0.9878732973906202,-0.09353906432976175,0.04118781059981386,0.11687752566207948
0.514439533781506,0.44114561321747636,0.8587888203504,0.9880650649495821,-0.09316739786626255,0.04107460700013063,0.1155860720882595
0.5117430001143455,0.4396581550952784,0.857128538899619,0.9882545657118914,-0.0927929237136765,0.04095978401354522,0.11430084318075792
0.5090414157503712,0.43815334002193174,0.8554738977694855,0.988441818199181,-0.09241565364895907,0.04084333648601036,0.11302186009982111
0.5063348073531334,0.4366312274049606,0.8538249622824013,0.9886268408727643,-0.09203559955382638,0.040725259459885116,0.11174914390110977
0.5036232016357611,0.43509187733476296,0.8521817975355128,0.9888096521327755,-0.0916527734136005,0.04060554817437437,0.11048271553556875
0.5009066253607095,0.43353535058224485,0.8505444683981521,0.9889902703173142,-0.0912671873160591,0.04048419806594737,0.1092225958492942
0.4981851053394914,0.43196170859641797,0.8489130395092721,0.9891687137015968,-0.09087885345028618,0.04036120476873133,0.10796880558340238
0.49545866843240755,0.4303710135019718,0.8472875752748882,0.9893450004971142,-0.0904877841055244,0.040236564114882974,0.1067213653738835
0.49272734154829173,0.4287633280968262,0.8456681398655487,0.989519148850796,-0.090093991670033,0.040110272134936606,0.10548029575147078
0.4899911516442369,0.4271387158496478,0.844054797213787,0.9896911768441796,-0.08969748862994523,0.03998232505812911,0.1042456171414892
0.4872501257253328,0.42549724089734625,0.8424476110116121,0.989861102492587,-0.08929828756813078,0.03985271931270191,0.10301734986371164
0.4845042908443979,0.42383896804254156,0.8408466447079798,0.9900289437443072,-0.08889640116306084,0.03972145152617962,0.10179551413220975
0.4817536741017146,0.42216396275100715,0.8392519615063002,0.9901947184797831,-0.0884918421876763,0.03958851852562609,0.10058013005519915
0.4789983026447613,0.42047229114908474,0.8376636243619375,0.9903584445108061,-0.08808462350825982,0.03945391733787661,0.09937121763488872
0.47623820366793873,0.41876402002107066,0.8360816959797187,0.9905201395797181,-0.0876747580833101,0.03931764518974776,0.09816879676731358
0.4734734044123127,0.417039216806586,0.8345062388114713,0.9906798213586138,-0.08726225896242276,0.039179699508223906,0.0969728872421847
0.4707039321653326,0.4152979495979064,0.8329373150535432,0.9908375074485566,-0.08684713928517133,0.03904007792062069,0.09578350874271331
0.46792981426057356,0.4135402871372811,0.8313749866443614,0.9909932153787939,-0.08642941227999625,0.03889877825472556,0.094600680845454
0.4651510780774587,0.411766298814214,0.8298193152619728,0.991146962605982,-0.08600909126309454,0.03875579853891526,0.09342442302012678
0.4623677510409923,0.4099760546627266,0.8282703623216235,0.9912987665134154,-0.08558618963731629,0.038611137002250516,0.09225475462944766
0.45957986062148776,0.40816962535859197,0.8267281889733197,0.9914486444102624,-0.08516072089106429,0.03846479207454752,0.09109169492895186
0.4567874343342996,0.4063470822165471,0.8251928560994273,0.9915966135308053,-0.08473269859719904,0.03831676238642712,0.08993526306681422
0.453990499739547,0.40450849718747395,0.8236644243122583,0.9917426910336887,-0.08430213641194781,0.03816704676934002,0.08878547808367027
0.4511890844418447,0.4026539428555608,0.8221429539516817,0.9918868940011715,-0.08386904807381883,0.03801564425557069,0.08764235891242496
0.4483832160900329,0.40078349243543876,0.8206285050827448,0.9920292394383845,-0.08343344740252154,0.03786255407821713,0.0865059243780744
0.4455729223768963,0.39889721976928555,0.8191211374932922,0.9921697442725961,-0.08299534829788932,0.03770777567114854,0.08537619319750492
0.4427582310389017,0.39699519932391786,0.817620910691619,0.9923084253524799,-0.08255476473881124,0.03755130866894037,0.0842531839793101
0.43993916985591547,0.3950775061878455,0.8161278839041068,0.9924452994473912,-0.0821117107821655,0.03739315290678631,0.08313691522358654
0.43711576665093343,0.3931442160683099,0.8146421160729005,0.9925803832466474,-0.08166620056176092,0.037233308420388,0.08202740532173926
0.4342880492898045,0.39119540528829405,0.8131636658535663,0.9927136933588148,-0.081218248287283,0.03707177544582193,0.08092467255627879
0.4314560456809591,0.38923115078351184,0.81169259161279,0.9928452463109991,-0.08076786824324614,0.03690855441938422,0.07982873510061633
0.4286197837751286,0.38725153009936714,0.8102289514260629,0.9929750585481446,-0.08031507478795122,0.036743645977412163,0.07873961101885926
0.42577929156507227,0.3852566213878944,0.8087728030753925,0.9931031464323355,-0.07985988235244948,0.03657705095608438,0.07765731826559548
0.4229345970853039,0.3832465034046754,0.807324204047025,0.9932295262421051,-0.07940230543951336,0.036408770391197824,0.07658187468568903
0.42008572841180625,0.381221255505724,0.8058832115291663,0.9933542141717493,-0.078942358622611,0.03623880551792265,0.07551329801405562
0.41723271366176545,0.3791809576443611,0.8044498824097369,0.9934772263306453,-0.0784800565448907,0.03606715777053524,0.0744516058754546
0.4143755809932845,0.3771256903680522,0.8030242732741129,0.9935985787425761,-0.07801541391816852,0.035893828782128545,0.0733968157842608
0.4115143586051085,0.37505553481522963,0.8016064404029043,0.9937182873450615,-0.07754844552192403,0.03571882038430059,0.07234894514424539
0.408649074736349,0.37297057271209105,0.8001964397697244,0.9938363679886912,-0.077079166202303,0.03554213460682091,0.07130801124835176
0.40577975766620006,0.3708708863693697,0.798794327038984,0.9939528364364671,-0.0766075908711252,0.03536377367727508,0.07027403127846214
0.4029064357136629,0.3687565586790872,0.7974001575636928,0.9940677083631481,-0.07613373450490074,0.03518374002068689,0.06924702230517521
0.4000291372372644,0.3666276731112798,0.7960139863832737,0.9941809993546006,-0.07565761214385212,0.035002036259119476,0.06822700128756533
0.39714789063478123,0.3644843137107063,0.7946358682213938,0.994292724907156,-0.07517923889094451,0.03481866521125404,0.06721398507295571
0.394262724342951,0.36232656509352335,0.7932658574837951,0.9944029004269713,-0.0746986299109208,0.034633629891946925,0.06620799039667316
0.3913736668372034,0.36015451244395424,0.791904008256159,0.9945115412293953,-0.07421580042934753,0.03444693351176563,0.06520903388181658
0.38848074663136645,0.3579682415109159,0.790550374301958,0.9946186625383415,-0.07373076573166346,0.034258579476502536,0.06421713203900657
0.38558399227739626,0.35576783860464245,0.7892050090603451,0.9947242794856642,-0.07324354116224,0.0340685713866679,0.06323230126615
0.3826834323650905,0.35355339059327434,0.7878679656440357,0.9948284071105398,-0.0727541421234461,0.033876913036961026,0.06225455784818993
0.3797790955218012,0.35132498489942465,0.7865392968372145,0.9949310603588561,-0.07226258407472057,0.03368360841572007,0.06128391795685456
0.3768710104121629,0.34908270949673653,0.7852190550934508,0.9950322540826025,-0.07176888253165481,0.03348866170435128,0.06032039765041495
0.37395920573780006,0.3468266529064022,0.7839072925336275,0.9951320030392681,-0.07127305306507926,0.033292077276736505,0.05936401287342412
0.3710437102370516,0.34455690419367474,0.7826040609438862,0.995230321891244,-0.07077511130016129,0.03309385969861993,0.05841477945647196
0.368124552684678,0.3422735529643443,0.7813094117735762,0.9953272252052311,-0.07027507291550698,0.032894013726973786,0.05747271311592035
0.3652017618915888,0.3399766893612104,0.7800233961332325,0.9954227274516511,-0.06977295364227526,0.03269254430934367,0.05653782945365511
0.3622753667045461,0.33766640406051246,0.7787460647925476,0.9955168430040651,-0.06926876926329485,0.03248945658317231,0.05561014395681689
0.3593453960058904,0.3353427882683598,0.777477468178378,0.9956095861385964,-0.06876253561219417,0.032284755875103696,0.054689671997548685
0.3564118787132514,0.33300593371712633,0.7762176563727453,0.995700971033356,-0.06825426857253561,0.032078447700265925,0.05377642883272958
0.3534748437792572,0.33065593266182597,0.7749666791108621,0.9957910117678764,-0.06774398407695843,0.03187053776153369,0.05287042960370689
0.3505343201912593,0.3282928778764784,0.7737245857791689,0.9958797223225484,-0.06723169810633223,0.03166103194877105,0.05197168933603866
0.3475903369710375,0.3259168626504397,0.7724914254133837,0.9959671165780634,-0.06671742668891512,0.031449936338053326,0.05108022293921762
0.3446429231745177,0.3235279807847226,0.7712672466965659,0.9960532083148591,-0.06620118589952256,0.03123725719086895,0.050196045206410675
0.3416921078914833,0.3211263265882921,0.7700520979571946,0.9961380112125744,-0.06568299185870312,0.031023000953301814,0.04931917081418155
0.3387379202452907,0.31871199487434426,0.7688460271672629,0.996221538849502,-0.0651628607319236,0.03080717425519324,0.04844961432222574
0.33578038939258104,0.31628508095656244,0.7676490819403796,0.9963038047020539,-0.06464080872876159,0.030589783909284313,0.047587390173096024
0.33281954452298634,0.31384568064534996,0.7664613095298928,0.9963848221442262,-0.06411685210210566,0.03037083691033833,0.0467325126919251
0.3298554148588536,0.3113938902440568,0.7652827568270235,0.9964646044470702,-0.06359100714736703,0.030150340434244447,0.045884996086158786
0.32688802965494257,0.30892980654516716,0.7641134703590143,0.9965431647781688,-0.06306329020169504,0.029928301837100657,0.045044854445271836
0.3239174181981497,0.3064535268264884,0.7629534962872929,0.996620516201118,-0.06253371764320599,0.02970472865427881,0.04421210174049964
0.32094360980720993,0.30396514884730297,0.7618028804056496,0.9966966716750126,-0.06200230589021618,0.029479628599469423,0.04338675182455307
0.3179666338324116,0.30146477084451284,0.760661668138429,0.9967716440539359,-0.061469071400486276,0.029253009563707605,0.04256881843134757
0.3149865196553048,0.29895249152875936,0.7595299045387367,0.9968454460864564,-0.06093403067047261,0.02902487961438059,0.04175831517571661
0.31200329668841503,0.29642841008052967,0.7584076342866637,0.9969180904151265,-0.06039720023458847,0.028795246994215793,0.04095525555314007
0.3090169943749478,0.2938926261462368,0.7572949016875156,0.9969895895759887,-0.059858596664472095,0.028564120120250336,0.04015965293945753
0.3060276421885004,0.2913452398342877,0.7561917506700717,0.9970599559980848,-0.05931823656826452,0.028331507582782158,0.039371520590590056
0.3030352696327747,0.2887863517111343,0.7550982247848448,0.9971292020029705,-0.05877613658989652,0.028097418144302798,0.03859087164226097
0.3000399062412763,0.2862160627972954,0.7540143672023643,0.9971973398042339,-0.058232313408381406,0.027861860738411008,0.037817719109709234
0.29704158157703514,0.28363447456337837,0.7529402207114718,0.9972643815070201,-0.05768678373712062,0.02762484446870965,0.037052075887413556
0.2940403252323044,0.28104168892606557,0.7518758277176316,0.9973303391075605,-0.05713956432321372,0.027386378607683174,0.0362939547488043
0.2910361668282725,0.2784378082440945,0.7508212302412565,0.9973952244927043,-0.05659067194677983,0.02714647259555773,0.03554336834598702
0.28802913601476915,0.275822935314215,0.7497764699160483,0.9974590494394584,-0.05604012342028613,0.02690513603914372,0.03480032920945428
0.2850192624699763,0.2731971733671346,0.7487415879873578,0.9975218256145291,-0.055487935587886325,0.026662378710660493,0.03406484974780853
0.2820065759001298,0.2705606260634381,0.7477166253105492,0.9975835645738705,-0.0549341253247658,0.0264182105465433,0.03333694224747571
0.27899110603922894,0.26791339748949794,0.7467016223493954,0.9976442777622363,-0.054378709536496886,0.026172641646233216,0.032616618872424674
0.2759728826487464,0.2652555921533676,0.7456966191744749,0.9977039765127363,-0.05382170515840287,0.025925682270950056,0.031903891663886234
0.2729519355173253,0.2625873149806478,0.7447016554615924,0.9977626720463989,-0.05326312915492814,0.025677342842447243,0.031198772540067733
0.26992829446049654,0.2599086713103549,0.7437167704902115,0.9978203754717373,-0.05270299851902087,0.02542763394175123,0.030501273295876572
0.266901989320376,0.25721976689075354,0.7427420031419045,0.9978770977843194,-0.052141330271520084,0.02517656630788281,0.029811405602633862
0.26387304996537264,0.2545207078751854,0.7417773918988171,0.9979328498663456,-0.051578141460553915,0.024924150836562305,0.02912918100779873
0.2608415062898969,0.2518116008178803,0.7408229748421491,0.9979876424862272,-0.05101344916094589,0.024670398578898772,0.028454610934684973
0.25780738821405996,0.24909255266974548,0.7398787896506533,0.9980414862981727,-0.05044727047362838,0.024415320740061797,0.027787706682183146
0.2547707256833825,0.246363670774146,0.7389448735991422,0.9980943918417771,-0.049879622525066,0.02415892867793807,0.027128479424481843
0.25173154866849673,0.24362506286266578,0.7380212635570238,0.9981463695416167,-0.04931052246668647,0.02390123390177139,0.026476940210788905
0.2486898871648555,0.24087683705085822,0.737107995986841,0.9981974297068481,-0.048739987474320984,0.023642248070787367,0.025833099965057026
0.24564577119242634,0.2381191018339695,0.7362051069428333,0.9982475825308118,-0.04816803474765028,0.023381982992801198,0.025196969485703116
0.2425992307954085,0.23535196608266717,0.7353126320695141,0.9982968380906416,-0.047594681509663256,0.023120450622811796,0.02456855944533945
0.2395502960419222,0.23257553903872946,0.7344306066002636,0.9983452063468766,-0.04701994500611875,0.022857663061578302,0.02394788039049312
0.23649899702372437,0.2297899303107436,0.7335590653559368,0.99839269714308,-0.046443842505020476,0.022593632554183424,0.02333494274133895
0.2334453638559053,0.22699524986977326,0.7326980427434895,0.9984393202054614,-0.0458663912960967,0.02232837148858034,0.022729756791424575
0.23038942667659068,0.22419160804501617,0.7318475727546212,0.9984850851425043,-0.045287608690288944,0.02206189239412493,0.02213233270740129
0.2273312156466467,0.22137911551945097,0.7310076889644291,0.9985300014445978,-0.0447075120192495,0.02179420794009369,0.021542680528755274
0.22427076094938078,0.21855788332546605,0.7301784245300886,0.9985740784836735,-0.04412611863484624,0.02152533093418666,0.02096081016753957
0.22120809279024778,0.21572802284048007,0.7293598121895392,0.9986173255128463,-0.04354344590867624,0.021255274321016353,0.02038673140811011
0.21814324139654254,0.21288964578253627,0.7285518842601941,0.9986597516660618,-0.04295951123158511,0.02098405118058138,0.019820453906858267
0.21507623701711442,0.21004286420590407,0.727754672637665,0.9987013659577453,-0.042374332013198214,0.02071167472672777,0.019261987191952306
0.212007109922055,0.20718779049664238,0.7269682087945015,0.9987421772824593,-0.04178792568145461,0.020438158305594246,0.01871134066307213
0.20893589040241137,0.2043245373681742,0.7261925237789493,0.9987821944145612,-0.041200309682153775,0.020163515394045744,0.018168523591154645
0.20586260876988205,0.201453217856832,0.725427648213725,0.9988214260078708,-0.0406115014785067,0.019887759598092126,0.01763354511813361
0.20278729535651255,0.19857394531739034,0.7246736122948059,0.998859880595338,-0.040021518550694565,0.019610904651293223,0.017106414256685524
0.19970998051440728,0.19568683341860144,0.7239304457902388,0.9988975665887181,-0.039430378395438205,0.0193329644131523,0.016587139889977037
0.1966306946154205,0.19279199613869868,0.7231981780389659,0.9989344922782507,-0.03883809852557101,0.019053952867494495,0.01607573077141297
0.1935494680508609,0.18988954776090114,0.7224768379496626,0.9989706658323428,-0.03824469646962193,0.018773884120833653,0.015572195524388478
0.19046633123118983,0.18697960286890017,0.7217664539996016,0.9990060952972585,-0.03765018977140474,0.018492772400725912,0.01507654264204124
0.1873813145857239,0.1840622763423383,0.7210670542335247,0.999040788596811,-0.037054595989615316,0.01821063205411111,0.014588780487009293
0.18429444856233365,0.18113768335227315,0.7203786662625368,0.9990747535320618,-0.03645793269743555,0.01792747754564162,0.014108917291186535
0.181205763627137,0.17820593935662501,0.7197013172630166,0.9991079977810228,-0.035860217482143325,0.017643323455998366,0.013636961155485494
0.17811529026421086,0.17526716009563018,0.7190350339755425,0.9991405288983632,-0.03526146794473305,0.017358184480196746,0.013172920049598977
0.1750230589752761,0.17232146158725856,0.7183798427038379,0.9991723543151229,-0.034661701699538236,0.017072075425878092,0.012716801811766616
0.17192910027940977,0.1693689601226459,0.7177357693137323,0.9992034813384292,-0.03406093637386604,0.016785011211592236,0.012268614148542828
0.1688334447127343,0.16640977226149373,0.7171028392321409,0.9992339171512173,-0.03345918960763431,0.016497006865066326,0.011828364634567925
0.1657361228281203,0.16344401482747184,0.7164810774460585,0.9992636688119595,-0.03285647905301806,0.016208077521463825,0.01139606071234191
0.16263716519488353,0.1604718049036047,0.7158705085015766,0.9992927432543934,-0.032252822374101375,0.01591823842163175,0.010971709692000769
0.1595366023984864,0.15749325982765253,0.7152711565029116,0.9993211472872608,-0.031648237246536814,0.01562750491033761,0.010555318751097623
0.15643446504023117,0.15450849718747403,0.714683045111454,0.9993488875940463,-0.031042741357209698,0.015335892434494758,0.010146894934382058
0.15333078373696027,0.15151763481638664,0.7141061975448344,0.9993759707327247,-0.030436352403910162,0.015043416541377938,0.009746445153589658
0.15022558912075776,0.14852079078851813,0.7135406365760073,0.9994024031355105,-0.02982908809501173,0.01475009287682868,0.00935397618722767
0.1471189118386374,0.14551808341413594,0.712986384532351,0.9994281911086144,-0.029220966149153475,0.014455937183449247,0.008969494680367446
0.14401078255225236,0.14250963123498828,0.7124434632947871,0.9994533408320013,-0.028612004294932453,0.014160965298788684,0.008593007144440567
0.14090123193758305,0.13949555301961503,0.7119118942969174,0.9994778583591579,-0.02800222027059799,0.013865193153517117,0.008224519957035596
0.13779029068463866,0.1364759677586632,0.7113916985241742,0.99950174961686,-0.027391631823754405,0.013568636769591703,0.007864039361701023
0.1346779894971525,0.1334509946601877,0.710882896512997,0.9995250204049492,-0.026780256711068453,0.013271312258412724,0.00751157146774884
0.1315643590922826,0.13042075314494858,0.7103855083500178,0.9995476763961105,-0.02616811269798336,0.012973235818970912,0.007167122250064677
0.12844943020030314,0.12738536284169139,0.7098995536712696,0.9995697231356585,-0.025555217558436778,0.012674423735985055,0.006830697548917443
0.12533323356430384,0.12434494358242701,0.7094250516614107,0.9995911660413248,-0.024941589074585692,0.01237489237803139,0.006502303069777332
0.12221579993989011,0.12129961539770438,0.7089620210529683,0.9996120104030534,-0.02432724503653689,0.012074658195664717,0.006181944383132369
0.11909716009486973,0.11824949851186234,0.7085104801255979,0.9996322613827984,-0.02371220324208007,0.011773737719529588,0.005869626924312763
0.11597734480896155,0.11519471333829548,0.7080704467053619,0.9996519240143288,-0.02309648149643038,0.011472147558465606,0.005565355993316659
0.11285638487348207,0.11213538047469097,0.707641938164027,0.9996710032030367,-0.022480097611971686,0.011169904397602485,0.005269136754640239
0.10973431109104495,0.10907162069827098,0.7072249714183757,0.99968950372575,-0.021863069408007307,0.010867024996448576,0.004980974237111999
0.1066111542752598,0.10600355496102722,0.706819562929542,0.9997074302305528,-0.021245414710515442,0.010563526186971775,0.004700873333729387
0.1034869452504226,0.10293130438494075,0.7064257287023583,0.9997247872366065,-0.020627151351907628,0.0102594248716721,0.00442883880150261
0.10036171485121516,0.09985499025720378,0.706043484284726,0.9997415791339798,-0.02000829717079353,0.009954738021648082,0.004164875261297353
0.09723549392239891,0.09677473402542973,0.7056728447669998,0.99975781018348,-0.019388870011749142,0.009649482674655449,0.003908987197686582
0.09410831331851498,0.09369065729286297,0.7053138247813935,0.9997734845164932,-0.01876888772509056,0.009343675933159738,0.003661178958803646
0.09098020390356988,0.09060288181356865,0.7049664385014012,0.9997886061348252,-0.01814836816664909,0.00903733496238082,0.0034214547561986176
0.08785119655074422,0.08751152948763906,0.7046306996412386,0.9998031789105509,-0.017527329197555067,0.008730476988333307,0.0031898186647017646
0.0847213221420738,0.0844167223563673,0.7043066214553007,0.9998172065858659,-0.016905788684020172,0.00842311929585801,0.0029662746222885086
0.08159061156815722,0.08131858259744147,0.7039942167376396,0.9998306927729452,-0.016283764497128837,0.008115279226650077,0.0027508264299492564
0.07845909572784569,0.07821723252011618,0.7036934978214588,0.9998436409538057,-0.01566127451262992,0.007806974177279477,0.002543477751564511
0.07532680552793278,0.07511279456037859,0.7034044765786258,0.9998560544801728,-0.015038336610731885,0.007498221597205968,0.0023442321137823845
0.07219377188286084,0.07200539127612633,0.7031271644192048,0.9998679365733545,-0.014414968675904865,0.007189038986790276,0.002153092905902253
0.06906002571440537,0.0688951453423186,0.7028615722910048,0.999879290324118,-0.013791188596681648,0.006879443895297905,0.001970063379761793
0.06592559795137849,0.06578217954614189,0.7026077106791482,0.9998901186925725,-0.013167014265465715,0.006569453918899882,0.0017951466496279108
0.06279051952931332,0.06266661678215207,0.7023655896056568,0.9999004245080566,-0.012542463578338546,0.006259086698666804,0.0016283456920927976
0.05965482139017173,0.0595485800474359,0.702135218629056,0.9999102104690303,-0.011917554434874588,0.0059483599185606376,0.0014696633459747117
0.05651853448202487,0.05642819243674118,0.7019166068439976,0.9999194791429735,-0.011292304737953649,0.0056372913034194415,0.0013191023122223844
0.05338168975876012,0.05330557713762961,0.7017097628809004,0.9999282329662872,-0.01066673239358121,0.005325898616940575,0.001176665153824093
0.050244318179770285,0.05018085742560817,0.7015146949056101,0.9999364742442016,-0.010040855310707832,0.005014199659658154,0.0010423542957213251
0.0471064507096427,0.0470541566592572,0.701331410619076,0.9999442051506878,-0.009414691401050983,0.004702212266916762,0.0009161720247277714
0.04396811831786514,0.04392559827537182,0.7011599172570483,0.9999514277283763,-0.008788258578922506,0.0043899543068433005,0.0007981204894506971
0.040829351978510425,0.0407953057840792,0.701000221589791,0.9999581438884777,-0.008161574761054044,0.004077443678313353,0.0006882017002197507
0.03769018266993516,0.037663402763966985,0.7008523299218159,0.9999643554107118,-0.0075346578664273285,0.0037646983089158616,0.0005864175290178602
0.0345506413744722,0.03453001285720283,0.7007162480916325,0.9999700639432384,-0.006907525816105111,0.0034517361529142324,0.0004927697094186342
0.031410759078127536,0.03139525976465593,0.7005919814715185,0.9999752710025951,-0.0062801965330647825,0.0031385751892051782,0.00040725983652631316
0.028270566770273575,0.028259267241012586,0.7004795349673075,0.9999799779736402,-0.005652687942032907,0.002825233419274693,0.0003298893669229328
0.025130095443337108,0.025122159089884407,0.7003789130181948,0.9999841861095,-0.005025017969320185,0.002511728865151202,0.0002606596186179455
0.02198937609250582,0.021984059158933165,0.7002901195965626,0.9999878965315198,-0.004397204542661521,0.0021980795673584635,0.00019957177100366906
0.018848439715408196,0.01884509133496729,0.7002131582078233,0.9999911102292232,-0.0037692655910519894,0.001884303582863946,0.0001466268648150819
0.01570731731182089,0.01570537953906436,0.7001480318902804,0.9999938280602725,-0.003141219044589404,0.0015704189830282695,0.00010182580209403425
0.012566039883353019,0.01256504772166915,0.70009474321501,0.9999960507504378,-0.0025130828343132264,0.0012564438515508733,6.516934615938941e-05
0.009424638433144613,0.009424219857704695,0.7000532942857572,0.9999977788935684,-0.0018848748920471338,0.0009423962824158563,3.665812157958619e-05
0.006283143965558866,0.006283019941676219,0.7000236867388552,0.999999012951571,-0.0012566131502410405,0.0006282943778361373,1.62926141529409e-05
0.003141587485879674,0.003141571982779586,0.7000059217431589,0.9999997532543906,-0.0006283155418147176,0.0003141562461973188,4.073170889484911e-06
