t,x,y,z,qx,qy,qz,qw
6.123233995736766e-17,6.123233995736766e-17,0.7,0.0,0.0,-0.9238795325112866,0.38268343236508984
-0.003141587485879529,-0.003141571982779441,0.7000059217431589,0.0,0.0,-0.9238809488668911,0.38268001296228277
-0.00628314396555872,-0.006283019941676073,0.7000236867388552,0.0,0.0,-0.9238851979975577,0.38266975438491774
-0.009424638433144025,-0.009424219857704107,0.7000532942857572,0.0,0.0,-0.9238922800948371,0.38265265552608246
-0.012566039883352653,-0.012565047721668785,0.70009474321501,0.0,0.0,-0.9239021954779432,0.3826287145406581
-0.015707317311820523,-0.015705379539063997,0.7001480318902805,0.0,0.0,-0.9239149445936985,0.3825979288449206
-0.01884843971540805,-0.018845091334967146,0.7002131582078233,0.0,0.0,-0.9239305280164588,0.38256029511598233
-0.02198937609250523,-0.021984059158932576,0.7002901195965625,0.0,0.0,-0.9239489464480133,0.3825158092910752
-0.025130095443337407,-0.025122159089884705,0.7003789130181948,0.0,0.0,-0.9239702007174637,0.3824644665666728
-0.028270566770273207,-0.028259267241012218,0.7004795349673075,0.0,0.0,-0.9239942917810817,0.38240626139745304
-0.031410759078128056,-0.03139525976465645,0.7005919814715185,0.0,0.0,-0.9240212207221411,0.38234118749510115
-0.03455064137447228,-0.034530012857202905,0.7007162480916325,0.0,0.0,-0.9240509887507304,0.38226923782695016
-0.037690182669934576,-0.037663402763966396,0.7008523299218159,0.0,0.0,-0.924083597203539,0.3821904046144635
-0.040829351978509835,-0.04079530578407862,0.701000221589791,0.0,0.0,-0.924119047543622,0.38210467933155295
-0.04396811831786477,-0.04392559827537146,0.7011599172570483,0.0,0.0,-0.924157341360139,0.38201205270273775
-0.047106450709642776,-0.047054156659257274,0.701331410619076,0.0,0.0,-0.9241984803680706,0.38191251470114046
-0.05024431817976947,-0.050180857425607364,0.7015146949056099,0.0,0.0,-0.9242424664079079,0.3818060545463196
-0.05338168975876042,-0.05330557713762991,0.7017097628809004,0.0,0.0,-0.9242893014453175,0.38169266070194086
-0.05651853448202428,-0.0564281924367406,0.7019166068439975,0.0,0.0,-0.9243389875707809,0.381572320873283
-0.0596548213901707,-0.05954858004743487,0.7021352186290559,0.0,0.0,-0.9243915269992068,0.3814450220045802
-0.0627905195293134,-0.06266661678215216,0.7023655896056566,0.0,0.0,-0.9244469220695153,0.3813107502762009
-0.0659255979513777,-0.06578217954614109,0.7026077106791481,0.0,0.0,-0.9245051752441967,0.38116949110165793
-0.06906002571440566,-0.0688951453423189,0.7028615722910047,0.0,0.0,-0.9245662891088385,0.38102122912445624
-0.07219377188286072,-0.0720053912761262,0.7031271644192048,0.0,0.0,-0.9246302663716258,0.3808659482147705
-0.07532680552793264,-0.07511279456037845,0.7034044765786258,0.0,0.0,-0.9246971098628093,0.38070363146595737
-0.07845909572784489,-0.07821723252011538,0.7036934978214587,0.0,0.0,-0.9247668225341446,0.38053426119089717
-0.08159061156815753,-0.08131858259744178,0.7039942167376396,0.0,0.0,-0.9248394074582968,0.38035781891816856
-0.08472132214207322,-0.08441672235636673,0.7043066214553007,0.0,0.0,-0.9249148678282154,0.3801742853880502
-0.0878511965507432,-0.08751152948763806,0.7046306996412384,0.0,0.0,-0.924993206956472,0.37998364054835454
-0.09098020390356996,-0.09060288181356874,0.7049664385014012,0.0,0.0,-0.925074428274566,0.37978586355008637
-0.09410831331851417,-0.09369065729286218,0.7053138247813934,0.0,0.0,-0.9251585353321917,0.37958093274293103
-0.09723549392239922,-0.09677473402543002,0.7056728447669998,0.0,0.0,-0.9252455317964716,0.3793688256705661
-0.10036171485121502,-0.09985499025720365,0.7060434842847259,0.0,0.0,-0.9253354214511469,0.37914951906580097
-0.10348694525042246,-0.10293130438494061,0.7064257287023583,0.0,0.0,-0.9254282081957332,0.37892298884553627
-0.10661115427525988,-0.1060035549610273,0.706819562929542,0.0,0.0,-0.9255238960446313,0.37868921010555157
-0.10973431109104503,-0.10907162069827106,0.7072249714183757,0.0,0.0,-0.9256224891261979,0.3784481571151081
-0.11285638487348171,-0.11213538047469061,0.7076419381640269,0.0,0.0,-0.9257239916817724,0.37819980331137865
-0.11597734480896141,-0.11519471333829534,0.708070446705362,0.0,0.0,-0.9258284080646583,0.37794412129369137
-0.11909716009486959,-0.1182494985118622,0.7085104801255977,0.0,0.0,-0.9259357427390567,0.37768108281759527
-0.12221579993988932,-0.1212996153977036,0.7089620210529681,0.0,0.0,-0.9260460002789542,0.37741065878874036
-0.12533323356430437,-0.12434494358242752,0.7094250516614107,0.0,0.0,-0.9261591853669581,0.3771328192565751
-0.12844943020030278,-0.12738536284169102,0.7098995536712694,0.0,0.0,-0.9262753027930812,0.37684753340785665
-0.13156435909228245,-0.13042075314494844,0.7103855083500177,0.0,0.0,-0.9263943574534732,0.3765547695599755
-0.13467798949715237,-0.13345099466018756,0.710882896512997,0.0,0.0,-0.926516354349096,0.37625449515409154
-0.13779029068463808,-0.13647596775866264,0.7113916985241742,0.0,0.0,-0.926641298584342,0.3759466767480787
-0.1409012319375827,-0.13949555301961467,0.711911894296917,0.0,0.0,-0.9267691953655928,0.37563128000928186
-0.144010782552252,-0.14250963123498792,0.7124434632947871,0.0,0.0,-0.9269000499997172,0.37530826970707926
-0.14711891183863726,-0.1455180834141358,0.7129863845323507,0.0,0.0,-0.9270338678925042,0.3749776097052503
-0.15022558912075717,-0.14852079078851757,0.7135406365760071,0.0,0.0,-0.9271706545470313,0.37463926295415084
-0.15333078373696055,-0.15151763481638691,0.7141061975448344,0.0,0.0,-0.9273104155619639,0.3742931914826901
-0.1564344650402308,-0.15450849718747367,0.7146830451114539,0.0,0.0,-0.9274531566297839,0.3739393563901097
-0.1595366023984863,-0.1574932598276524,0.7152711565029115,0.0,0.0,-0.9275988835349456,0.37357771783756366
-0.1626371651948834,-0.16047180490360455,0.7158705085015766,0.0,0.0,-0.9277476021519557,0.3732082350394968
-0.16573612282811975,-0.16344401482747128,0.7164810774460586,0.0,0.0,-0.9278993184433743,0.3728308662548227
-0.16883344471273393,-0.1664097722614934,0.7171028392321406,0.0,0.0,-0.9280540384577346,0.3724455687778947
-0.1719291002794094,-0.16936896012264557,0.7177357693137323,0.0,0.0,-0.9282117683273797,0.37205229892927494
-0.17502305897527617,-0.17232146158725864,0.7183798427038378,0.0,0.0,-0.9283725142662103,0.37165101204629475
-0.17811529026421027,-0.17526716009562965,0.7190350339755425,0.0,0.0,-0.9285362825673431,0.371241662473407
-0.1812057636271373,-0.1782059393566253,0.7197013172630164,0.0,0.0,-0.9287030796006761,0.3708242035523306
-0.1842944485623333,-0.18113768335227282,0.7203786662625367,0.0,0.0,-0.9288729118103559,0.3703985876119814
-0.1873813145857244,-0.18406227634233877,0.7210670542335245,0.0,0.0,-0.9290457857121464,0.3699647659581931
-0.19046633123118992,-0.18697960286890025,0.7217664539996016,0.0,0.0,-0.9292217078906913,0.36952268886322365
-0.19354946805086032,-0.1898895477609006,0.7224768379496627,0.0,0.0,-0.9294006849966717,0.3690723055550462
-0.19663069461541993,-0.19279199613869813,0.7231981780389656,0.0,0.0,-0.9295827237438508,0.3686135642064242
-0.19970998051440692,-0.1956868334186011,0.7239304457902389,0.0,0.0,-0.9297678309060033,0.36814641192376907
-0.20278729535651263,-0.19857394531739042,0.7246736122948056,0.0,0.0,-0.9299560133137275,0.3676707947357776
-0.20586260876988127,-0.20145321785683126,0.7254276482137247,0.0,0.0,-0.9301472778511305,0.36718665758185143
-0.20893589040241167,-0.2043245373681745,0.7261925237789493,0.0,0.0,-0.9303416314523891,0.36669394430029373
-0.21200710992205443,-0.20718779049664185,0.7269682087945013,0.0,0.0,-0.9305390810981766,0.3661925976162833
-0.2150762370171134,-0.21004286420590312,0.7277546726376649,0.0,0.0,-0.9307396338119525,0.3656825591296264
-0.21814324139654262,-0.21288964578253636,0.7285518842601941,0.0,0.0,-0.9309432966561111,0.3651637693022843
-0.221208092790247,-0.21572802284047934,0.7293598121895392,0.0,0.0,-0.9311500767279843,0.3646361674456728
-0.2242707609493811,-0.21855788332546633,0.7301784245300887,0.0,0.0,-0.9313599811556907,0.36409969170774015
-0.22733121564664657,-0.22137911551945086,0.7310076889644292,0.0,0.0,-0.931573017093829,0.36355427905981325
-0.23038942667659054,-0.22419160804501603,0.7318475727546208,0.0,0.0,-0.931789191719009,0.3629998652832199
-0.2334453638559054,-0.22699524986977332,0.7326980427434897,0.0,0.0,-0.9320085122252144,0.36243638495568065
-0.23649899702372468,-0.22978993031074388,0.7335590653559367,0.0,0.0,-0.9322309858189909,0.36186377143747384
-0.23955029604192166,-0.23257553903872896,0.7344306066002635,0.0,0.0,-0.9324566197144563,0.3612819568573691
-0.2425992307954075,-0.2353519660826663,0.735312632069514,0.0,0.0,-0.9326854211281222,0.36069087209833456
-0.24564577119242642,-0.2381191018339696,0.7362051069428333,0.0,0.0,-0.9329173972735263,0.3600904467830126
-0.24868988716485468,-0.2408768370508575,0.737107995986841,0.0,0.0,-0.933152555355662,0.3594806092589669
-0.25173154866849723,-0.24362506286266622,0.738021263557024,0.0,0.0,-0.9333909025652066,0.35886128658370064
-0.2547707256833823,-0.24636367077414587,0.7389448735991423,0.0,0.0,-0.9336324460725326,0.3582324045094462
-0.25780738821405985,-0.24909255266974534,0.7398787896506529,0.0,0.0,-0.9338771930215019,0.35759388746772575
-0.26084150628989694,-0.25181160081788034,0.7408229748421493,0.0,0.0,-0.9341251505230317,0.3569456585536844
-0.2638730499653727,-0.25452070787518544,0.7417773918988169,0.0,0.0,-0.9343763256484248,0.35628763951019804
-0.2669019893203756,-0.2572197668907532,0.7427420031419043,0.0,0.0,-0.9346307254224581,0.3556197507117537
-0.2699282944604964,-0.2599086713103547,0.7437167704902115,0.0,0.0,-0.9348883568162183,0.35494191114810786
-0.2729519355173251,-0.2625873149806477,0.7447016554615924,0.0,0.0,-0.9351492267396799,0.35425403840772024
-0.27597288264874564,-0.26525559215336686,0.7456966191744749,0.0,0.0,-0.9354133420340139,0.35355604866096796
-0.2789911060392294,-0.2679133974894984,0.7467016223493955,0.0,0.0,-0.9356807094636191,0.3528478566431407
-0.2820065759001294,-0.2705606260634378,0.7477166253105493,0.0,0.0,-0.9359513357078676,0.35212937563722024
-0.2850192624699761,-0.27319717336713445,0.7487415879873573,0.0,0.0,-0.9362252273525549,0.35140051745644446
-0.288029136014769,-0.27582293531421487,0.7497764699160485,0.0,0.0,-0.9365023908810434,0.3506611924266635
-0.2910361668282719,-0.278437808244094,0.7508212302412562,0.0,0.0,-0.9367828326650908,0.3499113093684866
-0.294040325232304,-0.2810416889260653,0.7518758277176314,0.0,0.0,-0.9370665589553524,0.3491507755792261
-0.2970415815770348,-0.28363447456337804,0.7529402207114717,0.0,0.0,-0.9373535758715474,0.34837949681464214
-0.30003990624127613,-0.2862160627972953,0.7540143672023641,0.0,0.0,-0.9376438893922762,0.3475973772704924
-0.3030352696327741,-0.2887863517111338,0.7550982247848449,0.0,0.0,-0.9379375053444801,0.3468043195638909
-0.30602764218850065,-0.2913452398342879,0.7561917506700718,0.0,0.0,-0.9382344293925301,0.346000224714484
-0.3090169943749474,-0.29389262614623646,0.7572949016875157,0.0,0.0,-0.9385346670269331,0.34518499212544534
-0.31200329668841487,-0.29642841008052956,0.7584076342866632,0.0,0.0,-0.9388382235526438,0.3443585195642996
-0.3149865196553046,-0.2989524915287592,0.7595299045387368,0.0,0.0,-0.9391451040769685,0.34352070314358063
-0.317966633832411,-0.30146477084451234,0.7606616681384287,0.0,0.0,-0.9394553134970501,0.34267143730132993
-0.3209436098072096,-0.3039651488473027,0.7618028804056494,0.0,0.0,-0.9397688564869177,0.3418106147814475
-0.3239174181981493,-0.3064535268264881,0.7629534962872928,0.0,0.0,-0.9400857374840902,0.3409381266138979
-0.3268880296549426,-0.3089298065451672,0.7641134703590143,0.0,0.0,-0.9404059606757181,0.340053862094786
-0.32985541485885306,-0.31139389024405634,0.7652827568270236,0.0,0.0,-0.9407295299842494,0.3391577087663102
-0.3328195445229866,-0.3138456806453501,0.766461309529893,0.0,0.0,-0.941056449052605,0.33824955239660254
-0.33578038939258065,-0.31628508095656216,0.7676490819403798,0.0,0.0,-0.9413867212288483,0.3373292769594698
-0.3387379202452912,-0.31871199487434465,0.7688460271672631,0.0,0.0,-0.9417203495503335,0.33639676461404594
-0.34169210789148335,-0.32112632658829215,0.770052097957195,0.0,0.0,-0.9420573367273157,0.3354518956843693
-0.3446429231745171,-0.32352798078472217,0.7712672466965658,0.0,0.0,-0.9423976851260087,0.33449454863889827
-0.3475903369710369,-0.32591686265043923,0.7724914254133834,0.0,0.0,-0.9427413967510702,0.3335246000699819
-0.35053432019125913,-0.32829287787647826,0.7737245857791688,0.0,0.0,-0.9430884732275008,0.3325419246732984
-0.35347484377925725,-0.330655932661826,0.7749666791108621,0.0,0.0,-0.9434389157819367,0.33154639522728024
-0.35641187871325064,-0.3330059337171257,0.7762176563727453,0.0,0.0,-0.9437927252233187,0.3305378825725448
-0.35934539600589066,-0.33534278826835995,0.7774774681783783,0.0,0.0,-0.94414990192292,0.329516255591345
-0.36227536670454547,-0.337666404060512,0.7787460647925478,0.0,0.0,-0.9445104457937121,0.3284813811870671
-0.3652017618915876,-0.33997668936120945,0.7800233961332319,0.0,0.0,-0.9448743562690513,0.3274331242637893
-0.36812455268467803,-0.34227355296434436,0.7813094117735765,0.0,0.0,-0.9452416322806643,0.3263713477059306
-0.3710437102370509,-0.34455690419367413,0.7826040609438859,0.0,0.0,-0.9456122722359154,0.3252959123580087
-0.37395920573780034,-0.3468266529064024,0.7839072925336279,0.0,0.0,-0.9459862739943309,0.3242066770045347
-0.3768710104121628,-0.3490827094967364,0.7852190550934506,0.0,0.0,-0.9463636348433642,0.3231034983500734
-0.37977909552180106,-0.35132498489942454,0.7865392968372142,0.0,0.0,-0.9467443514733752,0.3219862309994921
-0.3826834323650897,-0.35355339059327373,0.7878679656440357,0.0,0.0,-0.9471284199518083,0.3208547274384332
-0.38558399227739654,-0.35576783860464267,0.7892050090603453,0.0,0.0,-0.9475158356965402,0.3197088380140394
-0.3884807466313659,-0.35796824151091544,0.7905503743019582,0.0,0.0,-0.9479065934483805,0.31854841091596564
-0.3913736668372024,-0.36015451244395347,0.7919040082561584,0.0,0.0,-0.9483006872426989,0.31737329215771326
-0.39426272434295107,-0.3623265650935234,0.7932658574837954,0.0,0.0,-0.9486981103801567,0.3161833255583225
-0.3971478906347805,-0.3644843137107057,0.7946358682213933,0.0,0.0,-0.9490988553965197,0.3149783527244633
-0.40002913723726485,-0.36662767311128014,0.7960139863832743,0.0,0.0,-0.9495029140315269,0.31375821303296436
-0.4029064357136628,-0.3687565586790871,0.7974001575636926,0.0,0.0,-0.9499102771967922,0.3125227436138265
-0.4057797576661999,-0.3708708863693696,0.7987943270389839,0.0,0.0,-0.9503209349427141,0.31127177933376177
-0.40864907473634904,-0.3729705727120911,0.8001964397697244,0.0,0.0,-0.9507348764243676,0.31000515278030905
-0.41151435860510854,-0.3750555348152297,0.8016064404029043,0.0,0.0,-0.9511520898663555,0.3087226942465759
-0.41437558099328414,-0.377125690368052,0.8030242732741131,0.0,0.0,-0.9515725625265908,0.3074242317166581
-0.4172327136617651,-0.3791809576443609,0.8044498824097364,0.0,0.0,-0.9519962806589882,0.30610959085179473
-0.4200857284118063,-0.38122125550572405,0.8058832115291668,0.0,0.0,-0.9524232294750352,0.30477859497731263
-0.42293459708530357,-0.3832465034046752,0.8073242040470249,0.0,0.0,-0.9528533931042205,0.3034310650704278
-0.42577929156507277,-0.38525662138789474,0.8087728030753931,0.0,0.0,-0.9532867545532925,0.3020668197489604
-0.42861978377512827,-0.3872515300993669,0.8102289514260627,0.0,0.0,-0.9537232956643221,0.3006856752610346
-0.43145604568095874,-0.3892311507835116,0.8116925916127897,0.0,0.0,-0.954162997071544,0.2992874454758321
-0.4342880492898046,-0.3911954052882941,0.8131636658535663,0.0,0.0,-0.954605838156951,0.2978719418754732
-0.4371157666509327,-0.39314421606830935,0.8146421160728996,0.0,0.0,-0.9550517970046168,0.2964389735481024
-0.43993916985591514,-0.39507750618784526,0.8161278839041071,0.0,0.0,-0.95550085035372,0.29498834718225436
-0.44275823103890133,-0.3969951993239176,0.8176209106916184,0.0,0.0,-0.9559529735502464,0.29351986706259264
-0.44557292237689633,-0.3988972197692856,0.8191211374932926,0.0,0.0,-0.9564081404973444,0.2920333350670988
-0.4483832160900321,-0.40078349243543826,0.8206285050827443,0.0,0.0,-0.9568663236043072,0.29052855066581235
-0.45118908444184513,-0.4026539428555611,0.8221429539516822,0.0,0.0,-0.9573274937341643,0.28900531092120796
-0.4539904997395467,-0.4045084971874737,0.8236644243122581,0.0,0.0,-0.9577916201498498,0.2874634104903198
-0.45678743433429925,-0.40634708221654686,0.825192856099427,0.0,0.0,-0.9582586704589371,0.28590264162870294
-0.4595798606214878,-0.408169625358592,0.8267281889733197,0.0,0.0,-0.9587286105569067,0.284322794196356
-0.4623677510409916,-0.4099760546627261,0.8282703623216227,0.0,0.0,-0.9592014045689367,0.2827236556657037
-0.46515107807745837,-0.4117662988142138,0.8298193152619731,0.0,0.0,-0.9596770147901911,0.2811050111317615
-0.46792981426057323,-0.41354028713728086,0.8313749866443607,0.0,0.0,-0.9601554016245895,0.2794666433246079
-0.47070393216533263,-0.4152979495979064,0.8329373150535436,0.0,0.0,-0.9606365235220428,0.27780833262428273
-0.473473404412312,-0.41703921680658557,0.8345062388114709,0.0,0.0,-0.9611203369141375,0.2761298570782508
-0.4762382036679392,-0.41876402002107094,0.8360816959797194,0.0,0.0,-0.9616067961482583,0.27443099242155977
-0.47899830264476095,-0.4204722911490845,0.8376636243619372,0.0,0.0,-0.962095853420135,0.2727115120998422
-0.481753674101715,-0.42216396275100737,0.8392519615063009,0.0,0.0,-0.9625874587048059,0.2709711872952991
-0.4845042908443979,-0.42383896804254156,0.8408466447079798,0.0,0.0,-0.9630815596859903,0.2692097869558246
-0.48725012572533205,-0.4254972408973458,0.8424476110116113,0.0,0.0,-0.9635781016838666,0.26742707782742675
-0.4899911516442365,-0.4271387158496476,0.8440547972137872,0.0,0.0,-0.9640770275812509,0.2656228244901033
-0.49272734154829173,-0.4287633280968262,0.8456681398655482,0.0,0.0,-0.964578277748183,0.26379678939734913
-0.49545866843240755,-0.4303710135019718,0.8472875752748887,0.0,0.0,-0.9650817899649176,0.26194873291946086
-0.4981851053394907,-0.4319617085964175,0.8489130395092717,0.0,0.0,-0.965587499343334,0.2600784133908222
-0.5009066253607095,-0.43353535058224485,0.8505444683981526,0.0,0.0,-0.9660953382467724,0.25818558716135726
-0.5036232016357607,-0.43509187733476273,0.8521817975355125,0.0,0.0,-0.9666052362083144,0.2562700086523372
-0.5063348073531322,-0.4366312274049599,0.8538249622824001,0.0,0.0,-0.9671171198475262,0.254331430416742
-0.5090414157503712,-0.43815334002193174,0.8554738977694855,0.0,0.0,-0.9676309127856895,0.25236960320437496
-0.5117430001143447,-0.43965815509527795,0.8571285388996182,0.0,0.0,-0.9681465355595505,0.2503842760319431
-0.5144395337815064,-0.4411456132174766,0.8587888203504003,0.0,0.0,-0.9686639055336207,0.24837519625830812
-0.517130990138157,-0.44261565566622746,0.8604546765767624,0.0,0.0,-0.9691829368110694,0.24634210966513806
-0.5198173426207094,-0.44406822440677224,0.8621260418135537,0.0,0.0,-0.9697035401432573,0.244284760543171
-0.5224985647159487,-0.4455032620941838,0.863802850078136,0.0,0.0,-0.9702256228379605,0.24220289178432994
-0.5251746299612954,-0.44692071207563167,0.8654850351729901,0.0,0.0,-0.9707490886663475,0.24009624497991655
-0.5278455119450662,-0.44832051839261783,0.8671725306883296,0.0,0.0,-0.9712738377687749,0.23796456052512543
-0.5305111843067337,-0.4497026257831853,0.86886527000472,0.0,0.0,-0.9717997665594765,0.23580757773012131
-0.5331716207371885,-0.4510669796841013,0.8705631862957123,0.0,0.0,-0.9723267676302312,0.23362503493792486
-0.5358267949789963,-0.4524135262330096,0.8722662125304781,0.0,0.0,-0.9728547296530959,0.23141666964936228
-0.5384766808266601,-0.4537422122705584,0.8739742814764582,0.0,0.0,-0.97338353728231,0.22918221865532695
-0.5411212521268756,-0.4550529853424977,0.8756873257020147,0.0,0.0,-0.973913071055478,0.22692141817661876
-0.5437604827787925,-0.4563457937017514,0.8774052775790954,0.0,0.0,-0.9744432072941506,0.2246340040116128
-0.5463943467342689,-0.45762058631045865,0.8791280692859011,0.0,0.0,-0.9749738180039368,0.22231971169202833
-0.5490228179981314,-0.4588773128419904,0.8808556328095657,0.0,0.0,-0.9755047707742865,0.21997827664705213
-0.5516458706284301,-0.4601159236829351,0.8825878999488392,0.0,0.0,-0.9760359286780989,0.21760943437608912
-0.5542634787366938,-0.4613363699350573,0.8843248023167809,0.0,0.0,-0.9765671501713199,0.21521292063040062
-0.556875616488188,-0.46253860341722897,0.8860662713434597,0.0,0.0,-0.9770982889927093,0.21278847160389142
-0.5594822581021671,-0.4637225766673307,0.88781223827866,0.0,0.0,-0.977629194063966,0.21033582413331395
-0.5620833778521306,-0.46488824294412573,0.8895626341945967,0.0,0.0,-0.9781597093904173,0.20785471590814253
-0.5646789500660768,-0.4660355562291054,0.8913173899886362,0.0,0.0,-0.9786896739624908,0.2053448856903758
-0.5672689491267561,-0.4671644712283059,0.8930764363860246,0.0,0.0,-0.9792189216582035,0.20280607354452074
-0.5698533494719236,-0.46827494337409614,0.8948397039426222,0.0,0.0,-0.9797472811469126,0.20023802107799862
-0.5724321255945906,-0.4693669288269369,0.8966071230476447,0.0,0.0,-0.9802745757945981,0.19764047169221471
-0.5750052520432785,-0.4704403844771127,0.8983786239264125,0.0,0.0,-0.9808006235709517,0.19501317084451644
-0.5775727034222673,-0.47149526794643215,0.9001541366431038,0.0,0.0,-0.981325236958571,0.19235586632126578
-0.5801344543918493,-0.47253153758990246,0.9019335911035172,0.0,0.0,-0.981848222864572,0.1896683085222253
-0.5826904796685758,-0.4735491524973721,0.9037169170578371,0.0,0.0,-0.982369382534949,0.18695025075645985
-0.58524075402551,-0.47454807249514736,0.9055040441034086,0.0,0.0,-0.9828885114720317,0.1842014495499256
-0.5877852522924729,-0.47552825814757677,0.9072949016875157,0.0,0.0,-0.983405399355402,0.1814216649649159
-0.5903239493562942,-0.4764896707586094,0.9090894191101676,0.0,0.0,-0.9839198299666556,0.17861066093150046
-0.5928568201610591,-0.47743227237332153,0.9108875255268895,0.0,0.0,-0.9844315811184087,0.17576820559108514
-0.5953838397083546,-0.4783560257794152,0.9126891499515183,0.0,0.0,-0.9849404245879683,0.17289407165219026
-0.5979049830575188,-0.47926089450868803,0.9144942212590071,0.0,0.0,-0.985446126056105,0.1699880367585176
-0.6004202253258838,-0.48014684283847153,0.9163026681882311,0.0,0.0,-0.9859484450513797,0.16704988386935976
-0.6029295416890247,-0.481013835793043,0.9181144193448024,0.0,0.0,-0.9864471349004997,0.16407940165235613
-0.6054329073810012,-0.4818618391450049,0.9199294032038873,0.0,0.0,-0.9869419426851923,0.16107638488859413
-0.6079302976946054,-0.48269081941663705,0.921747548113031,0.0,0.0,-0.9874326092061021,0.15804063488998424
-0.6104216879816023,-0.48350074388121755,0.9235687822949853,0.0,0.0,-0.9879188689542346,0.1549719599288389
-0.6129070536529762,-0.4842915805643156,0.9253930338505434,0.0,0.0,-0.9884004500904868,0.15187017567950287
-0.615386370179171,-0.4850632982450529,0.9272202307613775,0.0,0.0,-0.9888770744338119,0.14873510567187906
-0.6178596130903341,-0.485815866457337,0.9290503008928824,0.0,0.0,-0.9893484574585917,0.14556658175661463
-0.6203267579765559,-0.4865492554910633,0.9308831719970229,0.0,0.0,-0.989814308301789,0.14236444458168312
-0.6227877804881126,-0.4872634363932887,0.9327187717151858,0.0,0.0,-0.9902743297804751,0.139128544080037
-0.6252426563357051,-0.4879583809693738,0.9345570275810373,0.0,0.0,-0.9907282184203295,0.13585873996795167
-0.6276913612907002,-0.48863406178409674,0.9363978670233836,0.0,0.0,-0.99117566449572,0.13255490225362382
-0.6301338711853688,-0.48929045216273603,0.9382412173690354,0.0,0.0,-0.9916163520819751,0.1292169117555296
-0.6325701619131243,-0.4899275261921235,0.9400870058456778,0.0,0.0,-0.99204995912047,0.12584466062997524
-0.6350002094287603,-0.49054525872166704,0.9419351595847417,0.0,0.0,-0.9924761574971406,0.12243805290721874
-0.6374239897486896,-0.49114362536434436,0.9437856056242826,0.0,0.0,-0.9928946131350455,0.11899700503545513
-0.6398414789511782,-0.4917226024976648,0.9456382709118587,0.0,0.0,-0.9933049861015895,0.11552144643191088
-0.6422526531765843,-0.4922821672646027,0.9474930823074172,0.0,0.0,-0.9937069307310149,0.1120113200401886
-0.6446574886275912,-0.492822297574499,0.9493499665861798,0.0,0.0,-0.994100095762758,0.1084665828929587
-0.6470559615694443,-0.493342972103934,0.9512088504415349,0.0,0.0,-0.9944841244962531,0.10488720667898746
-0.6494480483301835,-0.4938441702975688,0.9530696604879306,0.0,0.0,-0.9948586549627512,0.10127317831343885
-0.6518337253008785,-0.4943258723689569,0.9549323232637726,0.0,0.0,-0.9952233201146956,0.09762450051028126
-0.654212968935861,-0.4947880593013254,0.9567967652343243,0.0,0.0,-0.9955777480331776,0.09394119235557148
-0.6565857557529562,-0.49523071284832554,0.9586629127946085,0.0,0.0,-0.9959215621539563,0.09022328988029153
-0.6589520623337168,-0.49565381553475324,0.9605306922723152,0.0,0.0,-0.9962543815125033,0.08647084663133126
-0.661311865323652,-0.4960573506572389,0.9624000299307088,0.0,0.0,-0.9965758210084853,0.08268393423914487
-0.6636651414324585,-0.4964413022849068,0.9642708519715391,0.0,0.0,-0.9968854916900585,0.0788626429805032
-0.6660118674342514,-0.4968056552600041,0.9661430845379554,0.0,0.0,-0.9971830010582987,0.07500708233470359
-0.668352020167793,-0.4971503951984994,0.9680166537174221,0.0,0.0,-0.997467953392038,0.07111738153151456
-0.6706855765367199,-0.49747550849065,0.9698914855446354,0.0,0.0,-0.9977399500933173,0.06719369008906069
-0.6730125135097731,-0.4977809823015399,0.9717675060044455,0.0,0.0,-0.9979985900536039,0.06323617833976651
-0.675332808121024,-0.49806680457158614,0.9736446410347768,0.0,0.0,-0.998243470040851,0.05924503794243779
-0.6776464374701021,-0.4983329640170149,0.9755228165295526,0.0,0.0,-0.9984741851074015,0.05522048237846843
-0.6799533787224192,-0.4985794501303069,0.9774019583416201,0.0,0.0,-0.9986903290186614,0.05116274743012065
-0.6822536091093966,-0.4988062531806126,0.9792819922856784,0.0,0.0,-0.9988914947023787,0.04707209163876193
-0.6845471059286887,-0.49901336421413583,0.981162844141206,0.0,0.0,-0.9990772747182813,0.04294879674091062
-0.6868338465444082,-0.49920077505448757,0.9830444396553926,0.0,0.0,-0.9992472617477247,0.03879316807988934
-0.6891138083873483,-0.4993684783030088,0.9849267045460689,0.0,0.0,-0.9994010491029093,0.034605534990874556
-0.6913869689552063,-0.4995164673390624,0.9868095645046405,0.0,0.0,-0.9995382312551224,0.030386251157089917
-0.6936533058128048,-0.4996447363202947,0.9886929451990195,0.0,0.0,-0.9996584043813517,0.02613569493490479
-0.6959127965923143,-0.49975328018286586,0.9905767722765615,0.0,0.0,-0.9997611669285115,0.021854269645572407
-0.6981654189934725,-0.4998420946416501,0.9924609713669986,0.0,0.0,-0.999846120194411,0.017542403831389414
-0.7004111507838064,-0.4999111761904046,0.9943454680853776,0.0,0.0,-0.9999128689244786,0.013200551474044978
-0.7026499697988491,-0.4999605221019081,0.9962301880349941,0.0,0.0,-0.9999610219231408,0.008829192173001795
-0.7048818539423615,-0.49999013042806856,0.9981150568103324,0.0,0.0,-0.999990192678647,0.004428831281765192
-0.7071067811865475,-0.5,0.9999999999999999,0.0,0.0,-0.9999999999999999,2.83276944882399e-16
-0.7093247295722737,-0.49999013042806856,1.0018849431896675,0.0,0.0,0.9999900686645563,0.00445674458050482
-0.7115356772092853,-0.4999605221019081,1.0037698119650058,0.0,0.0,0.9999600300747343,0.008940819477903305
-0.7137396022764212,-0.4999111761904046,1.0056545319146224,0.0,0.0,0.9999095229221631,0.013451615872170104
-0.7159364830218312,-0.4998420946416501,1.0075390286330013,0.0,0.0,0.9998381938574998,0.017988499208463467
-0.718126297763189,-0.4997532801828659,1.0094232277234387,0.0,0.0,0.9997456981640399,0.022550809353471726
-0.7203090248879069,-0.4996447363202947,1.0113070548009804,0.0,0.0,0.9996317004331482,0.027137860806135183
-0.7224846428533498,-0.49951646733906246,1.0131904354953594,0.0,0.0,0.9994958752394495,0.031748942963937266
-0.7246531301870468,-0.4993684783030088,1.015073295453931,0.0,0.0,0.9993379078136382,0.03638332044578601
-0.7268144654869029,-0.4992007750544875,1.0169555603446072,0.0,0.0,0.9991574947106877,0.041040233472319894
-0.7289686274214113,-0.49901336421413583,1.0188371558587939,0.0,0.0,0.9989543444711797,0.04571889830426692
-0.7311155947298639,-0.4988062531806126,1.0207180077143214,0.0,0.0,0.9987281782734215,0.05041850773925233
-0.73325534622256,-0.49857945013030697,1.0225980416583798,0.0,0.0,0.9984787305739716,0.0551382316672398
-0.7353878607810159,-0.49833296401701493,1.0244771834704474,0.0,0.0,0.9982057497341709,0.0598772176845411
-0.7375131173581742,-0.4980668045715862,1.026355358965223,0.0,0.0,0.9979089986302513,0.06463459176609014
-0.7396310949786098,-0.49778098230153994,1.0282324939955543,0.0,0.0,0.9975882552445993,0.06940945899541431
-0.7417417727387392,-0.4974755084906501,1.0301085144553643,0.0,0.0,0.9972433132357525,0.07420090435148874
-0.7438451298070249,-0.4971503951984994,1.0319833462825778,0.0,0.0,0.9968739824847395,0.07900799355138152
-0.7459411454241822,-0.49680565526000414,1.0338569154620445,0.0,0.0,0.9964800896154105,0.08382977394734774
-0.7480297989033824,-0.4964413022849068,1.0357291480284607,0.0,0.0,0.9960614784864592,0.0886652754767543
-0.7501110696304596,-0.4960573506572388,1.0375999700692913,0.0,0.0,0.9956180106529109,0.09351351166296727
-0.7521849370641114,-0.49565381553475324,1.0394693077276846,0.0,0.0,0.9951495657949327,0.09837348066504849
-0.7542513807361039,-0.4952307128483256,1.0413370872053915,0.0,0.0,0.994656042111925,0.10324416637389401
-0.7563103802514719,-0.49478805930132547,1.0432032347656754,0.0,0.0,0.994137356679968,0.10812453955215565
-0.758361915288722,-0.494325872368957,1.0450676767362272,0.0,0.0,0.9935934457708251,0.11301355901509465
-0.7604059656000309,-0.49384417029756883,1.0469303395120693,0.0,0.0,0.9930242651308473,0.1179101728492523
-0.7624425110114478,-0.4933429721039341,1.048791149558465,0.0,0.0,0.992429790218282,0.1228133196656474
-0.7644715314230917,-0.49282229757449897,1.05065003341382,0.0,0.0,0.9918100163976519,0.12772192988398362
-0.7664930068093497,-0.4922821672646027,1.0525069176925828,0.0,0.0,0.9911649590900504,0.13263492704419363
-0.7685069172190767,-0.49172260249766486,1.0543617290881413,0.0,0.0,0.9904946538783878,0.13755122914148182
-0.7705132427757895,-0.4911436253643443,1.0562143943757176,0.0,0.0,0.9897991565668193,0.14246974998087517
-0.7725119636778646,-0.49054525872166704,1.0580648404152582,0.0,0.0,0.9890785431937839,0.14738940054719643
-0.7745030601987338,-0.4899275261921235,1.059912994154322,0.0,0.0,0.9883329099983007,0.1523090903862625
-0.7764865126870788,-0.4892904521627361,1.0617587826309645,0.0,0.0,0.9875623733393712,0.15722772899303813
-0.7784623015670235,-0.4886340617840968,1.0636021329766163,0.0,0.0,0.9867670695685604,0.1621442272024374
-0.7804304073383297,-0.48795838096937383,1.0654429724189627,0.0,0.0,0.9859471548560368,0.16705749857844207
-0.7823908105765879,-0.48726343639328873,1.067281228284814,0.0,0.0,0.9851028049705718,0.17196646079719077
-0.78434349193341,-0.48654925549106337,1.069116828002977,0.0,0.0,0.984234215014208,0.17687003701974408
-0.786288432136619,-0.48581586645733704,1.0709496991071175,0.0,0.0,0.9833415991125154,0.18176715725026102
-0.7882256119904403,-0.4850632982450529,1.0727797692386223,0.0,0.0,0.9824251900615504,0.186656759675418
-0.7901550123756905,-0.4842915805643156,1.0746069661494564,0.0,0.0,0.9814852389328388,0.1915377919809782
-0.792076614249967,-0.4835007438812176,1.0764312177050146,0.0,0.0,0.9805220146378767,0.19640921264156522
-0.7939903986478352,-0.4826908194166371,1.078252451886969,0.0,0.0,0.9795358034538276,0.20126999217981947
-0.7958963466810159,-0.48186183914500497,1.0800705967961126,0.0,0.0,0.9785269085122542,0.20611911439129246
-0.7977944395385709,-0.4810138357930431,1.0818855806551975,0.0,0.0,0.9774956492528775,0.21095557753161154
-0.7996846584870906,-0.4801468428384716,1.0836973318117689,0.0,0.0,0.9764423608444894,0.21577839546265987
-0.8015669848708765,-0.4792608945086881,1.0855057787409927,0.0,0.0,0.9753673935752774,0.2205865987547076
-0.8034414001121277,-0.4783560257794153,1.0873108500484816,0.0,0.0,0.9742711122149152,0.22537923574169882
-0.805307885711122,-0.4774322723733216,1.0891124744731104,0.0,0.0,0.9731538953508843,0.23015537352710347
-0.8071664232464004,-0.47648967075860943,1.0909105808898323,0.0,0.0,0.9720161347015461,0.23491409893802895
-0.8090169943749475,-0.4755282581475769,1.0927050983124842,0.0,0.0,0.970858234408569,0.23965451942551871
-0.8108595808323733,-0.4745480724951474,1.0944959558965912,0.0,0.0,0.969680610311336,0.2443757639092617
-0.812694164433094,-0.47354915249737217,1.0962830829421628,0.0,0.0,0.9684836892060047,0.24907698356517696
-0.8145207270705096,-0.47253153758990235,1.0980664088964829,0.0,0.0,0.967267908091892,0.2537573525546315
-0.8163392507171837,-0.4714952679464324,1.0998458633568957,0.0,0.0,0.9660337134078563,0.25841606869432127
-0.8181497174250236,-0.47044038447711267,1.1016213760735876,0.0,0.0,0.9647815602613268,0.2630523540661061
-0.8199521093254524,-0.46936692882693704,1.103392876952355,0.0,0.0,0.9635119116526062,0.267665455566348
-0.8217464086295903,-0.4682749433740962,1.1051602960573776,0.0,0.0,0.9622252376970046,0.2722546453946072
-0.8235325976284276,-0.46716447122830596,1.1069235636139754,0.0,0.0,0.9609220148473251,0.2768192214817412
-0.8253106586929996,-0.4660355562291055,1.1086826100113636,0.0,0.0,0.959602725119132,0.2813585078577434
-0.8270805742745617,-0.4648882429441258,1.1104373658054032,0.0,0.0,0.9582678553211487,0.2858718549598865
-0.8288423269047617,-0.4637225766673308,1.1121877617213398,0.0,0.0,0.9569178962930484,0.2903586398819346
-0.8305958991958128,-0.4625386034172289,1.1139337286565405,0.0,0.0,0.9555533421527835,0.29481826656543103
-0.8323412738406631,-0.4613363699350575,1.1156751976832187,0.0,0.0,0.954174689555497,0.29925016593424153
-0.8340784336131714,-0.460115923682935,1.117412100051161,0.0,0.0,0.9527824369659288,0.3036537959737475
-0.8358073613682703,-0.4588773128419905,1.1191443671904342,0.0,0.0,0.9513770839461252,0.30802864175619726
-0.8375280400421417,-0.45762058631045877,1.1208719307140986,0.0,0.0,0.9499591304601028,0.31237421541395755
-0.8392404526523816,-0.4563457937017515,1.1225947224209045,0.0,0.0,0.9485290761970092,0.3166900560624671
-0.840944582298169,-0.45505298534249783,1.1243126742979852,0.0,0.0,0.9470874199141734,0.3209757296748684
-0.8426404121604322,-0.4537422122705585,1.1260257185235418,0.0,0.0,0.9456346588013083,0.325230828910381
-0.8443279255020149,-0.4524135262330099,1.1277337874695215,0.0,0.0,0.9441712878669825,0.32945497289857967
-0.8460071056678423,-0.45106697968410125,1.1294368137042878,0.0,0.0,0.942697799348355,0.3336478069818064
-0.8476779360850834,-0.44970262578318543,1.1311347299952799,0.0,0.0,0.9412146821450172,0.3378090024180145
-0.8493404002633165,-0.44832051839261794,1.1328274693116704,0.0,0.0,0.9397224212776597,0.34193825604639894
-0.850994481794692,-0.4469207120756318,1.1345149648270096,0.0,0.0,0.9382214973721527,0.3460352899181757
-0.8526401643540922,-0.4455032620941839,1.136197149921864,0.0,0.0,0.9367123861695001,0.35009985089491436
-0.854277431699295,-0.44406822440677235,1.137873958186446,0.0,0.0,0.9351955580620032,0.3541317102168323
-0.855906267671133,-0.44261565566622757,1.1395453234232376,0.0,0.0,0.9336714776558556,0.35813066304343605
-0.8575266561936523,-0.4411456132174765,1.1412111796495998,0.0,0.0,0.9321406033602792,0.3620965279689033
-0.8591385812742721,-0.4396581550952783,1.1428714611003814,0.0,0.0,0.9306033870031998,0.3660291465145538
-0.8607420270039438,-0.4381533400219316,1.1445261022305147,0.0,0.0,0.9290602734733656,0.3699283826007338
-0.862336977557304,-0.43663122740496,1.1461750377175997,0.0,0.0,0.9275117003887193,0.37379412200036854
-0.8639234171928353,-0.43509187733476284,1.1478182024644874,0.0,0.0,0.9259580977907327,0.37762627177643215
-0.865501330253019,-0.43353535058224496,1.1494555316018473,0.0,0.0,0.924399887864354,0.38142475970546225
-0.86707070116449,-0.4319617085964177,1.1510869604907281,0.0,0.0,0.922837484683124,0.38518953368922765
-0.8686315144381911,-0.43037101350197193,1.1527124247251113,0.0,0.0,0.9212712939789561,0.3889205611565679
-0.8701837546695254,-0.4287633280968263,1.1543318601344517,0.0,0.0,0.9197017129360173,0.3926178284573377
-0.8717274065385089,-0.42713871584964747,1.155945202786213,0.0,0.0,0.9181291300080865,0.39628134025032524
-0.8732624548099199,-0.42549724089734614,1.1575523889883885,0.0,0.0,0.9165539247587222,0.39991111888691244
-0.8747888843334528,-0.42383896804254145,1.1591533552920203,0.0,0.0,0.9149764677235214,0.4035072037921847
-0.8763066800438636,-0.4221639627510075,1.160748038493699,0.0,0.0,0.9133971202937315,0.407069650845059
-0.8778158269611216,-0.4204722911490846,1.1623363756380627,0.0,0.0,0.9118162346204233,0.41059853175898353
-0.879316310190556,-0.41876402002107105,1.1639183040202805,0.0,0.0,0.9102341535384291,0.41409393346459356
-0.8808081149230035,-0.4170392168065856,1.165493761188529,0.0,0.0,0.9086512105092187,0.4175559574956767
-0.8822912264349531,-0.4152979495979065,1.1670626849464563,0.0,0.0,0.9070677295818725,0.4209847193796787
-0.8837656300886931,-0.4135402871372812,1.1686250133556388,0.0,0.0,0.9054840253713022,0.4243803480339101
-0.8852313113324553,-0.4117662988142136,1.170180684738027,0.0,0.0,0.9039004030528653,0.42774298516850906
-0.8866882557005564,-0.4099760546627262,1.1717296376783772,0.0,0.0,0.9023171583725155,0.43107278469714216
-0.8881364488135444,-0.4081696253585921,1.1732718110266802,0.0,0.0,0.9007345776716292,0.4343699121563458
-0.8895758763783379,-0.406347082216547,1.1748071439005727,0.0,0.0,0.8991529379256668,0.437634544134306
-0.8910065241883677,-0.40450849718747384,1.1763355756877418,0.0,0.0,0.89757250679582,0.4408668677098195
-0.8924283781237177,-0.4026539428555612,1.1778570460483175,0.0,0.0,0.8959935426928182,0.44406707990209404
-0.8938414241512637,-0.40078349243543837,1.1793714949172556,0.0,0.0,0.8944162948520802,0.44723538713196276
-0.8952456483248117,-0.39889721976928544,1.1808788625067075,0.0,0.0,0.8928410034194099,0.4503720046950312
-0.8966410367852355,-0.39699519932391797,1.1823790893083814,0.0,0.0,0.8912678995464565,0.45347715624719975
-0.8980275757606156,-0.3950775061878451,1.183872116095893,0.0,0.0,0.8896972054951772,0.4565510733029462
-0.899405251566371,-0.39314421606830946,1.1853578839271002,0.0,0.0,0.8881291347505701,0.45959399474667156
-0.900774050605398,-0.3911954052882942,1.1868363341464336,0.0,0.0,0.8865638921409512,0.46260616635739704
-0.9021339593682027,-0.38923115078351167,1.1883074083872103,0.0,0.0,0.885001673965096,0.46558784034699363
-0.9034849644330347,-0.387251530099367,1.1897710485739372,0.0,0.0,0.8834426681255733,0.4685392749121123
-0.9048270524660192,-0.38525662138789485,1.1912271969246067,0.0,0.0,0.8818870542676288,0.47146073379992526
-0.9061602102212896,-0.38324650340467525,1.192675795952975,0.0,0.0,0.8803350039230127,0.47435248588773
-0.9074844245411169,-0.38122125550572383,1.1941167884708332,0.0,0.0,0.8787866806581537,0.4772148047764486
-0.9087996823560398,-0.37918095764436127,1.1955501175902634,0.0,0.0,0.87724224022613,0.4800479683979933
-0.9101059706849957,-0.37712569036805177,1.196975726725887,0.0,0.0,0.8757018307218878,0.48285225863646336
-0.9114032766354452,-0.3750555348152298,1.1983935595970956,0.0,0.0,0.8741655927402203,0.48562796096305993
-0.9126915874035026,-0.3729705727120912,1.1998035602302755,0.0,0.0,0.8726336595360057,0.48837536408463356
-0.913970890274061,-0.3708708863693699,1.2012056729610159,0.0,0.0,0.8711061571862643,0.4910947596056989
-0.9152411726209174,-0.368756558679087,1.2025998424363074,0.0,0.0,0.8695832047535997,0.4937864417037581
-0.9165024219068978,-0.36662767311128025,1.2039860136167255,0.0,0.0,0.8680649144506211,0.49645070681774217
-0.9177546256839808,-0.3644843137107061,1.2053641317786064,0.0,0.0,0.8665513918049678,0.49908785334936073
-0.9189977715934213,-0.3623265650935232,1.2067341425162046,0.0,0.0,0.8650427358245818,0.5016981813771331
-0.9202318473658703,-0.36015451244395347,1.2080959917438414,0.0,0.0,0.8635390391628996,0.5042819923828492
-0.9214568408214983,-0.3579682415109157,1.2094496256980418,0.0,0.0,0.8620403882836468,0.5068395889902241
-0.9226727398701148,-0.3557678386046426,1.2107949909396547,0.0,0.0,0.8605468636249596,0.5093712747154526
-0.9238795325112866,-0.35355339059327384,1.2121320343559643,0.0,0.0,0.8590585397625613,0.5118773537294025
-0.9250772068344578,-0.3513249848994248,1.2134607031627855,0.0,0.0,0.8575754855717485,0.5143581306311583
-0.9262657510190665,-0.34908270949673637,1.2147809449065494,0.0,0.0,0.8560977643879676,0.5168139102326135
-0.9274451533346614,-0.34682665290640236,1.216092707466372,0.0,0.0,0.8546254341657697,0.519244997353821
-0.9286154021410171,-0.3445569041936746,1.2173959390561138,0.0,0.0,0.853158547635958,0.5216516966287972
-0.9297764858882515,-0.34227355296434414,1.2186905882264236,0.0,0.0,0.8516971524607565,0.5240343123214728
-0.9309283931169356,-0.33997668936120956,1.219976603866768,0.0,0.0,0.8502412913868478,0.5263931481514794
-0.9320711124582108,-0.33766640406051235,1.221253935207452,0.0,0.0,0.848791002396134,0.5287285071294775
-0.9332046326338986,-0.33534278826835995,1.2225225318216217,0.0,0.0,0.8473463188541056,0.5310406914017008
-0.934328942456612,-0.3330059337171259,1.2237823436272546,0.0,0.0,0.8459072696557014,0.5333300021034223
-0.9354440308298672,-0.33065593266182614,1.2250333208891377,0.0,0.0,0.8444738793685641,0.5355967392210373
-0.9365498867481922,-0.32829287787647854,1.226275414220831,0.0,0.0,0.8430461683736085,0.5378412014624552
-0.9376464992972358,-0.3259168626504392,1.2275085745866168,0.0,0.0,0.8416241530028278,0.5400636861355081
-0.938733857653874,-0.32352798078472245,1.2287327533034342,0.0,0.0,0.8402078456742781,0.5422644890340769
-0.9398119510863198,-0.32112632658829193,1.229947902042805,0.0,0.0,0.8387972550241831,0.5444439043316542
-0.9408807689542256,-0.31871199487434476,1.2311539728327368,0.0,0.0,0.837392386036131,0.5466022244820409
-0.9419403007087905,-0.31628508095656227,1.2323509180596202,0.0,0.0,0.835993240167312,0.5487397401269193
-0.9429905358928644,-0.31384568064535046,1.233538690470107,0.0,0.0,0.8345998154717899,0.5508567400100088
-0.9440314641410498,-0.3113938902440563,1.2347172431729765,0.0,0.0,0.8332121067207776,0.552953510897547
-0.9450630751798048,-0.30892980654516733,1.2358865296409856,0.0,0.0,0.8318301055199169,0.5550303375048286
-0.9460853588275453,-0.3064535268264886,1.237046503712707,0.0,0.0,0.8304538004235519,0.5570875024285499
-0.9470983049947445,-0.30396514884730247,1.2381971195943506,0.0,0.0,0.8290831770460045,0.5591252860847052
-0.948101903684032,-0.3014647708445123,1.2393383318615714,0.0,0.0,0.8277182181698624,0.5611439666517927
-0.9490961449902946,-0.2989524915287595,1.2404700954612629,0.0,0.0,0.8263589038512849,0.5631438200190986
-0.9500810191007719,-0.2964284100805295,1.2415923657133365,0.0,0.0,0.8250052115223584,0.5651251197398225
-0.9510565162951536,-0.2938926261462366,1.242705098312484,0.0,0.0,0.8236571160905156,0.5670881369888238
-0.9520226269456766,-0.2913452398342882,1.243808249329928,0.0,0.0,0.8223145900350476,0.5690331405247778
-0.9529793415172189,-0.2887863517111338,1.2449017752151552,0.0,0.0,0.8209776035007432,0.5709603966565251
-0.9539266505673937,-0.2862160627972952,1.2459856327976357,0.0,0.0,0.8196461243886861,0.5728701692134149
-0.954864544746643,-0.28363447456337854,1.247059779288528,0.0,0.0,0.8183201184442475,0.574762719519449
-0.9557930147983303,-0.28104168892606507,1.2481241722823686,0.0,0.0,0.8169995493423139,0.5766383063710353
-0.9567120515588307,-0.2784378082440939,1.2491787697587438,0.0,0.0,0.8156843787697954,0.578497186018163
-0.9576216459576223,-0.2758229353142152,1.2502235300839513,0.0,0.0,0.8143745665054485,0.5803396121488373
-0.9585217890173761,-0.2731971733671344,1.2512584120126427,0.0,0.0,0.8130700704970713,0.5821658358765891
-0.9594124718540429,-0.27056062606343795,1.2522833746894506,0.0,0.0,0.8117708469361089,0.5839761057309045
-0.9602936856769432,-0.2679133974894985,1.2532983776506044,0.0,0.0,0.8104768503297199,0.5857706676504183
-0.961165421788852,-0.2652555921533674,1.2543033808255248,0.0,0.0,0.8091880335703551,0.5875497649787139
-0.9620276715860862,-0.26258731498064763,1.2552983445384076,0.0,0.0,0.8079043480028939,0.5893136384625924
-0.9628804265585876,-0.25990867131035505,1.2562832295097883,0.0,0.0,0.8066257434893965,0.5910625262526616
-0.9637236782900099,-0.25721976689075293,1.2572579968580957,0.0,0.0,0.8053521684715114,0.5927966639061276
-0.9645574184577983,-0.25452070787518555,1.2582226081011831,0.0,0.0,0.8040835700306048,0.5945162843916367
-0.965381638833274,-0.2518116008178805,1.2591770251578505,0.0,0.0,0.8028198939456482,0.5962216180960719
-0.9661963312817149,-0.24909255266974567,1.2601212103493469,0.0,0.0,0.8015610847489275,0.5979128928331641
-0.9670014877624352,-0.2463636707741458,1.2610551264008576,0.0,0.0,0.8003070857796193,0.5995903338538183
-0.9677971003288657,-0.24362506286266597,1.261978736442976,0.0,0.0,0.7990578392352881,0.6012541638580415
-0.9685831611286311,-0.24087683705085802,1.2628920040131588,0.0,0.0,0.7978132862213552,0.6029046030083716
-0.9693596624036295,-0.23811910183396934,1.263794893057167,0.0,0.0,0.7965733667985873,0.6045418689447105
-0.9701265964901059,-0.23535196608266662,1.2646873679304858,0.0,0.0,0.795338020028664,0.6061661768004584
-0.9708839558187311,-0.2325755390387293,1.2655693933997365,0.0,0.0,0.7941071840178602,0.6077777392198768
-0.9716317329146741,-0.22978993031074382,1.2664409346440633,0.0,0.0,0.7928807959589075,0.6093767663765738
-0.9723699203976768,-0.22699524986977349,1.2673019572565103,0.0,0.0,0.7916587921710722,0.6109634659930488
-0.9730985109821266,-0.2241916080450164,1.268152427245379,0.0,0.0,0.7904411081385029,0.6125380433612068
-0.973817497477129,-0.2213791155194508,1.2689923110355708,0.0,0.0,0.7892276785468951,0.6141007013637738
-0.9745268727865772,-0.21855788332546627,1.2698215754699114,0.0,0.0,0.7880184373185172,0.6156516404965412
-0.9752266299092234,-0.21572802284047987,1.2706401878104607,0.0,0.0,0.7868133176456449,0.6171910588913725
-0.9759167619387475,-0.2128896457825361,1.2714481157398059,0.0,0.0,0.7856122520224471,0.6187191523399119
-0.9765972620638248,-0.21004286420590307,1.272245327362335,0.0,0.0,0.7844151722753724,0.6202361143179248
-0.9772681235681935,-0.2071877904966422,1.2730317912054987,0.0,0.0,0.7832220095920696,0.6217421360102275
-0.9779293398307219,-0.20432453736817444,1.2738074762210507,0.0,0.0,0.7820326945488943,0.6232374063361376
-0.9785809043254722,-0.20145321785683143,1.2745723517862753,0.0,0.0,0.7808471571370379,0.6247221119754016
-0.9792228106217659,-0.19857394531739017,1.2753263877051944,0.0,0.0,0.7796653267873169,0.6261964373945499
-0.9798550523842469,-0.19568683341860166,1.2760695542097609,0.0,0.0,0.7784871323936686,0.6276605648736289
-0.9804776233729445,-0.19279199613869807,1.2768018219610344,0.0,0.0,0.7773125023353828,0.6291146745332726
-0.9810905174433341,-0.18988954776090095,1.2775231620503373,0.0,0.0,0.7761413644981178,0.6305589443620636
-0.9816937285463989,-0.18697960286889997,1.2782335460003984,0.0,0.0,0.7749736462937216,0.631993550244157
-0.9822872507286886,-0.18406227634233893,1.2789329457664755,0.0,0.0,0.7738092746789135,0.6334186659871132
-0.9828710781323792,-0.18113768335227298,1.2796213337374631,0.0,0.0,0.7726481761728404,0.634834463349922
-0.9834452049953296,-0.17820593935662565,1.2802986827369836,0.0,0.0,0.7714902768735562,0.6362411120711736
-0.9840096256511397,-0.1752671600956296,1.2809649660244578,0.0,0.0,0.7703355024734495,0.6376387798973477
-0.9845643345292054,-0.1723214615872584,1.2816201572961623,0.0,0.0,0.7691837782736533,0.6390276326111943
-0.9851093261547739,-0.16936896012264616,1.2822642306862675,0.0,0.0,0.7680350291974672,0.640407834060176
-0.985644595148998,-0.16640977226149312,1.2828971607678594,0.0,0.0,0.7668891798028199,0.6417795461849484
-0.9861701362289887,-0.16344401482747165,1.2835189225539414,0.0,0.0,0.7657461542938074,0.6431429290478475
-0.986685944207868,-0.1604718049036049,1.2841294914984234,0.0,0.0,0.764605876531323,0.644498140861374
-0.9871920139948192,-0.15749325982765233,1.2847288434970885,0.0,0.0,0.76346827004282,0.6458453380166368
-0.9876883405951377,-0.15450849718747384,1.285316954888546,0.0,0.0,0.7623332580312225,0.6471846751117502
-0.9881749191102804,-0.1515176348163873,1.2858938024551656,0.0,0.0,0.7612007633830148,0.6485163049801568
-0.9886517447379138,-0.14852079078851751,1.286459363423993,0.0,0.0,0.7600707086755323,0.6498403787188622
-0.9891188127719618,-0.14551808341413575,1.2870136154676493,0.0,0.0,0.7589430161834793,0.651157045716564
-0.9895761186026508,-0.1425096312349885,1.2875565367052126,0.0,0.0,0.757817607884694,0.6524664536816589
-0.9900236577165574,-0.13949555301961442,1.2880881057030829,0.0,0.0,0.7566944054651834,0.6537687486701187
-0.9904614256966511,-0.13647596775866258,1.2886083014758258,0.0,0.0,0.7555733303234534,0.6550640751132103
-0.9908894182223386,-0.13345099466018795,1.289117103487003,0.0,0.0,0.7544543035741469,0.6563525758450631
-0.9913076310695064,-0.1304207531449484,1.2896144916499823,0.0,0.0,0.7533372460510166,0.6576343921300575
-0.9917160601105628,-0.1273853628416912,1.2901004463287304,0.0,0.0,0.7522220783092503,0.658909663690033
-0.9921147013144777,-0.12434494358242726,1.2905749483385893,0.0,0.0,0.7511087206271616,0.6601785287313036
-0.9925035507468235,-0.12129961539770422,1.2910379789470317,0.0,0.0,0.7499970930072736,0.6614411239714683
-0.9928826045698135,-0.11824949851186217,1.2914895198744023,0.0,0.0,0.7488871151768008,0.6626975846660142
-0.9932518590423393,-0.11519471333829574,1.291929553294638,0.0,0.0,0.7477787065875584,0.6639480446346976
-0.9936113105200083,-0.11213538047469036,1.2923580618359731,0.0,0.0,0.7466717864153004,0.6651926362877029
-0.9939609554551795,-0.10907162069827124,1.2927750285816242,0.0,0.0,0.7455662735585172,0.6664314906515646
-0.9943007903969987,-0.10600355496102747,1.293180437070458,0.0,0.0,0.7444620866366923,0.6676647373948561
-0.9946308119914321,-0.102931304384941,1.2935742712976417,0.0,0.0,0.7433591439880428,0.6688925048536307
-0.9949510169813,-0.09985499025720361,1.2939565157152741,0.0,0.0,0.7422573636667518,0.6701149200566151
-0.9952614022063082,-0.09677473402542998,1.2943271552330002,0.0,0.0,0.7411566634397069,0.6713321087501486
-0.9955619646030799,-0.0936906572928628,1.2946861752186065,0.0,0.0,0.7400569607827567,0.6725441954228655
-0.9958527012051857,-0.09060288181356847,1.2950335614985988,0.0,0.0,0.738958172876496,0.6737513033301166
-0.9961336091431723,-0.08751152948763845,1.2953693003587616,0.0,0.0,0.7378602166015951,0.674953554518122
-0.9964046856445924,-0.08441672235636712,1.2956933785446993,0.0,0.0,0.7367630085336749,0.6761510698478619
-0.9966659280340298,-0.08131858259744174,1.2960057832623604,0.0,0.0,0.7356664649377507,0.6773439690186911
-0.9969173337331279,-0.07821723252011556,1.2963065021785414,0.0,0.0,0.7345705017622415,0.678532370591683
-0.9971589002606138,-0.07511279456037885,1.2965955234213742,0.0,0.0,0.7334750346325627,0.6797163920126991
-0.9973906252323236,-0.07200539127612615,1.2968728355807952,0.0,0.0,0.7323799788443078,0.6808961496351784
-0.9976125063612251,-0.06889514534231886,1.2971384277089952,0.0,0.0,0.731285249356028,0.6820717587426502
-0.9978245414574415,-0.06578217954614171,1.2973922893208518,0.0,0.0,0.7301907607816166,0.6832433335709643
-0.9980267284282716,-0.0626666167821519,1.2976344103943434,0.0,0.0,0.7290964273823064,0.6844109873302425
-0.9982190652782118,-0.05954858004743484,1.297864781370944,0.0,0.0,0.72800216305829,0.6855748322265419
-0.9984015501089751,-0.056428192436741006,1.2980833931560025,0.0,0.0,0.7269078813399638,0.6867349794832395
-0.9985741811195098,-0.05330557713762987,1.2982902371190996,0.0,0.0,0.7258134953788069,0.6878915393621285
-0.9987369566060176,-0.05018085742560755,1.29848530509439,0.0,0.0,0.7247189179379009,0.6890446211842294
-0.9988898749619701,-0.04705415665925702,1.298668589380924,0.0,0.0,0.7236240613820919,0.6901943333503157
-0.9990329346781248,-0.04392559827537208,1.2988400827429516,0.0,0.0,0.7225288376678063,0.6913407833611503
-0.9991661343425403,-0.040795305784078584,1.298999778410209,0.0,0.0,0.7214331583325186,0.6924840778374383
-0.9992894726405894,-0.037663402763966805,1.299147670078184,0.0,0.0,0.7203369344838846,0.6936243225394854
-0.999402948354973,-0.034530012857202655,1.2992837519083675,0.0,0.0,0.7192400767885324,0.6947616223865754
-0.9995065603657317,-0.03139525976465663,1.2994080185284815,0.0,0.0,0.7181424954605302,0.695896081476051
-0.9996003076502568,-0.028259267241012402,1.2995204650326926,0.0,0.0,0.7170441002495201,0.6970278031021118
-0.9996841892833003,-0.02512215908988511,1.2996210869818052,0.0,0.0,0.7159448004285324,0.698156889774318
-0.9997582044369842,-0.021984059158932538,1.2997098804034375,0.0,0.0,0.7148445047814778,0.6992834432358055
-0.9998223523808092,-0.018845091334967107,1.2997868417921767,0.0,0.0,0.7137431215903239,0.7004075644812099
-0.9998766324816607,-0.01570537953906462,1.2998519681097194,0.0,0.0,0.7126405586219565,0.7015293537742993
-0.9999210442038162,-0.012565047721668525,1.29990525678499,0.0,0.0,0.7115367231147279,0.702648910665316
-0.9999555871089499,-0.009424219857704513,1.2999467057142429,0.0,0.0,0.7104315217647007,0.7037663340080228
-0.9999802608561372,-0.006283019941676479,1.2999763132611448,0.0,0.0,0.7093248607115781,0.7048817219764608
-0.9999950652018581,-0.0031415719827794023,1.299994078256841,0.0,0.0,0.7082166455243359,0.7059951720814083
-1.0,-1.2246467991473532e-16,1.2999999999999998,0.0,0.0,0.7071067811865477,0.7071067811865476
-0.9999950652018582,0.0031415719827791577,1.299994078256841,0.0,0.0,0.7059951720814083,0.7082166455243359
-0.9999802608561371,0.006283019941676234,1.2999763132611448,0.0,0.0,0.7048817219764608,0.709324860711578
-0.9999555871089498,0.009424219857704266,1.2999467057142429,0.0,0.0,0.7037663340080228,0.7104315217647006
-0.9999210442038163,0.012565047721668278,1.29990525678499,0.0,0.0,0.702648910665316,0.7115367231147279
-0.9998766324816608,0.01570537953906438,1.2998519681097194,0.0,0.0,0.7015293537742993,0.7126405586219565
-0.9998223523808092,0.01884509133496731,1.2997868417921767,0.0,0.0,0.7004075644812098,0.7137431215903242
-0.9997582044369843,0.021984059158932295,1.2997098804034375,0.0,0.0,0.6992834432358055,0.7148445047814778
-0.9996841892833003,0.02512215908988487,1.2996210869818052,0.0,0.0,0.698156889774318,0.7159448004285324
-0.9996003076502568,0.02825926724101216,1.2995204650326926,0.0,0.0,0.6970278031021118,0.7170441002495201
-0.9995065603657317,0.031395259764656826,1.2994080185284815,0.0,0.0,0.6958960814760509,0.7181424954605303
-0.9994029483549731,0.034530012857202405,1.2992837519083675,0.0,0.0,0.6947616223865754,0.7192400767885324
-0.9992894726405894,0.037663402763966555,1.299147670078184,0.0,0.0,0.6936243225394854,0.7203369344838846
-0.9991661343425402,0.040795305784078334,1.298999778410209,0.0,0.0,0.6924840778374383,0.7214331583325186
-0.9990329346781248,0.04392559827537183,1.2988400827429518,0.0,0.0,0.6913407833611503,0.7225288376678063
-0.9988898749619701,0.04705415665925721,1.298668589380924,0.0,0.0,0.6901943333503155,0.7236240613820921
-0.9987369566060176,0.0501808574256073,1.29848530509439,0.0,0.0,0.6890446211842294,0.7247189179379009
-0.9985741811195098,0.05330557713762962,1.2982902371190996,0.0,0.0,0.6878915393621285,0.7258134953788069
-0.998401550108975,0.05642819243674076,1.2980833931560025,0.0,0.0,0.6867349794832395,0.7269078813399638
-0.9982190652782118,0.05954858004743503,1.297864781370944,0.0,0.0,0.6855748322265418,0.7280021630582901
-0.9980267284282716,0.06266661678215164,1.2976344103943434,0.0,0.0,0.6844109873302425,0.7290964273823064
-0.9978245414574415,0.06578217954614146,1.2973922893208518,0.0,0.0,0.6832433335709643,0.7301907607816166
-0.9976125063612252,0.06889514534231861,1.2971384277089955,0.0,0.0,0.6820717587426502,0.731285249356028
-0.9973906252323236,0.0720053912761259,1.2968728355807952,0.0,0.0,0.6808961496351785,0.7323799788443078
-0.9971589002606138,0.0751127945603786,1.2965955234213742,0.0,0.0,0.6797163920126991,0.7334750346325626
-0.996917333733128,0.07821723252011531,1.2963065021785414,0.0,0.0,0.678532370591683,0.7345705017622415
-0.9966659280340299,0.08131858259744149,1.2960057832623604,0.0,0.0,0.6773439690186911,0.7356664649377507
-0.9964046856445923,0.08441672235636687,1.2956933785446993,0.0,0.0,0.6761510698478619,0.7367630085336749
-0.9961336091431724,0.0875115294876382,1.2953693003587616,0.0,0.0,0.674953554518122,0.7378602166015951
-0.9958527012051855,0.09060288181356824,1.295033561498599,0.0,0.0,0.6737513033301166,0.738958172876496
-0.9955619646030798,0.09369065729286255,1.2946861752186065,0.0,0.0,0.6725441954228655,0.7400569607827567
-0.9952614022063082,0.09677473402543017,1.2943271552330002,0.0,0.0,0.6713321087501484,0.741156663439707
-0.9949510169813001,0.09985499025720336,1.2939565157152741,0.0,0.0,0.6701149200566151,0.7422573636667518
-0.9946308119914322,0.10293130438494076,1.2935742712976417,0.0,0.0,0.6688925048536307,0.7433591439880428
-0.9943007903969988,0.10600355496102723,1.293180437070458,0.0,0.0,0.6676647373948561,0.7444620866366923
-0.9939609554551795,0.10907162069827142,1.2927750285816242,0.0,0.0,0.6664314906515644,0.7455662735585175
-0.9936113105200083,0.11213538047469011,1.2923580618359733,0.0,0.0,0.6651926362877029,0.7466717864153004
-0.9932518590423391,0.11519471333829549,1.291929553294638,0.0,0.0,0.6639480446346976,0.7477787065875584
-0.9928826045698136,0.11824949851186192,1.2914895198744023,0.0,0.0,0.6626975846660142,0.7488871151768008
-0.9925035507468235,0.12129961539770397,1.2910379789470317,0.0,0.0,0.6614411239714683,0.7499970930072736
-0.9921147013144777,0.12434494358242747,1.2905749483385893,0.0,0.0,0.6601785287313034,0.7511087206271618
-0.9917160601105627,0.12738536284169097,1.2901004463287307,0.0,0.0,0.658909663690033,0.7522220783092503
-0.9913076310695065,0.13042075314494816,1.2896144916499823,0.0,0.0,0.6576343921300575,0.7533372460510166
-0.9908894182223387,0.13345099466018773,1.289117103487003,0.0,0.0,0.6563525758450631,0.7544543035741469
-0.9904614256966511,0.1364759677586628,1.2886083014758258,0.0,0.0,0.6550640751132102,0.7555733303234536
-0.9900236577165576,0.1394955530196142,1.288088105703083,0.0,0.0,0.6537687486701187,0.7566944054651834
-0.9895761186026508,0.1425096312349883,1.2875565367052126,0.0,0.0,0.652466453681659,0.7578176078846939
-0.9891188127719618,0.14551808341413555,1.2870136154676493,0.0,0.0,0.651157045716564,0.7589430161834793
-0.988651744737914,0.14852079078851732,1.286459363423993,0.0,0.0,0.6498403787188622,0.7600707086755323
-0.9881749191102804,0.15151763481638708,1.2858938024551656,0.0,0.0,0.6485163049801568,0.7612007633830148
-0.9876883405951377,0.15450849718747361,1.2853169548885461,0.0,0.0,0.6471846751117502,0.7623332580312225
-0.9871920139948192,0.15749325982765214,1.2847288434970885,0.0,0.0,0.6458453380166368,0.76346827004282
-0.986685944207868,0.16047180490360471,1.2841294914984234,0.0,0.0,0.644498140861374,0.764605876531323
-0.9861701362289887,0.16344401482747142,1.2835189225539414,0.0,0.0,0.6431429290478475,0.7657461542938074
-0.985644595148998,0.16640977226149292,1.2828971607678596,0.0,0.0,0.6417795461849484,0.7668891798028199
-0.9851093261547739,0.16936896012264593,1.2822642306862675,0.0,0.0,0.640407834060176,0.7680350291974672
-0.9845643345292054,0.17232146158725858,1.281620157296162,0.0,0.0,0.6390276326111941,0.7691837782736535
-0.9840096256511398,0.17526716009562937,1.2809649660244578,0.0,0.0,0.6376387798973477,0.7703355024734495
-0.9834452049953297,0.17820593935662546,1.2802986827369836,0.0,0.0,0.6362411120711736,0.7714902768735562
-0.9828710781323793,0.18113768335227276,1.2796213337374633,0.0,0.0,0.634834463349922,0.7726481761728404
-0.9822872507286886,0.18406227634233913,1.2789329457664755,0.0,0.0,0.6334186659871129,0.7738092746789136
-0.9816937285463991,0.18697960286889978,1.2782335460003984,0.0,0.0,0.6319935502441572,0.7749736462937216
-0.9810905174433341,0.18988954776090075,1.2775231620503373,0.0,0.0,0.6305589443620637,0.7761413644981177
-0.9804776233729446,0.19279199613869788,1.2768018219610346,0.0,0.0,0.6291146745332726,0.7773125023353828
-0.979855052384247,0.19568683341860146,1.2760695542097609,0.0,0.0,0.6276605648736289,0.7784871323936686
-0.9792228106217659,0.19857394531739037,1.2753263877051941,0.0,0.0,0.6261964373945498,0.779665326787317
-0.9785809043254722,0.2014532178568312,1.2745723517862753,0.0,0.0,0.6247221119754016,0.7808471571370379
-0.9779293398307219,0.2043245373681742,1.2738074762210507,0.0,0.0,0.6232374063361376,0.7820326945488943
-0.9772681235681936,0.207187790496642,1.2730317912054987,0.0,0.0,0.6217421360102275,0.7832220095920696
-0.9765972620638247,0.2100428642059033,1.272245327362335,0.0,0.0,0.6202361143179247,0.7844151722753726
-0.9759167619387477,0.21288964578253589,1.271448115739806,0.0,0.0,0.6187191523399119,0.7856122520224471
-0.9752266299092236,0.21572802284047968,1.2706401878104607,0.0,0.0,0.6171910588913725,0.7868133176456449
-0.9745268727865773,0.21855788332546608,1.2698215754699116,0.0,0.0,0.6156516404965412,0.7880184373185172
-0.9738174974771291,0.2213791155194506,1.2689923110355708,0.0,0.0,0.6141007013637739,0.789227678546895
-0.9730985109821266,0.2241916080450162,1.268152427245379,0.0,0.0,0.6125380433612068,0.7904411081385029
-0.9723699203976768,0.2269952498697733,1.2673019572565103,0.0,0.0,0.6109634659930488,0.7916587921710722
-0.9716317329146742,0.22978993031074363,1.2664409346440633,0.0,0.0,0.6093767663765739,0.7928807959589075
-0.9708839558187312,0.2325755390387291,1.2655693933997365,0.0,0.0,0.6077777392198768,0.7941071840178602
-0.9701265964901059,0.23535196608266643,1.264687367930486,0.0,0.0,0.6061661768004585,0.7953380200286639
-0.9693596624036295,0.23811910183396914,1.263794893057167,0.0,0.0,0.6045418689447105,0.7965733667985873
-0.9685831611286312,0.24087683705085783,1.262892004013159,0.0,0.0,0.6029046030083717,0.7978132862213551
-0.9677971003288656,0.24362506286266616,1.261978736442976,0.0,0.0,0.6012541638580413,0.7990578392352882
-0.9670014877624352,0.24636367077414562,1.2610551264008576,0.0,0.0,0.5995903338538183,0.8003070857796193
-0.9661963312817149,0.24909255266974548,1.2601212103493469,0.0,0.0,0.5979128928331641,0.8015610847489275
-0.9653816388332741,0.2518116008178803,1.2591770251578505,0.0,0.0,0.5962216180960719,0.8028198939456482
-0.9645574184577982,0.25452070787518577,1.2582226081011831,0.0,0.0,0.5945162843916365,0.804083570030605
-0.96372367829001,0.25721976689075277,1.2572579968580957,0.0,0.0,0.5927966639061277,0.8053521684715114
-0.9628804265585876,0.2599086713103549,1.2562832295097888,0.0,0.0,0.5910625262526618,0.8066257434893964
-0.9620276715860862,0.26258731498064747,1.2552983445384078,0.0,0.0,0.5893136384625925,0.8079043480028938
-0.961165421788852,0.2652555921533672,1.2543033808255248,0.0,0.0,0.5875497649787139,0.8091880335703551
-0.9602936856769432,0.26791339748949833,1.2532983776506046,0.0,0.0,0.5857706676504183,0.8104768503297199
-0.9594124718540431,0.2705606260634378,1.2522833746894508,0.0,0.0,0.5839761057309046,0.8117708469361088
-0.9585217890173762,0.2731971733671342,1.2512584120126427,0.0,0.0,0.5821658358765891,0.8130700704970713
-0.9576216459576224,0.275822935314215,1.2502235300839513,0.0,0.0,0.5803396121488374,0.8143745665054484
-0.9567120515588305,0.2784378082440941,1.2491787697587438,0.0,0.0,0.5784971860181628,0.8156843787697955
-0.9557930147983303,0.28104168892606485,1.2481241722823686,0.0,0.0,0.5766383063710354,0.8169995493423139
-0.954864544746643,0.28363447456337837,1.2470597792885283,0.0,0.0,0.574762719519449,0.8183201184442475
-0.9539266505673938,0.28621606279729506,1.2459856327976357,0.0,0.0,0.572870169213415,0.819646124388686
-0.952979341517219,0.2887863517111336,1.2449017752151554,0.0,0.0,0.5709603966565252,0.8209776035007432
-0.9520226269456766,0.29134523983428806,1.2438082493299283,0.0,0.0,0.5690331405247778,0.8223145900350476
-0.9510565162951538,0.2938926261462364,1.2427050983124843,0.0,0.0,0.5670881369888238,0.8236571160905156
-0.9500810191007719,0.29642841008052934,1.2415923657133368,0.0,0.0,0.5651251197398225,0.8250052115223584
-0.9490961449902947,0.29895249152875936,1.2404700954612629,0.0,0.0,0.5631438200190986,0.8263589038512849
-0.948101903684032,0.30146477084451245,1.2393383318615712,0.0,0.0,0.5611439666517923,0.8277182181698626
-0.9470983049947446,0.3039651488473023,1.2381971195943506,0.0,0.0,0.5591252860847052,0.8290831770460045
-0.9460853588275453,0.3064535268264884,1.2370465037127072,0.0,0.0,0.5570875024285499,0.8304538004235519
-0.9450630751798049,0.30892980654516716,1.2358865296409858,0.0,0.0,0.5550303375048286,0.8318301055199169
-0.9440314641410498,0.3113938902440561,1.2347172431729767,0.0,0.0,0.5529535108975471,0.8332121067207775
-0.9429905358928645,0.3138456806453503,1.2335386904701071,0.0,0.0,0.5508567400100088,0.8345998154717899
-0.9419403007087906,0.3162850809565621,1.2323509180596202,0.0,0.0,0.5487397401269194,0.835993240167312
-0.9408807689542255,0.31871199487434493,1.2311539728327365,0.0,0.0,0.5466022244820408,0.8373923860361311
-0.9398119510863199,0.32112632658829177,1.2299479020428052,0.0,0.0,0.5444439043316542,0.8387972550241831
-0.938733857653874,0.3235279807847223,1.2287327533034342,0.0,0.0,0.542264489034077,0.8402078456742781
-0.9376464992972358,0.325916862650439,1.2275085745866166,0.0,0.0,0.5400636861355081,0.8416241530028278
-0.9365498867481923,0.3282928778764784,1.2262754142208312,0.0,0.0,0.5378412014624553,0.8430461683736084
-0.9354440308298673,0.33065593266182597,1.2250333208891382,0.0,0.0,0.5355967392210375,0.844473879368564
-0.934328942456612,0.3330059337171257,1.223782343627255,0.0,0.0,0.5333300021034224,0.8459072696557013
-0.9332046326338986,0.3353427882683598,1.2225225318216222,0.0,0.0,0.5310406914017008,0.8473463188541056
-0.932071112458211,0.3376664040605122,1.2212539352074523,0.0,0.0,0.5287285071294775,0.8487910023961339
-0.9309283931169356,0.3399766893612097,1.2199766038667679,0.0,0.0,0.5263931481514792,0.8502412913868478
-0.9297764858882516,0.342273552964344,1.2186905882264236,0.0,0.0,0.5240343123214728,0.8516971524607565
-0.9286154021410172,0.3445569041936744,1.217395939056114,0.0,0.0,0.5216516966287972,0.853158547635958
-0.9274451533346614,0.3468266529064022,1.216092707466372,0.0,0.0,0.5192449973538212,0.8546254341657694
-0.9262657510190666,0.34908270949673625,1.2147809449065494,0.0,0.0,0.5168139102326135,0.8560977643879675
-0.9250772068344579,0.35132498489942465,1.2134607031627858,0.0,0.0,0.5143581306311583,0.8575754855717485
-0.9238795325112867,0.3535533905932737,1.2121320343559645,0.0,0.0,0.5118773537294027,0.859058539762561
-0.9226727398701149,0.35576783860464245,1.2107949909396551,0.0,0.0,0.5093712747154527,0.8605468636249595
-0.9214568408214984,0.35796824151091555,1.2094496256980418,0.0,0.0,0.5068395889902243,0.8620403882836466
-0.9202318473658702,0.36015451244395363,1.2080959917438412,0.0,0.0,0.5042819923828491,0.8635390391628998
-0.9189977715934214,0.36232656509352307,1.2067341425162048,0.0,0.0,0.5016981813771332,0.8650427358245817
-0.9177546256839809,0.36448431371070594,1.2053641317786066,0.0,0.0,0.499087853349361,0.8665513918049675
-0.9165024219068978,0.3666276731112801,1.2039860136167257,0.0,0.0,0.4964507068177423,0.868064914450621
-0.9152411726209175,0.3687565586790869,1.2025998424363074,0.0,0.0,0.49378644170375835,0.8695832047535995
-0.9139708902740611,0.3708708863693697,1.201205672961016,0.0,0.0,0.49109475960569904,0.8711061571862642
-0.9126915874035028,0.37297057271209105,1.1998035602302757,0.0,0.0,0.4883753640846337,0.8726336595360055
-0.9114032766354451,0.3750555348152299,1.1983935595970956,0.0,0.0,0.4856279609630596,0.8741655927402203
-0.9101059706849958,0.37712569036805166,1.1969757267258874,0.0,0.0,0.48285225863646347,0.8757018307218876
-0.9087996823560399,0.3791809576443611,1.1955501175902634,0.0,0.0,0.48004796839799335,0.8772422402261298
-0.907484424541117,0.3812212555057237,1.1941167884708335,0.0,0.0,0.4772148047764487,0.8787866806581536
-0.9061602102212897,0.38324650340467514,1.1926757959529752,0.0,0.0,0.4743524858877301,0.8803350039230126
-0.9048270524660194,0.3852566213878947,1.1912271969246069,0.0,0.0,0.4714607337999253,0.8818870542676288
-0.9034849644330347,0.38725153009936686,1.1897710485739375,0.0,0.0,0.4685392749121125,0.883442668125573
-0.9021339593682028,0.38923115078351156,1.1883074083872103,0.0,0.0,0.4655878403469938,0.8850016739650959
-0.9007740506053981,0.39119540528829405,1.186836334146434,0.0,0.0,0.4626061663573972,0.886563892140951
-0.8994052515663709,0.3931442160683096,1.1853578839271002,0.0,0.0,0.45959399474667134,0.8881291347505701
-0.8980275757606158,0.39507750618784493,1.1838721160958934,0.0,0.0,0.4565510733029464,0.8896972054951772
-0.8966410367852357,0.39699519932391786,1.1823790893083812,0.0,0.0,0.4534771562471999,0.8912678995464565
-0.8952456483248118,0.39889721976928527,1.1808788625067077,0.0,0.0,0.45037200469503136,0.8928410034194098
-0.8938414241512638,0.40078349243543826,1.1793714949172556,0.0,0.0,0.44723538713196304,0.89441629485208
-0.8924283781237178,0.40265394285556105,1.1778570460483178,0.0,0.0,0.44406707990209426,0.8959935426928181
-0.8910065241883678,0.40450849718747367,1.176335575687742,0.0,0.0,0.44086686770981975,0.8975725067958199
-0.889575876378338,0.4063470822165468,1.174807143900573,0.0,0.0,0.43763454413430614,0.8991529379256666
-0.8881364488135445,0.40816962535859197,1.1732718110266804,0.0,0.0,0.43436991215634596,0.9007345776716291
-0.8866882557005563,0.4099760546627263,1.1717296376783772,0.0,0.0,0.43107278469714194,0.9023171583725155
-0.8852313113324553,0.4117662988142135,1.1701806847380274,0.0,0.0,0.4277429851685094,0.9039004030528651
-0.8837656300886932,0.4135402871372811,1.1686250133556388,0.0,0.0,0.4243803480339103,0.9054840253713021
-0.8822912264349532,0.4152979495979064,1.167062684946456,0.0,0.0,0.42098471937967896,0.9070677295818723
-0.8808081149230036,0.4170392168065855,1.165493761188529,0.0,0.0,0.4175559574956769,0.9086512105092186
-0.8793163101905561,0.41876402002107094,1.1639183040202807,0.0,0.0,0.4140939334645937,0.9102341535384291
-0.8778158269611217,0.42047229114908447,1.1623363756380627,0.0,0.0,0.41059853175898375,0.9118162346204232
-0.8763066800438635,0.42216396275100765,1.1607480384936992,0.0,0.0,0.4070696508450587,0.9133971202937317
-0.8747888843334529,0.42383896804254134,1.1591533552920203,0.0,0.0,0.40350720379218485,0.9149764677235213
-0.87326245480992,0.42549724089734603,1.1575523889883885,0.0,0.0,0.3999111188869128,0.9165539247587221
-0.8717274065385091,0.42713871584964735,1.1559452027862134,0.0,0.0,0.3962813402503256,0.9181291300080863
-0.8701837546695255,0.4287633280968262,1.1543318601344517,0.0,0.0,0.3926178284573379,0.9197017129360172
-0.8686315144381912,0.4303710135019718,1.152712424725111,0.0,0.0,0.3889205611565681,0.921271293978956
-0.8670707011644901,0.4319617085964175,1.1510869604907281,0.0,0.0,0.38518953368922787,0.922837484683124
-0.8655013302530191,0.43353535058224485,1.149455531601847,0.0,0.0,0.38142475970546247,0.9243998878643538
-0.8639234171928354,0.43509187733476273,1.1478182024644874,0.0,0.0,0.37762627177643243,0.9259580977907326
-0.8623369775573039,0.43663122740496013,1.1461750377175999,0.0,0.0,0.3737941220003683,0.9275117003887194
-0.8607420270039439,0.4381533400219315,1.1445261022305149,0.0,0.0,0.36992838260073413,0.9290602734733655
-0.8591385812742723,0.43965815509527817,1.1428714611003816,0.0,0.0,0.3660291465145541,0.9306033870031997
-0.8575266561936524,0.44114561321747636,1.1412111796496003,0.0,0.0,0.3620965279689036,0.9321406033602789
-0.8559062676711331,0.44261565566622746,1.1395453234232376,0.0,0.0,0.35813066304343627,0.9336714776558555
-0.8542774316992952,0.44406822440677224,1.137873958186446,0.0,0.0,0.35413171021683243,0.935195558062003
-0.8526401643540923,0.4455032620941838,1.136197149921864,0.0,0.0,0.35009985089491474,0.9367123861694999
-0.8509944817946921,0.44692071207563167,1.1345149648270096,0.0,0.0,0.346035289918176,0.9382214973721524
-0.8493404002633166,0.44832051839261783,1.1328274693116704,0.0,0.0,0.34193825604639916,0.9397224212776596
-0.8476779360850831,0.44970262578318554,1.13113472999528,0.0,0.0,0.3378090024180142,0.9412146821450174
-0.8460071056678424,0.45106697968410114,1.129436813704288,0.0,0.0,0.3336478069818068,0.9426977993483548
-0.844327925502015,0.4524135262330098,1.1277337874695217,0.0,0.0,0.3294549728985798,0.9441712878669823
-0.8426404121604323,0.4537422122705584,1.1260257185235418,0.0,0.0,0.3252308289103812,0.9456346588013081
-0.8409445822981692,0.4550529853424977,1.1243126742979854,0.0,0.0,0.3209757296748687,0.9470874199141733
-0.8392404526523817,0.4563457937017514,1.1225947224209045,0.0,0.0,0.31669005606246736,0.948529076197009
-0.8375280400421418,0.45762058631045865,1.1208719307140986,0.0,0.0,0.3123742154139579,0.9499591304601026
-0.8358073613682703,0.45887731284199057,1.1191443671904342,0.0,0.0,0.3080286417561968,0.9513770839461253
-0.8340784336131716,0.46011592368293497,1.1174121000511608,0.0,0.0,0.30365379597374786,0.9527824369659286
-0.8323412738406634,0.46133636993505744,1.115675197683219,0.0,0.0,0.2992501659342418,0.954174689555497
-0.830595899195813,0.4625386034172288,1.1139337286565407,0.0,0.0,0.29481826656543136,0.9555533421527834
-0.8288423269047619,0.4637225766673307,1.11218776172134,0.0,0.0,0.2903586398819348,0.9569178962930482
-0.8270805742745618,0.46488824294412573,1.1104373658054034,0.0,0.0,0.2858718549598868,0.9582678553211486
-0.8253106586929998,0.4660355562291054,1.1086826100113638,0.0,0.0,0.28135850785774374,0.9596027251191319
-0.8235325976284277,0.4671644712283059,1.1069235636139754,0.0,0.0,0.2768192214817415,0.9609220148473251
-0.8217464086295904,0.46827494337409614,1.1051602960573776,0.0,0.0,0.2722546453946076,0.9622252376970045
-0.8199521093254524,0.4693669288269371,1.103392876952355,0.0,0.0,0.26766545556634763,0.9635119116526063
-0.8181497174250238,0.47044038447711256,1.1016213760735876,0.0,0.0,0.26305235406610633,0.9647815602613268
-0.8163392507171839,0.4714952679464323,1.0998458633568962,0.0,0.0,0.25841606869432154,0.9660337134078562
-0.8145207270705097,0.4725315375899023,1.098066408896483,0.0,0.0,0.2537573525546319,0.9672679080918919
-0.8126941644330942,0.4735491524973721,1.0962830829421633,0.0,0.0,0.24907698356517724,0.9684836892060045
-0.8108595808323735,0.47454807249514736,1.0944959558965914,0.0,0.0,0.2443757639092622,0.9696806103113359
-0.8090169943749477,0.47552825814757677,1.0927050983124844,0.0,0.0,0.23965451942551905,0.9708582344085689
-0.8071664232464006,0.4764896707586094,1.0909105808898325,0.0,0.0,0.23491409893802923,0.972016134701546
-0.8053078857111221,0.47743227237332153,1.0891124744731102,0.0,0.0,0.2301553735271037,0.9731538953508843
-0.8034414001121276,0.4783560257794154,1.0873108500484814,0.0,0.0,0.22537923574169855,0.9742711122149154
-0.801566984870877,0.47926089450868786,1.085505778740993,0.0,0.0,0.22058659875470854,0.975367393575277
-0.7996846584870906,0.48014684283847164,1.0836973318117689,0.0,0.0,0.21577839546265964,0.9764423608444894
-0.7977944395385711,0.481013835793043,1.081885580655198,0.0,0.0,0.21095557753161187,0.9774956492528774
-0.795896346681016,0.4818618391450049,1.080070596796113,0.0,0.0,0.20611911439129274,0.9785269085122542
-0.7939903986478354,0.48269081941663705,1.0782524518869692,0.0,0.0,0.2012699921798198,0.9795358034538275
-0.7920766142499672,0.48350074388121755,1.0764312177050148,0.0,0.0,0.19640921264156563,0.9805220146378767
-0.7901550123756904,0.48429158056431565,1.0746069661494562,0.0,0.0,0.19153779198097776,0.9814852389328389
-0.7882256119904405,0.4850632982450529,1.0727797692386225,0.0,0.0,0.18665675967541842,0.9824251900615502
-0.7862884321366189,0.4858158664573371,1.0709496991071172,0.0,0.0,0.18176715725026069,0.9833415991125154
-0.7843434919334105,0.48654925549106326,1.0691168280029772,0.0,0.0,0.17687003701974505,0.9842342150142079
-0.7823908105765881,0.4872634363932887,1.0672812282848145,0.0,0.0,0.1719664607971911,0.9851028049705717
-0.7804304073383298,0.4879583809693738,1.0654429724189631,0.0,0.0,0.1670574985784425,0.9859471548560367
-0.7784623015670237,0.48863406178409674,1.0636021329766168,0.0,0.0,0.16214422720243787,0.9867670695685604
-0.776486512687079,0.48929045216273603,1.061758782630965,0.0,0.0,0.15722772899303847,0.9875623733393711
-0.774503060198734,0.4899275261921235,1.0599129941543222,0.0,0.0,0.15230909038626278,0.9883329099983006
-0.7725119636778645,0.4905452587216671,1.0580648404152577,0.0,0.0,0.14738940054719607,0.989078543193784
-0.7705132427757897,0.4911436253643443,1.0562143943757176,0.0,0.0,0.1424697499808755,0.9897991565668192
-0.7685069172190766,0.4917226024976649,1.054361729088141,0.0,0.0,0.13755122914148146,0.9904946538783879
-0.7664930068093503,0.4922821672646026,1.0525069176925828,0.0,0.0,0.13263492704419466,0.9911649590900501
-0.7644715314230919,0.492822297574499,1.0506500334138202,0.0,0.0,0.12772192988398395,0.9918100163976519
-0.762442511011448,0.493342972103934,1.0487911495584654,0.0,0.0,0.12281331966564764,0.9924297902182819
-0.7604059656000312,0.4938441702975688,1.0469303395120697,0.0,0.0,0.11791017284925272,0.9930242651308472
-0.7583619152887222,0.4943258723689569,1.0450676767362277,0.0,0.0,0.11301355901509512,0.993593445770825
-0.7563103802514721,0.4947880593013254,1.0432032347656757,0.0,0.0,0.10812453955215595,0.994137356679968
-0.7542513807361039,0.4952307128483256,1.041337087205391,0.0,0.0,0.1032441663738937,0.9946560421119249
-0.7521849370641118,0.4956538155347532,1.039469307727685,0.0,0.0,0.0983734806650495,0.9951495657949326
-0.7501110696304596,0.4960573506572389,1.0375999700692913,0.0,0.0,0.0935135116629669,0.9956180106529109
-0.7480297989033826,0.4964413022849068,1.035729148028461,0.0,0.0,0.08866527547675464,0.9960614784864592
-0.7459411454241824,0.4968056552600041,1.0338569154620447,0.0,0.0,0.083829773947348,0.9964800896154103
-0.7438451298070251,0.4971503951984994,1.0319833462825783,0.0,0.0,0.07900799355138176,0.9968739824847395
-0.7417417727387394,0.49747550849065,1.0301085144553648,0.0,0.0,0.07420090435148909,0.9972433132357524
-0.7396310949786098,0.49778098230153994,1.0282324939955543,0.0,0.0,0.06940945899541386,0.9975882552445993
-0.7375131173581744,0.49806680457158614,1.0263553589652235,0.0,0.0,0.06463459176609038,0.9979089986302513
-0.7353878607810159,0.49833296401701493,1.024477183470447,0.0,0.0,0.059877217684540775,0.9982057497341708
-0.7332553462225605,0.4985794501303069,1.0225980416583802,0.0,0.0,0.055138231667240814,0.9984787305739716
-0.7311155947298641,0.4988062531806126,1.0207180077143216,0.0,0.0,0.05041850773925259,0.9987281782734214
-0.7289686274214117,0.49901336421413583,1.018837155858794,0.0,0.0,0.045718898304267196,0.9989543444711796
-0.7268144654869031,0.49920077505448757,1.0169555603446074,0.0,0.0,0.04104023347232008,0.9991574947106875
-0.724653130187047,0.4993684783030088,1.0150732954539312,0.0,0.0,0.03638332044578626,0.9993379078136382
-0.72248464285335,0.4995164673390624,1.0131904354953598,0.0,0.0,0.03174894296393751,0.9994958752394495
-0.7203090248879069,0.49964473632029466,1.0113070548009804,0.0,0.0,0.027137860806134773,0.9996317004331482
-0.7181262977631893,0.49975328018286586,1.0094232277234392,0.0,0.0,0.022550809353471913,0.99974569816404
-0.7159364830218311,0.49984209464165014,1.0075390286330008,0.0,0.0,0.017988499208463127,0.9998381938575
-0.7137396022764217,0.4999111761904046,1.0056545319146228,0.0,0.0,0.013451615872171117,0.9999095229221631
-0.7115356772092856,0.4999605221019081,1.0037698119650056,0.0,0.0,0.008940819477903495,0.9999600300747344
-0.7093247295722739,0.49999013042806856,1.0018849431896677,0.0,0.0,0.00445674458050513,0.9999900686645563
-0.7071067811865477,0.49999999999999994,1.0,0.0,0.0,2.1648901405887336e-16,1.0
-0.7048818539423617,0.49999013042806856,0.9981150568103325,0.0,0.0,-0.0044288312817647255,0.9999901926786471
-0.7026499697988493,0.4999605221019081,0.9962301880349945,0.0,0.0,-0.008829192173001463,0.999961021923141
-0.7004111507838063,0.4999111761904046,0.9943454680853775,0.0,0.0,-0.013200551474045294,0.9999128689244786
-0.6981654189934731,0.4998420946416501,0.9924609713669993,0.0,0.0,-0.01754240383138837,0.9998461201944111
-0.6959127965923142,0.49975328018286586,0.9905767722765612,0.0,0.0,-0.021854269645572532,0.9997611669285115
-0.693653305812805,0.4996447363202947,0.9886929451990194,0.0,0.0,-0.026135694934904457,0.9996584043813517
-0.6913869689552066,0.4995164673390624,0.9868095645046404,0.0,0.0,-0.03038625115708962,0.9995382312551224
-0.6891138083873485,0.4993684783030088,0.9849267045460691,0.0,0.0,-0.034605534990874175,0.9994010491029093
-0.6868338465444084,0.49920077505448757,0.9830444396553928,0.0,0.0,-0.03879316807988905,0.9992472617477246
-0.6845471059286886,0.4990133642141358,0.9811628441412062,0.0,0.0,-0.042948796740910775,0.9990772747182813
-0.6822536091093968,0.4988062531806126,0.9792819922856786,0.0,0.0,-0.04707209163876156,0.9988914947023787
-0.6799533787224191,0.49857945013030697,0.9774019583416201,0.0,0.0,-0.05116274743012082,0.9986903290186612
-0.6776464374701027,0.49833296401701493,0.9755228165295533,0.0,0.0,-0.05522048237846753,0.9984741851074015
-0.6753328081210243,0.4980668045715862,0.9736446410347767,0.0,0.0,-0.05924503794243742,0.9982434700408509
-0.6730125135097733,0.49778098230153994,0.9717675060044454,0.0,0.0,-0.06323617833976611,0.9979985900536039
-0.6706855765367202,0.49747550849065003,0.9698914855446353,0.0,0.0,-0.0671936900890603,0.9977399500933173
-0.6683520201677934,0.49715039519849946,0.968016653717422,0.0,0.0,-0.07111738153151417,0.997467953392038
-0.6660118674342517,0.49680565526000414,0.9661430845379556,0.0,0.0,-0.0750070823347031,0.9971830010582987
-0.6636651414324584,0.49644130228490674,0.9642708519715393,0.0,0.0,-0.07886264298050347,0.9968854916900584
-0.6613118653236523,0.4960573506572389,0.9624000299307091,0.0,0.0,-0.08268393423914454,0.9965758210084854
-0.6589520623337168,0.4956538155347532,0.9605306922723151,0.0,0.0,-0.08647084663133144,0.9962543815125033
-0.6565857557529567,0.49523071284832565,0.9586629127946091,0.0,0.0,-0.09022328988029066,0.9959215621539563
-0.6542129689358612,0.49478805930132547,0.9567967652343244,0.0,0.0,-0.09394119235557119,0.9955777480331777
-0.651833725300879,0.494325872368957,0.9549323232637732,0.0,0.0,-0.09762450051028043,0.9952233201146956
-0.6494480483301841,0.49384417029756894,0.9530696604879311,0.0,0.0,-0.10127317831343796,0.9948586549627512
-0.6470559615694442,0.493342972103934,0.9512088504415349,0.0,0.0,-0.10488720667898756,0.9944841244962531
-0.6446574886275914,0.492822297574499,0.9493499665861799,0.0,0.0,-0.10846658289295835,0.994100095762758
-0.6422526531765839,0.4922821672646026,0.9474930823074168,0.0,0.0,-0.11201132004018918,0.9937069307310148
-0.6398414789511788,0.491722602497665,0.9456382709118591,0.0,0.0,-0.11552144643191008,0.9933049861015895
-0.6374239897486895,0.4911436253643443,0.9437856056242825,0.0,0.0,-0.11899700503545534,0.9928946131350455
-0.6350002094287606,0.4905452587216671,0.9419351595847419,0.0,0.0,-0.12243805290721847,0.9924761574971405
-0.6325701619131245,0.48992752619212354,0.9400870058456781,0.0,0.0,-0.12584466062997499,0.9920499591204699
-0.6301338711853693,0.4892904521627362,0.9382412173690359,0.0,0.0,-0.12921691175552877,0.9916163520819752
-0.6276913612907009,0.4886340617840969,0.9363978670233839,0.0,0.0,-0.13255490225362296,0.99117566449572
-0.6252426563357051,0.4879583809693738,0.9345570275810372,0.0,0.0,-0.1358587399679517,0.9907282184203295
-0.6227877804881126,0.4872634363932887,0.9327187717151857,0.0,0.0,-0.13912854408003705,0.990274329780475
-0.6203267579765562,0.4865492554910634,0.930883171997023,0.0,0.0,-0.1423644445816828,0.9898143083017888
-0.6178596130903347,0.48581586645733715,0.9290503008928829,0.0,0.0,-0.1455665817566138,0.9893484574585918
-0.6153863701791713,0.48506329824505295,0.9272202307613777,0.0,0.0,-0.14873510567187886,0.9888770744338119
-0.6129070536529764,0.48429158056431565,0.9253930338505436,0.0,0.0,-0.15187017567950253,0.9884004500904867
-0.6104216879816026,0.48350074388121766,0.9235687822949855,0.0,0.0,-0.1549719599288385,0.9879188689542346
-0.6079302976946056,0.4826908194166371,0.9217475481130312,0.0,0.0,-0.15804063488998402,0.9874326092061021
-0.6054329073810018,0.4818618391450051,0.9199294032038876,0.0,0.0,-0.16107638488859335,0.9869419426851923
-0.6029295416890246,0.481013835793043,0.9181144193448023,0.0,0.0,-0.1640794016523563,0.9864471349004997
-0.600420225325884,0.48014684283847164,0.9163026681882313,0.0,0.0,-0.1670498838693594,0.9859484450513796
-0.597904983057519,0.4792608945086881,0.9144942212590074,0.0,0.0,-0.16998803675851742,0.985446126056105
-0.5953838397083553,0.47835602577941544,0.9126891499515187,0.0,0.0,-0.17289407165218956,0.9849404245879684
-0.592856820161059,0.4774322723733215,0.9108875255268895,0.0,0.0,-0.17576820559108516,0.9844315811184087
-0.5903239493562945,0.47648967075860943,0.9090894191101678,0.0,0.0,-0.1786106609315002,0.9839198299666557
-0.5877852522924732,0.4755282581475769,0.9072949016875159,0.0,0.0,-0.18142166496491563,0.9834053993554022
-0.5852407540255103,0.47454807249514747,0.9055040441034088,0.0,0.0,-0.18420144954992537,0.9828885114720318
-0.5826904796685765,0.4735491524973724,0.9037169170578375,0.0,0.0,-0.18695025075645935,0.9823693825349491
-0.58013445439185,0.4725315375899027,0.9019335911035177,0.0,0.0,-0.18966830852222463,0.981848222864572
-0.5775727034222676,0.4714952679464323,0.9001541366431041,0.0,0.0,-0.19235586632126547,0.981325236958571
-0.5750052520432787,0.47044038447711284,0.8983786239264128,0.0,0.0,-0.19501317084451608,0.9808006235709518
-0.5724321255945912,0.4693669288269372,0.8966071230476451,0.0,0.0,-0.19764047169221408,0.9802745757945981
-0.5698533494719236,0.4682749433740961,0.8948397039426221,0.0,0.0,-0.20023802107799873,0.9797472811469125
-0.5672689491267564,0.467164471228306,0.8930764363860247,0.0,0.0,-0.20280607354452054,0.9792189216582035
-0.5646789500660772,0.46603555622910553,0.8913173899886364,0.0,0.0,-0.20534488569037548,0.978689673962491
-0.5620833778521308,0.4648882429441258,0.8895626341945968,0.0,0.0,-0.20785471590814217,0.9781597093904173
-0.5594822581021673,0.46372257666733085,0.8878122382786602,0.0,0.0,-0.2103358241333137,0.9776291940639661
-0.5568756164881878,0.4625386034172289,0.8860662713434596,0.0,0.0,-0.21278847160389153,0.9770982889927093
-0.554263478736694,0.4613363699350574,0.8843248023167811,0.0,0.0,-0.21521292063040037,0.9765671501713199
-0.5516458706284304,0.46011592368293525,0.8825878999488395,0.0,0.0,-0.21760943437608884,0.9760359286780989
-0.549022817998132,0.4588773128419907,0.880855632809566,0.0,0.0,-0.2199782766470516,0.9755047707742865
-0.5463943467342688,0.45762058631045865,0.879128069285901,0.0,0.0,-0.22231971169202847,0.9749738180039368
-0.5437604827787924,0.4563457937017513,0.8774052775790953,0.0,0.0,-0.22463400401161288,0.9744432072941506
-0.5411212521268759,0.45505298534249783,0.8756873257020148,0.0,0.0,-0.22692141817661848,0.973913071055478
-0.5384766808266604,0.45374221227055855,0.8739742814764584,0.0,0.0,-0.22918221865532673,0.9733835372823101
-0.535826794978997,0.45241352623300995,0.8722662125304785,0.0,0.0,-0.2314166696493618,0.972854729653096
-0.5331716207371885,0.4510669796841013,0.8705631862957122,0.0,0.0,-0.23362503493792497,0.9723267676302312
-0.530511184306734,0.4497026257831855,0.8688652700047201,0.0,0.0,-0.23580757773012107,0.9717997665594766
-0.5278455119450666,0.448320518392618,0.8671725306883297,0.0,0.0,-0.23796456052512513,0.9712738377687749
-0.525174629961296,0.446920712075632,0.8654850351729906,0.0,0.0,-0.24009624497991608,0.9707490886663476
-0.5224985647159486,0.4455032620941838,0.8638028500781358,0.0,0.0,-0.24220289178433002,0.9702256228379604
-0.5198173426207093,0.4440682244067722,0.8621260418135537,0.0,0.0,-0.24428476054317105,0.9697035401432573
-0.5171309901381572,0.4426156556662276,0.8604546765767626,0.0,0.0,-0.24634210966513798,0.9691829368110694
-0.5144395337815066,0.44114561321747675,0.8587888203504004,0.0,0.0,-0.24837519625830792,0.9686639055336208
-0.5117430001143446,0.43965815509527795,0.8571285388996182,0.0,0.0,-0.25038427603194313,0.9681465355595505
-0.5090414157503711,0.4381533400219317,0.8554738977694853,0.0,0.0,-0.252369603204375,0.9676309127856895
-0.5063348073531325,0.4366312274049601,0.8538249622824003,0.0,0.0,-0.25433143041674167,0.9671171198475261
-0.503623201635761,0.4350918773347629,0.8521817975355127,0.0,0.0,-0.25627000865233696,0.9666052362083145
-0.5009066253607102,0.4335353505822452,0.850544468398153,0.0,0.0,-0.25818558716135687,0.9660953382467725
-0.49818510533949134,0.43196170859641797,0.8489130395092721,0.0,0.0,-0.26007841339082177,0.9655874993433341
-0.49545866843240743,0.43037101350197177,0.8472875752748885,0.0,0.0,-0.26194873291946086,0.9650817899649176
-0.4927273415482916,0.42876332809682616,0.8456681398655481,0.0,0.0,-0.2637967893973492,0.9645782777481829
-0.48999115164423684,0.42713871584964774,0.8440547972137873,0.0,0.0,-0.2656228244901031,0.964077027581251
-0.48725012572533194,0.42549724089734575,0.8424476110116111,0.0,0.0,-0.26742707782742675,0.9635781016838666
-0.4845042908443978,0.4238389680425415,0.8408466447079798,0.0,0.0,-0.26920978695582476,0.9630815596859903
-0.48175367410171527,0.42216396275100754,0.839251961506301,0.0,0.0,-0.270971187295299,0.9625874587048058
-0.4789983026447611,0.42047229114908463,0.8376636243619373,0.0,0.0,-0.2727115120998421,0.962095853420135
-0.4762382036679394,0.41876402002107105,0.8360816959797195,0.0,0.0,-0.2744309924215596,0.9616067961482583
-0.4734734044123126,0.4170392168065859,0.8345062388114712,0.0,0.0,-0.2761298570782502,0.9611203369141376
-0.4707039321653324,0.4152979495979063,0.8329373150535436,0.0,0.0,-0.2778083326242827,0.9606365235220428
-0.4679298142605734,0.41354028713728097,0.8313749866443609,0.0,0.0,-0.27946664332460763,0.9601554016245895
-0.46515107807745854,0.4117662988142139,0.8298193152619733,0.0,0.0,-0.2811050111317613,0.9596770147901911
-0.46236775104099137,0.40997605466272596,0.8282703623216225,0.0,0.0,-0.2827236556657037,0.9592014045689367
-0.4595798606214876,0.40816962535859186,0.8267281889733197,0.0,0.0,-0.28432279419635614,0.9587286105569067
-0.4567874343342994,0.406347082216547,0.8251928560994272,0.0,0.0,-0.28590264162870277,0.9582586704589371
-0.4539904997395469,0.40450849718747384,0.8236644243122582,0.0,0.0,-0.2874634104903195,0.9577916201498499
-0.45118908444184536,0.4026539428555612,0.8221429539516825,0.0,0.0,-0.28900531092120796,0.9573274937341643
-0.44838321609003273,0.40078349243543865,0.8206285050827447,0.0,0.0,-0.29052855066581196,0.9568663236043072
-0.44557292237689694,0.398897219769286,0.819121137493293,0.0,0.0,-0.2920333350670985,0.9564081404973444
-0.44275823103890155,0.39699519932391775,0.8176209106916185,0.0,0.0,-0.2935198670625924,0.9559529735502464
-0.43993916985591536,0.3950775061878454,0.8161278839041072,0.0,0.0,-0.29498834718225414,0.95550085035372
-0.43711576665093327,0.3931442160683098,0.8146421160728999,0.0,0.0,-0.296438973548102,0.955051797004617
-0.43428804928980436,0.39119540528829394,0.8131636658535661,0.0,0.0,-0.29787194187547317,0.954605838156951
-0.4314560456809589,0.3892311507835117,0.8116925916127898,0.0,0.0,-0.2992874454758319,0.954162997071544
-0.42861978377512844,0.3872515300993671,0.8102289514260628,0.0,0.0,-0.3006856752610344,0.9537232956643221
-0.42577929156507294,0.3852566213878949,0.8087728030753933,0.0,0.0,-0.3020668197489603,0.9532867545532925
-0.42293459708530373,0.3832465034046753,0.807324204047025,0.0,0.0,-0.3034310650704277,0.9528533931042205
-0.4200857284118061,0.3812212555057239,0.8058832115291666,0.0,0.0,-0.30477859497731263,0.9524232294750351
-0.41723271366176534,0.379180957644361,0.8044498824097364,0.0,0.0,-0.3061095908517945,0.9519962806589883
-0.41437558099328436,0.3771256903680521,0.8030242732741132,0.0,0.0,-0.30742423171665806,0.9515725625265908
-0.41151435860510915,0.37505553481523013,0.8016064404029046,0.0,0.0,-0.3087226942465756,0.9511520898663555
-0.4086490747363488,0.37297057271209094,0.8001964397697244,0.0,0.0,-0.3100051527803091,0.9507348764243675
-0.4057797576661999,0.3708708863693696,0.798794327038984,0.0,0.0,-0.3112717793337617,0.950320934942714
-0.4029064357136628,0.3687565586790871,0.7974001575636928,0.0,0.0,-0.3125227436138264,0.9499102771967922
-0.4000291372372651,0.36662767311128025,0.7960139863832744,0.0,0.0,-0.3137582130329642,0.9495029140315269
-0.3971478906347803,0.36448431371070555,0.7946358682213932,0.0,0.0,-0.31497835272446334,0.9490988553965196
-0.39426272434295084,0.36232656509352323,0.7932658574837954,0.0,0.0,-0.3161833255583226,0.9486981103801566
-0.3913736668372024,0.36015451244395347,0.7919040082561586,0.0,0.0,-0.31737329215771326,0.9483006872426988
-0.38848074663136634,0.3579682415109158,0.7905503743019583,0.0,0.0,-0.3185484109159655,0.9479065934483805
-0.3855839922773969,0.355767838604643,0.7892050090603454,0.0,0.0,-0.31970883801403904,0.9475158356965403
-0.38268343236509034,0.35355339059327423,0.7878679656440359,0.0,0.0,-0.32085472743843285,0.9471284199518083
-0.37977909552180106,0.35132498489942454,0.7865392968372144,0.0,0.0,-0.32198623099949214,0.9467443514733752
-0.3768710104121628,0.3490827094967364,0.7852190550934507,0.0,0.0,-0.32310349835007335,0.946363634843364
-0.3739592057378007,0.3468266529064027,0.7839072925336281,0.0,0.0,-0.3242066770045346,0.9459862739943309
-0.3710437102370507,0.34455690419367396,0.7826040609438858,0.0,0.0,-0.32529591235800864,0.9456122722359153
-0.3681245526846778,0.3422735529643442,0.7813094117735764,0.0,0.0,-0.3263713477059306,0.9452416322806643
-0.3652017618915878,0.3399766893612096,0.780023396133232,0.0,0.0,-0.3274331242637892,0.9448743562690513
-0.3622753667045459,0.33766640406051235,0.7787460647925479,0.0,0.0,-0.3284813811870668,0.9445104457937122
-0.3593453960058911,0.3353427882683603,0.7774774681783784,0.0,0.0,-0.3295162555913447,0.9441499019229201
-0.3564118787132513,0.3330059337171262,0.7762176563727455,0.0,0.0,-0.33053788257254446,0.9437927252233188
-0.35347484377925703,0.33065593266182586,0.774966679110862,0.0,0.0,-0.3315463952272803,0.9434389157819366
-0.35053432019125913,0.32829287787647826,0.7737245857791689,0.0,0.0,-0.33254192467329835,0.9430884732275008
-0.34759033697103736,0.32591686265043956,0.7724914254133836,0.0,0.0,-0.33352460006998186,0.9427413967510702
-0.3446429231745167,0.32352798078472184,0.7712672466965655,0.0,0.0,-0.3344945486388983,0.9423976851260085
-0.34169210789148313,0.321126326588292,0.770052097957195,0.0,0.0,-0.33545189568436923,0.9420573367273157
-0.3387379202452914,0.3187119948743448,0.7688460271672632,0.0,0.0,-0.3363967646140459,0.9417203495503335
-0.33578038939258087,0.3162850809565623,0.7676490819403798,0.0,0.0,-0.3373292769594696,0.9413867212288484
-0.332819544522987,0.3138456806453505,0.7664613095298931,0.0,0.0,-0.3382495523966023,0.9410564490526051
-0.32985541485885345,0.31139389024405667,0.7652827568270237,0.0,0.0,-0.3391577087663099,0.9407295299842495
-0.3268880296549424,0.30892980654516705,0.7641134703590142,0.0,0.0,-0.340053862094786,0.9404059606757181
-0.3239174181981495,0.30645352682648824,0.7629534962872929,0.0,0.0,-0.34093812661389766,0.9400857374840903
-0.32094360980720976,0.30396514884730286,0.7618028804056495,0.0,0.0,-0.34181061478144736,0.9397688564869177
-0.3179666338324106,0.30146477084451195,0.7606616681384286,0.0,0.0,-0.34267143730133,0.93945531349705
-0.3149865196553046,0.2989524915287592,0.7595299045387369,0.0,0.0,-0.3435207031435805,0.9391451040769685
-0.31200329668841487,0.29642841008052956,0.7584076342866634,0.0,0.0,-0.3443585195642995,0.9388382235526437
-0.3090169943749476,0.2938926261462366,0.7572949016875158,0.0,0.0,-0.34518499212544523,0.9385346670269331
-0.3060276421885011,0.2913452398342883,0.7561917506700719,0.0,0.0,-0.3460002247144839,0.9382344293925301
-0.30303526963277455,0.2887863517111342,0.755098224784845,0.0,0.0,-0.3468043195638907,0.9379375053444802
-0.30003990624127697,0.286216062797296,0.7540143672023646,0.0,0.0,-0.34759737727049206,0.9376438893922763
-0.29704158157703503,0.28363447456337826,0.7529402207114717,0.0,0.0,-0.3483794968146421,0.9373535758715473
-0.2940403252323042,0.28104168892606546,0.7518758277176315,0.0,0.0,-0.349150775579226,0.9370665589553524
-0.2910361668282723,0.2784378082440943,0.7508212302412564,0.0,0.0,-0.34991130936848647,0.9367828326650907
-0.288029136014769,0.27582293531421487,0.7497764699160485,0.0,0.0,-0.35066119242666355,0.9365023908810433
-0.2850192624699761,0.27319717336713445,0.7487415879873575,0.0,0.0,-0.35140051745644446,0.9362252273525549
-0.2820065759001296,0.270560626063438,0.7477166253105494,0.0,0.0,-0.3521293756372202,0.9359513357078676
-0.2789911060392296,0.26791339748949855,0.7467016223493956,0.0,0.0,-0.3528478566431408,0.935680709463619
-0.2759728826487463,0.2652555921533674,0.7456966191744752,0.0,0.0,-0.3535560486609678,0.935413342034014
-0.2729519355173251,0.2625873149806477,0.7447016554615924,0.0,0.0,-0.35425403840772024,0.9351492267396799
-0.2699282944604964,0.2599086713103547,0.7437167704902115,0.0,0.0,-0.3549419111481078,0.9348883568162183
-0.26690198932037584,0.2572197668907534,0.7427420031419045,0.0,0.0,-0.35561975071175356,0.9346307254224581
-0.26387304996537336,0.254520707875186,0.7417773918988171,0.0,0.0,-0.35628763951019776,0.9343763256484249
-0.2608415062898967,0.2518116008178802,0.7408229748421493,0.0,0.0,-0.3569456585536844,0.9341251505230317
-0.25780738821405985,0.24909255266974534,0.739878789650653,0.0,0.0,-0.35759388746772575,0.9338771930215019
-0.2547707256833823,0.24636367077414587,0.7389448735991424,0.0,0.0,-0.35823240450944627,0.9336324460725326
-0.25173154866849745,0.2436250628626664,0.738021263557024,0.0,0.0,-0.35886128658370053,0.9333909025652066
-0.24868988716485446,0.2408768370508573,0.7371079959868408,0.0,0.0,-0.35948060925896685,0.933152555355662
-0.24564577119242623,0.2381191018339694,0.7362051069428331,0.0,0.0,-0.3600904467830126,0.9329173972735262
-0.24259923079540752,0.23535196608266631,0.735312632069514,0.0,0.0,-0.36069087209833456,0.9326854211281222
-0.2395502960419221,0.23257553903872938,0.7344306066002635,0.0,0.0,-0.361281956857369,0.9324566197144563
-0.23649899702372515,0.2297899303107443,0.7335590653559368,0.0,0.0,-0.3618637714374737,0.9322309858189909
-0.2334453638559052,0.22699524986977315,0.7326980427434897,0.0,0.0,-0.36243638495568076,0.9320085122252143
-0.23038942667659057,0.22419160804501606,0.731847572754621,0.0,0.0,-0.36299986528321987,0.931789191719009
-0.2273312156466466,0.2213791155194509,0.7310076889644294,0.0,0.0,-0.3635542790598132,0.931573017093829
-0.22427076094938153,0.21855788332546675,0.7301784245300889,0.0,0.0,-0.36409969170774004,0.9313599811556907
-0.2212080927902468,0.21572802284047915,0.729359812189539,0.0,0.0,-0.3646361674456729,0.9311500767279843
-0.21814324139654243,0.21288964578253616,0.7285518842601941,0.0,0.0,-0.3651637693022842,0.9309432966561111
-0.21507623701711343,0.21004286420590315,0.727754672637665,0.0,0.0,-0.36568255912962644,0.9307396338119523
-0.21200710992205488,0.20718779049664227,0.7269682087945014,0.0,0.0,-0.36619259761628314,0.9305390810981765
-0.20893589040241214,0.2043245373681749,0.7261925237789493,0.0,0.0,-0.36669394430029356,0.9303416314523891
-0.20586260876988194,0.2014532178568319,0.725427648213725,0.0,0.0,-0.3671866575818513,0.9301472778511305
-0.20278729535651244,0.19857394531739025,0.7246736122948056,0.0,0.0,-0.3676707947357776,0.9299560133137275
-0.19970998051440716,0.19568683341860132,0.7239304457902389,0.0,0.0,-0.36814641192376885,0.9297678309060035
-0.19663069461542038,0.19279199613869857,0.7231981780389657,0.0,0.0,-0.3686135642064241,0.9295827237438506
-0.1935494680508599,0.18988954776090022,0.7224768379496626,0.0,0.0,-0.36907230555504617,0.9294006849966717
-0.19046633123118972,0.18697960286890006,0.7217664539996016,0.0,0.0,-0.36952268886322354,0.9292217078906913
-0.18738131458572466,0.18406227634233902,0.7210670542335247,0.0,0.0,-0.369964765958193,0.9290457857121464
-0.18429444856233354,0.18113768335227307,0.7203786662625368,0.0,0.0,-0.3703985876119813,0.9288729118103559
-0.18120576362713778,0.17820593935662574,0.7197013172630164,0.0,0.0,-0.3708242035523306,0.9287030796006761
-0.17811529026421075,0.1752671600956301,0.7190350339755425,0.0,0.0,-0.371241662473407,0.9285362825673431
-0.17502305897527598,0.17232146158725845,0.7183798427038377,0.0,0.0,-0.37165101204629464,0.9283725142662103
-0.17192910027940966,0.1693689601226458,0.7177357693137324,0.0,0.0,-0.3720522989292749,0.9282117683273797
-0.16883344471273418,0.16640977226149362,0.7171028392321408,0.0,0.0,-0.37244556877789453,0.9280540384577347
-0.16573612282811934,0.1634440148274709,0.7164810774460585,0.0,0.0,-0.3728308662548226,0.9278993184433743
-0.16263716519488342,0.16047180490360458,0.7158705085015766,0.0,0.0,-0.3732082350394968,0.9277476021519557
-0.15953660239848633,0.15749325982765242,0.7152711565029116,0.0,0.0,-0.37357771783756355,0.9275988835349456
-0.15643446504023106,0.15450849718747392,0.714683045111454,0.0,0.0,-0.37393935639010967,0.9274531566297839
-0.15333078373696102,0.1515176348163874,0.7141061975448344,0.0,0.0,-0.3742931914826901,0.9273104155619639
-0.15022558912075765,0.14852079078851804,0.7135406365760072,0.0,0.0,-0.3746392629541507,0.9271706545470314
-0.14711891183863815,0.1455180834141367,0.712986384532351,0.0,0.0,-0.37497760970525007,0.9270338678925043
-0.14401078255225225,0.14250963123498817,0.7124434632947872,0.0,0.0,-0.3753082697070792,0.9269000499997172
-0.14090123193758294,0.13949555301961492,0.7119118942969171,0.0,0.0,-0.3756312800092819,0.9267691953655928
-0.13779029068463855,0.13647596775866308,0.7113916985241743,0.0,0.0,-0.3759466767480786,0.926641298584342
-0.1346779894971524,0.1334509946601876,0.710882896512997,0.0,0.0,-0.3762544951540915,0.926516354349096
-0.13156435909228248,0.13042075314494847,0.7103855083500178,0.0,0.0,-0.3765547695599756,0.9263943574534732
-0.12844943020030303,0.12738536284169127,0.7098995536712696,0.0,0.0,-0.37684753340785665,0.9262753027930812
-0.12533323356430462,0.12434494358242777,0.7094250516614107,0.0,0.0,-0.37713281925657494,0.9261591853669581
-0.12221579993988999,0.12129961539770426,0.7089620210529683,0.0,0.0,-0.37741065878874036,0.9260460002789542
-0.1190971600948696,0.11824949851186221,0.7085104801255978,0.0,0.0,-0.3776810828175952,0.9259357427390567
-0.11597734480896142,0.11519471333829535,0.708070446705362,0.0,0.0,-0.3779441212936913,0.9258284080646583
-0.11285638487348194,0.11213538047469085,0.7076419381640269,0.0,0.0,-0.3781998033113786,0.9257239916817724
-0.10973431109104571,0.10907162069827173,0.7072249714183758,0.0,0.0,-0.37844815711510804,0.9256224891261979
-0.10661115427525968,0.10600355496102709,0.706819562929542,0.0,0.0,-0.37868921010555145,0.9255238960446313
-0.10348694525042247,0.10293130438494062,0.7064257287023583,0.0,0.0,-0.3789229888455363,0.9254282081957332
-0.10036171485121503,0.09985499025720367,0.706043484284726,0.0,0.0,-0.3791495190658009,0.9253354214511469
-0.09723549392239968,0.09677473402543048,0.7056728447669998,0.0,0.0,-0.3793688256705662,0.9252455317964716
-0.09410831331851396,0.09369065729286198,0.7053138247813934,0.0,0.0,-0.379580932742931,0.9251585353321917
-0.09098020390356976,0.09060288181356853,0.7049664385014012,0.0,0.0,-0.37978586355008637,0.9250744282745659
-0.08785119655074321,0.08751152948763807,0.7046306996412384,0.0,0.0,-0.3799836405483545,0.924993206956472
-0.08472132214207367,0.08441672235636717,0.7043066214553007,0.0,0.0,-0.38017428538805004,0.9249148678282155
-0.08159061156815799,0.08131858259744223,0.7039942167376396,0.0,0.0,-0.38035781891816833,0.9248394074582968
-0.07845909572784557,0.07821723252011606,0.7036934978214588,0.0,0.0,-0.3805342611908971,0.9247668225341444
-0.07532680552793265,0.07511279456037846,0.7034044765786258,0.0,0.0,-0.3807036314659573,0.9246971098628093
-0.07219377188286073,0.07200539127612621,0.7031271644192048,0.0,0.0,-0.3808659482147705,0.9246302663716257
-0.06906002571440611,0.06889514534231936,0.7028615722910048,0.0,0.0,-0.38102122912445624,0.9245662891088385
-0.0659255979513775,0.06578217954614089,0.7026077106791481,0.0,0.0,-0.381169491101658,0.9245051752441967
-0.0627905195293132,0.06266661678215195,0.7023655896056566,0.0,0.0,-0.3813107502762008,0.9244469220695153
-0.05965482139017072,0.05954858004743489,0.7021352186290559,0.0,0.0,-0.3814450220045802,0.9243915269992067
-0.05651853448202474,0.05642819243674106,0.7019166068439975,0.0,0.0,-0.38157232087328286,0.9243389875707809
-0.053381689758760884,0.053305577137630365,0.7017097628809004,0.0,0.0,-0.3816926607019408,0.9242893014453175
-0.05024431817977016,0.05018085742560805,0.70151469490561,0.0,0.0,-0.38180605454631955,0.9242424664079079
-0.047106450709642575,0.04705415665925707,0.701331410619076,0.0,0.0,-0.3819125147011404,0.9241984803680706
-0.04396811831786501,0.043925598275371694,0.7011599172570483,0.0,0.0,-0.38201205270273775,0.924157341360139
-0.0408293519785103,0.040795305784079076,0.701000221589791,0.0,0.0,-0.38210467933155273,0.924119047543622
-0.03769018266993415,0.03766340276396597,0.7008523299218158,0.0,0.0,-0.38219040461446346,0.924083597203539
-0.03455064137447208,0.0345300128572027,0.7007162480916325,0.0,0.0,-0.38226923782695016,0.9240509887507304
-0.0314107590781283,0.03139525976465669,0.7005919814715185,0.0,0.0,-0.3823411874951011,0.9240212207221411
-0.028270566770273453,0.028259267241012465,0.7004795349673074,0.0,0.0,-0.38240626139745304,0.9239942917810817
-0.025130095443337875,0.025122159089885174,0.7003789130181948,0.0,0.0,-0.38246446656667266,0.9239702007174637
-0.0219893760925057,0.021984059158933044,0.7002901195965626,0.0,0.0,-0.3825158092910751,0.9239489464480133
-0.018848439715408075,0.01884509133496717,0.7002131582078233,0.0,0.0,-0.3825602951159822,0.9239305280164588
-0.01570731731182077,0.015705379539064243,0.7001480318902805,0.0,0.0,-0.3825979288449205,0.9239149445936985
-0.012566039883352897,0.01256504772166903,0.70009474321501,0.0,0.0,-0.3826287145406581,0.9239021954779431
-0.009424638433143603,0.009424219857703685,0.7000532942857574,0.0,0.0,-0.38265265552608235,0.9238922800948371
-0.006283143965558744,0.006283019941676096,0.7000236867388552,0.0,0.0,-0.3826697543849177,0.9238851979975577
-0.003141587485879552,0.003141571982779464,0.7000059217431589,0.0,0.0,-0.3826800129622828,0.9238809488668911
-1.8369701987210297e-16,1.8369701987210297e-16,0.7000000000000001,0.0,0.0,-0.3826834323650898,0.9238795325112866
0.003141587485879184,-0.003141571982779096,0.7000059217431589,0.0,0.0,-0.3826800129622829,0.923880948866891
0.006283143965558376,-0.0062830199416757295,0.7000236867388552,0.0,0.0,-0.3826697543849177,0.9238851979975577
0.009424638433143237,-0.009424219857703317,0.7000532942857572,0.0,0.0,-0.38265265552608235,0.9238922800948371
0.01256603988335253,-0.012565047721668662,0.70009474321501,0.0,0.0,-0.3826287145406581,0.9239021954779431
0.0157073173118204,-0.015705379539063875,0.7001480318902804,0.0,0.0,-0.3825979288449205,0.9239149445936985
0.018848439715407707,-0.018845091334966802,0.7002131582078233,0.0,0.0,-0.38256029511598233,0.9239305280164588
0.02198937609250533,-0.021984059158932676,0.7002901195965625,0.0,0.0,-0.3825158092910751,0.9239489464480133
0.025130095443337507,-0.025122159089884806,0.7003789130181948,0.0,0.0,-0.38246446656667266,0.9239702007174637
0.028270566770273085,-0.028259267241012097,0.7004795349673074,0.0,0.0,-0.38240626139745304,0.9239942917810817
0.03141075907812794,-0.03139525976465633,0.7005919814715185,0.0,0.0,-0.3823411874951011,0.9240212207221411
0.03455064137447172,-0.03453001285720235,0.7007162480916325,0.0,0.0,-0.38226923782695016,0.9240509887507304
0.03769018266993468,-0.0376634027639665,0.7008523299218159,0.0,0.0,-0.38219040461446335,0.924083597203539
0.04082935197850994,-0.04079530578407872,0.701000221589791,0.0,0.0,-0.3821046793315528,0.924119047543622
0.04396811831786465,-0.04392559827537134,0.7011599172570482,0.0,0.0,-0.3820120527027377,0.924157341360139
0.047106450709642214,-0.04705415665925671,0.701331410619076,0.0,0.0,-0.38191251470114046,0.9241984803680706
0.0502443181797698,-0.05018085742560769,0.70151469490561,0.0,0.0,-0.38180605454631955,0.9242424664079079
0.05338168975876052,-0.053305577137630004,0.7017097628809004,0.0,0.0,-0.3816926607019408,0.9242893014453175
0.05651853448202438,-0.0564281924367407,0.7019166068439975,0.0,0.0,-0.38157232087328297,0.9243389875707809
0.05965482139017036,-0.05954858004743453,0.7021352186290559,0.0,0.0,-0.3814450220045802,0.9243915269992067
0.06279051952931372,-0.06266661678215248,0.7023655896056568,0.0,0.0,-0.3813107502762008,0.9244469220695153
0.065925597951378,-0.0657821795461414,0.7026077106791482,0.0,0.0,-0.38116949110165793,0.9245051752441967
0.06906002571440575,-0.068895145342319,0.7028615722910048,0.0,0.0,-0.38102122912445624,0.9245662891088385
0.07219377188286037,-0.07200539127612586,0.7031271644192048,0.0,0.0,-0.38086594821477054,0.9246302663716257
0.07532680552793229,-0.0751127945603781,0.7034044765786258,0.0,0.0,-0.3807036314659573,0.9246971098628093
0.07845909572784521,-0.0782172325201157,0.7036934978214587,0.0,0.0,-0.38053426119089717,0.9247668225341444
0.08159061156815763,-0.08131858259744187,0.7039942167376396,0.0,0.0,-0.38035781891816833,0.9248394074582968
0.08472132214207331,-0.08441672235636681,0.7043066214553007,0.0,0.0,-0.38017428538805015,0.9249148678282154
0.08785119655074286,-0.08751152948763771,0.7046306996412384,0.0,0.0,-0.3799836405483545,0.924993206956472
0.09098020390357028,-0.09060288181356906,0.7049664385014012,0.0,0.0,-0.37978586355008637,0.9250744282745659
0.09410831331851449,-0.0936906572928625,0.7053138247813935,0.0,0.0,-0.379580932742931,0.9251585353321917
0.09723549392239932,-0.09677473402543012,0.7056728447669998,0.0,0.0,-0.37936882567056623,0.9252455317964715
0.10036171485121467,-0.0998549902572033,0.7060434842847259,0.0,0.0,-0.3791495190658008,0.925335421451147
0.10348694525042212,-0.10293130438494028,0.7064257287023583,0.0,0.0,-0.3789229888455363,0.9254282081957332
0.10661115427525931,-0.10600355496102674,0.7068195629295418,0.0,0.0,-0.37868921010555145,0.9255238960446313
0.10973431109104535,-0.10907162069827137,0.7072249714183758,0.0,0.0,-0.3784481571151081,0.9256224891261979
0.11285638487348158,-0.1121353804746905,0.7076419381640269,0.0,0.0,-0.37819980331137854,0.9257239916817724
0.11597734480896107,-0.11519471333829501,0.708070446705362,0.0,0.0,-0.3779441212936914,0.9258284080646582
0.11909716009487012,-0.11824949851186273,0.7085104801255979,0.0,0.0,-0.37768108281759516,0.9259357427390567
0.12221579993988964,-0.12129961539770391,0.7089620210529682,0.0,0.0,-0.3774106587887403,0.9260460002789542
0.12533323356430423,-0.1243449435824274,0.7094250516614107,0.0,0.0,-0.37713281925657505,0.9261591853669581
0.12844943020030264,-0.12738536284169089,0.7098995536712693,0.0,0.0,-0.3768475334078566,0.9262753027930812
0.1315643590922821,-0.13042075314494808,0.7103855083500177,0.0,0.0,-0.37655476955997563,0.9263943574534732
0.134677989497152,-0.13345099466018723,0.710882896512997,0.0,0.0,-0.37625449515409154,0.926516354349096
0.13779029068463816,-0.13647596775866272,0.7113916985241742,0.0,0.0,-0.37594667674807863,0.9266412985843419
0.14090123193758256,-0.13949555301961455,0.711911894296917,0.0,0.0,-0.375631280009282,0.9267691953655928
0.14401078255225186,-0.1425096312349878,0.7124434632947871,0.0,0.0,-0.37530826970707915,0.9269000499997172
0.14711891183863776,-0.1455180834141363,0.712986384532351,0.0,0.0,-0.37497760970525007,0.9270338678925043
0.15022558912075726,-0.14852079078851765,0.7135406365760071,0.0,0.0,-0.37463926295415073,0.9271706545470313
0.15333078373696063,-0.151517634816387,0.7141061975448344,0.0,0.0,-0.3742931914826901,0.9273104155619639
0.15643446504023067,-0.15450849718747353,0.7146830451114539,0.0,0.0,-0.3739393563901097,0.9274531566297839
0.15953660239848594,-0.15749325982765205,0.7152711565029115,0.0,0.0,-0.3735777178375636,0.9275988835349456
0.16263716519488303,-0.16047180490360421,0.7158705085015766,0.0,0.0,-0.3732082350394969,0.9277476021519557
0.16573612282811895,-0.1634440148274705,0.7164810774460584,0.0,0.0,-0.37283086625482265,0.9278993184433743
0.1688334447127338,-0.16640977226149326,0.7171028392321406,0.0,0.0,-0.37244556877789464,0.9280540384577346
0.17192910027940927,-0.16936896012264543,0.7177357693137323,0.0,0.0,-0.3720522989292749,0.9282117683273797
0.1750230589752756,-0.17232146158725808,0.7183798427038377,0.0,0.0,-0.3716510120462947,0.9283725142662103
0.17811529026421036,-0.17526716009562973,0.7190350339755424,0.0,0.0,-0.371241662473407,0.9285362825673431
0.1812057636271374,-0.17820593935662538,0.7197013172630164,0.0,0.0,-0.3708242035523306,0.9287030796006761
0.18429444856233315,-0.18113768335227268,0.7203786662625367,0.0,0.0,-0.3703985876119813,0.9288729118103559
0.18738131458572427,-0.18406227634233865,0.7210670542335245,0.0,0.0,-0.369964765958193,0.9290457857121464
0.19046633123118933,-0.1869796028688997,0.7217664539996015,0.0,0.0,-0.3695226888632236,0.9292217078906913
0.1935494680508604,-0.18988954776090067,0.7224768379496627,0.0,0.0,-0.36907230555504605,0.9294006849966717
0.19663069461542002,-0.1927919961386982,0.7231981780389656,0.0,0.0,-0.36861356420642416,0.9295827237438506
0.19970998051440678,-0.19568683341860096,0.7239304457902389,0.0,0.0,-0.36814641192376896,0.9297678309060033
0.20278729535651205,-0.1985739453173899,0.7246736122948056,0.0,0.0,-0.36767079473577763,0.9299560133137275
0.20586260876988158,-0.20145321785683154,0.7254276482137247,0.0,0.0,-0.3671866575818514,0.9301472778511305
0.20893589040241176,-0.20432453736817455,0.7261925237789493,0.0,0.0,-0.36669394430029356,0.9303416314523891
0.21200710992205452,-0.20718779049664193,0.7269682087945013,0.0,0.0,-0.36619259761628314,0.9305390810981765
0.21507623701711306,-0.2100428642059028,0.7277546726376649,0.0,0.0,-0.3656825591296265,0.9307396338119522
0.2181432413965429,-0.21288964578253664,0.7285518842601943,0.0,0.0,-0.3651637693022841,0.9309432966561111
0.22120809279024728,-0.21572802284047962,0.7293598121895393,0.0,0.0,-0.3646361674456728,0.9311500767279843
0.22427076094938117,-0.21855788332546638,0.7301784245300887,0.0,0.0,-0.36409969170774015,0.9313599811556907
0.2273312156466462,-0.22137911551945053,0.7310076889644292,0.0,0.0,-0.36355427905981325,0.931573017093829
0.23038942667659018,-0.22419160804501573,0.7318475727546208,0.0,0.0,-0.3629998652832199,0.931789191719009
0.2334453638559048,-0.22699524986977282,0.7326980427434895,0.0,0.0,-0.3624363849556808,0.9320085122252143
0.23649899702372476,-0.22978993031074396,0.7335590653559367,0.0,0.0,-0.3618637714374738,0.9322309858189909
0.23955029604192174,-0.23257553903872902,0.7344306066002635,0.0,0.0,-0.36128195685736914,0.9324566197144563
0.24259923079540713,-0.23535196608266595,0.735312632069514,0.0,0.0,-0.36069087209833467,0.9326854211281221
0.2456457711924267,-0.23811910183396984,0.7362051069428333,0.0,0.0,-0.36009044678301244,0.9329173972735262
0.248689887164855,-0.24087683705085777,0.737107995986841,0.0,0.0,-0.3594806092589667,0.9331525553556621
0.2517315486684971,-0.2436250628626661,0.738021263557024,0.0,0.0,-0.35886128658370053,0.9333909025652066
0.254770725683382,-0.24636367077414556,0.7389448735991423,0.0,0.0,-0.3582324045094463,0.9336324460725325
0.2578073882140595,-0.24909255266974503,0.7398787896506529,0.0,0.0,-0.35759388746772575,0.9338771930215019
0.2608415062898964,-0.25181160081787984,0.7408229748421492,0.0,0.0,-0.3569456585536845,0.9341251505230316
0.26387304996537303,-0.2545207078751857,0.741777391898817,0.0,0.0,-0.3562876395101979,0.9343763256484249
0.2669019893203755,-0.2572197668907531,0.7427420031419043,0.0,0.0,-0.3556197507117536,0.9346307254224581
0.2699282944604961,-0.25990867131035444,0.7437167704902113,0.0,0.0,-0.35494191114810786,0.9348883568162183
0.27295193551732566,-0.26258731498064813,0.7447016554615926,0.0,0.0,-0.35425403840772,0.9351492267396802
0.275972882648746,-0.26525559215336714,0.7456966191744752,0.0,0.0,-0.35355604866096785,0.9354133420340139
0.2789911060392293,-0.2679133974894983,0.7467016223493954,0.0,0.0,-0.35284785664314083,0.935680709463619
0.2820065759001293,-0.2705606260634377,0.7477166253105492,0.0,0.0,-0.3521293756372203,0.9359513357078676
0.2850192624699758,-0.27319717336713417,0.7487415879873573,0.0,0.0,-0.35140051745644457,0.9362252273525548
0.28802913601476865,-0.2758229353142146,0.7497764699160485,0.0,0.0,-0.3506611924266636,0.9365023908810433
0.291036166828272,-0.27843780824409403,0.7508212302412562,0.0,0.0,-0.3499113093684865,0.9367828326650907
0.29404032523230395,-0.2810416889260652,0.7518758277176314,0.0,0.0,-0.3491507755792261,0.9370665589553524
0.2970415815770347,-0.283634474563378,0.7529402207114717,0.0,0.0,-0.3483794968146422,0.9373535758715473
0.3000399062412767,-0.2862160627972957,0.7540143672023645,0.0,0.0,-0.3475973772704921,0.9376438893922763
0.3030352696327742,-0.2887863517111339,0.7550982247848449,0.0,0.0,-0.3468043195638908,0.9379375053444801
0.30602764218850076,-0.291345239834288,0.7561917506700718,0.0,0.0,-0.34600022471448394,0.9382344293925301
0.3090169943749473,-0.2938926261462364,0.7572949016875157,0.0,0.0,-0.3451849921254454,0.9385346670269331
0.31200329668841453,-0.2964284100805293,0.7584076342866632,0.0,0.0,-0.3443585195642997,0.9388382235526437
0.3149865196553043,-0.29895249152875897,0.7595299045387368,0.0,0.0,-0.3435207031435806,0.9391451040769685
0.3179666338324111,-0.3014647708445124,0.7606616681384287,0.0,0.0,-0.3426714373013298,0.9394553134970501
0.3209436098072095,-0.3039651488473026,0.7618028804056494,0.0,0.0,-0.3418106147814474,0.9397688564869177
0.32391741819814923,-0.306453526826488,0.7629534962872928,0.0,0.0,-0.34093812661389783,0.9400857374840902
0.3268880296549429,-0.3089298065451675,0.7641134703590144,0.0,0.0,-0.3400538620947858,0.9404059606757182
0.3298554148588531,-0.3113938902440564,0.7652827568270236,0.0,0.0,-0.33915770876631,0.9407295299842494
0.3328195445229859,-0.31384568064534957,0.7664613095298927,0.0,0.0,-0.33824955239660265,0.9410564490526049
0.33578038939258054,-0.3162850809565621,0.7676490819403797,0.0,0.0,-0.33732927695946974,0.9413867212288483
0.3387379202452919,-0.31871199487434526,0.7688460271672635,0.0,0.0,-0.3363967646140458,0.9417203495503335
0.34169210789148285,-0.32112632658829177,0.7700520979571948,0.0,0.0,-0.3354518956843694,0.9420573367273156
0.3446429231745172,-0.3235279807847222,0.7712672466965657,0.0,0.0,-0.3344945486388982,0.9423976851260087
0.34759033697103786,-0.32591686265044,0.7724914254133838,0.0,0.0,-0.3335246000699817,0.9427413967510703
0.3505343201912588,-0.32829287787647804,0.7737245857791687,0.0,0.0,-0.3325419246732984,0.9430884732275008
0.35347484377925675,-0.3306559326618256,0.7749666791108619,0.0,0.0,-0.3315463952272804,0.9434389157819366
0.356411878713251,-0.333005933717126,0.7762176563727454,0.0,0.0,-0.3305378825725446,0.9437927252233187
0.35934539600589077,-0.33534278826836006,0.7774774681783783,0.0,0.0,-0.3295162555913449,0.94414990192292
0.3622753667045456,-0.3376664040605121,0.7787460647925477,0.0,0.0,-0.328481381187067,0.9445104457937121
0.3652017618915867,-0.3399766893612087,0.7800233961332315,0.0,0.0,-0.32743312426378973,0.9448743562690511
0.3681245526846783,-0.3422735529643446,0.7813094117735766,0.0,0.0,-0.32637134770593046,0.9452416322806643
0.3710437102370512,-0.34455690419367435,0.782604060943886,0.0,0.0,-0.3252959123580085,0.9456122722359154
0.3739592057377996,-0.34682665290640186,0.7839072925336276,0.0,0.0,-0.324206677004535,0.9459862739943308
0.3768710104121625,-0.3490827094967362,0.7852190550934505,0.0,0.0,-0.32310349835007346,0.946363634843364
0.37977909552180156,-0.35132498489942493,0.7865392968372146,0.0,0.0,-0.3219862309994919,0.9467443514733752
0.38268343236509006,-0.35355339059327395,0.7878679656440358,0.0,0.0,-0.320854727438433,0.9471284199518083
0.3855839922773958,-0.3557678386046421,0.7892050090603449,0.0,0.0,-0.31970883801403954,0.9475158356965401
0.388480746631366,-0.3579682415109155,0.7905503743019582,0.0,0.0,-0.31854841091596553,0.9479065934483805
0.391373666837203,-0.36015451244395386,0.7919040082561587,0.0,0.0,-0.31737329215771304,0.9483006872426989
0.39426272434295057,-0.362326565093523,0.7932658574837952,0.0,0.0,-0.31618332555832274,0.9486981103801566
0.3971478906347808,-0.36448431371070594,0.7946358682213934,0.0,0.0,-0.3149783527244631,0.9490988553965197
0.4000291372372656,-0.36662767311128064,0.7960139863832746,0.0,0.0,-0.3137582130329639,0.949502914031527
0.40290643571366247,-0.36875655867908685,0.7974001575636925,0.0,0.0,-0.31252274361382665,0.9499102771967922
0.4057797576661996,-0.3708708863693694,0.7987943270389838,0.0,0.0,-0.31127177933376193,0.950320934942714
0.4086490747363485,-0.3729705727120907,0.8001964397697242,0.0,0.0,-0.31000515278030927,0.9507348764243674
0.4115143586051089,-0.37505553481522985,0.8016064404029045,0.0,0.0,-0.30872269424657584,0.9511520898663554
0.41437558099328403,-0.3771256903680519,0.8030242732741131,0.0,0.0,-0.3074242317166581,0.9515725625265908
0.417232713661765,-0.37918095764436077,0.8044498824097362,0.0,0.0,-0.3061095908517947,0.9519962806589881
0.4200857284118066,-0.3812212555057242,0.8058832115291669,0.0,0.0,-0.3047785949773124,0.9524232294750352
0.42293459708530345,-0.3832465034046751,0.8073242040470248,0.0,0.0,-0.30343106507042783,0.9528533931042203
0.4257792915650718,-0.3852566213878941,0.8087728030753927,0.0,0.0,-0.302066819748961,0.9532867545532923
0.42861978377512816,-0.38725153009936686,0.8102289514260625,0.0,0.0,-0.3006856752610346,0.9537232956643221
0.4314560456809594,-0.38923115078351206,0.8116925916127901,0.0,0.0,-0.29928744547583164,0.9541629970715441
0.4342880492898041,-0.3911954052882938,0.8131636658535659,0.0,0.0,-0.29787194187547344,0.9546058381569509
0.4371157666509322,-0.393144216068309,0.8146421160728994,0.0,0.0,-0.2964389735481026,0.9550517970046166
0.43993916985591586,-0.3950775061878457,0.8161278839041074,0.0,0.0,-0.2949883471822539,0.9555008503537201
0.4427582310389013,-0.3969951993239175,0.8176209106916182,0.0,0.0,-0.29351986706259264,0.9559529735502464
0.44557292237689583,-0.39889721976928527,0.8191211374932924,0.0,0.0,-0.29203333506709905,0.9564081404973441
0.4483832160900324,-0.4007834924354385,0.8206285050827444,0.0,0.0,-0.2905285506658121,0.9568663236043072
0.451189084441845,-0.40265394285556105,0.8221429539516822,0.0,0.0,-0.2890053109212081,0.9573274937341641
0.4539904997395466,-0.40450849718747367,0.823664424312258,0.0,0.0,-0.28746341049031965,0.9577916201498498
0.45678743433429914,-0.4063470822165468,0.825192856099427,0.0,0.0,-0.28590264162870294,0.9582586704589371
0.4595798606214873,-0.4081696253585917,0.8267281889733195,0.0,0.0,-0.2843227941963563,0.9587286105569066
0.46236775104099187,-0.4099760546627263,0.8282703623216228,0.0,0.0,-0.2827236556657034,0.9592014045689367
0.46515107807745826,-0.4117662988142137,0.8298193152619731,0.0,0.0,-0.2811050111317614,0.9596770147901911
0.4679298142605731,-0.4135402871372808,0.8313749866443607,0.0,0.0,-0.27946664332460786,0.9601554016245895
0.4707039321653329,-0.41529794959790656,0.8329373150535438,0.0,0.0,-0.27780833262428245,0.9606365235220429
0.4734734044123123,-0.41703921680658573,0.834506238811471,0.0,0.0,-0.27612985707825044,0.9611203369141376
0.47623820366793834,-0.4187640200210704,0.8360816959797188,0.0,0.0,-0.2744309924215602,0.9616067961482582
0.47899830264476084,-0.42047229114908447,0.8376636243619372,0.0,0.0,-0.2727115120998423,0.9620958534201349
0.48175367410171566,-0.4221639627510078,0.8392519615063013,0.0,0.0,-0.2709711872952986,0.962587458704806
0.4845042908443974,-0.4238389680425413,0.8408466447079795,0.0,0.0,-0.269209786955825,0.9630815596859902
0.48725012572533233,-0.425497240897346,0.8424476110116114,0.0,0.0,-0.2674270778274266,0.9635781016838666
0.48999115164423723,-0.42713871584964797,0.8440547972137876,0.0,0.0,-0.2656228244901028,0.964077027581251
0.49272734154829123,-0.42876332809682594,0.8456681398655479,0.0,0.0,-0.26379678939734935,0.9645782777481829
0.49545866843240705,-0.43037101350197154,0.8472875752748884,0.0,0.0,-0.2619487329194611,0.9650817899649176
0.49818510533949095,-0.43196170859641775,0.8489130395092719,0.0,0.0,-0.26007841339082194,0.965587499343334
0.5009066253607098,-0.433535350582245,0.8505444683981528,0.0,0.0,-0.2581855871613571,0.9660953382467724
0.5036232016357606,-0.4350918773347627,0.8521817975355125,0.0,0.0,-0.2562700086523372,0.9666052362083144
0.5063348073531314,-0.4366312274049594,0.8538249622823997,0.0,0.0,-0.25433143041674255,0.967117119847526
0.5090414157503715,-0.4381533400219319,0.8554738977694856,0.0,0.0,-0.2523696032043746,0.9676309127856896
0.5117430001143449,-0.4396581550952781,0.8571285388996184,0.0,0.0,-0.25038427603194274,0.9681465355595507
0.5144395337815055,-0.44114561321747614,0.8587888203503997,0.0,0.0,-0.24837519625830878,0.9686639055336205
0.5171309901381569,-0.4426156556662274,0.8604546765767623,0.0,0.0,-0.24634210966513823,0.9691829368110694
0.5198173426207098,-0.4440682244067724,0.8621260418135539,0.0,0.0,-0.24428476054317075,0.9697035401432574
0.5224985647159482,-0.44550326209418356,0.8638028500781356,0.0,0.0,-0.2422028917843303,0.9702256228379604
0.5251746299612948,-0.44692071207563144,0.8654850351729899,0.0,0.0,-0.24009624497991697,0.9707490886663475
0.5278455119450661,-0.4483205183926178,0.8671725306883294,0.0,0.0,-0.23796456052512538,0.9712738377687747
0.5305111843067344,-0.44970262578318565,0.8688652700047204,0.0,0.0,-0.2358075777301207,0.9717997665594766
0.533171620737188,-0.4510669796841011,0.8705631862957119,0.0,0.0,-0.23362503493792527,0.9723267676302312
0.5358267949789967,-0.45241352623300973,0.8722662125304783,0.0,0.0,-0.23141666964936208,0.9728547296530958
0.5384766808266608,-0.4537422122705588,0.8739742814764586,0.0,0.0,-0.22918221865532634,0.9733835372823102
0.5411212521268756,-0.45505298534249766,0.8756873257020146,0.0,0.0,-0.22692141817661882,0.9739130710554779
0.543760482778792,-0.45634579370175116,0.877405277579095,0.0,0.0,-0.2246340040116132,0.9744432072941506
0.5463943467342685,-0.45762058631045843,0.8791280692859008,0.0,0.0,-0.22231971169202874,0.9749738180039367
0.5490228179981317,-0.4588773128419905,0.8808556328095658,0.0,0.0,-0.21997827664705188,0.9755047707742865
0.55164587062843,-0.4601159236829351,0.8825878999488392,0.0,0.0,-0.2176094343760892,0.9760359286780989
0.5542634787366937,-0.4613363699350572,0.8843248023167808,0.0,0.0,-0.21521292063040076,0.9765671501713198
0.5568756164881882,-0.46253860341722913,0.8860662713434598,0.0,0.0,-0.2127884716038912,0.9770982889927093
0.559482258102167,-0.4637225766673307,0.88781223827866,0.0,0.0,-0.21033582413331398,0.977629194063966
0.5620833778521297,-0.4648882429441253,0.8895626341945961,0.0,0.0,-0.20785471590814322,0.9781597093904172
0.5646789500660767,-0.46603555622910536,0.8913173899886362,0.0,0.0,-0.20534488569037582,0.9786896739624908
0.5672689491267567,-0.4671644712283062,0.8930764363860251,0.0,0.0,-0.20280607354452018,0.9792189216582035
0.5698533494719231,-0.4682749433740959,0.8948397039426219,0.0,0.0,-0.200238021077999,0.9797472811469125
0.5724321255945901,-0.46936692882693676,0.8966071230476444,0.0,0.0,-0.19764047169221513,0.9802745757945979
0.5750052520432791,-0.470440384477113,0.898378623926413,0.0,0.0,-0.1950131708445156,0.9808006235709518
0.5775727034222672,-0.47149526794643215,0.9001541366431038,0.0,0.0,-0.19235586632126586,0.981325236958571
0.5801344543918489,-0.47253153758990224,0.9019335911035169,0.0,0.0,-0.1896683085222258,0.9818482228645717
0.5826904796685761,-0.4735491524973722,0.9037169170578372,0.0,0.0,-0.18695025075645963,0.982369382534949
0.58524075402551,-0.47454807249514736,0.9055040441034086,0.0,0.0,-0.18420144954992568,0.9828885114720317
0.5877852522924728,-0.47552825814757677,0.9072949016875156,0.0,0.0,-0.18142166496491602,0.983405399355402
0.5903239493562941,-0.4764896707586094,0.9090894191101675,0.0,0.0,-0.17861066093150058,0.9839198299666556
0.5928568201610587,-0.47743227237332136,0.9108875255268891,0.0,0.0,-0.17576820559108555,0.9844315811184086
0.5953838397083548,-0.47835602577941533,0.9126891499515185,0.0,0.0,-0.17289407165218992,0.9849404245879684
0.5979049830575187,-0.479260894508688,0.914494221259007,0.0,0.0,-0.16998803675851773,0.985446126056105
0.6004202253258837,-0.48014684283847153,0.916302668188231,0.0,0.0,-0.1670498838693598,0.9859484450513796
0.6029295416890249,-0.48101383579304313,0.9181144193448026,0.0,0.0,-0.1640794016523558,0.9864471349004997
0.6054329073810014,-0.48186183914500497,0.9199294032038874,0.0,0.0,-0.1610763848885937,0.9869419426851924
0.6079302976946046,-0.4826908194166368,0.9217475481130304,0.0,0.0,-0.15804063488998527,0.9874326092061019
0.6104216879816022,-0.48350074388121755,0.9235687822949852,0.0,0.0,-0.15497195992883891,0.9879188689542346
0.6129070536529768,-0.48429158056431576,0.9253930338505438,0.0,0.0,-0.15187017567950206,0.9884004500904868
0.615386370179171,-0.48506329824505284,0.9272202307613774,0.0,0.0,-0.1487351056718792,0.9888770744338119
0.6178596130903343,-0.48581586645733704,0.9290503008928827,0.0,0.0,-0.14556658175661416,0.9893484574585917
0.6203267579765566,-0.4865492554910635,0.9308831719970233,0.0,0.0,-0.14236444458168224,0.989814308301789
0.6227877804881122,-0.48726343639328856,0.9327187717151855,0.0,0.0,-0.13912854408003741,0.9902743297804749
0.6252426563357047,-0.48795838096937366,0.9345570275810369,0.0,0.0,-0.13585873996795209,0.9907282184203294
0.6276913612907006,-0.4886340617840968,0.9363978670233837,0.0,0.0,-0.13255490225362335,0.99117566449572
0.630133871185369,-0.4892904521627361,0.9382412173690355,0.0,0.0,-0.12921691175552916,0.9916163520819751
0.6325701619131242,-0.48992752619212343,0.9400870058456777,0.0,0.0,-0.1258446606299754,0.9920499591204699
0.6350002094287596,-0.4905452587216668,0.9419351595847412,0.0,0.0,-0.12243805290721985,0.9924761574971404
0.6374239897486899,-0.4911436253643444,0.9437856056242828,0.0,0.0,-0.11899700503545475,0.9928946131350455
0.6398414789511785,-0.49172260249766486,0.9456382709118588,0.0,0.0,-0.11552144643191048,0.9933049861015895
0.6422526531765835,-0.4922821672646025,0.9474930823074166,0.0,0.0,-0.11201132004018963,0.9937069307310148
0.6446574886275911,-0.49282229757449897,0.9493499665861796,0.0,0.0,-0.10846658289295875,0.9941000957627579
0.6470559615694446,-0.4933429721039341,0.9512088504415351,0.0,0.0,-0.10488720667898696,0.9944841244962532
0.6494480483301838,-0.4938441702975689,0.9530696604879308,0.0,0.0,-0.10127317831343839,0.994858654962751
0.651833725300878,-0.4943258723689568,0.9549323232637723,0.0,0.0,-0.0976245005102819,0.9952233201146954
0.6542129689358609,-0.4947880593013254,0.9567967652343242,0.0,0.0,-0.0939411923555716,0.9955777480331777
0.6565857557529567,-0.49523071284832565,0.9586629127946089,0.0,0.0,-0.09022328988029056,0.9959215621539563
0.6589520623337165,-0.4956538155347532,0.9605306922723149,0.0,0.0,-0.08647084663133188,0.9962543815125033
0.6613118653236519,-0.4960573506572388,0.9624000299307088,0.0,0.0,-0.08268393423914498,0.9965758210084854
0.663665141432459,-0.49644130228490685,0.9642708519715395,0.0,0.0,-0.07886264298050231,0.9968854916900586
0.6660118674342514,-0.49680565526000414,0.9661430845379553,0.0,0.0,-0.07500708233470356,0.9971830010582986
0.6683520201677927,-0.49715039519849935,0.9680166537174217,0.0,0.0,-0.07111738153151516,0.997467953392038
0.6706855765367196,-0.49747550849065,0.9698914855446351,0.0,0.0,-0.0671936900890613,0.9977399500933172
0.6730125135097733,-0.49778098230153994,0.9717675060044457,0.0,0.0,-0.063236178339766,0.9979985900536039
0.6753328081210243,-0.4980668045715862,0.973644641034777,0.0,0.0,-0.05924503794243732,0.9982434700408509
0.677646437470102,-0.4983329640170149,0.9755228165295525,0.0,0.0,-0.05522048237846858,0.9984741851074015
0.6799533787224195,-0.498579450130307,0.9774019583416204,0.0,0.0,-0.051162747430120156,0.9986903290186613
0.6822536091093966,-0.4988062531806126,0.9792819922856784,0.0,0.0,-0.04707209163876203,0.9988914947023787
0.684547105928688,-0.4990133642141357,0.9811628441412055,0.0,0.0,-0.04294879674091185,0.9990772747182813
0.686833846544408,-0.49920077505448757,0.9830444396553925,0.0,0.0,-0.03879316807988954,0.9992472617477247
0.6891138083873488,-0.49936847830300884,0.9849267045460693,0.0,0.0,-0.034605534990873495,0.9994010491029093
0.6913869689552059,-0.49951646733906235,0.9868095645046402,0.0,0.0,-0.03038625115709071,0.9995382312551224
0.6936533058128044,-0.4996447363202947,0.9886929451990192,0.0,0.0,-0.026135694934905557,0.9996584043813517
0.6959127965923149,-0.4997532801828659,0.9905767722765619,0.0,0.0,-0.021854269645571217,0.9997611669285115
0.6981654189934725,-0.4998420946416501,0.9924609713669985,0.0,0.0,-0.01754240383138949,0.9998461201944111
0.700411150783806,-0.4999111761904046,0.9943454680853773,0.0,0.0,-0.013200551474045806,0.9999128689244785
0.7026499697988493,-0.4999605221019081,0.9962301880349943,0.0,0.0,-0.008829192173001358,0.999961021923141
0.7048818539423615,-0.49999013042806856,0.9981150568103323,0.0,0.0,-0.004428831281765243,0.9999901926786471
0.7071067811865474,-0.49999999999999994,0.9999999999999999,0.0,0.0,-3.0308461968242254e-16,1.0
0.7093247295722737,-0.49999013042806856,1.0018849431896675,0.0,0.0,0.004456744580504608,0.9999900686645564
0.7115356772092849,-0.49996052210190817,1.0037698119650054,0.0,0.0,0.008940819477902335,0.9999600300747346
0.7137396022764214,-0.4999111761904046,1.0056545319146224,0.0,0.0,0.013451615872170588,0.9999095229221631
0.7159364830218311,-0.4998420946416501,1.0075390286330013,0.0,0.0,0.01798849920846324,0.9998381938575
0.7181262977631886,-0.4997532801828659,1.0094232277234383,0.0,0.0,0.022550809353470737,0.99974569816404
0.7203090248879072,-0.49964473632029466,1.0113070548009806,0.0,0.0,0.027137860806135526,0.9996317004331481
0.72248464285335,-0.4995164673390624,1.0131904354953596,0.0,0.0,0.031748942963937626,0.9994958752394494
0.7246531301870461,-0.4993684783030089,1.0150732954539303,0.0,0.0,0.0363833204457844,0.9993379078136382
0.7268144654869028,-0.49920077505448757,1.0169555603446072,0.0,0.0,0.04104023347231953,0.9991574947106876
0.7289686274214119,-0.4990133642141358,1.0188371558587943,0.0,0.0,0.04571889830426797,0.9989543444711797
0.7311155947298638,-0.4988062531806126,1.0207180077143214,0.0,0.0,0.05041850773925204,0.9987281782734215
0.7332553462225602,-0.49857945013030697,1.0225980416583798,0.0,0.0,0.055138231667240266,0.9984787305739716
0.7353878607810165,-0.4983329640170148,1.0244771834704478,0.0,0.0,0.05987721768454224,0.9982057497341708
0.7375131173581738,-0.49806680457158625,1.0263553589652228,0.0,0.0,0.06463459176608916,0.9979089986302514
0.7396310949786095,-0.49778098230154,1.028232493995554,0.0,0.0,0.0694094589954133,0.9975882552445994
0.7417417727387394,-0.49747550849065,1.0301085144553646,0.0,0.0,0.07420090435148918,0.9972433132357524
0.7438451298070251,-0.4971503951984994,1.031983346282578,0.0,0.0,0.07900799355138188,0.9968739824847395
0.7459411454241821,-0.49680565526000414,1.0338569154620443,0.0,0.0,0.0838297739473474,0.9964800896154105
0.7480297989033817,-0.4964413022849069,1.03572914802846,0.0,0.0,0.08866527547675271,0.9960614784864594
0.7501110696304598,-0.49605735065723877,1.0375999700692915,0.0,0.0,0.09351351166296772,0.9956180106529109
0.7521849370641116,-0.4956538155347532,1.0394693077276849,0.0,0.0,0.09837348066504892,0.9951495657949326
0.7542513807361033,-0.4952307128483257,1.0413370872053909,0.0,0.0,0.10324416637389248,0.994656042111925
0.7563103802514719,-0.49478805930132547,1.0432032347656754,0.0,0.0,0.10812453955215542,0.994137356679968
0.7583619152887222,-0.4943258723689569,1.0450676767362272,0.0,0.0,0.11301355901509523,0.993593445770825
0.7604059656000306,-0.49384417029756894,1.0469303395120688,0.0,0.0,0.11791017284925147,0.9930242651308474
0.7624425110114474,-0.49334297210393413,1.0487911495584645,0.0,0.0,0.1228133196656464,0.9924297902182821
0.7644715314230915,-0.492822297574499,1.05065003341382,0.0,0.0,0.12772192988398345,0.9918100163976519
0.7664930068093503,-0.4922821672646026,1.0525069176925832,0.0,0.0,0.13263492704419477,0.9911649590900501
0.7685069172190764,-0.491722602497665,1.0543617290881409,0.0,0.0,0.1375512291414809,0.990494653878388
0.7705132427757894,-0.4911436253643443,1.0562143943757174,0.0,0.0,0.14246974998087492,0.9897991565668193
0.772511963677865,-0.49054525872166693,1.0580648404152586,0.0,0.0,0.1473894005471976,0.9890785431937836
0.7745030601987337,-0.48992752619212354,1.059912994154322,0.0,0.0,0.15230909038626222,0.9883329099983008
0.7764865126870784,-0.4892904521627362,1.061758782630964,0.0,0.0,0.15722772899303727,0.9875623733393714
0.7784623015670231,-0.4886340617840969,1.063602132976616,0.0,0.0,0.1621442272024366,0.9867670695685606
0.7804304073383298,-0.4879583809693738,1.0654429724189627,0.0,0.0,0.1670574985784426,0.9859471548560367
0.7823908105765881,-0.4872634363932887,1.0672812282848143,0.0,0.0,0.17196646079719127,0.9851028049705717
0.7843434919334099,-0.4865492554910634,1.069116828002977,0.0,0.0,0.17687003701974374,0.984234215014208
0.7862884321366193,-0.48581586645733693,1.0709496991071177,0.0,0.0,0.18176715725026152,0.9833415991125153
0.7882256119904402,-0.48506329824505295,1.0727797692386223,0.0,0.0,0.18665675967541778,0.9824251900615504
0.7901550123756899,-0.48429158056431587,1.074606966149456,0.0,0.0,0.1915377919809765,0.9814852389328391
0.792076614249967,-0.48350074388121766,1.0764312177050146,0.0,0.0,0.19640921264156497,0.9805220146378768
0.7939903986478357,-0.4826908194166369,1.0782524518869694,0.0,0.0,0.20126999217982056,0.9795358034538274
0.7958963466810156,-0.4818618391450051,1.0800705967961124,0.0,0.0,0.2061191143912915,0.9785269085122543
0.7977944395385705,-0.48101383579304324,1.081885580655197,0.0,0.0,0.21095557753161062,0.9774956492528777
0.799684658487091,-0.4801468428384714,1.083697331811769,0.0,0.0,0.2157783954626611,0.9764423608444892
0.8015669848708764,-0.4792608945086881,1.0855057787409927,0.0,0.0,0.22058659875470726,0.9753673935752774
0.8034414001121274,-0.47835602577941544,1.0873108500484812,0.0,0.0,0.22537923574169796,0.9742711122149155
0.8053078857111221,-0.4774322723733215,1.0891124744731107,0.0,0.0,0.23015537352710377,0.9731538953508841
0.8071664232464003,-0.47648967075860943,1.090910580889832,0.0,0.0,0.2349140989380286,0.9720161347015461
0.8090169943749473,-0.4755282581475769,1.0927050983124842,0.0,0.0,0.23965451942551846,0.970858234408569
0.8108595808323733,-0.47454807249514747,1.0944959558965912,0.0,0.0,0.2443757639092616,0.969680610311336
0.8126941644330936,-0.4735491524973724,1.0962830829421626,0.0,0.0,0.24907698356517596,0.9684836892060048
0.8145207270705095,-0.4725315375899024,1.0980664088964829,0.0,0.0,0.2537573525546314,0.967267908091892
0.8163392507171839,-0.4714952679464323,1.099845863356896,0.0,0.0,0.25841606869432154,0.9660337134078562
0.8181497174250233,-0.47044038447711284,1.1016213760735871,0.0,0.0,0.26305235406610517,0.9647815602613271
0.8199521093254526,-0.4693669288269369,1.1033928769523553,0.0,0.0,0.2676654555663483,0.9635119116526062
0.8217464086295904,-0.4682749433740961,1.1051602960573779,0.0,0.0,0.27225464539460764,0.9622252376970045
0.823532597628427,-0.4671644712283063,1.1069235636139747,0.0,0.0,0.2768192214817396,0.9609220148473256
0.8253106586929995,-0.46603555622910553,1.1086826100113636,0.0,0.0,0.2813585078577432,0.959602725119132
0.8270805742745622,-0.4648882429441255,1.1104373658054036,0.0,0.0,0.28587185495988754,0.9582678553211482
0.8288423269047616,-0.46372257666733085,1.1121877617213398,0.0,0.0,0.2903586398819343,0.9569178962930486
0.8305958991958127,-0.4625386034172289,1.1139337286565403,0.0,0.0,0.2948182665654308,0.9555533421527836
0.8323412738406639,-0.46133636993505706,1.1156751976832193,0.0,0.0,0.29925016593424314,0.9541746895554966
0.834078433613171,-0.46011592368293525,1.1174121000511605,0.0,0.0,0.3036537959737467,0.952782436965929
0.8358073613682699,-0.4588773128419907,1.119144367190434,0.0,0.0,0.3080286417561963,0.9513770839461254
0.8375280400421418,-0.45762058631045865,1.1208719307140989,0.0,0.0,0.312374215413958,0.9499591304601026
0.8392404526523817,-0.4563457937017513,1.1225947224209047,0.0,0.0,0.3166900560624674,0.948529076197009
0.8409445822981689,-0.45505298534249783,1.1243126742979852,0.0,0.0,0.32097572967486826,0.9470874199141736
0.8426404121604316,-0.45374221227055894,1.1260257185235412,0.0,0.0,0.32523082891037947,0.9456346588013087
0.8443279255020153,-0.45241352623300957,1.127733787469522,0.0,0.0,0.32945497289858044,0.9441712878669821
0.8460071056678422,-0.4510669796841013,1.1294368137042876,0.0,0.0,0.33364780698180635,0.942697799348355
0.8476779360850827,-0.44970262578318587,1.1311347299952794,0.0,0.0,0.3378090024180131,0.9412146821450178
0.8493404002633164,-0.448320518392618,1.1328274693116702,0.0,0.0,0.34193825604639866,0.9397224212776598
0.8509944817946921,-0.4469207120756316,1.1345149648270099,0.0,0.0,0.34603528991817606,0.9382214973721524
0.8526401643540923,-0.4455032620941838,1.1361971499218642,0.0,0.0,0.35009985089491485,0.9367123861694999
0.8542774316992947,-0.44406822440677257,1.1378739581864459,0.0,0.0,0.35413171021683143,0.9351955580620035
0.8559062676711329,-0.4426156556662276,1.1395453234232373,0.0,0.0,0.3581306630434358,0.9336714776558557
0.8575266561936524,-0.4411456132174763,1.1412111796496,0.0,0.0,0.3620965279689037,0.9321406033602789
0.859138581274272,-0.43965815509527834,1.1428714611003814,0.0,0.0,0.3660291465145536,0.9306033870031999
0.8607420270039436,-0.4381533400219317,1.1445261022305147,0.0,0.0,0.36992838260073363,0.9290602734733657
0.8623369775573043,-0.43663122740495963,1.1461750377176,0.0,0.0,0.3737941220003695,0.927511700388719
0.863923417192835,-0.4350918773347629,1.1478182024644874,0.0,0.0,0.37762627177643193,0.9259580977907327
0.8655013302530187,-0.4335353505822452,1.149455531601847,0.0,0.0,0.3814247597054615,0.9243998878643543
0.8670707011644896,-0.43196170859641797,1.151086960490728,0.0,0.0,0.38518953368922687,0.9228374846831242
0.8686315144381912,-0.43037101350197177,1.1527124247251115,0.0,0.0,0.38892056115656815,0.9212712939789559
0.8701837546695255,-0.42876332809682616,1.1543318601344519,0.0,0.0,0.39261782845733806,0.9197017129360171
0.8717274065385086,-0.42713871584964774,1.1559452027862127,0.0,0.0,0.3962813402503246,0.9181291300080867
0.8732624548099203,-0.42549724089734575,1.1575523889883887,0.0,0.0,0.39991111888691333,0.9165539247587219
0.8747888843334527,-0.4238389680425415,1.1591533552920201,0.0,0.0,0.4035072037921844,0.9149764677235215
0.876306680043863,-0.42216396275100804,1.1607480384936986,0.0,0.0,0.4070696508450578,0.9133971202937321
0.8778158269611214,-0.4204722911490847,1.1623363756380627,0.0,0.0,0.41059853175898336,0.9118162346204234
0.8793163101905563,-0.4187640200210706,1.163918304020281,0.0,0.0,0.41409393346459433,0.9102341535384287
0.8808081149230031,-0.41703921680658596,1.1654937611885288,0.0,0.0,0.417555957495676,0.9086512105092189
0.8822912264349527,-0.4152979495979068,1.167062684946456,0.0,0.0,0.420984719379678,0.9070677295818728
0.8837656300886936,-0.4135402871372805,1.1686250133556395,0.0,0.0,0.4243803480339113,0.9054840253713017
0.8852313113324549,-0.41176629881421395,1.1701806847380267,0.0,0.0,0.4277429851685085,0.9039004030528655
0.8866882557005561,-0.4099760546627265,1.171729637678377,0.0,0.0,0.4310727846971415,0.9023171583725157
0.8881364488135445,-0.4081696253585919,1.1732718110266802,0.0,0.0,0.43436991215634607,0.900734577671629
0.8895758763783378,-0.40634708221654703,1.1748071439005727,0.0,0.0,0.4376345441343058,0.8991529379256669
0.8910065241883676,-0.4045084971874739,1.1763355756877418,0.0,0.0,0.44086686770981937,0.8975725067958199
0.8924283781237176,-0.4026539428555613,1.1778570460483175,0.0,0.0,0.4440670799020938,0.8959935426928183
0.8938414241512633,-0.4007834924354387,1.1793714949172553,0.0,0.0,0.4472353871319622,0.8944162948520804
0.8952456483248116,-0.3988972197692855,1.1808788625067075,0.0,0.0,0.45037200469503097,0.8928410034194099
0.8966410367852357,-0.3969951993239178,1.1823790893083816,0.0,0.0,0.4534771562472,0.8912678995464565
0.8980275757606153,-0.39507750618784543,1.1838721160958927,0.0,0.0,0.4565510733029456,0.8896972054951775
0.8994052515663711,-0.39314421606830924,1.1853578839271004,0.0,0.0,0.4595939947466719,0.8881291347505699
0.9007740506053981,-0.391195405288294,1.1868363341464339,0.0,0.0,0.4626061663573973,0.8865638921409509
0.9021339593682023,-0.38923115078351234,1.1883074083872096,0.0,0.0,0.46558784034699263,0.8850016739650965
0.9034849644330346,-0.3872515300993671,1.1897710485739372,0.0,0.0,0.46853927491211217,0.8834426681255733
0.9048270524660196,-0.38525662138789435,1.191227196924607,0.0,0.0,0.4714607337999258,0.8818870542676286
0.9061602102212895,-0.38324650340467536,1.192675795952975,0.0,0.0,0.4743524858877298,0.8803350039230127
0.9074844245411168,-0.38122125550572394,1.1941167884708332,0.0,0.0,0.4772148047764484,0.8787866806581538
0.9087996823560404,-0.37918095764436044,1.195550117590264,0.0,0.0,0.48004796839799435,0.8772422402261293
0.9101059706849953,-0.37712569036805216,1.1969757267258867,0.0,0.0,0.48285225863646275,0.875701830721888
0.911403276635445,-0.37505553481523013,1.1983935595970954,0.0,0.0,0.4856279609630592,0.8741655927402205
0.9126915874035028,-0.372970572712091,1.1998035602302757,0.0,0.0,0.48837536408463383,0.8726336595360055
0.9139708902740611,-0.37087088636936966,1.201205672961016,0.0,0.0,0.49109475960569915,0.8711061571862642
0.9152411726209173,-0.36875655867908713,1.2025998424363071,0.0,0.0,0.49378644170375807,0.8695832047535997
0.9165024219068972,-0.3666276731112809,1.203986013616725,0.0,0.0,0.4964507068177411,0.8680649144506216
0.9177546256839811,-0.3644843137107056,1.2053641317786068,0.0,0.0,0.4990878533493614,0.8665513918049674
0.9189977715934212,-0.3623265650935233,1.2067341425162046,0.0,0.0,0.5016981813771327,0.8650427358245819
0.9202318473658698,-0.36015451244395413,1.208095991743841,0.0,0.0,0.5042819923828484,0.8635390391629
0.9214568408214981,-0.35796824151091583,1.2094496256980416,0.0,0.0,0.506839588990224,0.8620403882836468
0.9226727398701149,-0.3557678386046424,1.210794990939655,0.0,0.0,0.5093712747154527,0.8605468636249595
0.9238795325112864,-0.35355339059327423,1.212132034355964,0.0,0.0,0.511877353729402,0.8590585397625615
0.9250772068344576,-0.3513249848994252,1.2134607031627853,0.0,0.0,0.5143581306311577,0.8575754855717488
0.9262657510190665,-0.3490827094967365,1.2147809449065492,0.0,0.0,0.5168139102326134,0.8560977643879676
0.9274451533346614,-0.34682665290640213,1.2160927074663723,0.0,0.0,0.5192449973538213,0.8546254341657694
0.928615402141017,-0.34455690419367463,1.2173959390561138,0.0,0.0,0.5216516966287968,0.8531585476359581
0.9297764858882513,-0.34227355296434425,1.2186905882264236,0.0,0.0,0.5240343123214725,0.8516971524607566
0.930928393116936,-0.339976689361209,1.2199766038667683,0.0,0.0,0.52639314815148,0.8502412913868473
0.9320711124582108,-0.3376664040605124,1.221253935207452,0.0,0.0,0.5287285071294774,0.848791002396134
0.9332046326338983,-0.33534278826836034,1.2225225318216215,0.0,0.0,0.5310406914017003,0.8473463188541058
0.9343289424566118,-0.3330059337171263,1.2237823436272544,0.0,0.0,0.5333300021034219,0.8459072696557016
0.9354440308298673,-0.33065593266182586,1.225033320889138,0.0,0.0,0.5355967392210376,0.8444738793685639
0.9365498867481923,-0.3282928778764783,1.2262754142208312,0.0,0.0,0.5378412014624553,0.8430461683736084
0.9376464992972354,-0.3259168626504396,1.2275085745866163,0.0,0.0,0.5400636861355076,0.841624153002828
0.9387338576538742,-0.32352798078472184,1.2287327533034345,0.0,0.0,0.5422644890340773,0.8402078456742778
0.9398119510863198,-0.32112632658829204,1.229947902042805,0.0,0.0,0.5444439043316541,0.8387972550241832
0.9408807689542251,-0.31871199487434554,1.2311539728327365,0.0,0.0,0.5466022244820401,0.8373923860361315
0.9419403007087905,-0.3162850809565624,1.2323509180596202,0.0,0.0,0.5487397401269191,0.8359932401673121
0.9429905358928646,-0.31384568064534984,1.2335386904701071,0.0,0.0,0.5508567400100092,0.8345998154717895
0.9440314641410495,-0.3113938902440567,1.2347172431729763,0.0,0.0,0.5529535108975465,0.8332121067207778
0.9450630751798046,-0.3089298065451678,1.2358865296409853,0.0,0.0,0.5550303375048281,0.8318301055199173
0.9460853588275456,-0.30645352682648763,1.2370465037127074,0.0,0.0,0.5570875024285505,0.8304538004235514
0.9470983049947442,-0.3039651488473029,1.2381971195943504,0.0,0.0,0.5591252860847048,0.8290831770460049
0.9481019036840319,-0.30146477084451273,1.2393383318615712,0.0,0.0,0.5611439666517922,0.8277182181698627
0.9490961449902947,-0.29895249152875925,1.240470095461263,0.0,0.0,0.5631438200190987,0.8263589038512849
0.9500810191007718,-0.2964284100805296,1.2415923657133365,0.0,0.0,0.5651251197398223,0.8250052115223585
0.9510565162951535,-0.2938926261462367,1.242705098312484,0.0,0.0,0.5670881369888235,0.8236571160905158
0.9520226269456765,-0.29134523983428834,1.243808249329928,0.0,0.0,0.5690331405247776,0.8223145900350478
0.9529793415172187,-0.28878635171113426,1.244901775215155,0.0,0.0,0.5709603966565246,0.8209776035007436
0.9539266505673937,-0.28621606279729533,1.2459856327976357,0.0,0.0,0.5728701692134148,0.8196461243886861
0.954864544746643,-0.2836344745633783,1.247059779288528,0.0,0.0,0.5747627195194491,0.8183201184442475
0.9557930147983301,-0.2810416889260655,1.2481241722823684,0.0,0.0,0.5766383063710349,0.8169995493423142
0.9567120515588308,-0.27843780824409364,1.249178769758744,0.0,0.0,0.5784971860181632,0.8156843787697953
0.9576216459576224,-0.2758229353142149,1.2502235300839515,0.0,0.0,0.5803396121488374,0.8143745665054484
0.9585217890173757,-0.2731971733671352,1.2512584120126422,0.0,0.0,0.5821658358765884,0.8130700704970717
0.9594124718540429,-0.27056062606343806,1.2522833746894506,0.0,0.0,0.5839761057309044,0.8117708469361089
0.9602936856769433,-0.26791339748949783,1.2532983776506046,0.0,0.0,0.5857706676504185,0.8104768503297197
0.9611654217888519,-0.26525559215336747,1.2543033808255248,0.0,0.0,0.5875497649787138,0.8091880335703552
0.962027671586086,-0.26258731498064775,1.2552983445384076,0.0,0.0,0.5893136384625922,0.807904348002894
0.962880426558588,-0.259908671310354,1.2562832295097888,0.0,0.0,0.5910625262526623,0.8066257434893961
0.9637236782900098,-0.25721976689075343,1.2572579968580955,0.0,0.0,0.5927966639061272,0.8053521684715117
0.9645574184577981,-0.25452070787518605,1.258222608101183,0.0,0.0,0.5945162843916363,0.8040835700306052
0.9653816388332741,-0.2518116008178802,1.2591770251578507,0.0,0.0,0.596221618096072,0.8028198939456481
0.9661963312817149,-0.24909255266974537,1.260121210349347,0.0,0.0,0.5979128928331642,0.8015610847489274
0.9670014877624351,-0.24636367077414592,1.2610551264008576,0.0,0.0,0.5995903338538181,0.8003070857796194
0.9677971003288652,-0.24362506286266725,1.2619787364429755,0.0,0.0,0.6012541638580406,0.7990578392352887
0.9685831611286313,-0.24087683705085733,1.262892004013159,0.0,0.0,0.602904603008372,0.797813286221355
0.9693596624036295,-0.23811910183396945,1.2637948930571667,0.0,0.0,0.6045418689447104,0.7965733667985874
0.9701265964901058,-0.23535196608266715,1.2646873679304858,0.0,0.0,0.606166176800458,0.7953380200286643
0.9708839558187311,-0.23257553903872943,1.2655693933997365,0.0,0.0,0.6077777392198765,0.7941071840178603
0.9716317329146742,-0.22978993031074357,1.2664409346440635,0.0,0.0,0.6093767663765739,0.7928807959589075
0.9723699203976768,-0.2269952498697732,1.2673019572565103,0.0,0.0,0.6109634659930488,0.791658792171072
0.9730985109821265,-0.22419160804501692,1.2681524272453788,0.0,0.0,0.6125380433612063,0.7904411081385032
0.973817497477129,-0.22137911551945091,1.2689923110355705,0.0,0.0,0.6141007013637737,0.7892276785468952
0.9745268727865773,-0.218557883325466,1.2698215754699114,0.0,0.0,0.6156516404965412,0.7880184373185171
0.9752266299092234,-0.21572802284048,1.2706401878104607,0.0,0.0,0.6171910588913724,0.786813317645645
0.9759167619387475,-0.21288964578253622,1.2714481157398059,0.0,0.0,0.6187191523399117,0.7856122520224472
0.9765972620638248,-0.2100428642059024,1.2722453273623353,0.0,0.0,0.6202361143179251,0.7844151722753722
0.9772681235681935,-0.20718779049664232,1.2730317912054985,0.0,0.0,0.6217421360102273,0.7832220095920697
0.9779293398307218,-0.20432453736817496,1.2738074762210507,0.0,0.0,0.6232374063361372,0.7820326945488946
0.9785809043254721,-0.20145321785683196,1.274572351786275,0.0,0.0,0.6247221119754013,0.7808471571370382
0.9792228106217659,-0.19857394531739028,1.2753263877051944,0.0,0.0,0.6261964373945498,0.779665326787317
0.979855052384247,-0.19568683341860138,1.276069554209761,0.0,0.0,0.627660564873629,0.7784871323936685
0.9804776233729444,-0.19279199613869863,1.2768018219610342,0.0,0.0,0.6291146745332723,0.7773125023353832
0.9810905174433342,-0.18988954776090028,1.2775231620503376,0.0,0.0,0.6305589443620639,0.7761413644981175
0.9816937285463989,-0.1869796028689001,1.2782335460003984,0.0,0.0,0.6319935502441569,0.7749736462937217
0.9822872507286886,-0.18406227634233988,1.278932945766475,0.0,0.0,0.6334186659871125,0.7738092746789139
0.9828710781323792,-0.1811376833522731,1.2796213337374631,0.0,0.0,0.634834463349922,0.7726481761728404
0.9834452049953297,-0.17820593935662496,1.2802986827369838,0.0,0.0,0.636241112071174,0.771490276873556
0.9840096256511396,-0.17526716009563015,1.2809649660244575,0.0,0.0,0.6376387798973474,0.7703355024734497
0.9845643345292052,-0.17232146158725933,1.281620157296162,0.0,0.0,0.6390276326111938,0.7691837782736537
0.985109326154774,-0.16936896012264502,1.2822642306862677,0.0,0.0,0.6404078340601764,0.7680350291974668
0.9856445951489979,-0.16640977226149367,1.2828971607678592,0.0,0.0,0.641779546184948,0.7668891798028202
0.9861701362289886,-0.16344401482747178,1.2835189225539414,0.0,0.0,0.6431429290478473,0.7657461542938075
0.986685944207868,-0.16047180490360463,1.2841294914984234,0.0,0.0,0.6444981408613741,0.7646058765313228
0.987192013994819,-0.15749325982765247,1.2847288434970885,0.0,0.0,0.6458453380166368,0.76346827004282
0.9876883405951375,-0.15450849718747398,1.285316954888546,0.0,0.0,0.64718467511175,0.7623332580312226
0.9881749191102803,-0.15151763481638741,1.2858938024551656,0.0,0.0,0.6485163049801567,0.7612007633830149
0.9886517447379138,-0.1485207907885181,1.286459363423993,0.0,0.0,0.649840378718862,0.7600707086755325
0.9891188127719617,-0.14551808341413588,1.2870136154676493,0.0,0.0,0.6511570457165637,0.7589430161834794
0.9895761186026508,-0.14250963123498822,1.2875565367052126,0.0,0.0,0.652466453681659,0.7578176078846939
0.9900236577165574,-0.13949555301961497,1.2880881057030829,0.0,0.0,0.6537687486701184,0.7566944054651836
0.9904614256966512,-0.1364759677586623,1.2886083014758258,0.0,0.0,0.6550640751132104,0.7555733303234534
0.9908894182223387,-0.13345099466018764,1.289117103487003,0.0,0.0,0.6563525758450631,0.7544543035741469
0.9913076310695064,-0.1304207531449494,1.289614491649982,0.0,0.0,0.657634392130057,0.753337246051017
0.9917160601105627,-0.12738536284169133,1.2901004463287304,0.0,0.0,0.6589096636900329,0.7522220783092504
0.9921147013144777,-0.12434494358242697,1.2905749483385893,0.0,0.0,0.6601785287313037,0.7511087206271615
0.9925035507468235,-0.12129961539770433,1.2910379789470317,0.0,0.0,0.661441123971468,0.7499970930072738
0.9928826045698135,-0.11824949851186228,1.291489519874402,0.0,0.0,0.6626975846660142,0.748887115176801
0.9932518590423393,-0.11519471333829456,1.2919295532946382,0.0,0.0,0.663948044634698,0.7477787065875581
0.9936113105200082,-0.11213538047469092,1.2923580618359731,0.0,0.0,0.6651926362877025,0.7466717864153007
0.9939609554551794,-0.1090716206982718,1.2927750285816242,0.0,0.0,0.6664314906515643,0.7455662735585176
0.9943007903969988,-0.10600355496102716,1.293180437070458,0.0,0.0,0.6676647373948561,0.7444620866366923
0.9946308119914322,-0.10293130438494069,1.2935742712976417,0.0,0.0,0.6688925048536307,0.7433591439880428
0.9949510169813,-0.09985499025720372,1.2939565157152741,0.0,0.0,0.6701149200566149,0.7422573636667519
0.995261402206308,-0.09677473402543141,1.294327155233,0.0,0.0,0.6713321087501479,0.7411566634397074
0.9955619646030799,-0.09369065729286205,1.2946861752186067,0.0,0.0,0.6725441954228657,0.7400569607827565
0.9958527012051855,-0.0906028818135686,1.2950335614985988,0.0,0.0,0.6737513033301165,0.7389581728764961
0.9961336091431723,-0.08751152948763902,1.2953693003587614,0.0,0.0,0.6749535545181217,0.7378602166015954
0.9964046856445923,-0.08441672235636724,1.2956933785446993,0.0,0.0,0.6761510698478618,0.736763008533675
0.9966659280340299,-0.08131858259744142,1.2960057832623604,0.0,0.0,0.6773439690186911,0.7356664649377506
0.9969173337331279,-0.07821723252011613,1.2963065021785412,0.0,0.0,0.6785323705916827,0.7345705017622417
0.9971589002606138,-0.0751127945603794,1.2965955234213742,0.0,0.0,0.6797163920126987,0.7334750346325629
0.9973906252323237,-0.07200539127612628,1.2968728355807952,0.0,0.0,0.6808961496351784,0.7323799788443079
0.9976125063612252,-0.06889514534231854,1.2971384277089955,0.0,0.0,0.6820717587426504,0.731285249356028
0.9978245414574414,-0.06578217954614184,1.2973922893208518,0.0,0.0,0.6832433335709642,0.7301907607816168
0.9980267284282717,-0.06266661678215202,1.2976344103943434,0.0,0.0,0.6844109873302425,0.7290964273823064
0.9982190652782119,-0.059548580047434074,1.297864781370944,0.0,0.0,0.6855748322265421,0.7280021630582898
0.9984015501089751,-0.056428192436741124,1.2980833931560025,0.0,0.0,0.6867349794832394,0.726907881339964
0.9985741811195098,-0.05330557713763043,1.2982902371190996,0.0,0.0,0.6878915393621282,0.7258134953788072
0.9987369566060176,-0.050180857425608114,1.29848530509439,0.0,0.0,0.6890446211842292,0.7247189179379012
0.9988898749619701,-0.047054156659257135,1.298668589380924,0.0,0.0,0.6901943333503155,0.723624061382092
0.9990329346781248,-0.043925598275371756,1.2988400827429518,0.0,0.0,0.6913407833611503,0.7225288376678063
0.9991661343425403,-0.04079530578407914,1.298999778410209,0.0,0.0,0.692484077837438,0.721433158332519
0.9992894726405893,-0.037663402763966035,1.299147670078184,0.0,0.0,0.6936243225394855,0.7203369344838845
0.999402948354973,-0.034530012857202766,1.2992837519083675,0.0,0.0,0.6947616223865752,0.7192400767885324
0.9995065603657317,-0.03139525976465764,1.2994080185284815,0.0,0.0,0.6958960814760505,0.7181424954605307
0.9996003076502566,-0.028259267241012527,1.2995204650326926,0.0,0.0,0.6970278031021117,0.7170441002495203
0.9996841892833003,-0.02512215908988435,1.2996210869818052,0.0,0.0,0.6981568897743181,0.7159448004285323
0.9997582044369843,-0.021984059158933106,1.2997098804034373,0.0,0.0,0.6992834432358052,0.7148445047814781
0.9998223523808092,-0.018845091334968117,1.2997868417921767,0.0,0.0,0.7004075644812096,0.7137431215903244
0.9998766324816607,-0.015705379539063417,1.2998519681097196,0.0,0.0,0.7015293537742996,0.7126405586219562
0.9999210442038163,-0.01256504772166909,1.29990525678499,0.0,0.0,0.7026489106653158,0.7115367231147282
0.9999555871089498,-0.009424219857704634,1.2999467057142429,0.0,0.0,0.7037663340080227,0.7104315217647007
0.9999802608561371,-0.006283019941676157,1.2999763132611448,0.0,0.0,0.7048817219764608,0.709324860711578
0.9999950652018582,-0.003141571982779525,1.299994078256841,0.0,0.0,0.7059951720814082,0.708216645524336
1.0,-2.4492935982947064e-16,1.2999999999999998,0.0,0.0,0.7071067811865475,0.7071067811865477
0.9999950652018582,0.003141571982779035,1.299994078256841,0.0,0.0,0.7082166455243358,0.7059951720814084
0.9999802608561372,0.006283019941675669,1.2999763132611448,0.0,0.0,0.7093248607115777,0.704881721976461
0.9999555871089498,0.009424219857704145,1.2999467057142429,0.0,0.0,0.7104315217647005,0.7037663340080229
0.9999210442038162,0.012565047721668601,1.29990525678499,0.0,0.0,0.7115367231147279,0.702648910665316
0.9998766324816607,0.015705379539063813,1.2998519681097194,0.0,0.0,0.7126405586219562,0.7015293537742996
0.9998223523808093,0.018845091334967624,1.2997868417921767,0.0,0.0,0.7137431215903242,0.7004075644812098
0.9997582044369843,0.021984059158932614,1.2997098804034375,0.0,0.0,0.7148445047814778,0.6992834432358055
0.9996841892833003,0.02512215908988386,1.2996210869818052,0.0,0.0,0.7159448004285319,0.6981568897743184
0.9996003076502568,0.028259267241012034,1.2995204650326926,0.0,0.0,0.71704410024952,0.697027803102112
0.9995065603657318,0.03139525976465715,1.2994080185284815,0.0,0.0,0.7181424954605304,0.6958960814760508
0.9994029483549731,0.03453001285720229,1.2992837519083675,0.0,0.0,0.7192400767885322,0.6947616223865755
0.9992894726405894,0.03766340276396644,1.299147670078184,0.0,0.0,0.7203369344838845,0.6936243225394855
0.9991661343425402,0.04079530578407954,1.298999778410209,0.0,0.0,0.721433158332519,0.6924840778374379
0.9990329346781248,0.04392559827537128,1.2988400827429518,0.0,0.0,0.7225288376678061,0.6913407833611506
0.99888987496197,0.04705415665925665,1.298668589380924,0.0,0.0,0.7236240613820918,0.6901943333503158
0.9987369566060176,0.05018085742560763,1.29848530509439,0.0,0.0,0.7247189179379009,0.6890446211842294
0.9985741811195099,0.05330557713762995,1.2982902371190996,0.0,0.0,0.725813495378807,0.6878915393621284
0.998401550108975,0.05642819243674064,1.2980833931560025,0.0,0.0,0.7269078813399636,0.6867349794832396
0.9982190652782118,0.05954858004743359,1.297864781370944,0.0,0.0,0.7280021630582896,0.6855748322265424
0.9980267284282717,0.0626666167821524,1.2976344103943434,0.0,0.0,0.7290964273823065,0.6844109873302424
0.9978245414574415,0.06578217954614134,1.297392289320852,0.0,0.0,0.7301907607816165,0.6832433335709646
0.9976125063612252,0.06889514534231805,1.2971384277089955,0.0,0.0,0.7312852493560278,0.6820717587426506
0.9973906252323236,0.07200539127612579,1.2968728355807952,0.0,0.0,0.7323799788443077,0.6808961496351786
0.9971589002606138,0.07511279456037892,1.2965955234213742,0.0,0.0,0.7334750346325627,0.6797163920126991
0.9969173337331279,0.07821723252011563,1.2963065021785414,0.0,0.0,0.7345705017622415,0.678532370591683
0.9966659280340298,0.08131858259744093,1.2960057832623604,0.0,0.0,0.7356664649377503,0.6773439690186913
0.9964046856445923,0.08441672235636676,1.2956933785446993,0.0,0.0,0.7367630085336748,0.6761510698478621
0.9961336091431723,0.08751152948763852,1.2953693003587616,0.0,0.0,0.7378602166015951,0.674953554518122
0.9958527012051855,0.09060288181356811,1.295033561498599,0.0,0.0,0.7389581728764959,0.6737513033301167
0.9955619646030798,0.09369065729286243,1.2946861752186067,0.0,0.0,0.7400569607827566,0.6725441954228656
0.9952614022063081,0.09677473402543092,1.2943271552330002,0.0,0.0,0.7411566634397072,0.6713321087501481
0.9949510169813001,0.09985499025720324,1.2939565157152741,0.0,0.0,0.7422573636667517,0.6701149200566152
0.9946308119914323,0.1029313043849402,1.2935742712976417,0.0,0.0,0.7433591439880426,0.668892504853631
0.9943007903969988,0.10600355496102667,1.293180437070458,0.0,0.0,0.7444620866366921,0.6676647373948564
0.9939609554551795,0.10907162069827131,1.2927750285816242,0.0,0.0,0.7455662735585172,0.6664314906515646
0.9936113105200082,0.11213538047469043,1.2923580618359731,0.0,0.0,0.7466717864153005,0.6651926362877029
0.9932518590423393,0.11519471333829494,1.2919295532946382,0.0,0.0,0.7477787065875581,0.6639480446346979
0.9928826045698135,0.11824949851186266,1.291489519874402,0.0,0.0,0.7488871151768011,0.6626975846660141
0.9925035507468235,0.12129961539770384,1.2910379789470317,0.0,0.0,0.7499970930072735,0.6614411239714684
0.9921147013144778,0.12434494358242648,1.2905749483385895,0.0,0.0,0.7511087206271613,0.6601785287313039
0.9917160601105627,0.12738536284169083,1.2901004463287307,0.0,0.0,0.75222207830925,0.6589096636900332
0.9913076310695065,0.1304207531449489,1.289614491649982,0.0,0.0,0.7533372460510168,0.6576343921300573
0.9908894182223386,0.13345099466018717,1.289117103487003,0.0,0.0,0.7544543035741466,0.6563525758450635
0.9904614256966512,0.1364759677586618,1.288608301475826,0.0,0.0,0.7555733303234532,0.6550640751132106
0.9900236577165573,0.13949555301961533,1.2880881057030829,0.0,0.0,0.7566944054651837,0.6537687486701182
0.9895761186026508,0.14250963123498775,1.2875565367052129,0.0,0.0,0.7578176078846938,0.6524664536816592
0.9891188127719618,0.1455180834141354,1.2870136154676493,0.0,0.0,0.7589430161834791,0.6511570457165641
0.988651744737914,0.1485207907885176,1.286459363423993,0.0,0.0,0.7600707086755323,0.6498403787188622
0.9881749191102804,0.15151763481638694,1.2858938024551656,0.0,0.0,0.7612007633830147,0.6485163049801569
0.9876883405951377,0.1545084971874735,1.2853169548885461,0.0,0.0,0.7623332580312224,0.6471846751117503
0.9871920139948192,0.157493259827652,1.2847288434970885,0.0,0.0,0.7634682700428198,0.645845338016637
0.986685944207868,0.16047180490360416,1.2841294914984234,0.0,0.0,0.7646058765313227,0.6444981408613744
0.9861701362289887,0.1634440148274713,1.2835189225539414,0.0,0.0,0.7657461542938073,0.6431429290478476
0.9856445951489979,0.1664097722614932,1.2828971607678594,0.0,0.0,0.76688917980282,0.6417795461849483
0.985109326154774,0.16936896012264538,1.2822642306862677,0.0,0.0,0.7680350291974669,0.6404078340601764
0.9845643345292052,0.17232146158725886,1.281620157296162,0.0,0.0,0.7691837782736535,0.6390276326111941
0.9840096256511396,0.17526716009562968,1.2809649660244578,0.0,0.0,0.7703355024734495,0.6376387798973476
0.9834452049953298,0.1782059393566245,1.2802986827369838,0.0,0.0,0.7714902768735558,0.6362411120711742
0.9828710781323793,0.18113768335227265,1.2796213337374633,0.0,0.0,0.7726481761728403,0.6348344633499222
0.9822872507286886,0.18406227634233943,1.2789329457664753,0.0,0.0,0.7738092746789137,0.6334186659871128
0.9816937285463991,0.18697960286889964,1.2782335460003984,0.0,0.0,0.7749736462937215,0.6319935502441573
0.9810905174433341,0.1898895477609006,1.2775231620503373,0.0,0.0,0.7761413644981175,0.6305589443620638
0.9804776233729443,0.192791996138699,1.2768018219610342,0.0,0.0,0.7773125023353833,0.6291146745332721
0.979855052384247,0.1956868334186009,1.276069554209761,0.0,0.0,0.7784871323936683,0.6276605648736293
0.979222810621766,0.19857394531738984,1.2753263877051944,0.0,0.0,0.7796653267873168,0.6261964373945501
0.9785809043254722,0.20145321785683148,1.2745723517862753,0.0,0.0,0.7808471571370379,0.6247221119754016
0.9779293398307219,0.20432453736817452,1.2738074762210507,0.0,0.0,0.7820326945488945,0.6232374063361376
0.9772681235681936,0.20718779049664188,1.2730317912054987,0.0,0.0,0.7832220095920694,0.6217421360102277
0.9765972620638249,0.21004286420590196,1.2722453273623353,0.0,0.0,0.7844151722753719,0.6202361143179255
0.9759167619387474,0.21288964578253658,1.2714481157398057,0.0,0.0,0.7856122520224473,0.6187191523399117
0.9752266299092236,0.21572802284047957,1.2706401878104607,0.0,0.0,0.7868133176456448,0.6171910588913727
0.9745268727865775,0.21855788332546555,1.2698215754699116,0.0,0.0,0.7880184373185168,0.6156516404965415
0.9738174974771291,0.22137911551945047,1.2689923110355708,0.0,0.0,0.7892276785468949,0.614100701363774
0.9730985109821265,0.22419160804501645,1.268152427245379,0.0,0.0,0.790441108138503,0.6125380433612068
0.9723699203976769,0.22699524986977276,1.2673019572565105,0.0,0.0,0.7916587921710718,0.6109634659930493
0.9716317329146742,0.22978993031074313,1.2664409346440635,0.0,0.0,0.7928807959589071,0.6093767663765742
0.9708839558187312,0.232575539038729,1.2655693933997365,0.0,0.0,0.7941071840178601,0.6077777392198769
0.9701265964901058,0.2353519660826667,1.2646873679304858,0.0,0.0,0.795338020028664,0.6061661768004584
0.9693596624036295,0.238119101833969,1.263794893057167,0.0,0.0,0.796573366798587,0.6045418689447107
0.9685831611286312,0.24087683705085772,1.262892004013159,0.0,0.0,0.797813286221355,0.6029046030083719
0.9677971003288653,0.24362506286266686,1.2619787364429758,0.0,0.0,0.7990578392352885,0.601254163858041
0.9670014877624352,0.24636367077414553,1.2610551264008578,0.0,0.0,0.8003070857796191,0.5995903338538184
0.966196331281715,0.249092552669745,1.260121210349347,0.0,0.0,0.8015610847489273,0.5979128928331644
0.9653816388332742,0.25181160081787984,1.2591770251578507,0.0,0.0,0.802819893945648,0.5962216180960723
0.9645574184577982,0.25452070787518566,1.2582226081011831,0.0,0.0,0.8040835700306049,0.5945162843916366
0.9637236782900099,0.25721976689075304,1.2572579968580957,0.0,0.0,0.8053521684715114,0.5927966639061276
0.9628804265585879,0.2599086713103544,1.2562832295097888,0.0,0.0,0.8066257434893962,0.5910625262526622
0.9620276715860859,0.2625873149806481,1.2552983445384074,0.0,0.0,0.8079043480028941,0.589313638462592
0.961165421788852,0.2652555921533671,1.254303380825525,0.0,0.0,0.809188033570355,0.5875497649787141
0.9602936856769434,0.2679133974894975,1.2532983776506048,0.0,0.0,0.8104768503297195,0.585770667650419
0.9594124718540431,0.27056062606343767,1.2522833746894508,0.0,0.0,0.8117708469361088,0.5839761057309047
0.9585217890173758,0.2731971733671349,1.2512584120126424,0.0,0.0,0.8130700704970715,0.5821658358765889
0.9576216459576226,0.27582293531421453,1.2502235300839515,0.0,0.0,0.8143745665054481,0.5803396121488378
0.9567120515588309,0.27843780824409325,1.249178769758744,0.0,0.0,0.8156843787697949,0.5784971860181636
0.95579301479833,0.28104168892606585,1.2481241722823684,0.0,0.0,0.8169995493423143,0.5766383063710347
0.9548645447466432,0.2836344745633779,1.2470597792885285,0.0,0.0,0.8183201184442471,0.5747627195194495
0.9539266505673938,0.28621606279729495,1.245985632797636,0.0,0.0,0.8196461243886859,0.5728701692134152
0.9529793415172189,0.28878635171113387,1.2449017752151552,0.0,0.0,0.8209776035007432,0.5709603966565251
0.9520226269456766,0.29134523983428795,1.2438082493299283,0.0,0.0,0.8223145900350475,0.569033140524778
0.9510565162951538,0.29389262614623635,1.2427050983124843,0.0,0.0,0.8236571160905155,0.567088136988824
0.9500810191007716,0.29642841008052995,1.2415923657133365,0.0,0.0,0.8250052115223587,0.565125119739822
0.9490961449902948,0.2989524915287589,1.2404700954612633,0.0,0.0,0.8263589038512846,0.5631438200190991
0.948101903684032,0.30146477084451234,1.2393383318615714,0.0,0.0,0.8277182181698625,0.5611439666517926
0.9470983049947443,0.3039651488473026,1.2381971195943506,0.0,0.0,0.8290831770460046,0.5591252860847051
0.9460853588275454,0.30645352682648797,1.2370465037127072,0.0,0.0,0.8304538004235515,0.5570875024285503
0.945063075179805,0.3089298065451667,1.235886529640986,0.0,0.0,0.8318301055199167,0.5550303375048291
0.9440314641410497,0.31139389024405634,1.2347172431729765,0.0,0.0,0.8332121067207776,0.552953510897547
0.9429905358928645,0.3138456806453502,1.2335386904701071,0.0,0.0,0.8345998154717896,0.550856740010009
0.9419403007087906,0.31628508095656205,1.2323509180596202,0.0,0.0,0.8359932401673119,0.5487397401269195
0.9408807689542252,0.3187119948743452,1.2311539728327365,0.0,0.0,0.8373923860361312,0.5466022244820405
0.9398119510863199,0.3211263265882917,1.2299479020428052,0.0,0.0,0.838797255024183,0.5444439043316545
0.938733857653874,0.3235279807847222,1.2287327533034345,0.0,0.0,0.840207845674278,0.5422644890340771
0.9376464992972356,0.3259168626504393,1.2275085745866168,0.0,0.0,0.8416241530028278,0.5400636861355081
0.9365498867481924,0.328292877876478,1.2262754142208312,0.0,0.0,0.8430461683736081,0.5378412014624557
0.9354440308298675,0.3306559326618255,1.2250333208891382,0.0,0.0,0.8444738793685637,0.5355967392210381
0.9343289424566119,0.33300593371712595,1.2237823436272546,0.0,0.0,0.8459072696557014,0.5333300021034223
0.9332046326338985,0.33534278826836,1.2225225318216217,0.0,0.0,0.8473463188541057,0.5310406914017006
0.932071112458211,0.33766640406051207,1.2212539352074523,0.0,0.0,0.8487910023961338,0.5287285071294778
0.9309283931169354,0.33997668936120995,1.2199766038667679,0.0,0.0,0.850241291386848,0.526393148151479
0.9297764858882516,0.3422735529643439,1.2186905882264238,0.0,0.0,0.8516971524607564,0.5240343123214729
0.9286154021410172,0.3445569041936743,1.217395939056114,0.0,0.0,0.8531585476359579,0.5216516966287974
0.9274451533346616,0.3468266529064018,1.2160927074663725,0.0,0.0,0.8546254341657692,0.5192449973538218
0.9262657510190666,0.34908270949673614,1.2147809449065496,0.0,0.0,0.8560977643879675,0.5168139102326136
0.9250772068344578,0.35132498489942493,1.2134607031627855,0.0,0.0,0.8575754855717485,0.5143581306311583
0.9238795325112866,0.35355339059327395,1.2121320343559643,0.0,0.0,0.8590585397625613,0.5118773537294025
0.9226727398701147,0.3557678386046427,1.2107949909396547,0.0,0.0,0.8605468636249596,0.5093712747154526
0.9214568408214984,0.3579682415109155,1.2094496256980418,0.0,0.0,0.8620403882836466,0.5068395889902244
0.92023184736587,0.36015451244395386,1.2080959917438414,0.0,0.0,0.8635390391628999,0.5042819923828489
0.9189977715934214,0.36232656509352296,1.2067341425162048,0.0,0.0,0.8650427358245817,0.5016981813771333
0.9177546256839809,0.3644843137107059,1.2053641317786066,0.0,0.0,0.8665513918049675,0.4990878533493611
0.9165024219068982,0.3666276731112794,1.2039860136167262,0.0,0.0,0.8680649144506205,0.49645070681774317
0.9152411726209175,0.3687565586790868,1.2025998424363076,0.0,0.0,0.8695832047535995,0.4937864417037585
0.9139708902740609,0.37087088636936993,1.2012056729610159,0.0,0.0,0.8711061571862643,0.4910947596056989
0.9126915874035029,0.37297057271209066,1.1998035602302757,0.0,0.0,0.8726336595360052,0.48837536408463433
0.9114032766354451,0.37505553481522985,1.1983935595970956,0.0,0.0,0.8741655927402203,0.4856279609630597
0.9101059706849957,0.3771256903680519,1.196975726725887,0.0,0.0,0.8757018307218878,0.48285225863646336
0.90879968235604,0.37918095764436077,1.1955501175902639,0.0,0.0,0.8772422402261295,0.4800479683979941
0.907484424541117,0.3812212555057236,1.1941167884708335,0.0,0.0,0.8787866806581536,0.4772148047764488
0.9061602102212897,0.3832465034046751,1.1926757959529752,0.0,0.0,0.8803350039230126,0.4743524858877302
0.9048270524660198,0.38525662138789407,1.1912271969246073,0.0,0.0,0.8818870542676283,0.4714607337999265
0.9034849644330347,0.3872515300993668,1.1897710485739375,0.0,0.0,0.883442668125573,0.46853927491211267
0.9021339593682025,0.38923115078351206,1.18830740838721,0.0,0.0,0.8850016739650963,0.465587840346993
0.9007740506053982,0.3911954052882937,1.186836334146434,0.0,0.0,0.8865638921409507,0.4626061663573979
0.8994052515663709,0.3931442160683095,1.1853578839271002,0.0,0.0,0.8881291347505701,0.45959399474667156
0.8980275757606155,0.39507750618784515,1.183872116095893,0.0,0.0,0.8896972054951774,0.456551073302946
0.8966410367852359,0.3969951993239175,1.1823790893083819,0.0,0.0,0.8912678995464561,0.4534771562472006
0.8952456483248118,0.3988972197692852,1.1808788625067077,0.0,0.0,0.8928410034194096,0.4503720046950316
0.8938414241512636,0.4007834924354384,1.1793714949172556,0.0,0.0,0.8944162948520802,0.44723538713196276
0.8924283781237178,0.402653942855561,1.1778570460483178,0.0,0.0,0.895993542692818,0.4440670799020945
0.8910065241883678,0.4045084971874736,1.176335575687742,0.0,0.0,0.8975725067958198,0.44086686770981987
0.8895758763783376,0.4063470822165473,1.1748071439005725,0.0,0.0,0.8991529379256671,0.4376345441343054
0.8881364488135447,0.40816962535859164,1.1732718110266807,0.0,0.0,0.9007345776716289,0.43436991215634657
0.8866882557005563,0.40997605466272624,1.1717296376783772,0.0,0.0,0.9023171583725155,0.43107278469714216
0.8852313113324551,0.41176629881421367,1.170180684738027,0.0,0.0,0.9039004030528653,0.42774298516850906
0.8837656300886935,0.41354028713728075,1.1686250133556393,0.0,0.0,0.9054840253713019,0.42438034803391095
0.8822912264349534,0.41529794959790606,1.1670626849464567,0.0,0.0,0.9070677295818721,0.42098471937967946
0.8808081149230034,0.4170392168065857,1.165493761188529,0.0,0.0,0.9086512105092187,0.4175559574956767
0.8793163101905561,0.4187640200210709,1.1639183040202807,0.0,0.0,0.910234153538429,0.414093933464594
0.8778158269611217,0.4204722911490844,1.162336375638063,0.0,0.0,0.911816234620423,0.410598531758984
0.8763066800438633,0.4221639627510078,1.1607480384936988,0.0,0.0,0.9133971202937319,0.40706965084505836
0.8747888843334529,0.4238389680425413,1.1591533552920206,0.0,0.0,0.9149764677235211,0.4035072037921851
0.87326245480992,0.425497240897346,1.1575523889883887,0.0,0.0,0.9165539247587221,0.3999111188869129
0.8717274065385088,0.4271387158496475,1.155945202786213,0.0,0.0,0.9181291300080865,0.39628134025032524
0.8701837546695257,0.42876332809682594,1.154331860134452,0.0,0.0,0.919701712936017,0.39261782845733856
0.8686315144381914,0.43037101350197154,1.1527124247251117,0.0,0.0,0.9212712939789557,0.38892056115656876
0.8670707011644898,0.43196170859641775,1.1510869604907281,0.0,0.0,0.9228374846831242,0.3851895336892274
0.8655013302530189,0.433535350582245,1.1494555316018473,0.0,0.0,0.924399887864354,0.38142475970546225
0.8639234171928354,0.4350918773347627,1.1478182024644876,0.0,0.0,0.9259580977907326,0.3776262717764326
0.8623369775573037,0.4366312274049603,1.1461750377175994,0.0,0.0,0.9275117003887196,0.3737941220003679
0.8607420270039439,0.43815334002193146,1.1445261022305149,0.0,0.0,0.9290602734733654,0.3699283826007344
0.8591385812742723,0.4396581550952781,1.1428714611003816,0.0,0.0,0.9306033870031996,0.36602914651455426
0.8575266561936526,0.44114561321747614,1.1412111796496003,0.0,0.0,0.9321406033602786,0.3620965279689045
0.8559062676711331,0.4426156556662274,1.1395453234232376,0.0,0.0,0.9336714776558555,0.3581306630434365
0.8542774316992948,0.4440682244067724,1.137873958186446,0.0,0.0,0.9351955580620033,0.3541317102168321
0.8526401643540925,0.44550326209418356,1.1361971499218644,0.0,0.0,0.9367123861694997,0.3500998508949154
0.8509944817946918,0.44692071207563183,1.1345149648270096,0.0,0.0,0.9382214973721527,0.3460352899181755
0.8493404002633166,0.4483205183926178,1.1328274693116707,0.0,0.0,0.9397224212776596,0.3419382560463993
0.8476779360850829,0.44970262578318565,1.1311347299952796,0.0,0.0,0.9412146821450175,0.33780900241801387
0.8460071056678424,0.4510669796841011,1.129436813704288,0.0,0.0,0.9426977993483547,0.333647806981807
0.844327925502015,0.45241352623300973,1.1277337874695217,0.0,0.0,0.9441712878669823,0.3294549728985801
0.8426404121604327,0.453742212270558,1.1260257185235425,0.0,0.0,0.9456346588013077,0.3252308289103825
0.8409445822981693,0.45505298534249766,1.1243126742979854,0.0,0.0,0.9470874199141733,0.32097572967486887
0.8392404526523816,0.45634579370175155,1.1225947224209045,0.0,0.0,0.9485290761970092,0.3166900560624671
0.8375280400421421,0.45762058631045843,1.1208719307140993,0.0,0.0,0.9499591304601025,0.3123742154139586
0.8358073613682703,0.4588773128419905,1.1191443671904342,0.0,0.0,0.9513770839461252,0.30802864175619704
0.8340784336131714,0.4601159236829351,1.1174121000511608,0.0,0.0,0.9527824369659288,0.3036537959737475
0.8323412738406637,0.4613363699350572,1.115675197683219,0.0,0.0,0.9541746895554967,0.2992501659342426
0.830595899195813,0.46253860341722874,1.1139337286565407,0.0,0.0,0.9555533421527835,0.2948182665654315
0.8288423269047619,0.4637225766673307,1.11218776172134,0.0,0.0,0.9569178962930482,0.29035863988193505
0.8270805742745625,0.4648882429441253,1.1104373658054039,0.0,0.0,0.9582678553211481,0.28587185495988837
0.8253106586929998,0.46603555622910536,1.1086826100113638,0.0,0.0,0.9596027251191319,0.2813585078577438
0.8235325976284272,0.4671644712283062,1.106923563613975,0.0,0.0,0.9609220148473254,0.2768192214817404
0.8217464086295907,0.4682749433740959,1.105160296057378,0.0,0.0,0.9622252376970043,0.2722546453946085
0.8199521093254524,0.4693669288269371,1.103392876952355,0.0,0.0,0.9635119116526063,0.2676654555663478
0.8181497174250236,0.4704403844771127,1.1016213760735876,0.0,0.0,0.9647815602613269,0.2630523540661059
0.8163392507171843,0.47149526794643215,1.0998458633568962,0.0,0.0,0.966033713407856,0.2584160686943223
0.8145207270705098,0.47253153758990224,1.098066408896483,0.0,0.0,0.9672679080918919,0.2537573525546321
0.812694164433094,0.4735491524973722,1.0962830829421628,0.0,0.0,0.9684836892060047,0.24907698356517677
0.8108595808323736,0.47454807249514736,1.0944959558965914,0.0,0.0,0.9696806103113359,0.24437576390926236
0.8090169943749477,0.47552825814757677,1.0927050983124844,0.0,0.0,0.9708582344085689,0.23965451942551938
0.8071664232464001,0.4764896707586096,1.090910580889832,0.0,0.0,0.9720161347015464,0.2349140989380281
0.8053078857111224,0.47743227237332136,1.0891124744731109,0.0,0.0,0.973153895350884,0.23015537352710455
0.8034414001121277,0.47835602577941533,1.0873108500484816,0.0,0.0,0.9742711122149152,0.22537923574169882
0.8015669848708767,0.479260894508688,1.085505778740993,0.0,0.0,0.9753673935752772,0.22058659875470804
0.7996846584870909,0.48014684283847153,1.083697331811769,0.0,0.0,0.9764423608444894,0.2157783954626605
0.7977944395385714,0.48101383579304285,1.081885580655198,0.0,0.0,0.9774956492528772,0.21095557753161284
0.7958963466810159,0.48186183914500497,1.0800705967961126,0.0,0.0,0.9785269085122542,0.20611911439129227
0.7939903986478355,0.48269081941663705,1.0782524518869692,0.0,0.0,0.9795358034538275,0.2012699921798199
0.7920766142499673,0.48350074388121755,1.0764312177050148,0.0,0.0,0.9805220146378766,0.19640921264156586
0.7901550123756902,0.48429158056431576,1.0746069661494562,0.0,0.0,0.981485238932839,0.19153779198097734
0.7882256119904405,0.48506329824505284,1.0727797692386227,0.0,0.0,0.9824251900615502,0.18665675967541864
0.786288432136619,0.48581586645733704,1.0709496991071175,0.0,0.0,0.9833415991125154,0.18176715725026102
0.7843434919334102,0.4865492554910633,1.0691168280029772,0.0,0.0,0.984234215014208,0.17687003701974452
0.7823908105765884,0.48726343639328856,1.0672812282848145,0.0,0.0,0.9851028049705716,0.1719664607971921
0.7804304073383297,0.4879583809693739,1.0654429724189627,0.0,0.0,0.9859471548560368,0.16705749857844207
0.7784623015670235,0.4886340617840968,1.0636021329766163,0.0,0.0,0.9867670695685604,0.1621442272024374
0.7764865126870788,0.4892904521627361,1.0617587826309645,0.0,0.0,0.9875623733393712,0.1572277289930379
0.774503060198734,0.48992752619212343,1.0599129941543222,0.0,0.0,0.9883329099983007,0.15230909038626292
0.7725119636778642,0.4905452587216672,1.0580648404152577,0.0,0.0,0.9890785431937841,0.14738940054719554
0.7705132427757898,0.49114362536434425,1.0562143943757178,0.0,0.0,0.9897991565668192,0.1424697499808758
0.7685069172190767,0.49172260249766486,1.0543617290881413,0.0,0.0,0.9904946538783878,0.13755122914148182
0.7664930068093506,0.4922821672646025,1.0525069176925834,0.0,0.0,0.9911649590900501,0.13263492704419563
0.764471531423092,0.49282229757449897,1.0506500334138205,0.0,0.0,0.9918100163976518,0.12772192988398426
0.7624425110114478,0.4933429721039341,1.048791149558465,0.0,0.0,0.992429790218282,0.12281331966564718
0.7604059656000309,0.4938441702975689,1.0469303395120693,0.0,0.0,0.9930242651308473,0.1179101728492523
0.758361915288722,0.494325872368957,1.0450676767362272,0.0,0.0,0.9935934457708251,0.11301355901509465
0.7563103802514722,0.4947880593013254,1.043203234765676,0.0,0.0,0.994137356679968,0.1081245395521563
0.7542513807361036,0.49523071284832565,1.041337087205391,0.0,0.0,0.9946560421119249,0.10324416637389335
0.7521849370641119,0.4956538155347532,1.039469307727685,0.0,0.0,0.9951495657949325,0.09837348066504982
0.7501110696304596,0.4960573506572388,1.0375999700692913,0.0,0.0,0.995618010652911,0.09351351166296705
0.7480297989033833,0.4964413022849067,1.0357291480284616,0.0,0.0,0.9960614784864591,0.0886652754767563
0.7459411454241824,0.49680565526000414,1.0338569154620447,0.0,0.0,0.9964800896154105,0.08382977394734818
0.7438451298070249,0.49715039519849946,1.0319833462825778,0.0,0.0,0.9968739824847395,0.0790079935513813
0.7417417727387398,0.49747550849065,1.030108514455365,0.0,0.0,0.9972433132357524,0.07420090435149006
0.7396310949786098,0.49778098230153994,1.0282324939955543,0.0,0.0,0.9975882552445994,0.06940945899541409
0.7375131173581742,0.4980668045715862,1.026355358965223,0.0,0.0,0.9979089986302513,0.06463459176608992
0.7353878607810163,0.4983329640170149,1.0244771834704476,0.0,0.0,0.9982057497341709,0.05987721768454177
0.7332553462225605,0.4985794501303069,1.0225980416583802,0.0,0.0,0.9984787305739716,0.055138231667241126
0.7311155947298641,0.4988062531806126,1.0207180077143216,0.0,0.0,0.9987281782734214,0.05041850773925277
0.7289686274214111,0.49901336421413583,1.0188371558587936,0.0,0.0,0.9989543444711797,0.04571889830426603
0.7268144654869031,0.49920077505448757,1.0169555603446077,0.0,0.0,0.9991574947106876,0.04104023347232034
0.7246531301870465,0.49936847830300884,1.0150732954539305,0.0,0.0,0.9993379078136383,0.03638332044578512
0.7224846428533503,0.49951646733906235,1.0131904354953598,0.0,0.0,0.9994958752394494,0.031748942963938376
0.7203090248879069,0.4996447363202947,1.0113070548009804,0.0,0.0,0.9996317004331481,0.02713786080613496
0.718126297763189,0.49975328018286586,1.0094232277234385,0.0,0.0,0.99974569816404,0.022550809353471504
0.7159364830218315,0.4998420946416501,1.0075390286330015,0.0,0.0,0.9998381938574997,0.01798849920846391
0.7137396022764219,0.4999111761904046,1.0056545319146228,0.0,0.0,0.9999095229221631,0.013451615872171436
0.7115356772092853,0.4999605221019081,1.0037698119650058,0.0,0.0,0.9999600300747344,0.008940819477903083
0.709324729572274,0.49999013042806856,1.0018849431896677,0.0,0.0,0.9999900686645563,0.004456744580505264
0.7071067811865478,0.4999999999999999,1.0000000000000002,0.0,0.0,0.9999999999999999,5.053215498074303e-16
0.7048818539423611,0.49999013042806856,0.9981150568103321,0.0,0.0,-0.9999901926786471,0.004428831281765858
0.7026499697988497,0.4999605221019081,0.9962301880349946,0.0,0.0,-0.999961021923141,0.008829192173000685
0.7004111507838064,0.4999111761904046,0.9943454680853776,0.0,0.0,-0.9999128689244785,0.0132005514740452
0.6981654189934728,0.49984209464165014,0.9924609713669988,0.0,0.0,-0.9998461201944111,0.01754240383138897
0.6959127965923146,0.49975328018286586,0.9905767722765617,0.0,0.0,-0.9997611669285115,0.02185426964557174
0.6936533058128054,0.4996447363202947,0.98869294519902,0.0,0.0,-0.9996584043813517,0.02613569493490368
0.6913869689552063,0.4995164673390624,0.9868095645046404,0.0,0.0,-0.9995382312551225,0.03038625115709014
0.6891138083873486,0.4993684783030088,0.9849267045460692,0.0,0.0,-0.9994010491029093,0.03460553499087411
0.6868338465444085,0.49920077505448757,0.9830444396553928,0.0,0.0,-0.9992472617477246,0.0387931680798889
0.6845471059286884,0.49901336421413583,0.9811628441412057,0.0,0.0,-0.9990772747182813,0.04294879674091129
0.6822536091093969,0.4988062531806126,0.9792819922856787,0.0,0.0,-0.9988914947023787,0.047072091638761485
0.6799533787224192,0.4985794501303069,0.9774019583416201,0.0,0.0,-0.9986903290186614,0.05116274743012065
0.6776464374701024,0.49833296401701493,0.9755228165295529,0.0,0.0,-0.9984741851074015,0.055220482378467994
0.6753328081210247,0.49806680457158625,0.9736446410347773,0.0,0.0,-0.998243470040851,0.059245037942436685
0.6730125135097731,0.4977809823015399,0.9717675060044455,0.0,0.0,-0.9979985900536039,0.06323617833976651
0.6706855765367199,0.49747550849065,0.9698914855446354,0.0,0.0,-0.9977399500933173,0.06719369008906069
0.668352020167793,0.4971503951984994,0.9680166537174221,0.0,0.0,-0.997467953392038,0.07111738153151456
0.6660118674342518,0.49680565526000414,0.9661430845379556,0.0,0.0,-0.9971830010582987,0.07500708233470292
0.6636651414324581,0.49644130228490674,0.9642708519715388,0.0,0.0,-0.9968854916900584,0.07886264298050387
0.6613118653236524,0.49605735065723894,0.9624000299307092,0.0,0.0,-0.9965758210084854,0.08268393423914443
0.6589520623337168,0.49565381553475324,0.9605306922723152,0.0,0.0,-0.9962543815125033,0.08647084663133126
0.6565857557529572,0.4952307128483257,0.9586629127946092,0.0,0.0,-0.9959215621539564,0.09022328988028998
0.6542129689358613,0.49478805930132547,0.9567967652343246,0.0,0.0,-0.9955777480331777,0.09394119235557104
0.6518337253008785,0.4943258723689569,0.9549323232637726,0.0,0.0,-0.9952233201146955,0.09762450051028149
0.6494480483301842,0.49384417029756894,0.9530696604879312,0.0,0.0,-0.9948586549627512,0.10127317831343796
0.6470559615694443,0.493342972103934,0.9512088504415349,0.0,0.0,-0.9944841244962531,0.10488720667898746
0.6446574886275915,0.492822297574499,0.94934996658618,0.0,0.0,-0.994100095762758,0.10846658289295825
0.642252653176584,0.4922821672646026,0.9474930823074169,0.0,0.0,-0.9937069307310149,0.11201132004018903
0.6398414789511789,0.491722602497665,0.9456382709118591,0.0,0.0,-0.9933049861015896,0.11552144643191001
0.6374239897486896,0.49114362536434436,0.9437856056242826,0.0,0.0,-0.9928946131350455,0.11899700503545535
0.6350002094287613,0.4905452587216673,0.9419351595847425,0.0,0.0,-0.9924761574971407,0.1224380529072174
0.6325701619131247,0.48992752619212354,0.9400870058456781,0.0,0.0,-0.99204995912047,0.125844660629975
0.6301338711853688,0.48929045216273603,0.9382412173690354,0.0,0.0,-0.9916163520819751,0.1292169117555296
0.627691361290701,0.4886340617840969,0.936397867023384,0.0,0.0,-0.99117566449572,0.13255490225362293
0.6252426563357051,0.4879583809693738,0.9345570275810372,0.0,0.0,-0.9907282184203295,0.13585873996795167
0.6227877804881126,0.4872634363932887,0.9327187717151858,0.0,0.0,-0.9902743297804751,0.139128544080037
0.6203267579765563,0.4865492554910635,0.9308831719970231,0.0,0.0,-0.9898143083017888,0.14236444458168268
0.6178596130903348,0.4858158664573372,0.929050300892883,0.0,0.0,-0.9893484574585918,0.14556658175661374
0.6153863701791714,0.48506329824505295,0.9272202307613777,0.0,0.0,-0.988877074433812,0.14873510567187886
0.6129070536529758,0.4842915805643154,0.9253930338505432,0.0,0.0,-0.9884004500904866,0.1518701756795033
0.6104216879816027,0.48350074388121766,0.9235687822949855,0.0,0.0,-0.9879188689542346,0.15497195992883844
0.607930297694605,0.4826908194166369,0.9217475481130307,0.0,0.0,-0.9874326092061019,0.15804063488998488
0.6054329073810019,0.48186183914500513,0.9199294032038877,0.0,0.0,-0.9869419426851924,0.16107638488859327
0.6029295416890247,0.481013835793043,0.9181144193448024,0.0,0.0,-0.9864471349004997,0.16407940165235635
0.6004202253258841,0.48014684283847164,0.9163026681882314,0.0,0.0,-0.9859484450513797,0.16704988386935932
0.5979049830575192,0.4792608945086881,0.9144942212590074,0.0,0.0,-0.985446126056105,0.1699880367585174
0.5953838397083553,0.4783560257794155,0.9126891499515188,0.0,0.0,-0.9849404245879684,0.1728940716521896
0.5928568201610591,0.47743227237332153,0.91088752552689,0.0,0.0,-0.9844315811184087,0.17576820559108514
0.5903239493562945,0.4764896707586095,0.9090894191101674,0.0,0.0,-0.9839198299666557,0.17861066093150024
0.5877852522924732,0.47552825814757693,0.9072949016875165,0.0,0.0,-0.9834053993554022,0.18142166496491569
0.5852407540255097,0.4745480724951472,0.9055040441034083,0.0,0.0,-0.9828885114720316,0.18420144954992604
0.5826904796685766,0.4735491524973724,0.9037169170578381,0.0,0.0,-0.9823693825349491,0.1869502507564592
0.5801344543918493,0.47253153758990246,0.9019335911035172,0.0,0.0,-0.9818482228645719,0.1896683085222255
0.5775727034222676,0.4714952679464323,0.9001541366431041,0.0,0.0,-0.981325236958571,0.19235586632126556
0.5750052520432788,0.4704403844771129,0.8983786239264128,0.0,0.0,-0.9808006235709518,0.19501317084451603
0.5724321255945913,0.46936692882693726,0.8966071230476452,0.0,0.0,-0.9802745757945981,0.19764047169221408
0.5698533494719236,0.46827494337409614,0.8948397039426227,0.0,0.0,-0.9797472811469126,0.20023802107799862
0.5672689491267565,0.467164471228306,0.8930764363860243,0.0,0.0,-0.9792189216582035,0.20280607354452052
0.5646789500660773,0.46603555622910553,0.891317389988637,0.0,0.0,-0.978689673962491,0.20534488569037557
0.5620833778521301,0.4648882429441255,0.8895626341945964,0.0,0.0,-0.9781597093904172,0.20785471590814297
0.5594822581021675,0.4637225766673309,0.8878122382786607,0.0,0.0,-0.9776291940639662,0.2103358241333135
0.556875616488188,0.46253860341722897,0.8860662713434596,0.0,0.0,-0.9770982889927093,0.2127884716038916
0.5542634787366941,0.46133636993505744,0.8843248023167811,0.0,0.0,-0.9765671501713199,0.2152129206304004
0.5516458706284305,0.46011592368293525,0.8825878999488395,0.0,0.0,-0.9760359286780989,0.2176094343760889
0.5490228179981314,0.4588773128419904,0.8808556328095651,0.0,0.0,-0.9755047707742865,0.21997827664705213
0.5463943467342689,0.45762058631045865,0.8791280692859016,0.0,0.0,-0.9749738180039368,0.22231971169202833
0.5437604827787925,0.4563457937017514,0.8774052775790948,0.0,0.0,-0.9744432072941506,0.22463400401161301
0.541121252126876,0.4550529853424979,0.8756873257020154,0.0,0.0,-0.973913071055478,0.22692141817661854
0.5384766808266598,0.4537422122705582,0.873974281476458,0.0,0.0,-0.97338353728231,0.2291822186553274
0.5358267949789971,0.45241352623300995,0.8722662125304791,0.0,0.0,-0.972854729653096,0.23141666964936183
0.5331716207371885,0.4510669796841013,0.8705631862957123,0.0,0.0,-0.9723267676302312,0.23362503493792508
0.5305111843067348,0.4497026257831859,0.8688652700047212,0.0,0.0,-0.9717997665594769,0.23580757773012045
0.5278455119450667,0.44832051839261805,0.8671725306883298,0.0,0.0,-0.971273837768775,0.237964560525125
0.5251746299612954,0.44692071207563167,0.8654850351729897,0.0,0.0,-0.9707490886663475,0.24009624497991655
0.5224985647159487,0.4455032620941838,0.8638028500781364,0.0,0.0,-0.9702256228379605,0.24220289178432994
0.5198173426207094,0.44406822440677224,0.8621260418135532,0.0,0.0,-0.9697035401432573,0.244284760543171
0.5171309901381573,0.4426156556662277,0.8604546765767631,0.0,0.0,-0.9691829368110694,0.24634210966513806
0.514439533781506,0.44114561321747636,0.8587888203504,0.0,0.0,-0.9686639055336207,0.24837519625830834
0.5117430001143455,0.4396581550952784,0.857128538899619,0.0,0.0,-0.9681465355595507,0.2503842760319424
0.5090414157503712,0.43815334002193174,0.8554738977694855,0.0,0.0,-0.9676309127856895,0.25236960320437496
0.5063348073531334,0.4366312274049606,0.8538249622824013,0.0,0.0,-0.9671171198475264,0.2543314304167411
0.5036232016357611,0.43509187733476296,0.8521817975355128,0.0,0.0,-0.9666052362083145,0.2562700086523368
0.5009066253607095,0.43353535058224485,0.8505444683981521,0.0,0.0,-0.9660953382467724,0.25818558716135726
0.4981851053394914,0.43196170859641797,0.8489130395092721,0.0,0.0,-0.9655874993433341,0.26007841339082177
0.49545866843240755,0.4303710135019718,0.8472875752748882,0.0,0.0,-0.9650817899649176,0.26194873291946086
0.49272734154829173,0.4287633280968262,0.8456681398655487,0.0,0.0,-0.964578277748183,0.26379678939734913
0.4899911516442369,0.4271387158496478,0.844054797213787,0.0,0.0,-0.964077027581251,0.2656228244901031
0.4872501257253328,0.42549724089734625,0.8424476110116121,0.0,0.0,-0.9635781016838666,0.26742707782742636
0.4845042908443979,0.42383896804254156,0.8408466447079798,0.0,0.0,-0.9630815596859903,0.2692097869558248
0.4817536741017146,0.42216396275100715,0.8392519615063002,0.0,0.0,-0.9625874587048057,0.27097118729529956
0.4789983026447613,0.42047229114908474,0.8376636243619375,0.0,0.0,-0.9620958534201351,0.272711512099842
0.47623820366793873,0.41876402002107066,0.8360816959797187,0.0,0.0,-0.9616067961482583,0.27443099242156
0.4734734044123127,0.417039216806586,0.8345062388114713,0.0,0.0,-0.9611203369141376,0.27612985707825033
0.4707039321653326,0.4152979495979064,0.8329373150535432,0.0,0.0,-0.9606365235220428,0.27780833262428273
0.46792981426057356,0.4135402871372811,0.8313749866443614,0.0,0.0,-0.9601554016245896,0.2794666433246075
0.4651510780774587,0.411766298814214,0.8298193152619728,0.0,0.0,-0.9596770147901912,0.2811050111317611
0.4623677510409923,0.4099760546627266,0.8282703623216235,0.0,0.0,-0.9592014045689369,0.28272365566570323
0.45957986062148776,0.40816962535859197,0.8267281889733197,0.0,0.0,-0.9587286105569067,0.284322794196356
0.4567874343342996,0.4063470822165471,0.8251928560994273,0.0,0.0,-0.9582586704589371,0.2859026416287027
0.453990499739547,0.40450849718747395,0.8236644243122583,0.0,0.0,-0.9577916201498499,0.28746341049031937
0.4511890844418447,0.4026539428555608,0.8221429539516817,0.0,0.0,-0.957327493734164,0.2890053109212084
0.4483832160900329,0.40078349243543876,0.8206285050827448,0.0,0.0,-0.9568663236043073,0.2905285506658119
0.4455729223768963,0.39889721976928555,0.8191211374932922,0.0,0.0,-0.9564081404973442,0.29203333506709894
0.4427582310389017,0.39699519932391786,0.817620910691619,0.0,0.0,-0.9559529735502464,0.2935198670625924
0.43993916985591547,0.3950775061878455,0.8161278839041068,0.0,0.0,-0.95550085035372,0.29498834718225414
0.43711576665093343,0.3931442160683099,0.8146421160729005,0.0,0.0,-0.955051797004617,0.29643897354810195
0.4342880492898045,0.39119540528829405,0.8131636658535663,0.0,0.0,-0.954605838156951,0.2978719418754732
0.4314560456809591,0.38923115078351184,0.81169259161279,0.0,0.0,-0.954162997071544,0.29928744547583186
0.4286197837751286,0.38725153009936714,0.8102289514260629,0.0,0.0,-0.9537232956643221,0.3006856752610344
0.42577929156507227,0.3852566213878944,0.8087728030753925,0.0,0.0,-0.9532867545532924,0.3020668197489608
0.4229345970853039,0.3832465034046754,0.807324204047025,0.0,0.0,-0.9528533931042206,0.30343106507042755
0.42008572841180625,0.381221255505724,0.8058832115291663,0.0,0.0,-0.9524232294750352,0.30477859497731263
0.41723271366176545,0.3791809576443611,0.8044498824097369,0.0,0.0,-0.9519962806589883,0.3061095908517945
0.4143755809932845,0.3771256903680522,0.8030242732741129,0.0,0.0,-0.951572562526591,0.3074242317166579
0.4115143586051085,0.37505553481522963,0.8016064404029043,0.0,0.0,-0.9511520898663554,0.3087226942465761
0.408649074736349,0.37297057271209105,0.8001964397697244,0.0,0.0,-0.9507348764243676,0.31000515278030905
0.40577975766620006,0.3708708863693697,0.798794327038984,0.0,0.0,-0.9503209349427141,0.31127177933376177
0.4029064357136629,0.3687565586790872,0.7974001575636928,0.0,0.0,-0.9499102771967922,0.3125227436138265
0.4000291372372644,0.3666276731112798,0.7960139863832737,0.0,0.0,-0.9495029140315268,0.3137582130329646
0.39714789063478123,0.3644843137107063,0.7946358682213938,0.0,0.0,-0.9490988553965197,0.31497835272446306
0.394262724342951,0.36232656509352335,0.7932658574837951,0.0,0.0,-0.9486981103801567,0.3161833255583225
0.3913736668372034,0.36015451244395424,0.791904008256159,0.0,0.0,-0.948300687242699,0.3173732921577128
0.38848074663136645,0.3579682415109159,0.790550374301958,0.0,0.0,-0.9479065934483806,0.3185484109159654
0.38558399227739626,0.35576783860464245,0.7892050090603451,0.0,0.0,-0.9475158356965402,0.3197088380140394
0.3826834323650905,0.35355339059327434,0.7878679656440357,0.0,0.0,-0.9471284199518083,0.32085472743843296
0.3797790955218012,0.35132498489942465,0.7865392968372145,0.0,0.0,-0.9467443514733752,0.3219862309994921
0.3768710104121629,0.34908270949673653,0.7852190550934508,0.0,0.0,-0.9463636348433642,0.3231034983500734
0.37395920573780006,0.3468266529064022,0.7839072925336275,0.0,0.0,-0.9459862739943309,0.32420667700453487
0.3710437102370516,0.34455690419367474,0.7826040609438862,0.0,0.0,-0.9456122722359155,0.3252959123580083
0.368124552684678,0.3422735529643443,0.7813094117735762,0.0,0.0,-0.9452416322806643,0.3263713477059306
0.3652017618915888,0.3399766893612104,0.7800233961332325,0.0,0.0,-0.9448743562690515,0.32743312426378884
0.3622753667045461,0.33766640406051246,0.7787460647925476,0.0,0.0,-0.9445104457937122,0.32848138118706666
0.3593453960058904,0.3353427882683598,0.777477468178378,0.0,0.0,-0.94414990192292,0.329516255591345
0.3564118787132514,0.33300593371712633,0.7762176563727453,0.0,0.0,-0.9437927252233188,0.3305378825725444
0.3534748437792572,0.33065593266182597,0.7749666791108621,0.0,0.0,-0.9434389157819367,0.33154639522728024
0.3505343201912593,0.3282928778764784,0.7737245857791689,0.0,0.0,-0.9430884732275008,0.3325419246732984
0.3475903369710375,0.3259168626504397,0.7724914254133837,0.0,0.0,-0.9427413967510702,0.3335246000699819
0.3446429231745177,0.3235279807847226,0.7712672466965659,0.0,0.0,-0.9423976851260087,0.33449454863889805
0.3416921078914833,0.3211263265882921,0.7700520979571946,0.0,0.0,-0.9420573367273157,0.3354518956843693
0.3387379202452907,0.31871199487434426,0.7688460271672629,0.0,0.0,-0.9417203495503333,0.33639676461404616
0.33578038939258104,0.31628508095656244,0.7676490819403796,0.0,0.0,-0.9413867212288484,0.33732927695946957
0.33281954452298634,0.31384568064534996,0.7664613095298928,0.0,0.0,-0.941056449052605,0.33824955239660254
0.3298554148588536,0.3113938902440568,0.7652827568270235,0.0,0.0,-0.9407295299842495,0.33915770876630996
0.32688802965494257,0.30892980654516716,0.7641134703590143,0.0,0.0,-0.9404059606757181,0.340053862094786
0.3239174181981497,0.3064535268264884,0.7629534962872929,0.0,0.0,-0.9400857374840903,0.34093812661389766
0.32094360980720993,0.30396514884730297,0.7618028804056496,0.0,0.0,-0.9397688564869177,0.3418106147814475
0.3179666338324116,0.30146477084451284,0.760661668138429,0.0,0.0,-0.9394553134970502,0.3426714373013297
0.3149865196553048,0.29895249152875936,0.7595299045387367,0.0,0.0,-0.9391451040769686,0.3435207031435804
0.31200329668841503,0.29642841008052967,0.7584076342866637,0.0,0.0,-0.9388382235526438,0.3443585195642996
0.3090169943749478,0.2938926261462368,0.7572949016875156,0.0,0.0,-0.9385346670269332,0.3451849921254451
0.3060276421885004,0.2913452398342877,0.7561917506700717,0.0,0.0,-0.9382344293925301,0.3460002247144842
0.3030352696327747,0.2887863517111343,0.7550982247848448,0.0,0.0,-0.9379375053444802,0.3468043195638907
0.3000399062412763,0.2862160627972954,0.7540143672023643,0.0,0.0,-0.9376438893922763,0.34759737727049217
0.29704158157703514,0.28363447456337837,0.7529402207114718,0.0,0.0,-0.9373535758715474,0.34837949681464214
0.2940403252323044,0.28104168892606557,0.7518758277176316,0.0,0.0,-0.9370665589553524,0.3491507755792261
0.2910361668282725,0.2784378082440945,0.7508212302412565,0.0,0.0,-0.9367828326650908,0.3499113093684864
0.28802913601476915,0.275822935314215,0.7497764699160483,0.0,0.0,-0.9365023908810434,0.3506611924266635
0.2850192624699763,0.2731971733671346,0.7487415879873578,0.0,0.0,-0.9362252273525549,0.35140051745644446
0.2820065759001298,0.2705606260634381,0.7477166253105492,0.0,0.0,-0.9359513357078676,0.35212937563722024
0.27899110603922894,0.26791339748949794,0.7467016223493954,0.0,0.0,-0.935680709463619,0.3528478566431409
0.2759728826487464,0.2652555921533676,0.7456966191744749,0.0,0.0,-0.935413342034014,0.3535560486609678
0.2729519355173253,0.2625873149806478,0.7447016554615924,0.0,0.0,-0.9351492267396799,0.35425403840772024
0.26992829446049654,0.2599086713103549,0.7437167704902115,0.0,0.0,-0.9348883568162183,0.35494191114810786
0.266901989320376,0.25721976689075354,0.7427420031419045,0.0,0.0,-0.9346307254224581,0.35561975071175356
0.26387304996537264,0.2545207078751854,0.7417773918988171,0.0,0.0,-0.9343763256484248,0.35628763951019804
0.2608415062898969,0.2518116008178803,0.7408229748421491,0.0,0.0,-0.9341251505230317,0.3569456585536844
0.25780738821405996,0.24909255266974548,0.7398787896506533,0.0,0.0,-0.9338771930215019,0.35759388746772575
0.2547707256833825,0.246363670774146,0.7389448735991422,0.0,0.0,-0.9336324460725326,0.3582324045094462
0.25173154866849673,0.24362506286266578,0.7380212635570238,0.0,0.0,-0.9333909025652066,0.35886128658370064
0.2486898871648555,0.24087683705085822,0.737107995986841,0.0,0.0,-0.9331525553556621,0.3594806092589667
0.24564577119242634,0.2381191018339695,0.7362051069428333,0.0,0.0,-0.9329173972735263,0.3600904467830126
0.2425992307954085,0.23535196608266717,0.7353126320695141,0.0,0.0,-0.9326854211281224,0.3606908720983344
0.2395502960419222,0.23257553903872946,0.7344306066002636,0.0,0.0,-0.9324566197144563,0.3612819568573691
0.23649899702372437,0.2297899303107436,0.7335590653559368,0.0,0.0,-0.9322309858189909,0.36186377143747384
0.2334453638559053,0.22699524986977326,0.7326980427434895,0.0,0.0,-0.9320085122252143,0.36243638495568087
0.23038942667659068,0.22419160804501617,0.7318475727546212,0.0,0.0,-0.931789191719009,0.3629998652832199
0.2273312156466467,0.22137911551945097,0.7310076889644291,0.0,0.0,-0.931573017093829,0.36355427905981325
0.22427076094938078,0.21855788332546605,0.7301784245300886,0.0,0.0,-0.9313599811556907,0.36409969170774015
0.22120809279024778,0.21572802284048007,0.7293598121895392,0.0,0.0,-0.9311500767279843,0.3646361674456728
0.21814324139654254,0.21288964578253627,0.7285518842601941,0.0,0.0,-0.9309432966561111,0.3651637693022843
0.21507623701711442,0.21004286420590407,0.727754672637665,0.0,0.0,-0.9307396338119525,0.3656825591296264
0.212007109922055,0.20718779049664238,0.7269682087945015,0.0,0.0,-0.9305390810981766,0.3661925976162833
0.20893589040241137,0.2043245373681742,0.7261925237789493,0.0,0.0,-0.9303416314523891,0.36669394430029373
0.20586260876988205,0.201453217856832,0.725427648213725,0.0,0.0,-0.9301472778511305,0.36718665758185143
0.20278729535651255,0.19857394531739034,0.7246736122948059,0.0,0.0,-0.9299560133137275,0.3676707947357776
0.19970998051440728,0.19568683341860144,0.7239304457902388,0.0,0.0,-0.9297678309060035,0.36814641192376885
0.1966306946154205,0.19279199613869868,0.7231981780389659,0.0,0.0,-0.9295827237438508,0.3686135642064242
0.1935494680508609,0.18988954776090114,0.7224768379496626,0.0,0.0,-0.9294006849966717,0.369072305555046
0.19046633123118983,0.18697960286890017,0.7217664539996016,0.0,0.0,-0.9292217078906913,0.36952268886322365
0.1873813145857239,0.1840622763423383,0.7210670542335247,0.0,0.0,-0.9290457857121464,0.3699647659581931
0.18429444856233365,0.18113768335227315,0.7203786662625368,0.0,0.0,-0.9288729118103559,0.3703985876119814
0.181205763627137,0.17820593935662501,0.7197013172630166,0.0,0.0,-0.9287030796006759,0.37082420355233076
0.17811529026421086,0.17526716009563018,0.7190350339755425,0.0,0.0,-0.9285362825673431,0.371241662473407
0.1750230589752761,0.17232146158725856,0.7183798427038379,0.0,0.0,-0.9283725142662103,0.37165101204629475
0.17192910027940977,0.1693689601226459,0.7177357693137323,0.0,0.0,-0.9282117683273797,0.37205229892927494
0.1688334447127343,0.16640977226149373,0.7171028392321409,0.0,0.0,-0.9280540384577347,0.37244556877789453
0.1657361228281203,0.16344401482747184,0.7164810774460585,0.0,0.0,-0.9278993184433743,0.3728308662548225
0.16263716519488353,0.1604718049036047,0.7158705085015766,0.0,0.0,-0.9277476021519557,0.3732082350394968
0.1595366023984864,0.15749325982765253,0.7152711565029116,0.0,0.0,-0.9275988835349456,0.37357771783756366
0.15643446504023117,0.15450849718747403,0.714683045111454,0.0,0.0,-0.9274531566297839,0.3739393563901097
0.15333078373696027,0.15151763481638664,0.7141061975448344,0.0,0.0,-0.9273104155619638,0.37429319148269025
0.15022558912075776,0.14852079078851813,0.7135406365760073,0.0,0.0,-0.9271706545470314,0.3746392629541507
0.1471189118386374,0.14551808341413594,0.712986384532351,0.0,0.0,-0.9270338678925043,0.37497760970525007
0.14401078255225236,0.14250963123498828,0.7124434632947871,0.0,0.0,-0.9269000499997172,0.37530826970707926
0.14090123193758305,0.13949555301961503,0.7119118942969174,0.0,0.0,-0.9267691953655928,0.37563128000928186
0.13779029068463866,0.1364759677586632,0.7113916985241742,0.0,0.0,-0.926641298584342,0.3759466767480785
0.1346779894971525,0.1334509946601877,0.710882896512997,0.0,0.0,-0.926516354349096,0.37625449515409154
0.1315643590922826,0.13042075314494858,0.7103855083500178,0.0,0.0,-0.9263943574534732,0.37655476955997574
0.12844943020030314,0.12738536284169139,0.7098995536712696,0.0,0.0,-0.9262753027930812,0.37684753340785665
0.12533323356430384,0.12434494358242701,0.7094250516614107,0.0,0.0,-0.9261591853669581,0.3771328192565751
0.12221579993989011,0.12129961539770438,0.7089620210529683,0.0,0.0,-0.9260460002789542,0.37741065878874036
0.11909716009486973,0.11824949851186234,0.7085104801255979,0.0,0.0,-0.9259357427390567,0.37768108281759527
0.11597734480896155,0.11519471333829548,0.7080704467053619,0.0,0.0,-0.9258284080646583,0.37794412129369137
0.11285638487348207,0.11213538047469097,0.707641938164027,0.0,0.0,-0.9257239916817724,0.37819980331137865
0.10973431109104495,0.10907162069827098,0.7072249714183757,0.0,0.0,-0.9256224891261979,0.3784481571151081
0.1066111542752598,0.10600355496102722,0.706819562929542,0.0,0.0,-0.9255238960446313,0.37868921010555157
0.1034869452504226,0.10293130438494075,0.7064257287023583,0.0,0.0,-0.9254282081957332,0.37892298884553627
0.10036171485121516,0.09985499025720378,0.706043484284726,0.0,0.0,-0.9253354214511469,0.37914951906580097
0.09723549392239891,0.09677473402542973,0.7056728447669998,0.0,0.0,-0.9252455317964715,0.37936882567056635
0.09410831331851498,0.09369065729286297,0.7053138247813935,0.0,0.0,-0.9251585353321917,0.37958093274293103
0.09098020390356988,0.09060288181356865,0.7049664385014012,0.0,0.0,-0.925074428274566,0.37978586355008637
0.08785119655074422,0.08751152948763906,0.7046306996412386,0.0,0.0,-0.924993206956472,0.37998364054835454
0.0847213221420738,0.0844167223563673,0.7043066214553007,0.0,0.0,-0.9249148678282155,0.38017428538805
0.08159061156815722,0.08131858259744147,0.7039942167376396,0.0,0.0,-0.924839407458297,0.38035781891816833
0.07845909572784569,0.07821723252011618,0.7036934978214588,0.0,0.0,-0.9247668225341446,0.38053426119089717
0.07532680552793278,0.07511279456037859,0.7034044765786258,0.0,0.0,-0.9246971098628093,0.38070363146595737
0.07219377188286084,0.07200539127612633,0.7031271644192048,0.0,0.0,-0.9246302663716258,0.3808659482147705
0.06906002571440537,0.0688951453423186,0.7028615722910048,0.0,0.0,-0.9245662891088385,0.3810212291244564
0.06592559795137849,0.06578217954614189,0.7026077106791482,0.0,0.0,-0.9245051752441967,0.38116949110165793
0.06279051952931332,0.06266661678215207,0.7023655896056568,0.0,0.0,-0.9244469220695153,0.3813107502762009
0.05965482139017173,0.0595485800474359,0.702135218629056,0.0,0.0,-0.9243915269992068,0.3814450220045802
0.05651853448202487,0.05642819243674118,0.7019166068439976,0.0,0.0,-0.9243389875707809,0.381572320873283
0.05338168975876012,0.05330557713762961,0.7017097628809004,0.0,0.0,-0.9242893014453175,0.38169266070194086
0.050244318179770285,0.05018085742560817,0.7015146949056101,0.0,0.0,-0.9242424664079079,0.3818060545463196
0.0471064507096427,0.0470541566592572,0.701331410619076,0.0,0.0,-0.9241984803680706,0.38191251470114046
0.04396811831786514,0.04392559827537182,0.7011599172570483,0.0,0.0,-0.924157341360139,0.38201205270273775
0.040829351978510425,0.0407953057840792,0.701000221589791,0.0,0.0,-0.9241190475436221,0.38210467933155273
0.03769018266993516,0.037663402763966985,0.7008523299218159,0.0,0.0,-0.924083597203539,0.3821904046144635
0.0345506413744722,0.03453001285720283,0.7007162480916325,0.0,0.0,-0.9240509887507304,0.38226923782695016
0.031410759078127536,0.03139525976465593,0.7005919814715185,0.0,0.0,-0.9240212207221411,0.38234118749510115
0.028270566770273575,0.028259267241012586,0.7004795349673075,0.0,0.0,-0.9239942917810817,0.38240626139745304
0.025130095443337108,0.025122159089884407,0.7003789130181948,0.0,0.0,-0.9239702007174637,0.3824644665666728
0.02198937609250582,0.021984059158933165,0.7002901195965626,0.0,0.0,-0.9239489464480133,0.3825158092910752
0.018848439715408196,0.01884509133496729,0.7002131582078233,0.0,0.0,-0.9239305280164588,0.38256029511598233
0.01570731731182089,0.01570537953906436,0.7001480318902804,0.0,0.0,-0.9239149445936985,0.38259792884492044
0.012566039883353019,0.01256504772166915,0.70009474321501,0.0,0.0,-0.9239021954779432,0.3826287145406581
0.009424638433144613,0.009424219857704695,0.7000532942857572,0.0,0.0,-0.9238922800948371,0.38265265552608246
0.006283143965558866,0.006283019941676219,0.7000236867388552,0.0,0.0,-0.9238851979975577,0.38266975438491774
0.003141587485879674,0.003141571982779586,0.7000059217431589,0.0,0.0,-0.923880948866891,0.38268001296228293
