t,x,y,z,qw,qx,qy,qz
6.123233995736766e-17,6.123233995736766e-17,0.7,0.38268343236508984,0.0,0.0,-0.9238795325112866
-0.00628314396555872,-0.006283019941676073,0.7000236867388552,0.38266975438491774,0.0,0.0,-0.9238851979975577
-0.012566039883352653,-0.012565047721668785,0.70009474321501,0.3826287145406581,0.0,0.0,-0.9239021954779432
-0.01884843971540805,-0.018845091334967146,0.7002131582078233,0.38256029511598233,0.0,0.0,-0.9239305280164588
-0.025130095443337407,-0.025122159089884705,0.7003789130181948,0.3824644665666728,0.0,0.0,-0.9239702007174637
-0.031410759078128056,-0.03139525976465645,0.7005919814715185,0.38234118749510115,0.0,0.0,-0.9240212207221411
-0.037690182669934576,-0.037663402763966396,0.7008523299218159,0.3821904046144635,0.0,0.0,-0.924083597203539
-0.04396811831786477,-0.04392559827537146,0.7011599172570483,0.38201205270273775,0.0,0.0,-0.924157341360139
-0.05024431817976947,-0.050180857425607364,0.7015146949056099,0.3818060545463196,0.0,0.0,-0.9242424664079079
-0.05651853448202428,-0.0564281924367406,0.7019166068439975,0.381572320873283,0.0,0.0,-0.9243389875707809
-0.0627905195293134,-0.06266661678215216,0.7023655896056566,0.3813107502762009,0.0,0.0,-0.9244469220695153
-0.06906002571440566,-0.0688951453423189,0.7028615722910047,0.38102122912445624,0.0,0.0,-0.9245662891088385
-0.07532680552793264,-0.07511279456037845,0.7034044765786258,0.38070363146595737,0.0,0.0,-0.9246971098628093
-0.08159061156815753,-0.08131858259744178,0.7039942167376396,0.38035781891816856,0.0,0.0,-0.9248394074582968
-0.0878511965507432,-0.08751152948763806,0.7046306996412384,0.37998364054835454,0.0,0.0,-0.924993206956472
-0.09410831331851417,-0.09369065729286218,0.7053138247813934,0.37958093274293103,0.0,0.0,-0.9251585353321917
-0.10036171485121502,-0.09985499025720365,0.7060434842847259,0.37914951906580097,0.0,0.0,-0.9253354214511469
-0.10661115427525988,-0.1060035549610273,0.706819562929542,0.37868921010555157,0.0,0.0,-0.9255238960446313
-0.11285638487348171,-0.11213538047469061,0.7076419381640269,0.37819980331137865,0.0,0.0,-0.9257239916817724
-0.11909716009486959,-0.1182494985118622,0.7085104801255977,0.37768108281759527,0.0,0.0,-0.9259357427390567
-0.12533323356430437,-0.12434494358242752,0.7094250516614107,0.3771328192565751,0.0,0.0,-0.9261591853669581
-0.13156435909228245,-0.13042075314494844,0.7103855083500177,0.3765547695599755,0.0,0.0,-0.9263943574534732
-0.13779029068463808,-0.13647596775866264,0.7113916985241742,0.3759466767480787,0.0,0.0,-0.926641298584342
-0.144010782552252,-0.14250963123498792,0.7124434632947871,0.37530826970707926,0.0,0.0,-0.9269000499997172
-0.15022558912075717,-0.14852079078851757,0.7135406365760071,0.37463926295415084,0.0,0.0,-0.9271706545470313
-0.1564344650402308,-0.15450849718747367,0.7146830451114539,0.3739393563901097,0.0,0.0,-0.9274531566297839
-0.1626371651948834,-0.16047180490360455,0.7158705085015766,0.3732082350394968,0.0,0.0,-0.9277476021519557
-0.16883344471273393,-0.1664097722614934,0.7171028392321406,0.3724455687778947,0.0,0.0,-0.9280540384577346
-0.17502305897527617,-0.17232146158725864,0.7183798427038378,0.37165101204629475,0.0,0.0,-0.9283725142662103
-0.1812057636271373,-0.1782059393566253,0.7197013172630164,0.3708242035523306,0.0,0.0,-0.9287030796006761
-0.1873813145857244,-0.18406227634233877,0.7210670542335245,0.3699647659581931,0.0,0.0,-0.9290457857121464
-0.19354946805086032,-0.1898895477609006,0.7224768379496627,0.3690723055550462,0.0,0.0,-0.9294006849966717
-0.19970998051440692,-0.1956868334186011,0.7239304457902389,0.36814641192376907,0.0,0.0,-0.9297678309060033
-0.20586260876988127,-0.20145321785683126,0.7254276482137247,0.36718665758185143,0.0,0.0,-0.9301472778511305
-0.21200710992205443,-0.20718779049664185,0.7269682087945013,0.3661925976162833,0.0,0.0,-0.9305390810981766
-0.21814324139654262,-0.21288964578253636,0.7285518842601941,0.3651637693022843,0.0,0.0,-0.9309432966561111
-0.2242707609493811,-0.21855788332546633,0.7301784245300887,0.36409969170774015,0.0,0.0,-0.9313599811556907
-0.23038942667659054,-0.22419160804501603,0.7318475727546208,0.3629998652832199,0.0,0.0,-0.931789191719009
-0.23649899702372468,-0.22978993031074388,0.7335590653559367,0.36186377143747384,0.0,0.0,-0.9322309858189909
-0.2425992307954075,-0.2353519660826663,0.735312632069514,0.36069087209833456,0.0,0.0,-0.9326854211281222
-0.24868988716485468,-0.2408768370508575,0.737107995986841,0.3594806092589669,0.0,0.0,-0.933152555355662
-0.2547707256833823,-0.24636367077414587,0.7389448735991423,0.3582324045094462,0.0,0.0,-0.9336324460725326
-0.26084150628989694,-0.25181160081788034,0.7408229748421493,0.3569456585536844,0.0,0.0,-0.9341251505230317
-0.2669019893203756,-0.2572197668907532,0.7427420031419043,0.3556197507117537,0.0,0.0,-0.9346307254224581
-0.2729519355173251,-0.2625873149806477,0.7447016554615924,0.35425403840772024,0.0,0.0,-0.9351492267396799
-0.2789911060392294,-0.2679133974894984,0.7467016223493955,0.3528478566431407,0.0,0.0,-0.9356807094636191
-0.2850192624699761,-0.27319717336713445,0.7487415879873573,0.35140051745644446,0.0,0.0,-0.9362252273525549
-0.2910361668282719,-0.278437808244094,0.7508212302412562,0.3499113093684866,0.0,0.0,-0.9367828326650908
-0.2970415815770348,-0.28363447456337804,0.7529402207114717,0.34837949681464214,0.0,0.0,-0.9373535758715474
-0.3030352696327741,-0.2887863517111338,0.7550982247848449,0.3468043195638909,0.0,0.0,-0.9379375053444801
-0.3090169943749474,-0.29389262614623646,0.7572949016875157,0.34518499212544534,0.0,0.0,-0.9385346670269331
-0.3149865196553046,-0.2989524915287592,0.7595299045387368,0.34352070314358063,0.0,0.0,-0.9391451040769685
-0.3209436098072096,-0.3039651488473027,0.7618028804056494,0.3418106147814475,0.0,0.0,-0.9397688564869177
-0.3268880296549426,-0.3089298065451672,0.7641134703590143,0.340053862094786,0.0,0.0,-0.9404059606757181
-0.3328195445229866,-0.3138456806453501,0.766461309529893,0.33824955239660254,0.0,0.0,-0.941056449052605
-0.3387379202452912,-0.31871199487434465,0.7688460271672631,0.33639676461404594,0.0,0.0,-0.9417203495503335
-0.3446429231745171,-0.32352798078472217,0.7712672466965658,0.33449454863889827,0.0,0.0,-0.9423976851260087
-0.35053432019125913,-0.32829287787647826,0.7737245857791688,0.3325419246732984,0.0,0.0,-0.9430884732275008
-0.35641187871325064,-0.3330059337171257,0.7762176563727453,0.3305378825725448,0.0,0.0,-0.9437927252233187
-0.36227536670454547,-0.337666404060512,0.7787460647925478,0.3284813811870671,0.0,0.0,-0.9445104457937121
-0.36812455268467803,-0.34227355296434436,0.7813094117735765,0.3263713477059306,0.0,0.0,-0.9452416322806643
-0.37395920573780034,-0.3468266529064024,0.7839072925336279,0.3242066770045347,0.0,0.0,-0.9459862739943309
-0.37977909552180106,-0.35132498489942454,0.7865392968372142,0.3219862309994921,0.0,0.0,-0.9467443514733752
-0.38558399227739654,-0.35576783860464267,0.7892050090603453,0.3197088380140394,0.0,0.0,-0.9475158356965402
-0.3913736668372024,-0.36015451244395347,0.7919040082561584,0.31737329215771326,0.0,0.0,-0.9483006872426989
-0.3971478906347805,-0.3644843137107057,0.7946358682213933,0.3149783527244633,0.0,0.0,-0.9490988553965197
-0.4029064357136628,-0.3687565586790871,0.7974001575636926,0.3125227436138265,0.0,0.0,-0.9499102771967922
-0.40864907473634904,-0.3729705727120911,0.8001964397697244,0.31000515278030905,0.0,0.0,-0.9507348764243676
-0.41437558099328414,-0.377125690368052,0.8030242732741131,0.3074242317166581,0.0,0.0,-0.9515725625265908
-0.4200857284118063,-0.38122125550572405,0.8058832115291668,0.30477859497731263,0.0,0.0,-0.9524232294750352
-0.42577929156507277,-0.38525662138789474,0.8087728030753931,0.3020668197489604,0.0,0.0,-0.9532867545532925
-0.43145604568095874,-0.3892311507835116,0.8116925916127897,0.2992874454758321,0.0,0.0,-0.954162997071544
-0.4371157666509327,-0.39314421606830935,0.8146421160728996,0.2964389735481024,0.0,0.0,-0.9550517970046168
-0.44275823103890133,-0.3969951993239176,0.8176209106916184,0.29351986706259264,0.0,0.0,-0.9559529735502464
-0.4483832160900321,-0.40078349243543826,0.8206285050827443,0.29052855066581235,0.0,0.0,-0.9568663236043072
-0.4539904997395467,-0.4045084971874737,0.8236644243122581,0.2874634104903198,0.0,0.0,-0.9577916201498498
-0.4595798606214878,-0.408169625358592,0.8267281889733197,0.284322794196356,0.0,0.0,-0.9587286105569067
-0.46515107807745837,-0.4117662988142138,0.8298193152619731,0.2811050111317615,0.0,0.0,-0.9596770147901911
-0.47070393216533263,-0.4152979495979064,0.8329373150535436,0.27780833262428273,0.0,0.0,-0.9606365235220428
-0.4762382036679392,-0.41876402002107094,0.8360816959797194,0.27443099242155977,0.0,0.0,-0.9616067961482583
-0.481753674101715,-0.42216396275100737,0.8392519615063009,0.2709711872952991,0.0,0.0,-0.9625874587048059
-0.48725012572533205,-0.4254972408973458,0.8424476110116113,0.26742707782742675,0.0,0.0,-0.9635781016838666
-0.49272734154829173,-0.4287633280968262,0.8456681398655482,0.26379678939734913,0.0,0.0,-0.964578277748183
-0.4981851053394907,-0.4319617085964175,0.8489130395092717,0.2600784133908222,0.0,0.0,-0.965587499343334
-0.5036232016357607,-0.43509187733476273,0.8521817975355125,0.2562700086523372,0.0,0.0,-0.9666052362083144
-0.5090414157503712,-0.43815334002193174,0.8554738977694855,0.25236960320437496,0.0,0.0,-0.9676309127856895
-0.5144395337815064,-0.4411456132174766,0.8587888203504003,0.24837519625830812,0.0,0.0,-0.9686639055336207
-0.5198173426207094,-0.44406822440677224,0.8621260418135537,0.244284760543171,0.0,0.0,-0.9697035401432573
-0.5251746299612954,-0.44692071207563167,0.8654850351729901,0.24009624497991655,0.0,0.0,-0.9707490886663475
-0.5305111843067337,-0.4497026257831853,0.86886527000472,0.23580757773012131,0.0,0.0,-0.9717997665594765
-0.5358267949789963,-0.4524135262330096,0.8722662125304781,0.23141666964936228,0.0,0.0,-0.9728547296530959
-0.5411212521268756,-0.4550529853424977,0.8756873257020147,0.22692141817661876,0.0,0.0,-0.973913071055478
-0.5463943467342689,-0.45762058631045865,0.8791280692859011,0.22231971169202833,0.0,0.0,-0.9749738180039368
-0.5516458706284301,-0.4601159236829351,0.8825878999488392,0.21760943437608912,0.0,0.0,-0.9760359286780989
-0.556875616488188,-0.46253860341722897,0.8860662713434597,0.21278847160389142,0.0,0.0,-0.9770982889927093
-0.5620833778521306,-0.46488824294412573,0.8895626341945967,0.20785471590814253,0.0,0.0,-0.9781597093904173
-0.5672689491267561,-0.4671644712283059,0.8930764363860246,0.20280607354452074,0.0,0.0,-0.9792189216582035
-0.5724321255945906,-0.4693669288269369,0.8966071230476447,0.19764047169221471,0.0,0.0,-0.9802745757945981
-0.5775727034222673,-0.47149526794643215,0.9001541366431038,0.19235586632126578,0.0,0.0,-0.981325236958571
-0.5826904796685758,-0.4735491524973721,0.9037169170578371,0.18695025075645985,0.0,0.0,-0.982369382534949
-0.5877852522924729,-0.47552825814757677,0.9072949016875157,0.1814216649649159,0.0,0.0,-0.983405399355402
-0.5928568201610591,-0.47743227237332153,0.9108875255268895,0.17576820559108514,0.0,0.0,-0.9844315811184087
-0.5979049830575188,-0.47926089450868803,0.9144942212590071,0.1699880367585176,0.0,0.0,-0.985446126056105
-0.6029295416890247,-0.481013835793043,0.9181144193448024,0.16407940165235613,0.0,0.0,-0.9864471349004997
-0.6079302976946054,-0.48269081941663705,0.921747548113031,0.15804063488998424,0.0,0.0,-0.9874326092061021
-0.6129070536529762,-0.4842915805643156,0.9253930338505434,0.15187017567950287,0.0,0.0,-0.9884004500904868
-0.6178596130903341,-0.485815866457337,0.9290503008928824,0.14556658175661463,0.0,0.0,-0.9893484574585917
-0.6227877804881126,-0.4872634363932887,0.9327187717151858,0.139128544080037,0.0,0.0,-0.9902743297804751
-0.6276913612907002,-0.48863406178409674,0.9363978670233836,0.13255490225362382,0.0,0.0,-0.99117566449572
-0.6325701619131243,-0.4899275261921235,0.9400870058456778,0.12584466062997524,0.0,0.0,-0.99204995912047
-0.6374239897486896,-0.49114362536434436,0.9437856056242826,0.11899700503545513,0.0,0.0,-0.9928946131350455
-0.6422526531765843,-0.4922821672646027,0.9474930823074172,0.1120113200401886,0.0,0.0,-0.9937069307310149
-0.6470559615694443,-0.493342972103934,0.9512088504415349,0.10488720667898746,0.0,0.0,-0.9944841244962531
-0.6518337253008785,-0.4943258723689569,0.9549323232637726,0.09762450051028126,0.0,0.0,-0.9952233201146956
-0.6565857557529562,-0.49523071284832554,0.9586629127946085,0.09022328988029153,0.0,0.0,-0.9959215621539563
-0.661311865323652,-0.4960573506572389,0.9624000299307088,0.08268393423914487,0.0,0.0,-0.9965758210084853
-0.6660118674342514,-0.4968056552600041,0.9661430845379554,0.07500708233470359,0.0,0.0,-0.9971830010582987
-0.6706855765367199,-0.49747550849065,0.9698914855446354,0.06719369008906069,0.0,0.0,-0.9977399500933173
-0.675332808121024,-0.49806680457158614,0.9736446410347768,0.05924503794243779,0.0,0.0,-0.998243470040851
-0.6799533787224192,-0.4985794501303069,0.9774019583416201,0.05116274743012065,0.0,0.0,-0.9986903290186614
-0.6845471059286887,-0.49901336421413583,0.981162844141206,0.04294879674091062,0.0,0.0,-0.9990772747182813
-0.6891138083873483,-0.4993684783030088,0.9849267045460689,0.034605534990874556,0.0,0.0,-0.9994010491029093
-0.6936533058128048,-0.4996447363202947,0.9886929451990195,0.02613569493490479,0.0,0.0,-0.9996584043813517
-0.6981654189934725,-0.4998420946416501,0.9924609713669986,0.017542403831389414,0.0,0.0,-0.999846120194411
-0.7026499697988491,-0.4999605221019081,0.9962301880349941,0.008829192173001795,0.0,0.0,-0.9999610219231408
-0.7071067811865475,-0.5,0.9999999999999999,2.83276944882399e-16,0.0,0.0,-0.9999999999999999
-0.7115356772092853,-0.4999605221019081,1.0037698119650058,0.008940819477903305,0.0,0.0,0.9999600300747343
-0.7159364830218312,-0.4998420946416501,1.0075390286330013,0.017988499208463467,0.0,0.0,0.9998381938574998
-0.7203090248879069,-0.4996447363202947,1.0113070548009804,0.027137860806135183,0.0,0.0,0.9996317004331482
-0.7246531301870468,-0.4993684783030088,1.015073295453931,0.03638332044578601,0.0,0.0,0.9993379078136382
-0.7289686274214113,-0.49901336421413583,1.0188371558587939,0.04571889830426692,0.0,0.0,0.9989543444711797
-0.73325534622256,-0.49857945013030697,1.0225980416583798,0.0551382316672398,0.0,0.0,0.9984787305739716
-0.7375131173581742,-0.4980668045715862,1.026355358965223,0.06463459176609014,0.0,0.0,0.9979089986302513
-0.7417417727387392,-0.4974755084906501,1.0301085144553643,0.07420090435148874,0.0,0.0,0.9972433132357525
-0.7459411454241822,-0.49680565526000414,1.0338569154620445,0.08382977394734774,0.0,0.0,0.9964800896154105
-0.7501110696304596,-0.4960573506572388,1.0375999700692913,0.09351351166296727,0.0,0.0,0.9956180106529109
-0.7542513807361039,-0.4952307128483256,1.0413370872053915,0.10324416637389401,0.0,0.0,0.994656042111925
-0.758361915288722,-0.494325872368957,1.0450676767362272,0.11301355901509465,0.0,0.0,0.9935934457708251
-0.7624425110114478,-0.4933429721039341,1.048791149558465,0.1228133196656474,0.0,0.0,0.992429790218282
-0.7664930068093497,-0.4922821672646027,1.0525069176925828,0.13263492704419363,0.0,0.0,0.9911649590900504
-0.7705132427757895,-0.4911436253643443,1.0562143943757176,0.14246974998087517,0.0,0.0,0.9897991565668193
-0.7745030601987338,-0.4899275261921235,1.059912994154322,0.1523090903862625,0.0,0.0,0.9883329099983007
-0.7784623015670235,-0.4886340617840968,1.0636021329766163,0.1621442272024374,0.0,0.0,0.9867670695685604
-0.7823908105765879,-0.48726343639328873,1.067281228284814,0.17196646079719077,0.0,0.0,0.9851028049705718
-0.786288432136619,-0.48581586645733704,1.0709496991071175,0.18176715725026102,0.0,0.0,0.9833415991125154
-0.7901550123756905,-0.4842915805643156,1.0746069661494564,0.1915377919809782,0.0,0.0,0.9814852389328388
-0.7939903986478352,-0.4826908194166371,1.078252451886969,0.20126999217981947,0.0,0.0,0.9795358034538276
-0.7977944395385709,-0.4810138357930431,1.0818855806551975,0.21095557753161154,0.0,0.0,0.9774956492528775
-0.8015669848708765,-0.4792608945086881,1.0855057787409927,0.2205865987547076,0.0,0.0,0.9753673935752774
-0.805307885711122,-0.4774322723733216,1.0891124744731104,0.23015537352710347,0.0,0.0,0.9731538953508843
-0.8090169943749475,-0.4755282581475769,1.0927050983124842,0.23965451942551871,0.0,0.0,0.970858234408569
-0.812694164433094,-0.47354915249737217,1.0962830829421628,0.24907698356517696,0.0,0.0,0.9684836892060047
-0.8163392507171837,-0.4714952679464324,1.0998458633568957,0.25841606869432127,0.0,0.0,0.9660337134078563
-0.8199521093254524,-0.46936692882693704,1.103392876952355,0.267665455566348,0.0,0.0,0.9635119116526062
-0.8235325976284276,-0.46716447122830596,1.1069235636139754,0.2768192214817412,0.0,0.0,0.9609220148473251
-0.8270805742745617,-0.4648882429441258,1.1104373658054032,0.2858718549598865,0.0,0.0,0.9582678553211487
-0.8305958991958128,-0.4625386034172289,1.1139337286565405,0.29481826656543103,0.0,0.0,0.9555533421527835
-0.8340784336131714,-0.460115923682935,1.117412100051161,0.3036537959737475,0.0,0.0,0.9527824369659288
-0.8375280400421417,-0.45762058631045877,1.1208719307140986,0.31237421541395755,0.0,0.0,0.9499591304601028
-0.840944582298169,-0.45505298534249783,1.1243126742979852,0.3209757296748684,0.0,0.0,0.9470874199141734
-0.8443279255020149,-0.4524135262330099,1.1277337874695215,0.32945497289857967,0.0,0.0,0.9441712878669825
-0.8476779360850834,-0.44970262578318543,1.1311347299952799,0.3378090024180145,0.0,0.0,0.9412146821450172
-0.850994481794692,-0.4469207120756318,1.1345149648270096,0.3460352899181757,0.0,0.0,0.9382214973721527
-0.854277431699295,-0.44406822440677235,1.137873958186446,0.3541317102168323,0.0,0.0,0.9351955580620032
-0.8575266561936523,-0.4411456132174765,1.1412111796495998,0.3620965279689033,0.0,0.0,0.9321406033602792
-0.8607420270039438,-0.4381533400219316,1.1445261022305147,0.3699283826007338,0.0,0.0,0.9290602734733656
-0.8639234171928353,-0.43509187733476284,1.1478182024644874,0.37762627177643215,0.0,0.0,0.9259580977907327
-0.86707070116449,-0.4319617085964177,1.1510869604907281,0.38518953368922765,0.0,0.0,0.922837484683124
-0.8701837546695254,-0.4287633280968263,1.1543318601344517,0.3926178284573377,0.0,0.0,0.9197017129360173
-0.8732624548099199,-0.42549724089734614,1.1575523889883885,0.39991111888691244,0.0,0.0,0.9165539247587222
-0.8763066800438636,-0.4221639627510075,1.160748038493699,0.407069650845059,0.0,0.0,0.9133971202937315
-0.879316310190556,-0.41876402002107105,1.1639183040202805,0.41409393346459356,0.0,0.0,0.9102341535384291
-0.8822912264349531,-0.4152979495979065,1.1670626849464563,0.4209847193796787,0.0,0.0,0.9070677295818725
-0.8852313113324553,-0.4117662988142136,1.170180684738027,0.42774298516850906,0.0,0.0,0.9039004030528653
-0.8881364488135444,-0.4081696253585921,1.1732718110266802,0.4343699121563458,0.0,0.0,0.9007345776716292
-0.8910065241883677,-0.40450849718747384,1.1763355756877418,0.4408668677098195,0.0,0.0,0.89757250679582
-0.8938414241512637,-0.40078349243543837,1.1793714949172556,0.44723538713196276,0.0,0.0,0.8944162948520802
-0.8966410367852355,-0.39699519932391797,1.1823790893083814,0.45347715624719975,0.0,0.0,0.8912678995464565
-0.899405251566371,-0.39314421606830946,1.1853578839271002,0.45959399474667156,0.0,0.0,0.8881291347505701
-0.9021339593682027,-0.38923115078351167,1.1883074083872103,0.46558784034699363,0.0,0.0,0.885001673965096
-0.9048270524660192,-0.38525662138789485,1.1912271969246067,0.47146073379992526,0.0,0.0,0.8818870542676288
-0.9074844245411169,-0.38122125550572383,1.1941167884708332,0.4772148047764486,0.0,0.0,0.8787866806581537
-0.9101059706849957,-0.37712569036805177,1.196975726725887,0.48285225863646336,0.0,0.0,0.8757018307218878
-0.9126915874035026,-0.3729705727120912,1.1998035602302755,0.48837536408463356,0.0,0.0,0.8726336595360057
-0.9152411726209174,-0.368756558679087,1.2025998424363074,0.4937864417037581,0.0,0.0,0.8695832047535997
-0.9177546256839808,-0.3644843137107061,1.2053641317786064,0.49908785334936073,0.0,0.0,0.8665513918049678
-0.9202318473658703,-0.36015451244395347,1.2080959917438414,0.5042819923828492,0.0,0.0,0.8635390391628996
-0.9226727398701148,-0.3557678386046426,1.2107949909396547,0.5093712747154526,0.0,0.0,0.8605468636249596
-0.9250772068344578,-0.3513249848994248,1.2134607031627855,0.5143581306311583,0.0,0.0,0.8575754855717485
-0.9274451533346614,-0.34682665290640236,1.216092707466372,0.519244997353821,0.0,0.0,0.8546254341657697
-0.9297764858882515,-0.34227355296434414,1.2186905882264236,0.5240343123214728,0.0,0.0,0.8516971524607565
-0.9320711124582108,-0.33766640406051235,1.221253935207452,0.5287285071294775,0.0,0.0,0.848791002396134
-0.934328942456612,-0.3330059337171259,1.2237823436272546,0.5333300021034223,0.0,0.0,0.8459072696557014
-0.9365498867481922,-0.32829287787647854,1.226275414220831,0.5378412014624552,0.0,0.0,0.8430461683736085
-0.938733857653874,-0.32352798078472245,1.2287327533034342,0.5422644890340769,0.0,0.0,0.8402078456742781
-0.9408807689542256,-0.31871199487434476,1.2311539728327368,0.5466022244820409,0.0,0.0,0.837392386036131
-0.9429905358928644,-0.31384568064535046,1.233538690470107,0.5508567400100088,0.0,0.0,0.8345998154717899
-0.9450630751798048,-0.30892980654516733,1.2358865296409856,0.5550303375048286,0.0,0.0,0.8318301055199169
-0.9470983049947445,-0.30396514884730247,1.2381971195943506,0.5591252860847052,0.0,0.0,0.8290831770460045
-0.9490961449902946,-0.2989524915287595,1.2404700954612629,0.5631438200190986,0.0,0.0,0.8263589038512849
-0.9510565162951536,-0.2938926261462366,1.242705098312484,0.5670881369888238,0.0,0.0,0.8236571160905156
-0.9529793415172189,-0.2887863517111338,1.2449017752151552,0.5709603966565251,0.0,0.0,0.8209776035007432
-0.954864544746643,-0.28363447456337854,1.247059779288528,0.574762719519449,0.0,0.0,0.8183201184442475
-0.9567120515588307,-0.2784378082440939,1.2491787697587438,0.578497186018163,0.0,0.0,0.8156843787697954
-0.9585217890173761,-0.2731971733671344,1.2512584120126427,0.5821658358765891,0.0,0.0,0.8130700704970713
-0.9602936856769432,-0.2679133974894985,1.2532983776506044,0.5857706676504183,0.0,0.0,0.8104768503297199
-0.9620276715860862,-0.26258731498064763,1.2552983445384076,0.5893136384625924,0.0,0.0,0.8079043480028939
-0.9637236782900099,-0.25721976689075293,1.2572579968580957,0.5927966639061276,0.0,0.0,0.8053521684715114
-0.965381638833274,-0.2518116008178805,1.2591770251578505,0.5962216180960719,0.0,0.0,0.8028198939456482
-0.9670014877624352,-0.2463636707741458,1.2610551264008576,0.5995903338538183,0.0,0.0,0.8003070857796193
-0.9685831611286311,-0.24087683705085802,1.2628920040131588,0.6029046030083716,0.0,0.0,0.7978132862213552
-0.9701265964901059,-0.23535196608266662,1.2646873679304858,0.6061661768004584,0.0,0.0,0.795338020028664
-0.9716317329146741,-0.22978993031074382,1.2664409346440633,0.6093767663765738,0.0,0.0,0.7928807959589075
-0.9730985109821266,-0.2241916080450164,1.268152427245379,0.6125380433612068,0.0,0.0,0.7904411081385029
-0.9745268727865772,-0.21855788332546627,1.2698215754699114,0.6156516404965412,0.0,0.0,0.7880184373185172
-0.9759167619387475,-0.2128896457825361,1.2714481157398059,0.6187191523399119,0.0,0.0,0.7856122520224471
-0.9772681235681935,-0.2071877904966422,1.2730317912054987,0.6217421360102275,0.0,0.0,0.7832220095920696
-0.9785809043254722,-0.20145321785683143,1.2745723517862753,0.6247221119754016,0.0,0.0,0.7808471571370379
-0.9798550523842469,-0.19568683341860166,1.2760695542097609,0.6276605648736289,0.0,0.0,0.7784871323936686
-0.9810905174433341,-0.18988954776090095,1.2775231620503373,0.6305589443620636,0.0,0.0,0.7761413644981178
-0.9822872507286886,-0.18406227634233893,1.2789329457664755,0.6334186659871132,0.0,0.0,0.7738092746789135
-0.9834452049953296,-0.17820593935662565,1.2802986827369836,0.6362411120711736,0.0,0.0,0.7714902768735562
-0.9845643345292054,-0.1723214615872584,1.2816201572961623,0.6390276326111943,0.0,0.0,0.7691837782736533
-0.985644595148998,-0.16640977226149312,1.2828971607678594,0.6417795461849484,0.0,0.0,0.7668891798028199
-0.986685944207868,-0.1604718049036049,1.2841294914984234,0.644498140861374,0.0,0.0,0.764605876531323
-0.9876883405951377,-0.15450849718747384,1.285316954888546,0.6471846751117502,0.0,0.0,0.7623332580312225
-0.9886517447379138,-0.14852079078851751,1.286459363423993,0.6498403787188622,0.0,0.0,0.7600707086755323
-0.9895761186026508,-0.1425096312349885,1.2875565367052126,0.6524664536816589,0.0,0.0,0.757817607884694
-0.9904614256966511,-0.13647596775866258,1.2886083014758258,0.6550640751132103,0.0,0.0,0.7555733303234534
-0.9913076310695064,-0.1304207531449484,1.2896144916499823,0.6576343921300575,0.0,0.0,0.7533372460510166
-0.9921147013144777,-0.12434494358242726,1.2905749483385893,0.6601785287313036,0.0,0.0,0.7511087206271616
-0.9928826045698135,-0.11824949851186217,1.2914895198744023,0.6626975846660142,0.0,0.0,0.7488871151768008
-0.9936113105200083,-0.11213538047469036,1.2923580618359731,0.6651926362877029,0.0,0.0,0.7466717864153004
-0.9943007903969987,-0.10600355496102747,1.293180437070458,0.6676647373948561,0.0,0.0,0.7444620866366923
-0.9949510169813,-0.09985499025720361,1.2939565157152741,0.6701149200566151,0.0,0.0,0.7422573636667518
-0.9955619646030799,-0.0936906572928628,1.2946861752186065,0.6725441954228655,0.0,0.0,0.7400569607827567
-0.9961336091431723,-0.08751152948763845,1.2953693003587616,0.674953554518122,0.0,0.0,0.7378602166015951
-0.9966659280340298,-0.08131858259744174,1.2960057832623604,0.6773439690186911,0.0,0.0,0.7356664649377507
-0.9971589002606138,-0.07511279456037885,1.2965955234213742,0.6797163920126991,0.0,0.0,0.7334750346325627
-0.9976125063612251,-0.06889514534231886,1.2971384277089952,0.6820717587426502,0.0,0.0,0.731285249356028
-0.9980267284282716,-0.0626666167821519,1.2976344103943434,0.6844109873302425,0.0,0.0,0.7290964273823064
-0.9984015501089751,-0.056428192436741006,1.2980833931560025,0.6867349794832395,0.0,0.0,0.7269078813399638
-0.9987369566060176,-0.05018085742560755,1.29848530509439,0.6890446211842294,0.0,0.0,0.7247189179379009
-0.9990329346781248,-0.04392559827537208,1.2988400827429516,0.6913407833611503,0.0,0.0,0.7225288376678063
-0.9992894726405894,-0.037663402763966805,1.299147670078184,0.6936243225394854,0.0,0.0,0.7203369344838846
-0.9995065603657317,-0.03139525976465663,1.2994080185284815,0.695896081476051,0.0,0.0,0.7181424954605302
-0.9996841892833003,-0.02512215908988511,1.2996210869818052,0.698156889774318,0.0,0.0,0.7159448004285324
-0.9998223523808092,-0.018845091334967107,1.2997868417921767,0.7004075644812099,0.0,0.0,0.7137431215903239
-0.9999210442038162,-0.012565047721668525,1.29990525678499,0.702648910665316,0.0,0.0,0.7115367231147279
-0.9999802608561372,-0.006283019941676479,1.2999763132611448,0.7048817219764608,0.0,0.0,0.7093248607115781
-1.0,-1.2246467991473532e-16,1.2999999999999998,0.7071067811865476,0.0,0.0,0.7071067811865477
-0.9999802608561371,0.006283019941676234,1.2999763132611448,0.709324860711578,0.0,0.0,0.7048817219764608
-0.9999210442038163,0.012565047721668278,1.29990525678499,0.7115367231147279,0.0,0.0,0.702648910665316
-0.9998223523808092,0.01884509133496731,1.2997868417921767,0.7137431215903242,0.0,0.0,0.7004075644812098
-0.9996841892833003,0.02512215908988487,1.2996210869818052,0.7159448004285324,0.0,0.0,0.698156889774318
-0.9995065603657317,0.031395259764656826,1.2994080185284815,0.7181424954605303,0.0,0.0,0.6958960814760509
-0.9992894726405894,0.037663402763966555,1.299147670078184,0.7203369344838846,0.0,0.0,0.6936243225394854
-0.9990329346781248,0.04392559827537183,1.2988400827429518,0.7225288376678063,0.0,0.0,0.6913407833611503
-0.9987369566060176,0.0501808574256073,1.29848530509439,0.7247189179379009,0.0,0.0,0.6890446211842294
-0.998401550108975,0.05642819243674076,1.2980833931560025,0.7269078813399638,0.0,0.0,0.6867349794832395
-0.9980267284282716,0.06266661678215164,1.2976344103943434,0.7290964273823064,0.0,0.0,0.6844109873302425
-0.9976125063612252,0.06889514534231861,1.2971384277089955,0.731285249356028,0.0,0.0,0.6820717587426502
-0.9971589002606138,0.0751127945603786,1.2965955234213742,0.7334750346325626,0.0,0.0,0.6797163920126991
-0.9966659280340299,0.08131858259744149,1.2960057832623604,0.7356664649377507,0.0,0.0,0.6773439690186911
-0.9961336091431724,0.0875115294876382,1.2953693003587616,0.7378602166015951,0.0,0.0,0.674953554518122
-0.9955619646030798,0.09369065729286255,1.2946861752186065,0.7400569607827567,0.0,0.0,0.6725441954228655
-0.9949510169813001,0.09985499025720336,1.2939565157152741,0.7422573636667518,0.0,0.0,0.6701149200566151
-0.9943007903969988,0.10600355496102723,1.293180437070458,0.7444620866366923,0.0,0.0,0.6676647373948561
-0.9936113105200083,0.11213538047469011,1.2923580618359733,0.7466717864153004,0.0,0.0,0.6651926362877029
-0.9928826045698136,0.11824949851186192,1.2914895198744023,0.7488871151768008,0.0,0.0,0.6626975846660142
-0.9921147013144777,0.12434494358242747,1.2905749483385893,0.7511087206271618,0.0,0.0,0.6601785287313034
-0.9913076310695065,0.13042075314494816,1.2896144916499823,0.7533372460510166,0.0,0.0,0.6576343921300575
-0.9904614256966511,0.1364759677586628,1.2886083014758258,0.7555733303234536,0.0,0.0,0.6550640751132102
-0.9895761186026508,0.1425096312349883,1.2875565367052126,0.7578176078846939,0.0,0.0,0.652466453681659
-0.988651744737914,0.14852079078851732,1.286459363423993,0.7600707086755323,0.0,0.0,0.6498403787188622
-0.9876883405951377,0.15450849718747361,1.2853169548885461,0.7623332580312225,0.0,0.0,0.6471846751117502
-0.986685944207868,0.16047180490360471,1.2841294914984234,0.764605876531323,0.0,0.0,0.644498140861374
-0.985644595148998,0.16640977226149292,1.2828971607678596,0.7668891798028199,0.0,0.0,0.6417795461849484
-0.9845643345292054,0.17232146158725858,1.281620157296162,0.7691837782736535,0.0,0.0,0.6390276326111941
-0.9834452049953297,0.17820593935662546,1.2802986827369836,0.7714902768735562,0.0,0.0,0.6362411120711736
-0.9822872507286886,0.18406227634233913,1.2789329457664755,0.7738092746789136,0.0,0.0,0.6334186659871129
-0.9810905174433341,0.18988954776090075,1.2775231620503373,0.7761413644981177,0.0,0.0,0.6305589443620637
-0.979855052384247,0.19568683341860146,1.2760695542097609,0.7784871323936686,0.0,0.0,0.6276605648736289
-0.9785809043254722,0.2014532178568312,1.2745723517862753,0.7808471571370379,0.0,0.0,0.6247221119754016
-0.9772681235681936,0.207187790496642,1.2730317912054987,0.7832220095920696,0.0,0.0,0.6217421360102275
-0.9759167619387477,0.21288964578253589,1.271448115739806,0.7856122520224471,0.0,0.0,0.6187191523399119
-0.9745268727865773,0.21855788332546608,1.2698215754699116,0.7880184373185172,0.0,0.0,0.6156516404965412
-0.9730985109821266,0.2241916080450162,1.268152427245379,0.7904411081385029,0.0,0.0,0.6125380433612068
-0.9716317329146742,0.22978993031074363,1.2664409346440633,0.7928807959589075,0.0,0.0,0.6093767663765739
-0.9701265964901059,0.23535196608266643,1.264687367930486,0.7953380200286639,0.0,0.0,0.6061661768004585
-0.9685831611286312,0.24087683705085783,1.262892004013159,0.7978132862213551,0.0,0.0,0.6029046030083717
-0.9670014877624352,0.24636367077414562,1.2610551264008576,0.8003070857796193,0.0,0.0,0.5995903338538183
-0.9653816388332741,0.2518116008178803,1.2591770251578505,0.8028198939456482,0.0,0.0,0.5962216180960719
-0.96372367829001,0.25721976689075277,1.2572579968580957,0.8053521684715114,0.0,0.0,0.5927966639061277
-0.9620276715860862,0.26258731498064747,1.2552983445384078,0.8079043480028938,0.0,0.0,0.5893136384625925
-0.9602936856769432,0.26791339748949833,1.2532983776506046,0.8104768503297199,0.0,0.0,0.5857706676504183
-0.9585217890173762,0.2731971733671342,1.2512584120126427,0.8130700704970713,0.0,0.0,0.5821658358765891
-0.9567120515588305,0.2784378082440941,1.2491787697587438,0.8156843787697955,0.0,0.0,0.5784971860181628
-0.954864544746643,0.28363447456337837,1.2470597792885283,0.8183201184442475,0.0,0.0,0.574762719519449
-0.952979341517219,0.2887863517111336,1.2449017752151554,0.8209776035007432,0.0,0.0,0.5709603966565252
-0.9510565162951538,0.2938926261462364,1.2427050983124843,0.8236571160905156,0.0,0.0,0.5670881369888238
-0.9490961449902947,0.29895249152875936,1.2404700954612629,0.8263589038512849,0.0,0.0,0.5631438200190986
-0.9470983049947446,0.3039651488473023,1.2381971195943506,0.8290831770460045,0.0,0.0,0.5591252860847052
-0.9450630751798049,0.30892980654516716,1.2358865296409858,0.8318301055199169,0.0,0.0,0.5550303375048286
-0.9429905358928645,0.3138456806453503,1.2335386904701071,0.8345998154717899,0.0,0.0,0.5508567400100088
-0.9408807689542255,0.31871199487434493,1.2311539728327365,0.8373923860361311,0.0,0.0,0.5466022244820408
-0.938733857653874,0.3235279807847223,1.2287327533034342,0.8402078456742781,0.0,0.0,0.542264489034077
-0.9365498867481923,0.3282928778764784,1.2262754142208312,0.8430461683736084,0.0,0.0,0.5378412014624553
-0.934328942456612,0.3330059337171257,1.223782343627255,0.8459072696557013,0.0,0.0,0.5333300021034224
-0.932071112458211,0.3376664040605122,1.2212539352074523,0.8487910023961339,0.0,0.0,0.5287285071294775
-0.9297764858882516,0.342273552964344,1.2186905882264236,0.8516971524607565,0.0,0.0,0.5240343123214728
-0.9274451533346614,0.3468266529064022,1.216092707466372,0.8546254341657694,0.0,0.0,0.5192449973538212
-0.9250772068344579,0.35132498489942465,1.2134607031627858,0.8575754855717485,0.0,0.0,0.5143581306311583
-0.9226727398701149,0.35576783860464245,1.2107949909396551,0.8605468636249595,0.0,0.0,0.5093712747154527
-0.9202318473658702,0.36015451244395363,1.2080959917438412,0.8635390391628998,0.0,0.0,0.5042819923828491
-0.9177546256839809,0.36448431371070594,1.2053641317786066,0.8665513918049675,0.0,0.0,0.499087853349361
-0.9152411726209175,0.3687565586790869,1.2025998424363074,0.8695832047535995,0.0,0.0,0.49378644170375835
-0.9126915874035028,0.37297057271209105,1.1998035602302757,0.8726336595360055,0.0,0.0,0.4883753640846337
-0.9101059706849958,0.37712569036805166,1.1969757267258874,0.8757018307218876,0.0,0.0,0.48285225863646347
-0.907484424541117,0.3812212555057237,1.1941167884708335,0.8787866806581536,0.0,0.0,0.4772148047764487
-0.9048270524660194,0.3852566213878947,1.1912271969246069,0.8818870542676288,0.0,0.0,0.4714607337999253
-0.9021339593682028,0.38923115078351156,1.1883074083872103,0.8850016739650959,0.0,0.0,0.4655878403469938
-0.8994052515663709,0.3931442160683096,1.1853578839271002,0.8881291347505701,0.0,0.0,0.45959399474667134
-0.8966410367852357,0.39699519932391786,1.1823790893083812,0.8912678995464565,0.0,0.0,0.4534771562471999
-0.8938414241512638,0.40078349243543826,1.1793714949172556,0.89441629485208,0.0,0.0,0.44723538713196304
-0.8910065241883678,0.40450849718747367,1.176335575687742,0.8975725067958199,0.0,0.0,0.44086686770981975
-0.8881364488135445,0.40816962535859197,1.1732718110266804,0.9007345776716291,0.0,0.0,0.43436991215634596
-0.8852313113324553,0.4117662988142135,1.1701806847380274,0.9039004030528651,0.0,0.0,0.4277429851685094
-0.8822912264349532,0.4152979495979064,1.167062684946456,0.9070677295818723,0.0,0.0,0.42098471937967896
-0.8793163101905561,0.41876402002107094,1.1639183040202807,0.9102341535384291,0.0,0.0,0.4140939334645937
-0.8763066800438635,0.42216396275100765,1.1607480384936992,0.9133971202937317,0.0,0.0,0.4070696508450587
-0.87326245480992,0.42549724089734603,1.1575523889883885,0.9165539247587221,0.0,0.0,0.3999111188869128
-0.8701837546695255,0.4287633280968262,1.1543318601344517,0.9197017129360172,0.0,0.0,0.3926178284573379
-0.8670707011644901,0.4319617085964175,1.1510869604907281,0.922837484683124,0.0,0.0,0.38518953368922787
-0.8639234171928354,0.43509187733476273,1.1478182024644874,0.9259580977907326,0.0,0.0,0.37762627177643243
-0.8607420270039439,0.4381533400219315,1.1445261022305149,0.9290602734733655,0.0,0.0,0.36992838260073413
-0.8575266561936524,0.44114561321747636,1.1412111796496003,0.9321406033602789,0.0,0.0,0.3620965279689036
-0.8542774316992952,0.44406822440677224,1.137873958186446,0.935195558062003,0.0,0.0,0.35413171021683243
-0.8509944817946921,0.44692071207563167,1.1345149648270096,0.9382214973721524,0.0,0.0,0.346035289918176
-0.8476779360850831,0.44970262578318554,1.13113472999528,0.9412146821450174,0.0,0.0,0.3378090024180142
-0.844327925502015,0.4524135262330098,1.1277337874695217,0.9441712878669823,0.0,0.0,0.3294549728985798
-0.8409445822981692,0.4550529853424977,1.1243126742979854,0.9470874199141733,0.0,0.0,0.3209757296748687
-0.8375280400421418,0.45762058631045865,1.1208719307140986,0.9499591304601026,0.0,0.0,0.3123742154139579
-0.8340784336131716,0.46011592368293497,1.1174121000511608,0.9527824369659286,0.0,0.0,0.30365379597374786
-0.830595899195813,0.4625386034172288,1.1139337286565407,0.9555533421527834,0.0,0.0,0.29481826656543136
-0.8270805742745618,0.46488824294412573,1.1104373658054034,0.9582678553211486,0.0,0.0,0.2858718549598868
-0.8235325976284277,0.4671644712283059,1.1069235636139754,0.9609220148473251,0.0,0.0,0.2768192214817415
-0.8199521093254524,0.4693669288269371,1.103392876952355,0.9635119116526063,0.0,0.0,0.26766545556634763
-0.8163392507171839,0.4714952679464323,1.0998458633568962,0.9660337134078562,0.0,0.0,0.25841606869432154
-0.8126941644330942,0.4735491524973721,1.0962830829421633,0.9684836892060045,0.0,0.0,0.24907698356517724
-0.8090169943749477,0.47552825814757677,1.0927050983124844,0.9708582344085689,0.0,0.0,0.23965451942551905
-0.8053078857111221,0.47743227237332153,1.0891124744731102,0.9731538953508843,0.0,0.0,0.2301553735271037
-0.801566984870877,0.47926089450868786,1.085505778740993,0.975367393575277,0.0,0.0,0.22058659875470854
-0.7977944395385711,0.481013835793043,1.081885580655198,0.9774956492528774,0.0,0.0,0.21095557753161187
-0.7939903986478354,0.48269081941663705,1.0782524518869692,0.9795358034538275,0.0,0.0,0.2012699921798198
-0.7901550123756904,0.48429158056431565,1.0746069661494562,0.9814852389328389,0.0,0.0,0.19153779198097776
-0.7862884321366189,0.4858158664573371,1.0709496991071172,0.9833415991125154,0.0,0.0,0.18176715725026069
-0.7823908105765881,0.4872634363932887,1.0672812282848145,0.9851028049705717,0.0,0.0,0.1719664607971911
-0.7784623015670237,0.48863406178409674,1.0636021329766168,0.9867670695685604,0.0,0.0,0.16214422720243787
-0.774503060198734,0.4899275261921235,1.0599129941543222,0.9883329099983006,0.0,0.0,0.15230909038626278
-0.7705132427757897,0.4911436253643443,1.0562143943757176,0.9897991565668192,0.0,0.0,0.1424697499808755
-0.7664930068093503,0.4922821672646026,1.0525069176925828,0.9911649590900501,0.0,0.0,0.13263492704419466
-0.762442511011448,0.493342972103934,1.0487911495584654,0.9924297902182819,0.0,0.0,0.12281331966564764
-0.7583619152887222,0.4943258723689569,1.0450676767362277,0.993593445770825,0.0,0.0,0.11301355901509512
-0.7542513807361039,0.4952307128483256,1.041337087205391,0.9946560421119249,0.0,0.0,0.1032441663738937
-0.7501110696304596,0.4960573506572389,1.0375999700692913,0.9956180106529109,0.0,0.0,0.0935135116629669
-0.7459411454241824,0.4968056552600041,1.0338569154620447,0.9964800896154103,0.0,0.0,0.083829773947348
-0.7417417727387394,0.49747550849065,1.0301085144553648,0.9972433132357524,0.0,0.0,0.07420090435148909
-0.7375131173581744,0.49806680457158614,1.0263553589652235,0.9979089986302513,0.0,0.0,0.06463459176609038
-0.7332553462225605,0.4985794501303069,1.0225980416583802,0.9984787305739716,0.0,0.0,0.055138231667240814
-0.7289686274214117,0.49901336421413583,1.018837155858794,0.9989543444711796,0.0,0.0,0.045718898304267196
-0.724653130187047,0.4993684783030088,1.0150732954539312,0.9993379078136382,0.0,0.0,0.03638332044578626
-0.7203090248879069,0.49964473632029466,1.0113070548009804,0.9996317004331482,0.0,0.0,0.027137860806134773
-0.7159364830218311,0.49984209464165014,1.0075390286330008,0.9998381938575,0.0,0.0,0.017988499208463127
-0.7115356772092856,0.4999605221019081,1.0037698119650056,0.9999600300747344,0.0,0.0,0.008940819477903495
-0.7071067811865477,0.49999999999999994,1.0,1.0,0.0,0.0,2.1648901405887336e-16
-0.7026499697988493,0.4999605221019081,0.9962301880349945,0.999961021923141,0.0,0.0,-0.008829192173001463
-0.6981654189934731,0.4998420946416501,0.9924609713669993,0.9998461201944111,0.0,0.0,-0.01754240383138837
-0.693653305812805,0.4996447363202947,0.9886929451990194,0.9996584043813517,0.0,0.0,-0.026135694934904457
-0.6891138083873485,0.4993684783030088,0.9849267045460691,0.9994010491029093,0.0,0.0,-0.034605534990874175
-0.6845471059286886,0.4990133642141358,0.9811628441412062,0.9990772747182813,0.0,0.0,-0.042948796740910775
-0.6799533787224191,0.49857945013030697,0.9774019583416201,0.9986903290186612,0.0,0.0,-0.05116274743012082
-0.6753328081210243,0.4980668045715862,0.9736446410347767,0.9982434700408509,0.0,0.0,-0.05924503794243742
-0.6706855765367202,0.49747550849065003,0.9698914855446353,0.9977399500933173,0.0,0.0,-0.0671936900890603
-0.6660118674342517,0.49680565526000414,0.9661430845379556,0.9971830010582987,0.0,0.0,-0.0750070823347031
-0.6613118653236523,0.4960573506572389,0.9624000299307091,0.9965758210084854,0.0,0.0,-0.08268393423914454
-0.6565857557529567,0.49523071284832565,0.9586629127946091,0.9959215621539563,0.0,0.0,-0.09022328988029066
-0.651833725300879,0.494325872368957,0.9549323232637732,0.9952233201146956,0.0,0.0,-0.09762450051028043
-0.6470559615694442,0.493342972103934,0.9512088504415349,0.9944841244962531,0.0,0.0,-0.10488720667898756
-0.6422526531765839,0.4922821672646026,0.9474930823074168,0.9937069307310148,0.0,0.0,-0.11201132004018918
-0.6374239897486895,0.4911436253643443,0.9437856056242825,0.9928946131350455,0.0,0.0,-0.11899700503545534
-0.6325701619131245,0.48992752619212354,0.9400870058456781,0.9920499591204699,0.0,0.0,-0.12584466062997499
-0.6276913612907009,0.4886340617840969,0.9363978670233839,0.99117566449572,0.0,0.0,-0.13255490225362296
-0.6227877804881126,0.4872634363932887,0.9327187717151857,0.990274329780475,0.0,0.0,-0.13912854408003705
-0.6178596130903347,0.48581586645733715,0.9290503008928829,0.9893484574585918,0.0,0.0,-0.1455665817566138
-0.6129070536529764,0.48429158056431565,0.9253930338505436,0.9884004500904867,0.0,0.0,-0.15187017567950253
-0.6079302976946056,0.4826908194166371,0.9217475481130312,0.9874326092061021,0.0,0.0,-0.15804063488998402
-0.6029295416890246,0.481013835793043,0.9181144193448023,0.9864471349004997,0.0,0.0,-0.1640794016523563
-0.597904983057519,0.4792608945086881,0.9144942212590074,0.985446126056105,0.0,0.0,-0.16998803675851742
-0.592856820161059,0.4774322723733215,0.9108875255268895,0.9844315811184087,0.0,0.0,-0.17576820559108516
-0.5877852522924732,0.4755282581475769,0.9072949016875159,0.9834053993554022,0.0,0.0,-0.18142166496491563
-0.5826904796685765,0.4735491524973724,0.9037169170578375,0.9823693825349491,0.0,0.0,-0.18695025075645935
-0.5775727034222676,0.4714952679464323,0.9001541366431041,0.981325236958571,0.0,0.0,-0.19235586632126547
-0.5724321255945912,0.4693669288269372,0.8966071230476451,0.9802745757945981,0.0,0.0,-0.19764047169221408
-0.5672689491267564,0.467164471228306,0.8930764363860247,0.9792189216582035,0.0,0.0,-0.20280607354452054
-0.5620833778521308,0.4648882429441258,0.8895626341945968,0.9781597093904173,0.0,0.0,-0.20785471590814217
-0.5568756164881878,0.4625386034172289,0.8860662713434596,0.9770982889927093,0.0,0.0,-0.21278847160389153
-0.5516458706284304,0.46011592368293525,0.8825878999488395,0.9760359286780989,0.0,0.0,-0.21760943437608884
-0.5463943467342688,0.45762058631045865,0.879128069285901,0.9749738180039368,0.0,0.0,-0.22231971169202847
-0.5411212521268759,0.45505298534249783,0.8756873257020148,0.973913071055478,0.0,0.0,-0.22692141817661848
-0.535826794978997,0.45241352623300995,0.8722662125304785,0.972854729653096,0.0,0.0,-0.2314166696493618
-0.530511184306734,0.4497026257831855,0.8688652700047201,0.9717997665594766,0.0,0.0,-0.23580757773012107
-0.525174629961296,0.446920712075632,0.8654850351729906,0.9707490886663476,0.0,0.0,-0.24009624497991608
-0.5198173426207093,0.4440682244067722,0.8621260418135537,0.9697035401432573,0.0,0.0,-0.24428476054317105
-0.5144395337815066,0.44114561321747675,0.8587888203504004,0.9686639055336208,0.0,0.0,-0.24837519625830792
-0.5090414157503711,0.4381533400219317,0.8554738977694853,0.9676309127856895,0.0,0.0,-0.252369603204375
-0.503623201635761,0.4350918773347629,0.8521817975355127,0.9666052362083145,0.0,0.0,-0.25627000865233696
-0.49818510533949134,0.43196170859641797,0.8489130395092721,0.9655874993433341,0.0,0.0,-0.26007841339082177
-0.4927273415482916,0.42876332809682616,0.8456681398655481,0.9645782777481829,0.0,0.0,-0.2637967893973492
-0.48725012572533194,0.42549724089734575,0.8424476110116111,0.9635781016838666,0.0,0.0,-0.26742707782742675
-0.48175367410171527,0.42216396275100754,0.839251961506301,0.9625874587048058,0.0,0.0,-0.270971187295299
-0.4762382036679394,0.41876402002107105,0.8360816959797195,0.9616067961482583,0.0,0.0,-0.2744309924215596
-0.4707039321653324,0.4152979495979063,0.8329373150535436,0.9606365235220428,0.0,0.0,-0.2778083326242827
-0.46515107807745854,0.4117662988142139,0.8298193152619733,0.9596770147901911,0.0,0.0,-0.2811050111317613
-0.4595798606214876,0.40816962535859186,0.8267281889733197,0.9587286105569067,0.0,0.0,-0.28432279419635614
-0.4539904997395469,0.40450849718747384,0.8236644243122582,0.9577916201498499,0.0,0.0,-0.2874634104903195
-0.44838321609003273,0.40078349243543865,0.8206285050827447,0.9568663236043072,0.0,0.0,-0.29052855066581196
-0.44275823103890155,0.39699519932391775,0.8176209106916185,0.9559529735502464,0.0,0.0,-0.2935198670625924
-0.43711576665093327,0.3931442160683098,0.8146421160728999,0.955051797004617,0.0,0.0,-0.296438973548102
-0.4314560456809589,0.3892311507835117,0.8116925916127898,0.954162997071544,0.0,0.0,-0.2992874454758319
-0.42577929156507294,0.3852566213878949,0.8087728030753933,0.9532867545532925,0.0,0.0,-0.3020668197489603
-0.4200857284118061,0.3812212555057239,0.8058832115291666,0.9524232294750351,0.0,0.0,-0.30477859497731263
-0.41437558099328436,0.3771256903680521,0.8030242732741132,0.9515725625265908,0.0,0.0,-0.30742423171665806
-0.4086490747363488,0.37297057271209094,0.8001964397697244,0.9507348764243675,0.0,0.0,-0.3100051527803091
-0.4029064357136628,0.3687565586790871,0.7974001575636928,0.9499102771967922,0.0,0.0,-0.3125227436138264
-0.3971478906347803,0.36448431371070555,0.7946358682213932,0.9490988553965196,0.0,0.0,-0.31497835272446334
-0.3913736668372024,0.36015451244395347,0.7919040082561586,0.9483006872426988,0.0,0.0,-0.31737329215771326
-0.3855839922773969,0.355767838604643,0.7892050090603454,0.9475158356965403,0.0,0.0,-0.31970883801403904
-0.37977909552180106,0.35132498489942454,0.7865392968372144,0.9467443514733752,0.0,0.0,-0.32198623099949214
-0.3739592057378007,0.3468266529064027,0.7839072925336281,0.9459862739943309,0.0,0.0,-0.3242066770045346
-0.3681245526846778,0.3422735529643442,0.7813094117735764,0.9452416322806643,0.0,0.0,-0.3263713477059306
-0.3622753667045459,0.33766640406051235,0.7787460647925479,0.9445104457937122,0.0,0.0,-0.3284813811870668
-0.3564118787132513,0.3330059337171262,0.7762176563727455,0.9437927252233188,0.0,0.0,-0.33053788257254446
-0.35053432019125913,0.32829287787647826,0.7737245857791689,0.9430884732275008,0.0,0.0,-0.33254192467329835
-0.3446429231745167,0.32352798078472184,0.7712672466965655,0.9423976851260085,0.0,0.0,-0.3344945486388983
-0.3387379202452914,0.3187119948743448,0.7688460271672632,0.9417203495503335,0.0,0.0,-0.3363967646140459
-0.332819544522987,0.3138456806453505,0.7664613095298931,0.9410564490526051,0.0,0.0,-0.3382495523966023
-0.3268880296549424,0.30892980654516705,0.7641134703590142,0.9404059606757181,0.0,0.0,-0.340053862094786
-0.32094360980720976,0.30396514884730286,0.7618028804056495,0.9397688564869177,0.0,0.0,-0.34181061478144736
-0.3149865196553046,0.2989524915287592,0.7595299045387369,0.9391451040769685,0.0,0.0,-0.3435207031435805
-0.3090169943749476,0.2938926261462366,0.7572949016875158,0.9385346670269331,0.0,0.0,-0.34518499212544523
-0.30303526963277455,0.2887863517111342,0.755098224784845,0.9379375053444802,0.0,0.0,-0.3468043195638907
-0.29704158157703503,0.28363447456337826,0.7529402207114717,0.9373535758715473,0.0,0.0,-0.3483794968146421
-0.2910361668282723,0.2784378082440943,0.7508212302412564,0.9367828326650907,0.0,0.0,-0.34991130936848647
-0.2850192624699761,0.27319717336713445,0.7487415879873575,0.9362252273525549,0.0,0.0,-0.35140051745644446
-0.2789911060392296,0.26791339748949855,0.7467016223493956,0.935680709463619,0.0,0.0,-0.3528478566431408
-0.2729519355173251,0.2625873149806477,0.7447016554615924,0.9351492267396799,0.0,0.0,-0.35425403840772024
-0.26690198932037584,0.2572197668907534,0.7427420031419045,0.9346307254224581,0.0,0.0,-0.35561975071175356
-0.2608415062898967,0.2518116008178802,0.7408229748421493,0.9341251505230317,0.0,0.0,-0.3569456585536844
-0.2547707256833823,0.24636367077414587,0.7389448735991424,0.9336324460725326,0.0,0.0,-0.35823240450944627
-0.24868988716485446,0.2408768370508573,0.7371079959868408,0.933152555355662,0.0,0.0,-0.35948060925896685
-0.24259923079540752,0.23535196608266631,0.735312632069514,0.9326854211281222,0.0,0.0,-0.36069087209833456
-0.23649899702372515,0.2297899303107443,0.7335590653559368,0.9322309858189909,0.0,0.0,-0.3618637714374737
-0.23038942667659057,0.22419160804501606,0.731847572754621,0.931789191719009,0.0,0.0,-0.36299986528321987
-0.22427076094938153,0.21855788332546675,0.7301784245300889,0.9313599811556907,0.0,0.0,-0.36409969170774004
-0.21814324139654243,0.21288964578253616,0.7285518842601941,0.9309432966561111,0.0,0.0,-0.3651637693022842
-0.21200710992205488,0.20718779049664227,0.7269682087945014,0.9305390810981765,0.0,0.0,-0.36619259761628314
-0.20586260876988194,0.2014532178568319,0.725427648213725,0.9301472778511305,0.0,0.0,-0.3671866575818513
-0.19970998051440716,0.19568683341860132,0.7239304457902389,0.9297678309060035,0.0,0.0,-0.36814641192376885
-0.1935494680508599,0.18988954776090022,0.7224768379496626,0.9294006849966717,0.0,0.0,-0.36907230555504617
-0.18738131458572466,0.18406227634233902,0.7210670542335247,0.9290457857121464,0.0,0.0,-0.369964765958193
-0.18120576362713778,0.17820593935662574,0.7197013172630164,0.9287030796006761,0.0,0.0,-0.3708242035523306
-0.17502305897527598,0.17232146158725845,0.7183798427038377,0.9283725142662103,0.0,0.0,-0.37165101204629464
-0.16883344471273418,0.16640977226149362,0.7171028392321408,0.9280540384577347,0.0,0.0,-0.37244556877789453
-0.16263716519488342,0.16047180490360458,0.7158705085015766,0.9277476021519557,0.0,0.0,-0.3732082350394968
-0.15643446504023106,0.15450849718747392,0.714683045111454,0.9274531566297839,0.0,0.0,-0.37393935639010967
-0.15022558912075765,0.14852079078851804,0.7135406365760072,0.9271706545470314,0.0,0.0,-0.3746392629541507
-0.14401078255225225,0.14250963123498817,0.7124434632947872,0.9269000499997172,0.0,0.0,-0.3753082697070792
-0.13779029068463855,0.13647596775866308,0.7113916985241743,0.926641298584342,0.0,0.0,-0.3759466767480786
-0.13156435909228248,0.13042075314494847,0.7103855083500178,0.9263943574534732,0.0,0.0,-0.3765547695599756
-0.12533323356430462,0.12434494358242777,0.7094250516614107,0.9261591853669581,0.0,0.0,-0.37713281925657494
-0.1190971600948696,0.11824949851186221,0.7085104801255978,0.9259357427390567,0.0,0.0,-0.3776810828175952
-0.11285638487348194,0.11213538047469085,0.7076419381640269,0.9257239916817724,0.0,0.0,-0.3781998033113786
-0.10661115427525968,0.10600355496102709,0.706819562929542,0.9255238960446313,0.0,0.0,-0.37868921010555145
-0.10036171485121503,0.09985499025720367,0.706043484284726,0.9253354214511469,0.0,0.0,-0.3791495190658009
-0.09410831331851396,0.09369065729286198,0.7053138247813934,0.9251585353321917,0.0,0.0,-0.379580932742931
-0.08785119655074321,0.08751152948763807,0.7046306996412384,0.924993206956472,0.0,0.0,-0.3799836405483545
-0.08159061156815799,0.08131858259744223,0.7039942167376396,0.9248394074582968,0.0,0.0,-0.38035781891816833
-0.07532680552793265,0.07511279456037846,0.7034044765786258,0.9246971098628093,0.0,0.0,-0.3807036314659573
-0.06906002571440611,0.06889514534231936,0.7028615722910048,0.9245662891088385,0.0,0.0,-0.38102122912445624
-0.0627905195293132,0.06266661678215195,0.7023655896056566,0.9244469220695153,0.0,0.0,-0.3813107502762008
-0.05651853448202474,0.05642819243674106,0.7019166068439975,0.9243389875707809,0.0,0.0,-0.38157232087328286
-0.05024431817977016,0.05018085742560805,0.70151469490561,0.9242424664079079,0.0,0.0,-0.38180605454631955
-0.04396811831786501,0.043925598275371694,0.7011599172570483,0.924157341360139,0.0,0.0,-0.38201205270273775
-0.03769018266993415,0.03766340276396597,0.7008523299218158,0.924083597203539,0.0,0.0,-0.38219040461446346
-0.0314107590781283,0.03139525976465669,0.7005919814715185,0.9240212207221411,0.0,0.0,-0.3823411874951011
-0.025130095443337875,0.025122159089885174,0.7003789130181948,0.9239702007174637,0.0,0.0,-0.38246446656667266
-0.018848439715408075,0.01884509133496717,0.7002131582078233,0.9239305280164588,0.0,0.0,-0.3825602951159822
-0.012566039883352897,0.01256504772166903,0.70009474321501,0.9239021954779431,0.0,0.0,-0.3826287145406581
-0.006283143965558744,0.006283019941676096,0.7000236867388552,0.9238851979975577,0.0,0.0,-0.3826697543849177
-1.8369701987210297e-16,1.8369701987210297e-16,0.7000000000000001,0.9238795325112866,0.0,0.0,-0.3826834323650898
0.006283143965558376,-0.0062830199416757295,0.7000236867388552,0.9238851979975577,0.0,0.0,-0.3826697543849177
0.01256603988335253,-0.012565047721668662,0.70009474321501,0.9239021954779431,0.0,0.0,-0.3826287145406581
0.018848439715407707,-0.018845091334966802,0.7002131582078233,0.9239305280164588,0.0,0.0,-0.38256029511598233
0.025130095443337507,-0.025122159089884806,0.7003789130181948,0.9239702007174637,0.0,0.0,-0.38246446656667266
0.03141075907812794,-0.03139525976465633,0.7005919814715185,0.9240212207221411,0.0,0.0,-0.3823411874951011
0.03769018266993468,-0.0376634027639665,0.7008523299218159,0.924083597203539,0.0,0.0,-0.38219040461446335
0.04396811831786465,-0.04392559827537134,0.7011599172570482,0.924157341360139,0.0,0.0,-0.3820120527027377
0.0502443181797698,-0.05018085742560769,0.70151469490561,0.9242424664079079,0.0,0.0,-0.38180605454631955
0.05651853448202438,-0.0564281924367407,0.7019166068439975,0.9243389875707809,0.0,0.0,-0.38157232087328297
0.06279051952931372,-0.06266661678215248,0.7023655896056568,0.9244469220695153,0.0,0.0,-0.3813107502762008
0.06906002571440575,-0.068895145342319,0.7028615722910048,0.9245662891088385,0.0,0.0,-0.38102122912445624
0.07532680552793229,-0.0751127945603781,0.7034044765786258,0.9246971098628093,0.0,0.0,-0.3807036314659573
0.08159061156815763,-0.08131858259744187,0.7039942167376396,0.9248394074582968,0.0,0.0,-0.38035781891816833
0.08785119655074286,-0.08751152948763771,0.7046306996412384,0.924993206956472,0.0,0.0,-0.3799836405483545
0.09410831331851449,-0.0936906572928625,0.7053138247813935,0.9251585353321917,0.0,0.0,-0.379580932742931
0.10036171485121467,-0.0998549902572033,0.7060434842847259,0.925335421451147,0.0,0.0,-0.3791495190658008
0.10661115427525931,-0.10600355496102674,0.7068195629295418,0.9255238960446313,0.0,0.0,-0.37868921010555145
0.11285638487348158,-0.1121353804746905,0.7076419381640269,0.9257239916817724,0.0,0.0,-0.37819980331137854
0.11909716009487012,-0.11824949851186273,0.7085104801255979,0.9259357427390567,0.0,0.0,-0.37768108281759516
0.12533323356430423,-0.1243449435824274,0.7094250516614107,0.9261591853669581,0.0,0.0,-0.37713281925657505
0.1315643590922821,-0.13042075314494808,0.7103855083500177,0.9263943574534732,0.0,0.0,-0.37655476955997563
0.13779029068463816,-0.13647596775866272,0.7113916985241742,0.9266412985843419,0.0,0.0,-0.37594667674807863
0.14401078255225186,-0.1425096312349878,0.7124434632947871,0.9269000499997172,0.0,0.0,-0.37530826970707915
0.15022558912075726,-0.14852079078851765,0.7135406365760071,0.9271706545470313,0.0,0.0,-0.37463926295415073
0.15643446504023067,-0.15450849718747353,0.7146830451114539,0.9274531566297839,0.0,0.0,-0.3739393563901097
0.16263716519488303,-0.16047180490360421,0.7158705085015766,0.9277476021519557,0.0,0.0,-0.3732082350394969
0.1688334447127338,-0.16640977226149326,0.7171028392321406,0.9280540384577346,0.0,0.0,-0.37244556877789464
0.1750230589752756,-0.17232146158725808,0.7183798427038377,0.9283725142662103,0.0,0.0,-0.3716510120462947
0.1812057636271374,-0.17820593935662538,0.7197013172630164,0.9287030796006761,0.0,0.0,-0.3708242035523306
0.18738131458572427,-0.18406227634233865,0.7210670542335245,0.9290457857121464,0.0,0.0,-0.369964765958193
0.1935494680508604,-0.18988954776090067,0.7224768379496627,0.9294006849966717,0.0,0.0,-0.36907230555504605
0.19970998051440678,-0.19568683341860096,0.7239304457902389,0.9297678309060033,0.0,0.0,-0.36814641192376896
0.20586260876988158,-0.20145321785683154,0.7254276482137247,0.9301472778511305,0.0,0.0,-0.3671866575818514
0.21200710992205452,-0.20718779049664193,0.7269682087945013,0.9305390810981765,0.0,0.0,-0.36619259761628314
0.2181432413965429,-0.21288964578253664,0.7285518842601943,0.9309432966561111,0.0,0.0,-0.3651637693022841
0.22427076094938117,-0.21855788332546638,0.7301784245300887,0.9313599811556907,0.0,0.0,-0.36409969170774015
0.23038942667659018,-0.22419160804501573,0.7318475727546208,0.931789191719009,0.0,0.0,-0.3629998652832199
0.23649899702372476,-0.22978993031074396,0.7335590653559367,0.9322309858189909,0.0,0.0,-0.3618637714374738
0.24259923079540713,-0.23535196608266595,0.735312632069514,0.9326854211281221,0.0,0.0,-0.36069087209833467
0.248689887164855,-0.24087683705085777,0.737107995986841,0.9331525553556621,0.0,0.0,-0.3594806092589667
0.254770725683382,-0.24636367077414556,0.7389448735991423,0.9336324460725325,0.0,0.0,-0.3582324045094463
0.2608415062898964,-0.25181160081787984,0.7408229748421492,0.9341251505230316,0.0,0.0,-0.3569456585536845
0.2669019893203755,-0.2572197668907531,0.7427420031419043,0.9346307254224581,0.0,0.0,-0.3556197507117536
0.27295193551732566,-0.26258731498064813,0.7447016554615926,0.9351492267396802,0.0,0.0,-0.35425403840772
0.2789911060392293,-0.2679133974894983,0.7467016223493954,0.935680709463619,0.0,0.0,-0.35284785664314083
0.2850192624699758,-0.27319717336713417,0.7487415879873573,0.9362252273525548,0.0,0.0,-0.35140051745644457
0.291036166828272,-0.27843780824409403,0.7508212302412562,0.9367828326650907,0.0,0.0,-0.3499113093684865
0.2970415815770347,-0.283634474563378,0.7529402207114717,0.9373535758715473,0.0,0.0,-0.3483794968146422
0.3030352696327742,-0.2887863517111339,0.7550982247848449,0.9379375053444801,0.0,0.0,-0.3468043195638908
0.3090169943749473,-0.2938926261462364,0.7572949016875157,0.9385346670269331,0.0,0.0,-0.3451849921254454
0.3149865196553043,-0.29895249152875897,0.7595299045387368,0.9391451040769685,0.0,0.0,-0.3435207031435806
0.3209436098072095,-0.3039651488473026,0.7618028804056494,0.9397688564869177,0.0,0.0,-0.3418106147814474
0.3268880296549429,-0.3089298065451675,0.7641134703590144,0.9404059606757182,0.0,0.0,-0.3400538620947858
0.3328195445229859,-0.31384568064534957,0.7664613095298927,0.9410564490526049,0.0,0.0,-0.33824955239660265
0.3387379202452919,-0.31871199487434526,0.7688460271672635,0.9417203495503335,0.0,0.0,-0.3363967646140458
0.3446429231745172,-0.3235279807847222,0.7712672466965657,0.9423976851260087,0.0,0.0,-0.3344945486388982
0.3505343201912588,-0.32829287787647804,0.7737245857791687,0.9430884732275008,0.0,0.0,-0.3325419246732984
0.356411878713251,-0.333005933717126,0.7762176563727454,0.9437927252233187,0.0,0.0,-0.3305378825725446
0.3622753667045456,-0.3376664040605121,0.7787460647925477,0.9445104457937121,0.0,0.0,-0.328481381187067
0.3681245526846783,-0.3422735529643446,0.7813094117735766,0.9452416322806643,0.0,0.0,-0.32637134770593046
0.3739592057377996,-0.34682665290640186,0.7839072925336276,0.9459862739943308,0.0,0.0,-0.324206677004535
0.37977909552180156,-0.35132498489942493,0.7865392968372146,0.9467443514733752,0.0,0.0,-0.3219862309994919
0.3855839922773958,-0.3557678386046421,0.7892050090603449,0.9475158356965401,0.0,0.0,-0.31970883801403954
0.391373666837203,-0.36015451244395386,0.7919040082561587,0.9483006872426989,0.0,0.0,-0.31737329215771304
0.3971478906347808,-0.36448431371070594,0.7946358682213934,0.9490988553965197,0.0,0.0,-0.3149783527244631
0.40290643571366247,-0.36875655867908685,0.7974001575636925,0.9499102771967922,0.0,0.0,-0.31252274361382665
0.4086490747363485,-0.3729705727120907,0.8001964397697242,0.9507348764243674,0.0,0.0,-0.31000515278030927
0.41437558099328403,-0.3771256903680519,0.8030242732741131,0.9515725625265908,0.0,0.0,-0.3074242317166581
0.4200857284118066,-0.3812212555057242,0.8058832115291669,0.9524232294750352,0.0,0.0,-0.3047785949773124
0.4257792915650718,-0.3852566213878941,0.8087728030753927,0.9532867545532923,0.0,0.0,-0.302066819748961
0.4314560456809594,-0.38923115078351206,0.8116925916127901,0.9541629970715441,0.0,0.0,-0.29928744547583164
0.4371157666509322,-0.393144216068309,0.8146421160728994,0.9550517970046166,0.0,0.0,-0.2964389735481026
0.4427582310389013,-0.3969951993239175,0.8176209106916182,0.9559529735502464,0.0,0.0,-0.29351986706259264
0.4483832160900324,-0.4007834924354385,0.8206285050827444,0.9568663236043072,0.0,0.0,-0.2905285506658121
0.4539904997395466,-0.40450849718747367,0.823664424312258,0.9577916201498498,0.0,0.0,-0.28746341049031965
0.4595798606214873,-0.4081696253585917,0.8267281889733195,0.9587286105569066,0.0,0.0,-0.2843227941963563
0.46515107807745826,-0.4117662988142137,0.8298193152619731,0.9596770147901911,0.0,0.0,-0.2811050111317614
0.4707039321653329,-0.41529794959790656,0.8329373150535438,0.9606365235220429,0.0,0.0,-0.27780833262428245
0.47623820366793834,-0.4187640200210704,0.8360816959797188,0.9616067961482582,0.0,0.0,-0.2744309924215602
0.48175367410171566,-0.4221639627510078,0.8392519615063013,0.962587458704806,0.0,0.0,-0.2709711872952986
0.48725012572533233,-0.425497240897346,0.8424476110116114,0.9635781016838666,0.0,0.0,-0.2674270778274266
0.49272734154829123,-0.42876332809682594,0.8456681398655479,0.9645782777481829,0.0,0.0,-0.26379678939734935
0.49818510533949095,-0.43196170859641775,0.8489130395092719,0.965587499343334,0.0,0.0,-0.26007841339082194
0.5036232016357606,-0.4350918773347627,0.8521817975355125,0.9666052362083144,0.0,0.0,-0.2562700086523372
0.5090414157503715,-0.4381533400219319,0.8554738977694856,0.9676309127856896,0.0,0.0,-0.2523696032043746
0.5144395337815055,-0.44114561321747614,0.8587888203503997,0.9686639055336205,0.0,0.0,-0.24837519625830878
0.5198173426207098,-0.4440682244067724,0.8621260418135539,0.9697035401432574,0.0,0.0,-0.24428476054317075
0.5251746299612948,-0.44692071207563144,0.8654850351729899,0.9707490886663475,0.0,0.0,-0.24009624497991697
0.5305111843067344,-0.44970262578318565,0.8688652700047204,0.9717997665594766,0.0,0.0,-0.2358075777301207
0.5358267949789967,-0.45241352623300973,0.8722662125304783,0.9728547296530958,0.0,0.0,-0.23141666964936208
0.5411212521268756,-0.45505298534249766,0.8756873257020146,0.9739130710554779,0.0,0.0,-0.22692141817661882
0.5463943467342685,-0.45762058631045843,0.8791280692859008,0.9749738180039367,0.0,0.0,-0.22231971169202874
0.55164587062843,-0.4601159236829351,0.8825878999488392,0.9760359286780989,0.0,0.0,-0.2176094343760892
0.5568756164881882,-0.46253860341722913,0.8860662713434598,0.9770982889927093,0.0,0.0,-0.2127884716038912
0.5620833778521297,-0.4648882429441253,0.8895626341945961,0.9781597093904172,0.0,0.0,-0.20785471590814322
0.5672689491267567,-0.4671644712283062,0.8930764363860251,0.9792189216582035,0.0,0.0,-0.20280607354452018
0.5724321255945901,-0.46936692882693676,0.8966071230476444,0.9802745757945979,0.0,0.0,-0.19764047169221513
0.5775727034222672,-0.47149526794643215,0.9001541366431038,0.981325236958571,0.0,0.0,-0.19235586632126586
0.5826904796685761,-0.4735491524973722,0.9037169170578372,0.982369382534949,0.0,0.0,-0.18695025075645963
0.5877852522924728,-0.47552825814757677,0.9072949016875156,0.983405399355402,0.0,0.0,-0.18142166496491602
0.5928568201610587,-0.47743227237332136,0.9108875255268891,0.9844315811184086,0.0,0.0,-0.17576820559108555
0.5979049830575187,-0.479260894508688,0.914494221259007,0.985446126056105,0.0,0.0,-0.16998803675851773
0.6029295416890249,-0.48101383579304313,0.9181144193448026,0.9864471349004997,0.0,0.0,-0.1640794016523558
0.6079302976946046,-0.4826908194166368,0.9217475481130304,0.9874326092061019,0.0,0.0,-0.15804063488998527
0.6129070536529768,-0.48429158056431576,0.9253930338505438,0.9884004500904868,0.0,0.0,-0.15187017567950206
0.6178596130903343,-0.48581586645733704,0.9290503008928827,0.9893484574585917,0.0,0.0,-0.14556658175661416
0.6227877804881122,-0.48726343639328856,0.9327187717151855,0.9902743297804749,0.0,0.0,-0.13912854408003741
0.6276913612907006,-0.4886340617840968,0.9363978670233837,0.99117566449572,0.0,0.0,-0.13255490225362335
0.6325701619131242,-0.48992752619212343,0.9400870058456777,0.9920499591204699,0.0,0.0,-0.1258446606299754
0.6374239897486899,-0.4911436253643444,0.9437856056242828,0.9928946131350455,0.0,0.0,-0.11899700503545475
0.6422526531765835,-0.4922821672646025,0.9474930823074166,0.9937069307310148,0.0,0.0,-0.11201132004018963
0.6470559615694446,-0.4933429721039341,0.9512088504415351,0.9944841244962532,0.0,0.0,-0.10488720667898696
0.651833725300878,-0.4943258723689568,0.9549323232637723,0.9952233201146954,0.0,0.0,-0.0976245005102819
0.6565857557529567,-0.49523071284832565,0.9586629127946089,0.9959215621539563,0.0,0.0,-0.09022328988029056
0.6613118653236519,-0.4960573506572388,0.9624000299307088,0.9965758210084854,0.0,0.0,-0.08268393423914498
0.6660118674342514,-0.49680565526000414,0.9661430845379553,0.9971830010582986,0.0,0.0,-0.07500708233470356
0.6706855765367196,-0.49747550849065,0.9698914855446351,0.9977399500933172,0.0,0.0,-0.0671936900890613
0.6753328081210243,-0.4980668045715862,0.973644641034777,0.9982434700408509,0.0,0.0,-0.05924503794243732
0.6799533787224195,-0.498579450130307,0.9774019583416204,0.9986903290186613,0.0,0.0,-0.051162747430120156
0.684547105928688,-0.4990133642141357,0.9811628441412055,0.9990772747182813,0.0,0.0,-0.04294879674091185
0.6891138083873488,-0.49936847830300884,0.9849267045460693,0.9994010491029093,0.0,0.0,-0.034605534990873495
0.6936533058128044,-0.4996447363202947,0.9886929451990192,0.9996584043813517,0.0,0.0,-0.026135694934905557
0.6981654189934725,-0.4998420946416501,0.9924609713669985,0.9998461201944111,0.0,0.0,-0.01754240383138949
0.7026499697988493,-0.4999605221019081,0.9962301880349943,0.999961021923141,0.0,0.0,-0.008829192173001358
0.7071067811865474,-0.49999999999999994,0.9999999999999999,1.0,0.0,0.0,-3.0308461968242254e-16
0.7115356772092849,-0.49996052210190817,1.0037698119650054,0.9999600300747346,0.0,0.0,0.008940819477902335
0.7159364830218311,-0.4998420946416501,1.0075390286330013,0.9998381938575,0.0,0.0,0.01798849920846324
0.7203090248879072,-0.49964473632029466,1.0113070548009806,0.9996317004331481,0.0,0.0,0.027137860806135526
0.7246531301870461,-0.4993684783030089,1.0150732954539303,0.9993379078136382,0.0,0.0,0.0363833204457844
0.7289686274214119,-0.4990133642141358,1.0188371558587943,0.9989543444711797,0.0,0.0,0.04571889830426797
0.7332553462225602,-0.49857945013030697,1.0225980416583798,0.9984787305739716,0.0,0.0,0.055138231667240266
0.7375131173581738,-0.49806680457158625,1.0263553589652228,0.9979089986302514,0.0,0.0,0.06463459176608916
0.7417417727387394,-0.49747550849065,1.0301085144553646,0.9972433132357524,0.0,0.0,0.07420090435148918
0.7459411454241821,-0.49680565526000414,1.0338569154620443,0.9964800896154105,0.0,0.0,0.0838297739473474
0.7501110696304598,-0.49605735065723877,1.0375999700692915,0.9956180106529109,0.0,0.0,0.09351351166296772
0.7542513807361033,-0.4952307128483257,1.0413370872053909,0.994656042111925,0.0,0.0,0.10324416637389248
0.7583619152887222,-0.4943258723689569,1.0450676767362272,0.993593445770825,0.0,0.0,0.11301355901509523
0.7624425110114474,-0.49334297210393413,1.0487911495584645,0.9924297902182821,0.0,0.0,0.1228133196656464
0.7664930068093503,-0.4922821672646026,1.0525069176925832,0.9911649590900501,0.0,0.0,0.13263492704419477
0.7705132427757894,-0.4911436253643443,1.0562143943757174,0.9897991565668193,0.0,0.0,0.14246974998087492
0.7745030601987337,-0.48992752619212354,1.059912994154322,0.9883329099983008,0.0,0.0,0.15230909038626222
0.7784623015670231,-0.4886340617840969,1.063602132976616,0.9867670695685606,0.0,0.0,0.1621442272024366
0.7823908105765881,-0.4872634363932887,1.0672812282848143,0.9851028049705717,0.0,0.0,0.17196646079719127
0.7862884321366193,-0.48581586645733693,1.0709496991071177,0.9833415991125153,0.0,0.0,0.18176715725026152
0.7901550123756899,-0.48429158056431587,1.074606966149456,0.9814852389328391,0.0,0.0,0.1915377919809765
0.7939903986478357,-0.4826908194166369,1.0782524518869694,0.9795358034538274,0.0,0.0,0.20126999217982056
0.7977944395385705,-0.48101383579304324,1.081885580655197,0.9774956492528777,0.0,0.0,0.21095557753161062
0.8015669848708764,-0.4792608945086881,1.0855057787409927,0.9753673935752774,0.0,0.0,0.22058659875470726
0.8053078857111221,-0.4774322723733215,1.0891124744731107,0.9731538953508841,0.0,0.0,0.23015537352710377
0.8090169943749473,-0.4755282581475769,1.0927050983124842,0.970858234408569,0.0,0.0,0.23965451942551846
0.8126941644330936,-0.4735491524973724,1.0962830829421626,0.9684836892060048,0.0,0.0,0.24907698356517596
0.8163392507171839,-0.4714952679464323,1.099845863356896,0.9660337134078562,0.0,0.0,0.25841606869432154
0.8199521093254526,-0.4693669288269369,1.1033928769523553,0.9635119116526062,0.0,0.0,0.2676654555663483
0.823532597628427,-0.4671644712283063,1.1069235636139747,0.9609220148473256,0.0,0.0,0.2768192214817396
0.8270805742745622,-0.4648882429441255,1.1104373658054036,0.9582678553211482,0.0,0.0,0.28587185495988754
0.8305958991958127,-0.4625386034172289,1.1139337286565403,0.9555533421527836,0.0,0.0,0.2948182665654308
0.834078433613171,-0.46011592368293525,1.1174121000511605,0.952782436965929,0.0,0.0,0.3036537959737467
0.8375280400421418,-0.45762058631045865,1.1208719307140989,0.9499591304601026,0.0,0.0,0.312374215413958
0.8409445822981689,-0.45505298534249783,1.1243126742979852,0.9470874199141736,0.0,0.0,0.32097572967486826
0.8443279255020153,-0.45241352623300957,1.127733787469522,0.9441712878669821,0.0,0.0,0.32945497289858044
0.8476779360850827,-0.44970262578318587,1.1311347299952794,0.9412146821450178,0.0,0.0,0.3378090024180131
0.8509944817946921,-0.4469207120756316,1.1345149648270099,0.9382214973721524,0.0,0.0,0.34603528991817606
0.8542774316992947,-0.44406822440677257,1.1378739581864459,0.9351955580620035,0.0,0.0,0.35413171021683143
0.8575266561936524,-0.4411456132174763,1.1412111796496,0.9321406033602789,0.0,0.0,0.3620965279689037
0.8607420270039436,-0.4381533400219317,1.1445261022305147,0.9290602734733657,0.0,0.0,0.36992838260073363
0.863923417192835,-0.4350918773347629,1.1478182024644874,0.9259580977907327,0.0,0.0,0.37762627177643193
0.8670707011644896,-0.43196170859641797,1.151086960490728,0.9228374846831242,0.0,0.0,0.38518953368922687
0.8701837546695255,-0.42876332809682616,1.1543318601344519,0.9197017129360171,0.0,0.0,0.39261782845733806
0.8732624548099203,-0.42549724089734575,1.1575523889883887,0.9165539247587219,0.0,0.0,0.39991111888691333
0.876306680043863,-0.42216396275100804,1.1607480384936986,0.9133971202937321,0.0,0.0,0.4070696508450578
0.8793163101905563,-0.4187640200210706,1.163918304020281,0.9102341535384287,0.0,0.0,0.41409393346459433
0.8822912264349527,-0.4152979495979068,1.167062684946456,0.9070677295818728,0.0,0.0,0.420984719379678
0.8852313113324549,-0.41176629881421395,1.1701806847380267,0.9039004030528655,0.0,0.0,0.4277429851685085
0.8881364488135445,-0.4081696253585919,1.1732718110266802,0.900734577671629,0.0,0.0,0.43436991215634607
0.8910065241883676,-0.4045084971874739,1.1763355756877418,0.8975725067958199,0.0,0.0,0.44086686770981937
0.8938414241512633,-0.4007834924354387,1.1793714949172553,0.8944162948520804,0.0,0.0,0.4472353871319622
0.8966410367852357,-0.3969951993239178,1.1823790893083816,0.8912678995464565,0.0,0.0,0.4534771562472
0.8994052515663711,-0.39314421606830924,1.1853578839271004,0.8881291347505699,0.0,0.0,0.4595939947466719
0.9021339593682023,-0.38923115078351234,1.1883074083872096,0.8850016739650965,0.0,0.0,0.46558784034699263
0.9048270524660196,-0.38525662138789435,1.191227196924607,0.8818870542676286,0.0,0.0,0.4714607337999258
0.9074844245411168,-0.38122125550572394,1.1941167884708332,0.8787866806581538,0.0,0.0,0.4772148047764484
0.9101059706849953,-0.37712569036805216,1.1969757267258867,0.875701830721888,0.0,0.0,0.48285225863646275
0.9126915874035028,-0.372970572712091,1.1998035602302757,0.8726336595360055,0.0,0.0,0.48837536408463383
0.9152411726209173,-0.36875655867908713,1.2025998424363071,0.8695832047535997,0.0,0.0,0.49378644170375807
0.9177546256839811,-0.3644843137107056,1.2053641317786068,0.8665513918049674,0.0,0.0,0.4990878533493614
0.9202318473658698,-0.36015451244395413,1.208095991743841,0.8635390391629,0.0,0.0,0.5042819923828484
0.9226727398701149,-0.3557678386046424,1.210794990939655,0.8605468636249595,0.0,0.0,0.5093712747154527
0.9250772068344576,-0.3513249848994252,1.2134607031627853,0.8575754855717488,0.0,0.0,0.5143581306311577
0.9274451533346614,-0.34682665290640213,1.2160927074663723,0.8546254341657694,0.0,0.0,0.5192449973538213
0.9297764858882513,-0.34227355296434425,1.2186905882264236,0.8516971524607566,0.0,0.0,0.5240343123214725
0.9320711124582108,-0.3376664040605124,1.221253935207452,0.848791002396134,0.0,0.0,0.5287285071294774
0.9343289424566118,-0.3330059337171263,1.2237823436272544,0.8459072696557016,0.0,0.0,0.5333300021034219
0.9365498867481923,-0.3282928778764783,1.2262754142208312,0.8430461683736084,0.0,0.0,0.5378412014624553
0.9387338576538742,-0.32352798078472184,1.2287327533034345,0.8402078456742778,0.0,0.0,0.5422644890340773
0.9408807689542251,-0.31871199487434554,1.2311539728327365,0.8373923860361315,0.0,0.0,0.5466022244820401
0.9429905358928646,-0.31384568064534984,1.2335386904701071,0.8345998154717895,0.0,0.0,0.5508567400100092
0.9450630751798046,-0.3089298065451678,1.2358865296409853,0.8318301055199173,0.0,0.0,0.5550303375048281
0.9470983049947442,-0.3039651488473029,1.2381971195943504,0.8290831770460049,0.0,0.0,0.5591252860847048
0.9490961449902947,-0.29895249152875925,1.240470095461263,0.8263589038512849,0.0,0.0,0.5631438200190987
0.9510565162951535,-0.2938926261462367,1.242705098312484,0.8236571160905158,0.0,0.0,0.5670881369888235
0.9529793415172187,-0.28878635171113426,1.244901775215155,0.8209776035007436,0.0,0.0,0.5709603966565246
0.954864544746643,-0.2836344745633783,1.247059779288528,0.8183201184442475,0.0,0.0,0.5747627195194491
0.9567120515588308,-0.27843780824409364,1.249178769758744,0.8156843787697953,0.0,0.0,0.5784971860181632
0.9585217890173757,-0.2731971733671352,1.2512584120126422,0.8130700704970717,0.0,0.0,0.5821658358765884
0.9602936856769433,-0.26791339748949783,1.2532983776506046,0.8104768503297197,0.0,0.0,0.5857706676504185
0.962027671586086,-0.26258731498064775,1.2552983445384076,0.807904348002894,0.0,0.0,0.5893136384625922
0.9637236782900098,-0.25721976689075343,1.2572579968580955,0.8053521684715117,0.0,0.0,0.5927966639061272
0.9653816388332741,-0.2518116008178802,1.2591770251578507,0.8028198939456481,0.0,0.0,0.596221618096072
0.9670014877624351,-0.24636367077414592,1.2610551264008576,0.8003070857796194,0.0,0.0,0.5995903338538181
0.9685831611286313,-0.24087683705085733,1.262892004013159,0.797813286221355,0.0,0.0,0.602904603008372
0.9701265964901058,-0.23535196608266715,1.2646873679304858,0.7953380200286643,0.0,0.0,0.606166176800458
0.9716317329146742,-0.22978993031074357,1.2664409346440635,0.7928807959589075,0.0,0.0,0.6093767663765739
0.9730985109821265,-0.22419160804501692,1.2681524272453788,0.7904411081385032,0.0,0.0,0.6125380433612063
0.9745268727865773,-0.218557883325466,1.2698215754699114,0.7880184373185171,0.0,0.0,0.6156516404965412
0.9759167619387475,-0.21288964578253622,1.2714481157398059,0.7856122520224472,0.0,0.0,0.6187191523399117
0.9772681235681935,-0.20718779049664232,1.2730317912054985,0.7832220095920697,0.0,0.0,0.6217421360102273
0.9785809043254721,-0.20145321785683196,1.274572351786275,0.7808471571370382,0.0,0.0,0.6247221119754013
0.979855052384247,-0.19568683341860138,1.276069554209761,0.7784871323936685,0.0,0.0,0.627660564873629
0.9810905174433342,-0.18988954776090028,1.2775231620503376,0.7761413644981175,0.0,0.0,0.6305589443620639
0.9822872507286886,-0.18406227634233988,1.278932945766475,0.7738092746789139,0.0,0.0,0.6334186659871125
0.9834452049953297,-0.17820593935662496,1.2802986827369838,0.771490276873556,0.0,0.0,0.636241112071174
0.9845643345292052,-0.17232146158725933,1.281620157296162,0.7691837782736537,0.0,0.0,0.6390276326111938
0.9856445951489979,-0.16640977226149367,1.2828971607678592,0.7668891798028202,0.0,0.0,0.641779546184948
0.986685944207868,-0.16047180490360463,1.2841294914984234,0.7646058765313228,0.0,0.0,0.6444981408613741
0.9876883405951375,-0.15450849718747398,1.285316954888546,0.7623332580312226,0.0,0.0,0.64718467511175
0.9886517447379138,-0.1485207907885181,1.286459363423993,0.7600707086755325,0.0,0.0,0.649840378718862
0.9895761186026508,-0.14250963123498822,1.2875565367052126,0.7578176078846939,0.0,0.0,0.652466453681659
0.9904614256966512,-0.1364759677586623,1.2886083014758258,0.7555733303234534,0.0,0.0,0.6550640751132104
0.9913076310695064,-0.1304207531449494,1.289614491649982,0.753337246051017,0.0,0.0,0.657634392130057
0.9921147013144777,-0.12434494358242697,1.2905749483385893,0.7511087206271615,0.0,0.0,0.6601785287313037
0.9928826045698135,-0.11824949851186228,1.291489519874402,0.748887115176801,0.0,0.0,0.6626975846660142
0.9936113105200082,-0.11213538047469092,1.2923580618359731,0.7466717864153007,0.0,0.0,0.6651926362877025
0.9943007903969988,-0.10600355496102716,1.293180437070458,0.7444620866366923,0.0,0.0,0.6676647373948561
0.9949510169813,-0.09985499025720372,1.2939565157152741,0.7422573636667519,0.0,0.0,0.6701149200566149
0.9955619646030799,-0.09369065729286205,1.2946861752186067,0.7400569607827565,0.0,0.0,0.6725441954228657
0.9961336091431723,-0.08751152948763902,1.2953693003587614,0.7378602166015954,0.0,0.0,0.6749535545181217
0.9966659280340299,-0.08131858259744142,1.2960057832623604,0.7356664649377506,0.0,0.0,0.6773439690186911
0.9971589002606138,-0.0751127945603794,1.2965955234213742,0.7334750346325629,0.0,0.0,0.6797163920126987
0.9976125063612252,-0.06889514534231854,1.2971384277089955,0.731285249356028,0.0,0.0,0.6820717587426504
0.9980267284282717,-0.06266661678215202,1.2976344103943434,0.7290964273823064,0.0,0.0,0.6844109873302425
0.9984015501089751,-0.056428192436741124,1.2980833931560025,0.726907881339964,0.0,0.0,0.6867349794832394
0.9987369566060176,-0.050180857425608114,1.29848530509439,0.7247189179379012,0.0,0.0,0.6890446211842292
0.9990329346781248,-0.043925598275371756,1.2988400827429518,0.7225288376678063,0.0,0.0,0.6913407833611503
0.9992894726405893,-0.037663402763966035,1.299147670078184,0.7203369344838845,0.0,0.0,0.6936243225394855
0.9995065603657317,-0.03139525976465764,1.2994080185284815,0.7181424954605307,0.0,0.0,0.6958960814760505
0.9996841892833003,-0.02512215908988435,1.2996210869818052,0.7159448004285323,0.0,0.0,0.6981568897743181
0.9998223523808092,-0.018845091334968117,1.2997868417921767,0.7137431215903244,0.0,0.0,0.7004075644812096
0.9999210442038163,-0.01256504772166909,1.29990525678499,0.7115367231147282,0.0,0.0,0.7026489106653158
0.9999802608561371,-0.006283019941676157,1.2999763132611448,0.709324860711578,0.0,0.0,0.7048817219764608
1.0,-2.4492935982947064e-16,1.2999999999999998,0.7071067811865477,0.0,0.0,0.7071067811865475
0.9999802608561372,0.006283019941675669,1.2999763132611448,0.704881721976461,0.0,0.0,0.7093248607115777
0.9999210442038162,0.012565047721668601,1.29990525678499,0.702648910665316,0.0,0.0,0.7115367231147279
0.9998223523808093,0.018845091334967624,1.2997868417921767,0.7004075644812098,0.0,0.0,0.7137431215903242
0.9996841892833003,0.02512215908988386,1.2996210869818052,0.6981568897743184,0.0,0.0,0.7159448004285319
0.9995065603657318,0.03139525976465715,1.2994080185284815,0.6958960814760508,0.0,0.0,0.7181424954605304
0.9992894726405894,0.03766340276396644,1.299147670078184,0.6936243225394855,0.0,0.0,0.7203369344838845
0.9990329346781248,0.04392559827537128,1.2988400827429518,0.6913407833611506,0.0,0.0,0.7225288376678061
0.9987369566060176,0.05018085742560763,1.29848530509439,0.6890446211842294,0.0,0.0,0.7247189179379009
0.998401550108975,0.05642819243674064,1.2980833931560025,0.6867349794832396,0.0,0.0,0.7269078813399636
0.9980267284282717,0.0626666167821524,1.2976344103943434,0.6844109873302424,0.0,0.0,0.7290964273823065
0.9976125063612252,0.06889514534231805,1.2971384277089955,0.6820717587426506,0.0,0.0,0.7312852493560278
0.9971589002606138,0.07511279456037892,1.2965955234213742,0.6797163920126991,0.0,0.0,0.7334750346325627
0.9966659280340298,0.08131858259744093,1.2960057832623604,0.6773439690186913,0.0,0.0,0.7356664649377503
0.9961336091431723,0.08751152948763852,1.2953693003587616,0.674953554518122,0.0,0.0,0.7378602166015951
0.9955619646030798,0.09369065729286243,1.2946861752186067,0.6725441954228656,0.0,0.0,0.7400569607827566
0.9949510169813001,0.09985499025720324,1.2939565157152741,0.6701149200566152,0.0,0.0,0.7422573636667517
0.9943007903969988,0.10600355496102667,1.293180437070458,0.6676647373948564,0.0,0.0,0.7444620866366921
0.9936113105200082,0.11213538047469043,1.2923580618359731,0.6651926362877029,0.0,0.0,0.7466717864153005
0.9928826045698135,0.11824949851186266,1.291489519874402,0.6626975846660141,0.0,0.0,0.7488871151768011
0.9921147013144778,0.12434494358242648,1.2905749483385895,0.6601785287313039,0.0,0.0,0.7511087206271613
0.9913076310695065,0.1304207531449489,1.289614491649982,0.6576343921300573,0.0,0.0,0.7533372460510168
0.9904614256966512,0.1364759677586618,1.288608301475826,0.6550640751132106,0.0,0.0,0.7555733303234532
0.9895761186026508,0.14250963123498775,1.2875565367052129,0.6524664536816592,0.0,0.0,0.7578176078846938
0.988651744737914,0.1485207907885176,1.286459363423993,0.6498403787188622,0.0,0.0,0.7600707086755323
0.9876883405951377,0.1545084971874735,1.2853169548885461,0.6471846751117503,0.0,0.0,0.7623332580312224
0.986685944207868,0.16047180490360416,1.2841294914984234,0.6444981408613744,0.0,0.0,0.7646058765313227
0.9856445951489979,0.1664097722614932,1.2828971607678594,0.6417795461849483,0.0,0.0,0.76688917980282
0.9845643345292052,0.17232146158725886,1.281620157296162,0.6390276326111941,0.0,0.0,0.7691837782736535
0.9834452049953298,0.1782059393566245,1.2802986827369838,0.6362411120711742,0.0,0.0,0.7714902768735558
0.9822872507286886,0.18406227634233943,1.2789329457664753,0.6334186659871128,0.0,0.0,0.7738092746789137
0.9810905174433341,0.1898895477609006,1.2775231620503373,0.6305589443620638,0.0,0.0,0.7761413644981175
0.979855052384247,0.1956868334186009,1.276069554209761,0.6276605648736293,0.0,0.0,0.7784871323936683
0.9785809043254722,0.20145321785683148,1.2745723517862753,0.6247221119754016,0.0,0.0,0.7808471571370379
0.9772681235681936,0.20718779049664188,1.2730317912054987,0.6217421360102277,0.0,0.0,0.7832220095920694
0.9759167619387474,0.21288964578253658,1.2714481157398057,0.6187191523399117,0.0,0.0,0.7856122520224473
0.9745268727865775,0.21855788332546555,1.2698215754699116,0.6156516404965415,0.0,0.0,0.7880184373185168
0.9730985109821265,0.22419160804501645,1.268152427245379,0.6125380433612068,0.0,0.0,0.790441108138503
0.9716317329146742,0.22978993031074313,1.2664409346440635,0.6093767663765742,0.0,0.0,0.7928807959589071
0.9701265964901058,0.2353519660826667,1.2646873679304858,0.6061661768004584,0.0,0.0,0.795338020028664
0.9685831611286312,0.24087683705085772,1.262892004013159,0.6029046030083719,0.0,0.0,0.797813286221355
0.9670014877624352,0.24636367077414553,1.2610551264008578,0.5995903338538184,0.0,0.0,0.8003070857796191
0.9653816388332742,0.25181160081787984,1.2591770251578507,0.5962216180960723,0.0,0.0,0.802819893945648
0.9637236782900099,0.25721976689075304,1.2572579968580957,0.5927966639061276,0.0,0.0,0.8053521684715114
0.9620276715860859,0.2625873149806481,1.2552983445384074,0.589313638462592,0.0,0.0,0.8079043480028941
0.9602936856769434,0.2679133974894975,1.2532983776506048,0.585770667650419,0.0,0.0,0.8104768503297195
0.9585217890173758,0.2731971733671349,1.2512584120126424,0.5821658358765889,0.0,0.0,0.8130700704970715
0.9567120515588309,0.27843780824409325,1.249178769758744,0.5784971860181636,0.0,0.0,0.8156843787697949
0.9548645447466432,0.2836344745633779,1.2470597792885285,0.5747627195194495,0.0,0.0,0.8183201184442471
0.9529793415172189,0.28878635171113387,1.2449017752151552,0.5709603966565251,0.0,0.0,0.8209776035007432
0.9510565162951538,0.29389262614623635,1.2427050983124843,0.567088136988824,0.0,0.0,0.8236571160905155
0.9490961449902948,0.2989524915287589,1.2404700954612633,0.5631438200190991,0.0,0.0,0.8263589038512846
0.9470983049947443,0.3039651488473026,1.2381971195943506,0.5591252860847051,0.0,0.0,0.8290831770460046
0.945063075179805,0.3089298065451667,1.235886529640986,0.5550303375048291,0.0,0.0,0.8318301055199167
0.9429905358928645,0.3138456806453502,1.2335386904701071,0.550856740010009,0.0,0.0,0.8345998154717896
0.9408807689542252,0.3187119948743452,1.2311539728327365,0.5466022244820405,0.0,0.0,0.8373923860361312
0.938733857653874,0.3235279807847222,1.2287327533034345,0.5422644890340771,0.0,0.0,0.840207845674278
0.9365498867481924,0.328292877876478,1.2262754142208312,0.5378412014624557,0.0,0.0,0.8430461683736081
0.9343289424566119,0.33300593371712595,1.2237823436272546,0.5333300021034223,0.0,0.0,0.8459072696557014
0.932071112458211,0.33766640406051207,1.2212539352074523,0.5287285071294778,0.0,0.0,0.8487910023961338
0.9297764858882516,0.3422735529643439,1.2186905882264238,0.5240343123214729,0.0,0.0,0.8516971524607564
0.9274451533346616,0.3468266529064018,1.2160927074663725,0.5192449973538218,0.0,0.0,0.8546254341657692
0.9250772068344578,0.35132498489942493,1.2134607031627855,0.5143581306311583,0.0,0.0,0.8575754855717485
0.9226727398701147,0.3557678386046427,1.2107949909396547,0.5093712747154526,0.0,0.0,0.8605468636249596
0.92023184736587,0.36015451244395386,1.2080959917438414,0.5042819923828489,0.0,0.0,0.8635390391628999
0.9177546256839809,0.3644843137107059,1.2053641317786066,0.4990878533493611,0.0,0.0,0.8665513918049675
0.9152411726209175,0.3687565586790868,1.2025998424363076,0.4937864417037585,0.0,0.0,0.8695832047535995
0.9126915874035029,0.37297057271209066,1.1998035602302757,0.48837536408463433,0.0,0.0,0.8726336595360052
0.9101059706849957,0.3771256903680519,1.196975726725887,0.48285225863646336,0.0,0.0,0.8757018307218878
0.907484424541117,0.3812212555057236,1.1941167884708335,0.4772148047764488,0.0,0.0,0.8787866806581536
0.9048270524660198,0.38525662138789407,1.1912271969246073,0.4714607337999265,0.0,0.0,0.8818870542676283
0.9021339593682025,0.38923115078351206,1.18830740838721,0.465587840346993,0.0,0.0,0.8850016739650963
0.8994052515663709,0.3931442160683095,1.1853578839271002,0.45959399474667156,0.0,0.0,0.8881291347505701
0.8966410367852359,0.3969951993239175,1.1823790893083819,0.4534771562472006,0.0,0.0,0.8912678995464561
0.8938414241512636,0.4007834924354384,1.1793714949172556,0.44723538713196276,0.0,0.0,0.8944162948520802
0.8910065241883678,0.4045084971874736,1.176335575687742,0.44086686770981987,0.0,0.0,0.8975725067958198
0.8881364488135447,0.40816962535859164,1.1732718110266807,0.43436991215634657,0.0,0.0,0.9007345776716289
0.8852313113324551,0.41176629881421367,1.170180684738027,0.42774298516850906,0.0,0.0,0.9039004030528653
0.8822912264349534,0.41529794959790606,1.1670626849464567,0.42098471937967946,0.0,0.0,0.9070677295818721
0.8793163101905561,0.4187640200210709,1.1639183040202807,0.414093933464594,0.0,0.0,0.910234153538429
0.8763066800438633,0.4221639627510078,1.1607480384936988,0.40706965084505836,0.0,0.0,0.9133971202937319
0.87326245480992,0.425497240897346,1.1575523889883887,0.3999111188869129,0.0,0.0,0.9165539247587221
0.8701837546695257,0.42876332809682594,1.154331860134452,0.39261782845733856,0.0,0.0,0.919701712936017
0.8670707011644898,0.43196170859641775,1.1510869604907281,0.3851895336892274,0.0,0.0,0.9228374846831242
0.8639234171928354,0.4350918773347627,1.1478182024644876,0.3776262717764326,0.0,0.0,0.9259580977907326
0.8607420270039439,0.43815334002193146,1.1445261022305149,0.3699283826007344,0.0,0.0,0.9290602734733654
0.8575266561936526,0.44114561321747614,1.1412111796496003,0.3620965279689045,0.0,0.0,0.9321406033602786
0.8542774316992948,0.4440682244067724,1.137873958186446,0.3541317102168321,0.0,0.0,0.9351955580620033
0.8509944817946918,0.44692071207563183,1.1345149648270096,0.3460352899181755,0.0,0.0,0.9382214973721527
0.8476779360850829,0.44970262578318565,1.1311347299952796,0.33780900241801387,0.0,0.0,0.9412146821450175
0.844327925502015,0.45241352623300973,1.1277337874695217,0.3294549728985801,0.0,0.0,0.9441712878669823
0.8409445822981693,0.45505298534249766,1.1243126742979854,0.32097572967486887,0.0,0.0,0.9470874199141733
0.8375280400421421,0.45762058631045843,1.1208719307140993,0.3123742154139586,0.0,0.0,0.9499591304601025
0.8340784336131714,0.4601159236829351,1.1174121000511608,0.3036537959737475,0.0,0.0,0.9527824369659288
0.830595899195813,0.46253860341722874,1.1139337286565407,0.2948182665654315,0.0,0.0,0.9555533421527835
0.8270805742745625,0.4648882429441253,1.1104373658054039,0.28587185495988837,0.0,0.0,0.9582678553211481
0.8235325976284272,0.4671644712283062,1.106923563613975,0.2768192214817404,0.0,0.0,0.9609220148473254
0.8199521093254524,0.4693669288269371,1.103392876952355,0.2676654555663478,0.0,0.0,0.9635119116526063
0.8163392507171843,0.47149526794643215,1.0998458633568962,0.2584160686943223,0.0,0.0,0.966033713407856
0.812694164433094,0.4735491524973722,1.0962830829421628,0.24907698356517677,0.0,0.0,0.9684836892060047
0.8090169943749477,0.47552825814757677,1.0927050983124844,0.23965451942551938,0.0,0.0,0.9708582344085689
0.8053078857111224,0.47743227237332136,1.0891124744731109,0.23015537352710455,0.0,0.0,0.973153895350884
0.8015669848708767,0.479260894508688,1.085505778740993,0.22058659875470804,0.0,0.0,0.9753673935752772
0.7977944395385714,0.48101383579304285,1.081885580655198,0.21095557753161284,0.0,0.0,0.9774956492528772
0.7939903986478355,0.48269081941663705,1.0782524518869692,0.2012699921798199,0.0,0.0,0.9795358034538275
0.7901550123756902,0.48429158056431576,1.0746069661494562,0.19153779198097734,0.0,0.0,0.981485238932839
0.786288432136619,0.48581586645733704,1.0709496991071175,0.18176715725026102,0.0,0.0,0.9833415991125154
0.7823908105765884,0.48726343639328856,1.0672812282848145,0.1719664607971921,0.0,0.0,0.9851028049705716
0.7784623015670235,0.4886340617840968,1.0636021329766163,0.1621442272024374,0.0,0.0,0.9867670695685604
0.774503060198734,0.48992752619212343,1.0599129941543222,0.15230909038626292,0.0,0.0,0.9883329099983007
0.7705132427757898,0.49114362536434425,1.0562143943757178,0.1424697499808758,0.0,0.0,0.9897991565668192
0.7664930068093506,0.4922821672646025,1.0525069176925834,0.13263492704419563,0.0,0.0,0.9911649590900501
0.7624425110114478,0.4933429721039341,1.048791149558465,0.12281331966564718,0.0,0.0,0.992429790218282
0.758361915288722,0.494325872368957,1.0450676767362272,0.11301355901509465,0.0,0.0,0.9935934457708251
0.7542513807361036,0.49523071284832565,1.041337087205391,0.10324416637389335,0.0,0.0,0.9946560421119249
0.7501110696304596,0.4960573506572388,1.0375999700692913,0.09351351166296705,0.0,0.0,0.995618010652911
0.7459411454241824,0.49680565526000414,1.0338569154620447,0.08382977394734818,0.0,0.0,0.9964800896154105
0.7417417727387398,0.49747550849065,1.030108514455365,0.07420090435149006,0.0,0.0,0.9972433132357524
0.7375131173581742,0.4980668045715862,1.026355358965223,0.06463459176608992,0.0,0.0,0.9979089986302513
0.7332553462225605,0.4985794501303069,1.0225980416583802,0.055138231667241126,0.0,0.0,0.9984787305739716
0.7289686274214111,0.49901336421413583,1.0188371558587936,0.04571889830426603,0.0,0.0,0.9989543444711797
0.7246531301870465,0.49936847830300884,1.0150732954539305,0.03638332044578512,0.0,0.0,0.9993379078136383
0.7203090248879069,0.4996447363202947,1.0113070548009804,0.02713786080613496,0.0,0.0,0.9996317004331481
0.7159364830218315,0.4998420946416501,1.0075390286330015,0.01798849920846391,0.0,0.0,0.9998381938574997
0.7115356772092853,0.4999605221019081,1.0037698119650058,0.008940819477903083,0.0,0.0,0.9999600300747344
0.7071067811865478,0.4999999999999999,1.0000000000000002,5.053215498074303e-16,0.0,0.0,0.9999999999999999
0.7026499697988497,0.4999605221019081,0.9962301880349946,0.008829192173000685,0.0,0.0,-0.999961021923141
0.6981654189934728,0.49984209464165014,0.9924609713669988,0.01754240383138897,0.0,0.0,-0.9998461201944111
0.6936533058128054,0.4996447363202947,0.98869294519902,0.02613569493490368,0.0,0.0,-0.9996584043813517
0.6891138083873486,0.4993684783030088,0.9849267045460692,0.03460553499087411,0.0,0.0,-0.9994010491029093
0.6845471059286884,0.49901336421413583,0.9811628441412057,0.04294879674091129,0.0,0.0,-0.9990772747182813
0.6799533787224192,0.4985794501303069,0.9774019583416201,0.05116274743012065,0.0,0.0,-0.9986903290186614
0.6753328081210247,0.49806680457158625,0.9736446410347773,0.059245037942436685,0.0,0.0,-0.998243470040851
0.6706855765367199,0.49747550849065,0.9698914855446354,0.06719369008906069,0.0,0.0,-0.9977399500933173
0.6660118674342518,0.49680565526000414,0.9661430845379556,0.07500708233470292,0.0,0.0,-0.9971830010582987
0.6613118653236524,0.49605735065723894,0.9624000299307092,0.08268393423914443,0.0,0.0,-0.9965758210084854
0.6565857557529572,0.4952307128483257,0.9586629127946092,0.09022328988028998,0.0,0.0,-0.9959215621539564
0.6518337253008785,0.4943258723689569,0.9549323232637726,0.09762450051028149,0.0,0.0,-0.9952233201146955
0.6470559615694443,0.493342972103934,0.9512088504415349,0.10488720667898746,0.0,0.0,-0.9944841244962531
0.642252653176584,0.4922821672646026,0.9474930823074169,0.11201132004018903,0.0,0.0,-0.9937069307310149
0.6374239897486896,0.49114362536434436,0.9437856056242826,0.11899700503545535,0.0,0.0,-0.9928946131350455
0.6325701619131247,0.48992752619212354,0.9400870058456781,0.125844660629975,0.0,0.0,-0.99204995912047
0.627691361290701,0.4886340617840969,0.936397867023384,0.13255490225362293,0.0,0.0,-0.99117566449572
0.6227877804881126,0.4872634363932887,0.9327187717151858,0.139128544080037,0.0,0.0,-0.9902743297804751
0.6178596130903348,0.4858158664573372,0.929050300892883,0.14556658175661374,0.0,0.0,-0.9893484574585918
0.6129070536529758,0.4842915805643154,0.9253930338505432,0.1518701756795033,0.0,0.0,-0.9884004500904866
0.607930297694605,0.4826908194166369,0.9217475481130307,0.15804063488998488,0.0,0.0,-0.9874326092061019
0.6029295416890247,0.481013835793043,0.9181144193448024,0.16407940165235635,0.0,0.0,-0.9864471349004997
0.5979049830575192,0.4792608945086881,0.9144942212590074,0.1699880367585174,0.0,0.0,-0.985446126056105
0.5928568201610591,0.47743227237332153,0.91088752552689,0.17576820559108514,0.0,0.0,-0.9844315811184087
0.5877852522924732,0.47552825814757693,0.9072949016875165,0.18142166496491569,0.0,0.0,-0.9834053993554022
0.5826904796685766,0.4735491524973724,0.9037169170578381,0.1869502507564592,0.0,0.0,-0.9823693825349491
0.5775727034222676,0.4714952679464323,0.9001541366431041,0.19235586632126556,0.0,0.0,-0.981325236958571
0.5724321255945913,0.46936692882693726,0.8966071230476452,0.19764047169221408,0.0,0.0,-0.9802745757945981
0.5672689491267565,0.467164471228306,0.8930764363860243,0.20280607354452052,0.0,0.0,-0.9792189216582035
0.5620833778521301,0.4648882429441255,0.8895626341945964,0.20785471590814297,0.0,0.0,-0.9781597093904172
0.556875616488188,0.46253860341722897,0.8860662713434596,0.2127884716038916,0.0,0.0,-0.9770982889927093
0.5516458706284305,0.46011592368293525,0.8825878999488395,0.2176094343760889,0.0,0.0,-0.9760359286780989
0.5463943467342689,0.45762058631045865,0.8791280692859016,0.22231971169202833,0.0,0.0,-0.9749738180039368
0.541121252126876,0.4550529853424979,0.8756873257020154,0.22692141817661854,0.0,0.0,-0.973913071055478
0.5358267949789971,0.45241352623300995,0.8722662125304791,0.23141666964936183,0.0,0.0,-0.972854729653096
0.5305111843067348,0.4497026257831859,0.8688652700047212,0.23580757773012045,0.0,0.0,-0.9717997665594769
0.5251746299612954,0.44692071207563167,0.8654850351729897,0.24009624497991655,0.0,0.0,-0.9707490886663475
0.5198173426207094,0.44406822440677224,0.8621260418135532,0.244284760543171,0.0,0.0,-0.9697035401432573
0.514439533781506,0.44114561321747636,0.8587888203504,0.24837519625830834,0.0,0.0,-0.9686639055336207
0.5090414157503712,0.43815334002193174,0.8554738977694855,0.25236960320437496,0.0,0.0,-0.9676309127856895
0.5036232016357611,0.43509187733476296,0.8521817975355128,0.2562700086523368,0.0,0.0,-0.9666052362083145
0.4981851053394914,0.43196170859641797,0.8489130395092721,0.26007841339082177,0.0,0.0,-0.9655874993433341
0.49272734154829173,0.4287633280968262,0.8456681398655487,0.26379678939734913,0.0,0.0,-0.964578277748183
0.4872501257253328,0.42549724089734625,0.8424476110116121,0.26742707782742636,0.0,0.0,-0.9635781016838666
0.4817536741017146,0.42216396275100715,0.8392519615063002,0.27097118729529956,0.0,0.0,-0.9625874587048057
0.47623820366793873,0.41876402002107066,0.8360816959797187,0.27443099242156,0.0,0.0,-0.9616067961482583
0.4707039321653326,0.4152979495979064,0.8329373150535432,0.27780833262428273,0.0,0.0,-0.9606365235220428
0.4651510780774587,0.411766298814214,0.8298193152619728,0.2811050111317611,0.0,0.0,-0.9596770147901912
0.45957986062148776,0.40816962535859197,0.8267281889733197,0.284322794196356,0.0,0.0,-0.9587286105569067
0.453990499739547,0.40450849718747395,0.8236644243122583,0.28746341049031937,0.0,0.0,-0.9577916201498499
0.4483832160900329,0.40078349243543876,0.8206285050827448,0.2905285506658119,0.0,0.0,-0.9568663236043073
0.4427582310389017,0.39699519932391786,0.817620910691619,0.2935198670625924,0.0,0.0,-0.9559529735502464
0.43711576665093343,0.3931442160683099,0.8146421160729005,0.29643897354810195,0.0,0.0,-0.955051797004617
0.4314560456809591,0.38923115078351184,0.81169259161279,0.29928744547583186,0.0,0.0,-0.954162997071544
0.42577929156507227,0.3852566213878944,0.8087728030753925,0.3020668197489608,0.0,0.0,-0.9532867545532924
0.42008572841180625,0.381221255505724,0.8058832115291663,0.30477859497731263,0.0,0.0,-0.9524232294750352
0.4143755809932845,0.3771256903680522,0.8030242732741129,0.3074242317166579,0.0,0.0,-0.951572562526591
0.408649074736349,0.37297057271209105,0.8001964397697244,0.31000515278030905,0.0,0.0,-0.9507348764243676
0.4029064357136629,0.3687565586790872,0.7974001575636928,0.3125227436138265,0.0,0.0,-0.9499102771967922
0.39714789063478123,0.3644843137107063,0.7946358682213938,0.31497835272446306,0.0,0.0,-0.9490988553965197
0.3913736668372034,0.36015451244395424,0.791904008256159,0.3173732921577128,0.0,0.0,-0.948300687242699
0.38558399227739626,0.35576783860464245,0.7892050090603451,0.3197088380140394,0.0,0.0,-0.9475158356965402
0.3797790955218012,0.35132498489942465,0.7865392968372145,0.3219862309994921,0.0,0.0,-0.9467443514733752
0.37395920573780006,0.3468266529064022,0.7839072925336275,0.32420667700453487,0.0,0.0,-0.9459862739943309
0.368124552684678,0.3422735529643443,0.7813094117735762,0.3263713477059306,0.0,0.0,-0.9452416322806643
0.3622753667045461,0.33766640406051246,0.7787460647925476,0.32848138118706666,0.0,0.0,-0.9445104457937122
0.3564118787132514,0.33300593371712633,0.7762176563727453,0.3305378825725444,0.0,0.0,-0.9437927252233188
0.3505343201912593,0.3282928778764784,0.7737245857791689,0.3325419246732984,0.0,0.0,-0.9430884732275008
0.3446429231745177,0.3235279807847226,0.7712672466965659,0.33449454863889805,0.0,0.0,-0.9423976851260087
0.3387379202452907,0.31871199487434426,0.7688460271672629,0.33639676461404616,0.0,0.0,-0.9417203495503333
0.33281954452298634,0.31384568064534996,0.7664613095298928,0.33824955239660254,0.0,0.0,-0.941056449052605
0.32688802965494257,0.30892980654516716,0.7641134703590143,0.340053862094786,0.0,0.0,-0.9404059606757181
0.32094360980720993,0.30396514884730297,0.7618028804056496,0.3418106147814475,0.0,0.0,-0.9397688564869177
0.3149865196553048,0.29895249152875936,0.7595299045387367,0.3435207031435804,0.0,0.0,-0.9391451040769686
0.3090169943749478,0.2938926261462368,0.7572949016875156,0.3451849921254451,0.0,0.0,-0.9385346670269332
0.3030352696327747,0.2887863517111343,0.7550982247848448,0.3468043195638907,0.0,0.0,-0.9379375053444802
0.29704158157703514,0.28363447456337837,0.7529402207114718,0.34837949681464214,0.0,0.0,-0.9373535758715474
0.2910361668282725,0.2784378082440945,0.7508212302412565,0.3499113093684864,0.0,0.0,-0.9367828326650908
0.2850192624699763,0.2731971733671346,0.7487415879873578,0.35140051745644446,0.0,0.0,-0.9362252273525549
0.27899110603922894,0.26791339748949794,0.7467016223493954,0.3528478566431409,0.0,0.0,-0.935680709463619
0.2729519355173253,0.2625873149806478,0.7447016554615924,0.35425403840772024,0.0,0.0,-0.9351492267396799
0.266901989320376,0.25721976689075354,0.7427420031419045,0.35561975071175356,0.0,0.0,-0.9346307254224581
0.2608415062898969,0.2518116008178803,0.7408229748421491,0.3569456585536844,0.0,0.0,-0.9341251505230317
0.2547707256833825,0.246363670774146,0.7389448735991422,0.3582324045094462,0.0,0.0,-0.9336324460725326
0.2486898871648555,0.24087683705085822,0.737107995986841,0.3594806092589667,0.0,0.0,-0.9331525553556621
0.2425992307954085,0.23535196608266717,0.7353126320695141,0.3606908720983344,0.0,0.0,-0.9326854211281224
0.23649899702372437,0.2297899303107436,0.7335590653559368,0.36186377143747384,0.0,0.0,-0.9322309858189909
0.23038942667659068,0.22419160804501617,0.7318475727546212,0.3629998652832199,0.0,0.0,-0.931789191719009
0.22427076094938078,0.21855788332546605,0.7301784245300886,0.36409969170774015,0.0,0.0,-0.9313599811556907
0.21814324139654254,0.21288964578253627,0.7285518842601941,0.3651637693022843,0.0,0.0,-0.9309432966561111
0.212007109922055,0.20718779049664238,0.7269682087945015,0.3661925976162833,0.0,0.0,-0.9305390810981766
0.20586260876988205,0.201453217856832,0.725427648213725,0.36718665758185143,0.0,0.0,-0.9301472778511305
0.19970998051440728,0.19568683341860144,0.7239304457902388,0.36814641192376885,0.0,0.0,-0.9297678309060035
0.1935494680508609,0.18988954776090114,0.7224768379496626,0.369072305555046,0.0,0.0,-0.9294006849966717
0.1873813145857239,0.1840622763423383,0.7210670542335247,0.3699647659581931,0.0,0.0,-0.9290457857121464
0.181205763627137,0.17820593935662501,0.7197013172630166,0.37082420355233076,0.0,0.0,-0.9287030796006759
0.1750230589752761,0.17232146158725856,0.7183798427038379,0.37165101204629475,0.0,0.0,-0.9283725142662103
0.1688334447127343,0.16640977226149373,0.7171028392321409,0.37244556877789453,0.0,0.0,-0.9280540384577347
0.16263716519488353,0.1604718049036047,0.7158705085015766,0.3732082350394968,0.0,0.0,-0.9277476021519557
0.15643446504023117,0.15450849718747403,0.714683045111454,0.3739393563901097,0.0,0.0,-0.9274531566297839
0.15022558912075776,0.14852079078851813,0.7135406365760073,0.3746392629541507,0.0,0.0,-0.9271706545470314
0.14401078255225236,0.14250963123498828,0.7124434632947871,0.37530826970707926,0.0,0.0,-0.9269000499997172
0.13779029068463866,0.1364759677586632,0.7113916985241742,0.3759466767480785,0.0,0.0,-0.926641298584342
0.1315643590922826,0.13042075314494858,0.7103855083500178,0.37655476955997574,0.0,0.0,-0.9263943574534732
0.12533323356430384,0.12434494358242701,0.7094250516614107,0.3771328192565751,0.0,0.0,-0.9261591853669581
0.11909716009486973,0.11824949851186234,0.7085104801255979,0.37768108281759527,0.0,0.0,-0.9259357427390567
0.11285638487348207,0.11213538047469097,0.707641938164027,0.37819980331137865,0.0,0.0,-0.9257239916817724
0.1066111542752598,0.10600355496102722,0.706819562929542,0.37868921010555157,0.0,0.0,-0.9255238960446313
0.10036171485121516,0.09985499025720378,0.706043484284726,0.37914951906580097,0.0,0.0,-0.9253354214511469
0.09410831331851498,0.09369065729286297,0.7053138247813935,0.37958093274293103,0.0,0.0,-0.9251585353321917
0.08785119655074422,0.08751152948763906,0.7046306996412386,0.37998364054835454,0.0,0.0,-0.924993206956472
0.08159061156815722,0.08131858259744147,0.7039942167376396,0.38035781891816833,0.0,0.0,-0.924839407458297
0.07532680552793278,0.07511279456037859,0.7034044765786258,0.38070363146595737,0.0,0.0,-0.9246971098628093
0.06906002571440537,0.0688951453423186,0.7028615722910048,0.3810212291244564,0.0,0.0,-0.9245662891088385
0.06279051952931332,0.06266661678215207,0.7023655896056568,0.3813107502762009,0.0,0.0,-0.9244469220695153
0.05651853448202487,0.05642819243674118,0.7019166068439976,0.381572320873283,0.0,0.0,-0.9243389875707809
0.050244318179770285,0.05018085742560817,0.7015146949056101,0.3818060545463196,0.0,0.0,-0.9242424664079079
0.04396811831786514,0.04392559827537182,0.7011599172570483,0.38201205270273775,0.0,0.0,-0.924157341360139
0.03769018266993516,0.037663402763966985,0.7008523299218159,0.3821904046144635,0.0,0.0,-0.924083597203539
0.031410759078127536,0.03139525976465593,0.7005919814715185,0.38234118749510115,0.0,0.0,-0.9240212207221411
0.025130095443337108,0.025122159089884407,0.7003789130181948,0.3824644665666728,0.0,0.0,-0.9239702007174637
0.018848439715408196,0.01884509133496729,0.7002131582078233,0.38256029511598233,0.0,0.0,-0.9239305280164588
0.012566039883353019,0.01256504772166915,0.70009474321501,0.3826287145406581,0.0,0.0,-0.9239021954779432
0.006283143965558866,0.006283019941676219,0.7000236867388552,0.38266975438491774,0.0,0.0,-0.9238851979975577
