x,y,z,qw,qx,qy,qz
6.123233995736766e-17,6.123233995736766e-17,0.7,1.0,-3.061616997868383e-17,1.5308084989341915e-17,4.686749320818305e-34
-0.003141587485879529,-0.003141571982779441,0.7000059217431589,0.9999984578799194,0.0015707879049811034,-0.0007853897337686259,5.109465189599957e-06
-0.00628314396555872,-0.006283019941676073,0.7000236867388552,0.9999938315869616,0.003141525279436121,-0.0015707288911858057,2.0437621417406205e-05
-0.009424638433144025,-0.009424219857704107,0.7000532942857572,0.9999861213229675,0.0047121615946226,-0.002355966903007416,4.5983750694763605e-05
-0.012566039883352653,-0.012565047721668785,0.70009474321501,0.9999753274243021,0.006282646325364024,-0.0031410532142020567,8.17466564937544e-05
-0.015707317311820523,-0.015705379539063997,0.7001480318902805,0.9999614503617998,0.007852928951834207,-0.00392593729105502,0.0001277246639248791
-0.01884843971540805,-0.018845091334967146,0.7002131582078233,0.9999444907406893,0.009422958961340822,-0.00471056862826808,0.00018391561998696201
-0.02198937609250523,-0.021984059158932576,0.7002901195965625,0.9999244493004926,0.010992685850108808,-0.005494896756054235,0.0002503168938882123
-0.025130095443337407,-0.025122159089884705,0.7003789130181948,0.9999013269149095,0.012562059125064464,-0.006278871247226576,0.00032692537743858174
-0.028270566770273207,-0.028259267241012218,0.7004795349673075,0.9998751245916713,0.014131028305620965,-0.007062441724280407,0.0004137374855126625
-0.031410759078128056,-0.03139525976465645,0.7005919814715185,0.9998458434723798,0.01569954292546214,-0.00784555786646577,0.0005107491565840722
-0.03455064137447228,-0.034530012857202905,0.7007162480916325,0.9998134848323221,0.017267552534329045,-0.008628169416851435,0.0006179558533303503
-0.037690182669934576,-0.037663402763966396,0.7008523299218159,0.999778050080262,0.01883500669980476,-0.009410226189376833,0.0007353525633088072
-0.040829351978509835,-0.04079530578407862,0.701000221589791,0.9997395407582129,0.020401855009102025,-0.010191678075892975,0.0008629337997023266
-0.04396811831786477,-0.04392559827537146,0.7011599172570483,0.9996979585411859,0.021968047070850406,-0.010972475053189554,0.0010006936021353155
-0.047106450709642776,-0.047054156659257274,0.701331410619076,0.9996533052369183,0.02353353251688392,-0.0117525671900073,0.0011486255375611494
-0.05024431817976947,-0.050180857425607364,0.7015146949056099,0.9996055827855794,0.025098261004029707,-0.012531904654034922,0.0013067227012171089
-0.05338168975876042,-0.05330557713762991,0.7017097628809004,0.9995547932594543,0.02666218221589868,-0.013310437718889637,0.0014749777176504687
-0.05651853448202428,-0.0564281924367406,0.7019166068439975,0.9995009388626068,0.02822524586467488,-0.014088116771078548,0.001653382741814269
-0.0596548213901707,-0.05954858004743487,0.7021352186290559,0.9994440219305204,0.029787401692908104,-0.014864892316942007,0.0018419294602294895
-0.0627905195293134,-0.06266661678215216,0.7023655896056566,0.9993840449297181,0.03134859947530521,-0.015640714989575293,0.0020406090922196226
-0.0659255979513777,-0.06578217954614109,0.7026077106791481,0.9993210104573582,0.03290878902052466,-0.016415535555729888,0.002249412391210237
-0.06906002571440566,-0.0688951453423189,0.7028615722910047,0.9992549212408126,0.034467920172971234,-0.017189304922691436,0.0024683296460987513
-0.07219377188286072,-0.0720053912761262,0.7031271644192048,0.9991857801372195,0.036025942814591344,-0.017961974145133633,0.002697350682690081
-0.07532680552793264,-0.07511279456037845,0.7034044765786258,0.9991135901330168,0.03758280686667009,-0.018733494431947172,0.002936464865201557
-0.07845909572784489,-0.07821723252011538,0.7036934978214587,0.9990383543434541,0.03913846229163068,-0.01950381715304312,0.0031856610978330015
-0.08159061156815753,-0.08131858259744178,0.7039942167376396,0.9989600760120809,0.04069285909483296,-0.02027289384612783,0.0034449278264035116
-0.08472132214207322,-0.08441672235636673,0.7043066214553007,0.9988787585102166,0.04224594732637499,-0.02104067622345014,0.0037142530400557693
-0.0878511965507432,-0.08751152948763806,0.7046306996412384,0.9987944053363959,0.04379767708289595,-0.021807116178519076,0.003993624273023385
-0.09098020390356996,-0.09060288181356874,0.7049664385014012,0.9987070201157956,0.04534799850937907,-0.022572165792789874,0.004283028606465716
-0.09410831331851417,-0.09369065729286218,0.7053138247813934,0.9986166065996376,0.046896861800958034,-0.023335777342319418,0.004582452670365293
-0.09723549392239922,-0.09677473402543002,0.7056728447669998,0.9985231686645717,0.04844421720472397,-0.024097903304387987,0.004891882645491212
-0.10036171485121502,-0.09985499025720365,0.7060434842847259,0.9984267103120372,0.04999001502153362,-0.02485849636408701,0.0052113042654242225
-0.10348694525042246,-0.10293130438494061,0.7064257287023583,0.9983272356676032,0.05153420560781949,-0.025617509420871654,0.005540702818646773
-0.10661115427525988,-0.1060035549610273,0.706819562929542,0.9982247489802863,0.05307673937740291,-0.026374895595077937,0.0058800631506938875
-0.10973431109104503,-0.10907162069827106,0.7072249714183757,0.9981192546218501,0.054617566803306344,-0.027130608234401367,0.00622936966636661
-0.11285638487348171,-0.11213538047469061,0.7076419381640269,0.9980107570860793,0.05615663841957007,-0.027884600920338457,0.006588606332007316
-0.11597734480896141,-0.11519471333829534,0.708070446705362,0.9978992609880365,0.057693904823068125,-0.028636827474587623,0.006957756677835306
-0.11909716009486959,-0.1182494985118622,0.7085104801255977,0.9977847710632965,0.05922931667532842,-0.029387241965410916,0.0073368038003420195
-0.12221579993988932,-0.1212996153977036,0.7089620210529681,0.997667292167159,0.06076282470435349,-0.03013579871395359,0.007725730364746487
-0.12533323356430437,-0.12434494358242752,0.7094250516614107,0.9975468292738401,0.06229437970644289,-0.030882452300521075,0.008124518607509538
-0.12844943020030278,-0.12738536284169102,0.7098995536712694,0.997423387475645,0.06382393254801781,-0.03162715757081273,0.00853315033890558
-0.13156435909228245,-0.13042075314494844,0.7103855083500177,0.9972969719821178,0.06535143416744883,-0.03236986964211146,0.008951606945653102
-0.13467798949715237,-0.13345099466018756,0.710882896512997,0.9971675881191704,0.06687683557688318,-0.03311054390942696,0.009379869393600793
-0.13779029068463808,-0.13647596775866264,0.7113916985241742,0.9970352413281924,0.06840008786407674,-0.03384913605159346,0.009817918230470084
-0.1409012319375827,-0.13949555301961467,0.711911894296917,0.996899937165139,0.06992114219422535,-0.034585602037319106,0.010265733588653961
-0.144010782552252,-0.14250963123498792,0.7124434632947871,0.996761681299597,0.07143994981180059,-0.03531989813118785,0.010723295188069101
-0.14711891183863726,-0.1455180834141358,0.7129863845323507,0.9966204795138341,0.07295646204238641,-0.03605198089961154,0.011190582339063228
-0.15022558912075717,-0.14852079078851757,0.7135406365760071,0.996476337701823,0.07447063029451768,-0.03678180721673168,0.011667573945374644
-0.15333078373696055,-0.15151763481638691,0.7141061975448344,0.9963292618682491,0.07598240606152096,-0.03750933427027001,0.012154248507144588
-0.1564344650402308,-0.15450849718747367,0.7146830451114539,0.9961792581274943,0.07749174092335862,-0.03823451956732763,0.012650584123981744
-0.1595366023984863,-0.1574932598276524,0.7152711565029115,0.9960263327026037,0.07899858654847296,-0.03895732094013008,0.013156558498076374
-0.1626371651948834,-0.16047180490360455,0.7158705085015766,0.9958704919242299,0.08050289469563393,-0.03967769655171932,0.013672148937365614
-0.16573612282811975,-0.16344401482747128,0.7164810774460586,0.9957117422295579,0.08200461721578924,-0.04039560490159092,0.014197332358747565
-0.16883344471273393,-0.1664097722614934,0.7171028392321406,0.9955500901612098,0.08350370605391473,-0.04111100483127497,0.014732085291343455
-0.1719291002794094,-0.16936896012264557,0.7177357693137323,0.9953855423661294,0.08500011325086924,-0.04182385552986149,0.015276383879807292
-0.17502305897527617,-0.17232146158725864,0.7183798427038378,0.9952181055944473,0.08649379094525063,-0.042534116539467995,0.01583020388768396
-0.17811529026421027,-0.17526716009562965,0.7190350339755425,0.9950477866983264,0.08798469137525285,-0.04324174776064877,0.016393520700809832
-0.1812057636271373,-0.1782059393566253,0.7197013172630164,0.9948745926307859,0.08947276688052719,-0.04394670945774587,0.01696630933076109
-0.1842944485623333,-0.18113768335227282,0.7203786662625367,0.994698530444508,0.09095796990404474,-0.044648962264179984,0.017548544418345607
-0.1873813145857244,-0.18406227634233877,0.7210670542335245,0.994519607290624,0.09244025299396023,-0.04534846718768069,0.018140200237136944
-0.19046633123118992,-0.18697960286890025,0.7217664539996016,0.99433783041748,0.09391956880547972,-0.04604518561545612,0.01874125069705105
-0.19354946805086032,-0.1898895477609006,0.7224768379496627,0.9941532071693853,0.09539587010272839,-0.04673907931929962,0.01935166934796511
-0.19663069461541993,-0.19279199613869813,0.7231981780389656,0.9939657449853397,0.0968691097606225,-0.04743011046063469,0.019971429383375604
-0.19970998051440692,-0.1956868334186011,0.7239304457902389,0.9937754513977429,0.09833924076674234,-0.048118241595496054,0.020600503644097243
-0.20278729535651263,-0.19857394531739042,0.7246736122948056,0.9935823340310842,0.09980621622320708,-0.048803435679446304,0.021238864621998595
-0.20586260876988127,-0.20145321785683126,0.7254276482137247,0.9933864006006135,0.10126998934855187,-0.04948565607242791,0.021886484463777268
-0.20893589040241167,-0.2043245373681745,0.7261925237789493,0.9931876589109931,0.10273051347960829,-0.05016486654355024,0.022543334974770162
-0.21200710992205443,-0.20718779049664185,0.7269682087945013,0.9929861168549321,0.10418774207338445,-0.05084103127580926,0.02320938762280038
-0.2150762370171134,-0.21004286420590312,0.7277546726376649,0.9927817824118002,0.10564162870894954,-0.05151411487074158,0.023884613542058637
-0.21814324139654262,-0.21288964578253636,0.7285518842601941,0.9925746636462253,0.10709212708931812,-0.05218408235300995,0.02456898353701792
-0.221208092790247,-0.21572802284047934,0.7293598121895392,0.992364768706671,0.10853919104333823,-0.052850899174921556,0.025262468086381565
-0.2242707609493811,-0.21855788332546633,0.7301784245300887,0.9921521058239965,0.10998277452758086,-0.05351453122087728,0.02596503734706248
-0.22733121564664657,-0.22137911551945086,0.7310076889644292,0.9919366833099992,0.11142283162823058,-0.05417494481175148,0.026676661158193588
-0.23038942667659054,-0.22419160804501603,0.7318475727546208,0.9917185095559382,0.11285931656297858,-0.054832106709201966,0.027397309045167947
-0.2334453638559054,-0.22699524986977332,0.7326980427434897,0.9914975930310411,0.11429218368291848,-0.05548598411991023,0.028126950223707127
-0.23649899702372468,-0.22978993031074388,0.7335590653559367,0.9912739422809923,0.11572138747444205,-0.056136544699749644,0.028865553603958087
-0.23955029604192166,-0.23257553903872896,0.7344306066002635,0.9910475659264041,0.117146882561138,-0.056783756557883,0.029613087794615817
-0.2425992307954075,-0.2353519660826663,0.735312632069514,0.9908184726612713,0.11856862370569277,-0.05742758826078796,0.03036952110707261
-0.24564577119242642,-0.2381191018339696,0.7362051069428333,0.9905866712514069,0.11998656581179114,-0.0580680088362093,0.031134821559591977
-0.24868988716485468,-0.2408768370508575,0.737107995986841,0.9903521705328632,0.12140066392602085,-0.05870498777703942,0.031908956881504226
-0.25173154866849723,-0.24362506286266622,0.738021263557024,0.9901149794103332,0.12281087323977745,-0.059338495045124555,0.03269189451742801
-0.2547707256833823,-0.24636367077414587,0.7389448735991423,0.9898751068555378,0.12421714909117021,-0.059968501074996974,0.03348360163151071
-0.25780738821405985,-0.24909255266974534,0.7398787896506529,0.9896325619055956,0.12561944696693092,-0.060594976777533754,0.034284045111690156
-0.26084150628989694,-0.25181160081788034,0.7408229748421493,0.9893873536613749,0.1270177225043233,-0.061217893543540174,0.03509319157397603
-0.2638730499653727,-0.25452070787518544,0.7417773918988169,0.9891394912858334,0.12841193149305352,-0.06183722324725792,0.03591100736674973
-0.2669019893203756,-0.2572197668907532,0.7427420031419043,0.9888889840023367,0.1298020298771828,-0.06245293824979842,0.036737458575081136
-0.2699282944604964,-0.2599086713103547,0.7437167704902115,0.9886358410929661,0.13118797375704025,-0.06306501140249945,0.037572511025061775
-0.2729519355173251,-0.2625873149806477,0.7447016554615924,0.9883800718968063,0.13256971939113793,-0.06367341605020621,0.03841613028815437
-0.27597288264874564,-0.26525559215336686,0.7456966191744749,0.9881216858082216,0.1339472231980869,-0.06427812603447584,0.039268281685554726
-0.2789911060392294,-0.2679133974894984,0.7467016223493955,0.9878606922751146,0.1353204417585133,-0.0648791156967044,0.040128930292568255
-0.2820065759001294,-0.2705606260634378,0.7477166253105493,0.98759710079717,0.13668933181697612,-0.06547635988117714,0.04099804094299802
-0.2850192624699761,-0.27319717336713445,0.7487415879873573,0.9873309209240839,0.1380538502838871,-0.06606983393804161,0.04187557823354445
-0.288029136014769,-0.27582293531421487,0.7497764699160485,0.9870621622537802,0.1394139542374287,-0.06665951372620228,0.04276150652821387
-0.2910361668282719,-0.278437808244094,0.7508212302412562,0.9867908344306083,0.14076960092547577,-0.0672453756161378,0.04365578996273729
-0.294040325232304,-0.2810416889260653,0.7518758277176314,0.9865169471435317,0.14212074776751552,-0.06782739649263946,0.04455839244899578
-0.2970415815770348,-0.28363447456337804,0.7529402207114717,0.9862405101242993,0.14346735235657,-0.0684055537574717,0.04546927767945472
-0.30003990624127613,-0.2862160627972953,0.7540143672023641,0.9859615331456038,0.14480937246111822,-0.06897982533195367,0.046388409131601964
-0.3030352696327741,-0.2887863517111338,0.7550982247848449,0.985680026019227,0.14614676602701845,-0.06955018965946175,0.04731575007239175
-0.30602764218850065,-0.2913452398342879,0.7561917506700718,0.9853959985941716,0.14747949117943135,-0.07011662570785338,0.04825126356269073
-0.3090169943749474,-0.29389262614623646,0.7572949016875157,0.98510946075478,0.14880750622474395,-0.07067911297181159,0.049194912461730314
-0.31200329668841487,-0.29642841008052956,0.7584076342866632,0.9848204224188398,0.1501307696524927,-0.07123763147510975,0.05014665943155707
-0.3149865196553046,-0.2989524915287592,0.7595299045387368,0.9845288935356777,0.15144924013728714,-0.07179216177279724,0.05110646694148491
-0.317966633832411,-0.30146477084451234,0.7606616681384287,0.9842348840842401,0.15276287654073445,-0.07234268495330552,0.05207429727254812
-0.3209436098072096,-0.3039651488473027,0.7618028804056494,0.9839384040711624,0.15407163791336195,-0.07288918264047411,0.053050112521950146
-0.3239174181981493,-0.3064535268264881,0.7629534962872928,0.9836394635288261,0.15537548349654176,-0.07343163699549707,0.05403387460751361
-0.3268880296549426,-0.3089298065451672,0.7641134703590143,0.9833380725134048,0.156674372724414,-0.07397003071878958,0.05502554527212416
-0.32985541485885306,-0.31139389024405634,0.7652827568270236,0.9830342411028978,0.15796826522580912,-0.07450434705177426,0.056025086088169564
-0.3328195445229866,-0.3138456806453501,0.766461309529893,0.9827279793951545,0.1592571208261711,-0.0750345697785878,0.05703245846197619
-0.33578038939258065,-0.31628508095656216,0.7676490819403798,0.9824192975058863,0.16054089954947975,-0.0755606832277078,0.05804762363823607
-0.3387379202452912,-0.31871199487434465,0.7688460271672631,0.9821082055666693,0.16181956162017155,-0.07608267227349869,0.05907054270442776
-0.34169210789148335,-0.32112632658829215,0.770052097957195,0.9817947137229356,0.1630930674650608,-0.0766005223376788,0.0601011765952283
-0.3446429231745171,-0.32352798078472217,0.7712672466965658,0.9814788321319564,0.16436137771525916,-0.07711421939070633,0.061139486096916655
-0.3475903369710369,-0.32591686265043923,0.7724914254133834,0.9811605709608137,0.16562445320809496,-0.07762374995308614,0.062185431851764714
-0.35053432019125913,-0.32829287787647826,0.7737245857791688,0.9808399403843642,0.1668822549890314,-0.07812910109659629,0.06323897436241964
-0.35347484377925725,-0.330655932661826,0.7749666791108621,0.9805169505831929,0.16813474431358227,-0.07863026044543424,0.06430007399627152
-0.35641187871325064,-0.3330059337171257,0.7762176563727453,0.980191611741559,0.16938188264922852,-0.07912721617728435,0.06536869098980792
-0.35934539600589066,-0.33534278826835995,0.7774774681783783,0.9798639340453329,0.1706236316773323,-0.07961995702430456,0.06644478545295622
-0.36227536670454547,-0.337666404060512,0.7787460647925478,0.9795339276799249,0.17185995329504902,-0.08010847227403384,0.06752831737340781
-0.3652017618915876,-0.33997668936120945,0.7800233961332319,0.9792016028282063,0.17309080961723924,-0.08059275177022047,0.06861924662092855
-0.36812455268467803,-0.34227355296434436,0.7813094117735765,0.9788669696684242,0.17431616297837751,-0.08107278591357037,0.06971753295165034
-0.3710437102370509,-0.34455690419367413,0.7826040609438859,0.9785300383721065,0.17553597593445996,-0.08154856566241636,0.07082313601234558
-0.37395920573780034,-0.3468266529064024,0.7839072925336279,0.9781908191019625,0.1767502112649107,-0.08202008253330872,0.07193601534468337
-0.3768710104121628,-0.3490827094967364,0.7852190550934506,0.977849322009776,0.17795883197448437,-0.08248732860152648,0.07305613038946329
-0.37977909552180106,-0.35132498489942454,0.7865392968372142,0.9775055572342929,0.17916180129516834,-0.08295029650150948,0.07418344049083234
-0.3826834323650897,-0.35355339059327373,0.7878679656440357,0.9771595348991008,0.18035908268808165,-0.0834089794272131,0.07531790490047705
-0.38558399227739654,-0.35576783860464267,0.7892050090603453,0.9768112651105069,0.18155063984537173,-0.08386337113238354,0.07645948278179387
-0.3884807466313659,-0.35796824151091544,0.7905503743019582,0.9764607579554062,0.18273643669210848,-0.08431346593075523,0.07760813321403782
-0.3913736668372024,-0.36015451244395347,0.7919040082561584,0.9761080234991499,0.18391643738817634,-0.08475925869617097,0.078763815196445
-0.39426272434295107,-0.3623265650935234,0.7932658574837954,0.9757530717834041,0.18509060633016228,-0.08520074486262325,0.07992648765233079
-0.3971478906347805,-0.3644843137107057,0.7946358682213933,0.975395912824009,0.18625890815324223,-0.08563792042421932,0.08109610943316248
-0.40002913723726485,-0.36662767311128014,0.7960139863832743,0.9750365566088313,0.1874213077330643,-0.08607078193506851,0.08227263932260531
-0.4029064357136628,-0.3687565586790871,0.7974001575636926,0.9746750130956143,0.1885777701876273,-0.08649932650909267,0.08345603604053942
-0.4057797576661999,-0.3708708863693696,0.7987943270389839,0.974311292209826,0.1897282608791583,-0.08692355181976014,0.08464625824705155
-0.40864907473634904,-0.3729705727120911,0.8001964397697244,0.9739454038425019,0.19087274541598534,-0.08734345609974367,0.08584326454639513
-0.41151435860510854,-0.3750555348152297,0.8016064404029043,0.9735773578480884,0.19201118965440636,-0.08775903814050198,0.08704701349092032
-0.41437558099328414,-0.377125690368052,0.8030242732741131,0.9732071640422826,0.19314355970055586,-0.0881702972917861,0.08825746358497635
-0.4172327136617651,-0.3791809576443609,0.8044498824097364,0.9728348321998708,0.19426982191226588,-0.08857723346106959,0.08947457328877956
-0.4200857284118063,-0.38122125550572405,0.8058832115291668,0.9724603720525655,0.1953899429009253,-0.08897984711290517,0.09069830102225043
-0.42293459708530357,-0.3832465034046752,0.8073242040470249,0.9720837932868445,0.1965038895333326,-0.08937813926820533,0.0919286051688179
-0.42577929156507277,-0.38525662138789474,0.8087728030753931,0.9717051055417842,0.19761162893354609,-0.08977211150344958,0.09316544407918953
-0.42861978377512827,-0.3872515300993669,0.8102289514260627,0.971324318406898,0.19871312848472988,-0.09016176594981751,0.09440877607508917
-0.43145604568095874,-0.3892311507835116,0.8116925916127897,0.9709414414199727,0.19980835583099424,-0.09054710529224849,0.09565855945295723
-0.4342880492898046,-0.3911954052882941,0.8131636658535663,0.9705564840649056,0.20089727887923206,-0.09092813276842807,0.09691475248761736
-0.4371157666509327,-0.39314421606830935,0.8146421160728996,0.9701694557695436,0.2019798658009502,-0.09130485216770168,0.09817731343590523
-0.43993916985591514,-0.39507750618784526,0.8161278839041071,0.9697803659035242,0.20305608503409706,-0.09167726782991675,0.09944620054026254
-0.44275823103890133,-0.3969951993239176,0.8176209106916184,0.969389223776117,0.20412590528488303,-0.09204538464419162,0.10072137203229109
-0.44557292237689633,-0.3988972197692856,0.8191211374932926,0.9689960386340689,0.20518929552959855,-0.09240920804761468,0.10200278613627084
-0.4483832160900321,-0.40078349243543826,0.8206285050827443,0.9686008196594519,0.20624622501642356,-0.09276874402387089,0.10329040107263734
-0.45118908444184513,-0.4026539428555611,0.8221429539516822,0.9682035759675134,0.20729666326723503,-0.09312399910179919,0.10458417506142151
-0.4539904997395467,-0.4045084971874737,0.8236644243122581,0.9678043166045317,0.20834058007940554,-0.09347498035387887,0.10588406632564726
-0.45678743433429925,-0.40634708221654686,0.825192856099427,0.9674030505456733,0.20937794552759895,-0.09382169539464685,0.10719003309469194
-0.4595798606214878,-0.408169625358592,0.8267281889733197,0.9669997866928571,0.21040872996555876,-0.09416415237904553,0.10850203360760274
-0.4623677510409916,-0.4099760546627261,0.8282703623216227,0.9665945338726215,0.21143290402788983,-0.09450236000070203,0.10982002611637189
-0.46515107807745837,-0.4117662988142138,0.8298193152619731,0.9661873008339978,0.212450438631836,-0.09483632749013968,0.11114396888917202
-0.46792981426057323,-0.41354028713728086,0.8313749866443607,0.9657780962463899,0.2134613049790492,-0.09516606461292096,0.11247382021354645
-0.47070393216533263,-0.4152979495979064,0.8329373150535436,0.965366928697459,0.21446547455735399,-0.09549158166772453,0.11380953839955722
-0.473473404412312,-0.41703921680658557,0.8345062388114709,0.9649538066910146,0.2154629191425037,-0.09581288948435417,0.11515108178288957
-0.4762382036679392,-0.41876402002107094,0.8360816959797194,0.9645387386449146,0.21645361079993175,-0.09612999942168297,0.11649840872791306
-0.47899830264476095,-0.4204722911490845,0.8376636243619372,0.9641217328889711,0.21743752188649404,-0.09644292336553094,0.11785147763069581
-0.481753674101715,-0.42216396275100737,0.8392519615063009,0.9637027976628636,0.21841462505220624,-0.0967516737264778,0.11921024692197804
-0.4845042908443979,-0.42383896804254156,0.8408466447079798,0.9632819411140633,0.2193848932419729,-0.09705626343761167,0.12057467507009607
-0.48725012572533205,-0.4254972408973458,0.8424476110116113,0.9628591712957629,0.22034829969730851,-0.097356705952213,0.12194472058386178
-0.4899911516442365,-0.4271387158496476,0.8440547972137872,0.9624344961648172,0.22130481795805315,-0.09765301524137592,0.12332034201539827
-0.49272734154829173,-0.4287633280968262,0.8456681398655482,0.9620079235796942,0.22225442186407826,-0.09794520579156576,0.12470149796292586
-0.49545866843240755,-0.4303710135019718,0.8472875752748887,0.9615794612984335,0.22319708555698606,-0.09823329260211505,0.1260881470735027
-0.4981851053394907,-0.4319617085964175,0.8489130395092717,0.9611491169766186,0.22413278348180102,-0.09851729118265752,0.12748024804571872
-0.5009066253607095,-0.43353535058224485,0.8505444683981526,0.9607168981653575,0.2250614903886521,-0.09879721755050079,0.12887775963234036
-0.5036232016357607,-0.43509187733476273,0.8521817975355125,0.9602828123092769,0.22598318133444845,-0.09907308822793853,0.1302806406429098
-0.5063348073531322,-0.4366312274049599,0.8538249622824001,0.9598468667445249,0.2268978316845445,-0.09934492023950235,0.13168884994629296
-0.5090414157503712,-0.43815334002193174,0.8554738977694855,0.9594090686967902,0.2278054171143994,-0.09961273110915508,0.13310234647318298
-0.5117430001143447,-0.43965815509527795,0.8571285388996182,0.9589694252793314,0.22870591361122472,-0.099876538857424,0.134521089218551
-0.5144395337815064,-0.4411456132174766,0.8587888203504003,0.958527943491019,0.22959929747562613,-0.10013636199847702,0.13594503724405202
-0.517130990138157,-0.44261565566622746,0.8604546765767624,0.9580846302143937,0.23048554532323362,-0.10039221953714011,0.13737414968037764
-0.5198173426207094,-0.44406822440677224,0.8621260418135537,0.9576394922137355,0.23136463408632454,-0.10064413096585889,0.13880838572956292
-0.5224985647159487,-0.4455032620941838,0.863802850078136,0.9571925361331498,0.2322365410154358,-0.10089211626160241,0.14024770466724132
-0.5251746299612954,-0.44692071207563167,0.8654850351729901,0.9567437684946676,0.23310124368096802,-0.10113619588271253,0.1416920658448508
-0.5278455119450662,-0.44832051839261783,0.8671725306883296,0.95629319569636,0.23395871997477893,-0.10137639076569696,0.14314142869179086
-0.5305111843067337,-0.4497026257831853,0.86886527000472,0.9558408240104708,0.23480894811176717,-0.10161272232196847,0.14459575271752648
-0.5331716207371885,-0.4510669796841013,0.8705631862957123,0.9553866595815631,0.23565190663144742,-0.10184521243452947,0.14605499751364714
-0.5358267949789963,-0.4524135262330096,0.8722662125304781,0.9549307084246843,0.23648757439951323,-0.10207388345460412,0.14751912275586904
-0.5384766808266601,-0.4537422122705584,0.8739742814764582,0.9544729764235466,0.23731593060939185,-0.10229875819821697,0.14898808820599282
-0.5411212521268756,-0.4550529853424977,0.8756873257020147,0.9540134693287273,0.23813695478378713,-0.10251985994271959,0.1504618537138074
-0.5437604827787925,-0.4563457937017514,0.8774052775790954,0.9535521927558845,0.23895062677621254,-0.1027372124232665,0.15194037921894318
-0.5463943467342689,-0.45762058631045865,0.8791280692859011,0.9530891521839937,0.23975692677251317,-0.10295083982923925,0.15342362475267635
-0.5490228179981314,-0.4588773128419904,0.8808556328095657,0.9526243529536018,0.24055583529237756,-0.10316076680062128,0.15491155043968152
-0.5516458706284301,-0.4601159236829351,0.8825878999488392,0.9521578002651004,0.24134733319083734,-0.10336701842432276,0.15640411649973326
-0.5542634787366938,-0.4613363699350573,0.8843248023167809,0.95168949917702,0.24213140165975633,-0.10356962023045625,0.15790128324935684
-0.556875616488188,-0.46253860341722897,0.8860662713434597,0.9512194546043438,0.24290802222930902,-0.10376859818856504,0.15940301110343075
-0.5594822581021671,-0.4637225766673307,0.88781223827866,0.9507476713168413,0.24367717676944567,-0.10396397870380306,0.16090926057673352
-0.5620833778521306,-0.46488824294412573,0.8895626341945967,0.9502741539374242,0.2444388474913476,-0.10415578861306779,0.16241999228544562
-0.5646789500660768,-0.4660355562291054,0.8913173899886362,0.9497989069405234,0.2451930169488697,-0.10434405518108816,0.1639351669485962
-0.5672689491267561,-0.4671644712283059,0.8930764363860246,0.9493219346504875,0.24593966803997114,-0.10452880609646517,0.16545474538946162
-0.5698533494719236,-0.46827494337409614,0.8948397039426222,0.9488432412400044,0.24667878400813387,-0.10471006946766837,0.16697868853691225
-0.5724321255945906,-0.4693669288269369,0.8966071230476447,0.9483628307285447,0.24741034844376839,-0.1048878738189877,0.16850695742671035
-0.5750052520432785,-0.4704403844771127,0.8983786239264125,0.9478807069808284,0.24813434528560843,-0.10506224808644224,0.17003951320275607
-0.5775727034222673,-0.47149526794643215,0.9001541366431038,0.9473968737053174,0.24885075882209085,-0.10523322161364518,0.1715763171182832
-0.5801344543918493,-0.47253153758990246,0.9019335911035172,0.9469113344527283,0.2495595736927249,-0.10540082414762675,0.173117330537008
-0.5826904796685758,-0.4735491524973721,0.9037169170578371,0.9464240926145723,0.25026077488944654,-0.10556508583461541,0.17466251493422277
-0.58524075402551,-0.47454807249514736,0.9055040441034086,0.9459351514217186,0.2509543477579613,-0.10572603721577796,0.1762118318978454
-0.5877852522924729,-0.47552825814757677,0.9072949016875157,0.9454445139429843,0.25164027799907235,-0.10588370922291918,0.17776524312941455
-0.5903239493562942,-0.4764896707586094,0.9090894191101676,0.9449521830837488,0.2523185516699964,-0.10603813317414187,0.17932271044503933
-0.5928568201610591,-0.47743227237332153,0.9108875255268895,0.9444581615845944,0.25298915518566484,-0.10618934076946766,0.1808841957762968
-0.5953838397083546,-0.4783560257794152,0.9126891499515183,0.9439624520199735,0.25365207532001155,-0.10633736408641925,0.18244966117108227
-0.5979049830575188,-0.47926089450868803,0.9144942212590071,0.943465056796903,0.25430729920724693,-0.10648223557556519,0.18401906879441093
-0.6004202253258838,-0.48014684283847153,0.9163026681882311,0.9429659781536854,0.2549548143431171,-0.10662398805602728,0.18559238092916935
-0.6029295416890247,-0.481013835793043,0.9181144193448024,0.9424652181586574,0.2555946085861499,-0.1067626547109515,0.18716955997682228
-0.6054329073810012,-0.4818618391450049,0.9199294032038873,0.9419627787089666,0.2562266701588843,-0.10689826908294324,0.1887505684580666
-0.6079302976946054,-0.48269081941663705,0.921747548113031,0.9414586615293771,0.2568509876490881,-0.10703086506946724,0.1903353690134428
-0.6104216879816023,-0.48350074388121755,0.9235687822949853,0.9409528681711024,0.2574675500109577,-0.10716047691821276,0.19192392440389555
-0.6129070536529762,-0.4842915805643156,0.9253930338505434,0.9404454000106695,0.25807634656630546,-0.10728713922242575,0.1935161975112888
-0.615386370179171,-0.4850632982450529,0.9272202307613775,0.9399362582488098,0.2586773670057296,-0.10741088691620651,0.1951121513388739
-0.6178596130903341,-0.485815866457337,0.9290503008928824,0.9394254439093829,0.2592706013897706,-0.10753175526977637,0.1967117490117113
-0.6203267579765559,-0.4865492554910633,0.9308831719970229,0.9389129578383273,0.25985604015005076,-0.10764977988471033,0.19831495377704692
-0.6227877804881126,-0.4872634363932887,0.9327187717151858,0.9383988007026438,0.26043367409039864,-0.10776499668914083,0.19992172900464134
-0.6252426563357051,-0.4879583809693738,0.9345570275810373,0.9378829729894099,0.2610034943879574,-0.10787744193292906,0.2015320381870555
-0.6276913612907002,-0.48863406178409674,0.9363978670233836,0.9373654750048233,0.26156549259427714,-0.10798715218280719,0.20314584493989174
-0.6301338711853688,-0.48929045216273603,0.9382412173690354,0.9368463068732786,0.2621196606363911,-0.10809416431749064,0.20476311300198863
-0.6325701619131243,-0.4899275261921235,0.9400870058456778,0.9363254685364765,0.26266599081787495,-0.10819851552276255,0.20638380623557284
-0.6350002094287603,-0.49054525872166704,0.9419351595847417,0.9358029597525626,0.2632044758198898,-0.10830024328652911,0.20800788862636774
-0.6374239897486896,-0.49114362536434436,0.9437856056242826,0.9352787800953016,0.26373510870220856,-0.10839938539384862,0.2096353242836582
-0.6398414789511782,-0.4917226024976648,0.9456382709118587,0.9347529289532824,0.26425788290422475,-0.10849597992193247,0.211266077440313
-0.6422526531765843,-0.4922821672646027,0.9474930823074172,0.9342254055291567,0.26477279224594497,-0.1085900652351213,0.21290011245276602
-0.6446574886275912,-0.492822297574499,0.9493499665861798,0.9336962088389118,0.26527983092896307,-0.10868167997983472,0.21453739380095196
-0.6470559615694443,-0.493342972103934,0.9512088504415349,0.933165337711176,0.2657789935374175,-0.1087708630794964,0.21617788608820712
-0.6494480483301835,-0.4938441702975688,0.9530696604879306,0.9326327907865587,0.2662702750389307,-0.1088576537294351,0.21782155404112236
-0.6518337253008785,-0.4943258723689569,0.9549323232637726,0.932098566517025,0.2667536707855305,-0.10894209139176164,0.21946836250936202
-0.654212968935861,-0.4947880593013254,0.9567967652343243,0.9315626631653043,0.2672291765145536,-0.10902421579022392,0.22111827646543844
-0.6565857557529562,-0.49523071284832554,0.9586629127946085,0.9310250788043334,0.26769678834953053,-0.1091040669050375,0.22277126100444966
-0.6589520623337168,-0.49565381553475324,0.9605306922723152,0.930485811316736,0.2681565028010526,-0.10918168496769719,0.22442728134377757
-0.661311865323652,-0.4960573506572389,0.9624000299307088,0.9299448583943369,0.2686083167676194,-0.10925711045576478,0.22608630282274902
-0.6636651414324585,-0.4964413022849068,0.9642708519715391,0.9294022175377112,0.26905222753646846,-0.10933038408763862,0.227748290902256
-0.6660118674342514,-0.4968056552600041,0.9661430845379554,0.9288578860557706,0.26948823278438494,-0.1094015468173015,0.22941321116434416
-0.668352020167793,-0.4971503951984994,0.9680166537174221,0.9283118610653842,0.2699163305784932,-0.10947063982905,0.23108102931176094
-0.6706855765367199,-0.49747550849065,0.9698914855446354,0.9277641394910378,0.27033651937702713,-0.10953770453220561,0.23275171116746668
-0.6730125135097731,-0.4977809823015399,0.9717675060044455,0.9272147180645275,0.2707487980300834,-0.10960278255580665,0.23442522267411547
-0.675332808121024,-0.49806680457158614,0.9736446410347768,0.9266635933246918,0.2711531657803525,-0.1096659157432838,0.23610152989349695
-0.6776464374701021,-0.4983329640170149,0.9755228165295526,0.92611076161718,0.27154962226383145,-0.10972714614711832,0.23778059900594495
-0.6799533787224192,-0.4985794501303069,0.9774019583416201,0.9255562190942578,0.2719381675105154,-0.10978651602348376,0.2394623963097136
-0.6822536091093966,-0.4988062531806126,0.9792819922856784,0.9249999617146497,0.2723188019450695,-0.10984406782687225,0.2411468882203207
-0.6845471059286887,-0.49901336421413583,0.981162844141206,0.9244419852434212,0.2726915263874794,-0.10989984420470666,0.2428340412698555
-0.6868338465444082,-0.49920077505448757,0.9830444396553926,0.9238822852518955,0.2730563420536818,-0.10995388799193616,0.24452382210626095
-0.6891138083873483,-0.4993684783030088,0.9849267045460689,0.9233208571176114,0.27341325055617377,-0.11000624220561997,0.24621619749257956
-0.6913869689552063,-0.4995164673390624,0.9868095645046405,0.922757696024316,0.27376225390460074,-0.1100569500394967,0.2479111343061714
-0.6936533058128048,-0.4996447363202947,0.9886929451990195,0.922192796962,0.274103354506323,-0.1101060548585415,0.2496085995379011
-0.6959127965923143,-0.49975328018286586,0.9905767722765615,0.9216261547269666,0.27443655516696125,-0.11015360019351078,0.25130856029129844
-0.6981654189934725,-0.4998420946416501,0.9924609713669986,0.9210577639219423,0.2747618590909198,-0.11019962973547526,0.25301098378168774
-0.7004111507838064,-0.4999111761904046,0.9943454680853776,0.9204876189562252,0.2750792698818883,-0.11024418733034302,0.254715837335291
-0.7026499697988491,-0.4999605221019081,0.9962301880349941,0.9199157140458731,0.27538879154332063,-0.11028731697337071,0.25642308838830397
-0.7048818539423615,-0.49999013042806856,0.9981150568103324,0.9193420432139285,0.27569042847889236,-0.11032906280366633,0.2581327044859458
-0.7071067811865475,-0.5,0.9999999999999999,0.9187666002906847,0.2759841854929348,-0.11036946909868212,0.2598446532814819
-0.7093247295722737,-0.49999013042806856,1.0018849431896675,0.9181893789139904,0.2762700677908468,-0.11040858026869851,0.26155890253522535
-0.7115356772092853,-0.4999605221019081,1.0037698119650058,0.9176103725295933,0.2765480809794838,-0.1104464408513007,0.2632754201135109
-0.7137396022764212,-0.4999111761904046,1.0056545319146224,0.9170295743915238,0.2768182310675227,-0.11048309550584735,0.26499417398764485
-0.7159364830218312,-0.4998420946416501,1.0075390286330013,0.9164469775625161,0.2770805244658046,-0.11051858900793216,0.26671513223283666
-0.718126297763189,-0.4997532801828659,1.0094232277234387,0.9158625749144725,0.27733496798765334,-0.11055296624383924,0.26843826302710316
-0.7203090248879069,-0.4996447363202947,1.0113070548009804,0.9152763591289632,0.2775815688491703,-0.1105862722049927,0.2701635346501555
-0.7224846428533498,-0.49951646733906246,1.0131904354953594,0.914688322697769,0.2778203346695053,-0.11061855198240098,0.2718909154822631
-0.7246531301870468,-0.4993684783030088,1.015073295453931,0.9140984579234609,0.27805127347110337,-0.110649850761096,0.2736203740030989
-0.7268144654869029,-0.4992007750544875,1.0169555603446072,0.9135067569200225,0.2782743936799272,-0.11068021381456902,0.27535187879056355
-0.7289686274214113,-0.49901336421413583,1.0188371558587939,0.9129132116135086,0.2784897041256547,-0.11070968649920161,0.27708539851959524
-0.7311155947298639,-0.4988062531806126,1.0207180077143214,0.9123178137427469,0.27869721404185244,-0.11073831424869496,0.27882090196095766
-0.73325534622256,-0.49857945013030697,1.0225980416583798,0.9117205548600762,0.278896933066123,-0.11076614256849505,0.28055835798001305
-0.7353878607810159,-0.49833296401701493,1.0244771834704474,0.9111214263321282,0.2790888712402283,-0.1107932170302178,0.28229773553547755
-0.7375131173581742,-0.4980668045715862,1.026355358965223,0.9105204193406453,0.2792730390101868,-0.1108195832660707,0.2840390036781643
-0.7396310949786098,-0.49778098230153994,1.0282324939955543,0.9099175248833403,0.2794494472263456,-0.11084528696327461,0.2857821315497086
-0.7417417727387392,-0.4974755084906501,1.0301085144553643,0.9093127337747948,0.27961810714342616,-0.11087037385848564,0.28752708838127927
-0.7438451298070249,-0.4971503951984994,1.0319833462825778,0.908706036647399,0.2797790304205441,-0.11089488973221598,0.2892738434922797
-0.7459411454241822,-0.49680565526000414,1.0338569154620445,0.9080974239523277,0.2799322291212037,-0.11091888040325586,0.2910223662890335
-0.7480297989033824,-0.4964413022849068,1.0357291480284607,0.9074868859605607,0.28007771571326456,-0.11094239172309736,0.2927726262634583
-0.7501110696304596,-0.4960573506572388,1.0375999700692913,0.9068744127639379,0.28021550306888265,-0.11096546957035909,0.2945245929917323
-0.7521849370641114,-0.49565381553475324,1.0394693077276846,0.9062599942762566,0.2803456044644243,-0.11098815984521332,0.2962782361329452
-0.7542513807361039,-0.4952307128483256,1.0413370872053915,0.9056436202344079,0.28046803358035277,-0.11101050846381622,0.298033525427745
-0.7563103802514719,-0.49478805930132547,1.0432032347656754,0.9050252801995521,0.2805828045010883,-0.11103256135274094,0.2997904306969725
-0.758361915288722,-0.494325872368957,1.0450676767362272,0.9044049635583318,0.28068993171483997,-0.111054364443415,0.30154892184028864
-0.7604059656000309,-0.49384417029756883,1.0469303395120693,0.903782659524127,0.28078943011341034,-0.11107596366656147,0.30330896883479536
-0.7624425110114478,-0.4933429721039341,1.048791149558465,0.9031583571383475,0.28088131499197244,-0.11109740494664552,0.3050705417336501
-0.7644715314230917,-0.49282229757449897,1.05065003341382,0.9025320452717626,0.28096560204881804,-0.11111873419632558,0.30683361066467396
-0.7664930068093497,-0.4922821672646027,1.0525069176925828,0.9019037126258732,0.28104230738507835,-0.11113999731091163,0.3085981458289534
-0.7685069172190767,-0.49172260249766486,1.0543617290881413,0.9012733477343187,0.2811114475044159,-0.11116124016282819,0.310364117499443
-0.7705132427757895,-0.4911436253643443,1.0562143943757176,0.9006409389643244,0.28117303931268783,-0.11118250859608575,0.3121314960195575
-0.7725119636778646,-0.49054525872166704,1.0580648404152582,0.900006474518187,0.28122710011758056,-0.11120384842075813,0.31390025180176784
-0.7745030601987338,-0.4899275261921235,1.059912994154322,0.8993699424347972,0.2812736476282152,-0.11122530540746939,0.31567035532619087
-0.7764865126870788,-0.4892904521627361,1.0617587826309645,0.8987313305912003,0.2813126999547234,-0.11124692528188755,0.3174417771391796
-0.7784623015670235,-0.4886340617840968,1.0636021329766163,0.8980906267041963,0.28134427560779474,-0.11126875371922791,0.3192144878519128
-0.7804304073383297,-0.48795838096937383,1.0654429724189627,0.8974478183319747,0.2813683934981934,-0.11129083633876614,0.32098845813898474
-0.7823908105765879,-0.48726343639328873,1.067281228284814,0.8968028928757885,0.2813850729362456,-0.11131321869836036,0.3227636587369958
-0.78434349193341,-0.48654925549106337,1.069116828002977,0.8961558375816642,0.28139433363129696,-0.11133594628898416,0.3245400604431456
-0.786288432136619,-0.48581586645733704,1.0709496991071175,0.89550663954215,0.28139619569113966,-0.11135906452927051,0.3263176341138271
-0.7882256119904403,-0.4850632982450529,1.0727797692386223,0.8948552856980988,0.28139067962140857,-0.11138261876006687,0.3280963506632245
-0.7901550123756905,-0.4842915805643156,1.0746069661494564,0.8942017628404878,0.28137780632494835,-0.11140665423900163,0.3298761810619178
-0.792076614249967,-0.4835007438812176,1.0764312177050146,0.8935460576122767,0.281357597101148,-0.11143121613506418,0.331657096335487
-0.7939903986478352,-0.4826908194166371,1.078252451886969,0.8928881565102974,0.2813300736452453,-0.11145634952319652,0.33343906756312536
-0.7958963466810159,-0.48186183914500497,1.0800705967961126,0.8922280458871834,0.2812952580476003,-0.1114820993788991,0.3352220658762569
-0.7977944395385709,-0.4810138357930431,1.0818855806551975,0.8915657119533312,0.281253172792937,-0.11150851057284918,0.33700606245716214
-0.7996846584870906,-0.4801468428384716,1.0836973318117689,0.8909011407788995,0.28120384075955357,-0.11153562786553538,0.3387910285376104
-0.8015669848708765,-0.4792608945086881,1.0855057787409927,0.8902343182958405,0.28114728521850146,-0.11156349590190547,0.3405769353974986
-0.8034414001121277,-0.4783560257794153,1.0873108500484816,0.8895652302999675,0.2810835298327318,-0.11159215920602943,0.3423637543635042
-0.805307885711122,-0.4774322723733216,1.0891124744731104,0.8888938624530547,0.2810125986562103,-0.11162166217577935,0.3441514568077399
-0.8071664232464004,-0.47648967075860943,1.0909105808898323,0.888220200284973,0.2809345161329997,-0.11165204907752425,0.3459400141464267
-0.8090169943749475,-0.4755282581475769,1.0927050983124842,0.8875442291958568,0.28084930709631006,-0.11168336404084225,0.3477293978385715
-0.8108595808323733,-0.4745480724951474,1.0944959558965912,0.8868659344583057,0.2807569967675162,-0.11171565105324988,0.3495195793846598
-0.812694164433094,-0.47354915249737217,1.0962830829421628,0.8861853012196178,0.28065761075514256,-0.11174895395494881,0.3513105303253589
-0.8145207270705096,-0.47253153758990235,1.0980664088964829,0.8855023145040551,0.2805511750538153,-0.11178331643359032,0.35310222224023585
-0.8163392507171837,-0.4714952679464324,1.0998458633568957,0.8848169592151428,0.280437716043181,-0.11181878201905955,0.3548946267464844
-0.8181497174250236,-0.47044038447711267,1.1016213760735876,0.8841292201379966,0.2803172604867925,-0.11185539407827684,0.35668771549767603
-0.8199521093254524,-0.46936692882693704,1.103392876952355,0.8834390819416857,0.280189835530961,-0.11189319581002075,0.35848146018251037
-0.8217464086295903,-0.4682749433740962,1.1051602960573776,0.8827465291816224,0.280055468703575,-0.11193223023976914,0.3602758325235974
-0.8235325976284276,-0.46716447122830596,1.1069235636139754,0.8820515463019841,0.27991418791288547,-0.11197254021456174,0.36207080427624505
-0.8253106586929996,-0.4660355562291055,1.1086826100113636,0.8813541176381656,0.279766021446257,-0.11201416839788324,0.3638663472272664
-0.8270805742745617,-0.4648882429441258,1.1104373658054032,0.8806542274192599,0.27961099796888506,-0.11205715726456801,0.3656624331938053
-0.8288423269047617,-0.4637225766673308,1.1121877617213398,0.8799518597705693,0.2794491465224791,-0.1121015490957265,0.3674590340221783
-0.8305958991958128,-0.4625386034172289,1.1139337286565405,0.8792469987161433,0.27928049652391174,-0.1121473859736936,0.3692561215867369
-0.8323412738406631,-0.4613363699350575,1.1156751976832187,0.8785396281813469,0.27910507776383303,-0.11219470977700001,0.3710536677887446
-0.8340784336131714,-0.460115923682935,1.117412100051161,0.8778297319954546,0.2789229204052506,-0.11224356217536685,0.3728516445552832
-0.8358073613682703,-0.4588773128419905,1.1191443671904342,0.877117293894275,0.2787340549820746,-0.11229398462472445,0.37465002383816315
-0.8375280400421417,-0.45762058631045877,1.1208719307140986,0.8764022975227971,0.2785385123976287,-0.11234601836225352,0.376448777612874
-0.8392404526523816,-0.4563457937017515,1.1225947224209045,0.8756847264378684,0.2783363239231256,-0.11239970440145297,0.3782478778775403
-0.840944582298169,-0.45505298534249783,1.1243126742979852,0.8749645641108953,0.2781275211961071,-0.11245508352723142,0.38004729665190823
-0.8426404121604322,-0.4537422122705585,1.1260257185235418,0.8742417939305704,0.2779121362188504,-0.11251219629102444,0.3818470059763507
-0.8443279255020149,-0.4524135262330099,1.1277337874695215,0.8735163992056246,0.2776902013567375,-0.11257108300593828,0.38364697791089764
-0.8460071056678423,-0.45106697968410125,1.1294368137042878,0.8727883631676027,0.2774617493365902,-0.11263178374191922,0.3854471845342882
-0.8476779360850834,-0.44970262578318543,1.1311347299952799,0.8720576689736653,0.27722681324496967,-0.11269433832095006,0.38724759794304625
-0.8493404002633165,-0.44832051839261794,1.1328274693116704,0.8713242997094104,0.27698542652644,-0.112758786312274,0.38904819025058385
-0.850994481794692,-0.4469207120756318,1.1345149648270096,0.8705882383917213,0.27673762298179594,-0.11282516702764611,0.39084893358632633
-0.8526401643540922,-0.4455032620941839,1.136197149921864,0.8698494679716354,0.2764834367662558,-0.11289351951661308,0.3926498000948616
-0.854277431699295,-0.44406822440677235,1.137873958186446,0.869107971337234,0.27622290238761743,-0.11296388256182124,0.3944507619351211
-0.855906267671133,-0.44261565566622757,1.1395453234232376,0.8683637313165553,0.27595605470437873,-0.11303629467435418,0.3962517912795803
-0.8575266561936523,-0.4411456132174765,1.1412111796495998,0.867616730680526,0.27568292892382235,-0.11311079408909935,0.39805286031349113
-0.8591385812742721,-0.4396581550952783,1.1428714611003814,0.8668669521459152,0.2754035606000643,-0.11318741876014474,0.3998539412341383
-0.8607420270039438,-0.4381533400219316,1.1445261022305147,0.866114378378306,0.2751179856320651,-0.11326620635620686,0.4016550062501258
-0.862336977557304,-0.43663122740496,1.1461750377175997,0.8653589919950875,0.2748262402616069,-0.11334719425608762,0.40345602758068727
-0.8639234171928353,-0.43509187733476284,1.1478182024644874,0.864600775568464,0.27452836107123263,-0.11343041954416427,0.4052569774550317
-0.865501330253019,-0.43353535058224496,1.1494555316018473,0.8638397116284834,0.2742243849821494,-0.11351591900591004,0.40705782811171226
-0.86707070116449,-0.4319617085964177,1.1510869604907281,0.863075782666082,0.2739143492520954,-0.11360372912344768,0.4088585517980238
-0.8686315144381911,-0.43037101350197193,1.1527124247251113,0.8623089711361462,0.27359829147317055,-0.11369388607113448,0.4106591207694365
-0.8701837546695254,-0.4287633280968263,1.1543318601344517,0.8615392594605907,0.27327624956963037,-0.11378642571118135,0.4124595072890526
-0.8717274065385089,-0.42713871584964747,1.155945202786213,0.860766630031451,0.27294826179564313,-0.11388138358930493,0.4142596836270963
-0.8732624548099199,-0.42549724089734614,1.1575523889883885,0.8599910652139929,0.2726143667330119,-0.11397879493041287,0.41605962206043495
-0.8747888843334528,-0.42383896804254145,1.1591533552920203,0.8592125473498337,0.2722746032888572,-0.1140786946343253,0.4178592948721301
-0.8763066800438636,-0.4221639627510075,1.160748038493699,0.8584310587600803,0.2719290106932663,-0.11418111727152873,0.41965867435101867
-0.8778158269611216,-0.4204722911490846,1.1623363756380627,0.8576465817484767,0.27157762849690337,-0.11428609707896652,0.42145773279133
-0.879316310190556,-0.41876402002107105,1.1639183040202805,0.8568590986045669,0.27122049656858443,-0.11439366795586463,0.42325644249233
-0.8808081149230035,-0.4170392168065856,1.165493761188529,0.8560685916068668,0.27085765509281506,-0.11450386345959306,0.4250547757580006
-0.8822912264349531,-0.4152979495979065,1.1670626849464563,0.8552750430260514,0.2704891445672918,-0.11461671680156417,0.42685270489674837
-0.8837656300886931,-0.4135402871372812,1.1686250133556388,0.8544784351281485,0.2701150058003665,-0.1147322608431674,0.42865020222115124
-0.8852313113324553,-0.4117662988142136,1.170180684738027,0.8536787501777435,0.2697352799084748,-0.1148505280917415,0.43044724004773277
-0.8866882557005564,-0.4099760546627262,1.1717296376783772,0.8528759704411951,0.26935000831352757,-0.1149715506965838,0.43224379069677255
-0.8881364488135444,-0.4081696253585921,1.1732718110266802,0.8520700781898571,0.2689592327402652,-0.1150953604449989,0.4340398264921489
-0.8895758763783379,-0.406347082216547,1.1748071439005727,0.8512610557033097,0.2685629952135767,-0.11522198875838462,0.43583531976121637
-0.8910065241883677,-0.40450849718747384,1.1763355756877418,0.8504488852725993,0.26816133805578124,-0.1153514666883573,0.43763024283471436
-0.8924283781237177,-0.4026539428555612,1.1778570460483175,0.8496335492034807,0.2677543038838739,-0.11548382491291612,0.43942456804671426
-0.8938414241512637,-0.40078349243543837,1.1793714949172556,0.84881502981967,0.26734193560673436,-0.11561909373264745,0.44121826773459716
-0.8952456483248117,-0.39889721976928544,1.1808788625067075,0.8479933094661005,0.26692427642230004,-0.11575730306696952,0.44301131423906476
-0.8966410367852355,-0.39699519932391797,1.1823790893083814,0.8471683705121833,0.26650136981470274,-0.11589848245041647,0.4448036799041906
-0.8980275757606156,-0.3950775061878451,1.183872116095893,0.8463401953550718,0.2660732595513679,-0.11604266102896534,0.4465953370775
-0.899405251566371,-0.39314421606830946,1.1853578839271002,0.8455087664229309,0.26563998968008073,-0.11618986755640154,0.44838625811008753
-0.900774050605398,-0.3911954052882942,1.1868363341464336,0.8446740661782075,0.26520160452601216,-0.11634013039072907,0.4501764153567686
-0.9021339593682027,-0.38923115078351167,1.1883074083872103,0.8438360771209029,0.2647581486887126,-0.1164934774906204,0.4519657811762673
-0.9034849644330347,-0.387251530099367,1.1897710485739372,0.8429947817918481,0.26430966703906794,-0.11664993641191063,0.4537543279314357
-0.9048270524660192,-0.38525662138789485,1.1912271969246067,0.842150162775977,0.2638562047162196,-0.11680953430413246,0.45554202798951443
-0.9061602102212896,-0.38324650340467525,1.192675795952975,0.841302202705603,0.2633978071244505,-0.11697229790709686,0.45732885372242227
-0.9074844245411169,-0.38122125550572383,1.1941167884708332,0.8404508842636912,0.26293451993003353,-0.11713825354751518,0.459114777507085
-0.9087996823560398,-0.37918095764436127,1.1955501175902634,0.8395961901871335,0.2624663890580469,-0.11730742713566664,0.46089977172579627
-0.9101059706849957,-0.37712569036805177,1.196975726725887,0.8387381032700161,0.26199346068915125,-0.11747984416211008,0.4626838087666181
-0.9114032766354452,-0.3750555348152298,1.1983935595970956,0.8378766063668894,0.26151578125633546,-0.11765552969443878,0.4644668610238129
-0.9126915874035026,-0.3729705727120912,1.1998035602302755,0.8370116823960329,0.26103339744162346,-0.11783450837408352,0.4662489008983123
-0.913970890274061,-0.3708708863693699,1.2012056729610159,0.8361433143427126,0.26054635617274935,-0.11801680441315812,0.46802990079822115
-0.9152411726209174,-0.368756558679087,1.2025998424363074,0.8352714852624398,0.2600547046197963,-0.11820244159135254,0.46980983313935787
-0.9165024219068978,-0.36662767311128025,1.2039860136167255,0.8343961782842192,0.2595584901918013,-0.11839144325287165,0.47158867034582624
-0.9177546256839808,-0.3644843137107061,1.2053641317786064,0.8335173766137925,0.25905776053332563,-0.11858383230342041,0.47336638485062876
-0.9189977715934213,-0.3623265650935232,1.2067341425162046,0.8326350635368764,0.2585525635209911,-0.11877963120723646,0.47514294909631016
-0.9202318473658703,-0.36015451244395347,1.2080959917438414,0.8317492224223915,0.25804294725998306,-0.11897886198416945,0.4769183355356352
-0.9214568408214983,-0.3579682415109157,1.2094496256980418,0.8308598367256834,0.2575289600805177,-0.11918154620680828,0.4786925166323076
-0.9226727398701148,-0.3557678386046426,1.2107949909396547,0.8299668899917354,0.2570106505342782,-0.11938770499765654,0.48046546486171743
-0.9238795325112866,-0.35355339059327384,1.2121320343559643,0.8290703658583706,0.2564880673908163,-0.11959735902635525,0.48223715271172624
-0.9250772068344578,-0.3513249848994248,1.2134607031627855,0.8281702480594452,0.2559612596339204,-0.11981052850695546,0.4840075526834865
-0.9262657510190665,-0.34908270949673637,1.2147809449065494,0.8272665204280295,0.25543027645795163,-0.12002723319523913,0.4857766372922959
-0.9274451533346614,-0.34682665290640236,1.216092707466372,0.8263591668995788,0.25489516726414696,-0.1202474923860894,0.48754437906848447
-0.9286154021410171,-0.3445569041936746,1.2173959390561138,0.825448171515091,0.25435598165688944,-0.12047132491091038,0.48931075055833684
-0.9297764858882515,-0.34227355296434414,1.2186905882264236,0.8245335184242495,0.2538127694399468,-0.12069874913509701,0.4910757243250526
-0.9309283931169356,-0.33997668936120956,1.219976603866768,0.8236151918885581,0.2532655806126785,-0.12092978295555487,0.49283927294973034
-0.9320711124582108,-0.33766640406051235,1.221253935207452,0.8226931762844549,0.25271446536620956,-0.12116444379827147,0.4946013690323968
-0.9332046326338986,-0.33534278826835995,1.2225225318216217,0.8217674561064159,0.2521594740795746,-0.12140274861593685,0.49636198519306224
-0.934328942456612,-0.3330059337171259,1.2237823436272546,0.8208380159700417,0.2516006573158306,-0.12164471388561662,0.4981210940728108
-0.9354440308298672,-0.33065593266182614,1.2250333208891377,0.819904840615127,0.25103806581813726,-0.12189035560647593,0.4998786683349257
-0.9365498867481922,-0.32829287787647854,1.226275414220831,0.8189679149087147,0.2504717505058093,-0.12213968929755535,0.5016346806660447
-0.9376464992972358,-0.3259168626504392,1.2275085745866168,0.8180272238481313,0.24990176247033602,-0.12239272999559835,0.5033891037773499
-0.938733857653874,-0.32352798078472245,1.2287327533034342,0.8170827525640074,0.24932815297137345,-0.12264949225293206,0.5051419104057854
-0.9398119510863198,-0.32112632658829193,1.229947902042805,0.8161344863232709,0.24875097343270397,-0.1229099901353991,0.5068930733153185
-0.9408807689542256,-0.31871199487434476,1.2311539728327368,0.8151824105321333,0.24817027543816988,-0.12317423722034382,0.5086425652982158
-0.9419403007087905,-0.31628508095656227,1.2323509180596202,0.8142265107390441,0.24758611072757505,-0.12344224659465065,0.5103903591763658
-0.9429905358928644,-0.31384568064535046,1.233538690470107,0.8132667726376321,0.24699853119256002,-0.12371403085283642,0.5121364278026229
-0.9440314641410498,-0.3113938902440563,1.2347172431729765,0.8123031820696225,0.24640758887244762,-0.12398960209519597,0.5138807440621875
-0.9450630751798048,-0.30892980654516733,1.2358865296409856,0.811335725027732,0.2458133359500616,-0.12426897192600145,0.5156232808740131
-0.9460853588275453,-0.3064535268264886,1.237046503712707,0.8103643876585416,0.24521582474751688,-0.12455215145175653,0.5173640111922463
-0.9470983049947445,-0.30396514884730247,1.2381971195943506,0.8093891562653469,0.2446151077219826,-0.12483915127950425,0.5191029080076953
-0.948101903684032,-0.3014647708445123,1.2393383318615714,0.8084100173109853,0.24401123746141962,-0.12512998151519011,0.5208399443493245
-0.9490961449902946,-0.2989524915287595,1.2404700954612629,0.8074269574206345,0.2434042666802896,-0.1254246517620789,0.5225750932857864
-0.9500810191007719,-0.2964284100805295,1.2415923657133365,0.8064399633845925,0.24279424821523943,-0.12572317111922843,0.5243083279269737
-0.9510565162951536,-0.2938926261462366,1.242705098312484,0.805449022161026,0.24218123502076006,-0.12602554818001593,0.526039621425604
-0.9520226269456766,-0.2913452398342882,1.243808249329928,0.8044541208786978,0.24156528016481893,-0.1263317910307231,0.5277689469788306
-0.9529793415172189,-0.2887863517111338,1.2449017752151552,0.8034552468396636,0.2409464368244683,-0.12664190724917435,0.5294962778298815
-0.9539266505673937,-0.2862160627972952,1.2459856327976357,0.8024523875219434,0.24032475828142996,-0.12695590390343137,0.5312215872697268
-0.954864544746643,-0.28363447456337854,1.247059779288528,0.8014455305821653,0.2397002979176539,-0.12727378755054536,0.5329448486387668
-0.9557930147983303,-0.28104168892606507,1.2481241722823686,0.8004346638581785,0.23907310921085514,-0.12759556423536325,0.5346660353285578
-0.9567120515588307,-0.2784378082440939,1.2491787697587438,0.7994197753716425,0.23844324573002704,-0.12792123948939246,0.5363851207835466
-0.9576216459576223,-0.2758229353142152,1.2502235300839513,0.7984008533305801,0.2378107611309313,-0.12825081832972052,0.5381020785028485
-0.9585217890173761,-0.2731971733671344,1.2512584120126427,0.7973778861319047,0.23717570915156622,-0.12858430525799264,0.5398168820420367
-0.9594124718540429,-0.27056062606343795,1.2522833746894506,0.7963508623639176,0.23653814360761355,-0.12892170425944577,0.5415295050149613
-0.9602936856769432,-0.2679133974894985,1.2532983776506044,0.7953197708087704,0.235898118387863,-0.12926301880199995,0.5432399210955915
-0.961165421788852,-0.2652555921533674,1.2543033808255248,0.7942846004449002,0.23525568744961667,-0.12960825183540675,0.544948104019881
-0.9620276715860862,-0.26258731498064763,1.2552983445384076,0.7932453404494294,0.23461090481407276,-0.1299574057904551,0.546654027587656
-0.9628804265585876,-0.25990867131035505,1.2562832295097883,0.7922019802005353,0.2339638245616904,-0.13031048257823458,0.548357665664523
-0.9637236782900099,-0.25721976689075293,1.2572579968580957,0.7911545092797823,0.23331450082753274,-0.13066748358945673,0.5500589921838067
-0.9645574184577983,-0.25452070787518555,1.2582226081011831,0.7901029174744295,0.23266298779659406,-0.13102840969383373,0.5517579811484937
-0.965381638833274,-0.2518116008178805,1.2591770251578505,0.789047194779693,0.23200933969910614,-0.1313932612395149,0.553454606633215
-0.9661963312817149,-0.24909255266974567,1.2601212103493469,0.7879873314009808,0.2313536108058281,-0.13176203805258135,0.5551488427862353
-0.9670014877624352,-0.2463636707741458,1.2610551264008576,0.786923317756093,0.23069585542331833,-0.13213473943659906,0.5568406638314666
-0.9677971003288657,-0.24362506286266597,1.261978736442976,0.7858551444773824,0.2300361278891899,-0.13251136417222897,0.5585300440705008
-0.9685831611286311,-0.24087683705085802,1.2628920040131588,0.7847828024138822,0.22937448256734944,-0.1328919105168964,0.5602169578846606
-0.9693596624036295,-0.23811910183396934,1.263794893057167,0.7837062826333969,0.22871097384321923,-0.13327637620451932,0.5619013797370673
-0.9701265964901059,-0.23535196608266662,1.2646873679304858,0.7826255764245579,0.22804565611894723,-0.1336647584452925,0.5635832841747251
-0.9708839558187311,-0.2325755390387293,1.2655693933997365,0.7815406752988362,0.2273785838085979,-0.1340570539255328,0.5652626458306282
-0.9716317329146741,-0.22978993031074382,1.2664409346440633,0.7804515709925268,0.226709811333333,-0.13445325880758147,0.5669394394258728
-0.9723699203976768,-0.22699524986977349,1.2673019572565103,0.7793582554686878,0.2260393931165762,-0.1348533687297656,0.5686136397717941
-0.9730985109821266,-0.2241916080450164,1.268152427245379,0.7782607209190424,0.22536738357916553,-0.13525737880641742,0.5702852217721154
-0.973817497477129,-0.2213791155194508,1.2689923110355708,0.7771589597658463,0.22469383713449342,-0.13566528362795313,0.5719541604251099
-0.9745268727865772,-0.21855788332546627,1.2698215754699114,0.7760529646637109,0.22401880818363537,-0.13607707726100923,0.5736204308257771
-0.9752266299092234,-0.21572802284047987,1.2706401878104607,0.77494272850139,0.22334235111046608,-0.13649275324863824,0.575284008168032
-0.9759167619387475,-0.2128896457825361,1.2714481157398059,0.7738282444035277,0.22266452027676492,-0.136912304610564,0.5769448677469072
-0.9765972620638248,-0.21004286420590307,1.272245327362335,0.7727095057323629,0.22198537001731367,-0.13733572384349224,0.5786029849607655
-0.9772681235681935,-0.2071877904966422,1.2730317912054987,0.771586506089395,0.22130495463498112,-0.1377630029214837,0.5802583353135257
-0.9779293398307219,-0.20432453736817444,1.2738074762210507,0.7704592393170111,0.2206233283958013,-0.13819413329638353,0.5819108944168965
-0.9785809043254722,-0.20145321785683143,1.2745723517862753,0.7693276995000685,0.21994054552404263,-0.13862910589830935,0.5835606379926205
-0.9792228106217659,-0.19857394531739017,1.2753263877051944,0.7681918809674382,0.2192566601972688,-0.13906791113619893,0.5852075418747292
-0.9798550523842469,-0.19568683341860166,1.2760695542097609,0.7670517782935059,0.21857172654139384,-0.13951053889841464,0.5868515820118052
-0.9804776233729445,-0.19279199613869807,1.2768018219610344,0.7659073862996317,0.2178857986257282,-0.1399569785534086,0.5884927344692509
-0.9810905174433341,-0.18988954776090095,1.2775231620503373,0.7647587000555676,0.21719893045802302,-0.14040721895044297,0.590130975431566
-0.9816937285463989,-0.18697960286889997,1.2782335460003984,0.7636057148808321,0.2165111759795039,-0.14086124842037262,0.5917662812046323
-0.9822872507286886,-0.18406227634233893,1.2789329457664755,0.7624484263460426,0.21582258905990503,-0.14131905477648127,0.5933986282180003
-0.9828710781323792,-0.18113768335227298,1.2796213337374631,0.7612868302742056,0.21513322349249575,-0.14178062531538033,0.5950279930271857
-0.9834452049953296,-0.17820593935662565,1.2802986827369836,0.7601209227419613,0.21444313298910556,-0.14224594681796193,0.5966543523159684
-0.9840096256511397,-0.1752671600956296,1.2809649660244578,0.7589507000807886,0.2137523711751456,-0.1427150055504125,0.5982776828986934
-0.9845643345292054,-0.1723214615872584,1.2816201572961623,0.7577761588781646,0.21306099158462843,-0.14318778726528242,0.5998979617225764
-0.9851093261547739,-0.16936896012264616,1.2822642306862675,0.75659729597868,0.21236904765518672,-0.14366427720261385,0.601515165870013
-0.985644595148998,-0.16640977226149312,1.2828971607678594,0.7554141084851113,0.2116765927230888,-0.14414446009112752,0.6031292725608878
-0.9861701362289887,-0.16344401482747165,1.2835189225539414,0.7542265937594494,0.21098368001825882,-0.14462832014946295,0.6047402591548837
-0.986685944207868,-0.1604718049036049,1.2841294914984234,0.7530347494238846,0.210290362659291,-0.1451158410874816,0.6063481031537942
-0.9871920139948192,-0.15749325982765233,1.2847288434970885,0.7518385733617443,0.20959669364847128,-0.1456070061076212,0.6079527822038326
-0.9876883405951377,-0.15450849718747384,1.285316954888546,0.750638063718392,0.20890272586679642,-0.14610179790631156,0.6095542740979417
-0.9881749191102804,-0.1515176348163873,1.2858938024551656,0.7494332189020746,0.20820851206899746,-0.1466001986754443,0.6111525567781009
-0.9886517447379138,-0.14852079078851751,1.286459363423993,0.7482240375847303,0.20751410487856553,-0.14710219010390033,0.6127476083376319
-0.9891188127719618,-0.14551808341413575,1.2870136154676493,0.747010518702752,0.20681955678278263,-0.14760775337913357,0.6143394070234984
-0.9895761186026508,-0.1425096312349885,1.2875565367052126,0.7457926614577016,0.20612492012775574,-0.14811686918880987,0.6159279312386062
-0.9900236577165574,-0.13949555301961442,1.2880881057030829,0.7445704653169837,0.20543024711345495,-0.1486295177225042,0.617513159544095
-0.9904614256966511,-0.13647596775866258,1.2886083014758258,0.7433439300144721,0.20473558978876175,-0.1491456786734497,0.619095070661626
-0.9908894182223386,-0.13345099466018795,1.289117103487003,0.7421130555510922,0.20404100004651785,-0.1496653312403463,0.6206736434756642
-0.9913076310695064,-0.1304207531449484,1.2896144916499823,0.7408778421953589,0.2033465296185854,-0.150188454129222,0.6222488570357533
-0.9917160601105628,-0.1273853628416912,1.2901004463287304,0.7396382904838686,0.20265223007091399,-0.15071502555534982,0.6238206905587822
-0.9921147013144777,-0.12434494358242726,1.2905749483385893,0.7383944012217459,0.20195815279861484,-0.15124502324521943,0.6253891234312472
-0.9925035507468235,-0.12129961539770422,1.2910379789470317,0.7371461754830477,0.20126434902104634,-0.15177842443856374,0.6269541352114983
-0.9928826045698135,-0.11824949851186217,1.2914895198744023,0.7358936146111165,0.20057086977690664,-0.15231520589043893,0.6285157056319866
-0.9932518590423393,-0.11519471333829574,1.291929553294638,0.7346367202188986,0.19987776591934034,-0.1528553438733584,0.630073814601488
-0.9936113105200083,-0.11213538047469036,1.2923580618359731,0.7333754941892072,0.19918508811105173,-0.15339881417948212,0.631628442207329
-0.9939609554551795,-0.10907162069827124,1.2927750285816242,0.7321099386749462,0.19849288681943555,-0.15394559212285552,0.6331795687175926
-0.9943007903969987,-0.10600355496102747,1.293180437070458,0.7308400560992886,0.19780121231171433,-0.1544956525417062,0.6347271745833145
-0.9946308119914321,-0.102931304384941,1.2935742712976417,0.7295658491558091,0.1971101146500935,-0.15504896980078947,0.6362712404406663
-0.9949510169813,-0.09985499025720361,1.2939565157152741,0.7282873208085723,0.1964196436869282,-0.15560551779378803,0.6378117471131266
-0.9952614022063082,-0.09677473402542998,1.2943271552330002,0.7270044742921777,0.19572984905990543,-0.15616526994576377,0.6393486756136337
-0.9955619646030799,-0.0936906572928628,1.2946861752186065,0.7257173131117597,0.19504078018724083,-0.15672819921566036,0.6408820071467267
-0.9958527012051857,-0.09060288181356847,1.2950335614985988,0.724425841042938,0.19435248626289153,-0.15729427809885824,0.6424117231106726
-0.9961336091431723,-0.08751152948763845,1.2953693003587616,0.7231300621317361,0.1936650162517871,-0.15786347862977948,0.64393780509957
-0.9964046856445924,-0.08441672235636712,1.2956933785446993,0.7218299806944427,0.19297841888507408,-0.15843577238454554,0.645460234905443
-0.9966659280340298,-0.08131858259744174,1.2960057832623604,0.7205256013174373,0.19229274265538324,-0.15901113048368148,0.6469789945203148
-0.9969173337331279,-0.07821723252011556,1.2963065021785414,0.7192169288569686,0.19160803581211186,-0.15958952359487405,0.6484940661382613
-0.9971589002606138,-0.07511279456037885,1.2965955234213742,0.7179039684388916,0.19092434635672623,-0.16017092193577706,0.6500054321574483
-0.9973906252323236,-0.07200539127612615,1.2968728355807952,0.7165867254583589,0.19024172203808465,-0.16075529527686636,0.6515130751821473
-0.9976125063612251,-0.06889514534231886,1.2971384277089952,0.7152652055794717,0.18956021034778092,-0.16134261294434335,0.6530169780247317
-0.9978245414574415,-0.06578217954614171,1.2973922893208518,0.7139394147348865,0.18887985851550873,-0.16193284382308729,0.6545171237076509
-0.9980267284282716,-0.0626666167821519,1.2976344103943434,0.7126093591253759,0.1882007135044477,-0.1625259563596552,0.6560134954653885
-0.9982190652782118,-0.05954858004743484,1.297864781370944,0.7112750452193549,0.18752282200667364,-0.1631219185653286,0.6575060767463857
-0.9984015501089751,-0.056428192436741006,1.2980833931560025,0.7099364797523569,0.18684623043858972,-0.16372069801920874,0.6589948512149575
-0.9985741811195098,-0.05330557713762987,1.2982902371190996,0.7085936697264721,0.18617098493638307,-0.16432226187135723,0.6604798027531725
-0.9987369566060176,-0.05018085742560755,1.29848530509439,0.7072466224097433,0.18549713135150647,-0.16492657684598233,0.6619609154627168
-0.9988898749619701,-0.04705415665925702,1.298668589380924,0.7058953453355209,0.18482471524618316,-0.1655336092446731,0.663438173666729
-0.9990329346781248,-0.04392559827537208,1.2988400827429516,0.7045398463017766,0.1841537818889398,-0.1661433249496762,0.6649115619116095
-0.9991661343425403,-0.040795305784078584,1.298999778410209,0.703180133370372,0.1834843762501642,-0.16675568942721913,0.6663810649688112
-0.9992894726405894,-0.037663402763966805,1.299147670078184,0.7018162148662984,0.18281654299769173,-0.16737066773087675,0.6678466678365889
-0.999402948354973,-0.034530012857202655,1.2992837519083675,0.7004480993768606,0.18215032649241783,-0.1679882245049827,0.6693083557417407
-0.9995065603657317,-0.03139525976465663,1.2994080185284815,0.6990757957508354,0.181485770783941,-0.16860832398808223,0.6707661141413042
-0.9996003076502568,-0.028259267241012402,1.2995204650326926,0.6976993130975804,0.1808229196062325,-0.16923093001643016,0.6722199287242357
-0.9996841892833003,-0.02512215908988511,1.2996210869818052,0.6963186607861102,0.18016181637333778,-0.16985600602752934,0.6736697854130566
-0.9997582044369842,-0.021984059158932538,1.2997098804034375,0.6949338484441302,0.17950250417510685,-0.17048351506371157,0.6751156703654697
-0.9998223523808092,-0.018845091334967107,1.2997868417921767,0.6935448859570332,0.17884502577295702,-0.17111341977575936,0.6765575699759488
-0.9998766324816607,-0.01570537953906462,1.2998519681097194,0.6921517834668605,0.17818942359566523,-0.17174568242656918,0.677995470877292
-0.9999210442038162,-0.012565047721668525,1.29990525678499,0.6907545513712177,0.17753573973519407,-0.1723802648948544,0.6794293599421539
-0.9999555871089499,-0.009424219857704513,1.2999467057142429,0.6893532003221672,0.17688401594255035,-0.17301712867888727,0.6808592242845323
-0.9999802608561372,-0.006283019941676479,1.2999763132611448,0.6879477412250657,0.17623429362367626,-0.17365623490028154,0.6822850512612395
-0.9999950652018581,-0.0031415719827794023,1.299994078256841,0.686538185237384,0.17558661383537547,-0.17429754430781216,0.6837068284733248
-1.0,-1.2246467991473532e-16,1.2999999999999998,0.6851245437674769,0.17494101728127348,-0.17494101728127345,0.6851245437674766
-0.9999950652018582,0.0031415719827791577,1.299994078256841,0.6837068284733251,0.17429754430781216,-0.1755866138353755,0.6865381852373837
-0.9999802608561371,0.006283019941676234,1.2999763132611448,0.6822850512612398,0.1736562349002815,-0.17623429362367624,0.6879477412250653
-0.9999555871089498,0.009424219857704266,1.2999467057142429,0.6808592242845325,0.17301712867888724,-0.1768840159425503,0.6893532003221668
-0.9999210442038163,0.012565047721668278,1.29990525678499,0.6794293599421541,0.17238026489485436,-0.17753573973519404,0.6907545513712173
-0.9998766324816608,0.01570537953906438,1.2998519681097194,0.6779954708772921,0.1717456824265692,-0.17818942359566523,0.6921517834668602
-0.9998223523808092,0.01884509133496731,1.2997868417921767,0.6765575699759486,0.17111341977575936,-0.17884502577295708,0.6935448859570335
-0.9997582044369843,0.021984059158932295,1.2997098804034375,0.67511567036547,0.17048351506371162,-0.1795025041751069,0.69493384844413
-0.9996841892833003,0.02512215908988487,1.2996210869818052,0.6736697854130568,0.16985600602752937,-0.18016181637333778,0.6963186607861099
-0.9996003076502568,0.02825926724101216,1.2995204650326926,0.6722199287242361,0.16923093001643016,-0.18082291960623254,0.6976993130975802
-0.9995065603657317,0.031395259764656826,1.2994080185284815,0.6707661141413045,0.16860832398808207,-0.18148577078394112,0.6990757957508351
-0.9994029483549731,0.034530012857202405,1.2992837519083675,0.6693083557417411,0.16798822450498269,-0.18215032649241786,0.7004480993768601
-0.9992894726405894,0.037663402763966555,1.299147670078184,0.6678466678365891,0.16737066773087678,-0.1828165429976917,0.7018162148662982
-0.9991661343425402,0.040795305784078334,1.298999778410209,0.6663810649688116,0.16675568942721913,-0.18348437625016417,0.7031801333703717
-0.9990329346781248,0.04392559827537183,1.2988400827429518,0.6649115619116098,0.1661433249496762,-0.18415378188893977,0.7045398463017764
-0.9988898749619701,0.04705415665925721,1.298668589380924,0.6634381736667287,0.1655336092446731,-0.18482471524618319,0.7058953453355211
-0.9987369566060176,0.0501808574256073,1.29848530509439,0.6619609154627171,0.16492657684598233,-0.18549713135150642,0.7072466224097431
-0.9985741811195098,0.05330557713762962,1.2982902371190996,0.6604798027531729,0.1643222618713572,-0.1861709849363831,0.7085936697264718
-0.998401550108975,0.05642819243674076,1.2980833931560025,0.6589948512149577,0.16372069801920877,-0.18684623043858967,0.7099364797523566
-0.9982190652782118,0.05954858004743503,1.297864781370944,0.6575060767463862,0.16312191856532843,-0.18752282200667383,0.7112750452193546
-0.9980267284282716,0.06266661678215164,1.2976344103943434,0.6560134954653888,0.16252595635965522,-0.1882007135044477,0.7126093591253757
-0.9978245414574415,0.06578217954614146,1.2973922893208518,0.6545171237076512,0.1619328438230873,-0.1888798585155087,0.7139394147348864
-0.9976125063612252,0.06889514534231861,1.2971384277089955,0.653016978024732,0.16134261294434335,-0.18956021034778092,0.7152652055794715
-0.9973906252323236,0.0720053912761259,1.2968728355807952,0.6515130751821475,0.16075529527686633,-0.1902417220380846,0.7165867254583586
-0.9971589002606138,0.0751127945603786,1.2965955234213742,0.6500054321574484,0.16017092193577706,-0.1909243463567262,0.7179039684388913
-0.996917333733128,0.07821723252011531,1.2963065021785414,0.6484940661382617,0.15958952359487408,-0.1916080358121119,0.7192169288569684
-0.9966659280340299,0.08131858259744149,1.2960057832623604,0.6469789945203152,0.15901113048368148,-0.19229274265538326,0.720525601317437
-0.9964046856445923,0.08441672235636687,1.2956933785446993,0.6454602349054432,0.15843577238454548,-0.19297841888507403,0.7218299806944426
-0.9961336091431724,0.0875115294876382,1.2953693003587616,0.6439378050995702,0.1578634786297795,-0.1936650162517871,0.7231300621317358
-0.9958527012051855,0.09060288181356824,1.295033561498599,0.642411723110673,0.1572942780988582,-0.1943524862628915,0.7244258410429377
-0.9955619646030798,0.09369065729286255,1.2946861752186065,0.640882007146727,0.15672819921566034,-0.1950407801872408,0.7257173131117595
-0.9952614022063082,0.09677473402543017,1.2943271552330002,0.6393486756136335,0.15616526994576377,-0.19572984905990545,0.727004474292178
-0.9949510169813001,0.09985499025720336,1.2939565157152741,0.6378117471131269,0.15560551779378806,-0.1964196436869282,0.728287320808572
-0.9946308119914322,0.10293130438494076,1.2935742712976417,0.6362712404406666,0.15504896980078947,-0.1971101146500935,0.7295658491558088
-0.9943007903969988,0.10600355496102723,1.293180437070458,0.6347271745833147,0.15449565254170622,-0.19780121231171433,0.7308400560992883
-0.9939609554551795,0.10907162069827142,1.2927750285816242,0.633179568717593,0.15394559212285538,-0.1984928868194357,0.732109938674946
-0.9936113105200083,0.11213538047469011,1.2923580618359733,0.6316284422073295,0.1533988141794821,-0.19918508811105176,0.7333754941892069
-0.9932518590423391,0.11519471333829549,1.291929553294638,0.6300738146014881,0.1528553438733584,-0.19987776591934028,0.7346367202188984
-0.9928826045698136,0.11824949851186192,1.2914895198744023,0.6285157056319869,0.15231520589043893,-0.20057086977690664,0.7358936146111161
-0.9925035507468235,0.12129961539770397,1.2910379789470317,0.6269541352114986,0.15177842443856374,-0.20126434902104628,0.7371461754830475
-0.9921147013144777,0.12434494358242747,1.2905749483385893,0.6253891234312471,0.1512450232452194,-0.2019581527986149,0.738394401221746
-0.9917160601105627,0.12738536284169097,1.2901004463287307,0.6238206905587826,0.15071502555534977,-0.20265223007091399,0.7396382904838684
-0.9913076310695065,0.13042075314494816,1.2896144916499823,0.6222488570357536,0.150188454129222,-0.2033465296185854,0.7408778421953587
-0.9908894182223387,0.13345099466018773,1.289117103487003,0.6206736434756644,0.14966533124034626,-0.20404100004651785,0.7421130555510919
-0.9904614256966511,0.1364759677586628,1.2886083014758258,0.6190950706616262,0.1491456786734495,-0.20473558978876188,0.7433439300144715
-0.9900236577165576,0.1394955530196142,1.288088105703083,0.6175131595440952,0.14862951772250427,-0.20543024711345498,0.7445704653169835
-0.9895761186026508,0.1425096312349883,1.2875565367052126,0.6159279312386066,0.1481168691888098,-0.2061249201277557,0.7457926614577014
-0.9891188127719618,0.14551808341413555,1.2870136154676493,0.6143394070234987,0.14760775337913354,-0.2068195567827826,0.7470105187027518
-0.988651744737914,0.14852079078851732,1.286459363423993,0.6127476083376322,0.14710219010390027,-0.20751410487856556,0.74822403758473
-0.9881749191102804,0.15151763481638708,1.2858938024551656,0.6111525567781011,0.14660019867544427,-0.2082085120689974,0.7494332189020743
-0.9876883405951377,0.15450849718747361,1.2853169548885461,0.609554274097942,0.14610179790631156,-0.2089027258667964,0.7506380637183918
-0.9871920139948192,0.15749325982765214,1.2847288434970885,0.607952782203833,0.14560700610762117,-0.20959669364847128,0.7518385733617441
-0.986685944207868,0.16047180490360471,1.2841294914984234,0.6063481031537945,0.14511584108748155,-0.21029036265929096,0.7530347494238843
-0.9861701362289887,0.16344401482747142,1.2835189225539414,0.6047402591548842,0.1446283201494629,-0.2109836800182588,0.7542265937594491
-0.985644595148998,0.16640977226149292,1.2828971607678596,0.6031292725608881,0.1441444600911275,-0.2116765927230888,0.7554141084851111
-0.9851093261547739,0.16936896012264593,1.2822642306862675,0.6015151658700134,0.14366427720261382,-0.21236904765518672,0.7565972959786796
-0.9845643345292054,0.17232146158725858,1.281620157296162,0.5998979617225767,0.14318778726528225,-0.2130609915846286,0.7577761588781642
-0.9840096256511398,0.17526716009562937,1.2809649660244578,0.5982776828986938,0.14271500555041247,-0.21375237117514562,0.7589507000807882
-0.9834452049953297,0.17820593935662546,1.2802986827369836,0.5966543523159685,0.14224594681796193,-0.21444313298910556,0.760120922741961
-0.9828710781323793,0.18113768335227276,1.2796213337374633,0.5950279930271861,0.1417806253153803,-0.2151332234924958,0.7612868302742053
-0.9822872507286886,0.18406227634233913,1.2789329457664755,0.593398628218,0.1413190547764813,-0.2158225890599051,0.7624484263460428
-0.9816937285463991,0.18697960286889978,1.2782335460003984,0.5917662812046326,0.14086124842037262,-0.21651117597950392,0.7636057148808318
-0.9810905174433341,0.18988954776090075,1.2775231620503373,0.5901309754315663,0.14040721895044297,-0.21719893045802305,0.7647587000555675
-0.9804776233729446,0.19279199613869788,1.2768018219610346,0.5884927344692511,0.1399569785534086,-0.2178857986257282,0.7659073862996315
-0.979855052384247,0.19568683341860146,1.2760695542097609,0.5868515820118057,0.13951053889841458,-0.21857172654139387,0.7670517782935056
-0.9792228106217659,0.19857394531739037,1.2753263877051941,0.5852075418747296,0.13906791113619876,-0.21925666019726892,0.768191880967438
-0.9785809043254722,0.2014532178568312,1.2745723517862753,0.5835606379926209,0.1386291058983093,-0.21994054552404263,0.7693276995000682
-0.9779293398307219,0.2043245373681742,1.2738074762210507,0.5819108944168968,0.13819413329638347,-0.22062332839580123,0.7704592393170108
-0.9772681235681936,0.207187790496642,1.2730317912054987,0.580258335313526,0.1377630029214837,-0.22130495463498107,0.7715865060893948
-0.9765972620638247,0.2100428642059033,1.272245327362335,0.5786029849607653,0.1373357238434922,-0.22198537001731372,0.772709505732363
-0.9759167619387477,0.21288964578253589,1.271448115739806,0.5769448677469077,0.13691230461056397,-0.22266452027676492,0.7738282444035274
-0.9752266299092236,0.21572802284047968,1.2706401878104607,0.5752840081680323,0.13649275324863827,-0.22334235111046608,0.7749427285013898
-0.9745268727865773,0.21855788332546608,1.2698215754699116,0.5736204308257774,0.1360770772610092,-0.22401880818363534,0.7760529646637107
-0.9738174974771291,0.2213791155194506,1.2689923110355708,0.5719541604251103,0.1356652836279531,-0.22469383713449342,0.777158959765846
-0.9730985109821266,0.2241916080450162,1.268152427245379,0.5702852217721158,0.1352573788064174,-0.22536738357916547,0.7782607209190422
-0.9723699203976768,0.2269952498697733,1.2673019572565103,0.5686136397717944,0.1348533687297656,-0.22603939311657617,0.7793582554686875
-0.9716317329146742,0.22978993031074363,1.2664409346440633,0.5669394394258731,0.1344532588075814,-0.22670981133333298,0.7804515709925266
-0.9708839558187312,0.2325755390387291,1.2655693933997365,0.5652626458306287,0.13405705392553274,-0.22737858380859788,0.7815406752988359
-0.9701265964901059,0.23535196608266643,1.264687367930486,0.5635832841747256,0.13366475844529244,-0.22804565611894723,0.7826255764245577
-0.9693596624036295,0.23811910183396914,1.263794893057167,0.5619013797370676,0.1332763762045193,-0.22871097384321917,0.7837062826333967
-0.9685831611286312,0.24087683705085783,1.262892004013159,0.560216957884661,0.13289191051689636,-0.22937448256734944,0.784782802413882
-0.9677971003288656,0.24362506286266616,1.261978736442976,0.5585300440705013,0.13251136417222875,-0.23003612788919003,0.785855144477382
-0.9670014877624352,0.24636367077414562,1.2610551264008576,0.5568406638314669,0.13213473943659904,-0.23069585542331833,0.7869233177560928
-0.9661963312817149,0.24909255266974548,1.2601212103493469,0.5551488427862357,0.1317620380525813,-0.2313536108058281,0.7879873314009805
-0.9653816388332741,0.2518116008178803,1.2591770251578505,0.5534546066332154,0.13139326123951484,-0.23200933969910614,0.7890471947796927
-0.9645574184577982,0.25452070787518577,1.2582226081011831,0.5517579811484934,0.13102840969383373,-0.23266298779659406,0.7901029174744296
-0.96372367829001,0.25721976689075277,1.2572579968580957,0.550058992183807,0.13066748358945668,-0.23331450082753272,0.791154509279782
-0.9628804265585876,0.2599086713103549,1.2562832295097888,0.5483576656645234,0.13031048257823452,-0.2339638245616904,0.7922019802005351
-0.9620276715860862,0.26258731498064747,1.2552983445384078,0.5466540275876564,0.12995740579045506,-0.2346109048140727,0.7932453404494292
-0.961165421788852,0.2652555921533672,1.2543033808255248,0.5449481040198814,0.1296082518354067,-0.23525568744961664,0.7942846004449
-0.9602936856769432,0.26791339748949833,1.2532983776506046,0.5432399210955918,0.1292630188019999,-0.235898118387863,0.7953197708087701
-0.9594124718540431,0.2705606260634378,1.2522833746894508,0.5415295050149616,0.12892170425944577,-0.2365381436076136,0.7963508623639174
-0.9585217890173762,0.2731971733671342,1.2512584120126427,0.5398168820420371,0.1285843052579926,-0.23717570915156622,0.7973778861319045
-0.9576216459576224,0.275822935314215,1.2502235300839513,0.538102078502849,0.12825081832972046,-0.2378107611309313,0.7984008533305798
-0.9567120515588305,0.2784378082440941,1.2491787697587438,0.5363851207835465,0.1279212394893925,-0.23844324573002706,0.7994197753716428
-0.9557930147983303,0.28104168892606485,1.2481241722823686,0.5346660353285582,0.1275955642353632,-0.23907310921085512,0.8004346638581783
-0.954864544746643,0.28363447456337837,1.2470597792885283,0.5329448486387669,0.1272737875505453,-0.2397002979176539,0.8014455305821652
-0.9539266505673938,0.28621606279729506,1.2459856327976357,0.5312215872697271,0.1269559039034313,-0.24032475828142996,0.8024523875219431
-0.952979341517219,0.2887863517111336,1.2449017752151554,0.529496277829882,0.12664190724917432,-0.2409464368244683,0.8034552468396634
-0.9520226269456766,0.29134523983428806,1.2438082493299283,0.5277689469788308,0.12633179103072312,-0.24156528016481893,0.8044541208786977
-0.9510565162951538,0.2938926261462364,1.2427050983124843,0.5260396214256043,0.1260255481800159,-0.24218123502076003,0.8054490221610258
-0.9500810191007719,0.29642841008052934,1.2415923657133368,0.524308327926974,0.12572317111922834,-0.2427942482152394,0.8064399633845922
-0.9490961449902947,0.29895249152875936,1.2404700954612629,0.5225750932857868,0.1254246517620789,-0.2434042666802896,0.8074269574206344
-0.948101903684032,0.30146477084451245,1.2393383318615712,0.5208399443493243,0.12512998151519011,-0.24401123746141962,0.8084100173109853
-0.9470983049947446,0.3039651488473023,1.2381971195943506,0.5191029080076957,0.12483915127950422,-0.24461510772198264,0.8093891562653467
-0.9460853588275453,0.3064535268264884,1.2370465037127072,0.5173640111922466,0.12455215145175642,-0.24521582474751685,0.8103643876585412
-0.9450630751798049,0.30892980654516716,1.2358865296409858,0.5156232808740135,0.1242689719260014,-0.2458133359500616,0.8113357250277318
-0.9440314641410498,0.3113938902440561,1.2347172431729767,0.513880744062188,0.12398960209519591,-0.24640758887244762,0.8123031820696224
-0.9429905358928645,0.3138456806453503,1.2335386904701071,0.5121364278026234,0.12371403085283637,-0.24699853119256002,0.8132667726376319
-0.9419403007087906,0.3162850809565621,1.2323509180596202,0.510390359176366,0.12344224659465065,-0.24758611072757503,0.814226510739044
-0.9408807689542255,0.31871199487434493,1.2311539728327365,0.5086425652982163,0.12317423722034362,-0.24817027543817,0.815182410532133
-0.9398119510863199,0.32112632658829177,1.2299479020428052,0.5068930733153189,0.12290999013539906,-0.24875097343270397,0.8161344863232707
-0.938733857653874,0.3235279807847223,1.2287327533034342,0.5051419104057857,0.12264949225293197,-0.24932815297137345,0.8170827525640072
-0.9376464992972358,0.325916862650439,1.2275085745866166,0.5033891037773502,0.12239272999559829,-0.24990176247033605,0.8180272238481311
-0.9365498867481923,0.3282928778764784,1.2262754142208312,0.501634680666045,0.12213968929755535,-0.2504717505058093,0.8189679149087146
-0.9354440308298673,0.33065593266182597,1.2250333208891382,0.499878668334926,0.12189035560647592,-0.25103806581813726,0.8199048406151269
-0.934328942456612,0.3330059337171257,1.223782343627255,0.49812109407281124,0.12164471388561653,-0.25160065731583053,0.8208380159700414
-0.9332046326338986,0.3353427882683598,1.2225225318216222,0.4963619851930624,0.12140274861593682,-0.2521594740795746,0.8217674561064158
-0.932071112458211,0.3376664040605122,1.2212539352074523,0.494601369032397,0.12116444379827145,-0.25271446536620956,0.8226931762844547
-0.9309283931169356,0.3399766893612097,1.2199766038667679,0.4928392729497306,0.12092978295555476,-0.2532655806126786,0.823615191888558
-0.9297764858882516,0.342273552964344,1.2186905882264236,0.49107572432505286,0.12069874913509701,-0.2538127694399468,0.8245335184242494
-0.9286154021410172,0.3445569041936744,1.217395939056114,0.4893107505583372,0.12047132491091035,-0.2543559816568895,0.8254481715150909
-0.9274451533346614,0.3468266529064022,1.216092707466372,0.4875443790684848,0.12024749238608931,-0.2548951672641469,0.8263591668995786
-0.9262657510190666,0.34908270949673625,1.2147809449065494,0.4857766372922963,0.12002723319523906,-0.2554302764579517,0.8272665204280293
-0.9250772068344579,0.35132498489942465,1.2134607031627858,0.48400755268348666,0.11981052850695548,-0.2559612596339204,0.8281702480594451
-0.9238795325112867,0.3535533905932737,1.2121320343559645,0.4822371527117265,0.11959735902635524,-0.2564880673908163,0.8290703658583705
-0.9226727398701149,0.35576783860464245,1.2107949909396551,0.4804654648617177,0.11938770499765652,-0.2570106505342782,0.8299668899917353
-0.9214568408214984,0.35796824151091555,1.2094496256980418,0.4786925166323079,0.11918154620680822,-0.2575289600805177,0.8308598367256832
-0.9202318473658702,0.36015451244395363,1.2080959917438412,0.47691833553563556,0.11897886198416927,-0.2580429472599832,0.8317492224223914
-0.9189977715934214,0.36232656509352307,1.2067341425162048,0.4751429490963105,0.11877963120723639,-0.25855256352099115,0.832635063536876
-0.9177546256839809,0.36448431371070594,1.2053641317786066,0.47336638485062915,0.11858383230342036,-0.25905776053332563,0.8335173766137923
-0.9165024219068978,0.3666276731112801,1.2039860136167257,0.4715886703458265,0.11839144325287158,-0.25955849019180127,0.834396178284219
-0.9152411726209175,0.3687565586790869,1.2025998424363074,0.46980983313935826,0.11820244159135249,-0.2600547046197963,0.8352714852624396
-0.9139708902740611,0.3708708863693697,1.201205672961016,0.46802990079822154,0.1180168044131581,-0.26054635617274935,0.8361433143427125
-0.9126915874035028,0.37297057271209105,1.1998035602302757,0.46624890089831256,0.1178345083740835,-0.26103339744162346,0.8370116823960327
-0.9114032766354451,0.3750555348152299,1.1983935595970956,0.4644668610238132,0.11765552969443864,-0.2615157812563355,0.8378766063668893
-0.9101059706849958,0.37712569036805166,1.1969757267258874,0.4626838087666184,0.11747984416211002,-0.26199346068915125,0.8387381032700159
-0.9087996823560399,0.3791809576443611,1.1955501175902634,0.46089977172579655,0.11730742713566658,-0.2624663890580469,0.8395961901871333
-0.907484424541117,0.3812212555057237,1.1941167884708335,0.4591147775070854,0.11713825354751511,-0.26293451993003353,0.8404508842636909
-0.9061602102212897,0.38324650340467514,1.1926757959529752,0.4573288537224226,0.1169722979070968,-0.2633978071244505,0.8413022027056029
-0.9048270524660194,0.3852566213878947,1.1912271969246069,0.4555420279895148,0.11680953430413239,-0.2638562047162196,0.8421501627759768
-0.9034849644330347,0.38725153009936686,1.1897710485739375,0.45375432793143605,0.11664993641191053,-0.2643096670390679,0.8429947817918477
-0.9021339593682028,0.38923115078351156,1.1883074083872103,0.45196578117626757,0.11649347749062038,-0.2647581486887126,0.8438360771209026
-0.9007740506053981,0.39119540528829405,1.186836334146434,0.450176415356769,0.11634013039072902,-0.26520160452601216,0.8446740661782074
-0.8994052515663709,0.3931442160683096,1.1853578839271002,0.4483862581100878,0.11618986755640136,-0.26563998968008085,0.8455087664229307
-0.8980275757606158,0.39507750618784493,1.1838721160958934,0.4465953370775004,0.1160426610289653,-0.26607325955136796,0.8463401953550717
-0.8966410367852357,0.39699519932391786,1.1823790893083812,0.44480367990419106,0.11589848245041637,-0.26650136981470274,0.8471683705121831
-0.8952456483248118,0.39889721976928527,1.1808788625067077,0.443011314239065,0.1157573030669695,-0.2669242764223,0.8479933094661004
-0.8938414241512638,0.40078349243543826,1.1793714949172556,0.44121826773459744,0.11561909373264742,-0.26734193560673436,0.8488150298196699
-0.8924283781237178,0.40265394285556105,1.1778570460483178,0.4394245680467146,0.11548382491291609,-0.2677543038838739,0.8496335492034806
-0.8910065241883678,0.40450849718747367,1.176335575687742,0.43763024283471463,0.11535146668835725,-0.26816133805578124,0.850448885272599
-0.889575876378338,0.4063470822165468,1.174807143900573,0.4358353197612167,0.11522198875838457,-0.2685629952135767,0.8512610557033096
-0.8881364488135445,0.40816962535859197,1.1732718110266804,0.43403982649214917,0.11509536044499888,-0.26895923274026523,0.852070078189857
-0.8866882557005563,0.4099760546627263,1.1717296376783772,0.4322437906967727,0.11497155069658367,-0.2693500083135276,0.852875970441195
-0.8852313113324553,0.4117662988142135,1.1701806847380274,0.430447240047733,0.11485052809174146,-0.2697352799084748,0.8536787501777434
-0.8837656300886932,0.4135402871372811,1.1686250133556388,0.4286502022211515,0.11473226084316736,-0.2701150058003665,0.8544784351281484
-0.8822912264349532,0.4152979495979064,1.167062684946456,0.42685270489674865,0.11461671680156413,-0.27048914456729173,0.8552750430260512
-0.8808081149230036,0.4170392168065855,1.165493761188529,0.425054775758001,0.11450386345959299,-0.27085765509281506,0.8560685916068667
-0.8793163101905561,0.41876402002107094,1.1639183040202807,0.42325644249233024,0.11439366795586459,-0.27122049656858443,0.8568590986045668
-0.8778158269611217,0.42047229114908447,1.1623363756380627,0.4214577327913302,0.11428609707896652,-0.27157762849690337,0.8576465817484767
-0.8763066800438635,0.42216396275100765,1.1607480384936992,0.41965867435101856,0.11418111727152873,-0.27192901069326636,0.8584310587600803
-0.8747888843334529,0.42383896804254134,1.1591533552920203,0.41785929487213036,0.11407869463432527,-0.27227460328885716,0.8592125473498335
-0.87326245480992,0.42549724089734603,1.1575523889883885,0.41605962206043523,0.11397879493041281,-0.2726143667330119,0.8599910652139926
-0.8717274065385091,0.42713871584964735,1.1559452027862134,0.41425968362709664,0.1138813835893049,-0.2729482617956432,0.8607666300314508
-0.8701837546695255,0.4287633280968262,1.1543318601344517,0.412459507289053,0.11378642571118125,-0.27327624956963037,0.8615392594605905
-0.8686315144381912,0.4303710135019718,1.152712424725111,0.41065912076943684,0.11369388607113443,-0.2735982914731706,0.8623089711361462
-0.8670707011644901,0.4319617085964175,1.1510869604907281,0.40885855179802416,0.11360372912344763,-0.2739143492520954,0.863075782666082
-0.8655013302530191,0.43353535058224485,1.149455531601847,0.4070578281117126,0.11351591900590999,-0.2742243849821494,0.8638397116284833
-0.8639234171928354,0.43509187733476273,1.1478182024644874,0.40525697745503214,0.1134304195441642,-0.27452836107123263,0.8646007755684639
-0.8623369775573039,0.43663122740496013,1.1461750377175999,0.40345602758068705,0.11334719425608765,-0.2748262402616069,0.8653589919950876
-0.8607420270039439,0.4381533400219315,1.1445261022305149,0.40165500625012596,0.11326620635620684,-0.2751179856320651,0.8661143783783058
-0.8591385812742723,0.43965815509527817,1.1428714611003816,0.3998539412341388,0.11318741876014463,-0.2754035606000643,0.8668669521459149
-0.8575266561936524,0.44114561321747636,1.1412111796496003,0.3980528603134914,0.1131107940890993,-0.2756829289238224,0.8676167306805259
-0.8559062676711331,0.44261565566622746,1.1395453234232376,0.3962517912795806,0.11303629467435412,-0.2759560547043787,0.8683637313165551
-0.8542774316992952,0.44406822440677224,1.137873958186446,0.3944507619351213,0.11296388256182122,-0.2762229023876174,0.8691079713372339
-0.8526401643540923,0.4455032620941838,1.136197149921864,0.39264980009486194,0.11289351951661304,-0.2764834367662558,0.8698494679716353
-0.8509944817946921,0.44692071207563167,1.1345149648270096,0.39084893358632655,0.11282516702764611,-0.27673762298179594,0.8705882383917213
-0.8493404002633166,0.44832051839261783,1.1328274693116704,0.3890481902505842,0.11275878631227391,-0.27698542652644,0.8713242997094103
-0.8476779360850831,0.44970262578318554,1.13113472999528,0.3872475979430461,0.11269433832095005,-0.2772268132449697,0.8720576689736654
-0.8460071056678424,0.45106697968410114,1.129436813704288,0.3854471845342887,0.11263178374191912,-0.27746174933659024,0.8727883631676024
-0.844327925502015,0.4524135262330098,1.1277337874695217,0.383646977910898,0.1125710830059382,-0.2776902013567375,0.8735163992056244
-0.8426404121604323,0.4537422122705584,1.1260257185235418,0.38184700597635096,0.1125121962910244,-0.2779121362188504,0.8742417939305703
-0.8409445822981692,0.4550529853424977,1.1243126742979854,0.3800472966519084,0.11245508352723142,-0.2781275211961071,0.8749645641108952
-0.8392404526523817,0.4563457937017514,1.1225947224209045,0.37824787787754066,0.11239970440145287,-0.2783363239231256,0.8756847264378681
-0.8375280400421418,0.45762058631045865,1.1208719307140986,0.37644877761287415,0.1123460183622535,-0.2785385123976287,0.876402297522797
-0.8358073613682703,0.45887731284199057,1.1191443671904342,0.37465002383816304,0.11229398462472448,-0.2787340549820746,0.877117293894275
-0.8340784336131716,0.46011592368293497,1.1174121000511608,0.3728516445552834,0.11224356217536684,-0.2789229204052506,0.8778297319954544
-0.8323412738406634,0.46133636993505744,1.115675197683219,0.37105366778874493,0.112194709777,-0.27910507776383303,0.8785396281813468
-0.830595899195813,0.4625386034172288,1.1139337286565407,0.36925612158673726,0.11214738597369354,-0.2792804965239118,0.8792469987161432
-0.8288423269047619,0.4637225766673307,1.11218776172134,0.36745903402217855,0.11210154909572653,-0.2794491465224791,0.8799518597705693
-0.8270805742745618,0.46488824294412573,1.1104373658054034,0.3656624331938055,0.112057157264568,-0.27961099796888506,0.8806542274192599
-0.8253106586929998,0.4660355562291054,1.1086826100113638,0.3638663472272668,0.11201416839788318,-0.27976602144625706,0.8813541176381655
-0.8235325976284277,0.4671644712283059,1.1069235636139754,0.36207080427624533,0.11197254021456168,-0.27991418791288547,0.882051546301984
-0.8217464086295904,0.46827494337409614,1.1051602960573776,0.3602758325235978,0.11193223023976906,-0.280055468703575,0.8827465291816223
-0.8199521093254524,0.4693669288269371,1.103392876952355,0.35848146018251015,0.11189319581002082,-0.280189835530961,0.8834390819416859
-0.8181497174250238,0.47044038447711256,1.1016213760735876,0.35668771549767625,0.11185539407827685,-0.2803172604867925,0.8841292201379966
-0.8163392507171839,0.4714952679464323,1.0998458633568962,0.35489462674648464,0.11181878201905955,-0.2804377160431811,0.8848169592151427
-0.8145207270705097,0.4725315375899023,1.098066408896483,0.35310222224023613,0.11178331643359025,-0.2805511750538153,0.885502314504055
-0.8126941644330942,0.4735491524973721,1.0962830829421633,0.35131053032535914,0.1117489539549488,-0.28065761075514256,0.8861853012196176
-0.8108595808323735,0.47454807249514736,1.0944959558965914,0.34951957938466016,0.11171565105324982,-0.28075699676751625,0.8868659344583056
-0.8090169943749477,0.47552825814757677,1.0927050983124844,0.3477293978385719,0.11168336404084218,-0.28084930709631006,0.8875442291958566
-0.8071664232464006,0.4764896707586094,1.0909105808898325,0.34594001414642706,0.1116520490775242,-0.28093451613299975,0.8882202002849728
-0.8053078857111221,0.47743227237332153,1.0891124744731102,0.34415145680774023,0.11162166217577926,-0.2810125986562103,0.8888938624530545
-0.8034414001121276,0.4783560257794154,1.0873108500484814,0.3423637543635042,0.11159215920602943,-0.2810835298327319,0.8895652302999676
-0.801566984870877,0.47926089450868786,1.085505778740993,0.34057693539749945,0.11156349590190534,-0.2811472852185015,0.8902343182958403
-0.7996846584870906,0.48014684283847164,1.0836973318117689,0.3387910285376101,0.11153562786553545,-0.28120384075955357,0.8909011407788996
-0.7977944395385711,0.481013835793043,1.081885580655198,0.33700606245716247,0.11150851057284912,-0.281253172792937,0.891565711953331
-0.795896346681016,0.4818618391450049,1.080070596796113,0.3352220658762572,0.11148209937889904,-0.2812952580476003,0.8922280458871832
-0.7939903986478354,0.48269081941663705,1.0782524518869692,0.3334390675631257,0.11145634952319648,-0.2813300736452453,0.8928881565102973
-0.7920766142499672,0.48350074388121755,1.0764312177050148,0.33165709633548734,0.11143121613506415,-0.28135759710114805,0.8935460576122766
-0.7901550123756904,0.48429158056431565,1.0746069661494562,0.3298761810619182,0.11140665423900148,-0.2813778063249484,0.8942017628404877
-0.7882256119904405,0.4850632982450529,1.0727797692386225,0.32809635066322484,0.11138261876006683,-0.2813906796214086,0.8948552856980987
-0.7862884321366189,0.4858158664573371,1.0709496991071172,0.3263176341138269,0.11135906452927052,-0.2813961956911396,0.89550663954215
-0.7843434919334105,0.48654925549106326,1.0691168280029772,0.3245400604431465,0.11133594628898405,-0.2813943336312971,0.896155837581664
-0.7823908105765881,0.4872634363932887,1.0672812282848145,0.32276365873699603,0.11131321869836035,-0.28138507293624565,0.8968028928757885
-0.7804304073383298,0.4879583809693738,1.0654429724189631,0.3209884581389849,0.11129083633876612,-0.2813683934981934,0.8974478183319746
-0.7784623015670237,0.48863406178409674,1.0636021329766168,0.3192144878519133,0.11126875371922784,-0.28134427560779485,0.898090626704196
-0.776486512687079,0.48929045216273603,1.061758782630965,0.31744177713917987,0.11124692528188751,-0.2813126999547234,0.8987313305912001
-0.774503060198734,0.4899275261921235,1.0599129941543222,0.3156703553261912,0.11122530540746933,-0.2812736476282153,0.8993699424347971
-0.7725119636778645,0.4905452587216671,1.0580648404152577,0.31390025180176806,0.11120384842075805,-0.2812271001175806,0.900006474518187
-0.7705132427757897,0.4911436253643443,1.0562143943757176,0.3121314960195578,0.11118250859608568,-0.2811730393126879,0.9006409389643243
-0.7685069172190766,0.4917226024976649,1.054361729088141,0.3103641174994429,0.11116124016282816,-0.2811114475044159,0.9012733477343187
-0.7664930068093503,0.4922821672646026,1.0525069176925828,0.3085981458289542,0.11113999731091158,-0.2810423073850784,0.901903712625873
-0.7644715314230919,0.492822297574499,1.0506500334138202,0.30683361066467424,0.11111873419632555,-0.28096560204881815,0.9025320452717625
-0.762442511011448,0.493342972103934,1.0487911495584654,0.30507054173365045,0.11109740494664547,-0.2808813149919725,0.9031583571383474
-0.7604059656000312,0.4938441702975688,1.0469303395120697,0.30330896883479574,0.1110759636665614,-0.2807894301134104,0.9037826595241268
-0.7583619152887222,0.4943258723689569,1.0450676767362277,0.30154892184028886,0.11105436444341502,-0.28068993171483997,0.9044049635583316
-0.7563103802514721,0.4947880593013254,1.0432032347656757,0.29979043069697286,0.11103256135274088,-0.28058280450108836,0.905025280199552
-0.7542513807361039,0.4952307128483256,1.041337087205391,0.2980335254277454,0.11101050846381609,-0.2804680335803528,0.9056436202344078
-0.7521849370641118,0.4956538155347532,1.039469307727685,0.2962782361329453,0.11098815984521336,-0.2803456044644243,0.9062599942762565
-0.7501110696304596,0.4960573506572389,1.0375999700692913,0.29452459299173206,0.11096546957035912,-0.28021550306888265,0.9068744127639379
-0.7480297989033826,0.4964413022849068,1.035729148028461,0.2927726262634585,0.11094239172309737,-0.28007771571326456,0.9074868859605607
-0.7459411454241824,0.4968056552600041,1.0338569154620447,0.2910223662890339,0.11091888040325579,-0.27993222912120375,0.9080974239523276
-0.7438451298070251,0.4971503951984994,1.0319833462825783,0.28927384349228014,0.1108948897322159,-0.27977903042054414,0.9087060366473989
-0.7417417727387394,0.49747550849065,1.0301085144553648,0.2875270883812796,0.11087037385848567,-0.27961810714342616,0.9093127337747949
-0.7396310949786098,0.49778098230153994,1.0282324939955543,0.28578213154970894,0.1108452869632745,-0.2794494472263457,0.9099175248833401
-0.7375131173581744,0.49806680457158614,1.0263553589652235,0.2840390036781648,0.11081958326607062,-0.27927303901018685,0.9105204193406452
-0.7353878607810159,0.49833296401701493,1.024477183470447,0.28229773553547777,0.11079321703021772,-0.2790888712402283,0.9111214263321281
-0.7332553462225605,0.4985794501303069,1.0225980416583802,0.28055835798001344,0.11076614256849508,-0.27889693306612307,0.9117205548600761
-0.7311155947298641,0.4988062531806126,1.0207180077143216,0.2788209019609579,0.11073831424869496,-0.27869721404185244,0.9123178137427468
-0.7289686274214117,0.49901336421413583,1.018837155858794,0.2770853985195956,0.1107096864992016,-0.2784897041256548,0.9129132116135086
-0.7268144654869031,0.49920077505448757,1.0169555603446074,0.27535187879056383,0.11068021381456898,-0.27827439367992723,0.9135067569200224
-0.724653130187047,0.4993684783030088,1.0150732954539312,0.2736203740030991,0.11064985076109599,-0.27805127347110337,0.9140984579234607
-0.72248464285335,0.4995164673390624,1.0131904354953598,0.2718909154822635,0.11061855198240086,-0.27782033466950523,0.9146883226977687
-0.7203090248879069,0.49964473632029466,1.0113070548009804,0.27016353465015575,0.11058627220499263,-0.27758156884917023,0.9152763591289631
-0.7181262977631893,0.49975328018286586,1.0094232277234392,0.26843826302710344,0.11055296624383922,-0.27733496798765334,0.9158625749144723
-0.7159364830218311,0.49984209464165014,1.0075390286330008,0.2667151322328369,0.11051858900793204,-0.27708052446580467,0.916446977562516
-0.7137396022764217,0.4999111761904046,1.0056545319146228,0.26499417398764524,0.11048309550584737,-0.27681823106752274,0.9170295743915237
-0.7115356772092856,0.4999605221019081,1.0037698119650056,0.2632754201135111,0.11044644085130073,-0.27654808097948386,0.9176103725295933
-0.7093247295722739,0.49999013042806856,1.0018849431896677,0.2615589025352256,0.1104085802686985,-0.27627006779084684,0.9181893789139904
-0.7071067811865477,0.49999999999999994,1.0,0.2598446532814821,0.11036946909868213,-0.2759841854929348,0.9187666002906848
-0.7048818539423617,0.49999013042806856,0.9981150568103325,0.258132704485946,0.1103290628036663,-0.2756904284788924,0.9193420432139284
-0.7026499697988493,0.4999605221019081,0.9962301880349945,0.25642308838830424,0.11028731697337067,-0.2753887915433207,0.9199157140458731
-0.7004111507838063,0.4999111761904046,0.9943454680853775,0.25471583733529135,0.11024418733034293,-0.27507926988188836,0.9204876189562252
-0.6981654189934731,0.4998420946416501,0.9924609713669993,0.25301098378168807,0.11019962973547529,-0.2747618590909199,0.921057763921942
-0.6959127965923142,0.49975328018286586,0.9905767722765612,0.25130856029129867,0.11015360019351066,-0.27443655516696125,0.9216261547269665
-0.693653305812805,0.4996447363202947,0.9886929451990194,0.24960859953790138,0.11010605485854148,-0.27410335450632306,0.922192796962
-0.6913869689552066,0.4995164673390624,0.9868095645046404,0.24791113430617182,0.11005695003949663,-0.2737622539046008,0.9227576960243159
-0.6891138083873485,0.4993684783030088,0.9849267045460691,0.2462161974925798,0.11000624220561994,-0.2734132505561738,0.9233208571176114
-0.6868338465444084,0.49920077505448757,0.9830444396553928,0.2445238221062612,0.10995388799193614,-0.2730563420536818,0.9238822852518955
-0.6845471059286886,0.4990133642141358,0.9811628441412062,0.24283404126985544,0.10989984420470665,-0.27269152638747934,0.9244419852434212
-0.6822536091093968,0.4988062531806126,0.9792819922856786,0.24114688822032096,0.10984406782687225,-0.2723188019450696,0.9249999617146497
-0.6799533787224191,0.49857945013030697,0.9774019583416201,0.23946239630971386,0.10978651602348366,-0.27193816751051547,0.9255562190942578
-0.6776464374701027,0.49833296401701493,0.9755228165295533,0.2377805990059453,0.10972714614711836,-0.27154962226383156,0.92611076161718
-0.6753328081210243,0.4980668045715862,0.9736446410347767,0.23610152989349703,0.10966591574328383,-0.27115316578035253,0.9266635933246918
-0.6730125135097733,0.49778098230153994,0.9717675060044454,0.23442522267411575,0.10960278255580663,-0.27074879803008345,0.9272147180645274
-0.6706855765367202,0.49747550849065003,0.9698914855446353,0.2327517111674669,0.1095377045322056,-0.27033651937702724,0.9277641394910376
-0.6683520201677934,0.49715039519849946,0.968016653717422,0.23108102931176133,0.10947063982905,-0.2699163305784933,0.9283118610653841
-0.6660118674342517,0.49680565526000414,0.9661430845379556,0.22941321116434446,0.10940154681730146,-0.26948823278438505,0.9288578860557705
-0.6636651414324584,0.49644130228490674,0.9642708519715393,0.22774829090225576,0.10933038408763869,-0.2690522275364684,0.9294022175377114
-0.6613118653236523,0.4960573506572389,0.9624000299307091,0.22608630282274944,0.10925711045576475,-0.2686083167676195,0.9299448583943367
-0.6589520623337168,0.4956538155347532,0.9605306922723151,0.22442728134377796,0.10918168496769709,-0.2681565028010526,0.930485811316736
-0.6565857557529567,0.49523071284832565,0.9586629127946091,0.22277126100445,0.10910406690503754,-0.26769678834953065,0.9310250788043333
-0.6542129689358612,0.49478805930132547,0.9567967652343244,0.22111827646543863,0.10902421579022392,-0.26722917651455363,0.9315626631653043
-0.651833725300879,0.494325872368957,0.9549323232637732,0.21946836250936236,0.1089420913917617,-0.2667536707855306,0.932098566517025
-0.6494480483301841,0.49384417029756894,0.9530696604879311,0.2178215540411227,0.1088576537294351,-0.26627027503893075,0.9326327907865587
-0.6470559615694442,0.493342972103934,0.9512088504415349,0.21617788608820704,0.10877086307949638,-0.2657789935374175,0.933165337711176
-0.6446574886275914,0.492822297574499,0.9493499665861799,0.21453739380095221,0.10868167997983472,-0.2652798309289631,0.9336962088389118
-0.6422526531765839,0.4922821672646026,0.9474930823074168,0.21290011245276583,0.10859006523512124,-0.2647727922459449,0.9342254055291567
-0.6398414789511788,0.491722602497665,0.9456382709118591,0.21126607744031392,0.10849597992193236,-0.2642578829042249,0.9347529289532821
-0.6374239897486895,0.4911436253643443,0.9437856056242825,0.20963532428365844,0.10839938539384852,-0.26373510870220856,0.9352787800953016
-0.6350002094287606,0.4905452587216671,0.9419351595847419,0.208007888626368,0.10830024328652904,-0.26320447581988987,0.9358029597525624
-0.6325701619131245,0.48992752619212354,0.9400870058456781,0.20638380623557312,0.10819851552276251,-0.262665990817875,0.9363254685364764
-0.6301338711853693,0.4892904521627362,0.9382412173690359,0.20476311300198893,0.10809416431749067,-0.2621196606363912,0.9368463068732785
-0.6276913612907009,0.4886340617840969,0.9363978670233839,0.20314584493989196,0.10798715218280727,-0.26156549259427725,0.9373654750048231
-0.6252426563357051,0.4879583809693738,0.9345570275810372,0.2015320381870552,0.10787744193292914,-0.26100349438795734,0.9378829729894099
-0.6227877804881126,0.4872634363932887,0.9327187717151857,0.1999217290046412,0.10776499668914087,-0.26043367409039864,0.9383988007026438
-0.6203267579765562,0.4865492554910634,0.930883171997023,0.19831495377704708,0.10764977988471039,-0.2598560401500508,0.9389129578383272
-0.6178596130903347,0.48581586645733715,0.9290503008928829,0.19671174901171198,0.1075317552697763,-0.25927060138977076,0.9394254439093827
-0.6153863701791713,0.48506329824505295,0.9272202307613777,0.19511215133887433,0.10741088691620651,-0.2586773670057297,0.9399362582488098
-0.6129070536529764,0.48429158056431565,0.9253930338505436,0.19351619751128918,0.10728713922242566,-0.2580763465663055,0.9404454000106693
-0.6104216879816026,0.48350074388121766,0.9235687822949855,0.19192392440389586,0.10716047691821273,-0.25746755001095784,0.9409528681711024
-0.6079302976946056,0.4826908194166371,0.9217475481130312,0.19033536901344306,0.10703086506946721,-0.25685098764908815,0.941458661529377
-0.6054329073810018,0.4818618391450051,0.9199294032038876,0.1887505684580668,0.10689826908294334,-0.2562266701588844,0.9419627787089666
-0.6029295416890246,0.481013835793043,0.9181144193448023,0.18716955997682225,0.10676265471095148,-0.2555946085861499,0.9424652181586575
-0.600420225325884,0.48014684283847164,0.9163026681882313,0.1855923809291697,0.10662398805602726,-0.25495481434311723,0.9429659781536854
-0.597904983057519,0.4792608945086881,0.9144942212590074,0.1840190687944112,0.10648223557556519,-0.254307299207247,0.943465056796903
-0.5953838397083553,0.47835602577941544,0.9126891499515187,0.18244966117108297,0.1063373640864192,-0.2536520753200117,0.9439624520199734
-0.592856820161059,0.4774322723733215,0.9108875255268895,0.18088419577629714,0.10618934076946755,-0.25298915518566484,0.9444581615845943
-0.5903239493562945,0.47648967075860943,0.9090894191101678,0.1793227104450396,0.10603813317414189,-0.25231855166999645,0.9449521830837488
-0.5877852522924732,0.4755282581475769,0.9072949016875159,0.177765243129415,0.10588370922291915,-0.25164027799907246,0.9454445139429843
-0.5852407540255103,0.47454807249514747,0.9055040441034088,0.17621183189784556,0.105726037215778,-0.25095434775796144,0.9459351514217186
-0.5826904796685765,0.4735491524973724,0.9037169170578375,0.17466251493422308,0.10556508583461546,-0.2502607748894467,0.9464240926145722
-0.58013445439185,0.4725315375899027,0.9019335911035177,0.17311733053700834,0.1054008241476268,-0.24955957369272508,0.9469113344527282
-0.5775727034222676,0.4714952679464323,0.9001541366431041,0.17157631711828347,0.10523322161364515,-0.24885075882209096,0.9473968737053173
-0.5750052520432787,0.47044038447711284,0.8983786239264128,0.17003951320275634,0.1050622480864422,-0.24813434528560854,0.9478807069808284
-0.5724321255945912,0.4693669288269372,0.8966071230476451,0.16850695742671098,0.10488787381898768,-0.24741034844376855,0.9483628307285443
-0.5698533494719236,0.4682749433740961,0.8948397039426221,0.16697868853691275,0.10471006946766825,-0.2466787840081339,0.9488432412400044
-0.5672689491267564,0.467164471228306,0.8930764363860247,0.1654547453894619,0.10452880609646518,-0.24593966803997125,0.9493219346504875
-0.5646789500660772,0.46603555622910553,0.8913173899886364,0.1639351669485965,0.10434405518108818,-0.2451930169488698,0.9497989069405234
-0.5620833778521308,0.4648882429441258,0.8895626341945968,0.16241999228544587,0.10415578861306779,-0.24443884749134767,0.9502741539374242
-0.5594822581021673,0.46372257666733085,0.8878122382786602,0.1609092605767336,0.10396397870380306,-0.24367717676944575,0.9507476713168412
-0.5568756164881878,0.4625386034172289,0.8860662713434596,0.15940301110343044,0.1037685981885651,-0.24290802222930893,0.9512194546043438
-0.554263478736694,0.4613363699350574,0.8843248023167811,0.15790128324935693,0.1035696202304563,-0.2421314016597564,0.95168949917702
-0.5516458706284304,0.46011592368293525,0.8825878999488395,0.15640411649973363,0.10336701842432269,-0.24134733319083745,0.9521578002651001
-0.549022817998132,0.4588773128419907,0.880855632809566,0.15491155043968213,0.10316076680062128,-0.24055583529237773,0.9526243529536015
-0.5463943467342688,0.45762058631045865,0.879128069285901,0.15342362475267649,0.10295083982923918,-0.2397569267725132,0.9530891521839937
-0.5437604827787924,0.4563457937017513,0.8774052775790953,0.15194037921894332,0.10273721242326644,-0.23895062677621254,0.9535521927558845
-0.5411212521268759,0.45505298534249783,0.8756873257020148,0.15046185371380766,0.10251985994271955,-0.2381369547837872,0.9540134693287272
-0.5384766808266604,0.45374221227055855,0.8739742814764584,0.1489880882059932,0.10229875819821696,-0.23731593060939202,0.9544729764235466
-0.535826794978997,0.45241352623300995,0.8722662125304785,0.14751912275586937,0.10207388345460418,-0.23648757439951346,0.9549307084246843
-0.5331716207371885,0.4510669796841013,0.8705631862957122,0.14605499751364692,0.10184521243452954,-0.23565190663144742,0.9553866595815632
-0.530511184306734,0.4497026257831855,0.8688652700047201,0.14459575271752678,0.10161272232196843,-0.23480894811176728,0.9558408240104707
-0.5278455119450666,0.448320518392618,0.8671725306883297,0.14314142869179095,0.10137639076569703,-0.23395871997477902,0.95629319569636
-0.525174629961296,0.446920712075632,0.8654850351729906,0.14169206584485147,0.10113619588271255,-0.23310124368096827,0.9567437684946676
-0.5224985647159486,0.4455032620941838,0.8638028500781358,0.14024770466724168,0.10089211626160233,-0.23223654101543584,0.9571925361331497
-0.5198173426207093,0.4440682244067722,0.8621260418135537,0.13880838572956306,0.10064413096585882,-0.23136463408632452,0.9576394922137355
-0.5171309901381572,0.4426156556662276,0.8604546765767626,0.13737414968037784,0.10039221953714013,-0.23048554532323373,0.9580846302143937
-0.5144395337815066,0.44114561321747675,0.8587888203504004,0.1359450372440522,0.10013636199847703,-0.22959929747562624,0.958527943491019
-0.5117430001143446,0.43965815509527795,0.8571285388996182,0.13452108921855105,0.09987653885742395,-0.22870591361122472,0.9589694252793314
-0.5090414157503711,0.4381533400219317,0.8554738977694853,0.13310234647318303,0.09961273110915504,-0.22780541711439936,0.9594090686967902
-0.5063348073531325,0.4366312274049601,0.8538249622824003,0.13168884994629326,0.09934492023950235,-0.2268978316845446,0.9598468667445248
-0.503623201635761,0.4350918773347629,0.8521817975355127,0.13028064064291012,0.09907308822793853,-0.22598318133444856,0.9602828123092768
-0.5009066253607102,0.4335353505822452,0.850544468398153,0.1288777596323409,0.09879721755050083,-0.22506149038865234,0.9607168981653575
-0.49818510533949134,0.43196170859641797,0.8489130395092721,0.12748024804571914,0.09851729118265758,-0.22413278348180127,0.9611491169766184
-0.49545866843240743,0.43037101350197177,0.8472875752748885,0.12608814707350308,0.09823329260211494,-0.22319708555698606,0.9615794612984334
-0.4927273415482916,0.42876332809682616,0.8456681398655481,0.124701497962926,0.09794520579156568,-0.2222544218640782,0.9620079235796941
-0.48999115164423684,0.42713871584964774,0.8440547972137873,0.12332034201539868,0.0976530152413759,-0.2213048179580533,0.9624344961648172
-0.48725012572533194,0.42549724089734575,0.8424476110116111,0.12194472058386163,0.09735670595221302,-0.22034829969730851,0.962859171295763
-0.4845042908443978,0.4238389680425415,0.8408466447079798,0.120574675070096,0.09705626343761166,-0.21938489324197288,0.9632819411140633
-0.48175367410171527,0.42216396275100754,0.839251961506301,0.11921024692197835,0.0967516737264778,-0.21841462505220638,0.9637027976628636
-0.4789983026447611,0.42047229114908463,0.8376636243619373,0.11785147763069612,0.09644292336553092,-0.21743752188649412,0.9641217328889709
-0.4762382036679394,0.41876402002107105,0.8360816959797195,0.11649840872791337,0.09612999942168296,-0.21645361079993186,0.9645387386449146
-0.4734734044123126,0.4170392168065859,0.8345062388114712,0.11515108178289013,0.09581288948435421,-0.21546291914250396,0.9649538066910146
-0.4707039321653324,0.4152979495979063,0.8329373150535436,0.11380953839955747,0.09549158166772442,-0.21446547455735396,0.965366928697459
-0.4679298142605734,0.41354028713728097,0.8313749866443609,0.11247382021354663,0.09516606461292096,-0.21346130497904928,0.9657780962463899
-0.46515107807745854,0.4117662988142139,0.8298193152619733,0.11114396888917231,0.09483632749013965,-0.21245043863183607,0.9661873008339977
-0.46236775104099137,0.40997605466272596,0.8282703623216225,0.10982002611637172,0.09450236000070202,-0.21143290402788975,0.9665945338726215
-0.4595798606214876,0.40816962535859186,0.8267281889733197,0.10850203360760245,0.09416415237904555,-0.21040872996555865,0.9669997866928571
-0.4567874343342994,0.406347082216547,0.8251928560994272,0.10719003309469212,0.09382169539464685,-0.20937794552759903,0.9674030505456733
-0.4539904997395469,0.40450849718747384,0.8236644243122582,0.10588406632564747,0.09347498035387887,-0.2083405800794056,0.9678043166045316
-0.45118908444184536,0.4026539428555612,0.8221429539516825,0.10458417506142181,0.09312399910179917,-0.20729666326723512,0.9682035759675133
-0.44838321609003273,0.40078349243543865,0.8206285050827447,0.10329040107263801,0.09276874402387088,-0.20624622501642384,0.9686008196594519
-0.44557292237689694,0.398897219769286,0.819121137493293,0.10200278613627138,0.09240920804761472,-0.20518929552959883,0.9689960386340689
-0.44275823103890155,0.39699519932391775,0.8176209106916185,0.10072137203229128,0.09204538464419164,-0.20412590528488314,0.969389223776117
-0.43993916985591536,0.3950775061878454,0.8161278839041072,0.09944620054026282,0.09167726782991675,-0.20305608503409714,0.9697803659035242
-0.43711576665093327,0.3931442160683098,0.8146421160728999,0.09817731343590544,0.09130485216770177,-0.20197986580095043,0.9701694557695435
-0.43428804928980436,0.39119540528829394,0.8131636658535661,0.09691475248761718,0.09092813276842805,-0.20089727887923195,0.9705564840649056
-0.4314560456809589,0.3892311507835117,0.8116925916127898,0.09565855945295741,0.09054710529224849,-0.19980835583099432,0.9709414414199726
-0.42861978377512844,0.3872515300993671,0.8102289514260628,0.09440877607508938,0.09016176594981751,-0.19871312848473,0.971324318406898
-0.42577929156507294,0.3852566213878949,0.8087728030753933,0.09316544407918972,0.08977211150344958,-0.1976116289335462,0.9717051055417842
-0.42293459708530373,0.3832465034046753,0.807324204047025,0.09192860516881832,0.08937813926820527,-0.1965038895333327,0.9720837932868445
-0.4200857284118061,0.3812212555057239,0.8058832115291666,0.0906983010222507,0.08897984711290506,-0.19538994290092523,0.9724603720525655
-0.41723271366176534,0.379180957644361,0.8044498824097364,0.08947457328877984,0.08857723346106959,-0.19426982191226597,0.9728348321998708
-0.41437558099328436,0.3771256903680521,0.8030242732741132,0.08825746358497653,0.08817029729178613,-0.19314355970055594,0.9732071640422826
-0.41151435860510915,0.37505553481523013,0.8016064404029046,0.08704701349092055,0.0877590381405021,-0.1920111896544066,0.9735773578480884
-0.4086490747363488,0.37297057271209094,0.8001964397697244,0.08584326454639496,0.08734345609974364,-0.19087274541598523,0.9739454038425019
-0.4057797576661999,0.3708708863693696,0.798794327038984,0.0846462582470517,0.08692355181976011,-0.1897282608791583,0.974311292209826
-0.4029064357136628,0.3687565586790871,0.7974001575636928,0.08345603604053958,0.08649932650909264,-0.1885777701876273,0.9746750130956142
-0.4000291372372651,0.36662767311128025,0.7960139863832744,0.08227263932260559,0.08607078193506851,-0.1874213077330644,0.9750365566088312
-0.3971478906347803,0.36448431371070555,0.7946358682213932,0.08109610943316273,0.08563792042421922,-0.1862589081532422,0.975395912824009
-0.39426272434295084,0.36232656509352323,0.7932658574837954,0.07992648765233093,0.08520074486262316,-0.1850906063301622,0.9757530717834041
-0.3913736668372024,0.36015451244395347,0.7919040082561586,0.07876381519644517,0.08475925869617093,-0.18391643738817634,0.9761080234991498
-0.38848074663136634,0.3579682415109158,0.7905503743019583,0.07760813321403802,0.0843134659307553,-0.18273643669210868,0.9764607579554062
-0.3855839922773969,0.355767838604643,0.7892050090603454,0.07645948278179418,0.08386337113238358,-0.18155063984537193,0.9768112651105069
-0.38268343236509034,0.35355339059327423,0.7878679656440359,0.07531790490047736,0.08340897942721318,-0.18035908268808193,0.9771595348991007
-0.37977909552180106,0.35132498489942454,0.7865392968372144,0.0741834404908325,0.08295029650150945,-0.17916180129516834,0.9775055572342929
-0.3768710104121628,0.3490827094967364,0.7852190550934507,0.07305613038946346,0.08248732860152645,-0.17795883197448437,0.977849322009776
-0.3739592057378007,0.3468266529064027,0.7839072925336281,0.07193601534468366,0.08202008253330877,-0.1767502112649108,0.9781908191019624
-0.3710437102370507,0.34455690419367396,0.7826040609438858,0.07082313601234583,0.08154856566241626,-0.1755359759344599,0.9785300383721065
-0.3681245526846778,0.3422735529643442,0.7813094117735764,0.06971753295165027,0.08107278591357034,-0.17431616297837743,0.9788669696684243
-0.3652017618915878,0.3399766893612096,0.780023396133232,0.06861924662092862,0.0805927517702205,-0.17309080961723933,0.9792016028282062
-0.3622753667045459,0.33766640406051235,0.7787460647925479,0.06752831737340811,0.08010847227403389,-0.1718599532950492,0.9795339276799248
-0.3593453960058911,0.3353427882683603,0.7774774681783784,0.06644478545295629,0.07961995702430463,-0.17062363167733247,0.9798639340453328
-0.3564118787132513,0.3330059337171262,0.7762176563727455,0.06536869098980802,0.07912721617728449,-0.16938188264922877,0.980191611741559
-0.35347484377925703,0.33065593266182586,0.774966679110862,0.06430007399627136,0.07863026044543422,-0.1681347443135822,0.980516950583193
-0.35053432019125913,0.32829287787647826,0.7737245857791689,0.0632389743624198,0.07812910109659627,-0.1668822549890314,0.9808399403843642
-0.34759033697103736,0.32591686265043956,0.7724914254133836,0.06218543185176492,0.07762374995308621,-0.16562445320809516,0.9811605709608137
-0.3446429231745167,0.32352798078472184,0.7712672466965655,0.06113948609691669,0.07711421939070624,-0.164361377715259,0.9814788321319564
-0.34169210789148313,0.321126326588292,0.770052097957195,0.06010117659522856,0.07660052233767871,-0.16309306746506075,0.9817947137229356
-0.3387379202452914,0.3187119948743448,0.7688460271672632,0.05907054270442794,0.0760826722734987,-0.16181956162017164,0.9821082055666693
-0.33578038939258087,0.3162850809565623,0.7676490819403798,0.05804762363823625,0.07556068322770781,-0.16054089954947987,0.9824192975058863
-0.332819544522987,0.3138456806453505,0.7664613095298931,0.05703245846197648,0.07503456977858786,-0.15925712082617127,0.9827279793951544
-0.32985541485885345,0.31139389024405667,0.7652827568270237,0.05602508608816965,0.07450434705177433,-0.15796826522580928,0.9830342411028978
-0.3268880296549424,0.30892980654516705,0.7641134703590142,0.055025545272123985,0.07397003071878956,-0.15667437272441392,0.9833380725134048
-0.3239174181981495,0.30645352682648824,0.7629534962872929,0.0540338746075138,0.0734316369954971,-0.15537548349654184,0.9836394635288261
-0.32094360980720976,0.30396514884730286,0.7618028804056495,0.05305011252195044,0.0728891826404741,-0.15407163791336206,0.9839384040711623
-0.3179666338324106,0.30146477084451195,0.7606616681384286,0.052074297272548045,0.07234268495330543,-0.15276287654073428,0.9842348840842401
-0.3149865196553046,0.2989524915287592,0.7595299045387369,0.051106466941485185,0.0717921617727972,-0.15144924013728714,0.9845288935356777
-0.31200329668841487,0.29642841008052956,0.7584076342866634,0.05014665943155735,0.07123763147510971,-0.15013076965249272,0.9848204224188398
-0.3090169943749476,0.2938926261462366,0.7572949016875158,0.049194912461730606,0.0706791129718116,-0.14880750622474406,0.9851094607547799
-0.3060276421885011,0.2913452398342883,0.7561917506700719,0.04825126356269104,0.07011662570785344,-0.14747949117943157,0.9853959985941716
-0.30303526963277455,0.2887863517111342,0.755098224784845,0.04731575007239194,0.0695501896594618,-0.14614676602701865,0.985680026019227
-0.30003990624127697,0.286216062797296,0.7540143672023646,0.04638840913160252,0.06897982533195376,-0.1448093724611186,0.9859615331456035
-0.29704158157703503,0.28363447456337826,0.7529402207114717,0.04546927767945491,0.06840555375747173,-0.14346735235657013,0.9862405101242993
-0.2940403252323042,0.28104168892606546,0.7518758277176315,0.04455839244899597,0.06782739649263948,-0.14212074776751563,0.9865169471435317
-0.2910361668282723,0.2784378082440943,0.7508212302412564,0.04365578996273738,0.0672453756161379,-0.14076960092547594,0.9867908344306083
-0.288029136014769,0.27582293531421487,0.7497764699160485,0.042761506528213936,0.06665951372620227,-0.1394139542374287,0.9870621622537802
-0.2850192624699761,0.27319717336713445,0.7487415879873575,0.041875578233544736,0.06606983393804157,-0.1380538502838871,0.9873309209240839
-0.2820065759001296,0.270560626063438,0.7477166253105494,0.04099804094299842,0.06547635988117714,-0.13668933181697626,0.9875971007971699
-0.2789911060392296,0.26791339748949855,0.7467016223493956,0.04012893029256833,0.06487911569670445,-0.13532044175851338,0.9878606922751146
-0.2759728826487463,0.2652555921533674,0.7456966191744752,0.03926828168555483,0.064278126034476,-0.13394722319808716,0.9881216858082216
-0.2729519355173251,0.2625873149806477,0.7447016554615924,0.03841613028815443,0.06367341605020621,-0.13256971939113793,0.9883800718968063
-0.2699282944604964,0.2599086713103547,0.7437167704902115,0.03757251102506205,0.06306501140249941,-0.13118797375704025,0.9886358410929661
-0.26690198932037584,0.2572197668907534,0.7427420031419045,0.036737458575081094,0.06245293824979848,-0.1298020298771829,0.9888889840023367
-0.26387304996537336,0.254520707875186,0.7417773918988171,0.03591100736674993,0.06183722324725806,-0.12841193149305383,0.9891394912858334
-0.2608415062898967,0.2518116008178802,0.7408229748421493,0.03509319157397618,0.0612178935435401,-0.12701772250432322,0.9893873536613749
-0.25780738821405985,0.24909255266974534,0.739878789650653,0.03428404511169033,0.06059497677753373,-0.12561944696693092,0.9896325619055956
-0.2547707256833823,0.24636367077414587,0.7389448735991424,0.03348360163151088,0.059968501074996954,-0.12421714909117022,0.9898751068555378
-0.25173154866849745,0.2436250628626664,0.738021263557024,0.03269189451742819,0.05933849504512459,-0.12281087323977755,0.9901149794103332
-0.24868988716485446,0.2408768370508573,0.7371079959868408,0.03190895688150427,0.05870498777703936,-0.12140066392602075,0.9903521705328632
-0.24564577119242623,0.2381191018339694,0.7362051069428331,0.031134821559591807,0.05806800883620927,-0.11998656581179103,0.9905866712514069
-0.24259923079540752,0.23535196608266631,0.735312632069514,0.030369521107072896,0.057427588260787935,-0.1185686237056928,0.9908184726612713
-0.2395502960419221,0.23257553903872938,0.7344306066002635,0.029613087794615904,0.0567837565578831,-0.11714688256113823,0.9910475659264041
-0.23649899702372515,0.2297899303107443,0.7335590653559368,0.028865553603958392,0.05613654469974972,-0.11572138747444227,0.9912739422809923
-0.2334453638559052,0.22699524986977315,0.7326980427434897,0.02812695022370729,0.05548598411991017,-0.11429218368291841,0.9914975930310411
-0.23038942667659057,0.22419160804501606,0.731847572754621,0.027397309045168117,0.05483210670920195,-0.11285931656297861,0.9917185095559382
-0.2273312156466466,0.2213791155194509,0.7310076889644294,0.02667666115819376,0.05417494481175147,-0.1114228316282306,0.9919366833099992
-0.22427076094938153,0.21855788332546675,0.7301784245300889,0.025965037347062778,0.05351453122087735,-0.10998277452758108,0.9921521058239964
-0.2212080927902468,0.21572802284047915,0.729359812189539,0.025262468086381724,0.05285089917492149,-0.10853919104333813,0.992364768706671
-0.21814324139654243,0.21288964578253616,0.7285518842601941,0.024568983537017967,0.052184082353009906,-0.10709212708931802,0.9925746636462254
-0.21507623701711343,0.21004286420590315,0.727754672637665,0.023884613542058813,0.05151411487074157,-0.10564162870894957,0.9927817824118002
-0.21200710992205488,0.20718779049664227,0.7269682087945014,0.02320938762280068,0.05084103127580934,-0.10418774207338467,0.9929861168549321
-0.20893589040241214,0.2043245373681749,0.7261925237789493,0.02254333497477036,0.05016486654355034,-0.10273051347960852,0.9931876589109931
-0.20586260876988194,0.2014532178568319,0.725427648213725,0.021886484463777695,0.049485656072428025,-0.1012699893485522,0.9933864006006133
-0.20278729535651244,0.19857394531739025,0.7246736122948056,0.021238864621998754,0.04880343567944624,-0.099806216223207,0.9935823340310842
-0.19970998051440716,0.19568683341860132,0.7239304457902389,0.020600503644097427,0.048118241595496096,-0.09833924076674246,0.9937754513977429
-0.19663069461542038,0.19279199613869857,0.7231981780389657,0.019971429383375795,0.04743011046063478,-0.09686910976062274,0.9939657449853397
-0.1935494680508599,0.18988954776090022,0.7224768379496626,0.01935166934796504,0.04673907931929952,-0.09539587010272818,0.9941532071693853
-0.19046633123118972,0.18697960286890006,0.7217664539996016,0.018741250697050994,0.046045185615456084,-0.09391956880547962,0.9943378304174801
-0.18738131458572466,0.18406227634233902,0.7210670542335247,0.01814020023713702,0.04534846718768074,-0.09244025299396037,0.994519607290624
-0.18429444856233354,0.18113768335227307,0.7203786662625368,0.01754854441834579,0.04464896226418003,-0.09095796990404488,0.994698530444508
-0.18120576362713778,0.17820593935662574,0.7197013172630164,0.016966309330761393,0.04394670945774596,-0.08947276688052742,0.9948745926307858
-0.17811529026421075,0.1752671600956301,0.7190350339755425,0.016393520700810023,0.043241747760648874,-0.08798469137525308,0.9950477866983263
-0.17502305897527598,0.17232146158725845,0.7183798427038377,0.0158302038876839,0.04253411653946795,-0.08649379094525053,0.9952181055944473
-0.17192910027940966,0.1693689601226458,0.7177357693137324,0.015276383879807363,0.041823855529861544,-0.08500011325086934,0.9953855423661294
-0.16883344471273418,0.16640977226149362,0.7171028392321408,0.014732085291343414,0.04111100483127503,-0.08350370605391484,0.9955500901612097
-0.16573612282811934,0.1634440148274709,0.7164810774460585,0.0141973323587475,0.040395604901590824,-0.08200461721578904,0.9957117422295579
-0.16263716519488342,0.16047180490360458,0.7158705085015766,0.013672148937365677,0.03967769655171932,-0.08050289469563394,0.9958704919242299
-0.15953660239848633,0.15749325982765242,0.7152711565029116,0.013156558498076659,0.03895732094013007,-0.07899858654847298,0.9960263327026037
-0.15643446504023106,0.15450849718747392,0.714683045111454,0.012650584123981925,0.03823451956732767,-0.07749174092335874,0.9961792581274943
-0.15333078373696102,0.1515176348163874,0.7141061975448344,0.012154248507144668,0.037509334270270124,-0.0759824060615212,0.9963292618682491
-0.15022558912075765,0.14852079078851804,0.7135406365760072,0.011667573945374612,0.0367818072167318,-0.07447063029451792,0.996476337701823
-0.14711891183863815,0.1455180834141367,0.712986384532351,0.01119058233906332,0.03605198089961175,-0.07295646204238686,0.996620479513834
-0.14401078255225225,0.14250963123498817,0.7124434632947872,0.010723295188069392,0.03531989813118789,-0.07143994981180073,0.996761681299597
-0.14090123193758294,0.13949555301961492,0.7119118942969171,0.010265733588654142,0.034585602037319155,-0.06992114219422547,0.996899937165139
-0.13779029068463855,0.13647596775866308,0.7113916985241743,0.00981791823047027,0.033849136051593565,-0.06840008786407697,0.9970352413281923
-0.1346779894971524,0.1334509946601876,0.710882896512997,0.009379869393600745,0.033110543909426964,-0.06687683557688319,0.9971675881191704
-0.13156435909228248,0.13042075314494847,0.7103855083500178,0.008951606945653164,0.032369869642111464,-0.06535143416744885,0.9972969719821178
-0.12844943020030303,0.12738536284169127,0.7098995536712696,0.00853315033890576,0.03162715757081278,-0.06382393254801795,0.997423387475645
-0.12533323356430462,0.12434494358242777,0.7094250516614107,0.008124518607509608,0.03088245230052113,-0.06229437970644302,0.9975468292738401
-0.12221579993988999,0.12129961539770426,0.7089620210529683,0.007725730364746679,0.03013579871395374,-0.060762824704353825,0.997667292167159
-0.1190971600948696,0.11824949851186221,0.7085104801255978,0.007336803800342192,0.02938724196541091,-0.059229316675328436,0.9977847710632965
-0.11597734480896142,0.11519471333829535,0.708070446705362,0.006957756677835367,0.028636827474587623,-0.05769390482306813,0.9978992609880365
-0.11285638487348194,0.11213538047469085,0.7076419381640269,0.006588606332007384,0.027884600920338513,-0.056156638419570186,0.9980107570860793
-0.10973431109104571,0.10907162069827173,0.7072249714183758,0.006229369666366798,0.027130608234401526,-0.054617566803306684,0.99811925462185
-0.10661115427525968,0.10600355496102709,0.706819562929542,0.005880063150693831,0.02637489559507789,-0.05307673937740281,0.9982247489802863
-0.10348694525042247,0.10293130438494062,0.7064257287023583,0.005540702818646834,0.025617509420871654,-0.051534205607819496,0.9983272356676032
-0.10036171485121503,0.09985499025720367,0.706043484284726,0.005211304265424394,0.024858496364087004,-0.049990015021533635,0.9984267103120372
-0.09723549392239968,0.09677473402543048,0.7056728447669998,0.004891882645491396,0.024097903304388095,-0.0484442172047242,0.9985231686645717
-0.09410831331851396,0.09369065729286198,0.7053138247813934,0.00458245267036557,0.023335777342319352,-0.046896861800957944,0.9986166065996376
-0.09098020390356976,0.09060288181356853,0.7049664385014012,0.004283028606465771,0.02257216579278982,-0.04534799850937896,0.9987070201157956
-0.08785119655074321,0.08751152948763807,0.7046306996412384,0.003993624273023557,0.021807116178519072,-0.043797677082895954,0.9987944053363959
-0.08472132214207367,0.08441672235636717,0.7043066214553007,0.003714253040055729,0.02104067622345026,-0.04224594732637521,0.9988787585102166
-0.08159061156815799,0.08131858259744223,0.7039942167376396,0.003444927826403582,0.020272893846127942,-0.040692859094833195,0.9989600760120809
-0.07845909572784557,0.07821723252011606,0.7036934978214588,0.003185661097833076,0.019503817153043283,-0.039138462291631024,0.999038354343454
-0.07532680552793265,0.07511279456037846,0.7034044765786258,0.0029364648652017294,0.01873349443194717,-0.0375828068666701,0.9991135901330168
-0.07219377188286073,0.07200539127612621,0.7031271644192048,0.0026973506826901425,0.017961974145133633,-0.03602594281459135,0.9991857801372195
-0.06906002571440611,0.06889514534231936,0.7028615722910048,0.0024683296460988203,0.017189304922691547,-0.03446792017297146,0.9992549212408126
-0.0659255979513775,0.06578217954614089,0.7026077106791481,0.0022494123912104058,0.01641553555572983,-0.03290878902052456,0.9993210104573582
-0.0627905195293132,0.06266661678215195,0.7023655896056566,0.0020406090922195693,0.01564071498957524,-0.0313485994753051,0.9993840449297181
-0.05965482139017072,0.05954858004743489,0.7021352186290559,0.001841929460229551,0.01486489231694201,-0.029787401692908114,0.9994440219305204
-0.05651853448202474,0.05642819243674106,0.7019166068439975,0.0016533827418142256,0.014088116771078666,-0.028225245864675112,0.9995009388626067
-0.053381689758760884,0.053305577137630365,0.7017097628809004,0.0014749777176505361,0.013310437718889751,-0.02666218221589891,0.9995547932594543
-0.05024431817977016,0.05018085742560805,0.70151469490561,0.0013067227012170677,0.012531904654035095,-0.02509826100403005,0.9996055827855794
-0.047106450709642575,0.04705415665925707,0.701331410619076,0.0011486255375610973,0.011752567190007251,-0.02353353251688382,0.9996533052369183
-0.04396811831786501,0.043925598275371694,0.7011599172570483,0.0010006936021356013,0.010972475053189608,-0.021968047070850528,0.9996979585411859
-0.0408293519785103,0.040795305784079076,0.701000221589791,0.0008629337997021706,0.010191678075893095,-0.02040185500910225,0.9997395407582129
-0.03769018266993415,0.03766340276396597,0.7008523299218158,0.0007353525633089755,0.009410226189376723,-0.018835006699804552,0.999778050080262
-0.03455064137447208,0.0345300128572027,0.7007162480916325,0.0006179558533304098,0.008628169416851383,-0.017267552534328944,0.9998134848323221
-0.0314107590781283,0.03139525976465669,0.7005919814715185,0.0005107491565841353,0.00784555786646583,-0.01569954292546226,0.9998458434723798
-0.028270566770273453,0.028259267241012465,0.7004795349673074,0.0004137374855128364,0.0070624417242804655,-0.014131028305621088,0.9998751245916712
-0.025130095443337875,0.025122159089885174,0.7003789130181948,0.0003269253774385349,0.006278871247226694,-0.012562059125064699,0.9999013269149095
-0.0219893760925057,0.021984059158933044,0.7002901195965626,0.00025031689388838713,0.005494896756054349,-0.010992685850109044,0.9999244493004926
-0.018848439715408075,0.01884509133496717,0.7002131582078233,0.00018391561998702338,0.004710568628268085,-0.009422958961340834,0.9999444907406893
-0.01570731731182077,0.015705379539064243,0.7001480318902805,0.00012772466392471925,0.003925937291055084,-0.007852928951834329,0.9999614503617998
-0.012566039883352897,0.01256504772166903,0.70009474321501,8.17466564937054e-05,0.0031410532142021183,-0.0062826463253641465,0.9999753274243021
-0.009424638433143603,0.009424219857703685,0.7000532942857574,4.598375069482384e-05,0.0023559669030073106,-0.004712161594622389,0.9999861213229675
-0.006283143965558744,0.006283019941676096,0.7000236867388552,2.0437621417467476e-05,0.0015707288911858115,-0.0031415252794361327,0.9999938315869616
-0.003141587485879552,0.003141571982779464,0.7000059217431589,5.109465189772229e-06,0.0007853897337686313,-0.0015707879049811151,0.9999984578799194
-1.8369701987210297e-16,1.8369701987210297e-16,0.7000000000000001,6.123233995736766e-17,4.5924254968025736e-17,-9.184850993605148e-17,1.0
0.003141587485879184,-0.003141571982779096,0.7000059217431589,5.10946518977194e-06,-0.0007853897337685394,0.0015707879049809313,0.9999984578799194
0.006283143965558376,-0.0062830199416757295,0.7000236867388552,2.04376214174669e-05,-0.0015707288911857196,0.0031415252794359493,0.9999938315869616
0.009424638433143237,-0.009424219857703317,0.7000532942857572,4.598375069482298e-05,-0.002355966903007219,0.004712161594622205,0.9999861213229675
0.01256603988335253,-0.012565047721668662,0.70009474321501,8.174665649370425e-05,-0.0031410532142020263,0.006282646325363963,0.9999753274243021
0.0157073173118204,-0.015705379539063875,0.7001480318902804,0.00012772466392471781,-0.003925937291054992,0.007852928951834145,0.9999614503617998
0.018848439715407707,-0.018845091334966802,0.7002131582078233,0.00018391561998702165,-0.004710568628267993,0.00942295896134065,0.9999444907406893
0.02198937609250533,-0.021984059158932676,0.7002901195965625,0.0002503168938883851,-0.005494896756054257,0.01099268585010886,0.9999244493004926
0.025130095443337507,-0.025122159089884806,0.7003789130181948,0.00032692537743853257,-0.006278871247226602,0.012562059125064515,0.9999013269149095
0.028270566770273085,-0.028259267241012097,0.7004795349673074,0.0004137374855128338,-0.007062441724280374,0.014131028305620904,0.9998751245916713
0.03141075907812794,-0.03139525976465633,0.7005919814715185,0.0005107491565841325,-0.007845557866465739,0.015699542925462082,0.9998458434723798
0.03455064137447172,-0.03453001285720235,0.7007162480916325,0.0006179558533304067,-0.008628169416851293,0.017267552534328767,0.9998134848323221
0.03769018266993468,-0.0376634027639665,0.7008523299218159,0.0007353525633089805,-0.009410226189376855,0.018835006699804816,0.999778050080262
0.04082935197850994,-0.04079530578407872,0.701000221589791,0.000862933799702167,-0.010191678075893005,0.020401855009102073,0.9997395407582129
0.04396811831786465,-0.04392559827537134,0.7011599172570482,0.0010006936021355974,-0.010972475053189518,0.021968047070850354,0.999697958541186
0.047106450709642214,-0.04705415665925671,0.701331410619076,0.001148625537561315,-0.011752567190007156,0.023533532516883643,0.9996533052369183
0.0502443181797698,-0.05018085742560769,0.70151469490561,0.0013067227012170633,-0.012531904654035005,0.02509826100402987,0.9996055827855794
0.05338168975876052,-0.053305577137630004,0.7017097628809004,0.0014749777176507528,-0.013310437718889654,0.026662182215898732,0.9995547932594543
0.05651853448202438,-0.0564281924367407,0.7019166068439975,0.0016533827418142206,-0.014088116771078575,0.028225245864674932,0.9995009388626068
0.05965482139017036,-0.05954858004743453,0.7021352186290559,0.0018419294602295458,-0.01486489231694192,0.029787401692907934,0.9994440219305204
0.06279051952931372,-0.06266661678215248,0.7023655896056568,0.0020406090922197996,-0.015640714989575366,0.03134859947530537,0.9993840449297181
0.065925597951378,-0.0657821795461414,0.7026077106791482,0.002249412391210414,-0.016415535555729954,0.03290878902052482,0.9993210104573581
0.06906002571440575,-0.068895145342319,0.7028615722910048,0.002468329646098814,-0.017189304922691457,0.03446792017297128,0.9992549212408126
0.07219377188286037,-0.07200539127612586,0.7031271644192048,0.002697350682690136,-0.017961974145133543,0.03602594281459118,0.9991857801372195
0.07532680552793229,-0.0751127945603781,0.7034044765786258,0.0029364648652015005,-0.01873349443194709,0.03758280686666992,0.9991135901330168
0.07845909572784521,-0.0782172325201157,0.7036934978214587,0.003185661097833069,-0.019503817153043192,0.039138462291630836,0.999038354343454
0.08159061156815763,-0.08131858259744187,0.7039942167376396,0.0034449278264035745,-0.020272893846127852,0.040692859094833014,0.9989600760120809
0.08472132214207331,-0.08441672235636681,0.7043066214553007,0.0037142530400557216,-0.02104067622345017,0.04224594732637503,0.9988787585102166
0.08785119655074286,-0.08751152948763771,0.7046306996412384,0.003993624273023549,-0.021807116178518986,0.04379767708289578,0.9987944053363959
0.09098020390357028,-0.09060288181356906,0.7049664385014012,0.004283028606465783,-0.02257216579278995,0.04534799850937923,0.9987070201157956
0.09410831331851449,-0.0936906572928625,0.7053138247813935,0.004582452670365583,-0.023335777342319484,0.0468968618009582,0.9986166065996376
0.09723549392239932,-0.09677473402543012,0.7056728447669998,0.004891882645491165,-0.024097903304388015,0.04844421720472401,0.9985231686645717
0.10036171485121467,-0.0998549902572033,0.7060434842847259,0.0052113042654243855,-0.024858496364086918,0.049990015021533454,0.9984267103120372
0.10348694525042212,-0.10293130438494028,0.7064257287023583,0.0055407028186468255,-0.025617509420871567,0.05153420560781932,0.9983272356676032
0.10661115427525931,-0.10600355496102674,0.7068195629295418,0.0058800631506936,-0.026374895595077812,0.05307673937740263,0.9982247489802863
0.10973431109104535,-0.10907162069827137,0.7072249714183758,0.006229369666366788,-0.027130608234401436,0.054617566803306504,0.9981192546218501
0.11285638487348158,-0.1121353804746905,0.7076419381640269,0.006588606332007373,-0.027884600920338422,0.05615663841957001,0.9980107570860793
0.11597734480896107,-0.11519471333829501,0.708070446705362,0.006957756677835356,-0.028636827474587536,0.05769390482306796,0.9978992609880365
0.11909716009487012,-0.11824949851186273,0.7085104801255979,0.007336803800342207,-0.029387241965411037,0.059229316675328686,0.9977847710632965
0.12221579993988964,-0.12129961539770391,0.7089620210529682,0.007725730364746669,-0.03013579871395366,0.06076282470435365,0.997667292167159
0.12533323356430423,-0.1243449435824274,0.7094250516614107,0.008124518607509595,-0.030882452300521036,0.06229437970644283,0.9975468292738401
0.12844943020030264,-0.12738536284169089,0.7098995536712693,0.008533150338905527,-0.0316271575708127,0.06382393254801774,0.997423387475645
0.1315643590922821,-0.13042075314494808,0.7103855083500177,0.00895160694565315,-0.03236986964211137,0.06535143416744865,0.9972969719821178
0.134677989497152,-0.13345099466018723,0.710882896512997,0.009379869393600733,-0.033110543909426866,0.06687683557688301,0.9971675881191704
0.13779029068463816,-0.13647596775866272,0.7113916985241742,0.009817918230470258,-0.03384913605159347,0.0684000878640768,0.9970352413281923
0.14090123193758256,-0.13949555301961455,0.711911894296917,0.010265733588653908,-0.03458560203731908,0.0699211421942253,0.996899937165139
0.14401078255225186,-0.1425096312349878,0.7124434632947871,0.010723295188069158,-0.035319898131187806,0.07143994981180053,0.996761681299597
0.14711891183863776,-0.1455180834141363,0.712986384532351,0.011190582339063528,-0.036051980899611646,0.07295646204238666,0.9966204795138341
0.15022558912075726,-0.14852079078851765,0.7135406365760071,0.011667573945374597,-0.0367818072167317,0.07447063029451773,0.996476337701823
0.15333078373696063,-0.151517634816387,0.7141061975448344,0.012154248507144652,-0.03750933427027003,0.075982406061521,0.9963292618682491
0.15643446504023067,-0.15450849718747353,0.7146830451114539,0.01265058412398169,-0.038234519567327596,0.07749174092335855,0.9961792581274943
0.15953660239848594,-0.15749325982765205,0.7152711565029115,0.013156558498076645,-0.03895732094012997,0.07899858654847279,0.9960263327026037
0.16263716519488303,-0.16047180490360421,0.7158705085015766,0.013672148937365661,-0.039677696551719224,0.08050289469563376,0.9958704919242299
0.16573612282811895,-0.1634440148274705,0.7164810774460584,0.014197332358747483,-0.040395604901590734,0.08200461721578885,0.995711742229558
0.1688334447127338,-0.16640977226149326,0.7171028392321406,0.0147320852913434,-0.04111100483127494,0.08350370605391466,0.9955500901612098
0.17192910027940927,-0.16936896012264543,0.7177357693137323,0.015276383879807346,-0.041823855529861446,0.08500011325086917,0.9953855423661294
0.1750230589752756,-0.17232146158725808,0.7183798427038377,0.015830203887683886,-0.042534116539467856,0.08649379094525035,0.9952181055944473
0.17811529026421036,-0.17526716009562973,0.7190350339755424,0.01639352070080957,-0.04324174776064882,0.08798469137525289,0.9950477866983264
0.1812057636271374,-0.17820593935662538,0.7197013172630164,0.016966309330761375,-0.04394670945774586,0.08947276688052724,0.9948745926307858
0.18429444856233315,-0.18113768335227268,0.7203786662625367,0.017548544418345552,-0.044648962264179956,0.09095796990404467,0.994698530444508
0.18738131458572427,-0.18406227634233865,0.7210670542335245,0.018140200237137003,-0.045348467187680645,0.09244025299396019,0.994519607290624
0.19046633123118933,-0.1869796028688997,0.7217664539996015,0.018741250697050977,-0.04604518561545599,0.09391956880547944,0.9943378304174801
0.1935494680508604,-0.18988954776090067,0.7224768379496627,0.01935166934796506,-0.04673907931929964,0.0953958701027284,0.9941532071693853
0.19663069461542002,-0.1927919961386982,0.7231981780389656,0.01997142938337556,-0.047430110460634715,0.09686910976062255,0.9939657449853397
0.19970998051440678,-0.19568683341860096,0.7239304457902389,0.02060050364409741,-0.048118241595496006,0.09833924076674228,0.9937754513977429
0.20278729535651205,-0.1985739453173899,0.7246736122948056,0.021238864621998733,-0.04880343567944615,0.09980621622320682,0.9935823340310842
0.20586260876988158,-0.20145321785683154,0.7254276482137247,0.021886484463777237,-0.04948565607242799,0.10126998934855201,0.9933864006006135
0.20893589040241176,-0.20432453736817455,0.7261925237789493,0.02254333497477034,-0.05016486654355024,0.10273051347960833,0.9931876589109931
0.21200710992205452,-0.20718779049664193,0.7269682087945013,0.02320938762280022,-0.0508410312758093,0.10418774207338449,0.9929861168549321
0.21507623701711306,-0.2100428642059028,0.7277546726376649,0.023884613542058796,-0.05151411487074149,0.10564162870894939,0.9927817824118003
0.2181432413965429,-0.21288964578253664,0.7285518842601943,0.024568983537017995,-0.05218408235301001,0.10709212708931826,0.9925746636462253
0.22120809279024728,-0.21572802284047962,0.7293598121895393,0.025262468086381752,-0.0528508991749216,0.10853919104333837,0.992364768706671
0.22427076094938117,-0.21855788332546638,0.7301784245300887,0.025965037347062542,-0.05351453122087729,0.10998277452758089,0.9921521058239965
0.2273312156466462,-0.22137911551945053,0.7310076889644292,0.02667666115819352,-0.0541749448117514,0.11142283162823041,0.9919366833099992
0.23038942667659018,-0.22419160804501573,0.7318475727546208,0.027397309045167878,-0.05483210670920188,0.11285931656297843,0.9917185095559382
0.2334453638559048,-0.22699524986977282,0.7326980427434895,0.028126950223707047,-0.055485984119910105,0.11429218368291823,0.9914975930310411
0.23649899702372476,-0.22978993031074396,0.7335590653559367,0.02886555360395837,-0.05613654469974963,0.1157213874744421,0.9912739422809923
0.23955029604192174,-0.23257553903872902,0.7344306066002635,0.02961308779461566,-0.05678375655788304,0.11714688256113803,0.9910475659264041
0.24259923079540713,-0.23535196608266595,0.735312632069514,0.03036952110707287,-0.057427588260787844,0.11856862370569261,0.9908184726612713
0.2456457711924267,-0.23811910183396984,0.7362051069428333,0.031134821559592053,-0.05806800883620936,0.11998656581179128,0.9905866712514069
0.248689887164855,-0.24087683705085777,0.737107995986841,0.0319089568815043,-0.05870498777703948,0.12140066392602099,0.9903521705328632
0.2517315486684971,-0.2436250628626661,0.738021263557024,0.03269189451742817,-0.059338495045124506,0.1228108732397774,0.9901149794103332
0.254770725683382,-0.24636367077414556,0.7389448735991423,0.033483601631510644,-0.059968501074996905,0.12421714909117004,0.9898751068555378
0.2578073882140595,-0.24909255266974503,0.7398787896506529,0.03428404511169031,-0.060594976777533664,0.12561944696693075,0.9896325619055956
0.2608415062898964,-0.25181160081787984,0.7408229748421492,0.03509319157397616,-0.061217893543540014,0.12701772250432308,0.9893873536613749
0.26387304996537303,-0.2545207078751857,0.741777391898817,0.03591100736675014,-0.06183722324725795,0.1284119314930537,0.9891394912858334
0.2669019893203755,-0.2572197668907531,0.7427420031419043,0.03673745857508108,-0.062452938249798404,0.12980202987718276,0.9888889840023367
0.2699282944604961,-0.25990867131035444,0.7437167704902113,0.03757251102506204,-0.06306501140249936,0.1311879737570401,0.9886358410929661
0.27295193551732566,-0.26258731498064813,0.7447016554615926,0.03841613028815446,-0.06367341605020634,0.13256971939113815,0.9883800718968062
0.275972882648746,-0.26525559215336714,0.7456966191744752,0.03926828168555481,-0.06427812603447591,0.13394722319808702,0.9881216858082216
0.2789911060392293,-0.2679133974894983,0.7467016223493954,0.04012893029256831,-0.06487911569670436,0.13532044175851324,0.9878606922751146
0.2820065759001293,-0.2705606260634377,0.7477166253105492,0.040998040942997964,-0.06547635988117712,0.1366893318169761,0.98759710079717
0.2850192624699758,-0.27319717336713417,0.7487415879873573,0.04187557823354449,-0.06606983393804153,0.13805385028388695,0.9873309209240839
0.28802913601476865,-0.2758229353142146,0.7497764699160485,0.04276150652821369,-0.06665951372620223,0.13941395423742856,0.9870621622537802
0.291036166828272,-0.27843780824409403,0.7508212302412562,0.04365578996273758,-0.06724537561613779,0.14076960092547583,0.9867908344306083
0.29404032523230395,-0.2810416889260652,0.7518758277176314,0.04455839244899551,-0.0678273964926395,0.14212074776751546,0.9865169471435317
0.2970415815770347,-0.283634474563378,0.7529402207114717,0.0454692776794549,-0.06840555375747165,0.14346735235657,0.9862405101242994
0.3000399062412767,-0.2862160627972957,0.7540143672023645,0.0463884091316025,-0.0689798253319537,0.14480937246111847,0.9859615331456035
0.3030352696327742,-0.2887863517111339,0.7550982247848449,0.04731575007239192,-0.06955018965946175,0.1461467660270185,0.985680026019227
0.30602764218850076,-0.291345239834288,0.7561917506700718,0.048251263562690584,-0.07011662570785343,0.14747949117943138,0.9853959985941716
0.3090169943749473,-0.2938926261462364,0.7572949016875157,0.04919491246173037,-0.07067911297181156,0.14880750622474392,0.98510946075478
0.31200329668841453,-0.2964284100805293,0.7584076342866632,0.05014665943155689,-0.0712376314751097,0.15013076965249256,0.9848204224188398
0.3149865196553043,-0.29895249152875897,0.7595299045387368,0.05110646694148495,-0.07179216177279715,0.15144924013728703,0.9845288935356777
0.3179666338324111,-0.3014647708445124,0.7606616681384287,0.0520742972725483,-0.07234268495330551,0.1527628765407345,0.9842348840842401
0.3209436098072095,-0.3039651488473026,0.7618028804056494,0.05305011252194997,-0.07288918264047411,0.1540716379133619,0.9839384040711624
0.32391741819814923,-0.306453526826488,0.7629534962872928,0.05403387460751378,-0.07343163699549703,0.15537548349654173,0.9836394635288261
0.3268880296549429,-0.3089298065451675,0.7641134703590144,0.05502554527212402,-0.07397003071878967,0.15667437272441415,0.9833380725134048
0.3298554148588531,-0.3113938902440564,0.7652827568270236,0.056025086088169626,-0.07450434705177426,0.15796826522580915,0.9830342411028978
0.3328195445229859,-0.31384568064534957,0.7664613095298927,0.057032458461975764,-0.07503456977858772,0.1592571208261708,0.9827279793951547
0.33578038939258054,-0.3162850809565621,0.7676490819403797,0.05804762363823623,-0.07556068322770775,0.16054089954947975,0.9824192975058863
0.3387379202452919,-0.31871199487434526,0.7688460271672635,0.0590705427044282,-0.07608267227349877,0.16181956162017186,0.9821082055666692
0.34169210789148285,-0.32112632658829177,0.7700520979571948,0.06010117659522811,-0.07660052233767872,0.16309306746506058,0.9817947137229356
0.3446429231745172,-0.3235279807847222,0.7712672466965657,0.06113948609691694,-0.07711421939070631,0.16436137771525922,0.9814788321319564
0.34759033697103786,-0.32591686265044,0.7724914254133838,0.06218543185176496,-0.07762374995308632,0.16562445320809538,0.9811605709608137
0.3505343201912588,-0.32829287787647804,0.7737245857791687,0.06323897436242,-0.07812910109659615,0.1668822549890313,0.9808399403843642
0.35347484377925675,-0.3306559326618256,0.7749666791108619,0.0643000739962709,-0.07863026044543424,0.168134744313582,0.980516950583193
0.356411878713251,-0.333005933717126,0.7762176563727454,0.065368690989808,-0.07912721617728441,0.16938188264922865,0.980191611741559
0.35934539600589077,-0.33534278826836006,0.7774774681783783,0.06644478545295629,-0.07961995702430458,0.17062363167733235,0.9798639340453329
0.3622753667045456,-0.3376664040605121,0.7787460647925477,0.06752831737340788,-0.08010847227403385,0.17185995329504908,0.9795339276799249
0.3652017618915867,-0.3399766893612087,0.7800233961332315,0.0686192466209281,-0.08059275177022035,0.17309080961723883,0.9792016028282065
0.3681245526846783,-0.3422735529643446,0.7813094117735766,0.06971753295165031,-0.08107278591357045,0.17431616297837763,0.9788669696684243
0.3710437102370512,-0.34455690419367435,0.782604060943886,0.07082313601234631,-0.08154856566241629,0.17553597593446013,0.9785300383721064
0.3739592057377996,-0.34682665290640186,0.7839072925336276,0.07193601534468315,-0.08202008253330859,0.1767502112649104,0.9781908191019625
0.3768710104121625,-0.3490827094967362,0.7852190550934505,0.07305613038946343,-0.08248732860152638,0.17795883197448428,0.977849322009776
0.37977909552180156,-0.35132498489942493,0.7865392968372146,0.07418344049083253,-0.08295029650150955,0.1791618012951685,0.9775055572342928
0.38268343236509006,-0.35355339059327395,0.7878679656440358,0.07531790490047713,-0.08340897942721315,0.1803590826880818,0.9771595348991007
0.3855839922773958,-0.3557678386046421,0.7892050090603449,0.07645948278179324,-0.08386337113238351,0.18155063984537143,0.9768112651105071
0.388480746631366,-0.3579682415109155,0.7905503743019582,0.07760813321403799,-0.08431346593075523,0.18273643669210854,0.9764607579554062
0.391373666837203,-0.36015451244395386,0.7919040082561587,0.07876381519644564,-0.08475925869617097,0.18391643738817656,0.9761080234991498
0.39426272434295057,-0.362326565093523,0.7932658574837952,0.07992648765233071,-0.08520074486262315,0.18509060633016206,0.9757530717834041
0.3971478906347808,-0.36448431371070594,0.7946358682213934,0.08109610943316298,-0.08563792042421929,0.18625890815324236,0.9753959128240088
0.4000291372372656,-0.36662767311128064,0.7960139863832746,0.08227263932260563,-0.08607078193506862,0.1874213077330646,0.975036556608831
0.40290643571366247,-0.36875655867908685,0.7974001575636925,0.08345603604053956,-0.08649932650909256,0.1885777701876272,0.9746750130956142
0.4057797576661996,-0.3708708863693694,0.7987943270389838,0.08464625824705103,-0.08692355181976018,0.18972826087915817,0.9743112922098262
0.4086490747363485,-0.3729705727120907,0.8001964397697242,0.08584326454639493,-0.08734345609974357,0.19087274541598515,0.9739454038425019
0.4115143586051089,-0.37505553481522985,0.8016064404029045,0.08704701349092031,-0.08775903814050207,0.19201118965440644,0.9735773578480884
0.41437558099328403,-0.3771256903680519,0.8030242732741131,0.0882574635849765,-0.08817029729178605,0.1931435597005558,0.9732071640422826
0.417232713661765,-0.37918095764436077,0.8044498824097362,0.08947457328877938,-0.0885772334610696,0.1942698219122658,0.9728348321998708
0.4200857284118066,-0.3812212555057242,0.8058832115291669,0.09069830102225031,-0.08897984711290527,0.19538994290092537,0.9724603720525655
0.42293459708530345,-0.3832465034046751,0.8073242040470248,0.0919286051688183,-0.08937813926820523,0.19650388953333262,0.9720837932868445
0.4257792915650718,-0.3852566213878941,0.8087728030753927,0.09316544407918922,-0.08977211150344942,0.19761162893354578,0.9717051055417845
0.42861978377512816,-0.38725153009936686,0.8102289514260625,0.09440877607508956,-0.09016176594981741,0.1987131284847299,0.971324318406898
0.4314560456809594,-0.38923115078351206,0.8116925916127901,0.09565855945295745,-0.0905471052922486,0.1998083558309945,0.9709414414199726
0.4342880492898041,-0.3911954052882938,0.8131636658535659,0.09691475248761715,-0.09092813276842798,0.20089727887923187,0.9705564840649056
0.4371157666509322,-0.393144216068309,0.8146421160728994,0.0981773134359045,-0.09130485216770173,0.20197986580094995,0.9701694557695438
0.43993916985591586,-0.3950775061878457,0.8161278839041074,0.09944620054026246,-0.09167726782991695,0.20305608503409725,0.9697803659035241
0.4427582310389013,-0.3969951993239175,0.8176209106916182,0.10072137203229103,-0.09204538464419162,0.204125905284883,0.969389223776117
0.44557292237689583,-0.39889721976928527,0.8191211374932924,0.10200278613627085,-0.09240920804761456,0.2051892955295984,0.9689960386340689
0.4483832160900324,-0.4007834924354385,0.8206285050827444,0.10329040107263798,-0.09276874402387082,0.20624622501642376,0.9686008196594519
0.451189084441845,-0.40265394285556105,0.8221429539516822,0.10458417506142115,-0.09312399910179923,0.207296663267235,0.9682035759675135
0.4539904997395466,-0.40450849718747367,0.823664424312258,0.10588406632564744,-0.0934749803538788,0.2083405800794055,0.9678043166045316
0.45678743433429914,-0.4063470822165468,0.825192856099427,0.10719003309469145,-0.09382169539464694,0.2093779455275989,0.9674030505456734
0.4595798606214873,-0.4081696253585917,0.8267281889733195,0.10850203360760265,-0.09416415237904543,0.2104087299655586,0.9669997866928571
0.46236775104099187,-0.4099760546627263,0.8282703623216228,0.10982002611637176,-0.09450236000070213,0.21143290402788992,0.9665945338726215
0.46515107807745826,-0.4117662988142137,0.8298193152619731,0.11114396888917209,-0.09483632749013965,0.212450438631836,0.9661873008339978
0.4679298142605731,-0.4135402871372808,0.8313749866443607,0.1124738202135464,-0.09516606461292094,0.21346130497904917,0.9657780962463899
0.4707039321653329,-0.41529794959790656,0.8329373150535438,0.1138095383995573,-0.09549158166772459,0.2144654745573541,0.965366928697459
0.4734734044123123,-0.41703921680658573,0.834506238811471,0.1151510817828903,-0.09581288948435407,0.21546291914250384,0.9649538066910145
0.47623820366793834,-0.4187640200210704,0.8360816959797188,0.11649840872791263,-0.09612999942168289,0.21645361079993142,0.9645387386449147
0.47899830264476084,-0.42047229114908447,0.8376636243619372,0.11785147763069631,-0.09644292336553079,0.21743752188649404,0.9641217328889709
0.48175367410171566,-0.4221639627510078,0.8392519615063013,0.1192102469219786,-0.09675167372647783,0.21841462505220655,0.9637027976628635
0.4845042908443974,-0.4238389680425413,0.8408466447079795,0.12057467507009598,-0.09705626343761156,0.21938489324197274,0.9632819411140633
0.48725012572533233,-0.425497240897346,0.8424476110116114,0.12194472058386167,-0.09735670595221312,0.22034829969730862,0.962859171295763
0.48999115164423723,-0.42713871584964797,0.8440547972137876,0.12332034201539828,-0.09765301524137608,0.22130481795805335,0.9624344961648172
0.49272734154829123,-0.42876332809682594,0.8456681398655479,0.12470149796292576,-0.09794520579156568,0.2222544218640781,0.9620079235796942
0.49545866843240705,-0.43037101350197154,0.8472875752748884,0.1260881470735026,-0.09823329260211495,0.22319708555698595,0.9615794612984335
0.49818510533949095,-0.43196170859641775,0.8489130395092719,0.12748024804571953,-0.09851729118265738,0.22413278348180118,0.9611491169766183
0.5009066253607098,-0.433535350582245,0.8505444683981528,0.12887775963234044,-0.09879721755050086,0.2250614903886522,0.9607168981653575
0.5036232016357606,-0.4350918773347627,0.8521817975355125,0.13028064064291028,-0.0990730882279384,0.22598318133444847,0.9602828123092769
0.5063348073531314,-0.4366312274049594,0.8538249622823997,0.1316888499462925,-0.09934492023950228,0.2268978316845442,0.9598468667445249
0.5090414157503715,-0.4381533400219319,0.8554738977694856,0.13310234647318306,-0.09961273110915514,0.2278054171143995,0.9594090686967902
0.5117430001143449,-0.4396581550952781,0.8571285388996184,0.13452108921855108,-0.09987653885742404,0.2287059136112248,0.9589694252793314
0.5144395337815055,-0.44114561321747614,0.8587888203503997,0.13594503724405194,-0.10013636199847684,0.2295992974756259,0.9585279434910192
0.5171309901381569,-0.4426156556662274,0.8604546765767623,0.1373741496803776,-0.10039221953714011,0.2304855453232336,0.9580846302143937
0.5198173426207098,-0.4440682244067724,0.8621260418135539,0.13880838572956308,-0.10064413096585892,0.23136463408632463,0.9576394922137353
0.5224985647159482,-0.44550326209418356,0.8638028500781356,0.14024770466724124,-0.10089211626160235,0.23223654101543567,0.9571925361331499
0.5251746299612948,-0.44692071207563144,0.8654850351729899,0.14169206584485072,-0.10113619588271242,0.23310124368096788,0.9567437684946676
0.5278455119450661,-0.4483205183926178,0.8671725306883294,0.14314142869179114,-0.10137639076569685,0.2339587199747789,0.9562931956963598
0.5305111843067344,-0.44970262578318565,0.8688652700047204,0.144595752717527,-0.10161272232196845,0.2348089481117674,0.9558408240104707
0.533171620737188,-0.4510669796841011,0.8705631862957119,0.1460549975136471,-0.10184521243452939,0.2356519066314473,0.9553866595815631
0.5358267949789967,-0.45241352623300973,0.8722662125304783,0.14751912275586893,-0.10207388345460423,0.23648757439951332,0.9549307084246844
0.5384766808266608,-0.4537422122705588,0.8739742814764586,0.14898808820599285,-0.1022987581982171,0.23731593060939207,0.9544729764235466
0.5411212521268756,-0.45505298534249766,0.8756873257020146,0.15046185371380746,-0.10251985994271957,0.2381369547837871,0.9540134693287273
0.543760482778792,-0.45634579370175116,0.877405277579095,0.1519403792189433,-0.10273721242326633,0.23895062677621245,0.9535521927558845
0.5463943467342685,-0.45762058631045843,0.8791280692859008,0.15342362475267646,-0.10295083982923914,0.2397569267725131,0.9530891521839937
0.5490228179981317,-0.4588773128419905,0.8808556328095658,0.1549115504396815,-0.10316076680062138,0.24055583529237762,0.9526243529536018
0.55164587062843,-0.4601159236829351,0.8825878999488392,0.1564041164997336,-0.10336701842432262,0.24134733319083737,0.9521578002651002
0.5542634787366937,-0.4613363699350572,0.8843248023167808,0.15790128324935654,-0.10356962023045634,0.24213140165975627,0.9516894991770201
0.5568756164881882,-0.46253860341722913,0.8860662713434598,0.1594030111034307,-0.10376859818856511,0.2429080222293091,0.9512194546043438
0.559482258102167,-0.4637225766673307,0.88781223827866,0.16090926057673355,-0.10396397870380301,0.24367717676944567,0.9507476713168413
0.5620833778521297,-0.4648882429441253,0.8895626341945961,0.16241999228544557,-0.10415578861306761,0.24443884749134737,0.9502741539374244
0.5646789500660767,-0.46603555622910536,0.8913173899886362,0.16393516694859625,-0.10434405518108814,0.24519301694886966,0.9497989069405234
0.5672689491267567,-0.4671644712283062,0.8930764363860251,0.16545474538946153,-0.10452880609646537,0.24593966803997128,0.9493219346504876
0.5698533494719231,-0.4682749433740959,0.8948397039426219,0.16697868853691228,-0.10471006946766827,0.24667878400813376,0.9488432412400044
0.5724321255945901,-0.46936692882693676,0.8966071230476444,0.1685069574267103,-0.1048878738189876,0.24741034844376827,0.9483628307285447
0.5750052520432791,-0.470440384477113,0.898378623926413,0.1700395132027564,-0.1050622480864423,0.24813434528560863,0.9478807069808284
0.5775727034222672,-0.47149526794643215,0.9001541366431038,0.17157631711828264,-0.10523322161364529,0.24885075882209076,0.9473968737053174
0.5801344543918489,-0.47253153758990224,0.9019335911035169,0.173117330537008,-0.10540082414762664,0.2495595736927248,0.9469113344527283
0.5826904796685761,-0.4735491524973722,0.9037169170578372,0.17466251493422286,-0.10556508583461548,0.2502607748894466,0.9464240926145723
0.58524075402551,-0.47454807249514736,0.9055040441034086,0.17621183189784534,-0.10572603721577797,0.2509543477579613,0.9459351514217186
0.5877852522924728,-0.47552825814757677,0.9072949016875156,0.17776524312941455,-0.10588370922291915,0.25164027799907235,0.9454445139429843
0.5903239493562941,-0.4764896707586094,0.9090894191101675,0.1793227104450394,-0.10603813317414183,0.2523185516699964,0.9449521830837488
0.5928568201610587,-0.47743227237332136,0.9108875255268891,0.18088419577629672,-0.10618934076946764,0.2529891551856648,0.9444581615845945
0.5953838397083548,-0.47835602577941533,0.9126891499515185,0.18244966117108236,-0.10633736408641928,0.2536520753200116,0.9439624520199735
0.5979049830575187,-0.479260894508688,0.914494221259007,0.18401906879441118,-0.1064822355755651,0.254307299207247,0.943465056796903
0.6004202253258837,-0.48014684283847153,0.916302668188231,0.185592380929169,-0.10662398805602734,0.2549548143431171,0.9429659781536855
0.6029295416890249,-0.48101383579304313,0.9181144193448026,0.18716955997682247,-0.1067626547109515,0.25559460858614996,0.9424652181586572
0.6054329073810014,-0.48186183914500497,0.9199294032038874,0.18875056845806656,-0.10689826908294331,0.25622667015888434,0.9419627787089666
0.6079302976946046,-0.4826908194166368,0.9217475481130304,0.19033536901344278,-0.10703086506946707,0.2568509876490879,0.9414586615293771
0.6104216879816022,-0.48350074388121755,0.9235687822949852,0.19192392440389539,-0.1071604769182128,0.2574675500109577,0.9409528681711025
0.6129070536529768,-0.48429158056431576,0.9253930338505438,0.19351619751128876,-0.10728713922242587,0.2580763465663055,0.9404454000106693
0.615386370179171,-0.48506329824505284,0.9272202307613774,0.19511215133887386,-0.10741088691620654,0.2586773670057295,0.9399362582488098
0.6178596130903343,-0.48581586645733704,0.9290503008928827,0.19671174901171135,-0.10753175526977642,0.25927060138977065,0.9394254439093829
0.6203267579765566,-0.4865492554910635,0.9308831719970233,0.19831495377704755,-0.10764977988471033,0.2598560401500509,0.9389129578383271
0.6227877804881122,-0.48726343639328856,0.9327187717151855,0.19992172900464056,-0.10776499668914097,0.2604336740903985,0.938398800702644
0.6252426563357047,-0.48795838096937366,0.9345570275810369,0.20153203818705553,-0.107877441932929,0.26100349438795734,0.9378829729894099
0.6276913612907006,-0.4886340617840968,0.9363978670233837,0.20314584493989168,-0.10798715218280727,0.26156549259427714,0.9373654750048233
0.630133871185369,-0.4892904521627361,0.9382412173690355,0.2047631130019885,-0.10809416431749073,0.2621196606363911,0.9368463068732786
0.6325701619131242,-0.48992752619212343,0.9400870058456777,0.2063838062355729,-0.10819851552276252,0.26266599081787495,0.9363254685364765
0.6350002094287596,-0.4905452587216668,0.9419351595847412,0.20800788862636752,-0.10830024328652899,0.26320447581988965,0.9358029597525627
0.6374239897486899,-0.4911436253643444,0.9437856056242828,0.2096353242836591,-0.10839938539384841,0.2637351087022087,0.9352787800953014
0.6398414789511785,-0.49172260249766486,0.9456382709118588,0.21126607744031303,-0.10849597992193252,0.26425788290422475,0.9347529289532823
0.6422526531765835,-0.4922821672646025,0.9474930823074166,0.2129001124527656,-0.10859006523512126,0.26477279224594485,0.9342254055291568
0.6446574886275911,-0.49282229757449897,0.9493499665861796,0.21453739380095163,-0.10868167997983483,0.265279830928963,0.9336962088389119
0.6470559615694446,-0.4933429721039341,0.9512088504415351,0.21617788608820707,-0.10877086307949646,0.2657789935374176,0.933165337711176
0.6494480483301838,-0.4938441702975689,0.9530696604879308,0.21782155404112244,-0.1088576537294351,0.2662702750389307,0.9326327907865587
0.651833725300878,-0.4943258723689568,0.9549323232637723,0.21946836250936186,-0.10894209139176161,0.26675367078553036,0.9320985665170252
0.6542129689358609,-0.4947880593013254,0.9567967652343242,0.2211182764654384,-0.10902421579022391,0.2672291765145536,0.9315626631653043
0.6565857557529567,-0.49523071284832565,0.9586629127946089,0.22277126100444977,-0.10910406690503759,0.26769678834953065,0.9310250788043334
0.6589520623337165,-0.4956538155347532,0.9605306922723149,0.2244272813437777,-0.10918168496769709,0.2681565028010525,0.930485811316736
0.6613118653236519,-0.4960573506572388,0.9624000299307088,0.22608630282274858,-0.10925711045576494,0.26860831676761937,0.9299448583943372
0.663665141432459,-0.49644130228490685,0.9642708519715395,0.22774829090225643,-0.10933038408763865,0.26905222753646857,0.9294022175377112
0.6660118674342514,-0.49680565526000414,0.9661430845379553,0.22941321116434382,-0.1094015468173016,0.26948823278438494,0.9288578860557707
0.6683520201677927,-0.49715039519849935,0.9680166537174217,0.23108102931176083,-0.10947063982904998,0.2699163305784932,0.9283118610653842
0.6706855765367196,-0.49747550849065,0.9698914855446351,0.23275171116746585,-0.10953770453220579,0.2703365193770271,0.9277641394910381
0.6730125135097733,-0.49778098230153994,0.9717675060044457,0.23442522267411553,-0.10960278255580669,0.27074879803008345,0.9272147180645275
0.6753328081210243,-0.4980668045715862,0.973644641034777,0.23610152989349703,-0.10966591574328383,0.27115316578035253,0.9266635933246918
0.677646437470102,-0.4983329640170149,0.9755228165295525,0.23778059900594486,-0.10972714614711832,0.27154962226383145,0.92611076161718
0.6799533787224195,-0.498579450130307,0.9774019583416204,0.23946239630971475,-0.1097865160234835,0.27193816751051564,0.9255562190942576
0.6822536091093966,-0.4988062531806126,0.9792819922856784,0.24114688822032038,-0.10984406782687237,0.2723188019450695,0.9249999617146499
0.684547105928688,-0.4990133642141357,0.9811628441412055,0.24283404126985522,-0.10989984420470655,0.27269152638747923,0.9244419852434214
0.686833846544408,-0.49920077505448757,0.9830444396553925,0.24452382210626056,-0.10995388799193626,0.27305634205368173,0.9238822852518958
0.6891138083873488,-0.49936847830300884,0.9849267045460693,0.24621619749258003,-0.11000624220561997,0.2734132505561739,0.9233208571176112
0.6913869689552059,-0.49951646733906235,0.9868095645046402,0.24791113430617054,-0.11005695003949684,0.27376225390460057,0.9227576960243162
0.6936533058128044,-0.4996447363202947,0.9886929451990192,0.24960859953790113,-0.11010605485854137,0.27410335450632295,0.922192796962
0.6959127965923149,-0.4997532801828659,0.9905767722765619,0.2513085602912994,-0.11015360019351061,0.2744365551669614,0.9216261547269663
0.6981654189934725,-0.4998420946416501,0.9924609713669985,0.2530109837816878,-0.11019962973547523,0.2747618590909199,0.9210577639219423
0.700411150783806,-0.4999111761904046,0.9943454680853773,0.25471583733529096,-0.11024418733034294,0.2750792698818883,0.9204876189562252
0.7026499697988493,-0.4999605221019081,0.9962301880349943,0.256423088388304,-0.11028731697337073,0.27538879154332063,0.9199157140458731
0.7048818539423615,-0.49999013042806856,0.9981150568103323,0.2581327044859462,-0.1103290628036662,0.2756904284788924,0.9193420432139284
0.7071067811865474,-0.49999999999999994,0.9999999999999999,0.2598446532814812,-0.11036946909868231,0.2759841854929347,0.918766600290685
0.7093247295722737,-0.49999013042806856,1.0018849431896675,0.2615589025352258,-0.11040858026869836,0.27627006779084684,0.9181893789139903
0.7115356772092849,-0.49996052210190817,1.0037698119650054,0.26327542011350985,-0.11044644085130093,0.2765480809794837,0.9176103725295938
0.7137396022764214,-0.4999111761904046,1.0056545319146224,0.2649941739876448,-0.11048309550584742,0.2768182310675227,0.9170295743915238
0.7159364830218311,-0.4998420946416501,1.0075390286330013,0.2667151322328365,-0.11051858900793218,0.27708052446580456,0.9164469775625161
0.7181262977631886,-0.4997532801828659,1.0094232277234383,0.2684382630271032,-0.11055296624383912,0.27733496798765334,0.9158625749144725
0.7203090248879072,-0.49964473632029466,1.0113070548009806,0.27016353465015636,-0.11058627220499251,0.27758156884917035,0.915276359128963
0.72248464285335,-0.4995164673390624,1.0131904354953596,0.2718909154822631,-0.110618551982401,0.2778203346695052,0.9146883226977688
0.7246531301870461,-0.4993684783030089,1.0150732954539303,0.27362037400309847,-0.11064985076109596,0.2780512734711033,0.914098457923461
0.7268144654869028,-0.49920077505448757,1.0169555603446072,0.275351878790563,-0.11068021381456916,0.2782743936799271,0.9135067569200226
0.7289686274214119,-0.4990133642141358,1.0188371558587943,0.2770853985195956,-0.11070968649920165,0.2784897041256548,0.9129132116135086
0.7311155947298638,-0.4988062531806126,1.0207180077143214,0.278820901960957,-0.1107383142486951,0.2786972140418523,0.912317813742747
0.7332553462225602,-0.49857945013030697,1.0225980416583798,0.280558357980013,-0.11076614256849512,0.278896933066123,0.9117205548600762
0.7353878607810165,-0.4983329640170148,1.0244771834704478,0.28229773553547866,-0.11079321703021763,0.27908887124022835,0.9111214263321279
0.7375131173581738,-0.49806680457158625,1.0263553589652228,0.28403900367816437,-0.11081958326607061,0.27927303901018685,0.9105204193406453
0.7396310949786095,-0.49778098230154,1.028232493995554,0.2857821315497085,-0.11084528696327456,0.2794494472263456,0.9099175248833403
0.7417417727387394,-0.49747550849065,1.0301085144553646,0.2875270883812794,-0.11087037385848572,0.2796181071434261,0.9093127337747949
0.7438451298070251,-0.4971503951984994,1.031983346282578,0.28927384349228075,-0.1108948897322157,0.27977903042054425,0.9087060366473988
0.7459411454241821,-0.49680565526000414,1.0338569154620443,0.2910223662890332,-0.11091888040325587,0.2799322291212037,0.9080974239523278
0.7480297989033817,-0.4964413022849069,1.03572914802846,0.2927726262634576,-0.11094239172309742,0.2800777157132645,0.907486885960561
0.7501110696304598,-0.49605735065723877,1.0375999700692915,0.29452459299173234,-0.11096546957035913,0.2802155030688827,0.9068744127639379
0.7521849370641116,-0.4956538155347532,1.0394693077276849,0.2962782361329453,-0.1109881598452133,0.2803456044644243,0.9062599942762565
0.7542513807361033,-0.4952307128483257,1.0413370872053909,0.298033525427744,-0.11101050846381641,0.2804680335803527,0.9056436202344085
0.7563103802514719,-0.49478805930132547,1.0432032347656754,0.2997904306969724,-0.11103256135274095,0.2805828045010883,0.9050252801995521
0.7583619152887222,-0.4943258723689569,1.0450676767362272,0.3015489218402897,-0.11105436444341472,0.28068993171484,0.9044049635583312
0.7604059656000306,-0.49384417029756894,1.0469303395120688,0.30330896883479536,-0.1110759636665614,0.28078943011341034,0.903782659524127
0.7624425110114474,-0.49334297210393413,1.0487911495584645,0.30507054173365006,-0.11109740494664543,0.28088131499197244,0.9031583571383475
0.7644715314230915,-0.492822297574499,1.05065003341382,0.30683361066467363,-0.11111873419632566,0.28096560204881804,0.9025320452717627
0.7664930068093503,-0.4922821672646026,1.0525069176925832,0.3085981458289538,-0.11113999731091168,0.28104230738507835,0.9019037126258731
0.7685069172190764,-0.491722602497665,1.0543617290881409,0.3103641174994422,-0.11116124016282836,0.28111144750441586,0.901273347734319
0.7705132427757894,-0.4911436253643443,1.0562143943757174,0.3121314960195574,-0.11118250859608574,0.2811730393126878,0.9006409389643244
0.772511963677865,-0.49054525872166693,1.0580648404152586,0.31390025180176867,-0.11120384842075799,0.2812271001175806,0.9000064745181868
0.7745030601987337,-0.48992752619212354,1.059912994154322,0.315670355326191,-0.1112253054074693,0.2812736476282152,0.8993699424347971
0.7764865126870784,-0.4892904521627362,1.061758782630964,0.31744177713917965,-0.1112469252818874,0.28131269995472347,0.8987313305912004
0.7784623015670231,-0.4886340617840969,1.063602132976616,0.3192144878519128,-0.1112687537192278,0.2813442756077948,0.8980906267041963
0.7804304073383298,-0.4879583809693738,1.0654429724189627,0.3209884581389858,-0.11129083633876585,0.28136839349819354,0.8974478183319743
0.7823908105765881,-0.4872634363932887,1.0672812282848143,0.3227636587369958,-0.11131321869836039,0.2813850729362456,0.8968028928757885
0.7843434919334099,-0.4865492554910634,1.069116828002977,0.32454006044314626,-0.11133594628898397,0.2813943336312971,0.8961558375816641
0.7862884321366193,-0.48581586645733693,1.0709496991071177,0.32631763411382697,-0.11135906452927062,0.2813961956911396,0.89550663954215
0.7882256119904402,-0.48506329824505295,1.0727797692386223,0.32809635066322435,-0.11138261876006687,0.28139067962140857,0.8948552856980988
0.7901550123756899,-0.48429158056431587,1.074606966149456,0.32987618106191696,-0.11140665423900172,0.28137780632494835,0.8942017628404882
0.792076614249967,-0.48350074388121766,1.0764312177050146,0.3316570963354871,-0.11143121613506415,0.28135759710114805,0.8935460576122767
0.7939903986478357,-0.4826908194166369,1.0782524518869694,0.33343906756312636,-0.1114563495231964,0.28133007364524537,0.8928881565102971
0.7958963466810156,-0.4818618391450051,1.0800705967961124,0.3352220658762568,-0.11148209937889902,0.28129525804760036,0.8922280458871834
0.7977944395385705,-0.48101383579304324,1.081885580655197,0.33700606245716214,-0.11150851057284909,0.281253172792937,0.8915657119533312
0.799684658487091,-0.4801468428384714,1.083697331811769,0.3387910285376108,-0.11153562786553542,0.28120384075955357,0.8909011407788995
0.8015669848708764,-0.4792608945086881,1.0855057787409927,0.34057693539749906,-0.1115634959019053,0.2811472852185015,0.8902343182958404
0.8034414001121274,-0.47835602577941544,1.0873108500484812,0.3423637543635032,-0.11159215920602965,0.28108352983273177,0.8895652302999679
0.8053078857111221,-0.4774322723733215,1.0891124744731107,0.34415145680773984,-0.11162166217577936,0.28101259865621026,0.8888938624530547
0.8071664232464003,-0.47648967075860943,1.090910580889832,0.34594001414642667,-0.11165204907752423,0.2809345161329997,0.888220200284973
0.8090169943749473,-0.4755282581475769,1.0927050983124842,0.3477293978385715,-0.11168336404084223,0.28084930709631006,0.8875442291958568
0.8108595808323733,-0.47454807249514747,1.0944959558965912,0.3495195793846598,-0.11171565105324986,0.2807569967675162,0.8868659344583057
0.8126941644330936,-0.4735491524973724,1.0962830829421626,0.35131053032535897,-0.11174895395494867,0.2806576107551426,0.8861853012196178
0.8145207270705095,-0.4725315375899024,1.0980664088964829,0.35310222224023635,-0.11178331643359013,0.28055117505381544,0.8855023145040548
0.8163392507171839,-0.4714952679464323,1.099845863356896,0.3548946267464845,-0.1118187820190596,0.2804377160431811,0.8848169592151428
0.8181497174250233,-0.47044038447711284,1.1016213760735871,0.3566877154976761,-0.11185539407827672,0.28031726048679256,0.8841292201379967
0.8199521093254526,-0.4693669288269369,1.1033928769523553,0.35848146018251037,-0.11189319581002082,0.280189835530961,0.8834390819416857
0.8217464086295904,-0.4682749433740961,1.1051602960573779,0.3602758325235974,-0.11193223023976916,0.28005546870357495,0.8827465291816224
0.823532597628427,-0.4671644712283063,1.1069235636139747,0.362070804276244,-0.1119725402145619,0.2799141879128854,0.8820515463019845
0.8253106586929995,-0.46603555622910553,1.1086826100113636,0.3638663472272664,-0.1120141683978832,0.279766021446257,0.8813541176381656
0.8270805742745622,-0.4648882429441255,1.1104373658054036,0.3656624331938063,-0.11205715726456789,0.2796109979688851,0.8806542274192597
0.8288423269047616,-0.46372257666733085,1.1121877617213398,0.3674590340221783,-0.11210154909572646,0.2794491465224791,0.8799518597705693
0.8305958991958127,-0.4625386034172289,1.1139337286565403,0.3692561215867375,-0.11214738597369336,0.27928049652391185,0.8792469987161431
0.8323412738406639,-0.46133636993505706,1.1156751976832193,0.37105366778874543,-0.112194709777,0.27910507776383303,0.8785396281813466
0.834078433613171,-0.46011592368293525,1.1174121000511605,0.37285164455528313,-0.11224356217536674,0.2789229204052507,0.8778297319954544
0.8358073613682699,-0.4588773128419907,1.119144367190434,0.37465002383816215,-0.11229398462472469,0.27873405498207454,0.8771172938942754
0.8375280400421418,-0.45762058631045865,1.1208719307140989,0.376448777612874,-0.11234601836225358,0.2785385123976287,0.8764022975227971
0.8392404526523817,-0.4563457937017513,1.1225947224209047,0.3782478778775402,-0.11239970440145304,0.2783363239231255,0.8756847264378683
0.8409445822981689,-0.45505298534249783,1.1243126742979852,0.3800472966519082,-0.11245508352723141,0.2781275211961071,0.8749645641108953
0.8426404121604316,-0.45374221227055894,1.1260257185235412,0.38184700597634985,-0.11251219629102453,0.27791213621885047,0.8742417939305707
0.8443279255020153,-0.45241352623300957,1.127733787469522,0.3836469779108976,-0.11257108300593843,0.2776902013567374,0.8735163992056246
0.8460071056678422,-0.4510669796841013,1.1294368137042876,0.3854471845342887,-0.11263178374191904,0.2774617493365903,0.8727883631676024
0.8476779360850827,-0.44970262578318587,1.1311347299952794,0.38724759794304586,-0.11269433832094992,0.2772268132449698,0.8720576689736654
0.8493404002633164,-0.448320518392618,1.1328274693116702,0.3890481902505844,-0.11275878631227378,0.2769854265264401,0.8713242997094103
0.8509944817946921,-0.4469207120756316,1.1345149648270099,0.39084893358632633,-0.11282516702764617,0.2767376229817959,0.8705882383917213
0.8526401643540923,-0.4455032620941838,1.1361971499218642,0.39264980009486156,-0.11289351951661315,0.27648343676625575,0.8698494679716354
0.8542774316992947,-0.44406822440677257,1.1378739581864459,0.39445076193511985,-0.11296388256182145,0.2762229023876173,0.8691079713372344
0.8559062676711329,-0.4426156556662276,1.1395453234232373,0.3962517912795802,-0.11303629467435417,0.2759560547043787,0.8683637313165553
0.8575266561936524,-0.4411456132174763,1.1412111796496,0.398052860313492,-0.11311079408909913,0.2756829289238224,0.8676167306805257
0.859138581274272,-0.43965815509527834,1.1428714611003814,0.3998539412341384,-0.11318741876014467,0.2754035606000643,0.8668669521459152
0.8607420270039436,-0.4381533400219317,1.1445261022305147,0.40165500625012623,-0.11326620635620668,0.27511798563206513,0.8661143783783058
0.8623369775573043,-0.43663122740495963,1.1461750377176,0.40345602758068777,-0.1133471942560876,0.27482624026160685,0.8653589919950873
0.863923417192835,-0.4350918773347629,1.1478182024644874,0.4052569774550322,-0.11343041954416405,0.2745283610712327,0.8646007755684639
0.8655013302530187,-0.4335353505822452,1.149455531601847,0.4070578281117112,-0.11351591900591024,0.27422438498214935,0.8638397116284838
0.8670707011644896,-0.43196170859641797,1.151086960490728,0.40885855179802383,-0.11360372912344754,0.2739143492520955,0.863075782666082
0.8686315144381912,-0.43037101350197177,1.1527124247251115,0.41065912076943645,-0.11369388607113455,0.2735982914731705,0.8623089711361464
0.8701837546695255,-0.42876332809682616,1.1543318601344519,0.4124595072890527,-0.11378642571118139,0.2732762495696303,0.8615392594605907
0.8717274065385086,-0.42713871584964774,1.1559452027862127,0.4142596836270964,-0.11388138358930473,0.27294826179564324,0.8607666300314509
0.8732624548099203,-0.42549724089734575,1.1575523889883887,0.4160596220604348,-0.11397879493041305,0.27261436673301176,0.8599910652139929
0.8747888843334527,-0.4238389680425415,1.1591533552920201,0.41785929487213047,-0.11407869463432511,0.2722746032888572,0.8592125473498334
0.876306680043863,-0.42216396275100804,1.1607480384936986,0.41965867435101817,-0.11418111727152867,0.27192901069326647,0.8584310587600806
0.8778158269611214,-0.4204722911490847,1.1623363756380627,0.4214577327913304,-0.11428609707896631,0.2715776284969035,0.8576465817484766
0.8793163101905563,-0.4187640200210706,1.163918304020281,0.4232564424923304,-0.11439366795586463,0.2712204965685844,0.8568590986045667
0.8808081149230031,-0.41703921680658596,1.1654937611885288,0.42505477575800066,-0.1145038634595929,0.2708576550928152,0.8560685916068668
0.8822912264349527,-0.4152979495979068,1.167062684946456,0.4268527048967474,-0.11461671680156438,0.27048914456729173,0.8552750430260521
0.8837656300886936,-0.4135402871372805,1.1686250133556395,0.42865020222115113,-0.11473226084316769,0.2701150058003663,0.8544784351281487
0.8852313113324549,-0.41176629881421395,1.1701806847380267,0.4304472400477327,-0.11485052809174141,0.2697352799084749,0.8536787501777436
0.8866882557005561,-0.4099760546627265,1.171729637678377,0.4322437906967724,-0.11497155069658364,0.2693500083135276,0.852875970441195
0.8881364488135445,-0.4081696253585919,1.1732718110266802,0.43403982649214984,-0.11509536044499864,0.26895923274026523,0.8520700781898566
0.8895758763783378,-0.40634708221654703,1.1748071439005727,0.4358353197612158,-0.11522198875838476,0.2685629952135766,0.85126105570331
0.8910065241883676,-0.4045084971874739,1.1763355756877418,0.4376302428347149,-0.11535146668835712,0.26816133805578135,0.850448885272599
0.8924283781237176,-0.4026539428555613,1.1778570460483175,0.43942456804671387,-0.11548382491291621,0.2677543038838739,0.849633549203481
0.8938414241512633,-0.4007834924354387,1.1793714949172553,0.4412182677345971,-0.11561909373264735,0.26734193560673447,0.8488150298196702
0.8952456483248116,-0.3988972197692855,1.1808788625067075,0.44301131423906465,-0.11575730306696953,0.26692427642230004,0.8479933094661006
0.8966410367852357,-0.3969951993239178,1.1823790893083816,0.4448036799041907,-0.11589848245041652,0.2665013698147027,0.8471683705121833
0.8980275757606153,-0.39507750618784543,1.1838721160958927,0.4465953370775,-0.1160426610289652,0.266073259551368,0.8463401953550718
0.8994052515663711,-0.39314421606830924,1.1853578839271004,0.4483862581100874,-0.11618986755640164,0.2656399896800806,0.845508766422931
0.9007740506053981,-0.391195405288294,1.1868363341464339,0.45017641535676955,-0.11634013039072884,0.26520160452601227,0.8446740661782071
0.9021339593682023,-0.38923115078351234,1.1883074083872096,0.45196578117626673,-0.11649347749062039,0.26475814868871284,0.8438360771209032
0.9034849644330346,-0.3872515300993671,1.1897710485739372,0.4537543279314363,-0.11664993641191043,0.264309667039068,0.8429947817918477
0.9048270524660196,-0.38525662138789435,1.191227196924607,0.45554202798951476,-0.11680953430413252,0.2638562047162195,0.8421501627759768
0.9061602102212895,-0.38324650340467536,1.192675795952975,0.4573288537224228,-0.11697229790709666,0.2633978071244506,0.8413022027056027
0.9074844245411168,-0.38122125550572394,1.1941167884708332,0.459114777507085,-0.11713825354751513,0.2629345199300336,0.8404508842636911
0.9087996823560404,-0.37918095764436044,1.195550117590264,0.4608997717257962,-0.11730742713566696,0.26246638905804665,0.8395961901871335
0.9101059706849953,-0.37712569036805216,1.1969757267258867,0.46268380876661813,-0.11747984416210991,0.2619934606891514,0.8387381032700162
0.911403276635445,-0.37505553481523013,1.1983935595970954,0.46446686102381285,-0.11765552969443865,0.26151578125633557,0.8378766063668894
0.9126915874035028,-0.372970572712091,1.1998035602302757,0.46624890089831317,-0.1178345083740833,0.26103339744162346,0.8370116823960322
0.9139708902740611,-0.37087088636936966,1.201205672961016,0.46802990079822115,-0.11801680441315822,0.2605463561727493,0.8361433143427127
0.9152411726209173,-0.36875655867908713,1.2025998424363071,0.4698098331393584,-0.11820244159135232,0.26005470461979635,0.8352714852624394
0.9165024219068972,-0.3666276731112809,1.203986013616725,0.4715886703458257,-0.11839144325287154,0.25955849019180144,0.8343961782842195
0.9177546256839811,-0.3644843137107056,1.2053641317786068,0.47336638485062926,-0.1185838323034204,0.2590577605333255,0.8335173766137922
0.9189977715934212,-0.3623265650935233,1.2067341425162046,0.47514294909631016,-0.1187796312072364,0.25855256352099115,0.8326350635368764
0.9202318473658698,-0.36015451244395413,1.208095991743841,0.4769183355356353,-0.11897886198416914,0.2580429472599833,0.8317492224223914
0.9214568408214981,-0.35796824151091583,1.2094496256980416,0.4786925166323076,-0.11918154620680822,0.25752896008051773,0.8308598367256834
0.9226727398701149,-0.3557678386046424,1.210794990939655,0.4804654648617174,-0.11938770499765666,0.25701065053427813,0.8299668899917355
0.9238795325112864,-0.35355339059327423,1.212132034355964,0.48223715271172607,-0.11959735902635513,0.2564880673908164,0.8290703658583706
0.9250772068344576,-0.3513249848994252,1.2134607031627853,0.48400755268348633,-0.1198105285069554,0.2559612596339205,0.8281702480594453
0.9262657510190665,-0.3490827094967365,1.2147809449065492,0.4857766372922965,-0.12002723319523895,0.25543027645795174,0.8272665204280292
0.9274451533346614,-0.34682665290640213,1.2160927074663723,0.4875443790684844,-0.12024749238608945,0.25489516726414685,0.8263591668995789
0.928615402141017,-0.34455690419367463,1.2173959390561138,0.4893107505583372,-0.12047132491091025,0.2543559816568895,0.8254481715150909
0.9297764858882513,-0.34227355296434425,1.2186905882264236,0.49107572432505253,-0.12069874913509697,0.25381276943994685,0.8245335184242496
0.930928393116936,-0.339976689361209,1.2199766038667683,0.4928392729497302,-0.12092978295555513,0.2532655806126783,0.8236151918885583
0.9320711124582108,-0.3376664040605124,1.221253935207452,0.4946013690323967,-0.12116444379827149,0.25271446536620956,0.8226931762844549
0.9332046326338983,-0.33534278826836034,1.2225225318216215,0.496361985193062,-0.1214027486159367,0.25215947407957473,0.8217674561064159
0.9343289424566118,-0.3330059337171263,1.2237823436272544,0.4981210940728109,-0.12164471388561646,0.2516006573158307,0.8208380159700416
0.9354440308298673,-0.33065593266182586,1.225033320889138,0.4998786683349258,-0.12189035560647601,0.2510380658181372,0.819904840615127
0.9365498867481923,-0.3282928778764783,1.2262754142208312,0.5016346806660457,-0.12213968929755513,0.25047175050580933,0.8189679149087141
0.9376464992972354,-0.3259168626504396,1.2275085745866163,0.5033891037773488,-0.12239272999559847,0.24990176247033602,0.8180272238481319
0.9387338576538742,-0.32352798078472184,1.2287327533034345,0.5051419104057859,-0.12264949225293208,0.24932815297137334,0.8170827525640071
0.9398119510863198,-0.32112632658829204,1.229947902042805,0.5068930733153185,-0.12290999013539908,0.24875097343270403,0.8161344863232709
0.9408807689542251,-0.31871199487434554,1.2311539728327365,0.5086425652982159,-0.12317423722034353,0.24817027543817016,0.8151824105321333
0.9419403007087905,-0.3162850809565624,1.2323509180596202,0.5103903591763659,-0.12344224659465063,0.24758611072757508,0.8142265107390441
0.9429905358928646,-0.31384568064534984,1.2335386904701071,0.512136427802623,-0.12371403085283664,0.24699853119255982,0.8132667726376323
0.9440314641410495,-0.3113938902440567,1.2347172431729763,0.5138807440621875,-0.12398960209519587,0.2464075888724478,0.8123031820696226
0.9450630751798046,-0.3089298065451678,1.2358865296409853,0.5156232808740133,-0.12426897192600127,0.2458133359500618,0.8113357250277319
0.9460853588275456,-0.30645352682648763,1.2370465037127074,0.5173640111922473,-0.12455215145175651,0.24521582474751671,0.8103643876585409
0.9470983049947442,-0.3039651488473029,1.2381971195943504,0.5191029080076944,-0.12483915127950439,0.24461510772198264,0.8093891562653475
0.9481019036840319,-0.30146477084451273,1.2393383318615712,0.5208399443493246,-0.12512998151518995,0.24401123746141978,0.8084100173109852
0.9490961449902947,-0.29895249152875925,1.240470095461263,0.5225750932857863,-0.12542465176207906,0.24340426668028947,0.8074269574206347
0.9500810191007718,-0.2964284100805296,1.2415923657133365,0.5243083279269737,-0.12572317111922837,0.24279424821523946,0.8064399633845925
0.9510565162951535,-0.2938926261462367,1.242705098312484,0.5260396214256039,-0.12602554818001588,0.24218123502076006,0.805449022161026
0.9520226269456765,-0.29134523983428834,1.243808249329928,0.5277689469788305,-0.12633179103072312,0.24156528016481899,0.8044541208786979
0.9529793415172187,-0.28878635171113426,1.244901775215155,0.5294962778298815,-0.1266419072491742,0.24094643682446848,0.8034552468396636
0.9539266505673937,-0.28621606279729533,1.2459856327976357,0.5312215872697263,-0.1269559039034315,0.2403247582814299,0.8024523875219437
0.954864544746643,-0.2836344745633783,1.247059779288528,0.5329448486387677,-0.12727378755054508,0.23970029791765396,0.8014455305821647
0.9557930147983301,-0.2810416889260655,1.2481241722823684,0.5346660353285568,-0.1275955642353634,0.23907310921085514,0.8004346638581791
0.9567120515588308,-0.27843780824409364,1.249178769758744,0.5363851207835466,-0.1279212394893926,0.23844324573002695,0.7994197753716427
0.9576216459576224,-0.2758229353142149,1.2502235300839515,0.5381020785028486,-0.12825081832972057,0.23781076113093125,0.79840085333058
0.9585217890173757,-0.2731971733671352,1.2512584120126422,0.5398168820420366,-0.12858430525799244,0.2371757091515665,0.7973778861319049
0.9594124718540429,-0.27056062606343806,1.2522833746894506,0.5415295050149612,-0.12892170425944577,0.23653814360761358,0.7963508623639176
0.9602936856769433,-0.26791339748949783,1.2532983776506046,0.5432399210955913,-0.1292630188020002,0.2358981183878627,0.7953197708087706
0.9611654217888519,-0.26525559215336747,1.2543033808255248,0.5449481040198811,-0.1296082518354067,0.2352556874496167,0.7942846004449002
0.962027671586086,-0.26258731498064775,1.2552983445384076,0.5466540275876556,-0.12995740579045523,0.2346109048140727,0.7932453404494298
0.962880426558588,-0.259908671310354,1.2562832295097888,0.548357665664524,-0.13031048257823463,0.2339638245616902,0.7922019802005347
0.9637236782900098,-0.25721976689075343,1.2572579968580955,0.5500589921838055,-0.1306674835894569,0.23331450082753272,0.7911545092797831
0.9645574184577981,-0.25452070787518605,1.258222608101183,0.5517579811484936,-0.13102840969383356,0.2326629877965942,0.7901029174744295
0.9653816388332741,-0.2518116008178802,1.2591770251578507,0.5534546066332149,-0.13139326123951503,0.232009339699106,0.789047194779693
0.9661963312817149,-0.24909255266974537,1.260121210349347,0.5551488427862354,-0.1317620380525815,0.23135361080582806,0.787987331400981
0.9670014877624351,-0.24636367077414592,1.2610551264008576,0.5568406638314666,-0.13213473943659904,0.23069585542331839,0.786923317756093
0.9677971003288652,-0.24362506286266725,1.2619787364429755,0.5585300440705009,-0.13251136417222859,0.23003612788919034,0.7858551444773824
0.9685831611286313,-0.24087683705085733,1.262892004013159,0.5602169578846616,-0.1328919105168963,0.22937448256734932,0.7847828024138814
0.9693596624036295,-0.23811910183396945,1.2637948930571667,0.5619013797370668,-0.1332763762045195,0.2287109738432192,0.7837062826333974
0.9701265964901058,-0.23535196608266715,1.2646873679304858,0.5635832841747251,-0.13366475844529235,0.22804565611894737,0.782625576424558
0.9708839558187311,-0.23257553903872943,1.2655693933997365,0.5652626458306277,-0.1340570539255329,0.22737858380859785,0.7815406752988365
0.9716317329146742,-0.22978993031074357,1.2664409346440635,0.5669394394258728,-0.13445325880758152,0.2267098113333329,0.7804515709925268
0.9723699203976768,-0.2269952498697732,1.2673019572565103,0.5686136397717941,-0.1348533687297657,0.2260393931165761,0.7793582554686878
0.9730985109821265,-0.22419160804501692,1.2681524272453788,0.5702852217721156,-0.13525737880641725,0.22536738357916572,0.7782607209190424
0.973817497477129,-0.22137911551945091,1.2689923110355705,0.5719541604251099,-0.1356652836279531,0.22469383713449348,0.7771589597658464
0.9745268727865773,-0.218557883325466,1.2698215754699114,0.5736204308257771,-0.13607707726100932,0.22401880818363526,0.7760529646637109
0.9752266299092234,-0.21572802284048,1.2706401878104607,0.5752840081680319,-0.13649275324863824,0.22334235111046613,0.7749427285013901
0.9759167619387475,-0.21288964578253622,1.2714481157398059,0.5769448677469068,-0.13691230461056414,0.22266452027676487,0.7738282444035282
0.9765972620638248,-0.2100428642059024,1.2722453273623353,0.578602984960766,-0.1373357238434923,0.2219853700173135,0.7727095057323625
0.9772681235681935,-0.20718779049664232,1.2730317912054985,0.5802583353135252,-0.13776300292148383,0.22130495463498107,0.7715865060893955
0.9779293398307218,-0.20432453736817496,1.2738074762210507,0.5819108944168965,-0.13819413329638336,0.22062332839580145,0.770459239317011
0.9785809043254721,-0.20145321785683196,1.274572351786275,0.5835606379926194,-0.13862910589830946,0.21994054552404263,0.7693276995000693
0.9792228106217659,-0.19857394531739028,1.2753263877051944,0.5852075418747292,-0.1390679111361989,0.21925666019726883,0.7681918809674382
0.979855052384247,-0.19568683341860138,1.276069554209761,0.5868515820118053,-0.1395105388984147,0.21857172654139378,0.7670517782935058
0.9804776233729444,-0.19279199613869863,1.2768018219610342,0.5884927344692508,-0.13995697855340844,0.2178857986257284,0.7659073862996316
0.9810905174433342,-0.18988954776090028,1.2775231620503376,0.590130975431567,-0.1404072189504429,0.21719893045802302,0.7647587000555669
0.9816937285463989,-0.1869796028689001,1.2782335460003984,0.5917662812046318,-0.14086124842037273,0.21651117597950384,0.7636057148808325
0.9822872507286886,-0.18406227634233988,1.278932945766475,0.5933986282179995,-0.14131905477648116,0.21582258905990526,0.7624484263460429
0.9828710781323792,-0.1811376833522731,1.2796213337374631,0.5950279930271851,-0.14178062531538047,0.2151332234924957,0.761286830274206
0.9834452049953297,-0.17820593935662496,1.2802986827369838,0.5966543523159688,-0.14224594681796207,0.21444313298910542,0.760120922741961
0.9840096256511396,-0.17526716009563015,1.2809649660244575,0.5982776828986924,-0.14271500555041255,0.21375237117514562,0.7589507000807891
0.9845643345292052,-0.17232146158725933,1.281620157296162,0.5998979617225766,-0.14318778726528208,0.21306099158462882,0.7577761588781645
0.985109326154774,-0.16936896012264502,1.2822642306862677,0.601515165870014,-0.14366427720261388,0.2123690476551865,0.7565972959786792
0.9856445951489979,-0.16640977226149367,1.2828971607678592,0.6031292725608878,-0.1441444600911273,0.21167659272308897,0.7554141084851111
0.9861701362289886,-0.16344401482747178,1.2835189225539414,0.6047402591548837,-0.14462832014946286,0.21098368001825885,0.7542265937594493
0.986685944207868,-0.16047180490360463,1.2841294914984234,0.6063481031537941,-0.14511584108748168,0.21029036265929085,0.7530347494238846
0.987192013994819,-0.15749325982765247,1.2847288434970885,0.6079527822038332,-0.145607006107621,0.2095966936484714,0.751838573361744
0.9876883405951375,-0.15450849718747398,1.285316954888546,0.6095542740979412,-0.14610179790631167,0.20890272586679637,0.7506380637183925
0.9881749191102803,-0.15151763481638741,1.2858938024551656,0.6111525567781013,-0.1466001986754441,0.20820851206899754,0.7494332189020741
0.9886517447379138,-0.1485207907885181,1.286459363423993,0.6127476083376309,-0.14710219010390044,0.20751410487856553,0.7482240375847312
0.9891188127719617,-0.14551808341413588,1.2870136154676493,0.6143394070234983,-0.1476077533791335,0.20681955678278266,0.747010518702752
0.9895761186026508,-0.14250963123498822,1.2875565367052126,0.6159279312386061,-0.14811686918880995,0.2061249201277556,0.7457926614577016
0.9900236577165574,-0.13949555301961497,1.2880881057030829,0.617513159544095,-0.14862951772250405,0.20543024711345517,0.7445704653169837
0.9904614256966512,-0.1364759677586623,1.2886083014758258,0.6190950706616271,-0.14914567867344952,0.20473558978876188,0.7433439300144712
0.9908894182223387,-0.13345099466018764,1.289117103487003,0.6206736434756641,-0.1496653312403464,0.20404100004651776,0.7421130555510922
0.9913076310695064,-0.1304207531449494,1.289614491649982,0.6222488570357528,-0.15018845412922183,0.20334652961858568,0.7408778421953592
0.9917160601105627,-0.12738536284169133,1.2901004463287304,0.6238206905587816,-0.15071502555534988,0.20265223007091393,0.7396382904838691
0.9921147013144777,-0.12434494358242697,1.2905749483385893,0.6253891234312471,-0.15124502324521955,0.20195815279861473,0.738394401221746
0.9925035507468235,-0.12129961539770433,1.2910379789470317,0.6269541352114978,-0.15177842443856385,0.20126434902104628,0.7371461754830482
0.9928826045698135,-0.11824949851186228,1.291489519874402,0.6285157056319866,-0.1523152058904389,0.20057086977690666,0.7358936146111165
0.9932518590423393,-0.11519471333829456,1.2919295532946382,0.6300738146014889,-0.15285534387335853,0.19987776591934014,0.7346367202188979
0.9936113105200082,-0.11213538047469092,1.2923580618359731,0.6316284422073292,-0.15339881417948192,0.19918508811105196,0.7333754941892072
0.9939609554551794,-0.1090716206982718,1.2927750285816242,0.6331795687175927,-0.15394559212285533,0.19849288681943572,0.7321099386749462
0.9943007903969988,-0.10600355496102716,1.293180437070458,0.6347271745833143,-0.15449565254170633,0.1978012123117142,0.7308400560992886
0.9946308119914322,-0.10293130438494069,1.2935742712976417,0.6362712404406673,-0.1550489698007893,0.19711011465009362,0.7295658491558082
0.9949510169813,-0.09985499025720372,1.2939565157152741,0.6378117471131263,-0.15560551779378817,0.19641964368692816,0.7282873208085728
0.995261402206308,-0.09677473402543141,1.294327155233,0.639348675613633,-0.15616526994576352,0.1957298490599057,0.7270044742921785
0.9955619646030799,-0.09369065729286205,1.2946861752186067,0.640882007146727,-0.15672819921566047,0.19504078018724064,0.7257173131117592
0.9958527012051855,-0.0906028818135686,1.2950335614985988,0.6424117231106726,-0.15729427809885815,0.19435248626289156,0.724425841042938
0.9961336091431723,-0.08751152948763902,1.2953693003587614,0.643937805099569,-0.15786347862977956,0.19366501625178706,0.723130062131737
0.9964046856445923,-0.08441672235636724,1.2956933785446993,0.645460234905443,-0.15843577238454545,0.1929784188850741,0.7218299806944427
0.9966659280340299,-0.08131858259744142,1.2960057832623604,0.6469789945203158,-0.15901113048368132,0.19229274265538338,0.7205256013174364
0.9969173337331279,-0.07821723252011613,1.2963065021785412,0.6484940661382614,-0.15958952359487386,0.19160803581211205,0.7192169288569685
0.9971589002606138,-0.0751127945603794,1.2965955234213742,0.6500054321574482,-0.1601709219357769,0.19092434635672642,0.7179039684388916
0.9973906252323237,-0.07200539127612628,1.2968728355807952,0.6515130751821469,-0.16075529527686647,0.1902417220380846,0.7165867254583593
0.9976125063612252,-0.06889514534231854,1.2971384277089955,0.6530169780247316,-0.16134261294434352,0.18956021034778078,0.7152652055794719
0.9978245414574414,-0.06578217954614184,1.2973922893208518,0.6545171237076505,-0.16193284382308737,0.18887985851550865,0.713939414734887
0.9980267284282717,-0.06266661678215202,1.2976344103943434,0.6560134954653885,-0.1625259563596552,0.18820071350444778,0.7126093591253758
0.9982190652782119,-0.059548580047434074,1.297864781370944,0.6575060767463866,-0.1631219185653286,0.18752282200667364,0.711275045219354
0.9984015501089751,-0.056428192436741124,1.2980833931560025,0.6589948512149574,-0.16372069801920872,0.18684623043858975,0.7099364797523569
0.9985741811195098,-0.05330557713763043,1.2982902371190996,0.6604798027531725,-0.16432226187135704,0.1861709849363833,0.7085936697264721
0.9987369566060176,-0.050180857425608114,1.29848530509439,0.6619609154627168,-0.16492657684598216,0.18549713135150667,0.7072466224097433
0.9988898749619701,-0.047054156659257135,1.298668589380924,0.6634381736667294,-0.16553360924467295,0.18482471524618332,0.7058953453355205
0.9990329346781248,-0.043925598275371756,1.2988400827429518,0.6649115619116095,-0.16614332494967632,0.1841537818889397,0.7045398463017766
0.9991661343425403,-0.04079530578407914,1.298999778410209,0.6663810649688112,-0.16675568942721897,0.1834843762501644,0.703180133370372
0.9992894726405893,-0.037663402763966035,1.299147670078184,0.6678466678365893,-0.16737066773087692,0.18281654299769157,0.7018162148662981
0.999402948354973,-0.034530012857202766,1.2992837519083675,0.6693083557417407,-0.16798822450498266,0.18215032649241786,0.7004480993768606
0.9995065603657317,-0.03139525976465764,1.2994080185284815,0.6707661141413033,-0.16860832398808212,0.1814857707839411,0.6990757957508362
0.9996003076502566,-0.028259267241012527,1.2995204650326926,0.6722199287242357,-0.16923093001643008,0.18082291960623254,0.6976993130975803
0.9996841892833003,-0.02512215908988435,1.2996210869818052,0.6736697854130574,-0.16985600602752934,0.18016181637333775,0.6963186607861093
0.9997582044369843,-0.021984059158933106,1.2997098804034373,0.6751156703654697,-0.1704835150637114,0.17950250417510707,0.6949338484441301
0.9998223523808092,-0.018845091334968117,1.2997868417921767,0.6765575699759483,-0.1711134197757592,0.17884502577295724,0.6935448859570337
0.9998766324816607,-0.015705379539063417,1.2998519681097196,0.6779954708772927,-0.17174568242656937,0.17818942359566506,0.6921517834668597
0.9999210442038163,-0.01256504772166909,1.29990525678499,0.6794293599421538,-0.1723802648948542,0.17753573973519424,0.6907545513712177
0.9999555871089498,-0.009424219857704634,1.2999467057142429,0.6808592242845317,-0.17301712867888733,0.1768840159425502,0.6893532003221676
0.9999802608561371,-0.006283019941676157,1.2999763132611448,0.6822850512612394,-0.17365623490028165,0.1762342936236761,0.6879477412250657
0.9999950652018582,-0.003141571982779525,1.299994078256841,0.6837068284733248,-0.17429754430781214,0.1755866138353755,0.686538185237384
1.0,-2.4492935982947064e-16,1.2999999999999998,0.6851245437674766,-0.17494101728127343,0.1749410172812735,0.6851245437674769
0.9999950652018582,0.003141571982779035,1.299994078256841,0.6865381852373837,-0.17558661383537544,0.17429754430781222,0.6837068284733251
0.9999802608561372,0.006283019941675669,1.2999763132611448,0.6879477412250654,-0.17623429362367607,0.1736562349002817,0.6822850512612398
0.9999555871089498,0.009424219857704145,1.2999467057142429,0.6893532003221673,-0.17688401594255013,0.17301712867888738,0.680859224284532
0.9999210442038162,0.012565047721668601,1.29990525678499,0.6907545513712173,-0.17753573973519418,0.17238026489485425,0.6794293599421543
0.9998766324816607,0.015705379539063813,1.2998519681097194,0.6921517834668602,-0.17818942359566503,0.17174568242656937,0.6779954708772921
0.9998223523808093,0.018845091334967624,1.2997868417921767,0.6935448859570335,-0.1788450257729572,0.17111341977575925,0.6765575699759486
0.9997582044369843,0.021984059158932614,1.2997098804034375,0.6949338484441299,-0.179502504175107,0.17048351506371148,0.67511567036547
0.9996841892833003,0.02512215908988386,1.2996210869818052,0.696318660786109,-0.18016181637333767,0.16985600602752943,0.6736697854130577
0.9996003076502568,0.028259267241012034,1.2995204650326926,0.69769931309758,-0.1808229196062325,0.1692309300164302,0.6722199287242361
0.9995065603657318,0.03139525976465715,1.2994080185284815,0.6990757957508359,-0.18148577078394101,0.16860832398808223,0.6707661141413036
0.9994029483549731,0.03453001285720229,1.2992837519083675,0.7004480993768601,-0.1821503264924178,0.16798822450498274,0.6693083557417411
0.9992894726405894,0.03766340276396644,1.299147670078184,0.7018162148662986,-0.18281654299769157,0.16737066773087692,0.6678466678365886
0.9991661343425402,0.04079530578407954,1.298999778410209,0.7031801333703726,-0.18348437625016437,0.166755689427219,0.6663810649688107
0.9990329346781248,0.04392559827537128,1.2988400827429518,0.7045398463017764,-0.1841537818889396,0.16614332494967635,0.6649115619116098
0.99888987496197,0.04705415665925665,1.298668589380924,0.7058953453355202,-0.18482471524618324,0.16553360924467303,0.6634381736667297
0.9987369566060176,0.05018085742560763,1.29848530509439,0.7072466224097431,-0.18549713135150658,0.16492657684598222,0.6619609154627172
0.9985741811195099,0.05330557713762995,1.2982902371190996,0.7085936697264716,-0.1861709849363832,0.16432226187135707,0.660479802753173
0.998401550108975,0.05642819243674064,1.2980833931560025,0.7099364797523566,-0.18684623043858964,0.1637206980192088,0.6589948512149578
0.9982190652782118,0.05954858004743359,1.297864781370944,0.7112750452193538,-0.18752282200667353,0.16312191856532862,0.6575060767463871
0.9980267284282717,0.0626666167821524,1.2976344103943434,0.7126093591253755,-0.18820071350444798,0.16252595635965497,0.6560134954653888
0.9978245414574415,0.06578217954614134,1.297392289320852,0.7139394147348869,-0.18887985851550856,0.16193284382308748,0.6545171237076508
0.9976125063612252,0.06889514534231805,1.2971384277089955,0.7152652055794717,-0.18956021034778073,0.16134261294434357,0.653016978024732
0.9973906252323236,0.07200539127612579,1.2968728355807952,0.716586725458359,-0.19024172203808448,0.1607552952768665,0.6515130751821471
0.9971589002606138,0.07511279456037892,1.2965955234213742,0.7179039684388913,-0.19092434635672634,0.16017092193577695,0.6500054321574487
0.9969173337331279,0.07821723252011563,1.2963065021785414,0.7192169288569683,-0.19160803581211194,0.15958952359487394,0.6484940661382615
0.9966659280340298,0.08131858259744093,1.2960057832623604,0.720525601317436,-0.19229274265538324,0.15901113048368135,0.646978994520316
0.9964046856445923,0.08441672235636676,1.2956933785446993,0.7218299806944426,-0.19297841888507397,0.1584357723845455,0.6454602349054432
0.9961336091431723,0.08751152948763852,1.2953693003587616,0.7231300621317367,-0.19366501625178692,0.15786347862977962,0.6439378050995692
0.9958527012051855,0.09060288181356811,1.295033561498599,0.7244258410429377,-0.19435248626289148,0.15729427809885824,0.642411723110673
0.9955619646030798,0.09369065729286243,1.2946861752186067,0.7257173131117598,-0.19504078018724064,0.15672819921566047,0.6408820071467264
0.9952614022063081,0.09677473402543092,1.2943271552330002,0.7270044742921782,-0.19572984905990562,0.1561652699457636,0.6393486756136332
0.9949510169813001,0.09985499025720324,1.2939565157152741,0.7282873208085724,-0.19641964368692807,0.15560551779378826,0.6378117471131264
0.9946308119914323,0.1029313043849402,1.2935742712976417,0.7295658491558079,-0.19711011465009354,0.15504896980078936,0.6362712404406675
0.9943007903969988,0.10600355496102667,1.293180437070458,0.7308400560992884,-0.1978012123117141,0.15449565254170639,0.6347271745833147
0.9939609554551795,0.10907162069827131,1.2927750285816242,0.732109938674946,-0.19849288681943564,0.1539455921228554,0.633179568717593
0.9936113105200082,0.11213538047469043,1.2923580618359731,0.733375494189207,-0.19918508811105184,0.15339881417948203,0.6316284422073294
0.9932518590423393,0.11519471333829494,1.2919295532946382,0.7346367202188984,-0.19987776591934012,0.15285534387335858,0.6300738146014883
0.9928826045698135,0.11824949851186266,1.291489519874402,0.7358936146111161,-0.2005708697769069,0.1523152058904387,0.628515705631987
0.9925035507468235,0.12129961539770384,1.2910379789470317,0.7371461754830478,-0.20126434902104617,0.15177842443856387,0.626954135211498
0.9921147013144778,0.12434494358242648,1.2905749483385895,0.7383944012217456,-0.20195815279861468,0.1512450232452196,0.6253891234312474
0.9917160601105627,0.12738536284169083,1.2901004463287307,0.7396382904838689,-0.20265223007091382,0.15071502555534994,0.6238206905587821
0.9913076310695065,0.1304207531449489,1.289614491649982,0.740877842195359,-0.20334652961858557,0.15018845412922188,0.6222488570357533
0.9908894182223386,0.13345099466018717,1.289117103487003,0.7421130555510921,-0.2040410000465176,0.14966533124034645,0.6206736434756643
0.9904614256966512,0.1364759677586618,1.288608301475826,0.7433439300144709,-0.2047355897887618,0.14914567867344955,0.6190950706616274
0.9900236577165573,0.13949555301961533,1.2880881057030829,0.7445704653169833,-0.2054302471134553,0.14862951772250382,0.6175131595440952
0.9895761186026508,0.14250963123498775,1.2875565367052129,0.7457926614577016,-0.20612492012775552,0.14811686918881,0.6159279312386065
0.9891188127719618,0.1455180834141354,1.2870136154676493,0.7470105187027517,-0.20681955678278258,0.14760775337913357,0.6143394070234987
0.988651744737914,0.1485207907885176,1.286459363423993,0.7482240375847309,-0.20751410487856548,0.1471021901039005,0.6127476083376313
0.9881749191102804,0.15151763481638694,1.2858938024551656,0.7494332189020738,-0.20820851206899743,0.14660019867544416,0.6111525567781017
0.9876883405951377,0.1545084971874735,1.2853169548885461,0.7506380637183923,-0.20890272586679628,0.14610179790631173,0.6095542740979416
0.9871920139948192,0.157493259827652,1.2847288434970885,0.7518385733617436,-0.2095966936484713,0.14560700610762106,0.6079527822038335
0.986685944207868,0.16047180490360416,1.2841294914984234,0.7530347494238843,-0.21029036265929074,0.1451158410874817,0.6063481031537944
0.9861701362289887,0.1634440148274713,1.2835189225539414,0.7542265937594491,-0.21098368001825873,0.14462832014946292,0.604740259154884
0.9856445951489979,0.1664097722614932,1.2828971607678594,0.755414108485111,-0.21167659272308892,0.14414446009112736,0.6031292725608882
0.985109326154774,0.16936896012264538,1.2822642306862677,0.7565972959786796,-0.2123690476551865,0.14366427720261396,0.6015151658700133
0.9845643345292052,0.17232146158725886,1.281620157296162,0.7577761588781643,-0.21306099158462866,0.14318778726528214,0.5998979617225766
0.9840096256511396,0.17526716009562968,1.2809649660244578,0.7589507000807891,-0.2137523711751455,0.14271500555041264,0.5982776828986928
0.9834452049953298,0.1782059393566245,1.2802986827369838,0.7601209227419606,-0.2144431329891053,0.1422459468179621,0.5966543523159692
0.9828710781323793,0.18113768335227265,1.2796213337374633,0.7612868302742057,-0.21513322349249564,0.1417806253153805,0.5950279930271856
0.9822872507286886,0.18406227634233943,1.2789329457664753,0.7624484263460428,-0.2158225890599052,0.1413190547764812,0.593398628218
0.9816937285463991,0.18697960286889964,1.2782335460003984,0.7636057148808322,-0.21651117597950376,0.14086124842037276,0.5917662812046321
0.9810905174433341,0.1898895477609006,1.2775231620503373,0.7647587000555675,-0.21719893045802302,0.140407218950443,0.5901309754315663
0.9804776233729443,0.192791996138699,1.2768018219610342,0.7659073862996313,-0.2178857986257286,0.13995697855340822,0.5884927344692512
0.979855052384247,0.1956868334186009,1.276069554209761,0.7670517782935057,-0.21857172654139367,0.13951053889841475,0.5868515820118057
0.979222810621766,0.19857394531738984,1.2753263877051944,0.7681918809674378,-0.21925666019726875,0.13906791113619893,0.5852075418747297
0.9785809043254722,0.20145321785683148,1.2745723517862753,0.769327699500069,-0.21994054552404255,0.13862910589830946,0.5835606379926198
0.9779293398307219,0.20432453736817452,1.2738074762210507,0.7704592393170108,-0.2206233283958014,0.13819413329638336,0.5819108944168969
0.9772681235681936,0.20718779049664188,1.2730317912054987,0.7715865060893952,-0.22130495463498095,0.13776300292148386,0.5802583353135254
0.9765972620638249,0.21004286420590196,1.2722453273623353,0.7727095057323622,-0.2219853700173134,0.13733572384349232,0.5786029849607663
0.9759167619387474,0.21288964578253658,1.2714481157398057,0.7738282444035277,-0.2226645202767651,0.1369123046105639,0.5769448677469072
0.9752266299092236,0.21572802284047957,1.2706401878104607,0.7749427285013898,-0.22334235111046605,0.1364927532486383,0.5752840081680323
0.9745268727865775,0.21855788332546555,1.2698215754699116,0.7760529646637107,-0.22401880818363518,0.13607707726100937,0.5736204308257774
0.9738174974771291,0.22137911551945047,1.2689923110355708,0.777158959765846,-0.22469383713449337,0.13566528362795316,0.5719541604251103
0.9730985109821265,0.22419160804501645,1.268152427245379,0.7782607209190422,-0.22536738357916558,0.13525737880641725,0.5702852217721158
0.9723699203976769,0.22699524986977276,1.2673019572565105,0.7793582554686873,-0.22603939311657598,0.13485336872976572,0.5686136397717942
0.9716317329146742,0.22978993031074313,1.2664409346440635,0.7804515709925267,-0.22670981133333282,0.13445325880758158,0.5669394394258731
0.9708839558187312,0.232575539038729,1.2655693933997365,0.7815406752988364,-0.22737858380859777,0.13405705392553297,0.565262645830628
0.9701265964901058,0.2353519660826667,1.2646873679304858,0.7826255764245577,-0.22804565611894728,0.13366475844529235,0.5635832841747255
0.9693596624036295,0.238119101833969,1.263794893057167,0.7837062826333973,-0.2287109738432191,0.1332763762045195,0.5619013797370671
0.9685831611286312,0.24087683705085772,1.262892004013159,0.784782802413882,-0.22937448256734938,0.13289191051689642,0.560216957884661
0.9677971003288653,0.24362506286266686,1.2619787364429758,0.785855144477382,-0.23003612788919026,0.13251136417222856,0.5585300440705013
0.9670014877624352,0.24636367077414553,1.2610551264008578,0.7869233177560928,-0.23069585542331827,0.13213473943659904,0.5568406638314669
0.966196331281715,0.249092552669745,1.260121210349347,0.7879873314009807,-0.23135361080582797,0.1317620380525815,0.5551488427862358
0.9653816388332742,0.25181160081787984,1.2591770251578507,0.7890471947796927,-0.23200933969910598,0.131393261239515,0.5534546066332154
0.9645574184577982,0.25452070787518566,1.2582226081011831,0.7901029174744293,-0.23266298779659417,0.1310284096938336,0.5517579811484941
0.9637236782900099,0.25721976689075304,1.2572579968580957,0.7911545092797828,-0.23331450082753263,0.1306674835894569,0.5500589921838059
0.9628804265585879,0.2599086713103544,1.2562832295097888,0.7922019802005345,-0.23396382456169038,0.13031048257823438,0.5483576656645245
0.9620276715860859,0.2625873149806481,1.2552983445384074,0.7932453404494295,-0.23461090481407287,0.12995740579045498,0.546654027587656
0.961165421788852,0.2652555921533671,1.254303380825525,0.7942846004449,-0.23525568744961659,0.12960825183540672,0.5449481040198814
0.9602936856769434,0.2679133974894975,1.2532983776506048,0.7953197708087703,-0.23589811838786268,0.12926301880200017,0.5432399210955917
0.9594124718540431,0.27056062606343767,1.2522833746894508,0.7963508623639174,-0.23653814360761355,0.12892170425944577,0.5415295050149616
0.9585217890173758,0.2731971733671349,1.2512584120126424,0.7973778861319045,-0.2371757091515664,0.12858430525799242,0.539816882042037
0.9576216459576226,0.27582293531421453,1.2502235300839515,0.7984008533305798,-0.23781076113093114,0.12825081832972063,0.5381020785028489
0.9567120515588309,0.27843780824409325,1.249178769758744,0.7994197753716424,-0.2384432457300269,0.12792123948939263,0.536385120783547
0.95579301479833,0.28104168892606585,1.2481241722823684,0.8004346638581789,-0.2390731092108553,0.1275955642353632,0.5346660353285572
0.9548645447466432,0.2836344745633779,1.2470597792885285,0.8014455305821646,-0.23970029791765393,0.12727378755054514,0.5329448486387682
0.9539266505673938,0.28621606279729495,1.245985632797636,0.8024523875219436,-0.24032475828142985,0.12695590390343153,0.5312215872697266
0.9529793415172189,0.28878635171113387,1.2449017752151552,0.8034552468396633,-0.24094643682446842,0.12664190724917418,0.529496277829882
0.9520226269456766,0.29134523983428795,1.2438082493299283,0.8044541208786976,-0.24156528016481887,0.12633179103072306,0.5277689469788309
0.9510565162951538,0.29389262614623635,1.2427050983124843,0.8054490221610258,-0.24218123502076003,0.1260255481800159,0.5260396214256043
0.9500810191007716,0.29642841008052995,1.2415923657133365,0.8064399633845922,-0.24279424821523965,0.12572317111922812,0.5243083279269742
0.9490961449902948,0.2989524915287589,1.2404700954612633,0.8074269574206344,-0.24340426668028942,0.125424651762079,0.5225750932857869
0.948101903684032,0.30146477084451234,1.2393383318615714,0.8084100173109849,-0.24401123746141967,0.12512998151518995,0.5208399443493249
0.9470983049947443,0.3039651488473026,1.2381971195943506,0.8093891562653472,-0.24461510772198256,0.12483915127950439,0.5191029080076948
0.9460853588275454,0.30645352682648797,1.2370465037127072,0.8103643876585408,-0.24521582474751685,0.12455215145175628,0.5173640111922477
0.945063075179805,0.3089298065451667,1.235886529640986,0.8113357250277319,-0.2458133359500615,0.12426897192600156,0.5156232808740135
0.9440314641410497,0.31139389024405634,1.2347172431729765,0.8123031820696223,-0.24640758887244765,0.12398960209519584,0.5138807440621879
0.9429905358928645,0.3138456806453502,1.2335386904701071,0.8132667726376319,-0.24699853119255996,0.12371403085283639,0.5121364278026234
0.9419403007087906,0.31628508095656205,1.2323509180596202,0.8142265107390438,-0.24758611072757503,0.12344224659465063,0.5103903591763661
0.9408807689542252,0.3187119948743452,1.2311539728327365,0.8151824105321331,-0.24817027543817005,0.12317423722034355,0.5086425652982163
0.9398119510863199,0.3211263265882917,1.2299479020428052,0.8161344863232707,-0.24875097343270394,0.12290999013539908,0.5068930733153189
0.938733857653874,0.3235279807847222,1.2287327533034345,0.8170827525640068,-0.2493281529713735,0.12264949225293181,0.5051419104057863
0.9376464992972356,0.3259168626504393,1.2275085745866168,0.8180272238481318,-0.24990176247033596,0.12239272999559853,0.5033891037773491
0.9365498867481924,0.328292877876478,1.2262754142208312,0.8189679149087138,-0.2504717505058093,0.12213968929755507,0.5016346806660461
0.9354440308298675,0.3306559326618255,1.2250333208891382,0.8199048406151268,-0.25103806581813715,0.12189035560647604,0.49987866833492606
0.9343289424566119,0.33300593371712595,1.2237823436272546,0.8208380159700415,-0.25160065731583064,0.12164471388561648,0.4981210940728112
0.9332046326338985,0.33534278826836,1.2225225318216217,0.8217674561064157,-0.25215947407957473,0.12140274861593668,0.4963619851930626
0.932071112458211,0.33766640406051207,1.2212539352074523,0.8226931762844547,-0.2527144653662095,0.12116444379827146,0.4946013690323971
0.9309283931169354,0.33997668936120995,1.2199766038667679,0.8236151918885578,-0.2532655806126787,0.12092978295555463,0.4928392729497306
0.9297764858882516,0.3422735529643439,1.2186905882264238,0.8245335184242493,-0.25381276943994674,0.12069874913509697,0.49107572432505286
0.9286154021410172,0.3445569041936743,1.217395939056114,0.8254481715150905,-0.25435598165688944,0.12047132491091021,0.4893107505583376
0.9274451533346616,0.3468266529064018,1.2160927074663725,0.8263591668995784,-0.25489516726414674,0.12024749238608944,0.4875443790684848
0.9262657510190666,0.34908270949673614,1.2147809449065496,0.827266520428029,-0.2554302764579517,0.12002723319523892,0.48577663729229686
0.9250772068344578,0.35132498489942493,1.2134607031627855,0.828170248059445,-0.2559612596339205,0.11981052850695534,0.48400755268348683
0.9238795325112866,0.35355339059327395,1.2121320343559643,0.8290703658583702,-0.2564880673908164,0.11959735902635507,0.48223715271172657
0.9226727398701147,0.3557678386046427,1.2107949909396547,0.8299668899917353,-0.2570106505342783,0.11938770499765641,0.48046546486171776
0.9214568408214984,0.3579682415109155,1.2094496256980418,0.8308598367256832,-0.2575289600805177,0.11918154620680822,0.47869251663230794
0.92023184736587,0.36015451244395386,1.2080959917438414,0.8317492224223912,-0.2580429472599832,0.11897886198416917,0.47691833553563556
0.9189977715934214,0.36232656509352296,1.2067341425162048,0.832635063536876,-0.2585525635209911,0.11877963120723642,0.47514294909631044
0.9177546256839809,0.3644843137107059,1.2053641317786066,0.833517376613792,-0.25905776053332563,0.11858383230342018,0.47336638485062965
0.9165024219068982,0.3666276731112794,1.2039860136167262,0.8343961782842186,-0.2595584901918011,0.11839144325287164,0.4715886703458271
0.9152411726209175,0.3687565586790868,1.2025998424363076,0.8352714852624392,-0.26005470461979635,0.11820244159135232,0.46980983313935876
0.9139708902740609,0.37087088636936993,1.2012056729610159,0.8361433143427124,-0.2605463561727494,0.11801680441315798,0.46802990079822154
0.9126915874035029,0.37297057271209066,1.1998035602302757,0.837011682396032,-0.2610333974416234,0.11783450837408325,0.4662489008983136
0.9114032766354451,0.37505553481522985,1.1983935595970956,0.8378766063668892,-0.2615157812563355,0.11765552969443861,0.46446686102381324
0.9101059706849957,0.3771256903680519,1.196975726725887,0.8387381032700157,-0.26199346068915136,0.11747984416210992,0.4626838087666184
0.90879968235604,0.37918095764436077,1.1955501175902639,0.8395961901871334,-0.2624663890580468,0.11730742713566668,0.4608997717257967
0.907484424541117,0.3812212555057236,1.1941167884708335,0.840450884263691,-0.26293451993003353,0.11713825354751516,0.4591147775070854
0.9061602102212897,0.3832465034046751,1.1926757959529752,0.8413022027056025,-0.2633978071244506,0.11697229790709665,0.45732885372242316
0.9048270524660198,0.38525662138789407,1.1912271969246073,0.8421501627759767,-0.26385620471621946,0.11680953430413252,0.4555420279895153
0.9034849644330347,0.3872515300993668,1.1897710485739375,0.8429947817918475,-0.264309667039068,0.11664993641191038,0.45375432793143666
0.9021339593682025,0.38923115078351206,1.18830740838721,0.8438360771209029,-0.2647581486887128,0.11649347749062036,0.4519657811762671
0.9007740506053982,0.3911954052882937,1.186836334146434,0.8446740661782068,-0.26520160452601216,0.11634013039072878,0.45017641535676994
0.8994052515663709,0.3931442160683095,1.1853578839271002,0.8455087664229307,-0.2656399896800808,0.11618986755640137,0.44838625811008787
0.8980275757606155,0.39507750618784515,1.183872116095893,0.8463401953550717,-0.26607325955136796,0.1160426610289652,0.4465953370775004
0.8966410367852359,0.3969951993239175,1.1823790893083819,0.8471683705121831,-0.2665013698147026,0.1158984824504165,0.444803679904191
0.8952456483248118,0.3988972197692852,1.1808788625067077,0.8479933094661004,-0.2669242764223,0.1157573030669695,0.44301131423906503
0.8938414241512636,0.4007834924354384,1.1793714949172556,0.8488150298196698,-0.2673419356067344,0.11561909373264728,0.44121826773459755
0.8924283781237178,0.402653942855561,1.1778570460483178,0.8496335492034808,-0.2677543038838738,0.11548382491291626,0.4394245680467141
0.8910065241883678,0.4045084971874736,1.176335575687742,0.8504488852725988,-0.26816133805578135,0.11535146668835711,0.43763024283471524
0.8895758763783376,0.4063470822165473,1.1748071439005725,0.8512610557033099,-0.2685629952135768,0.11522198875838453,0.43583531976121626
0.8881364488135447,0.40816962535859164,1.1732718110266807,0.8520700781898564,-0.26895923274026523,0.1150953604449986,0.4340398264921503
0.8866882557005563,0.40997605466272624,1.1717296376783772,0.8528759704411949,-0.2693500083135276,0.11497155069658362,0.4322437906967729
0.8852313113324551,0.41176629881421367,1.170180684738027,0.8536787501777434,-0.26973527990847485,0.11485052809174136,0.43044724004773316
0.8837656300886935,0.41354028713728075,1.1686250133556393,0.8544784351281484,-0.2701150058003664,0.11473226084316747,0.4286502022211516
0.8822912264349534,0.41529794959790606,1.1670626849464567,0.8552750430260512,-0.2704891445672916,0.11461671680156424,0.42685270489674865
0.8808081149230034,0.4170392168065857,1.165493761188529,0.8560685916068667,-0.2708576550928151,0.11450386345959292,0.42505477575800094
0.8793163101905561,0.4187640200210709,1.1639183040202807,0.856859098604567,-0.2712204965685844,0.11439366795586474,0.4232564424923299
0.8778158269611217,0.4204722911490844,1.162336375638063,0.8576465817484765,-0.2715776284969035,0.11428609707896631,0.4214577327913309
0.8763066800438633,0.4221639627510078,1.1607480384936988,0.8584310587600804,-0.2719290106932664,0.11418111727152867,0.4196586743510185
0.8747888843334529,0.4238389680425413,1.1591533552920206,0.8592125473498332,-0.2722746032888573,0.11407869463432509,0.4178592948721309
0.87326245480992,0.425497240897346,1.1575523889883887,0.8599910652139926,-0.2726143667330119,0.11397879493041281,0.4160596220604353
0.8717274065385088,0.4271387158496475,1.155945202786213,0.8607666300314507,-0.27294826179564313,0.11388138358930476,0.41425968362709664
0.8701837546695257,0.42876332809682594,1.154331860134452,0.8615392594605904,-0.2732762495696302,0.11378642571118137,0.4124595072890528
0.8686315144381914,0.43037101350197154,1.1527124247251117,0.8623089711361461,-0.2735982914731705,0.1136938860711345,0.41065912076943695
0.8670707011644898,0.43196170859641775,1.1510869604907281,0.8630757826660819,-0.27391434925209546,0.11360372912344754,0.4088585517980241
0.8655013302530189,0.433535350582245,1.1494555316018473,0.8638397116284837,-0.2742243849821493,0.11351591900591024,0.4070578281117115
0.8639234171928354,0.4350918773347627,1.1478182024644876,0.8646007755684637,-0.27452836107123263,0.11343041954416405,0.4052569774550326
0.8623369775573037,0.4366312274049603,1.1461750377175994,0.8653589919950876,-0.27482624026160696,0.11334719425608754,0.403456027580687
0.8607420270039439,0.43815334002193146,1.1445261022305149,0.8661143783783055,-0.27511798563206513,0.11326620635620661,0.40165500625012657
0.8591385812742723,0.4396581550952781,1.1428714611003816,0.8668669521459149,-0.2754035606000643,0.11318741876014467,0.3998539412341387
0.8575266561936526,0.44114561321747614,1.1412111796496003,0.8676167306805254,-0.27568292892382246,0.11311079408909905,0.3980528603134925
0.8559062676711331,0.4426156556662274,1.1395453234232376,0.8683637313165551,-0.2759560547043787,0.11303629467435414,0.3962517912795806
0.8542774316992948,0.4440682244067724,1.137873958186446,0.8691079713372344,-0.2762229023876173,0.11296388256182142,0.39445076193512024
0.8526401643540925,0.44550326209418356,1.1361971499218644,0.8698494679716353,-0.2764834367662557,0.11289351951661311,0.39264980009486194
0.8509944817946918,0.44692071207563183,1.1345149648270096,0.8705882383917216,-0.2767376229817959,0.11282516702764628,0.3908489335863256
0.8493404002633166,0.4483205183926178,1.1328274693116707,0.87132429970941,-0.27698542652644,0.11275878631227376,0.38904819025058474
0.8476779360850829,0.44970262578318565,1.1311347299952796,0.8720576689736654,-0.2772268132449697,0.11269433832094998,0.3872475979430461
0.8460071056678424,0.4510669796841011,1.129436813704288,0.8727883631676023,-0.27746174933659024,0.112631783741919,0.385447184534289
0.844327925502015,0.45241352623300973,1.1277337874695217,0.8735163992056245,-0.2776902013567375,0.11257108300593825,0.3836469779108979
0.8426404121604327,0.453742212270558,1.1260257185235425,0.8742417939305699,-0.2779121362188504,0.11251219629102426,0.3818470059763521
0.8409445822981693,0.45505298534249766,1.1243126742979854,0.8749645641108951,-0.27812752119610706,0.11245508352723141,0.38004729665190845
0.8392404526523816,0.45634579370175155,1.1225947224209045,0.8756847264378687,-0.2783363239231255,0.11239970440145318,0.37824787787753966
0.8375280400421421,0.45762058631045843,1.1208719307140993,0.876402297522797,-0.27853851239762867,0.1123460183622536,0.37644877761287426
0.8358073613682703,0.4588773128419905,1.1191443671904342,0.8771172938942752,-0.2787340549820745,0.11229398462472467,0.3746500238381626
0.8340784336131714,0.4601159236829351,1.1174121000511608,0.8778297319954544,-0.2789229204052507,0.11224356217536677,0.3728516445552835
0.8323412738406637,0.4613363699350572,1.115675197683219,0.8785396281813468,-0.279105077763833,0.11219470977700009,0.3710536677887449
0.830595899195813,0.46253860341722874,1.1139337286565407,0.8792469987161429,-0.2792804965239118,0.1121473859736934,0.36925612158673765
0.8288423269047619,0.4637225766673307,1.11218776172134,0.8799518597705693,-0.2794491465224791,0.1121015490957265,0.36745903402217867
0.8270805742745625,0.4648882429441253,1.1104373658054039,0.8806542274192596,-0.27961099796888506,0.1120571572645679,0.36566243319380665
0.8253106586929998,0.46603555622910536,1.1086826100113638,0.8813541176381655,-0.27976602144625706,0.11201416839788321,0.36386634722726674
0.8235325976284272,0.4671644712283062,1.106923563613975,0.8820515463019843,-0.2799141879128854,0.11197254021456188,0.36207080427624433
0.8217464086295907,0.4682749433740959,1.105160296057378,0.8827465291816223,-0.28005546870357495,0.11193223023976918,0.3602758325235977
0.8199521093254524,0.4693669288269371,1.103392876952355,0.8834390819416861,-0.28018983553096094,0.11189319581002093,0.3584814601825097
0.8181497174250236,0.4704403844771127,1.1016213760735876,0.8841292201379964,-0.28031726048679256,0.11185539407827674,0.3566877154976763
0.8163392507171843,0.47149526794643215,1.0998458633568962,0.8848169592151427,-0.280437716043181,0.11181878201905963,0.3548946267464847
0.8145207270705098,0.47253153758990224,1.098066408896483,0.8855023145040548,-0.2805511750538154,0.11178331643359017,0.3531022222402366
0.812694164433094,0.4735491524973722,1.0962830829421628,0.8861853012196176,-0.2806576107551426,0.1117489539549487,0.35131053032535925
0.8108595808323736,0.47454807249514736,1.0944959558965914,0.8868659344583056,-0.2807569967675162,0.11171565105324988,0.34951957938466005
0.8090169943749477,0.47552825814757677,1.0927050983124844,0.8875442291958567,-0.28084930709631006,0.11168336404084224,0.34772939783857176
0.8071664232464001,0.4764896707586096,1.090910580889832,0.8882202002849732,-0.28093451613299963,0.11165204907752438,0.34594001414642594
0.8053078857111224,0.47743227237332136,1.0891124744731109,0.8888938624530546,-0.28101259865621026,0.11162166217577939,0.34415145680774023
0.8034414001121277,0.47835602577941533,1.0873108500484816,0.8895652302999678,-0.28108352983273177,0.11159215920602965,0.3423637543635035
0.8015669848708767,0.479260894508688,1.085505778740993,0.8902343182958403,-0.2811472852185015,0.11156349590190529,0.3405769353974994
0.7996846584870909,0.48014684283847153,1.083697331811769,0.8909011407788996,-0.2812038407595535,0.11153562786553556,0.3387910285376101
0.7977944395385714,0.48101383579304285,1.081885580655198,0.8915657119533309,-0.28125317279293705,0.111508510572849,0.3370060624571634
0.7958963466810159,0.48186183914500497,1.0800705967961126,0.8922280458871833,-0.28129525804760036,0.111482099378899,0.33522206587625725
0.7939903986478355,0.48269081941663705,1.0782524518869692,0.8928881565102973,-0.2813300736452453,0.11145634952319652,0.33343906756312564
0.7920766142499673,0.48350074388121755,1.0764312177050148,0.8935460576122766,-0.28135759710114805,0.11143121613506418,0.33165709633548734
0.7901550123756902,0.48429158056431576,1.0746069661494562,0.8942017628404881,-0.28137780632494835,0.11140665423900173,0.3298761810619172
0.7882256119904405,0.48506329824505284,1.0727797692386227,0.8948552856980987,-0.28139067962140857,0.11138261876006683,0.32809635066322484
0.786288432136619,0.48581586645733704,1.0709496991071175,0.8955066395421503,-0.28139619569113955,0.11135906452927073,0.32631763411382636
0.7843434919334102,0.4865492554910633,1.0691168280029772,0.8961558375816638,-0.28139433363129707,0.11133594628898398,0.3245400604431465
0.7823908105765884,0.48726343639328856,1.0672812282848145,0.8968028928757884,-0.2813850729362456,0.11131321869836042,0.3227636587369961
0.7804304073383297,0.4879583809693739,1.0654429724189627,0.8974478183319746,-0.2813683934981935,0.11129083633876605,0.320988458138985
0.7784623015670235,0.4886340617840968,1.0636021329766163,0.8980906267041961,-0.2813442756077948,0.1112687537192278,0.3192144878519132
0.7764865126870788,0.4892904521627361,1.0617587826309645,0.8987313305912001,-0.28131269995472347,0.11124692528188743,0.31744177713918
0.774503060198734,0.48992752619212343,1.0599129941543222,0.8993699424347971,-0.2812736476282152,0.11122530540746936,0.31567035532619114
0.7725119636778642,0.4905452587216672,1.0580648404152577,0.9000064745181873,-0.28122710011758056,0.11120384842075823,0.31390025180176717
0.7705132427757898,0.49114362536434425,1.0562143943757178,0.9006409389643243,-0.28117303931268783,0.11118250859608572,0.3121314960195578
0.7685069172190767,0.49172260249766486,1.0543617290881413,0.9012733477343189,-0.28111144750441586,0.11116124016282837,0.3103641174994425
0.7664930068093506,0.4922821672646025,1.0525069176925834,0.901903712625873,-0.2810423073850784,0.11113999731091163,0.3085981458289541
0.764471531423092,0.49282229757449897,1.0506500334138205,0.9025320452717626,-0.28096560204881804,0.11111873419632572,0.30683361066467374
0.7624425110114478,0.4933429721039341,1.048791149558465,0.9031583571383472,-0.2808813149919725,0.11109740494664536,0.3050705417336505
0.7604059656000309,0.4938441702975689,1.0469303395120693,0.9037826595241268,-0.2807894301134104,0.11107596366656135,0.3033089688347957
0.758361915288722,0.494325872368957,1.0450676767362272,0.9044049635583318,-0.28068993171484,0.11105436444341495,0.30154892184028886
0.7563103802514722,0.4947880593013254,1.043203234765676,0.905025280199552,-0.28058280450108836,0.1110325613527409,0.2997904306969729
0.7542513807361036,0.49523071284832565,1.041337087205391,0.9056436202344084,-0.28046803358035277,0.11101050846381637,0.2980335254277444
0.7521849370641119,0.4956538155347532,1.039469307727685,0.9062599942762565,-0.28034560446442436,0.11098815984521335,0.29627823613294546
0.7501110696304596,0.4960573506572388,1.0375999700692913,0.9068744127639382,-0.2802155030688826,0.1109654695703593,0.2945245929917316
0.7480297989033833,0.4964413022849067,1.0357291480284616,0.9074868859605606,-0.2800777157132647,0.11094239172309739,0.29277262626345907
0.7459411454241824,0.49680565526000414,1.0338569154620447,0.9080974239523278,-0.27993222912120375,0.11091888040325594,0.29102236628903344
0.7438451298070249,0.49715039519849946,1.0319833462825778,0.9087060366473989,-0.27977903042054414,0.11089488973221584,0.28927384349228
0.7417417727387398,0.49747550849065,1.030108514455365,0.9093127337747948,-0.27961810714342616,0.11087037385848575,0.2875270883812796
0.7396310949786098,0.49778098230153994,1.0282324939955543,0.9099175248833402,-0.2794494472263457,0.11084528696327456,0.2857821315497088
0.7375131173581742,0.4980668045715862,1.026355358965223,0.9105204193406452,-0.27927303901018685,0.11081958326607058,0.28403900367816476
0.7353878607810163,0.4983329640170149,1.0244771834704476,0.9111214263321281,-0.2790888712402283,0.11079321703021777,0.282297735535478
0.7332553462225605,0.4985794501303069,1.0225980416583802,0.9117205548600761,-0.278896933066123,0.1107661425684951,0.2805583579800134
0.7311155947298641,0.4988062531806126,1.0207180077143216,0.912317813742747,-0.27869721404185244,0.1107383142486951,0.2788209019609574
0.7289686274214111,0.49901336421413583,1.0188371558587936,0.9129132116135086,-0.2784897041256547,0.1107096864992016,0.2770853985195951
0.7268144654869031,0.49920077505448757,1.0169555603446077,0.9135067569200225,-0.2782743936799272,0.11068021381456913,0.27535187879056333
0.7246531301870465,0.49936847830300884,1.0150732954539305,0.914098457923461,-0.27805127347110337,0.11064985076109596,0.2736203740030987
0.7224846428533503,0.49951646733906235,1.0131904354953598,0.9146883226977688,-0.27782033466950523,0.11061855198240103,0.27189091548226335
0.7203090248879069,0.4996447363202947,1.0113070548009804,0.9152763591289631,-0.2775815688491703,0.11058627220499262,0.2701635346501558
0.718126297763189,0.49975328018286586,1.0094232277234385,0.9158625749144724,-0.27733496798765334,0.11055296624383917,0.2684382630271034
0.7159364830218315,0.4998420946416501,1.0075390286330015,0.916446977562516,-0.27708052446580467,0.11051858900793216,0.2667151322328369
0.7137396022764219,0.4999111761904046,1.0056545319146228,0.9170295743915237,-0.27681823106752274,0.11048309550584741,0.2649941739876452
0.7115356772092853,0.4999605221019081,1.0037698119650058,0.9176103725295935,-0.27654808097948375,0.1104464408513009,0.26327542011351035
0.709324729572274,0.49999013042806856,1.0018849431896677,0.9181893789139903,-0.2762700677908469,0.11040858026869838,0.26155890253522607
0.7071067811865478,0.4999999999999999,1.0000000000000002,0.9187666002906849,-0.27598418549293474,0.11036946909868228,0.2598446532814817
0.7048818539423611,0.49999013042806856,0.9981150568103321,0.9193420432139288,-0.2756904284788923,0.1103290628036663,0.2581327044859456
0.7026499697988497,0.4999605221019081,0.9962301880349946,0.9199157140458731,-0.2753887915433207,0.11028731697337074,0.2564230883883043
0.7004111507838064,0.4999111761904046,0.9943454680853776,0.9204876189562252,-0.27507926988188836,0.11024418733034291,0.2547158373352914
0.6981654189934728,0.49984209464165014,0.9924609713669988,0.921057763921942,-0.27476185909091994,0.11019962973547523,0.25301098378168807
0.6959127965923146,0.49975328018286586,0.9905767722765617,0.9216261547269665,-0.2744365551669613,0.11015360019351075,0.2513085602912988
0.6936533058128054,0.4996447363202947,0.98869294519902,0.9221927969619998,-0.27410335450632306,0.11010605485854154,0.2496085995379014
0.6913869689552063,0.4995164673390624,0.9868095645046404,0.9227576960243161,-0.2737622539046006,0.11005695003949686,0.24791113430617082
0.6891138083873486,0.4993684783030088,0.9849267045460692,0.9233208571176112,-0.2734132505561739,0.11000624220561986,0.24621619749258025
0.6868338465444085,0.49920077505448757,0.9830444396553928,0.9238822852518956,-0.2730563420536818,0.1099538879919363,0.24452382210626086
0.6845471059286884,0.49901336421413583,0.9811628441412057,0.9244419852434212,-0.27269152638747934,0.10989984420470661,0.24283404126985536
0.6822536091093969,0.4988062531806126,0.9792819922856787,0.9249999617146498,-0.2723188019450696,0.1098440678268724,0.24114688822032065
0.6799533787224192,0.4985794501303069,0.9774019583416201,0.9255562190942578,-0.27193816751051547,0.10978651602348367,0.23946239630971392
0.6776464374701024,0.49833296401701493,0.9755228165295529,0.92611076161718,-0.2715496222638315,0.10972714614711834,0.23778059900594511
0.6753328081210247,0.49806680457158625,0.9736446410347773,0.9266635933246918,-0.2711531657803526,0.10966591574328387,0.2361015298934972
0.6730125135097731,0.4977809823015399,0.9717675060044455,0.9272147180645274,-0.2707487980300834,0.10960278255580658,0.23442522267411575
0.6706855765367199,0.49747550849065,0.9698914855446354,0.927764139491038,-0.2703365193770271,0.10953770453220579,0.23275171116746604
0.668352020167793,0.4971503951984994,0.9680166537174221,0.9283118610653841,-0.26991633057849324,0.10947063982904993,0.23108102931176122
0.6660118674342518,0.49680565526000414,0.9661430845379556,0.9288578860557707,-0.269488232784385,0.10940154681730163,0.229413211164344
0.6636651414324581,0.49644130228490674,0.9642708519715388,0.9294022175377114,-0.2690522275364684,0.10933038408763862,0.22774829090225582
0.6613118653236524,0.49605735065723894,0.9624000299307092,0.9299448583943369,-0.2686083167676195,0.10925711045576489,0.22608630282274894
0.6589520623337168,0.49565381553475324,0.9605306922723152,0.930485811316736,-0.26815650280105263,0.1091816849676971,0.2244272813437779
0.6565857557529572,0.4952307128483257,0.9586629127946092,0.9310250788043333,-0.2676967883495307,0.10910406690503766,0.22277126100444997
0.6542129689358613,0.49478805930132547,0.9567967652343246,0.9315626631653043,-0.26722917651455363,0.10902421579022392,0.2211182764654388
0.6518337253008785,0.4943258723689569,0.9549323232637726,0.932098566517025,-0.2667536707855305,0.10894209139176159,0.21946836250936225
0.6494480483301842,0.49384417029756894,0.9530696604879312,0.9326327907865587,-0.26627027503893075,0.10885765372943512,0.2178215540411227
0.6470559615694443,0.493342972103934,0.9512088504415349,0.9331653377111759,-0.2657789935374176,0.10877086307949632,0.21617788608820737
0.6446574886275915,0.492822297574499,0.94934996658618,0.9336962088389118,-0.265279830928963,0.10868167997983486,0.21453739380095177
0.642252653176584,0.4922821672646026,0.9474930823074169,0.9342254055291567,-0.2647727922459449,0.10859006523512127,0.21290011245276588
0.6398414789511789,0.491722602497665,0.9456382709118591,0.9347529289532822,-0.26425788290422486,0.10849597992193254,0.21126607744031345
0.6374239897486896,0.49114362536434436,0.9437856056242826,0.9352787800953016,-0.26373510870220856,0.10839938539384857,0.2096353242836584
0.6350002094287613,0.4905452587216673,0.9419351595847425,0.9358029597525623,-0.26320447581989,0.10830024328652924,0.208007888626368
0.6325701619131247,0.48992752619212354,0.9400870058456781,0.9363254685364764,-0.262665990817875,0.10819851552276255,0.20638380623557306
0.6301338711853688,0.48929045216273603,0.9382412173690354,0.9368463068732785,-0.2621196606363911,0.10809416431749055,0.20476311300198882
0.627691361290701,0.4886340617840969,0.936397867023384,0.9373654750048231,-0.26156549259427725,0.10798715218280722,0.20314584493989213
0.6252426563357051,0.4879583809693738,0.9345570275810372,0.9378829729894099,-0.2610034943879574,0.107877441932929,0.20153203818705573
0.6227877804881126,0.4872634363932887,0.9327187717151858,0.9383988007026438,-0.2604336740903986,0.107764996689141,0.19992172900464072
0.6203267579765563,0.4865492554910635,0.9308831719970231,0.9389129578383271,-0.25985604015005087,0.10764977988471025,0.19831495377704755
0.6178596130903348,0.4858158664573372,0.929050300892883,0.9394254439093827,-0.2592706013897707,0.10753175526977643,0.1967117490117116
0.6153863701791714,0.48506329824505295,0.9272202307613777,0.9399362582488098,-0.25867736700572963,0.10741088691620657,0.19511215133887413
0.6129070536529758,0.4842915805643154,0.9253930338505432,0.9404454000106693,-0.2580763465663054,0.10728713922242555,0.1935161975112891
0.6104216879816027,0.48350074388121766,0.9235687822949855,0.9409528681711024,-0.25746755001095784,0.10716047691821279,0.19192392440389577
0.607930297694605,0.4826908194166369,0.9217475481130307,0.9414586615293771,-0.25685098764908804,0.1070308650694671,0.19033536901344297
0.6054329073810019,0.48186183914500513,0.9199294032038877,0.9419627787089666,-0.25622667015888445,0.10689826908294334,0.18875056845806687
0.6029295416890247,0.481013835793043,0.9181144193448024,0.9424652181586574,-0.2555946085861499,0.10676265471095142,0.18716955997682258
0.6004202253258841,0.48014684283847164,0.9163026681882314,0.9429659781536854,-0.2549548143431172,0.10662398805602741,0.1855923809291692
0.5979049830575192,0.4792608945086881,0.9144942212590074,0.9434650567969028,-0.2543072992072471,0.10648223557556506,0.18401906879441166
0.5953838397083553,0.4783560257794155,0.9126891499515188,0.9439624520199734,-0.25365207532001166,0.10633736408641932,0.18244966117108252
0.5928568201610591,0.47743227237332153,0.91088752552689,0.9444581615845943,-0.2529891551856649,0.1061893407694676,0.18088419577629705
0.5903239493562945,0.4764896707586095,0.9090894191101674,0.9449521830837488,-0.2523185516699965,0.10603813317414187,0.17932271044503967
0.5877852522924732,0.47552825814757693,0.9072949016875165,0.9454445139429843,-0.25164027799907246,0.1058837092229192,0.17776524312941483
0.5852407540255097,0.4745480724951472,0.9055040441034083,0.9459351514217185,-0.2509543477579612,0.10572603721577783,0.17621183189784556
0.5826904796685766,0.4735491524973724,0.9037169170578381,0.9464240926145722,-0.2502607748894467,0.1055650858346155,0.17466251493422305
0.5801344543918493,0.47253153758990246,0.9019335911035172,0.9469113344527283,-0.24955957369272494,0.10540082414762669,0.17311733053700823
0.5775727034222676,0.4714952679464323,0.9001541366431041,0.9473968737053174,-0.2488507588220909,0.1052332216136453,0.17157631711828297
0.5750052520432788,0.4704403844771129,0.8983786239264128,0.9478807069808283,-0.2481343452856086,0.10506224808644213,0.1700395132027567
0.5724321255945913,0.46936692882693726,0.8966071230476452,0.9483628307285444,-0.24741034844376858,0.10488787381898779,0.16850695742671062
0.5698533494719236,0.46827494337409614,0.8948397039426227,0.9488432412400044,-0.24667878400813392,0.1047100694676683,0.16697868853691258
0.5672689491267565,0.467164471228306,0.8930764363860243,0.9493219346504875,-0.24593966803997122,0.10452880609646523,0.16545474538946187
0.5646789500660773,0.46603555622910553,0.891317389988637,0.9497989069405234,-0.2451930169488698,0.10434405518108822,0.16393516694859644
0.5620833778521301,0.4648882429441255,0.8895626341945964,0.9502741539374244,-0.24443884749134753,0.10415578861306768,0.1624199922854458
0.5594822581021675,0.4637225766673309,0.8878122382786607,0.9507476713168411,-0.24367717676944578,0.10396397870380301,0.16090926057673374
0.556875616488188,0.46253860341722897,0.8860662713434596,0.9512194546043438,-0.24290802222930905,0.10376859818856501,0.1594030111034309
0.5542634787366941,0.46133636993505744,0.8843248023167811,0.95168949917702,-0.24213140165975638,0.10356962023045638,0.15790128324935668
0.5516458706284305,0.46011592368293525,0.8825878999488395,0.9521578002651001,-0.2413473331908375,0.10336701842432267,0.1564041164997339
0.5490228179981314,0.4588773128419904,0.8808556328095651,0.9526243529536018,-0.2405558352923776,0.10316076680062124,0.15491155043968174
0.5463943467342689,0.45762058631045865,0.8791280692859016,0.9530891521839937,-0.23975692677251323,0.10295083982923917,0.15342362475267668
0.5437604827787925,0.4563457937017514,0.8774052775790948,0.9535521927558845,-0.23895062677621257,0.10273721242326644,0.15194037921894338
0.541121252126876,0.4550529853424979,0.8756873257020154,0.9540134693287272,-0.23813695478378724,0.10251985994271962,0.15046185371380763
0.5384766808266598,0.4537422122705582,0.873974281476458,0.9544729764235467,-0.23731593060939182,0.10229875819821682,0.14898808820599313
0.5358267949789971,0.45241352623300995,0.8722662125304791,0.9549307084246843,-0.23648757439951346,0.10207388345460422,0.14751912275586934
0.5331716207371885,0.4510669796841013,0.8705631862957123,0.9553866595815631,-0.23565190663144744,0.10184521243452943,0.14605499751364737
0.5305111843067348,0.4497026257831859,0.8688652700047212,0.9558408240104707,-0.23480894811176756,0.10161272232196851,0.1445957527175272
0.5278455119450667,0.44832051839261805,0.8671725306883298,0.9562931956963598,-0.2339587199747791,0.10137639076569692,0.14314142869179142
0.5251746299612954,0.44692071207563167,0.8654850351729897,0.9567437684946676,-0.23310124368096805,0.10113619588271248,0.14169206584485103
0.5224985647159487,0.4455032620941838,0.8638028500781364,0.9571925361331498,-0.23223654101543584,0.10089211626160237,0.1402477046672415
0.5198173426207094,0.44406822440677224,0.8621260418135532,0.9576394922137355,-0.23136463408632457,0.10064413096585881,0.13880838572956325
0.5171309901381573,0.4426156556662277,0.8604546765767631,0.9580846302143937,-0.2304855453232338,0.10039221953714011,0.137374149680378
0.514439533781506,0.44114561321747636,0.8587888203504,0.9585279434910191,-0.22959929747562602,0.10013636199847688,0.1359450372440522
0.5117430001143455,0.4396581550952784,0.857128538899619,0.9589694252793313,-0.228705913611225,0.09987653885742406,0.1345210892185515
0.5090414157503712,0.43815334002193174,0.8554738977694855,0.9594090686967902,-0.22780541711439942,0.099612731109155,0.13310234647318328
0.5063348073531334,0.4366312274049606,0.8538249622824013,0.9598468667445246,-0.2268978316845449,0.09934492023950246,0.13168884994629357
0.5036232016357611,0.43509187733476296,0.8521817975355128,0.9602828123092768,-0.22598318133444864,0.09907308822793846,0.1302806406429105
0.5009066253607095,0.43353535058224485,0.8505444683981521,0.9607168981653575,-0.22506149038865214,0.09879721755050075,0.12887775963234058
0.4981851053394914,0.43196170859641797,0.8489130395092721,0.9611491169766183,-0.2241327834818013,0.09851729118265747,0.1274802480457196
0.49545866843240755,0.4303710135019718,0.8472875752748882,0.9615794612984334,-0.22319708555698609,0.09823329260211497,0.12608814707350302
0.49272734154829173,0.4287633280968262,0.8456681398655487,0.9620079235796941,-0.22225442186407826,0.0979452057915657,0.12470149796292607
0.4899911516442369,0.4271387158496478,0.844054797213787,0.9624344961648172,-0.22130481795805332,0.09765301524137593,0.12332034201539863
0.4872501257253328,0.42549724089734625,0.8424476110116121,0.9628591712957627,-0.2203482996973088,0.0973567059522131,0.12194472058386205
0.4845042908443979,0.42383896804254156,0.8408466447079798,0.9632819411140633,-0.21938489324197294,0.0970562634376116,0.12057467507009638
0.4817536741017146,0.42216396275100715,0.8392519615063002,0.9637027976628636,-0.21841462505220613,0.09675167372647776,0.1192102469219779
0.4789983026447613,0.42047229114908474,0.8376636243619375,0.9641217328889707,-0.21743752188649418,0.09644292336553087,0.11785147763069648
0.47623820366793873,0.41876402002107066,0.8360816959797187,0.9645387386449147,-0.2164536107999316,0.09612999942168292,0.11649840872791294
0.4734734044123127,0.417039216806586,0.8345062388114713,0.9649538066910145,-0.215462919142504,0.09581288948435414,0.11515108178289049
0.4707039321653326,0.4152979495979064,0.8329373150535432,0.965366928697459,-0.214465474557354,0.09549158166772448,0.11380953839955743
0.46792981426057356,0.4135402871372811,0.8313749866443614,0.9657780962463899,-0.21346130497904936,0.09516606461292097,0.1124738202135468
0.4651510780774587,0.411766298814214,0.8298193152619728,0.9661873008339977,-0.21245043863183613,0.09483632749013968,0.11114396888917237
0.4623677510409923,0.4099760546627266,0.8282703623216235,0.9665945338726212,-0.21143290402789006,0.09450236000070211,0.10982002611637215
0.45957986062148776,0.40816962535859197,0.8267281889733197,0.9669997866928571,-0.21040872996555876,0.09416415237904548,0.10850203360760295
0.4567874343342996,0.4063470822165471,0.8251928560994273,0.9674030505456733,-0.20937794552759906,0.09382169539464695,0.10719003309469186
0.453990499739547,0.40450849718747395,0.8236644243122583,0.9678043166045316,-0.20834058007940567,0.09347498035387881,0.10588406632564784
0.4511890844418447,0.4026539428555608,0.8221429539516817,0.9682035759675136,-0.2072966632672349,0.09312399910179912,0.1045841750614214
0.4483832160900329,0.40078349243543876,0.8206285050827448,0.9686008196594518,-0.2062462250164239,0.09276874402387085,0.10329040107263827
0.4455729223768963,0.39889721976928555,0.8191211374932922,0.9689960386340689,-0.20518929552959855,0.09240920804761463,0.10200278613627103
0.4427582310389017,0.39699519932391786,0.817620910691619,0.969389223776117,-0.20412590528488322,0.09204538464419165,0.10072137203229144
0.43993916985591547,0.3950775061878455,0.8161278839041068,0.9697803659035241,-0.20305608503409717,0.09167726782991678,0.09944620054026276
0.43711576665093343,0.3931442160683099,0.8146421160729005,0.9701694557695435,-0.20197986580095048,0.0913048521677018,0.0981773134359055
0.4342880492898045,0.39119540528829405,0.8131636658535663,0.9705564840649056,-0.20089727887923203,0.09092813276842801,0.09691475248761758
0.4314560456809591,0.38923115078351184,0.81169259161279,0.9709414414199727,-0.19980835583099435,0.09054710529224859,0.09565855945295715
0.4286197837751286,0.38725153009936714,0.8102289514260629,0.971324318406898,-0.19871312848473005,0.0901617659498175,0.09440877607508963
0.42577929156507227,0.3852566213878944,0.8087728030753925,0.9717051055417844,-0.19761162893354595,0.08977211150344946,0.0931654440791895
0.4229345970853039,0.3832465034046754,0.807324204047025,0.9720837932868445,-0.19650388953333278,0.08937813926820526,0.09192860516881858
0.42008572841180625,0.381221255505724,0.8058832115291663,0.9724603720525655,-0.1953899429009253,0.08897984711290512,0.09069830102225064
0.41723271366176545,0.3791809576443611,0.8044498824097369,0.9728348321998707,-0.19426982191226602,0.08857723346106959,0.08947457328877989
0.4143755809932845,0.3771256903680522,0.8030242732741129,0.9732071640422826,-0.193143559700556,0.08817029729178613,0.0882574635849766
0.4115143586051085,0.37505553481522963,0.8016064404029043,0.9735773578480884,-0.19201118965440628,0.08775903814050205,0.08704701349091988
0.408649074736349,0.37297057271209105,0.8001964397697244,0.9739454038425019,-0.1908727454159853,0.08734345609974364,0.08584326454639524
0.40577975766620006,0.3708708863693697,0.798794327038984,0.974311292209826,-0.18972826087915837,0.08692355181976018,0.08464625824705156
0.4029064357136629,0.3687565586790872,0.7974001575636928,0.9746750130956142,-0.18857777018762742,0.08649932650909259,0.08345603604053997
0.4000291372372644,0.3666276731112798,0.7960139863832737,0.9750365566088313,-0.18742130773306415,0.08607078193506841,0.08227263932260527
0.39714789063478123,0.3644843137107063,0.7946358682213938,0.9753959128240088,-0.18625890815324256,0.08563792042421935,0.08109610943316317
0.394262724342951,0.36232656509352335,0.7932658574837951,0.9757530717834041,-0.18509060633016225,0.08520074486262322,0.07992648765233087
0.3913736668372034,0.36015451244395424,0.791904008256159,0.9761080234991497,-0.18391643738817678,0.08475925869617103,0.07876381519644583
0.38848074663136645,0.3579682415109159,0.790550374301958,0.9764607579554062,-0.18273643669210873,0.08431346593075531,0.07760813321403809
0.38558399227739626,0.35576783860464245,0.7892050090603451,0.9768112651105069,-0.18155063984537162,0.08386337113238354,0.07645948278179353
0.3826834323650905,0.35355339059327434,0.7878679656440357,0.9771595348991007,-0.18035908268808198,0.08340897942721323,0.07531790490047732
0.3797790955218012,0.35132498489942465,0.7865392968372145,0.9775055572342928,-0.17916180129516837,0.08295029650150954,0.07418344049083224
0.3768710104121629,0.34908270949673653,0.7852190550934508,0.977849322009776,-0.17795883197448445,0.08248732860152644,0.07305613038946374
0.37395920573780006,0.3468266529064022,0.7839072925336275,0.9781908191019625,-0.17675021126491056,0.08202008253330868,0.07193601534468323
0.3710437102370516,0.34455690419367474,0.7826040609438862,0.9785300383721064,-0.17553597593446035,0.08154856566241638,0.0708231360123464
0.368124552684678,0.3422735529643443,0.7813094117735762,0.9788669696684242,-0.17431616297837751,0.08107278591357032,0.06971753295165045
0.3652017618915888,0.3399766893612104,0.7800233961332325,0.9792016028282062,-0.17309080961723974,0.08059275177022061,0.06861924662092939
0.3622753667045461,0.33766640406051246,0.7787460647925476,0.9795339276799248,-0.17185995329504924,0.08010847227403393,0.06752831737340806
0.3593453960058904,0.3353427882683598,0.777477468178378,0.9798639340453331,-0.17062363167733216,0.07961995702430458,0.06644478545295576
0.3564118787132514,0.33300593371712633,0.7762176563727453,0.980191611741559,-0.16938188264922885,0.07912721617728449,0.0653686909898082
0.3534748437792572,0.33065593266182597,0.7749666791108621,0.980516950583193,-0.16813474431358222,0.0786302604454343,0.0643000739962712
0.3505343201912593,0.3282928778764784,0.7737245857791689,0.9808399403843641,-0.16688225498903145,0.07812910109659625,0.06323897436242008
0.3475903369710375,0.3259168626504397,0.7724914254133837,0.9811605709608137,-0.16562445320809518,0.07762374995308627,0.062185431851764755
0.3446429231745177,0.3235279807847226,0.7712672466965659,0.9814788321319564,-0.1643613777152594,0.0771142193907064,0.061139486096917134
0.3416921078914833,0.3211263265882921,0.7700520979571946,0.9817947137229356,-0.1630930674650608,0.07660052233767876,0.060101176595228525
0.3387379202452907,0.31871199487434426,0.7688460271672629,0.9821082055666693,-0.1618195616201713,0.07608267227349863,0.059070542704427395
0.33578038939258104,0.31628508095656244,0.7676490819403796,0.9824192975058863,-0.16054089954947992,0.07556068322770783,0.05804762363823642
0.33281954452298634,0.31384568064534996,0.7664613095298928,0.9827279793951547,-0.159257120826171,0.07503456977858779,0.05703245846197596
0.3298554148588536,0.3113938902440568,0.7652827568270235,0.9830342411028978,-0.15796826522580934,0.07450434705177435,0.05602508608816982
0.32688802965494257,0.30892980654516716,0.7641134703590143,0.9833380725134048,-0.15667437272441395,0.07397003071878962,0.055025545272123826
0.3239174181981497,0.3064535268264884,0.7629534962872929,0.983639463528826,-0.15537548349654196,0.0734316369954971,0.054033874607513965
0.32094360980720993,0.30396514884730297,0.7618028804056496,0.9839384040711623,-0.1540716379133621,0.0728891826404742,0.053050112521950056
0.3179666338324116,0.30146477084451284,0.760661668138429,0.98423488408424,-0.15276287654073473,0.07234268495330558,0.0520742972725486
0.3149865196553048,0.29895249152875936,0.7595299045387367,0.9845288935356776,-0.15144924013728722,0.07179216177279724,0.05110646694148502
0.31200329668841503,0.29642841008052967,0.7584076342866637,0.9848204224188398,-0.15013076965249275,0.07123763147510977,0.05014665943155719
0.3090169943749478,0.2938926261462368,0.7572949016875156,0.9851094607547799,-0.14880750622474415,0.07067911297181166,0.04919491246173056
0.3060276421885004,0.2913452398342877,0.7561917506700717,0.9853959985941716,-0.1474794911794312,0.07011662570785338,0.04825126356269039
0.3030352696327747,0.2887863517111343,0.7550982247848448,0.985680026019227,-0.1461467660270187,0.06955018965946187,0.04731575007239179
0.3000399062412763,0.2862160627972954,0.7540143672023643,0.9859615331456038,-0.14480937246111825,0.06897982533195371,0.04638840913160197
0.29704158157703514,0.28363447456337837,0.7529402207114718,0.9862405101242991,-0.14346735235657018,0.06840555375747173,0.04546927767945508
0.2940403252323044,0.28104168892606557,0.7518758277176316,0.9865169471435317,-0.14212074776751565,0.06782739649263957,0.04455839244899569
0.2910361668282725,0.2784378082440945,0.7508212302412565,0.9867908344306083,-0.14076960092547605,0.06724537561613791,0.04365578996273754
0.28802913601476915,0.275822935314215,0.7497764699160483,0.9870621622537802,-0.13941395423742875,0.0666595137262023,0.042761506528214
0.2850192624699763,0.2731971733671346,0.7487415879873578,0.9873309209240839,-0.13805385028388714,0.06606983393804161,0.04187557823354468
0.2820065759001298,0.2705606260634381,0.7477166253105492,0.9875971007971699,-0.1366893318169763,0.0654763598811772,0.040998040942998255
0.27899110603922894,0.26791339748949794,0.7467016223493954,0.9878606922751146,-0.13532044175851304,0.06487911569670432,0.040128930292568005
0.2759728826487464,0.2652555921533676,0.7456966191744749,0.9881216858082216,-0.13394722319808725,0.06427812603447601,0.039268281685554886
0.2729519355173253,0.2625873149806478,0.7447016554615924,0.9883800718968063,-0.13256971939113799,0.06367341605020627,0.038416130288154264
0.26992829446049654,0.2599086713103549,0.7437167704902115,0.988635841092966,-0.13118797375704036,0.06306501140249944,0.037572511025062115
0.266901989320376,0.25721976689075354,0.7427420031419045,0.9888889840023367,-0.12980202987718298,0.062452938249798515,0.03673745857508116
0.26387304996537264,0.2545207078751854,0.7417773918988171,0.9891394912858334,-0.12841193149305352,0.06183722324725789,0.035911007366749834
0.2608415062898969,0.2518116008178803,0.7408229748421491,0.9893873536613749,-0.12701772250432328,0.061217893543540146,0.03509319157397614
0.25780738821405996,0.24909255266974548,0.7398787896506533,0.9896325619055953,-0.12561944696693098,0.060594976777533775,0.034284045111690156
0.2547707256833825,0.246363670774146,0.7389448735991422,0.9898751068555378,-0.12421714909117028,0.059968501074997,0.03348360163151083
0.25173154866849673,0.24362506286266578,0.7380212635570238,0.9901149794103333,-0.12281087323977721,0.05933849504512447,0.03269189451742776
0.2486898871648555,0.24087683705085822,0.737107995986841,0.9903521705328632,-0.12140066392602121,0.0587049877770396,0.03190895688150438
0.24564577119242634,0.2381191018339695,0.7362051069428333,0.9905866712514069,-0.11998656581179108,0.05806800883620932,0.031134821559591644
0.2425992307954085,0.23535196608266717,0.7353126320695141,0.9908184726612712,-0.11856862370569322,0.05742758826078816,0.030369521107072993
0.2395502960419222,0.23257553903872946,0.7344306066002636,0.9910475659264041,-0.11714688256113825,0.05678375655788313,0.02961308779461585
0.23649899702372437,0.2297899303107436,0.7335590653559368,0.9912739422809923,-0.11572138747444191,0.056136544699749574,0.028865553603958066
0.2334453638559053,0.22699524986977326,0.7326980427434895,0.9914975930310411,-0.11429218368291846,0.055485984119910195,0.028126950223707235
0.23038942667659068,0.22419160804501617,0.7318475727546212,0.9917185095559382,-0.11285931656297866,0.05483210670920199,0.027397309045168065
0.2273312156466467,0.22137911551945097,0.7310076889644291,0.9919366833099992,-0.11142283162823065,0.05417494481175149,0.026676661158193813
0.22427076094938078,0.21855788332546605,0.7301784245300886,0.9921521058239965,-0.10998277452758072,0.053514531220877216,0.02596503734706235
0.22120809279024778,0.21572802284048007,0.7293598121895392,0.992364768706671,-0.10853919104333859,0.052850899174921716,0.025262468086381717
0.21814324139654254,0.21288964578253627,0.7285518842601941,0.9925746636462253,-0.10709212708931808,0.05218408235300994,0.024568983537017804
0.21507623701711442,0.21004286420590407,0.727754672637665,0.9927817824118,-0.10564162870895002,0.051514114870741805,0.023884613542058907
0.212007109922055,0.20718779049664238,0.7269682087945015,0.9929861168549321,-0.10418774207338471,0.0508410312758094,0.023209387622800406
0.20893589040241137,0.2043245373681742,0.7261925237789493,0.9931876589109933,-0.10273051347960815,0.050164866543550166,0.02254333497477015
0.20586260876988205,0.201453217856832,0.725427648213725,0.9933864006006135,-0.10126998934855226,0.04948565607242809,0.021886484463777417
0.20278729535651255,0.19857394531739034,0.7246736122948059,0.9935823340310842,-0.09980621622320704,0.048803435679446276,0.021238864621998695
0.19970998051440728,0.19568683341860144,0.7239304457902388,0.9937754513977429,-0.09833924076674251,0.048118241595496124,0.020600503644097372
0.1966306946154205,0.19279199613869868,0.7231981780389659,0.9939657449853396,-0.0968691097606228,0.047430110460634806,0.01997142938337574
0.1935494680508609,0.18988954776090114,0.7224768379496626,0.9941532071693852,-0.09539587010272865,0.04673907931929974,0.019351669347965245
0.19046633123118983,0.18697960286890017,0.7217664539996016,0.9943378304174801,-0.09391956880547968,0.04604518561545612,0.01874125069705094
0.1873813145857239,0.1840622763423383,0.7210670542335247,0.994519607290624,-0.09244025299396,0.04534846718768057,0.018140200237136923
0.18429444856233365,0.18113768335227315,0.7203786662625368,0.994698530444508,-0.09095796990404491,0.044648962264180074,0.017548544418345625
0.181205763627137,0.17820593935662501,0.7197013172630166,0.9948745926307859,-0.08947276688052705,0.04394670945774579,0.01696630933076108
0.17811529026421086,0.17526716009563018,0.7190350339755425,0.9950477866983263,-0.08798469137525311,0.04324174776064892,0.016393520700809745
0.1750230589752761,0.17232146158725856,0.7183798427038379,0.9952181055944473,-0.08649379094525059,0.042534116539467974,0.015830203887683955
0.17192910027940977,0.1693689601226459,0.7177357693137323,0.9953855423661294,-0.0850001132508694,0.041823855529861564,0.015276383879807417
0.1688334447127343,0.16640977226149373,0.7171028392321409,0.9955500901612097,-0.0835037060539149,0.04111100483127505,0.014732085291343469
0.1657361228281203,0.16344401482747184,0.7164810774460585,0.9957117422295579,-0.08200461721578953,0.04039560490159104,0.01419733235874781
0.16263716519488353,0.1604718049036047,0.7158705085015766,0.9958704919242299,-0.080502894695634,0.039677696551719356,0.01367214893736562
0.1595366023984864,0.15749325982765253,0.7152711565029116,0.9960263327026037,-0.07899858654847303,0.03895732094013009,0.0131565584980766
0.15643446504023117,0.15450849718747403,0.714683045111454,0.9961792581274942,-0.07749174092335878,0.03823451956732773,0.012650584123981647
0.15333078373696027,0.15151763481638664,0.7141061975448344,0.9963292618682491,-0.07598240606152082,0.03750933427026995,0.012154248507144466
0.15022558912075776,0.14852079078851813,0.7135406365760073,0.9964763377018229,-0.07447063029451796,0.03678180721673181,0.011667573945374664
0.1471189118386374,0.14551808341413594,0.712986384532351,0.9966204795138341,-0.07295646204238648,0.03605198089961158,0.011190582339063233
0.14401078255225236,0.14250963123498828,0.7124434632947871,0.996761681299597,-0.07143994981180077,0.03531989813118792,0.010723295188069224
0.14090123193758305,0.13949555301961503,0.7119118942969174,0.9968999371651389,-0.06992114219422553,0.034585602037319196,0.010265733588653974
0.13779029068463866,0.1364759677586632,0.7113916985241742,0.9970352413281923,-0.06840008786407703,0.03384913605159359,0.009817918230470214
0.1346779894971525,0.1334509946601877,0.710882896512997,0.9971675881191704,-0.06687683557688325,0.033110543909427,0.009379869393600688
0.1315643590922826,0.13042075314494858,0.7103855083500178,0.9972969719821178,-0.0653514341674489,0.032369869642111485,0.008951606945653218
0.12844943020030314,0.12738536284169139,0.7098995536712696,0.9974233874756451,-0.063823932548018,0.031627157570812824,0.008533150338905482
0.12533323356430384,0.12434494358242701,0.7094250516614107,0.9975468292738401,-0.06229437970644263,0.030882452300520943,0.008124518607509523
0.12221579993989011,0.12129961539770438,0.7089620210529683,0.997667292167159,-0.06076282470435389,0.030135798713953776,0.007725730364746622
0.11909716009486973,0.11824949851186234,0.7085104801255979,0.9977847710632965,-0.0592293166753285,0.029387241965410944,0.007336803800342134
0.11597734480896155,0.11519471333829548,0.7080704467053619,0.9978992609880365,-0.0576939048230682,0.02863682747458765,0.00695775667783542
0.11285638487348207,0.11213538047469097,0.707641938164027,0.9980107570860793,-0.05615663841957025,0.027884600920338544,0.0065886063320073265
0.10973431109104495,0.10907162069827098,0.7072249714183757,0.9981192546218501,-0.0546175668033063,0.027130608234401346,0.006229369666366607
0.1066111542752598,0.10600355496102722,0.706819562929542,0.9982247489802863,-0.053076739377402864,0.02637489559507793,0.005880063150693663
0.1034869452504226,0.10293130438494075,0.7064257287023583,0.9983272356676032,-0.05153420560781956,0.02561750942087168,0.005540702818646888
0.10036171485121516,0.09985499025720378,0.706043484284726,0.9984267103120372,-0.04999001502153368,0.02485849636408704,0.005211304265424336
0.09723549392239891,0.09677473402542973,0.7056728447669998,0.9985231686645717,-0.04844421720472382,0.024097903304387918,0.004891882645491094
0.09410831331851498,0.09369065729286297,0.7053138247813935,0.9986166065996376,-0.04689686180095843,0.023335777342319612,0.004582452670365422
0.09098020390356988,0.09060288181356865,0.7049664385014012,0.9987070201157956,-0.045347998509379026,0.022572165792789853,0.004283028606465713
0.08785119655074422,0.08751152948763906,0.7046306996412386,0.9987944053363959,-0.04379767708289645,0.021807116178519326,0.003993624273023407
0.0847213221420738,0.0844167223563673,0.7043066214553007,0.9988787585102166,-0.04224594732637527,0.021040676223450287,0.0037142530400557814
0.08159061156815722,0.08131858259744147,0.7039942167376396,0.9989600760120809,-0.040692859094832806,0.020272893846127755,0.003444927826403505
0.07845909572784569,0.07821723252011618,0.7036934978214588,0.999038354343454,-0.03913846229163108,0.019503817153043317,0.003185661097833017
0.07532680552793278,0.07511279456037859,0.7034044765786258,0.9991135901330168,-0.03758280686667016,0.018733494431947204,0.0029364648652016705
0.07219377188286084,0.07200539127612633,0.7031271644192048,0.9991857801372195,-0.03602594281459141,0.017961974145133664,0.0026973506826900836
0.06906002571440537,0.0688951453423186,0.7028615722910048,0.9992549212408127,-0.03446792017297108,0.017189304922691363,0.0024683296460987466
0.06592559795137849,0.06578217954614189,0.7026077106791482,0.9993210104573581,-0.03290878902052507,0.01641553555573007,0.002249412391210472
0.06279051952931332,0.06266661678215207,0.7023655896056568,0.9993840449297181,-0.03134859947530517,0.01564071498957527,0.0020406090922197324
0.05965482139017173,0.0595485800474359,0.702135218629056,0.9994440219305203,-0.029787401692908617,0.014864892316942265,0.0018419294602295046
0.05651853448202487,0.05642819243674118,0.7019166068439976,0.9995009388626067,-0.028225245864675168,0.014088116771078699,0.0016533827418141662
0.05338168975876012,0.05330557713762961,0.7017097628809004,0.9995547932594543,-0.02666218221589853,0.013310437718889559,0.0014749777176505754
0.050244318179770285,0.05018085742560817,0.7015146949056101,0.9996055827855794,-0.02509826100403011,0.012531904654035128,0.0013067227012170078
0.0471064507096427,0.0470541566592572,0.701331410619076,0.9996533052369183,-0.023533532516883886,0.01175256719000728,0.0011486255375612595
0.04396811831786514,0.04392559827537182,0.7011599172570483,0.9996979585411859,-0.021968047070850587,0.010972475053189644,0.0010006936021354305
0.040829351978510425,0.0407953057840792,0.701000221589791,0.9997395407582129,-0.020401855009102316,0.010191678075893123,0.0008629337997023325
0.03769018266993516,0.037663402763966985,0.7008523299218159,0.999778050080262,-0.018835006699805056,0.009410226189376978,0.0007353525633088128
0.0345506413744722,0.03453001285720283,0.7007162480916325,0.9998134848323221,-0.017267552534329007,0.008628169416851414,0.0006179558533304607
0.031410759078127536,0.03139525976465593,0.7005919814715185,0.9998458434723798,-0.01569954292546188,0.00784555786646564,0.0005107491565840681
0.028270566770273575,0.028259267241012586,0.7004795349673075,0.9998751245916712,-0.014131028305621149,0.0070624417242804985,0.000413737485512665
0.025130095443337108,0.025122159089884407,0.7003789130181948,0.9999013269149095,-0.012562059125064315,0.0062788712472265015,0.0003269253774385799
0.02198937609250582,0.021984059158933165,0.7002901195965626,0.9999244493004926,-0.010992685850109103,0.005494896756054381,0.00025031689388821556
0.018848439715408196,0.01884509133496729,0.7002131582078233,0.9999444907406893,-0.009422958961340894,0.004710568628268116,0.0001839156199869627
0.01570731731182089,0.01570537953906436,0.7001480318902804,0.9999614503617998,-0.007852928951834388,0.003925937291055113,0.00012772466392476953
0.012566039883353019,0.01256504772166915,0.70009474321501,0.9999753274243021,-0.006282646325364207,0.003141053214202148,8.174665649375556e-05
0.009424638433144613,0.009424219857704695,0.7000532942857572,0.9999861213229675,-0.004712161594622894,0.0023559669030075634,4.598375069465397e-05
0.006283143965558866,0.006283019941676219,0.7000236867388552,0.9999938315869616,-0.003141525279436194,0.001570728891185842,2.0437621417406435e-05
0.003141587485879674,0.003141571982779586,0.7000059217431589,0.9999984578799194,-0.0015707879049811763,0.0007853897337686619,5.109465189822114e-06
