timestep,esc_msg_time_ms,esc_receive_time_ms,force_msg_time_ms,force_receive_time_ms,force_x,force_y,force_z,force_norm,torque_x,torque_y,torque_z,power_current,rotor0_target_thrust,rotor0_rpm,rotor0_esc_current,rotor0_esc_voltage,rotor0_temperature,rotor0_crc_error
0.000000,0.000000,0.000000,0.000000,0.000000,0.000000,0.000000,0.000000,0.000000,0.000000,0.000000,0.000000,0.000000,5.000000,0,0.000000,0.000000,0,0
0.010096,1782129026028.934814,1782129026030.357666,0.000000,0.000000,0.000000,0.000000,0.000000,0.000000,0.000000,0.000000,0.000000,0.000000,5.000000,900,121.170000,24.760000,38,44
0.020114,1782129026037.934814,1782129026040.426270,1782129026039.839600,1782129026040.416504,-0.015000,-0.030000,0.030000,0.045000,0.000800,0.000800,-0.004400,0.000000,5.000000,900,121.170000,24.760000,38,185
0.030094,1782129026048.934814,1782129026050.451660,1782129026039.839600,1782129026040.416504,-0.015000,-0.030000,0.030000,0.045000,0.000800,0.000800,-0.004400,0.000000,5.000000,900,121.170000,24.760000,38,23
0.040119,1782129026057.934814,1782129026060.430664,1782129026059.850342,1782129026060.440674,0.030000,-0.180000,-0.060000,0.192094,0.032000,0.002800,-0.080000,0.000000,5.000000,900,121.170000,24.760000,38,169
0.050121,1782129026057.934814,1782129026060.430664,1782129026069.843262,1782129026070.445801,0.105000,0.150000,0.030000,0.185540,-0.017200,0.012000,-0.049600,0.000000,5.000000,900,121.170000,24.760000,38,169
0.060079,1782129026068.934814,1782129026080.447266,1782129026079.843994,1782129026080.456543,0.045000,0.240000,0.090000,0.260240,-0.035200,0.004800,-0.019600,0.000000,5.000000,900,121.170000,24.760000,38,166
0.070100,1782129026080.934814,1782129026090.400391,1782129026089.844482,1782129026090.408203,-0.060000,0.120000,0.060000,0.146969,-0.021600,-0.006400,-0.021200,0.000000,5.000000,900,121.170000,24.760000,38,88
0.080111,1782129026092.934814,1782129026100.424805,1782129026099.845703,1782129026100.434570,-0.120000,0.000000,0.000000,0.120000,0.001600,-0.012000,-0.018400,0.000000,5.000000,4985,119.480000,24.680000,38,109
0.090111,1782129026104.934814,1782129026110.454590,1782129026109.943115,1782129026110.467285,-0.090000,-0.060000,0.000000,0.108167,0.015600,-0.007600,-0.010000,0.000000,5.000000,5557,119.920000,24.740000,38,0
0.100017,1782129026112.934814,1782129026120.437012,1782129026119.848145,1782129026120.447266,-0.015000,-0.135000,0.000000,0.135831,0.009200,0.002800,-0.008800,0.000000,5.000000,5557,119.920000,24.740000,38,7
0.110098,1782129026124.934814,1782129026130.336426,1782129026129.846436,1782129026130.342773,0.075000,-0.060000,-0.030000,0.100623,-0.002000,0.008000,-0.004000,0.000000,5.000000,5671,120.690000,24.800000,38,0
0.120087,1782129026137.934814,1782129026140.422852,1782129026129.846436,1782129026130.342773,0.075000,-0.060000,-0.030000,0.100623,-0.002000,0.008000,-0.004000,0.000000,5.000000,5671,120.690000,24.800000,38,94
0.130020,1782129026144.934814,1782129026150.411377,1782129026149.846436,1782129026150.420166,0.045000,0.105000,0.030000,0.118110,-0.008000,0.003200,-0.007200,0.000000,5.000000,5671,120.690000,24.800000,38,87
0.140188,1782129026157.934814,1782129026160.332764,1782129026159.846680,1782129026160.340332,0.060000,0.030000,-0.030000,0.073485,-0.008000,0.005600,-0.003200,0.000000,5.000000,5671,120.690000,24.800000,38,175
0.150152,1782129026168.934814,1782129026170.510498,1782129026169.847900,1782129026170.501709,0.030000,-0.015000,0.030000,0.045000,-0.001600,0.003600,-0.005600,0.000000,5.000000,5671,120.690000,24.800000,38,45
0.160110,1782129026168.934814,1782129026170.510498,1782129026179.849365,1782129026180.481934,-0.015000,-0.150000,0.000000,0.150748,0.005600,0.002000,0.002000,0.000000,5.000000,5671,120.690000,24.800000,38,45
0.170100,1782129026180.934814,1782129026190.423828,1782129026189.846436,1782129026190.432129,-0.015000,-0.150000,0.030000,0.153704,0.012400,0.000000,-0.000800,0.000000,5.000000,5671,120.690000,24.800000,38,138
0.180015,1782129026192.934814,1782129026200.424316,1782129026199.847900,1782129026200.433594,-0.015000,-0.045000,0.030000,0.056125,0.007600,-0.002000,-0.004400,0.000000,5.000000,5671,120.690000,24.800000,38,215
0.190134,1782129026200.934814,1782129026210.329102,1782129026209.847168,1782129026210.336670,0.015000,0.060000,0.030000,0.068739,-0.003600,-0.002400,-0.006400,0.000000,5.000000,5671,120.690000,24.800000,38,237
0.200024,1782129026212.934814,1782129026220.446533,1782129026219.846924,1782129026220.456299,0.030000,0.120000,0.030000,0.127279,-0.010800,-0.000800,-0.002400,0.000000,5.000000,5671,120.320000,24.760000,38,119
0.210078,1782129026224.934814,1782129026230.344482,1782129026219.846924,1782129026220.456299,0.030000,0.120000,0.030000,0.127279,-0.010800,-0.000800,-0.002400,0.100000,5.000000,5700,120.770000,24.780000,38,0
0.220116,1782129026232.934814,1782129026240.390381,1782129026239.847168,1782129026240.398193,-0.015000,-0.075000,0.030000,0.082158,0.003600,0.000400,-0.006400,0.100000,5.000000,5700,120.770000,24.780000,38,110
0.230083,1782129026244.934814,1782129026250.444092,1782129026249.848145,1782129026250.454102,0.000000,-0.075000,0.060000,0.096047,0.005200,-0.000400,-0.007600,0.100000,5.000000,5700,120.770000,24.780000,38,130
0.240099,1782129026257.934814,1782129026260.408447,1782129026259.846436,1782129026260.418213,0.000000,-0.015000,0.000000,0.015000,0.002800,-0.002000,-0.004400,0.100000,5.000000,5700,120.770000,24.780000,38,224
0.250130,1782129026268.934814,1782129026270.424316,1782129026269.847900,1782129026270.434082,-0.015000,0.075000,0.000000,0.076485,-0.002000,-0.002400,-0.008000,0.100000,5.000000,5685,120.120000,24.430000,39,99
0.260144,1782129026277.934814,1782129026280.455322,1782129026279.845947,1782129026280.465332,0.015000,0.090000,0.030000,0.096047,-0.006000,0.000400,-0.008800,0.100000,5.000000,5685,120.120000,24.430000,39,17
0.270078,1782129026277.934814,1782129026280.455322,1782129026289.905273,1782129026290.456299,0.075000,0.060000,-0.030000,0.100623,-0.006800,0.005600,-0.008400,0.100000,5.000000,5685,120.120000,24.430000,39,17
0.280115,1782129026288.934814,1782129026300.390137,1782129026299.846924,1782129026300.397461,0.075000,-0.030000,0.030000,0.086168,0.000800,0.006000,-0.006000,0.100000,5.000000,5685,119.920000,24.660000,38,19
0.290101,1782129026300.934814,1782129026310.434326,1782129026309.847900,1782129026310.441406,0.045000,-0.045000,0.000000,0.063640,0.004400,0.003600,-0.015200,0.100000,5.000000,5685,119.920000,24.660000,38,36
0.300150,1782129026312.934814,1782129026320.425537,1782129026309.847900,1782129026310.441406,0.045000,-0.045000,0.000000,0.063640,0.004400,0.003600,-0.015200,0.100000,5.000000,5685,119.920000,24.660000,38,117
0.310061,1782129026320.934814,1782129026330.484375,1782129026329.846924,1782129026330.492676,0.045000,0.165000,0.030000,0.173638,-0.013600,0.002000,-0.002400,1.800000,5.000000,5685,119.920000,24.660000,38,56
0.320080,1782129026332.934814,1782129026340.372559,1782129026339.847656,1782129026340.381836,0.015000,0.240000,0.000000,0.240468,-0.019600,-0.000800,0.000400,1.800000,5.000000,6214,120.240000,24.770000,38,64
0.330089,1782129026344.934814,1782129026350.392090,1782129026349.843262,1782129026350.401367,0.000000,0.270000,0.000000,0.270000,-0.021200,-0.003600,-0.001200,1.800000,5.000000,6257,119.640000,24.630000,38,0
0.340120,1782129026352.934814,1782129026360.400879,1782129026359.844238,1782129026360.413330,-0.045000,0.300000,0.000000,0.303356,-0.020400,-0.005600,-0.006000,1.800000,5.000000,6257,119.640000,24.630000,38,241
0.350018,1782129026364.934814,1782129026370.445557,1782129026369.844238,1782129026370.455078,0.015000,0.255000,-0.030000,0.257196,-0.020800,-0.004400,-0.005200,1.800000,5.000000,6271,119.000000,24.340000,38,0
0.360092,1782129026377.934814,1782129026380.328857,1782129026379.845215,1782129026380.336182,0.015000,0.330000,0.030000,0.331700,-0.024000,-0.000400,-0.000800,1.800000,5.000000,6271,119.000000,24.340000,38,159
0.370101,1782129026388.934814,1782129026390.429199,1782129026389.844238,1782129026390.418945,0.060000,0.315000,0.000000,0.320663,-0.024800,0.003200,-0.003600,1.800000,5.000000,6257,119.120000,24.670000,38,223
0.380091,1782129026388.934814,1782129026390.429199,1782129026399.843018,1782129026400.425293,0.045000,0.315000,0.000000,0.318198,-0.021200,0.004000,-0.004800,1.800000,5.000000,6257,119.120000,24.670000,38,223
0.390078,1782129026400.934814,1782129026410.511719,1782129026399.843018,1782129026400.425293,0.045000,0.315000,0.000000,0.318198,-0.021200,0.004000,-0.004800,1.800000,5.000000,6257,119.120000,24.670000,38,250
0.400090,1782129026408.934814,1782129026420.402832,1782129026419.844727,1782129026420.411133,0.015000,-0.360000,0.000000,0.360312,0.023600,0.003200,-0.002800,1.800000,5.000000,6271,119.640000,24.760000,38,175
0.410012,1782129026420.934814,1782129026430.421631,1782129026429.845215,1782129026430.427734,-0.030000,-0.390000,0.030000,0.392301,0.027200,0.002400,-0.003600,1.800000,5.000000,6271,119.640000,24.760000,38,207
0.420015,1782129026432.934814,1782129026440.324463,1782129026439.843018,1782129026440.332520,-0.030000,-0.420000,0.060000,0.425323,0.027200,0.002000,-0.000400,1.800000,5.000000,6271,119.640000,24.760000,38,236
0.430090,1782129026440.934814,1782129026450.325928,1782129026449.842773,1782129026450.333496,-0.015000,-0.420000,0.060000,0.424529,0.027200,0.001600,0.000000,1.800000,5.000000,6271,119.640000,24.760000,38,203
0.440089,1782129026452.934814,1782129026460.415527,1782129026459.844238,1782129026460.425049,0.000000,-0.420000,0.060000,0.424264,0.026800,0.000400,-0.003600,1.800000,5.000000,6271,119.640000,24.760000,38,171
0.450018,1782129026464.934814,1782129026470.401611,1782129026469.842773,1782129026470.410645,-0.030000,-0.375000,0.030000,0.377392,0.024000,0.000000,-0.004800,1.800000,5.000000,6285,121.050000,24.750000,38,0
0.460092,1782129026472.934814,1782129026480.330811,1782129026479.843506,1782129026480.338623,0.000000,-0.300000,0.030000,0.301496,0.020000,-0.000400,-0.004000,1.800000,5.000000,6285,121.050000,24.750000,38,97
0.470109,1782129026484.934814,1782129026490.416992,1782129026489.844727,1782129026490.426758,0.000000,-0.210000,0.030000,0.212132,0.014400,-0.000400,0.000800,1.800000,5.000000,6285,121.090000,24.780000,38,0
0.480121,1782129026497.934814,1782129026500.421875,1782129026489.844727,1782129026490.426758,0.000000,-0.210000,0.030000,0.212132,0.014400,-0.000400,0.000800,1.800000,5.000000,6285,121.090000,24.780000,38,7
0.490091,1782129026504.934814,1782129026510.457520,1782129026509.844238,1782129026510.447754,0.030000,0.420000,-0.030000,0.422137,-0.027600,0.000000,-0.004000,1.800000,5.000000,6314,121.210000,24.780000,38,0
0.500111,1782129026508.934814,1782129026520.405762,1782129026519.843506,1782129026520.414551,0.060000,0.375000,-0.060000,0.384480,-0.028800,0.000000,-0.004000,1.800000,5.000000,6314,121.210000,24.780000,38,58
0.510018,1782129026520.934814,1782129026530.436523,1782129026529.843262,1782129026530.452881,0.000000,0.375000,0.030000,0.376198,-0.029200,0.000000,-0.003200,0.800000,5.000000,6314,121.210000,24.780000,38,245
0.520092,1782129026528.934814,1782129026540.358154,1782129026539.937500,1782129026540.369629,0.015000,0.390000,-0.060000,0.394873,-0.027200,0.001600,0.000000,0.800000,5.000000,6314,121.210000,24.780000,38,198
0.530077,1782129026540.934814,1782129026550.419189,1782129026549.847412,1782129026550.428955,0.030000,0.285000,0.000000,0.286575,-0.022000,0.001600,-0.003600,0.800000,5.000000,6314,121.210000,24.780000,38,147
0.540091,1782129026554.085449,1782129026560.404541,1782129026559.846924,1782129026560.414062,0.030000,0.180000,0.000000,0.182483,-0.015600,0.002000,-0.004000,0.800000,5.000000,6300,120.770000,24.730000,38,94
0.550125,1782129026566.085449,1782129026570.416260,1782129026569.845459,1782129026570.425781,0.000000,0.120000,-0.030000,0.123693,-0.010400,0.002000,-0.002400,0.800000,5.000000,6300,120.770000,24.730000,38,44
0.560019,1782129026578.085449,1782129026580.449951,1782129026579.847168,1782129026580.459473,0.015000,0.000000,0.000000,0.015000,-0.006000,0.002800,0.000000,0.800000,5.000000,6271,120.730000,24.740000,38,133
0.570098,1782129026590.085449,1782129026590.333008,1782129026579.847168,1782129026580.459473,0.015000,0.000000,0.000000,0.015000,-0.006000,0.002800,0.000000,0.800000,5.000000,6285,120.570000,24.780000,38,0
0.580028,1782129026603.085449,1782129026600.420410,1782129026599.847412,1782129026600.427979,-0.060000,-0.435000,-0.030000,0.440142,0.029200,0.001200,-0.003600,0.800000,5.000000,6285,120.570000,24.780000,38,218
0.590018,1782129026614.085449,1782129026610.340820,1782129026609.847656,1782129026610.350098,0.000000,-0.390000,0.030000,0.391152,0.027600,0.000800,-0.004000,0.800000,5.000000,6314,120.490000,24.740000,38,241
0.600018,1782129026623.085449,1782129026620.339600,1782129026619.850342,1782129026620.348633,-0.030000,-0.315000,0.030000,0.317844,0.024000,0.000400,-0.002000,0.800000,5.000000,6314,120.490000,24.740000,38,28
0.610118,1782129026623.085449,1782129026620.339600,1782129026629.853760,1782129026630.348389,-0.015000,-0.270000,0.000000,0.270416,0.019600,0.000000,-0.000800,0.800000,5.000000,6314,120.490000,24.740000,38,28
0.620081,1782129026634.085449,1782129026640.452393,1782129026639.852539,1782129026640.462158,-0.015000,-0.180000,0.030000,0.183098,0.014800,-0.000800,-0.004000,0.800000,5.000000,6314,120.490000,24.740000,38,97
0.630019,1782129026646.085449,1782129026650.398682,1782129026649.848145,1782129026650.407715,0.030000,-0.105000,0.000000,0.109202,0.008000,-0.000800,-0.002800,0.800000,5.000000,6314,120.490000,24.740000,38,144
0.640087,1782129026654.085449,1782129026660.353516,1782129026659.855225,1782129026660.361328,-0.015000,-0.015000,-0.030000,0.036742,0.000800,-0.001200,-0.003600,0.800000,5.000000,6314,120.490000,24.740000,38,74
0.650111,1782129026666.085449,1782129026670.416504,1782129026669.855469,1782129026670.426025,0.045000,0.105000,0.000000,0.114237,-0.006000,-0.000800,0.000000,0.800000,5.000000,6314,120.490000,24.740000,38,120
0.660020,1782129026678.085449,1782129026680.435059,1782129026669.855469,1782129026670.426025,0.045000,0.105000,0.000000,0.114237,-0.006000,-0.000800,0.000000,0.800000,5.000000,6285,120.770000,24.810000,38,84
0.670021,1782129026686.085449,1782129026690.354248,1782129026689.802979,1782129026690.364502,0.015000,0.360000,-0.060000,0.365274,-0.026400,0.000400,-0.003600,0.800000,5.000000,6285,120.770000,24.810000,38,95
0.680091,1782129026698.085449,1782129026700.350342,1782129026699.853760,1782129026700.360352,-0.015000,0.315000,-0.030000,0.316781,-0.021600,0.001600,-0.005600,0.800000,5.000000,6285,120.490000,24.760000,38,139
0.690102,1782129026710.085449,1782129026710.405029,1782129026709.845703,1782129026710.413086,0.030000,0.240000,0.000000,0.241868,-0.017600,0.002400,-0.000800,0.800000,5.000000,6314,120.570000,24.790000,38,0
0.700106,1782129026723.085449,1782129026720.469727,1782129026719.854492,1782129026720.485840,0.015000,0.120000,0.030000,0.124599,-0.012000,0.002800,-0.001200,0.800000,5.000000,6314,120.570000,24.790000,38,74
0.710039,1782129026734.085449,1782129026730.454102,1782129026729.851562,1782129026730.462891,0.045000,0.015000,0.000000,0.047434,-0.006000,0.002800,-0.004000,0.700000,5.000000,6314,120.570000,24.790000,38,177
0.720148,1782129026743.085449,1782129026740.365723,1782129026739.912842,1782129026740.375977,0.030000,-0.090000,0.000000,0.094868,0.002000,0.002800,-0.003200,0.700000,5.000000,6314,120.570000,24.790000,38,11
0.730095,1782129026750.085449,1782129026750.483154,1782129026749.851074,1782129026750.474609,0.015000,-0.150000,0.030000,0.153704,0.008800,0.002800,-0.000800,0.700000,5.000000,6314,120.570000,24.790000,38,239
0.740030,1782129026763.085449,1782129026760.425049,1782129026759.850098,1782129026760.434570,0.030000,-0.270000,-0.030000,0.273313,0.015200,0.002400,0.000800,0.700000,5.000000,6314,120.570000,24.790000,38,164
0.750016,1782129026763.085449,1782129026760.425049,1782129026759.850098,1782129026760.434570,0.030000,-0.270000,-0.030000,0.273313,0.015200,0.002400,0.000800,0.700000,5.000000,6314,120.570000,24.790000,38,164
0.760016,1782129026774.085449,1782129026780.345215,1782129026779.908447,1782129026780.359131,-0.015000,-0.255000,0.060000,0.262393,0.021600,-0.000800,-0.003600,0.700000,5.000000,6314,120.570000,24.790000,38,64
0.770013,1782129026786.085449,1782129026790.324219,1782129026789.847656,1782129026790.332275,0.015000,-0.195000,0.000000,0.195576,0.016400,-0.001600,-0.003600,0.700000,5.000000,698500,68.420000,514.370000,108,102
0.780012,1782129026798.085449,1782129026800.381592,1782129026799.847412,1782129026800.389160,-0.030000,-0.120000,0.030000,0.127279,0.008400,-0.001600,-0.000800,0.700000,5.000000,6285,120.400000,24.800000,38,213
0.790011,1782129026810.085449,1782129026810.304443,1782129026809.849121,1782129026810.309814,-0.015000,-0.015000,0.030000,0.036742,0.002000,-0.001200,0.000800,0.700000,5.000000,6300,120.530000,24.780000,38,0
0.800016,1782129026818.085449,1782129026820.308350,1782129026819.845947,1782129026820.313965,-0.030000,0.060000,0.030000,0.073485,-0.004800,-0.001200,-0.003600,0.700000,5.000000,6300,120.530000,24.780000,38,2
0.810013,1782129026830.085449,1782129026830.319824,1782129026829.847900,1782129026830.324707,0.000000,0.135000,0.030000,0.138293,-0.009600,-0.001200,-0.000800,0.700000,5.000000,6257,120.930000,24.780000,38,0
0.820011,1782129026843.085449,1782129026840.309326,1782129026839.846436,1782129026840.314941,0.030000,0.240000,0.030000,0.243721,-0.018400,0.000000,-0.000400,0.700000,5.000000,6257,120.930000,24.780000,38,130
0.830024,1782129026854.085449,1782129026850.303711,1782129026849.846680,1782129026850.308838,-0.015000,0.375000,0.030000,0.376497,-0.023600,0.000800,0.000800,0.700000,5.000000,6257,120.930000,24.780000,38,93
0.840012,1782129026863.085449,1782129026860.335693,1782129026849.846680,1782129026850.308838,-0.015000,0.375000,0.030000,0.376497,-0.023600,0.000800,0.000800,0.700000,5.000000,6257,120.930000,24.780000,38,161
0.850013,1782129026874.085449,1782129026870.310547,1782129026869.846191,1782129026870.317627,0.015000,0.090000,-0.030000,0.096047,-0.009200,0.002800,0.000000,0.700000,5.000000,6257,120.930000,24.780000,38,95
0.860011,1782129026874.085449,1782129026870.310547,1782129026879.907715,1782129026880.308350,0.000000,-0.030000,-0.060000,0.067082,-0.000800,0.003200,-0.005200,0.700000,5.000000,6257,120.930000,24.780000,38,95
0.870012,1782129026886.085449,1782129026890.297119,1782129026889.845459,1782129026890.301270,0.075000,-0.105000,0.060000,0.142302,0.003200,0.004000,-0.002800,0.700000,5.000000,6257,120.930000,24.780000,38,159
0.880012,1782129026898.085449,1782129026900.306885,1782129026899.844482,1782129026900.312012,0.015000,-0.210000,0.030000,0.212662,0.011600,0.002400,-0.000800,0.700000,5.000000,6271,120.770000,24.780000,38,233
0.890011,1782129026906.085449,1782129026910.295410,1782129026909.843750,1782129026910.299072,0.000000,-0.315000,0.030000,0.316425,0.019200,0.003200,-0.007600,0.700000,5.000000,6271,120.770000,24.780000,38,189
0.900012,1782129026918.085449,1782129026920.302246,1782129026919.843018,1782129026920.307129,0.000000,-0.300000,0.060000,0.305941,0.020400,0.003200,-0.003600,0.700000,5.000000,6257,120.240000,24.560000,38,245
0.910013,1782129026930.085449,1782129026930.319092,1782129026929.845947,1782129026930.324707,0.030000,-0.360000,0.030000,0.362491,0.024000,0.002800,0.002000,0.700000,5.000000,6257,119.920000,24.710000,38,0
0.920013,1782129026938.085449,1782129026940.297852,1782129026939.848389,1782129026940.301514,-0.030000,-0.435000,0.090000,0.445225,0.029200,0.001200,-0.004800,0.700000,5.000000,680242,443.340000,97.370000,-30,0
0.930011,1782129026950.085449,1782129026950.315186,1782129026939.848389,1782129026940.301514,-0.030000,-0.435000,0.090000,0.445225,0.029200,0.001200,-0.004800,0.700000,5.000000,680242,443.340000,97.370000,-30,107
0.940013,1782129026963.085449,1782129026960.295166,1782129026959.849365,1782129026960.300537,0.000000,0.150000,0.030000,0.152971,-0.007600,-0.000800,0.002000,0.700000,5.000000,680242,443.340000,97.370000,-30,60
0.950014,1782129026970.085449,1782129026970.314453,1782129026969.849121,1782129026970.321045,0.000000,0.195000,0.000000,0.195000,-0.011600,-0.000800,-0.005600,0.700000,5.000000,6257,120.400000,24.670000,38,0
0.960014,1782129026983.085449,1782129026980.314453,1782129026979.847168,1782129026980.321045,0.000000,0.240000,-0.030000,0.241868,-0.016800,-0.000800,-0.005600,0.700000,5.000000,6257,120.400000,24.670000,38,28
0.970014,1782129026983.085449,1782129026980.314453,1782129026989.944336,1782129026990.312988,0.015000,0.300000,0.000000,0.300375,-0.024400,-0.000800,0.001600,0.700000,5.000000,6257,120.400000,24.670000,38,28
0.980012,1782129026994.085449,1782129027000.327393,1782129026999.917480,1782129027000.338135,0.030000,0.345000,-0.030000,0.347599,-0.024400,-0.001600,-0.004800,0.700000,5.000000,6257,120.400000,24.670000,38,44
0.990014,1782129027006.085449,1782129027010.304932,1782129027009.973389,1782129027010.310791,0.015000,0.360000,0.000000,0.360312,-0.023600,-0.000800,-0.004000,0.700000,5.000000,6257,120.400000,24.670000,38,210
1.000015,1782129027018.085449,1782129027020.390869,1782129027019.850342,1782129027020.397705,0.000000,0.405000,0.000000,0.405000,-0.026400,0.000400,0.001600,0.700000,5.000000,6300,119.000000,24.640000,37,174
1.010031,1782129027026.085449,1782129027030.348877,1782129027029.967041,1782129027030.356445,0.000000,0.300000,-0.030000,0.301496,-0.025200,0.001200,-0.005200,0.700000,5.000350,6300,119.000000,24.640000,37,7
1.020091,1782129027038.085449,1782129027040.385010,1782129027029.967041,1782129027030.356445,0.000000,0.300000,-0.030000,0.301496,-0.025200,0.001200,-0.005200,0.700000,5.001400,6285,119.680000,24.670000,38,191
1.030020,1782129027050.085449,1782129027050.420654,1782129027049.855225,1782129027050.429443,0.030000,-0.345000,-0.030000,0.347599,0.020800,0.002400,-0.006000,0.700000,5.003112,6285,119.680000,24.670000,38,192
1.040094,1782129027058.085449,1782129027060.351318,1782129027059.857666,1782129027060.360596,0.000000,-0.330000,0.000000,0.330000,0.021600,0.002000,-0.002800,0.700000,5.005516,6285,119.680000,24.670000,38,96
1.050016,1782129027070.085449,1782129027070.416016,1782129027069.914062,1782129027070.423584,0.000000,-0.390000,0.000000,0.390000,0.026000,0.000400,0.001600,0.700000,5.008521,6285,119.680000,24.670000,38,98
1.060088,1782129027083.085449,1782129027080.327881,1782129027079.987549,1782129027080.335693,0.000000,-0.450000,0.030000,0.450999,0.028800,0.001200,-0.005600,0.700000,5.012190,6285,119.680000,24.670000,38,50
1.070022,1782129027094.085449,1782129027090.410889,1782129027089.901123,1782129027090.419678,0.015000,-0.405000,0.030000,0.406387,0.024400,0.001200,-0.002800,0.700000,5.016390,6257,120.450000,24.700000,38,99
1.080091,1782129027094.085449,1782129027090.410889,1782129027099.904785,1782129027100.335205,-0.045000,-0.300000,0.030000,0.304836,0.021200,0.000400,0.002000,0.700000,5.021200,6257,120.450000,24.700000,38,99
1.090115,1782129027106.085449,1782129027110.416748,1782129027109.925293,1782129027110.426514,-0.015000,-0.315000,0.030000,0.316781,0.019600,-0.000400,-0.006000,0.700000,5.026503,6257,120.450000,24.700000,38,8
1.100149,1782129027114.085449,1782129027120.441406,1782129027119.932617,1782129027120.451172,0.015000,-0.180000,0.000000,0.180624,0.011600,0.000000,-0.000400,0.700000,5.032281,6257,120.450000,24.700000,38,77
1.110014,1782129027126.085449,1782129027130.481934,1782129027119.932617,1782129027120.451172,0.015000,-0.180000,0.000000,0.180624,0.011600,0.000000,-0.000400,0.700000,5.038377,6257,120.450000,24.700000,38,130
1.120017,1782129027138.085449,1782129027140.324951,1782129027139.847168,1782129027140.333008,0.045000,0.375000,0.000000,0.377690,-0.026400,0.000400,-0.004400,0.700000,5.044930,6300,120.400000,24.820000,38,48
1.130017,1782129027150.085449,1782129027150.336182,1782129027149.943848,1782129027150.344971,0.015000,0.405000,0.000000,0.405278,-0.029600,0.001200,0.000000,0.700000,5.051802,6300,120.400000,24.820000,38,201
1.140013,1782129027158.085449,1782129027160.355225,1782129027159.978760,1782129027160.364258,0.030000,0.390000,0.000000,0.391152,-0.029600,0.000400,-0.001600,0.700000,5.058939,6300,120.400000,24.820000,38,73
1.150171,1782129027170.085449,1782129027170.328857,1782129027169.847900,1782129027170.337646,0.045000,0.315000,-0.030000,0.319609,-0.026000,0.000400,-0.002000,0.700000,5.066411,6285,120.610000,24.760000,38,0
1.160129,1782129027178.085449,1782129027180.525879,1782129027179.856934,1782129027180.541504,0.015000,0.285000,0.030000,0.286967,-0.018800,0.000800,-0.001600,0.700000,5.073890,6285,120.610000,24.760000,38,62
1.170023,1782129027190.085449,1782129027190.513916,1782129027189.846436,1782129027190.524902,0.000000,0.120000,0.000000,0.120000,-0.012000,0.000800,-0.004400,0.700000,5.081418,6285,120.610000,24.760000,38,62
1.180086,1782129027203.085449,1782129027200.361328,1782129027199.856445,1782129027200.371094,0.000000,0.075000,0.000000,0.075000,-0.006800,0.001600,-0.002400,0.700000,5.089111,6285,120.610000,24.760000,38,148
1.190139,1782129027203.085449,1782129027200.361328,1782129027209.844727,1782129027210.404541,0.000000,0.015000,-0.060000,0.061847,-0.001200,0.003200,0.000000,0.700000,5.096775,6285,120.610000,24.760000,38,148
1.200021,1782129027214.085449,1782129027220.464111,1782129027209.844727,1782129027210.404541,0.000000,0.015000,-0.060000,0.061847,-0.001200,0.003200,0.000000,0.700000,5.104227,6271,120.570000,24.780000,39,19
1.210086,1782129027226.085449,1782129027230.355469,1782129027229.853760,1782129027230.377441,-0.015000,-0.345000,0.060000,0.350500,0.016800,0.000400,-0.002400,0.700000,5.111674,6271,120.570000,24.780000,39,222
1.220022,1782129027238.085449,1782129027240.399414,1782129027239.845459,1782129027240.408203,-0.015000,-0.330000,0.060000,0.335745,0.018800,0.000400,-0.003200,0.700000,5.118826,6271,120.570000,24.780000,39,254
1.230019,1782129027246.085449,1782129027250.364990,1782129027249.852295,1782129027250.375488,-0.015000,-0.330000,0.060000,0.335745,0.022800,-0.002000,0.002400,0.700000,5.125763,6271,120.570000,24.780000,39,105
1.240015,1782129027258.085449,1782129027260.343018,1782129027259.848633,1782129027260.353271,-0.015000,-0.270000,0.030000,0.272075,0.024800,-0.002000,-0.002000,0.700000,5.132382,6271,120.570000,24.780000,39,206
1.250014,1782129027266.085449,1782129027270.325928,1782129027269.843994,1782129027270.333252,-0.015000,-0.210000,0.000000,0.210535,0.017200,0.000000,-0.005600,0.700000,5.138630,6271,120.570000,24.780000,39,250
1.260013,1782129027278.085449,1782129027280.330078,1782129027279.845703,1782129027280.339600,0.000000,-0.150000,0.000000,0.150000,0.009200,0.002000,-0.004400,0.700000,5.144451,6271,120.570000,24.780000,39,23
1.270015,1782129027290.085449,1782129027290.310791,1782129027289.844482,1782129027290.316650,0.000000,-0.045000,0.030000,0.054083,0.002400,0.003200,-0.003600,0.700000,5.149792,6371,120.770000,24.800000,38,0
1.280143,1782129027303.085449,1782129027300.340332,1782129027299.848145,1782129027300.351318,-0.015000,0.030000,-0.030000,0.045000,-0.001600,0.002400,-0.004000,0.700000,5.154660,6371,120.770000,24.800000,38,216
1.290021,1782129027314.085449,1782129027310.555176,1782129027299.848145,1782129027300.351318,-0.015000,0.030000,-0.030000,0.045000,-0.001600,0.002400,-0.004000,0.700000,5.158836,6357,120.530000,24.800000,38,152
1.300017,1782129027323.085449,1782129027320.349854,1782129027319.921143,1782129027320.358887,0.075000,0.360000,-0.060000,0.372592,-0.020800,0.004400,0.001600,0.700000,5.162443,6357,120.530000,24.800000,38,21
1.310018,1782129027323.085449,1782129027320.349854,1782129027329.850830,1782129027330.340820,0.045000,0.285000,-0.030000,0.290086,-0.021600,0.006800,-0.001200,0.700000,5.165386,6357,120.530000,24.800000,38,21
1.320019,1782129027334.085449,1782129027340.330322,1782129027339.917236,1782129027340.337891,0.015000,0.165000,0.030000,0.168375,-0.020800,0.005600,0.000800,0.700000,5.167625,5714,119.240000,24.840000,38,196
1.330027,1782129027346.085449,1782129027350.362793,1782129027349.853271,1782129027350.373047,0.000000,0.060000,0.030000,0.067082,-0.011200,0.000800,-0.000400,0.700000,5.169124,5714,119.240000,24.840000,38,247
1.340019,1782129027358.085449,1782129027360.344238,1782129027359.849609,1782129027360.352539,-0.030000,0.015000,0.000000,0.033541,-0.004000,-0.003600,0.001600,0.700000,5.169849,5628,119.440000,24.790000,38,182
1.350023,1782129027366.085449,1782129027370.337402,1782129027369.847900,1782129027370.345703,-0.060000,0.045000,0.030000,0.080777,-0.004400,-0.006800,-0.002000,0.700000,5.169774,5628,119.440000,24.790000,38,225
1.360108,1782129027378.085449,1782129027380.351807,1782129027379.850342,1782129027380.360596,0.000000,0.105000,0.030000,0.109202,-0.011600,-0.005200,-0.002400,0.700000,5.168861,5585,120.610000,24.760000,38,123
1.370111,1782129027386.085449,1782129027390.437988,1782129027389.846436,1782129027390.448486,-0.030000,0.105000,0.000000,0.109202,-0.010800,-0.001600,-0.000800,0.700000,5.167104,5585,120.610000,24.760000,38,199
1.380119,1782129027398.085449,1782129027400.474365,1782129027389.846436,1782129027390.448486,-0.030000,0.105000,0.000000,0.109202,-0.010800,-0.001600,-0.000800,0.700000,5.164480,5585,120.850000,24.790000,38,244
1.390093,1782129027410.085449,1782129027410.466309,1782129027409.846924,1782129027410.476562,-0.060000,-0.165000,0.030000,0.178115,0.010000,-0.007200,0.001600,0.700000,5.160991,5585,120.850000,24.790000,38,86
1.400114,1782129027423.085449,1782129027420.422852,1782129027419.845703,1782129027420.432861,-0.060000,-0.090000,0.000000,0.108167,0.008000,-0.007200,-0.005600,0.700000,5.156596,5585,120.850000,24.790000,38,115
1.410118,1782129027434.085449,1782129027430.475830,1782129027429.847900,1782129027430.484863,-0.060000,-0.030000,0.030000,0.073485,0.004400,-0.004000,-0.002800,0.700000,5.151315,5600,120.690000,24.630000,38,2
1.420017,1782129027443.085449,1782129027440.445312,1782129027439.844482,1782129027440.455078,0.030000,0.000000,0.000000,0.030000,0.003200,0.002800,-0.006400,0.700000,5.145208,5600,120.690000,24.630000,38,95
1.430028,1782129027443.085449,1782129027440.445312,1782129027449.849365,1782129027450.328125,0.015000,-0.090000,0.000000,0.091241,0.007200,0.008400,-0.000800,0.700000,5.138145,5600,120.690000,24.630000,38,95
1.440030,1782129027454.085449,1782129027460.420898,1782129027459.852783,1782129027460.442871,0.060000,-0.150000,-0.060000,0.172337,0.010800,0.009600,-0.006400,0.700000,5.130205,5600,120.690000,24.630000,38,40
1.450022,1782129027466.085449,1782129027470.372070,1782129027469.855957,1782129027470.380371,0.060000,-0.105000,-0.060000,0.135000,0.009200,0.006400,-0.002800,0.700000,5.121400,5600,120.690000,24.630000,38,105
1.460081,1782129027474.085449,1782129027480.355225,1782129027479.847900,1782129027480.363525,0.060000,-0.105000,0.000000,0.120934,0.004800,0.001200,0.000000,0.700000,5.111670,5571,120.360000,24.780000,38,191
1.470013,1782129027486.085449,1782129027490.395996,1782129027479.847900,1782129027480.363525,0.060000,-0.105000,0.000000,0.120934,0.004800,0.001200,0.000000,0.700000,5.101230,5571,120.360000,24.780000,38,115
1.480108,1782129027498.085449,1782129027500.333008,1782129027499.848145,1782129027500.340576,0.045000,-0.060000,0.000000,0.075000,0.002000,0.008800,-0.004000,0.700000,5.089793,5571,120.530000,24.810000,38,9
1.490098,1782129027510.085449,1782129027510.440186,1782129027509.848389,1782129027510.450195,0.105000,-0.105000,0.000000,0.148492,0.008000,0.006400,-0.003200,0.700000,5.077682,5571,120.530000,24.810000,38,254
1.500020,1782129027518.085449,1782129027520.430420,1782129027519.844482,1782129027520.440674,0.030000,-0.135000,0.060000,0.150748,0.006400,0.001600,-0.001600,0.700000,5.064901,5571,120.530000,24.810000,38,129
1.510081,1782129027530.085449,1782129027530.357666,1782129027529.845947,1782129027530.366699,-0.030000,-0.045000,0.030000,0.061847,0.000000,-0.003200,-0.002000,0.500000,5.051208,5571,120.530000,24.810000,38,10
1.520088,1782129027543.085449,1782129027540.395508,1782129027539.844971,1782129027540.404541,0.015000,0.060000,0.090000,0.109202,-0.006800,-0.004000,0.001600,0.500000,5.036896,5571,120.530000,24.810000,38,239
1.530024,1782129027554.085449,1782129027550.422607,1782129027549.846924,1782129027550.434082,-0.045000,0.120000,0.030000,0.131624,-0.007200,-0.003600,0.000000,0.500000,5.022038,5571,120.530000,24.810000,38,82
1.540013,1782129027554.085449,1782129027550.422607,1782129027559.845703,1782129027560.363525,-0.015000,0.045000,0.030000,0.056125,-0.004400,-0.001200,0.000000,0.500000,5.006494,5571,120.530000,24.810000,38,82
1.550023,1782129027574.085449,1782129027570.329590,1782129027569.849365,1782129027570.339600,-0.015000,-0.045000,0.030000,0.056125,0.001600,0.001600,-0.003200,0.500000,4.990353,5471,120.730000,24.800000,38,101
1.560020,1782129027583.085449,1782129027580.463379,1782129027569.849365,1782129027570.339600,-0.015000,-0.045000,0.030000,0.056125,0.001600,0.001600,-0.003200,0.500000,4.973716,5471,120.730000,24.800000,38,239
1.570015,1782129027586.085449,1782129027590.315918,1782129027589.846191,1782129027590.325684,0.000000,0.030000,0.030000,0.042426,-0.006000,-0.001200,-0.006800,0.500000,4.956617,5471,120.730000,24.800000,38,9
1.580013,1782129027598.085449,1782129027600.342529,1782129027599.848389,1782129027600.351562,0.015000,0.030000,0.000000,0.033541,-0.006400,0.002400,-0.004000,0.500000,4.939098,5471,120.730000,24.800000,38,168
1.590014,1782129027606.085449,1782129027610.311768,1782129027609.845703,1782129027610.317139,0.030000,-0.045000,0.000000,0.054083,0.000000,0.004800,0.002000,0.500000,4.921216,5471,120.730000,24.800000,38,13
1.600015,1782129027618.085449,1782129027620.323730,1782129027619.844482,1782129027620.331543,0.015000,-0.090000,-0.030000,0.096047,0.006000,0.002400,0.001600,0.500000,4.903030,5442,120.530000,24.780000,38,101
1.610012,1782129027630.085449,1782129027630.346924,1782129027629.845215,1782129027630.356201,0.000000,-0.015000,0.060000,0.061847,0.003200,-0.000800,0.002400,0.500000,4.884610,5414,120.570000,24.720000,38,0
1.620014,1782129027638.085449,1782129027640.308350,1782129027639.844971,1782129027640.314209,0.045000,0.000000,0.060000,0.075000,-0.003200,-0.002400,-0.004000,0.500000,4.865994,5414,120.570000,24.720000,38,233
1.630014,1782129027650.085449,1782129027650.323486,1782129027649.845947,1782129027650.330811,-0.030000,0.105000,0.030000,0.113248,-0.007200,-0.000800,-0.001600,0.500000,4.847259,5414,120.570000,24.720000,38,205
1.640013,1782129027663.085449,1782129027660.314209,1782129027659.844482,1782129027660.320312,-0.045000,0.060000,0.000000,0.075000,-0.002800,0.002000,-0.002400,0.500000,4.828463,5414,120.570000,24.720000,38,87
1.650016,1782129027674.085449,1782129027670.307861,1782129027659.844482,1782129027660.320312,-0.045000,0.060000,0.000000,0.075000,-0.002800,0.002000,-0.002400,0.500000,4.809658,5328,120.650000,24.820000,38,67
1.660011,1782129027683.085449,1782129027680.328369,1782129027679.846924,1782129027680.337891,-0.015000,0.015000,0.030000,0.036742,0.001600,-0.002800,-0.004400,0.500000,4.790934,5328,120.650000,24.820000,38,229
1.670015,1782129027683.085449,1782129027680.328369,1782129027689.845459,1782129027690.296387,0.000000,0.045000,0.000000,0.045000,0.002400,0.000000,-0.002400,0.500000,4.772318,5328,120.650000,24.820000,38,229
1.680014,1782129027694.085449,1782129027700.327881,1782129027699.848877,1782129027700.335205,0.075000,-0.030000,-0.030000,0.086168,0.001600,0.004000,0.000800,0.500000,4.753903,5328,120.850000,24.760000,38,143
1.690013,1782129027706.085449,1782129027710.319824,1782129027709.847900,1782129027710.327148,0.090000,-0.045000,-0.030000,0.105000,-0.000800,0.004800,0.000000,0.500000,4.735743,5328,120.850000,24.760000,38,122
1.700015,1782129027718.085449,1782129027720.316895,1782129027719.846924,1782129027720.323486,-0.015000,-0.015000,0.030000,0.036742,-0.003600,0.000800,0.001600,0.500000,4.717891,5285,121.170000,24.780000,38,128
1.710097,1782129027726.085449,1782129027730.333984,1782129027729.849609,1782129027730.339355,-0.030000,0.030000,0.120000,0.127279,-0.004000,-0.002000,-0.003600,0.600000,4.700283,746042,107.150000,637.250000,-115,160
1.720020,1782129027738.085449,1782129027740.429688,1782129027739.845459,1782129027740.439453,-0.015000,0.045000,-0.030000,0.056125,-0.003600,-0.002400,-0.000800,0.600000,4.683391,5257,120.930000,24.760000,38,97
1.730027,1782129027750.085449,1782129027750.346680,1782129027749.846680,1782129027750.354980,0.015000,-0.015000,0.090000,0.092466,0.004000,-0.000400,-0.004000,0.600000,4.666855,5242,120.690000,24.760000,39,0
1.740015,1782129027763.085449,1782129027760.342773,1782129027749.846680,1782129027750.354980,0.015000,-0.015000,0.090000,0.092466,0.004000,-0.000400,-0.004000,0.600000,4.650913,5242,120.690000,24.760000,39,107
1.750020,1782129027770.085449,1782129027770.329102,1782129027769.848145,1782129027770.338135,0.000000,0.015000,0.060000,0.061847,-0.001600,-0.004000,-0.002400,0.600000,4.635562,5242,120.690000,24.760000,39,140
1.760016,1782129027783.085449,1782129027780.357178,1782129027779.846436,1782129027780.366943,-0.015000,-0.045000,0.000000,0.047434,0.005200,-0.000800,-0.006000,0.600000,4.620903,5242,120.690000,24.760000,39,2
1.770019,1782129027794.085449,1782129027790.304199,1782129027789.844238,1782129027790.308350,0.015000,-0.105000,-0.030000,0.110227,0.007200,0.003200,-0.005600,0.600000,4.606966,5171,120.850000,24.790000,38,165
1.780022,1782129027794.085449,1782129027790.304199,1782129027799.845703,1782129027800.364990,0.015000,-0.060000,0.000000,0.061847,0.003200,0.003600,-0.004000,0.600000,4.593814,5171,120.850000,24.790000,38,165
1.790016,1782129027806.085449,1782129027810.359375,1782129027809.845215,1782129027810.373291,-0.015000,0.015000,-0.030000,0.036742,-0.002800,0.002000,-0.016800,0.600000,4.581511,5171,120.850000,24.790000,38,94
1.800019,1782129027814.085449,1782129027820.345947,1782129027819.849854,1782129027820.352539,0.015000,0.030000,0.000000,0.033541,-0.006800,0.000800,-0.008400,0.600000,4.570083,5171,120.850000,24.790000,38,122
1.810011,1782129027826.085449,1782129027830.357666,1782129027829.847412,1782129027830.368896,0.030000,0.015000,0.030000,0.045000,-0.002000,0.001200,-0.003600,0.600000,4.559598,5171,120.850000,24.790000,38,154
1.820020,1782129027838.085449,1782129027840.296875,1782129027839.843994,1782129027840.300537,-0.030000,-0.105000,-0.030000,0.113248,0.004800,0.001600,-0.005200,0.600000,4.550073,5557,120.570000,24.780000,38,181
1.830024,1782129027850.085449,1782129027850.351807,1782129027839.843994,1782129027840.300537,-0.030000,-0.105000,-0.030000,0.113248,0.004800,0.001600,-0.005200,0.600000,4.541574,5557,120.570000,24.780000,38,102
1.840091,1782129027858.085449,1782129027860.346191,1782129027859.945312,1782129027860.356445,0.015000,0.045000,0.030000,0.056125,-0.003200,-0.001200,-0.000800,0.600000,4.534088,5557,120.570000,24.780000,38,115
1.850028,1782129027870.085449,1782129027870.413086,1782129027870.030762,1782129027870.421387,0.015000,0.090000,0.060000,0.109202,-0.010000,0.000000,-0.000800,0.600000,4.527786,5557,120.570000,24.780000,38,55
1.860023,1782129027878.085449,1782129027880.357666,1782129027879.956543,1782129027880.367188,0.015000,0.075000,0.030000,0.082158,-0.009200,0.002000,-0.000800,0.600000,4.522570,5557,120.570000,24.780000,38,56
1.870019,1782129027890.085449,1782129027890.337891,1782129027889.956543,1782129027890.345947,-0.015000,-0.015000,-0.060000,0.063640,0.000800,0.001600,-0.002800,0.600000,4.518509,5614,120.650000,24.800000,38,0
1.880023,1782129027903.085449,1782129027900.344727,1782129027900.040527,1782129027900.355225,0.000000,-0.150000,0.000000,0.150000,0.009200,0.000400,-0.002000,0.600000,4.515630,5614,120.650000,24.800000,38,129
1.890016,1782129027903.085449,1782129027900.344727,1782129027910.063965,1782129027910.341309,-0.030000,-0.150000,0.030000,0.155885,0.010800,-0.001600,0.000000,0.600000,4.513961,5614,120.650000,24.800000,38,129
1.900031,1782129027914.085449,1782129027920.342285,1782129027919.956055,1782129027920.352539,-0.015000,-0.030000,0.030000,0.045000,0.005600,-0.000800,-0.004800,0.600000,4.513518,5585,120.490000,24.800000,38,46
1.910012,1782129027926.085449,1782129027930.368408,1782129027930.009277,1782129027930.386719,0.015000,0.030000,0.000000,0.033541,-0.003200,0.001200,-0.002800,0.500000,4.514321,5585,120.490000,24.800000,38,215
1.920026,1782129027938.085449,1782129027940.308350,1782129027930.009277,1782129027930.386719,0.015000,0.030000,0.000000,0.033541,-0.003200,0.001200,-0.002800,0.500000,4.516388,5571,120.770000,24.810000,39,145
1.930024,1782129027946.085449,1782129027950.366699,1782129027949.959229,1782129027950.375488,0.015000,-0.090000,0.000000,0.091241,0.007200,0.002400,-0.000400,0.500000,4.519722,5571,120.770000,24.810000,39,146
1.940013,1782129027958.085449,1782129027960.387695,1782129027959.969727,1782129027960.401123,0.000000,-0.075000,0.030000,0.080777,0.003600,0.001200,-0.002800,0.500000,4.524330,5571,120.770000,24.810000,39,119
1.950020,1782129027970.085449,1782129027970.321289,1782129027969.949951,1782129027970.328613,0.015000,0.045000,0.030000,0.056125,-0.002400,0.000800,-0.002400,0.500000,4.530227,5557,120.490000,24.720000,38,0
1.960013,1782129027978.085449,1782129027980.384766,1782129027980.021240,1782129027980.392822,0.015000,0.105000,0.000000,0.106066,-0.006800,-0.000800,-0.000800,0.500000,4.537398,5557,120.490000,24.720000,38,224
1.970014,1782129027990.085449,1782129027990.318359,1782129027989.952881,1782129027990.325439,0.015000,0.075000,-0.030000,0.082158,-0.006400,0.000400,-0.002000,0.500000,4.545853,5557,119.640000,24.570000,38,0
1.980012,1782129028003.085449,1782129028000.318604,1782129027999.947510,1782129028000.326416,-0.045000,0.015000,0.000000,0.047434,-0.002400,0.002400,-0.003600,0.500000,4.555578,5557,119.640000,24.570000,38,154
1.990012,1782129028014.085449,1782129028010.308594,1782129028009.947754,1782129028010.313965,0.000000,-0.105000,-0.030000,0.109202,0.004400,0.002400,-0.000800,0.500000,4.566568,5557,119.880000,24.780000,38,210
2.000012,1782129028023.085449,1782129028020.368408,1782129028019.949463,1782129028020.375000,0.015000,-0.120000,0.030000,0.124599,0.008000,0.000800,-0.003200,0.500000,4.578808,5557,119.880000,24.780000,38,82
2.010011,1782129028023.085449,1782129028020.368408,1782129028019.949463,1782129028020.375000,0.015000,-0.120000,0.030000,0.124599,0.008000,0.000800,-0.003200,0.500000,4.592281,5557,119.880000,24.780000,38,82
2.020023,1782129028034.085449,1782129028040.308594,1782129028019.949463,1782129028020.375000,0.015000,-0.120000,0.030000,0.124599,0.008000,0.000800,-0.003200,0.500000,4.606987,5557,120.320000,24.730000,38,28
2.030013,1782129028046.085449,1782129028050.350586,1782129028049.966309,1782129028050.342529,0.000000,0.030000,0.000000,0.030000,-0.004800,0.002800,-0.001600,0.500000,4.622853,5557,120.320000,24.730000,38,134
2.040014,1782129028058.085449,1782129028060.314697,1782129028059.954590,1782129028060.321045,-0.030000,-0.015000,0.060000,0.068739,-0.004400,0.003200,-0.001600,0.500000,4.639899,5557,120.320000,24.730000,38,196
2.050012,1782129028066.085449,1782129028070.312256,1782129028069.952148,1782129028070.318604,-0.030000,-0.045000,0.030000,0.061847,-0.002400,0.000400,0.000000,0.500000,4.658079,5557,120.320000,24.730000,38,49
2.060012,1782129028078.085449,1782129028080.302246,1782129028079.954102,1782129028080.306885,-0.045000,-0.090000,0.030000,0.105000,0.004000,-0.004800,-0.003200,0.500000,4.677367,5614,120.490000,24.710000,38,24
2.070012,1782129028086.085449,1782129028090.304688,1782129028089.952148,1782129028090.309570,0.000000,-0.045000,0.000000,0.045000,0.006000,-0.004000,-0.009600,0.500000,4.697724,5614,120.490000,24.710000,38,251
2.080013,1782129028098.085449,1782129028100.305176,1782129028099.951172,1782129028100.310303,-0.015000,0.045000,0.000000,0.047434,-0.002000,0.000000,-0.003200,0.500000,4.719118,5671,120.810000,24.770000,38,32
2.090018,1782129028110.085449,1782129028110.316895,1782129028099.951172,1782129028100.310303,-0.015000,0.045000,0.000000,0.047434,-0.002000,0.000000,-0.003200,0.500000,4.741514,5700,120.400000,24.720000,38,0
2.100013,1782129028123.085449,1782129028120.320312,1782129028110.015625,1782129028120.314697,0.045000,0.105000,-0.030000,0.118110,-0.007600,0.006000,-0.008400,0.500000,4.764835,5700,120.400000,24.720000,38,13
2.110012,1782129028123.085449,1782129028120.320312,1782129028129.952393,1782129028130.315430,0.000000,-0.105000,0.030000,0.109202,0.009200,0.000000,-0.002000,0.600000,4.789073,5700,120.400000,24.720000,38,13
2.120012,1782129028134.085449,1782129028140.318359,1782129028139.947510,1782129028140.323975,0.015000,-0.045000,0.000000,0.047434,0.002400,0.000800,-0.003600,0.600000,4.814169,5728,120.490000,24.760000,38,236
2.130013,1782129028146.085449,1782129028150.304688,1782129028149.955811,1782129028150.309570,0.030000,0.030000,0.000000,0.042426,-0.004000,0.001600,-0.002800,0.600000,4.840078,5728,120.490000,24.760000,38,241
2.140013,1782129028154.085449,1782129028160.307861,1782129028159.945801,1782129028160.313477,-0.015000,0.120000,0.030000,0.124599,-0.008400,0.002400,-0.003200,0.600000,4.866737,5714,120.400000,24.770000,38,106
2.150012,1782129028166.085449,1782129028170.303223,1782129028169.948730,1782129028170.307129,0.030000,0.120000,0.000000,0.123693,-0.008800,0.003200,-0.005600,0.600000,4.894098,5714,120.400000,24.770000,38,132
2.160016,1782129028174.085449,1782129028180.304932,1782129028179.950195,1782129028180.309326,0.060000,0.030000,-0.030000,0.073485,-0.005600,0.004000,-0.005200,0.600000,4.922121,5728,120.930000,24.740000,38,52
2.170014,1782129028186.085449,1782129028190.304932,1782129028189.950195,1782129028190.309326,0.060000,-0.060000,0.030000,0.090000,0.002800,0.003200,-0.004000,0.600000,4.950716,5728,120.930000,24.740000,38,12
2.180014,1782129028198.085449,1782129028200.315430,1782129028199.946533,1782129028200.321533,0.000000,-0.105000,0.030000,0.109202,0.008400,0.000800,-0.000400,0.600000,4.979848,5857,120.850000,24.760000,38,230
2.190012,1782129028210.085449,1782129028210.301025,1782129028199.946533,1782129028200.321533,0.000000,-0.105000,0.030000,0.109202,0.008400,0.000800,-0.000400,0.600000,5.009447,5914,120.770000,24.760000,38,0
2.200015,1782129028223.085449,1782129028220.302734,1782129028219.947266,1782129028220.307861,0.030000,0.165000,-0.030000,0.170367,-0.014000,0.001200,-0.001200,0.600000,5.039466,5914,120.770000,24.760000,38,85
2.210010,1782129028230.085449,1782129028230.315674,1782129028229.947510,1782129028230.320801,0.015000,0.225000,-0.030000,0.227486,-0.020400,0.000400,-0.002000,0.600000,5.069812,5957,120.490000,24.750000,38,0
2.220011,1782129028243.085449,1782129028240.297363,1782129028239.946777,1782129028240.301514,-0.045000,0.195000,0.000000,0.200125,-0.015200,-0.001200,-0.004400,0.600000,5.100458,5957,120.490000,24.750000,38,98
2.230013,1782129028243.085449,1782129028240.297363,1782129028249.947754,1782129028250.303711,0.000000,0.060000,0.000000,0.060000,-0.004800,-0.001600,-0.003600,0.600000,5.131325,5957,120.490000,24.750000,38,98
2.240012,1782129028254.085449,1782129028260.300049,1782129028259.948975,1782129028260.303955,-0.030000,0.015000,0.000000,0.033541,0.003600,0.000400,-0.008000,0.600000,5.162340,5957,120.490000,24.750000,38,6
2.250012,1782129028266.085449,1782129028270.306152,1782129028269.949707,1782129028270.311279,0.015000,-0.090000,0.030000,0.096047,0.007600,0.003200,-0.001200,0.600000,5.193447,5957,120.490000,24.750000,38,255
2.260012,1782129028274.085449,1782129028280.302490,1782129028279.945557,1782129028280.306885,0.015000,-0.150000,-0.030000,0.153704,0.009200,0.005600,-0.002800,0.600000,5.224576,5957,120.490000,24.750000,38,200
2.270026,1782129028286.085449,1782129028290.295166,1782129028289.950928,1782129028290.299072,-0.015000,-0.225000,0.000000,0.225499,0.013200,0.005200,-0.002800,0.600000,5.255706,5957,120.490000,24.750000,38,173
2.280011,1782129028298.085449,1782129028300.336182,1782129028289.950928,1782129028290.299072,-0.015000,-0.225000,0.000000,0.225499,0.013200,0.005200,-0.002800,0.600000,5.286637,6100,120.970000,24.790000,38,213
2.290013,1782129028306.085449,1782129028310.302490,1782129028309.952393,1782129028310.308350,0.030000,0.105000,0.030000,0.113248,-0.011200,0.002400,-0.012400,0.600000,5.317443,936214,647.690000,625.870000,-115,208
2.300012,1782129028318.085449,1782129028320.298828,1782129028319.923828,1782129028320.303467,0.045000,0.240000,0.030000,0.246018,-0.020000,0.001600,-0.004400,0.600000,5.348003,6114,121.170000,24.820000,38,49
2.310013,1782129028330.085449,1782129028330.302979,1782129028329.947021,1782129028330.306641,-0.015000,0.270000,-0.030000,0.272075,-0.018800,-0.002800,-0.003600,0.600000,5.378259,6500,120.850000,24.670000,38,0
2.320010,1782129028338.085449,1782129028340.300537,1782129028339.951416,1782129028340.305420,0.000000,0.315000,0.030000,0.316425,-0.016800,-0.004400,-0.011200,0.600000,5.408135,6500,120.850000,24.670000,38,66
2.330017,1782129028354.085449,1782129028350.292725,1782129028349.948730,1782129028350.295898,0.000000,0.375000,0.000000,0.375000,-0.025200,-0.002400,-0.007200,0.600000,5.437602,6628,120.610000,24.740000,38,189
2.340013,1782129028363.085449,1782129028360.298828,1782129028359.947021,1782129028360.302246,0.030000,0.405000,0.030000,0.407216,-0.030800,-0.000800,-0.004000,0.600000,5.466541,6628,120.610000,24.740000,38,167
2.350011,1782129028363.085449,1782129028360.298828,1782129028369.949707,1782129028370.387451,0.030000,0.450000,0.060000,0.454973,-0.030800,-0.000400,-0.000400,0.600000,5.494920,6628,120.610000,24.740000,38,167
2.360012,1782129028383.085449,1782129028380.301270,1782129028379.950928,1782129028380.306885,0.030000,0.495000,0.000000,0.495908,-0.028400,-0.000400,-0.000800,0.600000,5.522685,6671,120.610000,24.740000,38,105
2.370011,1782129028383.085449,1782129028380.301270,1782129028379.950928,1782129028380.306885,0.030000,0.495000,0.000000,0.495908,-0.028400,-0.000400,-0.000800,0.600000,5.549762,6671,120.610000,24.740000,38,105
2.380010,1782129028394.085449,1782129028400.295654,1782129028399.949707,1782129028400.300537,0.015000,0.390000,0.030000,0.391440,-0.023600,-0.002800,-0.004400,0.600000,5.576096,6671,120.610000,24.740000,38,45
2.390013,1782129028406.085449,1782129028410.298584,1782129028409.946533,1782129028410.303223,-0.045000,0.360000,0.030000,0.364040,-0.016000,-0.003600,-0.001200,0.600000,5.601637,6671,120.610000,24.740000,38,74
2.400014,1782129028418.085449,1782129028420.313477,1782129028419.946533,1782129028420.319336,-0.015000,0.405000,0.060000,0.409695,-0.025600,-0.001200,-0.007600,0.600000,5.626316,6800,119.840000,24.520000,38,62
2.410012,1782129028430.085449,1782129028430.321045,1782129028429.950684,1782129028430.326416,0.015000,0.480000,0.120000,0.495000,-0.037600,-0.001200,0.003200,0.600000,5.650077,6800,119.840000,24.520000,38,182
2.420014,1782129028438.085449,1782129028440.304443,1782129028439.949707,1782129028440.309570,0.015000,0.405000,0.090000,0.415151,-0.035200,-0.002000,-0.008000,0.600000,5.672882,6800,119.840000,24.520000,38,225
2.430011,1782129028450.085449,1782129028450.318359,1782129028449.989746,1782129028450.326416,-0.045000,0.300000,0.120000,0.326228,-0.020800,-0.004000,0.004800,0.600000,5.694661,6800,119.840000,24.520000,38,133
2.440015,1782129028463.085449,1782129028460.302490,1782129028459.952393,1782129028460.308105,-0.030000,0.165000,0.090000,0.190329,-0.006800,-0.004800,-0.004400,0.600000,5.715387,925271,397.260000,97.370000,94,167
2.450012,1782129028474.085449,1782129028470.319824,1782129028470.063477,1782129028470.326904,-0.030000,0.060000,0.030000,0.073485,0.000800,-0.000800,-0.005600,0.600000,5.734988,6842,119.400000,24.740000,38,125
2.460015,1782129028483.085449,1782129028480.302979,1782129028470.063477,1782129028470.326904,-0.030000,0.060000,0.030000,0.073485,0.000800,-0.000800,-0.005600,0.600000,5.753443,6842,119.400000,24.740000,38,77
2.470012,1782129028483.085449,1782129028480.302979,1782129028490.041016,1782129028490.306152,0.000000,0.225000,0.090000,0.242332,-0.010800,-0.002400,-0.002400,0.600000,5.770689,6842,119.400000,24.740000,38,77
2.480011,1782129028494.085449,1782129028500.315918,1782129028499.962646,1782129028500.323975,0.015000,0.150000,0.060000,0.162250,-0.006400,0.001200,-0.001600,0.600000,5.786695,6842,119.400000,24.740000,38,71
2.490011,1782129028506.085449,1782129028510.307617,1782129028509.951904,1782129028510.313477,0.000000,0.030000,0.060000,0.067082,-0.001200,0.004400,-0.004400,0.600000,5.801426,6842,119.400000,24.740000,38,147
2.500012,1782129028514.085449,1782129028520.309570,1782129028519.981689,1782129028520.316162,0.045000,-0.090000,0.030000,0.105000,0.006000,0.006000,-0.004000,0.600000,5.814842,6857,118.150000,24.430000,38,171
2.510012,1782129028526.085449,1782129028530.310547,1782129028529.951416,1782129028530.315918,0.030000,-0.225000,0.000000,0.226991,0.014400,0.006400,0.000000,0.800000,5.826909,6857,118.150000,24.430000,38,23
2.520013,1782129028538.085449,1782129028540.303711,1782129028539.951416,1782129028540.309082,0.030000,-0.285000,-0.060000,0.292788,0.019600,0.006000,-0.003600,0.800000,5.837597,6857,118.150000,24.430000,38,230
2.530011,1782129028550.085449,1782129028550.299072,1782129028549.954834,1782129028550.303467,0.015000,-0.405000,-0.030000,0.406387,0.024000,0.005200,-0.015600,0.800000,5.846876,6857,118.150000,24.430000,38,88
2.540010,1782129028558.085449,1782129028560.294434,1782129028559.951416,1782129028560.298340,-0.015000,-0.330000,-0.030000,0.331700,0.018800,0.004400,-0.004000,0.800000,5.854722,6857,118.150000,24.430000,38,184
2.550012,1782129028570.085449,1782129028570.293701,1782129028559.951416,1782129028560.298340,-0.015000,-0.330000,-0.030000,0.331700,0.018800,0.004400,-0.004000,0.800000,5.861115,7000,118.750000,24.560000,38,0
2.560016,1782129028578.085449,1782129028580.299072,1782129028579.953613,1782129028580.303467,0.030000,-0.315000,-0.030000,0.317844,0.017200,0.005200,-0.002000,0.800000,5.866031,7000,118.750000,24.560000,38,253
2.570015,1782129028594.085449,1782129028590.302979,1782129028589.953613,1782129028590.306396,-0.015000,-0.270000,-0.030000,0.272075,0.011600,0.001600,-0.002400,0.800000,5.869450,7071,119.560000,24.760000,38,146
2.580011,1782129028603.085449,1782129028600.312012,1782129028599.945557,1782129028600.317871,0.000000,-0.225000,-0.060000,0.232863,0.009600,-0.002800,-0.001600,0.800000,5.871359,7071,119.560000,24.760000,38,217
2.590024,1782129028603.085449,1782129028600.312012,1782129028609.951660,1782129028610.294922,-0.015000,-0.105000,-0.060000,0.121861,0.004400,-0.005600,-0.001600,0.800000,5.871748,7071,119.560000,24.760000,38,217
2.600010,1782129028614.085449,1782129028620.315674,1782129028620.056396,1782129028620.320801,0.015000,0.060000,-0.060000,0.086168,-0.002800,-0.005600,-0.003200,0.800000,5.870608,7085,120.080000,24.770000,38,47
2.610012,1782129028626.085449,1782129028630.293213,1782129028629.951416,1782129028630.302246,0.000000,0.180000,-0.030000,0.182483,-0.012400,-0.004000,-0.004400,0.800000,5.867929,7085,120.080000,24.770000,38,107
2.620013,1782129028638.085449,1782129028640.296875,1782129028639.951416,1782129028640.300537,0.000000,0.270000,0.030000,0.271662,-0.016000,-0.001600,-0.005200,0.800000,5.863708,7100,120.890000,24.780000,38,167
2.630055,1782129028646.085449,1782129028650.305664,1782129028649.950195,1782129028650.310303,0.030000,0.255000,0.060000,0.263676,-0.015600,0.001200,-0.002000,0.800000,5.857917,7100,120.890000,24.780000,38,128
2.640011,1782129028658.085449,1782129028660.336670,1782129028649.950195,1782129028650.310303,0.030000,0.255000,0.060000,0.263676,-0.015600,0.001200,-0.002000,0.800000,5.850642,7100,120.890000,24.780000,38,209
2.650015,1782129028670.085449,1782129028670.302734,1782129028669.950684,1782129028670.307617,0.030000,0.195000,0.060000,0.206216,-0.012800,0.001200,-0.002400,0.800000,5.841797,7100,120.890000,24.780000,38,114
2.660012,1782129028678.085449,1782129028680.306641,1782129028679.951172,1782129028680.311035,0.015000,0.075000,0.120000,0.142302,-0.004400,0.002800,-0.001600,0.800000,5.831430,7100,120.890000,24.780000,38,121
2.670012,1782129028690.085449,1782129028690.295410,1782129028689.951416,1782129028690.299072,0.030000,-0.045000,0.090000,0.105000,0.003600,0.005600,-0.002800,0.800000,5.819539,7100,120.730000,24.800000,38,0
2.680011,1782129028703.085449,1782129028700.305176,1782129028699.947266,1782129028700.309570,0.015000,-0.225000,0.030000,0.227486,0.011200,0.005600,-0.004800,0.800000,5.806143,7100,120.730000,24.800000,38,189
2.690012,1782129028714.085449,1782129028710.294922,1782129028709.949463,1782129028710.298584,0.015000,-0.240000,0.030000,0.242332,0.013600,0.005200,-0.001200,0.800000,5.791251,7100,120.730000,24.800000,38,115
2.700014,1782129028723.085449,1782129028720.306641,1782129028719.966797,1782129028720.312256,0.015000,-0.255000,0.030000,0.257196,0.014400,0.002800,0.000000,0.800000,5.774883,7100,120.730000,24.800000,38,217
2.710012,1782129028723.085449,1782129028720.306641,1782129028729.950684,1782129028730.321289,-0.015000,-0.255000,0.000000,0.255441,0.011600,-0.000400,-0.002000,0.800000,5.757065,7100,120.730000,24.800000,38,217
2.720014,1782129028734.085449,1782129028740.303955,1782129028739.950684,1782129028740.309082,-0.015000,-0.150000,-0.030000,0.153704,0.006800,-0.002400,-0.001200,0.800000,5.737809,7071,120.930000,24.790000,39,219
2.730012,1782129028746.085449,1782129028750.316406,1782129028739.950684,1782129028740.309082,-0.015000,-0.150000,-0.030000,0.153704,0.006800,-0.002400,-0.001200,0.800000,5.717154,7071,120.930000,24.790000,39,215
2.740013,1782129028758.085449,1782129028760.360352,1782129028759.951172,1782129028760.366455,0.015000,-0.060000,0.000000,0.061847,0.002000,-0.002800,-0.001200,0.800000,5.695112,7071,120.930000,24.790000,39,221
2.750013,1782129028766.085449,1782129028770.314453,1782129028769.951172,1782129028770.321533,0.000000,0.060000,-0.030000,0.067082,-0.006400,-0.004000,-0.002400,0.800000,5.671722,7071,120.930000,24.790000,39,24
2.760015,1782129028778.085449,1782129028780.312988,1782129028779.951904,1782129028780.319824,-0.015000,0.165000,0.000000,0.165680,-0.012800,-0.004800,0.001200,0.800000,5.647010,7071,120.930000,24.790000,39,126
2.770013,1782129028790.085449,1782129028790.307861,1782129028789.951904,1782129028790.313477,-0.045000,0.255000,0.030000,0.260672,-0.014000,-0.003600,-0.002400,0.800000,5.621025,6957,120.850000,24.730000,39,0
2.780018,1782129028798.085449,1782129028800.314697,1782129028799.951172,1782129028800.321533,0.000000,0.270000,0.030000,0.271662,-0.019600,-0.000800,-0.003600,0.800000,5.593775,6957,120.850000,24.730000,39,48
2.790012,1782129028810.085449,1782129028810.310547,1782129028809.951172,1782129028810.315918,0.015000,0.255000,0.060000,0.262393,-0.021600,0.002000,0.017600,0.800000,5.565347,6971,120.970000,24.800000,38,0
2.800013,1782129028823.085449,1782129028820.312500,1782129028819.949463,1782129028820.318604,0.000000,0.255000,0.060000,0.261964,-0.019600,0.002800,0.012800,0.800000,5.535728,6971,120.970000,24.800000,38,45
2.810013,1782129028823.085449,1782129028820.312500,1782129028830.068604,1782129028830.317383,0.000000,0.255000,0.060000,0.261964,-0.017200,0.000400,0.014400,0.800000,5.504993,6971,120.970000,24.800000,38,45
2.820013,1782129028834.085449,1782129028840.307373,1782129028830.068604,1782129028830.317383,0.000000,0.255000,0.060000,0.261964,-0.017200,0.000400,0.014400,0.800000,5.473171,6400,119.480000,24.880000,38,147
2.830013,1782129028846.085449,1782129028850.315674,1782129028849.948730,1782129028850.323486,-0.015000,0.465000,0.030000,0.466208,-0.032400,0.000400,0.006400,0.800000,5.440316,6400,119.480000,24.880000,38,99
2.840012,1782129028854.085449,1782129028860.306396,1782129028859.947021,1782129028860.312256,0.000000,0.375000,0.030000,0.376198,-0.030400,-0.002800,-0.000800,0.800000,5.406478,6400,119.480000,24.880000,38,51
2.850013,1782129028866.085449,1782129028870.311279,1782129028869.946533,1782129028870.317627,-0.045000,0.255000,0.030000,0.260672,-0.020800,-0.003600,-0.005200,0.800000,5.371696,6400,119.480000,24.880000,38,55
2.860014,1782129028878.085449,1782129028880.312988,1782129028879.949707,1782129028880.319336,-0.015000,0.150000,0.030000,0.153704,-0.011600,-0.001600,-0.001200,0.800000,5.336026,6142,119.800000,24.790000,38,166
2.870013,1782129028886.085449,1782129028890.318848,1782129028890.032471,1782129028890.325928,0.045000,0.120000,0.030000,0.131624,-0.006000,0.002000,-0.002800,0.800000,5.299527,6142,119.800000,24.790000,38,180
2.880012,1782129028898.085449,1782129028900.310303,1782129028899.945801,1782129028900.316406,0.015000,0.000000,0.030000,0.033541,-0.004400,0.004400,-0.004000,0.800000,5.262246,6142,119.800000,24.790000,38,96
2.890012,1782129028910.085449,1782129028910.299072,1782129028909.947021,1782129028910.303223,-0.015000,-0.150000,0.000000,0.150748,0.001600,0.004400,0.000000,0.800000,5.224238,6057,120.490000,24.770000,38,0
2.900013,1782129028923.085449,1782129028920.307617,1782129028919.949463,1782129028920.312988,0.030000,-0.195000,0.060000,0.206216,0.013200,0.002400,-0.002000,0.800000,5.185555,6057,120.490000,24.770000,38,53
2.910013,1782129028934.085449,1782129028930.311523,1782129028919.949463,1782129028920.312988,0.030000,-0.195000,0.060000,0.206216,0.013200,0.002400,-0.002000,0.800000,5.146258,6057,120.490000,24.770000,38,117
2.920013,1782129028943.085449,1782129028940.299561,1782129028939.966797,1782129028940.304932,0.000000,0.015000,0.060000,0.061847,-0.002400,-0.000800,-0.000400,0.800000,5.106408,6057,120.490000,24.770000,38,195
2.930012,1782129028943.085449,1782129028940.299561,1782129028949.950928,1782129028950.308105,-0.015000,0.075000,-0.030000,0.082158,-0.008000,-0.000400,-0.004000,0.800000,5.066065,6057,120.490000,24.770000,38,195
2.940012,1782129028954.085449,1782129028960.297852,1782129028959.946533,1782129028960.301758,0.030000,0.105000,-0.030000,0.113248,-0.011600,0.001200,0.002800,0.800000,5.025280,6057,120.490000,24.770000,38,17
2.950012,1782129028966.085449,1782129028970.306396,1782129028969.949707,1782129028970.311279,0.015000,0.090000,0.000000,0.091241,-0.008000,0.002800,-0.001600,0.800000,4.984118,6057,120.490000,24.770000,38,234
2.960013,1782129028974.085449,1782129028980.308594,1782129028979.947021,1782129028980.313477,0.060000,-0.015000,-0.030000,0.068739,-0.001600,0.003600,-0.002800,0.800000,4.942638,5871,120.570000,24.770000,38,51
2.970012,1782129028986.085449,1782129028990.302734,1782129028989.946045,1782129028990.306641,0.030000,-0.045000,-0.030000,0.061847,0.002400,0.003200,-0.001200,0.800000,4.900906,5871,120.570000,24.770000,38,183
2.980017,1782129028998.085449,1782129029000.311279,1782129028999.950439,1782129029000.317383,0.000000,-0.075000,0.030000,0.080777,0.002000,0.000000,0.007200,0.800000,4.858956,5814,120.610000,24.780000,38,108
2.990012,1782129029006.085449,1782129029010.303467,1782129029009.948730,1782129029010.307861,-0.045000,-0.165000,0.030000,0.173638,0.005200,-0.004000,-0.002000,0.800000,4.816917,5814,120.610000,24.780000,38,134
3.000012,1782129029018.085449,1782129029020.374023,1782129029009.948730,1782129029010.307861,-0.045000,-0.165000,0.030000,0.173638,0.005200,-0.004000,-0.002000,0.800000,4.774786,5814,120.610000,24.780000,38,47
3.010016,1782129029030.085449,1782129029030.322021,1782129029029.946045,1782129029030.328857,-0.030000,0.105000,0.060000,0.124599,-0.010800,-0.002800,-0.004000,0.800000,4.732633,5685,120.650000,24.740000,38,0
3.020014,1782129029038.085449,1782129029040.336914,1782129029039.965332,1782129029040.346680,-0.015000,0.030000,0.060000,0.068739,-0.005200,-0.001600,-0.004400,0.800000,4.690555,5685,120.650000,24.740000,38,244
3.030014,1782129029054.085449,1782129029050.321777,1782129029049.989502,1782129029050.328125,0.000000,-0.090000,0.060000,0.108167,0.000800,0.000800,0.001200,0.800000,4.648590,5685,120.650000,24.740000,38,60
3.040011,1782129029067.125732,1782129029060.339111,1782129029059.990234,1782129029060.348877,0.000000,-0.060000,0.060000,0.084853,0.005200,0.000400,0.002800,0.800000,4.606810,5685,120.650000,24.740000,38,40
3.050012,1782129029067.125732,1782129029060.339111,1782129029069.947510,1782129029070.311523,0.030000,-0.030000,0.090000,0.099499,0.003200,-0.001200,0.001200,0.800000,4.565255,5685,120.650000,24.740000,38,40
3.060011,1782129029078.125732,1782129029080.312012,1782129029079.975830,1782129029080.318115,0.000000,0.030000,0.000000,0.030000,-0.005200,0.000000,-0.001600,0.800000,4.524006,5542,120.400000,24.760000,38,64
3.070014,1782129029090.125732,1782129029090.308838,1782129029089.946045,1782129029090.315430,0.030000,0.075000,-0.030000,0.086168,-0.011600,0.003600,-0.003200,0.800000,4.483106,5542,120.400000,24.760000,38,51
3.080012,1782129029098.125732,1782129029100.314697,1782129029099.950928,1782129029100.321289,0.015000,0.075000,0.000000,0.076485,-0.007600,0.004400,-0.001200,0.800000,4.442641,5542,120.400000,24.760000,38,21
3.090009,1782129029110.125732,1782129029110.298096,1782129029099.950928,1782129029100.321289,0.015000,0.075000,0.000000,0.076485,-0.007600,0.004400,-0.001200,0.800000,4.402663,5542,120.400000,24.760000,38,242
3.100011,1782129029122.125732,1782129029120.282715,1782129029119.951172,1782129029120.285400,0.030000,0.105000,0.060000,0.124599,-0.010800,0.001200,0.002800,0.800000,4.363206,5542,120.400000,24.760000,38,213
3.110009,1782129029134.125732,1782129029130.295166,1782129029129.949463,1782129029130.297852,-0.015000,0.060000,0.030000,0.068739,-0.008800,0.001200,0.003200,0.600000,4.324358,5300,120.650000,24.760000,38,0
3.120011,1782129029142.125732,1782129029140.287109,1782129029139.950928,1782129029140.289551,0.030000,0.000000,0.000000,0.030000,0.000400,0.001200,-0.001200,0.600000,4.286150,5300,120.650000,24.760000,38,30
3.130013,1782129029154.125732,1782129029150.382568,1782129029149.947266,1782129029150.393311,-0.030000,-0.060000,-0.030000,0.073485,0.006800,-0.000400,0.001200,0.600000,4.248648,5300,120.650000,24.760000,38,64
3.140013,1782129029167.125732,1782129029160.322998,1782129029159.949951,1782129029160.330811,-0.030000,-0.090000,0.000000,0.094868,0.005600,-0.002400,-0.002000,0.600000,4.211923,5300,120.650000,24.760000,38,111
3.150014,1782129029178.125732,1782129029170.322998,1782129029169.946045,1782129029170.332031,-0.015000,-0.015000,0.000000,0.021213,-0.000800,0.000000,-0.004400,0.600000,4.176010,5157,120.280000,24.760000,38,140
3.160014,1782129029187.125732,1782129029180.327148,1782129029179.947998,1782129029180.337158,0.015000,-0.015000,0.030000,0.036742,-0.004800,0.003600,0.000000,0.600000,4.140970,5157,120.280000,24.760000,38,125
3.170012,1782129029187.125732,1782129029180.327148,1782129029189.946289,1782129029190.325684,0.045000,-0.075000,0.030000,0.092466,0.002000,0.004400,-0.001600,0.600000,4.106861,5157,120.280000,24.760000,38,125
3.180016,1782129029198.125732,1782129029200.324707,1782129029189.946289,1782129029190.325684,0.045000,-0.075000,0.030000,0.092466,0.002000,0.004400,-0.001600,0.600000,4.073705,5157,120.280000,24.760000,38,164
3.190015,1782129029210.125732,1782129029210.325439,1782129029209.948242,1782129029210.333496,0.015000,-0.015000,-0.030000,0.036742,-0.002800,0.002800,0.000800,0.600000,4.041584,5157,120.280000,24.760000,38,174
3.200014,1782129029218.125732,1782129029220.324707,1782129029219.948242,1782129029220.332275,0.000000,-0.075000,0.000000,0.075000,0.004000,0.002400,-0.001200,0.600000,4.010532,5028,120.770000,24.780000,38,92
3.210013,1782129029230.125732,1782129029230.333008,1782129029229.949707,1782129029230.341797,-0.015000,-0.045000,-0.030000,0.056125,0.000800,0.000800,-0.003200,0.600000,3.980592,5028,120.770000,24.780000,38,31
3.220016,1782129029242.125732,1782129029240.322998,1782129029239.946045,1782129029240.330566,0.000000,0.060000,0.030000,0.067082,-0.009600,0.001600,0.002400,0.600000,3.951801,4985,120.850000,24.790000,38,221
3.230015,1782129029254.125732,1782129029250.325195,1782129029249.947754,1782129029250.334961,0.045000,0.045000,0.060000,0.087464,-0.007200,0.002000,0.000400,0.600000,3.924220,4985,120.850000,24.790000,38,250
3.240019,1782129029262.125732,1782129029260.323486,1782129029259.947998,1782129029260.331299,-0.045000,-0.015000,0.030000,0.056125,0.002000,-0.000800,-0.000400,0.600000,3.897866,4985,120.850000,24.790000,38,158
3.250014,1782129029274.125732,1782129029270.328857,1782129029269.950439,1782129029270.336426,-0.045000,-0.060000,0.030000,0.080777,0.001600,-0.004400,-0.004400,0.600000,3.872817,4985,120.850000,24.790000,38,56
3.260021,1782129029287.125732,1782129029280.323730,1782129029279.947510,1782129029280.332520,-0.015000,0.000000,0.000000,0.015000,-0.003200,-0.002400,-0.003600,0.600000,3.849055,4985,120.850000,24.790000,38,157
3.270016,1782129029298.125732,1782129029290.332520,1782129029279.947510,1782129029280.332520,-0.015000,0.000000,0.000000,0.015000,-0.003200,-0.002400,-0.003600,0.600000,3.826673,4885,120.490000,24.760000,38,242
3.280015,1782129029307.125732,1782129029300.326416,1782129029299.948486,1782129029300.335693,-0.015000,-0.015000,0.030000,0.036742,-0.000400,-0.004400,-0.002000,0.600000,3.805670,4885,120.490000,24.760000,38,45
3.290022,1782129029307.125732,1782129029300.326416,1782129029309.947998,1782129029310.323975,-0.015000,0.030000,0.030000,0.045000,-0.002000,-0.001600,0.020000,0.600000,3.786070,4885,120.490000,24.760000,38,45
3.300015,1782129029318.125732,1782129029320.330811,1782129029319.949951,1782129029320.338379,-0.030000,-0.060000,0.000000,0.067082,0.002400,0.002000,0.010000,0.600000,3.767943,4885,120.490000,24.760000,38,50
3.310019,1782129029330.125732,1782129029330.333496,1782129029329.950195,1782129029330.342041,0.015000,-0.015000,0.000000,0.021213,0.001600,0.000800,0.004000,0.500000,3.751274,4885,120.490000,24.760000,38,145
3.320015,1782129029342.125732,1782129029340.328857,1782129029339.954590,1782129029340.336670,0.030000,0.045000,0.000000,0.054083,-0.004800,0.002400,0.004000,0.500000,3.736119,4885,120.490000,24.760000,38,11
3.330015,1782129029350.125732,1782129029350.324219,1782129029349.948242,1782129029350.333252,0.015000,-0.030000,0.030000,0.045000,-0.001600,0.002000,-0.000400,0.500000,3.722485,4885,120.490000,24.760000,38,111
3.340016,1782129029362.125732,1782129029360.324219,1782129029359.954590,1782129029360.332031,-0.015000,0.000000,0.030000,0.033541,0.000000,-0.001200,-0.002400,0.500000,3.710397,4157,119.600000,24.770000,38,142
3.350016,1782129029374.125732,1782129029370.325439,1782129029369.947510,1782129029370.333008,0.000000,-0.030000,0.000000,0.030000,0.003200,0.000000,-0.004400,0.500000,3.699879,4157,119.600000,24.770000,38,170
3.360014,1782129029387.125732,1782129029380.327393,1782129029369.947510,1782129029370.333008,0.000000,-0.030000,0.000000,0.030000,0.003200,0.000000,-0.004400,0.500000,3.690948,4157,119.600000,24.770000,38,92
3.370015,1782129029394.125732,1782129029390.322998,1782129029389.947021,1782129029390.331055,-0.015000,-0.030000,0.000000,0.033541,0.002400,-0.000400,0.000400,0.500000,3.683615,4157,119.600000,24.770000,38,96
3.380022,1782129029407.125732,1782129029400.324463,1782129029399.948730,1782129029400.332275,-0.045000,-0.030000,0.000000,0.054083,0.004000,-0.002000,0.000400,0.500000,3.677896,4157,119.600000,24.770000,38,170
3.390014,1782129029418.125732,1782129029410.332275,1782129029409.950195,1782129029410.341553,0.000000,-0.015000,-0.030000,0.033541,0.000800,0.001600,-0.004000,0.500000,3.673812,4042,120.690000,24.840000,38,77
3.400013,1782129029418.125732,1782129029410.332275,1782129029419.944580,1782129029420.324219,0.015000,-0.030000,0.030000,0.045000,0.002000,0.003200,-0.004800,0.500000,3.671359,4042,120.690000,24.840000,38,77
3.410014,1782129029430.125732,1782129029430.322021,1782129029429.949951,1782129029430.334961,0.030000,0.015000,-0.030000,0.045000,-0.003200,0.003200,-0.005600,0.500000,3.670551,4042,120.690000,24.840000,38,137
3.420016,1782129029438.125732,1782129029440.323242,1782129029439.947510,1782129029440.330566,0.060000,0.000000,0.000000,0.060000,-0.002400,0.004400,0.000000,0.500000,3.671392,4042,120.530000,24.850000,38,210
3.430014,1782129029450.125732,1782129029450.324707,1782129029449.950684,1782129029450.333984,0.015000,-0.015000,0.000000,0.021213,-0.000800,0.000400,0.002400,0.500000,3.673886,4042,120.530000,24.850000,38,54
3.440012,1782129029462.125732,1782129029460.331787,1782129029459.952148,1782129029460.342285,0.000000,0.000000,0.000000,0.000000,-0.000800,-0.001200,-0.002000,0.500000,3.678033,4042,120.530000,24.850000,38,44
3.450013,1782129029470.125732,1782129029470.307129,1782129029459.952148,1782129029460.342285,0.000000,0.000000,0.000000,0.000000,-0.000800,-0.001200,-0.002000,0.500000,3.683834,4042,120.530000,24.850000,38,33
3.460011,1782129029482.125732,1782129029480.324951,1782129029479.951416,1782129029480.333252,-0.015000,0.015000,0.030000,0.036742,0.000000,0.000000,-0.002800,0.500000,3.691283,4042,120.810000,24.840000,38,154
3.470081,1782129029494.125732,1782129029490.324463,1782129029490.041504,1782129029490.332275,-0.045000,0.015000,-0.030000,0.056125,0.002800,-0.002800,-0.004000,0.500000,3.700448,4042,120.810000,24.840000,38,236
3.480017,1782129029502.125732,1782129029500.410645,1782129029499.951904,1782129029500.420898,0.030000,-0.045000,-0.030000,0.061847,-0.001200,-0.000400,-0.004000,0.500000,3.711119,4042,120.810000,24.840000,38,173
3.490012,1782129029514.125732,1782129029510.330322,1782129029509.952148,1782129029510.337891,0.000000,-0.045000,-0.030000,0.054083,0.000400,0.001600,-0.005600,0.500000,3.723477,4042,120.890000,24.790000,38,0
3.500027,1782129029527.125732,1782129029520.326172,1782129029519.953125,1782129029520.333496,0.015000,0.030000,0.000000,0.033541,-0.006400,0.000800,-0.000400,0.500000,3.737481,4042,120.890000,24.790000,38,98
3.510012,1782129029527.125732,1782129029520.326172,1782129029529.949463,1782129029530.349121,-0.030000,0.030000,0.000000,0.042426,-0.006400,0.002800,0.001200,0.400000,3.753046,4042,120.890000,24.790000,38,98
3.520013,1782129029538.125732,1782129029540.370605,1782129029539.952148,1782129029540.377686,-0.015000,-0.015000,0.030000,0.036742,0.001600,0.000000,-0.002000,0.400000,3.770226,4042,120.930000,24.820000,39,252
3.530014,1782129029550.125732,1782129029550.320068,1782129029549.952637,1782129029550.327393,-0.015000,0.030000,0.030000,0.045000,-0.001600,-0.001200,-0.002400,0.400000,3.788979,4042,120.930000,24.820000,39,114
3.540013,1782129029558.125732,1782129029560.312988,1782129029549.952637,1782129029550.327393,-0.015000,0.030000,0.030000,0.045000,-0.001600,-0.001200,-0.002400,0.400000,3.809284,4042,120.930000,24.820000,39,220
3.550012,1782129029570.125732,1782129029570.323486,1782129029569.977783,1782129029570.331543,0.015000,0.030000,0.000000,0.033541,-0.003200,0.000800,-0.002400,0.400000,3.831124,4042,120.930000,24.820000,39,91
3.560012,1782129029582.125732,1782129029580.320312,1782129029580.091064,1782129029580.328369,0.000000,0.000000,0.060000,0.060000,0.001600,-0.002000,-0.002800,0.400000,3.854477,4085,120.850000,24.830000,38,28
3.570012,1782129029594.125732,1782129029590.309082,1782129029589.948730,1782129029590.315430,0.000000,0.000000,-0.030000,0.030000,-0.002000,-0.002400,-0.004400,0.400000,3.879318,4114,120.770000,24.690000,38,0
3.580012,1782129029602.125732,1782129029600.320068,1782129029599.952393,1782129029600.328125,0.000000,-0.045000,0.030000,0.054083,0.000800,0.000800,-0.004400,0.400000,3.905624,4114,120.770000,24.690000,38,92
3.590013,1782129029614.125732,1782129029610.307129,1782129029609.952148,1782129029610.312256,0.000000,-0.030000,0.000000,0.030000,0.002000,-0.000400,-0.005200,0.400000,3.933365,4114,120.770000,24.690000,38,133
3.600011,1782129029627.125732,1782129029620.317139,1782129029619.947266,1782129029620.323730,-0.015000,-0.015000,-0.060000,0.063640,-0.002800,0.002000,-0.004000,0.400000,3.962506,4114,120.770000,24.690000,38,134
3.610012,1782129029638.125732,1782129029630.320068,1782129029629.951416,1782129029630.325684,0.030000,-0.030000,0.000000,0.042426,-0.000400,0.003600,-0.000800,0.400000,3.993028,4185,120.810000,24.820000,38,65
3.620016,1782129029647.125732,1782129029640.305420,1782129029639.949463,1782129029640.311035,0.015000,-0.015000,0.030000,0.036742,-0.003600,0.000800,-0.000400,0.400000,4.024904,4185,120.810000,24.820000,38,32
3.630014,1782129029647.125732,1782129029640.305420,1782129029639.949463,1782129029640.311035,0.015000,-0.015000,0.030000,0.036742,-0.003600,0.000800,-0.000400,0.400000,4.058073,4185,120.810000,24.820000,38,32
3.640014,1782129029658.125732,1782129029660.303711,1782129029659.957764,1782129029660.310791,-0.030000,0.075000,0.060000,0.100623,-0.008800,0.000400,0.000800,0.400000,4.092518,4185,120.810000,24.820000,38,41
3.650015,1782129029670.125732,1782129029670.329834,1782129029669.950684,1782129029670.338623,-0.015000,0.015000,0.000000,0.021213,-0.000800,-0.000400,-0.002000,0.400000,4.128204,4185,120.810000,24.820000,38,239
3.660012,1782129029678.125732,1782129029680.318848,1782129029679.955322,1782129029680.326172,-0.030000,-0.075000,0.060000,0.100623,0.004000,-0.002400,-0.004000,0.400000,4.165077,4257,120.810000,24.800000,38,238
3.670013,1782129029690.125732,1782129029690.298096,1782129029690.005127,1782129029690.302490,-0.015000,-0.015000,0.000000,0.021213,-0.001600,-0.001200,-0.006800,0.400000,4.203119,4257,120.810000,24.800000,38,39
3.680018,1782129029702.125732,1782129029700.313477,1782129029699.951904,1782129029700.319824,0.030000,-0.060000,0.030000,0.073485,0.003200,0.002800,-0.005600,0.400000,4.242301,4285,120.530000,24.800000,38,171
3.690013,1782129029710.125732,1782129029710.303955,1782129029710.012939,1782129029710.307861,0.060000,-0.030000,-0.030000,0.073485,0.005200,0.002000,-0.003600,0.400000,4.282519,4285,120.530000,24.800000,38,129
3.700012,1782129029722.125732,1782129029720.311279,1782129029719.959473,1782129029720.317871,0.045000,0.045000,0.000000,0.063640,-0.003600,0.002400,-0.001600,0.400000,4.323787,4371,120.810000,24.770000,38,33
3.710056,1782129029734.125732,1782129029730.319824,1782129029729.968018,1782129029730.326416,-0.030000,-0.045000,0.060000,0.080777,-0.003200,0.004000,-0.001600,0.500000,4.366234,4428,120.810000,24.800000,38,0
3.720012,1782129029742.125732,1782129029740.343018,1782129029729.968018,1782129029730.326416,-0.030000,-0.045000,0.060000,0.080777,-0.003200,0.004000,-0.001600,0.500000,4.409251,4428,120.810000,24.800000,38,40
3.730015,1782129029758.125732,1782129029750.314209,1782129029749.952393,1782129029750.321533,0.060000,-0.030000,0.060000,0.090000,0.000000,0.004000,-0.002800,0.500000,4.453367,4428,120.810000,24.800000,38,106
3.740018,1782129029767.125732,1782129029760.300293,1782129029759.950195,1782129029760.304199,-0.015000,-0.015000,0.030000,0.036742,-0.001600,0.000800,-0.001600,0.500000,4.498335,4428,120.810000,24.800000,38,229
3.750022,1782129029767.125732,1782129029760.300293,1782129029769.988037,1782129029770.322021,0.000000,0.045000,0.030000,0.054083,-0.005600,0.000000,-0.006400,0.500000,4.544114,4428,120.810000,24.800000,38,229
3.760012,1782129029778.125732,1782129029780.328125,1782129029779.971924,1782129029780.334961,-0.015000,0.000000,-0.030000,0.033541,0.000800,0.000400,-0.005200,0.500000,4.590581,4528,120.490000,24.770000,38,168
3.770012,1782129029790.125732,1782129029790.309570,1782129029789.960449,1782129029790.315186,-0.030000,-0.015000,0.000000,0.033541,0.004400,-0.001200,-0.004000,0.500000,4.637795,4528,120.490000,24.770000,38,42
3.780012,1782129029798.125732,1782129029800.316406,1782129029799.951172,1782129029800.323242,-0.015000,0.030000,0.000000,0.033541,-0.002800,-0.001200,-0.005200,0.500000,4.685668,4528,120.490000,24.770000,38,13
3.790012,1782129029810.125732,1782129029810.308350,1782129029809.946533,1782129029810.314453,0.015000,0.045000,0.060000,0.076485,-0.005600,0.001600,-0.004000,0.500000,4.734146,4528,120.490000,24.770000,38,246
3.800014,1782129029822.125732,1782129029820.316162,1782129029819.948975,1782129029820.323242,0.015000,-0.015000,0.090000,0.092466,-0.005200,0.002800,-0.030000,0.500000,4.783180,4671,120.400000,24.750000,38,37
3.810012,1782129029834.125732,1782129029830.323730,1782129029819.948975,1782129029820.323242,0.015000,-0.015000,0.090000,0.092466,-0.005200,0.002800,-0.030000,0.500000,4.832698,4671,120.400000,24.750000,38,11
3.820019,1782129029842.125732,1782129029840.302490,1782129029839.949463,1782129029840.308838,0.030000,0.105000,0.030000,0.113248,-0.014400,0.002400,-0.013200,0.500000,4.882711,4671,120.400000,24.750000,38,148
3.830011,1782129029854.125732,1782129029850.326416,1782129029849.949463,1782129029850.334229,0.015000,0.150000,0.000000,0.150748,-0.015200,0.001600,-0.000400,0.500000,4.933041,4671,120.400000,24.750000,38,104
3.840013,1782129029867.125732,1782129029860.298828,1782129029859.990234,1782129029860.303711,0.015000,0.060000,0.000000,0.061847,-0.008000,-0.000800,-0.003200,0.500000,4.983763,4671,120.400000,24.750000,38,147
3.850013,1782129029878.125732,1782129029870.317139,1782129029869.950928,1782129029870.324219,-0.045000,-0.030000,0.000000,0.054083,0.000000,-0.001200,-0.008400,0.500000,5.034767,4671,120.400000,24.750000,38,156
3.860017,1782129029887.125732,1782129029880.318115,1782129029879.948730,1782129029880.325195,-0.030000,-0.165000,0.030000,0.170367,0.007200,-0.001600,-0.002800,0.500000,5.086019,4671,120.400000,24.750000,38,14
3.870013,1782129029887.125732,1782129029880.318115,1782129029889.956055,1782129029890.306641,-0.030000,-0.225000,0.000000,0.226991,0.018800,-0.000800,0.000000,0.500000,5.137414,4671,120.400000,24.750000,38,14
3.880012,1782129029898.125732,1782129029900.317871,1782129029899.950439,1782129029900.324951,0.015000,-0.345000,0.000000,0.345326,0.026400,0.000800,-0.006400,0.500000,5.188954,6171,120.400000,24.680000,38,92
3.890021,1782129029910.125732,1782129029910.301270,1782129029909.948242,1782129029910.306396,0.015000,-0.330000,0.000000,0.330341,0.025200,0.003600,-0.008000,0.500000,5.240616,6171,120.400000,24.680000,38,140
3.900014,1782129029918.125732,1782129029920.324951,1782129029909.948242,1782129029910.306396,0.015000,-0.330000,0.000000,0.330341,0.025200,0.003600,-0.008000,0.500000,5.292216,6257,120.280000,24.740000,39,163
3.910011,1782129029930.125732,1782129029930.375488,1782129029929.949463,1782129029930.381592,0.030000,0.180000,0.030000,0.184932,-0.013200,-0.002400,-0.005200,0.600000,5.343800,6257,120.280000,24.740000,39,27
3.920013,1782129029942.125732,1782129029940.301514,1782129029939.950195,1782129029940.306152,-0.015000,0.240000,0.030000,0.242332,-0.019600,-0.000800,-0.007200,0.600000,5.395321,6342,120.320000,24.720000,38,32
3.930012,1782129029954.125732,1782129029950.317627,1782129029949.948242,1782129029950.325195,0.030000,0.285000,0.000000,0.286575,-0.020000,-0.001200,-0.002400,0.600000,5.446685,6442,120.730000,24.780000,38,0
3.940014,1782129029962.125732,1782129029960.299072,1782129029959.958252,1782129029960.303711,0.015000,0.300000,-0.030000,0.301869,-0.020800,-0.000400,-0.005600,0.600000,5.497869,6442,120.730000,24.780000,38,58
3.950017,1782129029974.125732,1782129029970.315918,1782129029969.996826,1782129029970.322510,0.015000,0.360000,-0.060000,0.365274,-0.025200,0.000400,-0.008000,0.600000,5.548808,6500,120.930000,24.790000,39,0
3.960013,1782129029987.125732,1782129029980.330078,1782129029979.957764,1782129029980.338135,0.015000,0.435000,0.000000,0.435259,-0.031200,0.000800,0.000000,0.600000,5.599411,6500,120.930000,24.790000,39,229
3.970156,1782129029987.125732,1782129029980.330078,1782129029989.990234,1782129029990.312988,0.030000,0.465000,-0.030000,0.466931,-0.030800,-0.001200,0.000000,0.600000,5.650397,6500,120.930000,24.790000,39,229
3.980023,1782129030007.125732,1782129030000.482422,1782129029999.948486,1782129030000.491943,0.000000,0.465000,0.030000,0.465967,-0.031200,-0.002800,-0.006000,0.600000,5.699596,6614,121.090000,24.770000,38,224
3.990016,1782129030007.125732,1782129030000.482422,1782129029999.948486,1782129030000.491943,0.000000,0.465000,0.030000,0.465967,-0.031200,-0.002800,-0.006000,0.600000,5.748970,6614,121.090000,24.770000,38,224
4.000016,1782129030018.125732,1782129030020.392822,1782129030019.961670,1782129030020.400879,-0.030000,0.345000,0.030000,0.347599,-0.027600,-0.003200,-0.003200,0.600000,5.797873,6657,120.930000,24.720000,38,195
4.010014,1782129030030.125732,1782129030030.353516,1782129030029.961426,1782129030030.362305,-0.015000,0.420000,0.000000,0.420268,-0.026400,-0.005600,0.004800,0.600000,5.846203,6657,120.930000,24.720000,38,177
4.020012,1782129030042.125732,1782129030040.337402,1782129030039.954590,1782129030040.347900,-0.015000,0.345000,0.060000,0.350500,-0.019200,-0.006400,-0.003600,0.600000,5.893933,6742,120.770000,24.770000,38,32
4.030016,1782129030050.125732,1782129030050.322754,1782129030049.949219,1782129030050.330811,-0.030000,0.345000,0.060000,0.351461,-0.020800,-0.003200,-0.008800,0.600000,5.941028,6742,120.770000,24.770000,38,21
4.040014,1782129030062.125732,1782129030060.340332,1782129030059.998291,1782129030060.353271,0.015000,0.390000,0.060000,0.394873,-0.025200,0.001200,-0.006400,0.600000,5.987395,6742,120.770000,24.770000,38,145
4.050019,1782129030074.125732,1782129030070.322998,1782129030069.948730,1782129030070.331055,0.075000,0.435000,0.090000,0.450500,-0.026400,0.004800,0.001600,0.600000,6.033045,6928,120.730000,24.780000,38,0
4.060014,1782129030087.125732,1782129030080.328125,1782129030079.947998,1782129030080.335693,0.015000,0.255000,0.060000,0.262393,-0.011600,0.002800,-0.000800,0.600000,6.077851,6928,120.730000,24.780000,38,149
4.070014,1782129030098.125732,1782129030090.323975,1782129030089.949219,1782129030090.333252,0.000000,0.150000,0.060000,0.161555,0.000400,0.000800,-0.002000,0.600000,6.121836,6928,120.730000,24.780000,38,65
4.080015,1782129030107.125732,1782129030100.325439,1782129030089.949219,1782129030090.333252,0.000000,0.150000,0.060000,0.161555,0.000400,0.000800,-0.002000,0.600000,6.164938,6928,120.730000,24.780000,38,126
4.090022,1782129030118.125732,1782129030110.324707,1782129030109.948730,1782129030110.332275,-0.015000,0.195000,0.030000,0.197864,-0.004000,0.002400,-0.003600,0.600000,6.207132,6928,120.730000,24.780000,38,251
4.100015,1782129030118.125732,1782129030110.324707,1782129030119.952148,1782129030120.331787,0.060000,0.015000,0.060000,0.086168,0.000400,0.005600,-0.006000,0.600000,6.248296,6928,120.730000,24.780000,38,251
4.110014,1782129030130.125732,1782129030130.325195,1782129030129.950684,1782129030130.339844,0.075000,-0.090000,0.060000,0.131624,0.004800,0.008000,-0.006400,0.800000,6.288467,6928,120.730000,24.780000,38,142
4.120021,1782129030138.125732,1782129030140.323242,1782129030139.951904,1782129030140.330811,0.075000,-0.180000,0.000000,0.195000,0.008000,0.006800,-0.006400,0.800000,6.327616,7142,120.730000,24.710000,38,184
4.130015,1782129030150.125732,1782129030150.331055,1782129030149.948730,1782129030150.339355,-0.015000,-0.240000,0.030000,0.242332,0.009600,0.003600,-0.005600,0.800000,6.365619,7142,120.730000,24.710000,38,146
4.140015,1782129030162.125732,1782129030160.324707,1782129030159.948486,1782129030160.332520,0.000000,-0.180000,0.000000,0.180000,0.006800,-0.002000,-0.002000,0.800000,6.402510,7214,120.400000,24.730000,38,166
4.150013,1782129030174.125732,1782129030170.324951,1782129030169.951172,1782129030170.332275,-0.030000,-0.045000,-0.030000,0.061847,0.000800,-0.005600,-0.000800,0.800000,6.438225,7271,120.000000,24.580000,38,0
4.160013,1782129030182.125732,1782129030180.322754,1782129030179.947021,1782129030180.332275,-0.060000,0.090000,0.000000,0.108167,-0.008800,-0.006800,-0.003600,0.800000,6.472737,7271,120.000000,24.580000,38,189
4.170015,1782129030194.125732,1782129030190.325195,1782129030179.947021,1782129030180.332275,-0.060000,0.090000,0.000000,0.108167,-0.008800,-0.006800,-0.003600,0.800000,6.506017,7271,120.000000,24.580000,38,69
4.180021,1782129030202.125732,1782129030200.324951,1782129030199.951904,1782129030200.332520,-0.030000,0.195000,0.000000,0.197294,-0.012800,-0.004000,-0.004400,0.800000,6.538036,7271,120.000000,24.580000,38,31
4.190015,1782129030214.125732,1782129030210.330322,1782129030209.957275,1782129030210.337891,0.000000,0.150000,0.090000,0.174929,-0.008000,-0.001200,-0.004800,0.800000,6.568708,7271,120.000000,24.580000,38,237
4.200014,1782129030227.125732,1782129030220.324951,1782129030219.952393,1782129030220.334229,0.030000,-0.045000,0.030000,0.061847,0.002000,0.002000,-0.005600,0.800000,6.598059,7271,120.000000,24.580000,38,18
4.210020,1782129030227.125732,1782129030220.324951,1782129030229.945557,1782129030230.329834,0.045000,-0.165000,0.060000,0.181246,0.012000,0.003200,-0.004800,0.800000,6.626063,7271,120.000000,24.580000,38,18
4.220013,1782129030238.125732,1782129030240.329590,1782129030239.951172,1782129030240.338379,0.060000,-0.150000,0.030000,0.164317,0.010000,0.002400,-0.003200,0.800000,6.652636,7428,119.960000,24.680000,38,228
4.230015,1782129030250.125732,1782129030250.322754,1782129030249.948242,1782129030250.330566,0.015000,-0.060000,-0.030000,0.068739,0.000800,0.000000,-0.002400,0.800000,6.677808,7428,119.960000,24.680000,38,86
4.240022,1782129030258.125732,1782129030260.323975,1782129030259.950684,1782129030260.331787,0.045000,0.090000,-0.060000,0.117154,-0.004800,-0.002400,0.000400,0.800000,6.701546,7428,119.960000,24.680000,38,185
4.250014,1782129030270.125732,1782129030270.330566,1782129030269.948730,1782129030270.338623,-0.015000,0.120000,0.000000,0.120934,-0.002000,-0.001200,-0.005600,0.800000,6.723779,7428,119.960000,24.680000,38,242
4.260013,1782129030282.125732,1782129030280.325928,1782129030269.948730,1782129030270.338623,-0.015000,0.120000,0.000000,0.120934,-0.002000,-0.001200,-0.005600,0.800000,6.744533,7542,120.730000,24.780000,38,183
4.270021,1782129030294.125732,1782129030290.323486,1782129030289.949463,1782129030290.331299,0.045000,-0.030000,0.030000,0.061847,0.006800,0.004400,-0.002000,0.800000,6.763790,7600,121.170000,24.800000,38,0
4.280013,1782129030302.125732,1782129030300.329590,1782129030299.951904,1782129030300.337158,0.015000,-0.270000,0.150000,0.309233,0.015200,0.005600,-0.009200,0.800000,6.781481,7600,121.170000,24.800000,38,73
4.290015,1782129030314.125732,1782129030310.322021,1782129030309.947021,1782129030310.331543,0.045000,-0.210000,-0.030000,0.216852,0.010800,0.003600,-0.015200,0.800000,6.797639,7600,121.170000,24.800000,38,101
4.300022,1782129030327.125732,1782129030320.324463,1782129030319.955078,1782129030320.332275,0.030000,0.015000,-0.030000,0.045000,-0.004800,-0.000400,-0.015600,0.800000,6.812232,7600,121.170000,24.800000,38,72
4.310015,1782129030338.125732,1782129030330.390137,1782129030329.968506,1782129030330.398438,0.000000,0.180000,-0.030000,0.182483,-0.012800,0.000400,-0.011600,0.900000,6.825221,8057,120.890000,24.730000,38,128
4.320014,1782129030347.125732,1782129030340.324707,1782129030340.012695,1782129030340.333496,0.030000,0.075000,-0.030000,0.086168,-0.003600,0.006800,-0.006400,0.900000,6.836620,8057,120.890000,24.730000,38,132
4.330021,1782129030347.125732,1782129030340.324707,1782129030349.934082,1782129030350.323730,-0.015000,-0.240000,0.090000,0.256759,0.010800,0.001200,-0.006800,0.900000,6.846415,8057,120.890000,24.730000,38,132
4.340017,1782129030358.125732,1782129030360.330322,1782129030359.963379,1782129030360.339355,-0.090000,-0.075000,0.060000,0.131624,0.005600,-0.008400,-0.006400,0.900000,6.854578,8300,120.650000,24.760000,38,94
4.350016,1782129030370.125732,1782129030370.329102,1782129030359.963379,1782129030360.339355,-0.090000,-0.075000,0.060000,0.131624,0.005600,-0.008400,-0.006400,0.900000,6.861112,8300,120.650000,24.760000,38,75
4.360014,1782129030382.125732,1782129030380.325928,1782129030379.948486,1782129030380.333496,0.045000,-0.120000,-0.060000,0.141510,0.008000,0.005200,-0.002400,0.900000,6.866007,8371,121.010000,24.810000,38,91
4.370013,1782129030390.125732,1782129030390.332764,1782129030389.953125,1782129030390.341553,-0.015000,-0.090000,0.000000,0.091241,0.002800,-0.004400,-0.000800,0.900000,6.869258,8371,121.010000,24.810000,38,215
4.380019,1782129030402.125732,1782129030400.322510,1782129030399.947510,1782129030400.330566,-0.045000,0.105000,0.030000,0.118110,-0.006400,-0.002800,-0.002000,0.900000,6.870860,8457,121.050000,24.790000,38,133
4.390015,1782129030414.125732,1782129030410.328125,1782129030409.958740,1782129030410.335938,0.015000,0.015000,-0.030000,0.036742,0.003200,0.007200,-0.003200,0.900000,6.870806,8471,121.170000,24.810000,39,0
4.400013,1782129030422.125732,1782129030420.325439,1782129030419.948730,1782129030420.333008,0.060000,-0.165000,0.120000,0.212662,0.003600,0.002400,-0.002000,0.900000,6.869098,8471,121.170000,24.810000,39,77
4.410020,1782129030434.125732,1782129030430.330322,1782129030429.973633,1782129030430.336914,-0.045000,0.030000,0.060000,0.080777,-0.002800,-0.006000,0.000800,0.900000,6.865731,8457,120.890000,24.780000,38,0
4.420015,1782129030447.125732,1782129030440.329346,1782129030439.951172,1782129030440.338623,0.045000,0.150000,-0.030000,0.159452,-0.007200,0.002000,-0.002400,0.900000,6.860714,8457,120.890000,24.780000,38,138
4.430015,1782129030458.125732,1782129030450.324951,1782129030449.979736,1782129030450.332764,0.045000,-0.105000,-0.060000,0.129035,-0.001200,0.006000,-0.002400,0.900000,6.854043,8457,120.890000,24.780000,38,64
4.440013,1782129030467.125732,1782129030460.341309,1782129030449.979736,1782129030450.332764,0.045000,-0.105000,-0.060000,0.129035,-0.001200,0.006000,-0.002400,0.900000,6.845724,8457,120.890000,24.780000,38,202
4.450016,1782129030467.125732,1782129030460.341309,1782129030469.952393,1782129030470.322998,0.015000,0.135000,0.030000,0.139104,-0.009600,-0.000400,-0.004000,0.900000,6.835758,8457,120.890000,24.780000,38,202
4.460013,1782129030478.125732,1782129030480.332275,1782129030480.069580,1782129030480.339844,0.015000,-0.045000,-0.030000,0.056125,-0.005200,0.007200,-0.006000,0.900000,6.824164,8414,120.490000,24.820000,38,184
4.470022,1782129030490.125732,1782129030490.321777,1782129030489.947021,1782129030490.331543,-0.015000,-0.120000,0.090000,0.150748,0.003200,-0.002800,-0.001200,0.900000,6.810924,8414,120.490000,24.820000,38,15
4.480019,1782129030502.125732,1782129030500.331543,1782129030500.046875,1782129030500.339111,-0.015000,0.030000,0.030000,0.045000,0.003600,-0.005600,-0.000400,0.900000,6.796082,8414,120.810000,24.790000,38,215
4.490013,1782129030510.125732,1782129030510.329346,1782129030510.057617,1782129030510.336914,0.030000,0.045000,-0.090000,0.105000,0.001200,0.006400,-0.001600,0.900000,6.779640,8414,120.810000,24.790000,38,148
4.500014,1782129030522.125732,1782129030520.322998,1782129030520.007324,1782129030520.330566,0.045000,-0.180000,-0.060000,0.195000,0.004400,0.005600,0.001600,0.900000,6.761591,8414,120.810000,24.790000,38,207
4.510014,1782129030534.125732,1782129030530.331299,1782129030529.952881,1782129030530.337402,-0.015000,-0.015000,0.090000,0.092466,-0.004000,-0.004000,-0.004400,1.100000,6.741964,8357,120.930000,24.800000,38,0
4.520016,1782129030542.125732,1782129030540.322754,1782129030539.953369,1782129030540.330322,0.000000,0.120000,-0.030000,0.123693,-0.006800,0.000800,-0.001200,1.100000,6.720766,8357,120.930000,24.800000,38,51
4.530016,1782129030554.125732,1782129030550.334961,1782129030539.953369,1782129030540.330322,0.000000,0.120000,-0.030000,0.123693,-0.006800,0.000800,-0.001200,1.100000,6.698022,8342,120.890000,24.810000,38,0
4.540020,1782129030567.125732,1782129030560.328369,1782129030560.036133,1782129030560.337402,0.060000,-0.090000,0.030000,0.112250,0.004800,-0.002000,-0.001200,1.100000,6.673737,8342,120.890000,24.810000,38,138
4.550014,1782129030578.125732,1782129030570.331055,1782129030569.960693,1782129030570.338623,-0.030000,0.105000,0.000000,0.109202,-0.006400,-0.004000,-0.000800,1.100000,6.647963,8342,120.890000,24.810000,38,89
4.560015,1782129030578.125732,1782129030570.331055,1782129030579.951172,1782129030580.324707,0.060000,0.060000,-0.060000,0.103923,-0.002000,0.005600,-0.002000,1.100000,6.620681,8342,120.890000,24.810000,38,89
4.570022,1782129030590.125732,1782129030590.325195,1782129030590.017334,1782129030590.334717,0.015000,-0.180000,0.000000,0.180624,0.006800,0.004400,-0.000400,1.100000,6.591909,8342,120.890000,24.810000,38,208
4.580019,1782129030598.125732,1782129030600.331543,1782129030599.979004,1782129030600.338867,0.000000,-0.105000,0.060000,0.120934,0.002000,-0.005200,-0.000400,1.100000,6.561714,8328,121.010000,24.760000,38,223
4.590013,1782129030610.125732,1782129030610.329102,1782129030609.949219,1782129030610.337891,-0.015000,0.135000,0.060000,0.148492,-0.008000,-0.002000,-0.003200,1.100000,6.530109,8328,121.010000,24.760000,38,34
4.600021,1782129030622.125732,1782129030620.322021,1782129030619.946777,1782129030620.331543,0.030000,0.030000,-0.060000,0.073485,-0.002000,0.006400,0.000000,1.100000,6.497055,8271,120.930000,24.810000,38,221
4.610015,1782129030630.125732,1782129030630.337402,1782129030629.949463,1782129030630.343506,0.030000,-0.150000,0.030000,0.155885,0.005600,0.002000,-0.000400,1.100000,6.462676,8271,120.930000,24.810000,38,253
4.620014,1782129030642.125732,1782129030640.327393,1782129030629.949463,1782129030630.343506,0.030000,-0.150000,0.030000,0.155885,0.005600,0.002000,-0.000400,1.100000,6.426932,8271,120.930000,24.810000,38,193
4.630012,1782129030654.125732,1782129030650.323975,1782129030649.946533,1782129030650.332520,0.015000,0.135000,-0.090000,0.162942,-0.007200,0.000400,0.001600,1.100000,6.389872,8271,120.930000,24.810000,38,28
4.640014,1782129030662.125732,1782129030660.321533,1782129030659.949219,1782129030660.331299,0.045000,-0.060000,-0.090000,0.117154,0.001600,0.005600,0.000400,1.100000,6.351511,8271,120.930000,24.810000,38,69
4.650015,1782129030674.125732,1782129030670.322998,1782129030669.947266,1782129030670.331055,0.000000,-0.225000,0.060000,0.232863,0.004400,0.000000,-0.001600,1.100000,6.311891,8157,120.650000,24.730000,38,0
4.660022,1782129030687.125732,1782129030680.324707,1782129030679.953125,1782129030680.332520,-0.030000,0.060000,0.090000,0.112250,-0.007200,-0.006400,0.000800,1.100000,6.271020,8157,120.650000,24.730000,38,207
4.670015,1782129030687.125732,1782129030680.324707,1782129030689.950684,1782129030690.331299,-0.060000,0.165000,0.000000,0.175570,-0.008400,-0.002800,0.000000,1.100000,6.229010,8157,120.650000,24.730000,38,207
4.680014,1782129030698.125732,1782129030700.324707,1782129030699.952881,1782129030700.332520,0.000000,0.045000,-0.060000,0.075000,0.003200,0.004800,-0.001200,1.100000,6.185814,8100,120.280000,24.780000,38,54
4.690022,1782129030710.125732,1782129030710.323730,1782129030709.952148,1782129030710.331543,0.015000,-0.180000,0.030000,0.183098,0.010800,0.004000,-0.001600,1.100000,6.141444,8100,120.280000,24.780000,38,87
4.700015,1782129030718.125732,1782129030720.387939,1782129030720.045654,1782129030720.395752,0.060000,-0.090000,0.060000,0.123693,0.002800,-0.002000,-0.001600,1.100000,6.096053,8100,120.280000,24.780000,38,137
4.710020,1782129030730.125732,1782129030730.333496,1782129030720.045654,1782129030720.395752,0.060000,-0.090000,0.060000,0.123693,0.002800,-0.002000,-0.001600,0.900000,6.049544,8100,120.280000,24.780000,38,243
4.720014,1782129030742.125732,1782129030740.329102,1782129030740.096924,1782129030740.336914,-0.015000,0.120000,-0.060000,0.135000,-0.005600,0.002400,0.000000,0.900000,6.002064,7957,120.490000,24.790000,37,61
4.730014,1782129030750.125732,1782129030750.323975,1782129030749.990967,1782129030750.331543,0.075000,-0.105000,0.030000,0.132476,0.006000,0.006800,-0.000800,0.900000,5.953570,7957,120.490000,24.790000,37,156
4.740013,1782129030762.125732,1782129030760.323730,1782129030759.949707,1782129030760.333740,-0.030000,-0.210000,0.060000,0.220454,0.009200,0.004000,-0.000800,0.900000,5.904137,7957,120.490000,24.790000,37,248
4.750015,1782129030774.125732,1782129030770.322510,1782129030769.952881,1782129030770.330322,-0.015000,-0.030000,0.060000,0.068739,0.000000,-0.002400,-0.000400,0.900000,5.853778,7814,120.490000,24.780000,38,0
4.760014,1782129030787.125732,1782129030780.323730,1782129030779.953125,1782129030780.331543,0.030000,0.120000,-0.030000,0.127279,-0.009600,-0.003200,0.000000,0.900000,5.802562,7814,120.490000,24.780000,38,74
4.770109,1782129030798.125732,1782129030790.323730,1782129030789.950928,1782129030790.331299,0.030000,0.150000,-0.060000,0.164317,-0.006000,0.000800,0.000800,0.900000,5.750011,7728,120.650000,24.800000,38,137
4.780085,1782129030807.125732,1782129030800.435547,1782129030799.845215,1782129030800.445312,0.015000,-0.030000,-0.030000,0.045000,0.008800,0.004000,0.000000,0.900000,5.697295,7728,120.650000,24.800000,38,2
4.790160,1782129030818.125732,1782129030810.410400,1782129030809.845703,1782129030810.420166,0.030000,-0.225000,0.090000,0.244182,0.013600,0.004800,0.000400,0.900000,5.643293,7628,121.050000,24.790000,38,151
4.800112,1782129030818.125732,1782129030810.410400,1782129030819.843506,1782129030820.486816,0.030000,-0.195000,0.060000,0.206216,0.003600,0.001200,-0.007200,0.900000,5.589246,7628,121.050000,24.790000,38,151
4.810106,1782129030830.125732,1782129030830.435547,1782129030819.843506,1782129030820.486816,0.030000,-0.195000,0.060000,0.206216,0.003600,0.001200,-0.007200,0.900000,5.534309,7628,121.050000,24.790000,38,186
4.820024,1782129030838.125732,1782129030840.439453,1782129030839.844727,1782129030840.452637,0.000000,0.195000,-0.060000,0.204022,-0.011200,-0.002000,0.003200,0.900000,5.479176,7628,121.170000,24.780000,38,161
4.830156,1782129030850.125732,1782129030850.359619,1782129030849.843262,1782129030850.371582,0.030000,0.225000,-0.030000,0.228965,-0.013600,0.000400,-0.000400,0.900000,5.422263,7628,121.170000,24.780000,38,209
4.840022,1782129030862.125732,1782129030860.481445,1782129030859.843506,1782129030860.490967,0.060000,0.030000,0.090000,0.112250,-0.001600,0.003600,0.003200,0.900000,5.366310,7628,121.170000,24.780000,38,123
4.850096,1782129030874.125732,1782129030870.334961,1782129030869.844727,1782129030870.342773,0.030000,-0.180000,0.060000,0.192094,0.012000,0.002800,-0.000800,0.900000,5.308678,7628,121.170000,24.780000,38,22
4.860094,1782129030882.125732,1782129030880.412354,1782129030879.844727,1782129030880.419678,0.030000,-0.225000,0.090000,0.244182,0.010400,0.001200,0.000400,0.900000,5.251036,7628,121.170000,24.780000,38,22
4.870068,1782129030894.125732,1782129030890.406982,1782129030889.844482,1782129030890.416504,0.000000,-0.120000,-0.030000,0.123693,-0.000800,-0.001200,0.000800,0.900000,5.193122,7471,120.530000,24.820000,38,0
4.880117,1782129030907.125732,1782129030900.384033,1782129030899.843506,1782129030900.392822,-0.030000,0.030000,-0.120000,0.127279,-0.008400,-0.004000,-0.001200,0.900000,5.134408,7471,120.530000,24.820000,38,131
4.890117,1782129030914.125732,1782129030910.443115,1782129030909.844727,1782129030910.452881,-0.045000,0.165000,-0.060000,0.181246,-0.010400,-0.004400,0.002000,0.900000,5.075654,7342,120.730000,24.770000,38,0
4.900078,1782129030927.125732,1782129030920.444336,1782129030909.844727,1782129030910.452881,-0.045000,0.165000,-0.060000,0.181246,-0.010400,-0.004400,0.002000,0.900000,5.016863,7342,120.730000,24.770000,38,197
4.910129,1782129030927.125732,1782129030920.444336,1782129030929.844727,1782129030930.414062,-0.045000,0.180000,0.030000,0.187949,-0.012800,-0.002400,-0.001200,0.800000,4.957308,7342,120.730000,24.770000,38,197
4.920083,1782129030938.125732,1782129030940.457764,1782129030939.843018,1782129030940.467285,-0.015000,0.135000,0.090000,0.162942,-0.008400,0.000400,0.004000,0.800000,4.898140,7257,120.810000,24.790000,38,255
4.930139,1782129030950.125732,1782129030950.396729,1782129030949.844482,1782129030950.405762,0.015000,0.015000,0.030000,0.036742,-0.000800,0.002400,0.003600,0.800000,4.838227,7257,120.810000,24.790000,38,216
4.940120,1782129030958.125732,1782129030960.466064,1782129030959.844971,1782129030960.475830,0.000000,-0.150000,0.030000,0.152971,0.007200,0.004000,0.001600,0.800000,4.778669,7100,120.850000,24.780000,38,17
4.950091,1782129030970.125732,1782129030970.446045,1782129030969.844238,1782129030970.455811,0.015000,-0.240000,-0.030000,0.242332,0.014800,0.003600,-0.004800,0.800000,4.719109,7100,120.850000,24.780000,38,65
4.960081,1782129030982.125732,1782129030980.418457,1782129030979.844727,1782129030980.428955,0.045000,-0.285000,-0.030000,0.290086,0.014800,0.006400,-0.009200,0.800000,4.659436,6985,120.890000,24.810000,38,171
4.970080,1782129030994.125732,1782129030990.402588,1782129030989.846436,1782129030990.411621,0.045000,-0.255000,-0.060000,0.265801,0.008800,0.007600,0.011600,0.800000,4.599743,6985,120.890000,24.810000,38,67
4.980078,1782129031007.125732,1782129031000.406738,1782129030999.845703,1782129031000.416504,-0.015000,-0.240000,-0.030000,0.242332,0.010400,0.004000,0.002400,0.800000,4.540137,6985,120.890000,24.810000,38,246
4.990087,1782129031014.125732,1782129031010.390869,1782129030999.845703,1782129031000.416504,-0.015000,-0.240000,-0.030000,0.242332,0.010400,0.004000,0.002400,0.800000,4.480594,6985,120.890000,24.810000,38,91
5.000018,1782129031027.125732,1782129031020.475586,1782129031019.843506,1782129031020.483154,0.045000,-0.300000,0.000000,0.303356,0.010000,0.006000,0.010000,0.800000,4.421680,6985,120.890000,24.810000,38,197
5.010029,1782129031038.125732,1782129031030.336426,1782129031029.843262,1782129031030.342773,-0.015000,-0.330000,0.030000,0.331700,0.018000,-0.000400,0.001200,0.800000,4.362506,6628,120.320000,24.780000,38,240
5.020080,1782129031047.125732,1782129031040.363281,1782129031039.857422,1782129031040.371338,-0.030000,-0.435000,0.000000,0.436033,0.026400,-0.003600,0.001600,0.800000,4.303353,6628,120.320000,24.780000,38,4
5.030099,1782129031047.125732,1782129031040.363281,1782129031049.849609,1782129031050.405518,-0.030000,-0.450000,0.000000,0.450999,0.028800,-0.002000,-0.001200,0.800000,4.244690,6628,120.320000,24.780000,38,4
5.040076,1782129031058.125732,1782129031060.440918,1782129031059.845215,1782129031060.452637,0.015000,-0.435000,-0.090000,0.444466,0.026400,0.002800,-0.002800,0.800000,4.186615,6628,120.320000,24.780000,38,100
5.050018,1782129031070.125732,1782129031070.401611,1782129031069.847168,1782129031070.411377,0.060000,-0.390000,-0.030000,0.395727,0.023200,0.005600,0.004800,0.800000,4.129126,6628,120.320000,24.780000,38,11
5.060014,1782129031082.125732,1782129031080.330322,1782129031079.844238,1782129031080.338135,0.045000,-0.390000,-0.030000,0.393732,0.026000,0.006800,-0.003200,0.800000,4.071751,6414,119.920000,24.510000,38,188
5.070064,1782129031090.125732,1782129031090.325439,1782129031089.844727,1782129031090.333008,0.000000,-0.450000,-0.090000,0.458912,0.032400,0.004800,-0.005600,0.800000,4.014534,6414,119.920000,24.510000,38,200
5.080022,1782129031102.125732,1782129031100.377441,1782129031089.844727,1782129031090.333008,0.000000,-0.450000,-0.090000,0.458912,0.032400,0.004800,-0.005600,0.800000,3.958356,6285,120.240000,24.760000,38,253
5.090022,1782129031114.125732,1782129031110.394531,1782129031109.845947,1782129031110.402588,0.015000,-0.150000,-0.030000,0.153704,0.009600,0.001600,0.000400,0.800000,3.902485,6285,120.240000,24.760000,38,81
5.100088,1782129031122.125732,1782129031120.347656,1782129031119.844727,1782129031120.355225,0.045000,0.000000,-0.030000,0.054083,0.002400,0.003600,-0.002000,0.800000,3.846843,6285,120.240000,24.760000,38,230
5.110125,1782129031134.125732,1782129031130.409912,1782129031129.845703,1782129031130.417725,0.030000,0.105000,0.000000,0.109202,-0.006400,0.002400,0.004400,0.600000,3.792002,6057,120.650000,24.770000,38,0
5.120100,1782129031147.125732,1782129031140.447998,1782129031139.844727,1782129031140.455566,-0.015000,0.195000,-0.060000,0.204573,-0.014000,0.002000,0.004400,0.600000,3.738172,6057,120.650000,24.770000,38,54
5.130018,1782129031158.125732,1782129031150.413574,1782129031149.844238,1782129031150.422363,0.000000,0.300000,0.060000,0.305941,-0.018800,0.001200,-0.000800,0.600000,3.685348,6057,120.650000,24.770000,38,228
5.140098,1782129031167.125732,1782129031160.329346,1782129031159.844971,1782129031160.337402,0.030000,0.195000,0.030000,0.199562,-0.016800,0.000400,-0.003600,0.600000,3.632412,6057,120.650000,24.770000,38,52
5.150074,1782129031167.125732,1782129031160.329346,1782129031169.844482,1782129031170.416504,0.075000,0.165000,0.000000,0.181246,-0.012000,0.001600,0.000400,0.600000,3.580811,6057,120.650000,24.770000,38,52
5.160015,1782129031178.125732,1782129031180.387939,1782129031179.843994,1782129031180.397217,0.000000,0.105000,-0.030000,0.109202,-0.008800,0.003200,0.007600,0.600000,3.530204,6057,120.650000,24.770000,38,220
5.170022,1782129031190.125732,1782129031190.327637,1782129031179.843994,1782129031180.397217,0.000000,0.105000,-0.030000,0.109202,-0.008800,0.003200,0.007600,0.600000,3.480119,6057,120.650000,24.770000,38,234
5.180080,1782129031202.125732,1782129031200.334717,1782129031199.844238,1782129031200.342529,0.015000,0.075000,0.030000,0.082158,-0.007200,0.000800,0.005200,0.600000,3.430679,5685,120.810000,24.810000,38,227
5.190092,1782129031214.125732,1782129031210.393311,1782129031209.844238,1782129031210.402832,0.015000,0.180000,0.000000,0.180624,-0.016400,-0.000800,0.002000,0.600000,3.382396,5600,120.610000,24.780000,38,0
5.200018,1782129031222.125732,1782129031220.419922,1782129031219.843994,1782129031220.429688,0.000000,0.060000,0.030000,0.067082,-0.009600,-0.001200,-0.000800,0.600000,3.335485,5600,120.610000,24.780000,38,45
5.210120,1782129031234.125732,1782129031230.337402,1782129031229.843750,1782129031230.343262,0.000000,-0.090000,0.030000,0.094868,0.006000,-0.000800,-0.002800,0.600000,3.288750,5471,120.490000,24.640000,39,0
5.220120,1782129031242.125732,1782129031240.466797,1782129031239.848145,1782129031240.479248,0.015000,-0.135000,0.000000,0.135831,0.012800,0.000000,0.000000,0.600000,3.243521,5471,120.490000,24.640000,39,229
5.230156,1782129031254.125732,1782129031250.446289,1782129031249.845947,1782129031250.455566,0.000000,-0.090000,0.030000,0.094868,0.005600,0.001600,-0.000400,0.600000,3.199199,5471,120.490000,24.640000,39,62
5.240128,1782129031267.125732,1782129031260.468994,1782129031259.844971,1782129031260.478027,-0.015000,0.030000,0.030000,0.045000,-0.006000,0.002000,-0.000400,0.600000,3.156245,5471,120.490000,24.640000,39,14
5.250120,1782129031267.125732,1782129031260.468994,1782129031269.845215,1782129031270.452881,0.015000,0.075000,0.030000,0.082158,-0.009600,0.002000,0.000800,0.600000,3.114325,5471,120.490000,24.640000,39,14
5.260022,1782129031278.125732,1782129031280.445312,1782129031269.845215,1782129031270.452881,0.015000,0.075000,0.030000,0.082158,-0.009600,0.002000,0.000800,0.600000,3.073915,5471,120.490000,24.640000,39,203
5.270121,1782129031290.125732,1782129031290.334717,1782129031289.844482,1782129031290.342285,0.030000,-0.030000,0.030000,0.051962,-0.000400,0.001200,0.001600,0.600000,3.033898,5471,120.490000,24.640000,39,25
5.280129,1782129031302.125732,1782129031300.447510,1782129031299.845459,1782129031300.457031,0.030000,0.045000,0.030000,0.061847,-0.006400,0.001200,0.003200,0.600000,2.995451,5471,120.490000,24.640000,39,189
5.290132,1782129031310.125732,1782129031310.455566,1782129031309.843994,1782129031310.465088,-0.015000,-0.030000,-0.030000,0.045000,-0.002000,0.002000,0.001600,0.600000,2.958261,5471,120.490000,24.640000,39,129
5.300157,1782129031322.125732,1782129031320.452637,1782129031319.844238,1782129031320.461182,0.000000,-0.075000,0.000000,0.075000,0.002000,0.000000,0.022800,0.600000,2.922258,5042,120.650000,24.750000,38,218
5.310134,1782129031330.125732,1782129031330.491455,1782129031329.844971,1782129031330.499268,-0.060000,-0.030000,0.030000,0.073485,-0.001600,-0.002000,0.008000,0.500000,2.887707,5042,120.650000,24.750000,38,66
5.320130,1782129031342.125732,1782129031340.459961,1782129031339.847656,1782129031340.469727,0.015000,-0.030000,0.030000,0.045000,-0.003200,-0.000400,0.000000,0.500000,2.854396,4571,119.800000,24.900000,38,171
5.330132,1782129031354.125732,1782129031350.456787,1782129031349.844482,1782129031350.466309,-0.045000,-0.015000,0.030000,0.056125,0.003200,0.000400,0.004800,0.500000,2.822397,4571,119.800000,24.900000,38,243
5.340160,1782129031367.125732,1782129031360.445068,1782129031359.844971,1782129031360.454590,-0.015000,0.015000,0.000000,0.021213,0.000000,-0.001200,0.001600,0.500000,2.791678,4571,119.800000,24.900000,38,241
5.350146,1782129031378.125732,1782129031370.485840,1782129031359.844971,1782129031360.454590,-0.015000,0.015000,0.000000,0.021213,0.000000,-0.001200,0.001600,0.500000,2.762460,4128,119.840000,24.750000,38,180
5.360034,1782129031387.125732,1782129031380.470703,1782129031379.844727,1782129031380.478027,-0.015000,-0.015000,0.030000,0.036742,-0.003600,0.000000,-0.000400,0.500000,2.734899,4128,119.840000,24.750000,38,215
5.370011,1782129031387.125732,1782129031380.470703,1782129031389.844238,1782129031390.345215,0.030000,-0.045000,0.000000,0.054083,-0.000800,0.000000,0.002000,0.500000,2.708495,4128,119.840000,24.750000,38,215
5.380012,1782129031398.125732,1782129031400.301270,1782129031399.852783,1782129031400.306641,-0.015000,0.000000,0.030000,0.033541,-0.002800,-0.002400,-0.002000,0.500000,2.683457,4057,120.810000,24.810000,38,8
5.390011,1782129031410.125732,1782129031410.299072,1782129031409.843994,1782129031410.302734,0.015000,-0.015000,-0.060000,0.063640,-0.001600,0.001200,-0.001600,0.500000,2.659874,4057,120.810000,24.810000,38,87
5.400012,1782129031418.125732,1782129031420.296875,1782129031419.845703,1782129031420.300781,0.000000,-0.030000,0.000000,0.030000,0.003600,-0.000400,0.002000,0.500000,2.637753,4057,120.810000,24.810000,38,102
5.410018,1782129031430.125732,1782129031430.330322,1782129031429.844727,1782129031430.336426,0.015000,-0.060000,0.030000,0.068739,0.002800,-0.000400,-0.001200,0.500000,2.617104,4057,120.810000,24.810000,38,174
5.420140,1782129031442.125732,1782129031440.314209,1782129031439.844482,1782129031440.320801,0.030000,-0.075000,0.000000,0.080777,0.005200,0.002400,0.000400,0.500000,2.597739,4057,120.810000,24.810000,38,115
5.430028,1782129031450.125732,1782129031450.469971,1782129031449.845459,1782129031450.479492,0.030000,-0.030000,0.000000,0.042426,-0.000800,0.002400,-0.002400,0.500000,2.580315,574157,26.570000,62.670000,-15,14
5.440082,1782129031462.125732,1782129031460.368408,1782129031449.845459,1782129031450.479492,0.030000,-0.030000,0.000000,0.042426,-0.000800,0.002400,-0.002400,0.500000,2.564122,574157,26.570000,62.670000,-15,207
5.450093,1782129031474.125732,1782129031470.410400,1782129031469.850098,1782129031470.420654,0.030000,-0.075000,0.030000,0.086168,-0.001200,0.000800,-0.004800,0.500000,2.549539,3857,121.250000,24.850000,38,0
5.460016,1782129031487.125732,1782129031480.406982,1782129031479.848389,1782129031480.416504,0.030000,-0.045000,0.030000,0.061847,0.001200,0.002400,0.000400,0.500000,2.536608,3857,121.250000,24.850000,38,31
5.470123,1782129031498.125732,1782129031490.327637,1782129031489.845215,1782129031490.335693,0.030000,0.030000,-0.030000,0.051962,-0.002400,0.001200,0.003200,0.500000,2.525009,3814,121.090000,24.800000,38,74
5.480175,1782129031498.125732,1782129031490.327637,1782129031499.844482,1782129031500.499023,0.015000,0.015000,-0.030000,0.036742,0.000000,0.002000,-0.000400,0.500000,2.515053,3814,121.090000,24.800000,38,74
5.490134,1782129031510.125732,1782129031510.504883,1782129031509.845459,1782129031510.514893,0.000000,0.000000,0.000000,0.000000,0.000000,0.000000,-0.007200,0.500000,2.506751,3814,121.090000,24.800000,38,170
5.500089,1782129031518.125732,1782129031520.458984,1782129031519.843994,1782129031520.468750,-0.015000,-0.015000,0.060000,0.063640,0.000000,0.001200,-0.003600,0.500000,2.500010,3800,121.010000,24.790000,38,240
5.510148,1782129031530.125732,1782129031530.402344,1782129031529.844971,1782129031530.418457,-0.015000,-0.045000,0.030000,0.056125,0.003200,0.000400,-0.004800,0.400000,2.494787,3800,121.010000,24.790000,38,94
5.520120,1782129031538.125732,1782129031540.473877,1782129031539.843750,1782129031540.483398,0.000000,0.045000,0.000000,0.045000,-0.001200,0.000800,-0.003200,0.400000,2.491188,3800,121.010000,24.790000,38,81
5.530123,1782129031550.125732,1782129031550.446777,1782129031539.843750,1782129031540.483398,0.000000,0.045000,0.000000,0.045000,-0.001200,0.000800,-0.003200,0.400000,2.489162,3800,121.010000,24.790000,38,200
5.540129,1782129031556.480469,1782129031560.436768,1782129031559.844971,1782129031560.446289,0.045000,-0.030000,-0.030000,0.061847,0.006000,0.003200,-0.002000,0.400000,2.488723,3742,120.530000,24.840000,38,236
5.550123,1782129031564.480469,1782129031570.455566,1782129031569.844482,1782129031570.465088,0.060000,-0.045000,0.000000,0.075000,0.000800,0.002000,0.002000,0.400000,2.489872,3742,120.530000,24.840000,38,92
5.560026,1782129031576.480469,1782129031580.450684,1782129031579.845215,1782129031580.458496,0.030000,0.015000,0.000000,0.033541,-0.006000,0.003200,-0.000800,0.400000,2.492574,3728,120.400000,24.840000,38,41
5.570086,1782129031588.480469,1782129031590.358643,1782129031589.848633,1782129031590.367188,-0.015000,0.000000,0.060000,0.061847,-0.006400,-0.000400,-0.000800,0.400000,2.496911,3728,120.770000,24.830000,38,0
5.580012,1782129031601.480469,1782129031600.419434,1782129031599.845703,1782129031600.429443,-0.015000,0.030000,0.000000,0.033541,-0.000400,-0.001200,-0.005600,0.400000,2.502762,3728,120.770000,24.830000,38,79
5.590012,1782129031601.480469,1782129031600.419434,1782129031609.846191,1782129031610.307129,-0.015000,-0.060000,0.030000,0.068739,0.005200,-0.001600,-0.004800,0.400000,2.510232,3728,120.770000,24.830000,38,79
5.600014,1782129031621.480469,1782129031620.297607,1782129031619.843994,1782129031620.302002,-0.015000,-0.045000,0.000000,0.047434,0.002000,-0.000800,-0.004800,0.400000,2.519281,7300,120.850000,24.810000,38,52
5.610014,1782129031621.480469,1782129031620.297607,1782129031629.846680,1782129031630.321777,0.030000,-0.045000,-0.030000,0.061847,0.002800,0.001600,-0.002800,0.400000,2.529901,7300,120.850000,24.810000,38,52
5.620012,1782129031632.480469,1782129031640.304932,1782129031629.846680,1782129031630.321777,0.030000,-0.045000,-0.030000,0.061847,0.002800,0.001600,-0.002800,0.400000,2.542084,3728,120.850000,24.840000,38,29
5.630012,1782129031644.480469,1782129031650.298828,1782129031649.844482,1782129031650.303711,0.000000,0.000000,0.060000,0.060000,0.001600,0.000000,-0.004400,0.400000,2.555828,3728,120.850000,24.840000,38,241
5.640011,1782129031652.480469,1782129031660.299805,1782129031659.844727,1782129031660.303711,0.015000,-0.045000,0.000000,0.047434,-0.001600,0.002800,-0.004000,0.400000,2.571122,3728,120.850000,24.840000,38,223
5.650013,1782129031664.480469,1782129031670.295898,1782129031669.843994,1782129031670.299561,0.045000,0.000000,0.000000,0.045000,-0.004000,0.000800,-0.002400,0.400000,2.587963,3728,120.850000,24.840000,38,9
5.660012,1782129031676.480469,1782129031680.305664,1782129031679.842773,1782129031680.310303,0.015000,0.015000,0.000000,0.021213,-0.003600,0.000400,-0.002800,0.400000,2.606332,3728,120.850000,24.840000,38,152
5.670014,1782129031688.480469,1782129031690.296143,1782129031689.844238,1782129031690.299561,0.000000,-0.045000,0.000000,0.045000,0.005600,-0.000800,-0.005600,0.400000,2.626229,3728,120.850000,24.840000,38,30
5.680012,1782129031701.480469,1782129031700.316406,1782129031699.844238,1782129031700.322754,0.045000,0.000000,0.000000,0.045000,0.002000,0.000000,-0.004800,0.400000,2.647628,3728,120.850000,24.840000,38,248
5.690013,1782129031712.480469,1782129031710.299316,1782129031709.847656,1782129031710.303467,0.000000,-0.015000,0.000000,0.015000,0.000800,0.002000,-0.004400,0.400000,2.670530,3828,120.320000,24.800000,38,106
5.700012,1782129031721.480469,1782129031720.304199,1782129031719.845459,1782129031720.309570,0.015000,0.030000,0.030000,0.045000,-0.004400,0.002000,-0.003600,0.400000,2.694913,3828,120.320000,24.800000,38,109
5.710013,1782129031732.480469,1782129031730.302979,1782129031719.845459,1782129031720.309570,0.015000,0.030000,0.030000,0.045000,-0.004400,0.002000,-0.003600,0.400000,2.720770,3871,120.360000,24.810000,38,186
5.720021,1782129031741.480469,1782129031740.305420,1782129031739.844238,1782129031740.310547,0.015000,0.000000,0.030000,0.033541,-0.003600,0.003600,-0.002400,0.400000,2.748103,3871,120.360000,24.810000,38,153
5.730012,1782129031741.480469,1782129031740.305420,1782129031749.845459,1782129031750.307129,0.030000,-0.060000,0.000000,0.067082,0.003200,0.002000,-0.004000,0.400000,2.776825,3871,120.360000,24.810000,38,153
5.740011,1782129031752.480469,1782129031760.296631,1782129031759.845947,1782129031760.300781,0.015000,-0.015000,0.000000,0.021213,-0.001200,0.000000,-0.003600,0.400000,2.806995,3871,120.360000,24.810000,38,51
5.750012,1782129031764.480469,1782129031770.293945,1782129031769.846924,1782129031770.297607,0.015000,0.000000,-0.030000,0.033541,-0.001600,0.001200,-0.002800,0.400000,2.838573,3871,120.360000,24.810000,38,167
5.760012,1782129031776.480469,1782129031780.302490,1782129031779.845703,1782129031780.306641,-0.030000,-0.045000,0.030000,0.061847,0.001200,-0.001200,-0.006800,0.400000,2.871533,3957,120.610000,24.690000,38,83
5.770013,1782129031784.480469,1782129031790.295654,1782129031789.845947,1782129031790.299316,-0.015000,0.000000,0.000000,0.015000,0.000000,-0.000800,-0.005200,0.400000,2.905864,3957,120.610000,24.690000,38,186
5.780011,1782129031796.480469,1782129031800.296387,1782129031799.847900,1782129031800.300537,0.030000,-0.090000,0.030000,0.099499,0.003600,0.001200,-0.006800,0.400000,2.941534,4014,120.810000,24.830000,38,208
5.790015,1782129031808.480469,1782129031810.294678,1782129031809.846680,1782129031810.298340,0.015000,0.030000,0.030000,0.045000,-0.002400,0.001200,-0.003200,0.400000,2.978549,4014,120.810000,24.830000,38,213
5.800011,1782129031816.480469,1782129031820.297119,1782129031809.846680,1782129031810.298340,0.015000,0.030000,0.030000,0.045000,-0.002400,0.001200,-0.003200,0.400000,3.016840,4014,120.810000,24.830000,38,45
5.810013,1782129031828.480469,1782129031830.300537,1782129031829.847412,1782129031830.304688,0.030000,0.045000,-0.030000,0.061847,-0.002400,0.001200,-0.007600,0.400000,3.056435,4257,121.010000,24.770000,38,0
5.820013,1782129031841.480469,1782129031840.301514,1782129031839.845947,1782129031840.305420,0.030000,-0.030000,0.030000,0.051962,0.000000,0.002800,-0.002000,0.400000,3.097283,4257,121.010000,24.770000,38,185
5.830012,1782129031852.480469,1782129031850.302490,1782129031849.847412,1782129031850.306641,-0.015000,-0.015000,0.030000,0.036742,-0.002400,-0.000400,-0.005600,0.400000,3.139364,4257,121.010000,24.770000,38,238
5.840012,1782129031861.480469,1782129031860.296387,1782129031859.845459,1782129031860.300049,0.000000,0.030000,0.000000,0.030000,-0.006400,-0.000800,-0.005600,0.400000,3.182660,4257,121.010000,24.770000,38,98
5.850011,1782129031861.480469,1782129031860.296387,1782129031869.845947,1782129031870.296631,-0.015000,-0.045000,0.000000,0.047434,0.000800,-0.000400,-0.003200,0.400000,3.227135,4257,121.010000,24.770000,38,98
5.860011,1782129031872.480469,1782129031880.296143,1782129031879.849121,1782129031880.300781,-0.015000,-0.075000,0.030000,0.082158,0.006400,-0.002000,-0.006000,0.400000,3.272777,4257,121.010000,24.770000,38,164
5.870011,1782129031884.480469,1782129031890.353516,1782129031889.846191,1782129031890.357178,0.030000,0.015000,0.030000,0.045000,0.001200,-0.001200,-0.006400,0.400000,3.319556,4257,121.010000,24.770000,38,39
5.880011,1782129031896.480469,1782129031900.296387,1782129031899.848145,1782129031900.299805,0.030000,0.000000,-0.030000,0.042426,0.000400,0.003200,-0.006000,0.400000,3.367440,4657,119.600000,24.480000,38,146
5.890015,1782129031908.480469,1782129031910.294922,1782129031899.848145,1782129031900.299805,0.030000,0.000000,-0.030000,0.042426,0.000400,0.003200,-0.006000,0.400000,3.416424,4757,119.480000,24.710000,38,0
5.900012,1782129031916.480469,1782129031920.298584,1782129031919.887695,1782129031920.302490,0.015000,-0.030000,0.000000,0.033541,-0.001600,0.001200,-0.007600,0.400000,3.466432,4757,119.480000,24.710000,38,255
5.910012,1782129031928.480469,1782129031930.306152,1782129031929.846680,1782129031930.310059,0.000000,-0.060000,0.030000,0.067082,0.001600,0.004400,-0.012400,0.500000,3.517475,4828,119.680000,24.770000,38,0
5.920012,1782129031936.480469,1782129031940.300293,1782129031939.846924,1782129031940.303955,0.015000,-0.015000,0.000000,0.021213,-0.003600,0.003600,-0.007200,0.500000,3.569513,4828,119.680000,24.770000,38,130
5.930012,1782129031948.480469,1782129031950.306152,1782129031949.846924,1782129031950.311768,0.015000,0.075000,0.000000,0.076485,-0.008000,0.001200,0.001600,0.500000,3.622514,4828,119.680000,24.770000,38,56
5.940011,1782129031961.480469,1782129031960.302979,1782129031959.847412,1782129031960.307617,0.015000,0.000000,0.000000,0.015000,-0.001200,-0.000800,0.001200,0.500000,3.676450,4828,119.680000,24.770000,38,117
5.950012,1782129031961.480469,1782129031960.302979,1782129031969.899902,1782129031970.299072,-0.045000,-0.105000,0.030000,0.118110,0.012400,-0.002800,-0.008400,0.500000,3.731297,4828,119.680000,24.770000,38,117
5.960011,1782129031972.480469,1782129031980.303955,1782129031979.845703,1782129031980.309082,0.000000,-0.165000,0.000000,0.165000,0.010000,-0.002000,-0.008400,0.500000,3.787011,5000,119.920000,24.700000,38,154
5.970013,1782129031984.480469,1782129031990.297363,1782129031989.898926,1782129031990.301025,-0.015000,0.015000,0.060000,0.063640,-0.004000,0.000800,-0.008000,0.500000,3.843580,5000,119.920000,24.700000,38,177
5.980011,1782129031996.480469,1782129032000.308350,1782129031989.898926,1782129031990.301025,-0.015000,0.015000,0.060000,0.063640,-0.004000,0.000800,-0.008000,0.500000,3.900943,5000,119.920000,24.700000,38,170
5.990012,1782129032004.480469,1782129032010.298828,1782129032009.906006,1782129032010.304199,0.030000,-0.135000,-0.030000,0.141510,0.006000,0.001600,-0.008400,0.500000,3.959100,5000,119.920000,24.700000,38,48
6.000011,1782129032016.480469,1782129032020.371826,1782129032019.848389,1782129032020.379395,0.030000,0.030000,-0.030000,0.051962,-0.002000,0.001600,-0.002800,0.500000,4.017993,5214,120.320000,24.740000,38,132
6.010014,1782129032024.480469,1782129032030.304688,1782129032029.846680,1782129032030.308838,0.030000,0.090000,0.000000,0.094868,-0.006800,0.003200,-0.007200,0.500000,4.077621,5214,120.320000,24.740000,38,49
6.020014,1782129032036.480469,1782129032040.317627,1782129032039.858887,1782129032040.322754,0.015000,0.090000,0.030000,0.096047,-0.008400,0.003600,-0.002400,0.500000,4.137913,5328,120.400000,24.770000,39,96
6.030015,1782129032048.480469,1782129032050.305664,1782129032049.847656,1782129032050.309814,0.030000,-0.030000,0.030000,0.051962,-0.002000,0.002400,-0.003600,0.500000,4.198852,5328,120.400000,24.770000,39,26
6.040011,1782129032061.480469,1782129032060.319336,1782129032059.853027,1782129032060.325195,-0.030000,-0.060000,0.000000,0.067082,0.005200,-0.000400,-0.007200,0.500000,4.260384,5328,120.400000,24.770000,39,111
6.050013,1782129032068.480469,1782129032070.296143,1782129032069.847656,1782129032070.300293,-0.030000,-0.090000,0.060000,0.112250,0.006000,-0.003200,-0.008400,0.500000,4.322526,5585,120.450000,24.640000,38,0
6.060015,1782129032081.480469,1782129032080.305908,1782129032079.844238,1782129032080.311523,-0.045000,-0.030000,0.000000,0.054083,0.001600,-0.004000,0.000400,0.500000,4.385214,5585,120.450000,24.640000,38,194
6.070011,1782129032081.480469,1782129032080.305908,1782129032079.844238,1782129032080.311523,-0.045000,-0.030000,0.000000,0.054083,0.001600,-0.004000,0.000400,0.500000,4.448372,5585,120.450000,24.640000,38,194
6.080011,1782129032092.480469,1782129032100.295166,1782129032099.845459,1782129032100.299561,-0.030000,-0.045000,0.030000,0.061847,0.003200,-0.001200,-0.002800,0.500000,4.512030,5585,120.450000,24.640000,38,170
6.090011,1782129032104.480469,1782129032110.294678,1782129032109.844727,1782129032110.298340,0.015000,-0.210000,0.000000,0.210535,0.018000,-0.001600,-0.010400,0.500000,4.576133,5585,120.450000,24.640000,38,111
6.100011,1782129032116.480469,1782129032120.294434,1782129032119.844238,1782129032120.297607,0.015000,-0.240000,-0.030000,0.242332,0.020400,0.001600,-0.006800,0.500000,4.640641,5828,120.610000,24.760000,38,11
6.110012,1782129032124.480469,1782129032130.301270,1782129032129.846191,1782129032130.304932,0.015000,-0.150000,0.030000,0.153704,0.012000,0.004800,-0.011200,0.600000,4.705523,5828,120.610000,24.760000,38,224
6.120011,1782129032136.480469,1782129032140.300537,1782129032139.844238,1782129032140.304932,0.045000,0.015000,0.000000,0.047434,-0.004800,0.005600,-0.002400,0.600000,4.770727,5828,120.610000,24.760000,38,129
6.130020,1782129032144.480469,1782129032150.294922,1782129032149.844238,1782129032150.298828,0.000000,0.090000,0.000000,0.090000,-0.012800,0.001600,-0.002400,0.600000,4.836299,5828,120.610000,24.760000,38,187
6.140013,1782129032156.480469,1782129032160.333740,1782129032159.844482,1782129032160.342285,-0.030000,0.105000,0.030000,0.113248,-0.015200,-0.003200,-0.002000,0.600000,4.902029,5828,120.610000,24.760000,38,173
6.150013,1782129032168.480469,1782129032170.326904,1782129032169.843994,1782129032170.334961,-0.060000,0.165000,0.030000,0.178115,-0.012000,-0.007200,-0.006800,0.600000,4.968030,5828,120.610000,24.760000,38,165
6.160012,1782129032181.480469,1782129032180.302734,1782129032169.843994,1782129032170.334961,-0.060000,0.165000,0.030000,0.178115,-0.012000,-0.007200,-0.006800,0.600000,5.034221,5828,120.610000,24.760000,38,43
6.170010,1782129032192.480469,1782129032190.300049,1782129032189.870850,1782129032190.304932,-0.015000,0.015000,-0.030000,0.036742,-0.002800,0.000800,0.000000,0.600000,5.100566,6271,120.530000,24.680000,38,223
6.180022,1782129032192.480469,1782129032190.300049,1782129032199.906494,1782129032200.295410,-0.045000,-0.105000,0.000000,0.114237,0.009200,-0.002400,-0.008800,0.600000,5.167117,6271,120.530000,24.680000,38,223
6.190011,1782129032204.480469,1782129032210.337646,1782129032209.848145,1782129032210.345459,-0.015000,-0.225000,0.030000,0.227486,0.015200,-0.001200,-0.012000,0.600000,5.233608,6271,120.530000,24.680000,38,84
6.200011,1782129032212.480469,1782129032220.301514,1782129032219.881348,1782129032220.306152,0.015000,-0.285000,0.090000,0.299249,0.016000,0.002800,-0.009600,0.600000,5.300219,6414,120.530000,24.790000,38,94
6.210012,1782129032224.480469,1782129032230.295654,1782129032229.847168,1782129032230.306396,0.030000,-0.285000,0.030000,0.288141,0.016400,0.005200,-0.000400,0.600000,5.366853,6414,120.530000,24.790000,38,168
6.220011,1782129032232.480469,1782129032240.300049,1782129032239.847900,1782129032240.304932,0.030000,-0.315000,0.060000,0.322064,0.018800,0.004400,0.000800,0.600000,5.433453,6485,120.400000,24.630000,38,199
6.230016,1782129032244.480469,1782129032250.295166,1782129032249.846924,1782129032250.298584,0.000000,-0.420000,0.030000,0.421070,0.024400,0.002000,-0.000800,0.600000,5.500034,6485,120.400000,24.630000,38,105
6.240014,1782129032256.480469,1782129032260.330078,1782129032259.845215,1782129032260.338379,0.015000,-0.480000,0.030000,0.481170,0.029200,0.001600,-0.006800,0.600000,5.566483,6485,120.400000,24.630000,38,57
6.250012,1782129032268.480469,1782129032270.326904,1782129032259.845215,1782129032260.338379,0.015000,-0.480000,0.030000,0.481170,0.029200,0.001600,-0.006800,0.600000,5.632803,6485,120.400000,24.630000,38,123
6.260013,1782129032276.480469,1782129032280.302979,1782129032279.844238,1782129032280.309814,0.000000,-0.405000,-0.030000,0.406110,0.022400,0.002000,-0.001200,0.600000,5.698982,6485,120.400000,24.630000,38,215
6.270020,1782129032288.480469,1782129032290.371826,1782129032289.845459,1782129032290.378418,-0.030000,-0.480000,0.000000,0.480937,0.026800,0.001200,-0.010800,0.600000,5.764999,6800,120.160000,24.790000,38,0
6.280015,1782129032301.480469,1782129032300.312256,1782129032299.844482,1782129032300.317383,-0.015000,-0.510000,0.060000,0.513736,0.033200,0.002400,-0.017200,0.600000,5.830710,6800,120.160000,24.790000,38,175
6.290011,1782129032301.480469,1782129032300.312256,1782129032309.845703,1782129032310.299072,0.015000,-0.420000,-0.060000,0.424529,0.025600,0.006400,-0.007200,0.600000,5.896166,6800,120.160000,24.790000,38,175
6.300012,1782129032312.480469,1782129032320.304932,1782129032319.847168,1782129032320.310547,0.060000,-0.345000,-0.120000,0.370169,0.017200,0.006800,-0.018800,0.600000,5.961349,6957,120.450000,24.770000,39,216
6.310015,1782129032324.480469,1782129032330.297607,1782129032329.845703,1782129032330.306396,0.015000,-0.225000,-0.090000,0.242796,0.010400,0.001200,-0.012000,0.900000,6.026217,6957,120.450000,24.770000,39,1
6.320054,1782129032332.480469,1782129032340.324463,1782129032339.847168,1782129032340.332275,-0.030000,-0.045000,-0.060000,0.080777,-0.000400,-0.003600,-0.009600,0.900000,6.090946,6957,120.450000,24.770000,39,127
6.330012,1782129032344.480469,1782129032350.342773,1782129032349.904297,1782129032350.347168,-0.015000,0.075000,-0.030000,0.082158,-0.007600,-0.003600,-0.014400,0.900000,6.154757,6957,120.450000,24.770000,39,231
6.340014,1782129032356.480469,1782129032360.308594,1782129032349.904297,1782129032350.347168,-0.015000,0.075000,-0.030000,0.082158,-0.007600,-0.003600,-0.014400,0.900000,6.218411,7685,120.530000,24.700000,38,169
6.350011,1782129032364.480469,1782129032370.302490,1782129032369.807861,1782129032370.308350,-0.015000,-0.090000,-0.060000,0.109202,0.004000,0.006000,-0.006000,0.900000,6.281570,7685,120.530000,24.700000,38,126
6.360015,1782129032376.480469,1782129032380.299561,1782129032379.910156,1782129032380.303711,0.060000,-0.210000,0.060000,0.226495,0.012000,0.003200,-0.007600,0.900000,6.344273,7771,120.490000,24.750000,39,45
6.370015,1782129032388.480469,1782129032390.325195,1782129032389.846924,1782129032390.333984,0.060000,-0.060000,0.000000,0.084853,0.004400,-0.003600,-0.004400,0.900000,6.406426,7771,120.490000,24.750000,39,127
6.380012,1782129032401.480469,1782129032400.305176,1782129032399.846924,1782129032400.309814,0.000000,0.120000,-0.060000,0.134164,-0.008400,-0.003600,-0.005200,0.900000,6.467988,7771,120.490000,24.750000,39,235
6.390014,1782129032412.480469,1782129032410.297119,1782129032409.902100,1782129032410.300537,0.000000,0.165000,-0.090000,0.187949,-0.009600,0.003600,-0.005600,0.900000,6.528991,8000,120.490000,24.790000,38,68
6.400012,1782129032421.480469,1782129032420.329590,1782129032419.847656,1782129032420.321045,0.015000,-0.045000,0.060000,0.076485,0.002400,0.005600,-0.003600,0.900000,6.589340,8000,120.490000,24.790000,38,196
6.410016,1782129032432.480469,1782129032430.302979,1782129032429.849365,1782129032430.305908,-0.015000,-0.150000,0.120000,0.192678,0.006800,-0.002000,-0.004800,0.900000,6.649073,8114,120.400000,24.710000,38,61
6.420020,1782129032441.480469,1782129032440.344238,1782129032439.933350,1782129032440.358154,0.000000,0.045000,0.090000,0.100623,-0.001200,-0.006400,-0.005600,0.900000,6.708113,8114,120.400000,24.710000,38,196
6.430011,1782129032441.480469,1782129032440.344238,1782129032439.933350,1782129032440.358154,0.000000,0.045000,0.090000,0.100623,-0.001200,-0.006400,-0.005600,0.900000,6.766364,8114,120.400000,24.710000,38,196
6.440012,1782129032452.480469,1782129032460.305664,1782129032459.846680,1782129032460.314453,0.030000,-0.120000,-0.030000,0.127279,0.005600,0.004400,-0.004000,0.900000,6.823924,8114,120.400000,24.710000,38,227
6.450015,1782129032464.480469,1782129032470.302490,1782129032469.844727,1782129032470.307617,-0.015000,-0.120000,0.060000,0.135000,0.004400,-0.005600,-0.002000,0.900000,6.880720,8114,120.400000,24.710000,38,68
6.460012,1782129032476.480469,1782129032480.327881,1782129032479.845703,1782129032480.336182,-0.045000,0.105000,0.060000,0.129035,-0.004000,-0.004400,-0.005200,0.900000,6.936679,8357,120.970000,24.770000,38,181
6.470015,1782129032484.480469,1782129032490.306885,1782129032489.843018,1782129032490.313232,0.015000,-0.015000,-0.030000,0.036742,-0.000800,0.007600,-0.008000,0.900000,6.991839,8357,120.970000,24.770000,38,182
6.480014,1782129032496.480469,1782129032500.314209,1782129032499.842529,1782129032500.321289,0.030000,-0.120000,0.000000,0.123693,-0.002800,0.004400,-0.015200,0.900000,7.046113,8471,121.130000,24.790000,38,90
6.490014,1782129032508.480469,1782129032510.315674,1782129032509.843262,1782129032510.322510,-0.015000,0.120000,0.090000,0.150748,-0.015200,-0.003200,-0.002000,0.900000,7.099509,8471,121.130000,24.790000,38,106
6.500014,1782129032521.480469,1782129032520.308838,1782129032519.842041,1782129032520.314697,0.030000,0.135000,0.000000,0.138293,-0.007600,0.003200,0.005200,0.900000,7.151994,8471,121.130000,24.790000,38,160
6.510013,1782129032528.480469,1782129032530.310791,1782129032529.842529,1782129032530.316650,-0.015000,-0.105000,0.030000,0.110227,0.006000,-0.001200,-0.002400,1.100000,7.203530,8657,120.970000,24.780000,38,0
6.520012,1782129032541.480469,1782129032540.306152,1782129032529.842529,1782129032530.316650,-0.015000,-0.105000,0.030000,0.110227,0.006000,-0.001200,-0.002400,1.100000,7.254104,8657,120.970000,24.780000,38,214
6.530011,1782129032552.480469,1782129032550.301270,1782129032549.844238,1782129032550.306641,0.000000,0.090000,0.000000,0.090000,-0.000400,0.000400,0.008400,1.100000,7.303686,8657,120.970000,24.780000,38,156
6.540018,1782129032564.480469,1782129032560.300781,1782129032559.843262,1782129032560.305908,-0.060000,-0.195000,-0.030000,0.206216,0.009200,-0.006800,-0.009200,1.100000,7.352291,8657,120.970000,24.780000,38,12
6.550012,1782129032564.480469,1782129032560.300781,1782129032569.843994,1782129032570.306396,-0.045000,-0.045000,0.030000,0.070356,0.002800,-0.008000,-0.017600,1.100000,7.399790,8657,120.970000,24.780000,38,12
6.560012,1782129032572.480469,1782129032580.302490,1782129032579.845459,1782129032580.307373,0.060000,-0.015000,-0.060000,0.086168,0.003600,0.012800,-0.010800,1.100000,7.446261,8657,120.970000,24.780000,38,19
6.570013,1782129032584.480469,1782129032590.303711,1782129032589.844238,1782129032590.308350,0.090000,-0.090000,-0.030000,0.130767,0.007200,0.008800,0.000400,1.100000,7.491649,8657,120.970000,24.780000,38,31
6.580013,1782129032596.480469,1782129032600.317383,1782129032599.844727,1782129032600.324463,0.030000,0.165000,0.000000,0.167705,-0.006000,0.001600,0.003600,1.100000,7.535928,8857,121.010000,24.780000,38,66
6.590012,1782129032608.480469,1782129032610.306152,1782129032609.844238,1782129032610.311279,0.090000,0.060000,0.000000,0.108167,-0.006800,0.010000,-0.000800,1.100000,7.579072,8928,121.050000,24.660000,38,0
6.600016,1782129032616.480469,1782129032620.316406,1782129032619.843506,1782129032620.323730,-0.060000,-0.075000,0.120000,0.153704,-0.006000,-0.006800,-0.008400,1.100000,7.621086,8928,121.050000,24.660000,38,138
6.610014,1782129032628.480469,1782129032630.325684,1782129032619.843506,1782129032620.323730,-0.060000,-0.075000,0.120000,0.153704,-0.006000,-0.006800,-0.008400,1.100000,7.661904,8971,120.930000,24.760000,39,0
6.620012,1782129032636.480469,1782129032640.312744,1782129032639.843018,1782129032640.319824,0.015000,-0.090000,0.030000,0.096047,-0.002400,0.003600,-0.004400,1.100000,7.701531,8971,120.930000,24.760000,39,40
6.630013,1782129032648.480469,1782129032650.314209,1782129032649.843994,1782129032650.321777,-0.060000,0.045000,0.090000,0.117154,-0.005600,-0.008400,-0.005200,1.100000,7.739963,8971,120.930000,24.760000,39,193
6.640015,1782129032661.480469,1782129032660.309570,1782129032659.845703,1782129032660.315918,0.015000,-0.105000,-0.030000,0.110227,0.003600,0.004000,-0.006800,1.100000,7.777167,8971,120.930000,24.760000,39,243
6.650013,1782129032661.480469,1782129032660.309570,1782129032669.842529,1782129032670.318848,-0.015000,-0.060000,0.060000,0.086168,0.005200,-0.008800,-0.005200,1.100000,7.813115,8971,120.930000,24.760000,39,243
6.660013,1782129032672.480469,1782129032680.392090,1782129032679.843750,1782129032680.398926,-0.015000,0.105000,0.000000,0.106066,-0.001600,0.000000,-0.003200,1.100000,7.847803,8971,120.930000,24.760000,39,11
6.670014,1782129032684.480469,1782129032690.310059,1782129032689.845215,1782129032690.315918,0.030000,-0.090000,-0.060000,0.112250,0.001600,0.006800,-0.002400,1.100000,7.881215,8971,120.930000,24.760000,39,95
6.680012,1782129032696.480469,1782129032700.318604,1782129032699.844971,1782129032700.325195,-0.045000,0.060000,0.120000,0.141510,-0.006000,-0.004400,-0.004800,1.100000,7.913320,9085,120.570000,24.700000,38,101
6.690019,1782129032704.480469,1782129032710.301758,1782129032709.844482,1782129032710.307129,0.060000,0.060000,-0.090000,0.123693,-0.003600,0.010000,-0.006000,1.100000,7.944142,9085,120.570000,24.700000,38,83
6.700015,1782129032716.480469,1782129032720.320068,1782129032709.844482,1782129032710.307129,0.060000,0.060000,-0.090000,0.123693,-0.003600,0.010000,-0.006000,1.100000,7.973608,9228,120.650000,24.730000,38,183
6.710014,1782129032728.480469,1782129032730.325928,1782129032729.844482,1782129032730.332275,0.120000,0.045000,-0.090000,0.156605,-0.000400,0.010800,-0.005200,1.200000,8.001738,9271,120.690000,24.720000,38,0
6.720014,1782129032736.480469,1782129032740.311523,1782129032739.845215,1782129032740.317627,-0.015000,-0.075000,0.030000,0.082158,-0.001200,-0.004000,0.000400,1.200000,8.028521,9271,120.690000,24.720000,38,183
6.730011,1782129032748.480469,1782129032750.317383,1782129032749.844238,1782129032750.324951,-0.015000,0.105000,-0.030000,0.110227,-0.006000,0.001600,-0.000400,1.200000,8.053927,9271,120.690000,24.720000,38,23
6.740013,1782129032761.480469,1782129032760.295898,1782129032759.843994,1782129032760.300049,0.045000,-0.090000,-0.030000,0.105000,-0.001600,0.001600,-0.007600,1.200000,8.077969,9271,120.690000,24.720000,38,104
6.750014,1782129032772.480469,1782129032770.315918,1782129032769.843262,1782129032770.322510,-0.060000,0.075000,0.180000,0.204022,-0.004000,-0.008000,-0.004800,1.200000,8.100619,9357,120.400000,24.670000,38,89
6.760024,1782129032781.480469,1782129032780.316406,1782129032779.844482,1782129032780.323486,0.060000,-0.120000,-0.150000,0.201246,0.004800,0.008800,-0.001200,1.200000,8.121886,9357,120.400000,24.670000,38,250
6.770014,1782129032781.480469,1782129032780.316406,1782129032789.848389,1782129032790.332031,-0.030000,0.015000,0.180000,0.183098,0.002400,-0.008400,-0.005200,1.200000,8.141704,9357,120.400000,24.670000,38,250
6.780013,1782129032792.480469,1782129032800.321045,1782129032799.844238,1782129032800.328613,0.090000,0.015000,-0.120000,0.150748,-0.001200,0.011600,-0.000800,1.200000,8.160119,9357,120.400000,24.670000,38,130
6.790013,1782129032804.480469,1782129032810.317383,1782129032799.844238,1782129032800.328613,0.090000,0.015000,-0.120000,0.150748,-0.001200,0.011600,-0.000800,1.200000,8.177109,9357,120.400000,24.670000,38,32
6.800014,1782129032816.480469,1782129032820.317627,1782129032819.846680,1782129032820.324707,0.090000,-0.045000,-0.210000,0.232863,-0.001600,0.013200,-0.008800,1.200000,8.192663,9385,120.770000,24.750000,38,9
6.810016,1782129032828.480469,1782129032830.331787,1782129032829.846191,1782129032830.339844,-0.030000,0.015000,0.180000,0.183098,-0.007200,-0.007600,-0.004400,1.200000,8.206777,9542,120.730000,24.680000,38,0
6.820010,1782129032836.480469,1782129032840.302002,1782129032839.856445,1782129032840.305908,0.030000,0.045000,-0.060000,0.080777,-0.005200,0.010800,-0.004400,1.200000,8.219429,9542,120.730000,24.680000,38,113
6.830009,1782129032844.480469,1782129032850.291260,1782129032849.846436,1782129032850.294434,-0.045000,0.015000,0.030000,0.056125,-0.010400,-0.009200,-0.000800,1.200000,8.230634,9542,120.730000,24.680000,38,28
6.840011,1782129032856.480469,1782129032860.323730,1782129032859.867676,1782129032860.332275,0.060000,0.105000,0.090000,0.150748,-0.010800,0.006000,-0.003600,1.200000,8.240381,9542,120.730000,24.680000,38,245
6.850012,1782129032868.480469,1782129032870.311279,1782129032869.847412,1782129032870.318359,-0.090000,-0.030000,-0.090000,0.130767,0.000000,-0.011600,0.002000,1.200000,8.248661,9542,120.730000,24.680000,38,128
6.860010,1782129032881.480469,1782129032880.304199,1782129032879.907471,1782129032880.310303,0.045000,0.075000,0.210000,0.227486,0.002000,0.004000,-0.006400,1.200000,8.255469,9542,120.730000,24.680000,38,194
6.870011,1782129032881.480469,1782129032880.304199,1782129032889.846191,1782129032890.293945,0.000000,-0.120000,-0.270000,0.295466,0.005600,-0.004400,-0.008800,1.200000,8.260808,9542,120.730000,24.680000,38,194
6.880011,1782129032892.480469,1782129032900.302979,1782129032889.846191,1782129032890.293945,0.000000,-0.120000,-0.270000,0.295466,0.005600,-0.004400,-0.008800,1.200000,8.264671,9757,120.690000,24.720000,38,164
6.890012,1782129032904.480469,1782129032910.300781,1782129032909.843994,1782129032910.306641,-0.090000,0.000000,0.150000,0.174929,0.002800,-0.014400,-0.007600,1.200000,8.267058,9757,120.690000,24.720000,38,35
6.900018,1782129032912.480469,1782129032920.302246,1782129032919.844727,1782129032920.307617,0.090000,-0.030000,-0.030000,0.099499,0.003200,0.011200,-0.005200,1.200000,8.267967,9757,120.690000,24.720000,38,233
6.910010,1782129032924.480469,1782129032930.311035,1782129032929.843262,1782129032930.315186,-0.045000,0.000000,0.000000,0.045000,0.002000,-0.006800,-0.001600,1.200000,8.267399,9757,120.690000,24.720000,38,198
6.920011,1782129032932.480469,1782129032940.297852,1782129032939.812500,1782129032940.301514,0.105000,-0.060000,0.000000,0.120934,-0.001200,0.016000,-0.005600,1.200000,8.265352,9857,120.650000,24.770000,38,156
6.930013,1782129032944.480469,1782129032950.295898,1782129032949.844971,1782129032950.299316,-0.030000,-0.015000,-0.030000,0.045000,-0.002400,-0.007600,0.000800,1.200000,8.261827,9857,120.650000,24.770000,38,93
6.940012,1782129032956.480469,1782129032960.301514,1782129032959.844971,1782129032960.305664,0.105000,-0.060000,0.030000,0.124599,-0.001200,0.011200,-0.000800,1.200000,8.256829,9828,120.400000,24.670000,38,246
6.950012,1782129032968.480469,1782129032970.302979,1782129032969.843750,1782129032970.308105,-0.060000,0.000000,0.000000,0.060000,0.000400,-0.012800,-0.004000,1.200000,8.250358,9828,120.400000,24.670000,38,40
6.960013,1782129032976.480469,1782129032980.301758,1782129032979.847656,1782129032980.305664,0.045000,-0.030000,0.030000,0.061847,0.002000,0.008800,-0.002400,1.200000,8.242414,9828,120.400000,24.670000,38,202
6.970012,1782129032988.480469,1782129032990.299561,1782129032979.847656,1782129032980.305664,0.045000,-0.030000,0.030000,0.061847,0.002000,0.008800,-0.002400,1.200000,8.233007,9828,120.360000,24.690000,38,0
6.980016,1782129033001.480469,1782129033000.306641,1782129032999.844971,1782129033000.312744,0.045000,-0.135000,-0.240000,0.279016,0.002400,-0.000400,-0.004800,1.200000,8.222132,9828,120.360000,24.690000,38,70
6.990011,1782129033001.480469,1782129033000.306641,1782129033009.843750,1782129033010.305420,0.030000,0.075000,0.240000,0.253229,0.000000,-0.001200,-0.004800,1.200000,8.209808,9828,120.360000,24.690000,38,70
7.000011,1782129033012.480469,1782129033020.370850,1782129033019.844482,1782129033020.377686,-0.015000,-0.150000,-0.270000,0.309233,0.002400,0.002000,-0.002800,1.200000,8.196029,9814,120.400000,24.700000,38,248
7.010011,1782129033024.480469,1782129033030.305664,1782129033029.846191,1782129033030.316406,0.000000,0.090000,0.270000,0.284605,-0.001600,-0.000400,-0.001200,1.200000,8.180802,9814,120.400000,24.700000,38,64
7.020013,1782129033032.480469,1782129033040.300537,1782129033039.844238,1782129033040.305420,0.045000,-0.120000,-0.240000,0.272075,0.000400,0.002400,-0.003200,1.200000,8.164133,9814,120.400000,24.700000,38,18
7.030013,1782129033044.480469,1782129033050.334229,1782129033049.933838,1782129033050.341553,-0.015000,0.090000,0.270000,0.285000,-0.004000,-0.000800,-0.001600,1.200000,8.146036,9814,120.400000,24.700000,38,35
7.040011,1782129033056.480469,1782129033060.318604,1782129033059.848877,1782129033060.325928,0.000000,-0.060000,-0.240000,0.247386,0.001200,0.002000,-0.002000,1.200000,8.126518,9814,120.400000,24.700000,38,236
7.050011,1782129033064.480469,1782129033070.342285,1782129033069.843262,1782129033070.346924,-0.015000,0.060000,0.270000,0.276993,-0.000800,-0.002400,-0.003200,1.200000,8.105581,9814,120.400000,24.700000,38,220
7.060014,1782129033076.480469,1782129033080.302734,1782129033069.843262,1782129033070.346924,-0.015000,0.060000,0.270000,0.276993,-0.000800,-0.002400,-0.003200,1.200000,8.083233,9785,119.520000,24.470000,38,162
7.070011,1782129033088.480469,1782129033090.296387,1782129033089.846924,1782129033090.300537,0.075000,0.015000,0.150000,0.168375,-0.000800,0.010400,-0.001600,1.200000,8.059501,9785,119.520000,24.470000,38,251
7.080011,1782129033101.480469,1782129033100.301758,1782129033099.844727,1782129033100.306641,-0.075000,-0.075000,-0.180000,0.208926,0.001200,-0.010400,-0.002000,1.200000,8.034375,9785,119.520000,24.470000,38,121
7.090012,1782129033112.480469,1782129033110.299561,1782129033109.844971,1782129033110.303955,0.060000,0.030000,0.120000,0.137477,-0.001200,0.010400,0.006400,1.200000,8.007873,9785,119.440000,24.640000,38,149
7.100016,1782129033121.480469,1782129033120.302979,1782129033119.845703,1782129033120.307617,-0.060000,-0.045000,-0.180000,0.195000,0.002800,-0.009200,-0.003600,1.200000,7.979999,9785,119.440000,24.640000,38,20
7.110013,1782129033121.480469,1782129033120.302979,1782129033129.844971,1782129033130.308105,0.030000,0.060000,0.180000,0.192094,-0.000800,0.008800,0.004800,1.100000,7.950792,9785,119.440000,24.640000,38,20
7.120011,1782129033141.480469,1782129033140.304199,1782129033139.845703,1782129033140.309570,-0.015000,-0.075000,-0.180000,0.195576,0.005600,-0.008000,0.000400,1.100000,7.920244,9785,119.440000,24.640000,38,165
7.130012,1782129033141.480469,1782129033140.304199,1782129033149.843750,1782129033150.294922,0.030000,0.075000,0.180000,0.197294,-0.000400,0.006400,-0.005600,1.100000,7.888362,9785,119.440000,24.640000,38,165
7.140011,1782129033152.480469,1782129033160.301025,1782129033159.842773,1782129033160.305420,0.030000,-0.105000,-0.240000,0.263676,0.003200,-0.000800,-0.005600,1.100000,7.855172,9785,119.440000,24.640000,38,179
7.150012,1782129033164.480469,1782129033170.297607,1782129033159.842773,1782129033160.305420,0.030000,-0.105000,-0.240000,0.263676,0.003200,-0.000800,-0.005600,1.100000,7.820683,9785,119.440000,24.640000,38,42
7.160011,1782129033176.480469,1782129033180.298584,1782129033179.842773,1782129033180.302979,-0.045000,-0.105000,0.030000,0.118110,0.003200,-0.008800,-0.003600,1.100000,7.784914,9542,120.450000,24.690000,38,8
7.170013,1782129033188.480469,1782129033190.297852,1782129033189.842773,1782129033190.302490,0.045000,0.015000,0.090000,0.101735,0.000800,0.009200,-0.002400,1.100000,7.747866,9500,120.400000,24.730000,38,0
7.180011,1782129033196.480469,1782129033200.312012,1782129033199.844238,1782129033200.318115,0.030000,-0.135000,-0.150000,0.204022,0.004800,-0.000400,0.000800,1.100000,7.709582,9500,120.400000,24.730000,38,138
7.190011,1782129033208.480469,1782129033210.301270,1782129033209.844238,1782129033210.305908,0.045000,0.075000,0.180000,0.200125,-0.002400,0.002800,-0.001200,1.100000,7.670059,9500,120.400000,24.730000,38,164
7.200011,1782129033221.480469,1782129033220.296631,1782129033219.843506,1782129033220.300537,0.015000,-0.135000,-0.240000,0.275772,0.003600,0.006400,0.001200,1.100000,7.629314,9500,120.400000,24.730000,38,46
7.210013,1782129033221.480469,1782129033220.296631,1782129033229.843018,1782129033230.302979,-0.045000,0.120000,0.270000,0.298873,-0.006000,-0.006800,-0.000800,1.100000,7.587358,9500,120.400000,24.730000,38,46
7.220014,1782129033241.480469,1782129033240.302246,1782129033239.844482,1782129033240.306885,0.015000,-0.060000,-0.210000,0.218918,-0.000800,0.008400,0.000800,1.100000,7.544224,9357,118.110000,24.010000,38,255
7.230012,1782129033241.480469,1782129033240.302246,1782129033249.844971,1782129033250.298828,-0.060000,0.015000,0.270000,0.276993,-0.002800,-0.012000,-0.003600,1.100000,7.499939,9357,118.110000,24.010000,38,255
7.240011,1782129033252.480469,1782129033260.297607,1782129033249.844971,1782129033250.298828,-0.060000,0.015000,0.270000,0.276993,-0.002800,-0.012000,-0.003600,1.100000,7.454504,9357,118.110000,24.010000,38,174
7.250011,1782129033264.480469,1782129033270.300537,1782129033269.843262,1782129033270.305420,-0.060000,0.015000,0.240000,0.247841,-0.002400,-0.008000,-0.000400,1.100000,7.407937,9357,118.110000,24.010000,38,7
7.260013,1782129033272.480469,1782129033280.297363,1782129033279.843262,1782129033280.301514,0.060000,0.045000,-0.120000,0.141510,-0.002400,0.005200,0.000400,1.100000,7.360252,9357,118.110000,24.010000,38,58
7.270011,1782129033284.480469,1782129033290.302979,1782129033289.842529,1782129033290.307861,-0.015000,-0.060000,0.120000,0.135000,-0.001200,-0.002800,0.002800,1.100000,7.311497,9357,118.110000,24.010000,38,120
7.280011,1782129033296.480469,1782129033300.297607,1782129033299.843750,1782129033300.301758,-0.030000,0.120000,0.060000,0.137477,-0.006400,-0.006000,-0.001600,1.100000,7.261662,9200,117.550000,24.730000,38,111
7.290012,1782129033308.480469,1782129033310.303223,1782129033309.843994,1782129033310.307861,0.030000,-0.120000,-0.090000,0.152971,0.005200,0.006800,-0.004000,1.100000,7.210780,9200,117.550000,24.730000,38,117
7.300011,1782129033321.480469,1782129033320.305420,1782129033319.843018,1782129033320.310303,-0.045000,0.000000,0.120000,0.128160,0.000800,-0.005600,-0.004000,1.100000,7.158879,9200,117.550000,24.730000,38,235
7.310017,1782129033332.480469,1782129033330.309814,1782129033329.843018,1782129033330.314453,0.045000,0.105000,-0.090000,0.145430,-0.006400,0.006400,0.004000,0.900000,7.105941,8957,120.890000,24.800000,38,218
7.320014,1782129033336.480469,1782129033340.305908,1782129033339.843994,1782129033340.310791,0.015000,-0.060000,0.060000,0.086168,-0.002400,0.005600,0.003200,0.900000,7.052069,8957,120.890000,24.800000,38,226
7.330009,1782129033348.480469,1782129033350.306396,1782129033339.843994,1782129033340.310791,0.015000,-0.060000,0.060000,0.086168,-0.002400,0.005600,0.003200,0.900000,6.997244,8828,121.010000,24.690000,38,0
7.340010,1782129033361.480469,1782129033360.287354,1782129033359.844482,1782129033360.290771,0.030000,0.075000,0.030000,0.086168,-0.004400,0.007600,0.000800,0.900000,6.941453,8828,121.010000,24.690000,38,10
7.350014,1782129033361.480469,1782129033360.287354,1782129033369.844971,1782129033370.311523,0.000000,0.000000,0.030000,0.030000,-0.012400,0.000400,0.006000,0.900000,6.884726,8828,121.010000,24.690000,38,10
7.360013,1782129033372.480469,1782129033380.320312,1782129033379.844238,1782129033380.326904,-0.015000,0.150000,0.090000,0.175570,-0.022000,-0.008000,0.004800,0.900000,6.827141,8828,121.010000,24.690000,38,22
7.370010,1782129033384.480469,1782129033390.320312,1782129033389.847412,1782129033390.327148,-0.015000,-0.015000,-0.030000,0.036742,-0.002800,0.001200,0.003200,0.900000,6.768694,8828,121.010000,24.690000,38,199
7.380011,1782129033396.480469,1782129033400.298096,1782129033399.844238,1782129033400.302002,-0.030000,-0.270000,0.000000,0.271662,0.022000,-0.000400,0.002000,0.900000,6.709388,8614,120.850000,24.830000,38,54
7.390011,1782129033404.480469,1782129033410.302490,1782129033409.844238,1782129033410.306885,0.000000,-0.060000,0.030000,0.067082,0.010800,-0.003200,0.007600,0.900000,6.649261,8614,120.850000,24.830000,38,215
7.400013,1782129033416.480469,1782129033420.315430,1782129033419.846436,1782129033420.322021,0.045000,-0.015000,-0.060000,0.076485,0.004400,0.010400,-0.009600,0.900000,6.588334,8457,120.490000,24.840000,38,109
7.410011,1782129033428.480469,1782129033430.321289,1782129033429.848145,1782129033430.327881,0.150000,-0.150000,-0.090000,0.230434,0.008000,0.015600,-0.002000,0.900000,6.526656,8400,120.240000,24.740000,38,0
7.420012,1782129033436.480469,1782129033440.298828,1782129033429.848145,1782129033430.327881,0.150000,-0.150000,-0.090000,0.230434,0.008000,0.015600,-0.002000,0.900000,6.464220,8400,120.240000,24.740000,38,150
7.430021,1782129033448.480469,1782129033450.313477,1782129033449.846680,1782129033450.320068,0.090000,0.105000,0.000000,0.138293,-0.001600,0.007200,-0.002800,0.900000,6.401011,8400,120.240000,24.740000,38,90
7.440013,1782129033461.480469,1782129033460.384033,1782129033459.851318,1782129033460.390625,0.150000,0.015000,-0.090000,0.175570,-0.003200,0.017200,0.005200,0.900000,6.337214,8400,120.240000,24.740000,38,24
7.450019,1782129033472.480469,1782129033470.322510,1782129033469.907227,1782129033470.329834,0.090000,-0.105000,0.030000,0.141510,-0.000800,0.008800,0.005200,0.900000,6.272659,8400,120.240000,24.740000,38,5
7.460016,1782129033481.480469,1782129033480.328125,1782129033479.905029,1782129033480.335449,-0.015000,0.000000,0.150000,0.150748,-0.007200,-0.005200,0.002800,0.900000,6.207517,8400,120.240000,24.740000,38,255
7.470011,1782129033481.480469,1782129033480.328125,1782129033489.844482,1782129033490.304199,-0.045000,0.135000,0.000000,0.142302,-0.008400,-0.006400,0.000800,0.900000,6.141774,8400,120.240000,24.740000,38,255
7.480012,1782129033492.480469,1782129033500.306885,1782129033499.844971,1782129033500.312988,-0.030000,-0.060000,-0.060000,0.090000,0.005200,-0.000400,-0.000400,0.900000,6.075401,8142,120.930000,24.820000,38,175
7.490012,1782129033504.480469,1782129033510.308350,1782129033509.845947,1782129033510.313965,-0.015000,-0.195000,0.060000,0.204573,0.013200,0.000000,-0.003200,0.900000,6.008469,8142,120.930000,24.820000,38,76
7.500014,1782129033516.480469,1782129033520.315674,1782129033519.844238,1782129033520.322998,-0.015000,-0.120000,0.090000,0.150748,0.002000,-0.002000,-0.002800,0.900000,5.940986,8142,120.930000,24.820000,38,180
7.510012,1782129033528.480469,1782129033530.324951,1782129033519.844238,1782129033520.322998,-0.015000,-0.120000,0.090000,0.150748,0.002000,-0.002000,-0.002800,0.800000,5.873024,7928,120.730000,24.800000,38,0
7.520014,1782129033536.480469,1782129033540.305908,1782129033539.847656,1782129033540.312500,-0.015000,0.150000,-0.060000,0.162250,-0.004800,0.001600,0.000000,0.800000,5.804552,7928,120.730000,24.800000,38,219
7.530015,1782129033548.480469,1782129033550.317139,1782129033549.846924,1782129033550.324219,0.045000,-0.015000,0.000000,0.047434,0.002800,0.008000,0.003200,0.800000,5.735627,7814,120.690000,24.820000,38,0
7.540012,1782129033556.480469,1782129033560.312988,1782129033559.846436,1782129033560.319580,0.030000,-0.135000,0.030000,0.141510,0.005600,0.004400,0.002400,0.800000,5.666296,7814,120.690000,24.820000,38,241
7.550017,1782129033568.480469,1782129033570.317139,1782129033569.845947,1782129033570.324463,-0.015000,-0.060000,0.060000,0.086168,-0.004800,-0.001200,0.002000,0.800000,5.596516,7657,120.850000,24.810000,38,0
7.560012,1782129033581.480469,1782129033580.320312,1782129033579.847168,1782129033580.327393,-0.015000,0.135000,-0.030000,0.139104,-0.012400,-0.005200,0.000000,0.800000,5.526423,7657,120.850000,24.810000,38,115
7.570014,1782129033581.480469,1782129033580.320312,1782129033589.845215,1782129033590.315674,-0.030000,0.195000,-0.090000,0.216852,-0.009600,-0.004800,0.001200,0.800000,5.455941,7657,120.850000,24.810000,38,115
7.580011,1782129033592.480469,1782129033600.319580,1782129033599.906494,1782129033600.326904,-0.015000,0.090000,0.000000,0.091241,0.000400,0.000800,-0.002000,0.800000,5.385169,7657,120.850000,24.810000,38,216
7.590020,1782129033604.480469,1782129033610.307617,1782129033609.916504,1782129033610.313721,0.030000,-0.105000,0.060000,0.124599,0.004800,0.006400,-0.000400,0.800000,5.314021,936214,5.270000,316.520000,53,150
7.600012,1782129033612.480469,1782129033620.325439,1782129033609.916504,1782129033610.313721,0.030000,-0.105000,0.060000,0.124599,0.004800,0.006400,-0.000400,0.800000,5.242733,7457,121.130000,24.810000,39,130
7.610012,1782129033624.480469,1782129033630.325928,1782129033629.845703,1782129033630.333252,0.045000,-0.255000,0.000000,0.258940,0.013200,0.003200,0.000000,0.800000,5.171151,7457,121.130000,24.810000,39,169
7.620012,1782129033636.480469,1782129033640.303223,1782129033639.847168,1782129033640.308350,0.030000,-0.165000,0.000000,0.167705,0.006000,0.003200,0.005600,0.800000,5.099361,7342,121.170000,24.780000,38,160
7.630019,1782129033644.480469,1782129033650.315186,1782129033649.846680,1782129033650.322021,0.030000,-0.075000,0.000000,0.080777,-0.001600,-0.001200,0.002400,0.800000,5.027336,7342,121.170000,24.780000,38,44
7.640014,1782129033656.480469,1782129033660.310791,1782129033659.846436,1782129033660.316162,-0.015000,0.090000,-0.060000,0.109202,-0.006000,-0.004000,0.002800,0.800000,4.955252,7171,120.810000,24.770000,38,221
7.650014,1782129033668.480469,1782129033670.319092,1782129033669.848145,1782129033670.327148,-0.030000,0.135000,0.030000,0.141510,-0.008000,-0.004800,0.000400,0.800000,4.883001,7028,120.490000,24.800000,39,0
7.660014,1782129033676.480469,1782129033680.318359,1782129033679.847168,1782129033680.325195,0.000000,0.150000,0.060000,0.161555,-0.012400,-0.002800,-0.000800,0.800000,4.810653,7028,120.490000,24.800000,39,237
7.670014,1782129033692.480469,1782129033690.302490,1782129033689.844971,1782129033690.307617,0.000000,0.165000,0.030000,0.167705,-0.007600,-0.002000,-0.010800,0.800000,4.738231,6900,120.450000,24.750000,38,166
7.680013,1782129033701.480469,1782129033700.321045,1782129033699.972900,1782129033700.328369,-0.045000,0.225000,0.030000,0.231409,-0.006800,0.000400,-0.007600,0.800000,4.665781,6900,120.450000,24.750000,38,255
7.690012,1782129033701.480469,1782129033700.321045,1782129033699.972900,1782129033700.328369,-0.045000,0.225000,0.030000,0.231409,-0.006800,0.000400,-0.007600,0.800000,4.593313,6900,120.450000,24.750000,38,255
7.700012,1782129033712.480469,1782129033720.313965,1782129033719.844971,1782129033720.321777,-0.015000,0.390000,0.000000,0.390288,-0.024400,-0.000800,0.004400,0.800000,4.520850,6900,120.450000,24.750000,38,248
7.710010,1782129033724.480469,1782129033730.313721,1782129033729.848145,1782129033730.328613,0.000000,0.345000,0.030000,0.346302,-0.020400,-0.001200,-0.000400,0.700000,4.448442,6900,120.450000,24.750000,38,223
7.720013,1782129033736.480469,1782129033740.294434,1782129033739.931641,1782129033740.298096,0.015000,0.375000,0.030000,0.376497,-0.022400,-0.000800,0.004800,0.700000,4.376071,6614,120.240000,24.750000,38,249
7.730011,1782129033744.480469,1782129033750.318115,1782129033749.919678,1782129033750.325195,0.000000,0.375000,0.060000,0.379770,-0.026800,0.000000,0.003600,0.700000,4.303828,6614,120.240000,24.750000,38,237
7.740014,1782129033756.480469,1782129033760.297363,1782129033759.907959,1782129033760.301270,-0.015000,0.375000,0.060000,0.380066,-0.027600,-0.000800,-0.002400,0.700000,4.231668,6614,120.240000,24.750000,38,179
7.750016,1782129033764.480469,1782129033770.315430,1782129033769.846191,1782129033770.321289,-0.015000,0.315000,0.090000,0.327948,-0.023200,-0.002000,0.000000,0.700000,4.159676,6614,120.240000,24.750000,38,135
7.760012,1782129033776.480469,1782129033780.316650,1782129033779.913330,1782129033780.322754,0.000000,0.345000,0.000000,0.345000,-0.016000,-0.003200,0.000400,0.700000,4.087893,6314,120.650000,24.800000,38,216
7.770014,1782129033788.480469,1782129033790.297363,1782129033789.846436,1782129033790.301270,-0.030000,0.345000,0.030000,0.347599,-0.020400,-0.001600,-0.001600,0.700000,4.016281,6228,120.650000,24.770000,38,0
7.780013,1782129033801.480469,1782129033800.315674,1782129033789.846436,1782129033790.301270,-0.030000,0.345000,0.030000,0.347599,-0.020400,-0.001600,-0.001600,0.700000,3.944913,6228,120.650000,24.770000,38,70
7.790012,1782129033812.480469,1782129033810.311035,1782129033809.846680,1782129033810.318115,0.030000,0.015000,-0.030000,0.045000,0.000000,0.003200,0.000800,0.700000,3.873805,6057,120.450000,24.800000,38,170
7.800008,1782129033821.480469,1782129033820.299805,1782129033819.913574,1782129033820.296631,0.000000,-0.120000,0.000000,0.120000,0.006400,0.004800,-0.005600,0.700000,3.803003,6057,120.450000,24.800000,38,69
7.810011,1782129033821.480469,1782129033820.299805,1782129033829.939941,1782129033830.291992,0.075000,-0.255000,0.000000,0.265801,0.013600,0.005600,0.000000,0.700000,3.732467,6057,120.450000,24.800000,38,69
7.820018,1782129033832.480469,1782129033840.292480,1782129033839.925049,1782129033840.295654,0.030000,-0.255000,0.000000,0.256759,0.014800,0.004000,0.000800,0.700000,3.662237,5985,120.730000,24.810000,38,79
7.830013,1782129033841.480469,1782129033850.394043,1782129033849.866699,1782129033850.401611,-0.015000,-0.210000,0.060000,0.218918,0.015200,0.001200,0.003600,0.700000,3.592450,5985,120.730000,24.810000,38,139
7.840012,1782129033852.480469,1782129033860.330078,1782129033859.849365,1782129033860.337646,-0.015000,-0.225000,0.030000,0.227486,0.016800,-0.002400,0.004400,0.700000,3.523021,5871,120.850000,24.800000,38,74
7.850016,1782129033864.480469,1782129033870.329834,1782129033869.865479,1782129033870.336914,-0.015000,-0.135000,0.000000,0.135831,0.014000,-0.004400,0.004000,0.700000,3.453976,5871,120.850000,24.800000,38,155
7.860012,1782129033876.480469,1782129033880.339844,1782129033879.869629,1782129033880.347900,-0.030000,0.060000,0.060000,0.090000,-0.002000,-0.002000,-0.002400,0.700000,3.385427,5871,120.850000,24.800000,38,41
7.870012,1782129033888.480469,1782129033890.318848,1782129033879.869629,1782129033880.347900,-0.030000,0.060000,0.060000,0.090000,-0.002000,-0.002000,-0.002400,0.700000,3.317317,5557,121.330000,24.780000,38,0
7.880008,1782129033896.480469,1782129033900.289551,1782129033899.848877,1782129033900.296875,-0.015000,-0.105000,0.060000,0.121861,0.008800,0.002400,-0.000400,0.700000,3.249714,5557,121.330000,24.780000,38,254
7.890010,1782129033908.480469,1782129033910.281982,1782129033909.844238,1782129033910.283691,0.015000,-0.015000,0.000000,0.021213,-0.002800,0.001600,0.002400,0.700000,3.182596,5557,121.330000,24.780000,38,80
7.900013,1782129033921.480469,1782129033920.326904,1782129033919.845947,1782129033920.335449,0.000000,0.060000,0.030000,0.067082,-0.008000,0.001200,0.004800,0.700000,3.116002,5557,121.330000,24.780000,38,84
7.910012,1782129033921.480469,1782129033920.326904,1782129033929.843994,1782129033930.330078,0.015000,0.045000,0.000000,0.047434,-0.004800,0.000800,0.006000,0.500000,3.049999,5557,121.330000,24.780000,38,84
7.920013,1782129033932.480469,1782129033940.303711,1782129033939.843506,1782129033940.309570,0.000000,-0.030000,0.000000,0.030000,0.005200,-0.000800,0.002400,0.500000,2.984571,5242,120.080000,24.360000,38,195
7.930012,1782129033944.480469,1782129033950.319580,1782129033949.842529,1782129033950.326904,0.000000,-0.075000,-0.060000,0.096047,0.006000,-0.002400,0.002800,0.500000,2.919767,5242,120.080000,24.360000,38,143
7.940016,1782129033952.480469,1782129033960.304932,1782129033959.843506,1782129033960.310547,0.000000,-0.015000,0.030000,0.033541,-0.000400,-0.002400,-0.000400,0.500000,2.855567,5242,120.080000,24.360000,38,94
7.950014,1782129033964.480469,1782129033970.322998,1782129033969.844238,1782129033970.330566,0.030000,0.000000,0.000000,0.030000,-0.001200,0.000000,-0.002000,0.500000,2.792061,5242,120.080000,24.360000,38,52
7.960014,1782129033972.480469,1782129033980.324219,1782129033969.844238,1782129033970.330566,0.030000,0.000000,0.000000,0.030000,-0.001200,0.000000,-0.002000,0.500000,2.729217,4957,119.600000,24.750000,38,82
7.970014,1782129033984.480469,1782129033990.334961,1782129033989.848145,1782129033990.344971,-0.045000,0.030000,0.030000,0.061847,0.000000,-0.002800,-0.001200,0.500000,2.667083,4957,119.600000,24.750000,38,223
7.980012,1782129033996.480469,1782129034000.324707,1782129033999.846436,1782129034000.332520,0.000000,-0.015000,-0.030000,0.033541,0.002800,0.001600,0.000400,0.500000,2.605685,4814,120.160000,24.780000,38,195
7.990013,1782129034008.480469,1782129034010.303223,1782129034009.842773,1782129034010.308105,0.000000,-0.060000,0.000000,0.060000,0.002000,0.002400,0.001600,0.500000,2.545012,4671,120.320000,24.720000,39,0
8.000015,1782129034021.480469,1782129034020.390625,1782129034019.843750,1782129034020.399170,0.075000,0.015000,0.000000,0.076485,-0.004000,0.002400,0.002000,0.500000,2.485103,4671,120.320000,24.720000,39,245
8.010017,1782129034032.480469,1782129034030.330322,1782129034029.844971,1782129034030.338379,0.045000,0.015000,0.060000,0.076485,-0.003200,0.003600,0.003200,0.500000,2.425985,4671,120.320000,24.720000,39,21
8.020016,1782129034041.480469,1782129034040.335205,1782129034039.851318,1782129034040.343018,0.015000,-0.015000,0.000000,0.021213,0.004400,0.001600,0.001600,0.500000,2.367691,4671,120.320000,24.720000,39,130
8.030011,1782129034048.480469,1782129034050.310791,1782129034049.847900,1782129034050.315430,-0.015000,0.030000,0.030000,0.045000,-0.001600,-0.001600,-0.000800,0.500000,2.310256,936214,458.230000,97.370000,34,25
8.040008,1782129034065.199463,1782129034060.319824,1782129034059.848877,1782129034060.327881,0.030000,0.030000,0.000000,0.042426,-0.009200,0.001200,0.003600,0.500000,2.253659,936214,458.230000,97.370000,34,166
8.050010,1782129034065.199463,1782129034060.319824,1782129034059.848877,1782129034060.327881,0.030000,0.030000,0.000000,0.042426,-0.009200,0.001200,0.003600,0.500000,2.197906,936214,458.230000,97.370000,34,166
8.060011,1782129034076.199707,1782129034080.295166,1782129034079.845947,1782129034080.298584,0.060000,-0.030000,0.000000,0.067082,0.000400,0.004800,0.001600,0.500000,2.143050,4200,120.770000,24.840000,38,71
8.070009,1782129034088.199707,1782129034090.284912,1782129034089.845459,1782129034090.287109,0.015000,0.000000,0.030000,0.033541,-0.002400,0.001200,0.002400,0.500000,2.089116,4200,120.770000,24.840000,38,221
8.080008,1782129034100.199707,1782129034100.290039,1782129034099.843994,1782129034100.293213,0.030000,0.075000,0.060000,0.100623,-0.008800,0.000400,0.008800,0.500000,2.036110,4085,120.650000,24.830000,38,133
8.090008,1782129034108.199707,1782129034110.286377,1782129034109.843750,1782129034110.289062,-0.045000,-0.015000,0.030000,0.056125,-0.002800,-0.002000,0.001600,0.500000,1.984045,4085,120.650000,24.830000,38,87
8.100009,1782129034120.199707,1782129034120.283203,1782129034119.843506,1782129034120.285156,-0.045000,-0.045000,0.030000,0.070356,0.001600,-0.004000,-0.001200,0.500000,1.932944,3957,120.610000,24.830000,39,77
8.110010,1782129034132.199707,1782129034130.294678,1782129034129.843994,1782129034130.297363,0.000000,-0.030000,-0.030000,0.042426,0.006800,-0.001200,-0.003200,0.400000,1.882823,3814,120.970000,24.840000,38,0
8.120009,1782129034140.199707,1782129034140.290039,1782129034139.844482,1782129034140.293213,0.000000,-0.075000,0.060000,0.096047,0.004800,0.000000,-0.002000,0.400000,1.833715,3814,120.970000,24.840000,38,164
8.130009,1782129034152.199707,1782129034150.284424,1782129034149.846680,1782129034150.286865,0.045000,-0.015000,0.000000,0.047434,-0.003600,0.004400,0.001200,0.400000,1.785619,3814,120.970000,24.840000,38,25
8.140010,1782129034165.199463,1782129034160.286133,1782129034149.846680,1782129034150.286865,0.045000,-0.015000,0.000000,0.047434,-0.003600,0.004400,0.001200,0.400000,1.738553,3814,120.970000,24.840000,38,47
8.150014,1782129034176.199707,1782129034170.291748,1782129034169.845215,1782129034170.294678,0.030000,0.000000,0.000000,0.030000,0.002400,0.001600,0.000800,0.400000,1.692529,3542,120.970000,24.840000,38,66
8.160008,1782129034185.199463,1782129034180.295898,1782129034179.844971,1782129034180.298828,0.030000,0.030000,0.000000,0.042426,-0.003200,0.004000,0.005200,0.400000,1.647610,3542,120.970000,24.840000,38,99
8.170011,1782129034185.199463,1782129034180.295898,1782129034189.843018,1782129034190.281738,0.030000,0.015000,-0.030000,0.045000,-0.002400,0.003600,0.002400,0.400000,1.603738,3542,120.970000,24.840000,38,99
8.180008,1782129034196.199707,1782129034200.291748,1782129034199.845703,1782129034200.294922,0.030000,0.030000,0.030000,0.051962,-0.006000,0.001200,0.007600,0.400000,1.560986,3414,120.930000,24.790000,38,3
8.190009,1782129034208.199707,1782129034210.283447,1782129034209.843018,1782129034210.285889,-0.015000,0.015000,0.030000,0.036742,-0.000400,-0.000800,-0.000800,0.400000,1.519326,3414,120.930000,24.790000,38,206
8.200011,1782129034220.199707,1782129034220.291260,1782129034219.845459,1782129034220.294434,0.015000,-0.060000,0.030000,0.068739,0.000800,-0.002000,0.000000,0.400000,1.478792,3314,121.010000,24.830000,39,181
8.210008,1782129034232.199707,1782129034230.296143,1782129034229.843994,1782129034230.298828,0.015000,-0.105000,0.060000,0.121861,0.004000,-0.000800,-0.004000,0.400000,1.439417,3200,120.930000,24.760000,38,0
8.220010,1782129034240.199707,1782129034240.326172,1782129034239.843506,1782129034240.328857,0.015000,-0.015000,0.000000,0.021213,0.000800,0.000800,-0.000400,0.400000,1.401173,3200,120.930000,24.760000,38,211
8.230011,1782129034252.199707,1782129034250.291992,1782129034239.843506,1782129034240.328857,0.015000,-0.015000,0.000000,0.021213,0.000800,0.000800,-0.000400,0.400000,1.364103,3200,120.930000,24.760000,38,158
8.240011,1782129034260.199707,1782129034260.291016,1782129034259.843506,1782129034260.294434,0.030000,-0.090000,0.030000,0.099499,0.003600,-0.000800,0.002800,0.400000,1.328212,3200,120.930000,24.760000,38,236
8.250010,1782129034272.199707,1782129034270.291992,1782129034269.843994,1782129034270.295166,0.000000,-0.060000,0.000000,0.060000,0.002800,0.000800,0.000400,0.400000,1.293513,3200,120.930000,24.760000,38,79
8.260009,1782129034285.199463,1782129034280.291504,1782129034279.859375,1782129034280.294678,0.030000,-0.030000,-0.060000,0.073485,0.000800,0.001200,0.000800,0.400000,1.260019,3200,120.930000,24.760000,38,115
8.270008,1782129034285.199463,1782129034280.291504,1782129034289.843018,1782129034290.280762,0.015000,-0.045000,0.000000,0.047434,0.000400,0.001600,0.002000,0.400000,1.227733,3200,120.930000,24.760000,38,115
8.280009,1782129034296.199707,1782129034300.289551,1782129034299.843750,1782129034300.292480,0.045000,0.000000,0.000000,0.045000,-0.003200,0.001200,-0.000400,0.400000,1.196669,2900,120.810000,24.820000,38,179
8.290011,1782129034308.199707,1782129034310.283936,1782129034309.844482,1782129034310.285889,0.015000,-0.015000,0.000000,0.021213,-0.002800,0.000800,0.003200,0.400000,1.166835,2900,120.810000,24.820000,38,248
8.300010,1782129034316.199707,1782129034320.291992,1782129034319.843750,1782129034320.294922,0.015000,0.030000,0.030000,0.045000,0.000000,-0.001200,0.003200,0.400000,1.138252,2900,120.810000,24.820000,38,22
8.310010,1782129034328.199707,1782129034330.296387,1782129034329.845947,1782129034330.299072,-0.060000,-0.075000,0.030000,0.100623,0.006400,-0.002800,0.000400,0.300000,1.110920,2900,120.810000,24.820000,38,226
8.320010,1782129034340.199707,1782129034340.291016,1782129034329.845947,1782129034330.299072,-0.060000,-0.075000,0.030000,0.100623,0.006400,-0.002800,0.000400,0.300000,1.084852,2700,120.730000,24.830000,38,40
8.330010,1782129034352.199707,1782129034350.291260,1782129034349.844727,1782129034350.294678,-0.075000,-0.045000,0.060000,0.106066,0.001600,-0.005200,-0.002400,0.300000,1.060054,2557,120.360000,24.790000,38,0
8.340010,1782129034360.199707,1782129034360.286133,1782129034359.844727,1782129034360.288330,-0.045000,-0.060000,0.060000,0.096047,0.002800,-0.003600,-0.004000,0.300000,1.036532,2557,120.360000,24.790000,38,182
8.350013,1782129034372.199707,1782129034370.338135,1782129034369.847412,1782129034370.347900,0.030000,-0.015000,0.000000,0.033541,0.001200,-0.000400,-0.000400,0.300000,1.014294,2557,120.360000,24.790000,38,30
8.360011,1782129034380.199707,1782129034380.312500,1782129034379.844727,1782129034380.317627,0.045000,-0.045000,0.000000,0.063640,0.000800,0.002800,0.000000,0.300000,0.993358,2557,120.360000,24.790000,38,219
8.370012,1782129034396.199707,1782129034390.297852,1782129034389.844727,1782129034390.302246,0.015000,0.000000,0.000000,0.015000,-0.002800,0.004000,-0.000800,0.300000,0.973715,2557,120.360000,24.790000,38,61
8.380018,1782129034405.199463,1782129034400.312256,1782129034399.844238,1782129034400.307617,0.030000,0.015000,0.000000,0.033541,-0.002400,0.004000,-0.001200,0.300000,0.955372,2557,120.360000,24.790000,38,151
8.390012,1782129034405.199463,1782129034400.312256,1782129034409.844971,1782129034410.309814,0.000000,0.045000,0.000000,0.045000,-0.001200,0.002000,-0.001200,0.300000,0.938363,2557,120.360000,24.790000,38,151
8.400014,1782129034416.199707,1782129034420.307373,1782129034419.845703,1782129034420.312256,0.015000,0.015000,0.030000,0.036742,-0.000400,-0.000400,-0.002000,0.300000,0.922658,2357,120.770000,24.830000,38,91
8.410016,1782129034428.199707,1782129034430.329102,1782129034419.845703,1782129034420.312256,0.015000,0.015000,0.030000,0.036742,-0.000400,-0.000400,-0.002000,0.300000,0.908275,2357,120.770000,24.830000,38,201
8.420012,1782129034440.199707,1782129034440.307129,1782129034439.845703,1782129034440.313965,0.000000,-0.030000,0.000000,0.030000,0.002000,0.001200,-0.001200,0.300000,0.895227,2300,120.730000,24.830000,38,11
8.430012,1782129034448.199707,1782129034450.318115,1782129034449.845215,1782129034450.325439,0.000000,-0.045000,0.000000,0.045000,0.002800,0.000800,-0.002000,0.300000,0.883506,936214,506.880000,317.220000,86,113
8.440012,1782129034460.199707,1782129034460.297119,1782129034459.844238,1782129034460.300781,-0.030000,0.015000,0.060000,0.068739,0.000400,0.001200,-0.002000,0.300000,0.873121,936214,506.880000,317.220000,86,235
8.450013,1782129034468.199707,1782129034470.304199,1782129034469.844238,1782129034470.309082,-0.015000,-0.015000,0.030000,0.036742,-0.002000,0.000800,0.000800,0.300000,0.864071,936214,506.880000,317.220000,86,30
8.460011,1782129034480.199707,1782129034480.308350,1782129034479.844482,1782129034480.312744,0.060000,-0.030000,0.000000,0.067082,-0.000400,0.000000,-0.002000,0.300000,0.856365,2214,121.090000,24.830000,38,62
8.470016,1782129034492.199707,1782129034490.298096,1782129034489.843994,1782129034490.301270,0.030000,0.015000,-0.030000,0.045000,-0.000800,0.000000,-0.001200,0.300000,0.849998,2214,121.090000,24.830000,38,179
8.480011,1782129034505.199463,1782129034500.313721,1782129034499.844238,1782129034500.318848,-0.015000,0.015000,0.030000,0.036742,-0.002400,0.000000,0.000800,0.300000,0.844981,2214,121.090000,24.830000,38,40
8.490013,1782129034516.199707,1782129034510.305176,1782129034509.844482,1782129034510.310059,-0.030000,0.000000,0.030000,0.042426,-0.000800,0.000000,-0.002000,0.300000,0.841307,2142,121.050000,24.830000,38,35
8.500012,1782129034525.199463,1782129034520.307129,1782129034509.844482,1782129034510.310059,-0.030000,0.000000,0.030000,0.042426,-0.000800,0.000000,-0.002000,0.300000,0.838981,2142,121.050000,24.830000,38,224
8.510052,1782129034525.199463,1782129034520.307129,1782129034529.843750,1782129034530.314209,0.030000,-0.045000,-0.030000,0.061847,0.000000,0.000800,-0.002800,0.200000,0.838001,2142,121.050000,24.830000,38,224
8.520012,1782129034536.199707,1782129034540.336182,1782129034539.844238,1782129034540.339844,0.000000,-0.015000,0.000000,0.015000,0.000000,0.000400,-0.001200,0.200000,0.838371,2128,120.400000,24.760000,38,239
8.530013,1782129034548.199707,1782129034550.306641,1782129034549.845703,1782129034550.311523,0.030000,0.030000,0.000000,0.042426,-0.001200,0.000400,-0.000800,0.200000,0.840088,2128,120.400000,24.760000,38,178
8.540015,1782129034556.199707,1782129034560.322021,1782129034559.844482,1782129034560.329834,0.015000,-0.015000,0.000000,0.021213,0.000000,0.000400,-0.003600,0.200000,0.843151,2114,120.320000,24.830000,38,126
8.550012,1782129034568.199707,1782129034570.300293,1782129034569.845703,1782129034570.304443,0.000000,0.000000,0.030000,0.030000,0.001200,0.000000,-0.002800,0.200000,0.847558,2114,120.320000,24.830000,38,196
8.560019,1782129034580.199707,1782129034580.302490,1782129034579.846436,1782129034580.306885,-0.015000,-0.030000,-0.030000,0.045000,-0.000400,0.000400,-0.001200,0.200000,0.853314,2100,120.450000,24.800000,38,218
8.570053,1782129034588.199707,1782129034590.364746,1782129034589.848145,1782129034590.376465,0.030000,0.015000,0.000000,0.033541,-0.000400,0.001600,-0.002400,0.200000,0.860435,2100,120.450000,24.800000,38,233
8.580014,1782129034600.199707,1782129034600.337646,1782129034599.847168,1782129034600.341309,0.030000,-0.015000,-0.030000,0.045000,-0.000400,0.000800,-0.004400,0.200000,0.868837,2100,120.810000,24.790000,39,234
8.590010,1782129034612.199707,1782129034610.305908,1782129034599.847168,1782129034600.341309,0.030000,-0.015000,-0.030000,0.045000,-0.000400,0.000800,-0.004400,0.200000,0.878600,2100,120.810000,24.790000,39,124
8.600011,1782129034625.199463,1782129034620.291992,1782129034619.846924,1782129034620.297363,0.015000,0.000000,0.000000,0.015000,-0.000400,0.000800,-0.002800,0.200000,0.889701,2100,120.810000,24.790000,39,224
8.610010,1782129034625.199463,1782129034620.291992,1782129034629.844727,1782129034630.297363,0.015000,-0.015000,0.000000,0.021213,0.000000,0.000000,-0.001200,0.200000,0.902129,2100,120.810000,24.790000,39,224
8.620009,1782129034648.199707,1782129034640.349121,1782129034639.844238,1782129034640.351562,0.030000,-0.015000,-0.030000,0.045000,0.000400,0.000800,-0.003600,0.200000,0.915880,2128,120.530000,24.850000,38,141
8.630011,1782129034652.199707,1782129034650.293457,1782129034649.845703,1782129034650.290283,0.000000,0.000000,0.060000,0.060000,0.000400,0.000400,-0.003200,0.200000,0.930956,2128,120.530000,24.850000,38,244
8.640009,1782129034656.199707,1782129034660.288574,1782129034659.843506,1782129034660.291260,0.015000,-0.030000,0.000000,0.033541,0.000800,0.000400,-0.002800,0.200000,0.947340,2128,120.530000,24.850000,38,243
8.650011,1782129034668.199707,1782129034670.290283,1782129034669.844238,1782129034670.293457,0.000000,-0.045000,0.000000,0.045000,0.001600,0.000800,-0.004400,0.200000,0.965041,2128,120.530000,24.850000,38,15
8.660009,1782129034676.199707,1782129034680.292236,1782129034679.844727,1782129034680.295654,0.030000,-0.045000,0.000000,0.054083,0.001600,0.001200,-0.001600,0.200000,0.984039,2200,120.690000,24.810000,38,37
8.670009,1782129034688.199707,1782129034690.286377,1782129034689.844482,1782129034690.288818,0.000000,-0.015000,0.030000,0.033541,-0.000400,0.001200,-0.004400,0.200000,1.004336,2200,120.690000,24.810000,38,24
8.680009,1782129034700.199707,1782129034700.290039,1782129034689.844482,1782129034690.288818,0.000000,-0.015000,0.030000,0.033541,-0.000400,0.001200,-0.004400,0.200000,1.025926,2228,120.970000,24.770000,38,93
8.690011,1782129034712.199707,1782129034710.286621,1782129034709.844727,1782129034710.289551,-0.015000,-0.030000,0.030000,0.045000,-0.000400,0.001600,-0.002000,0.200000,1.048801,2285,120.930000,24.760000,38,0
8.700009,1782129034725.199463,1782129034720.291748,1782129034719.844482,1782129034720.294922,0.000000,0.000000,0.000000,0.000000,-0.001200,0.001600,-0.004400,0.200000,1.072944,2285,120.930000,24.760000,38,69
8.710009,1782129034736.199707,1782129034730.293457,1782129034729.844971,1782129034730.295654,0.000000,0.000000,0.000000,0.000000,0.000000,0.001600,-0.003600,0.200000,1.098361,2285,120.930000,24.760000,38,46
8.720010,1782129034745.199463,1782129034740.285645,1782129034739.843750,1782129034740.288086,0.015000,-0.015000,0.030000,0.036742,-0.000800,0.000800,-0.003600,0.200000,1.125043,2285,120.930000,24.760000,38,97
8.730009,1782129034745.199463,1782129034740.285645,1782129034749.845459,1782129034750.292480,0.030000,0.000000,0.030000,0.042426,-0.001200,0.000400,-0.004400,0.200000,1.152967,2285,120.930000,24.760000,38,97
8.740016,1782129034765.199463,1782129034760.327148,1782129034759.844727,1782129034760.335205,0.015000,0.000000,-0.030000,0.033541,-0.000400,0.000400,-0.005200,0.200000,1.182161,2385,120.810000,24.670000,38,101
8.750025,1782129034765.199463,1782129034760.327148,1782129034769.847900,1782129034770.315430,0.000000,-0.015000,0.000000,0.015000,-0.001600,-0.000400,-0.006000,0.200000,1.212591,2385,120.810000,24.670000,38,101
8.760015,1782129034776.199707,1782129034780.343994,1782129034779.845947,1782129034780.354004,-0.015000,0.015000,0.000000,0.021213,0.000000,0.000400,-0.002800,0.200000,1.244191,2457,120.810000,24.830000,38,12
8.770102,1782129034788.199707,1782129034790.310547,1782129034779.845947,1782129034780.354004,-0.015000,0.015000,0.000000,0.021213,0.000000,0.000400,-0.002800,0.200000,1.277326,2457,120.810000,24.830000,38,227
8.780096,1782129034800.199707,1782129034800.432861,1782129034799.844971,1782129034800.442871,-0.015000,-0.030000,0.030000,0.045000,0.000400,-0.001200,-0.006000,0.200000,1.311358,2457,120.810000,24.830000,38,246
8.790024,1782129034808.199707,1782129034810.421387,1782129034809.843018,1782129034810.430908,-0.015000,-0.030000,-0.030000,0.045000,0.001200,-0.000800,-0.008000,0.200000,1.346350,2457,120.810000,24.830000,38,107
8.800017,1782129034820.199707,1782129034820.337646,1782129034819.844971,1782129034820.346191,0.000000,-0.075000,0.000000,0.075000,0.001200,-0.000400,-0.006000,0.200000,1.382745,2600,120.930000,24.840000,38,106
8.810020,1782129034832.199707,1782129034830.317627,1782129034829.845215,1782129034830.322754,0.015000,-0.030000,0.000000,0.033541,0.001200,0.001200,0.004000,0.200000,1.420348,2671,120.890000,24.840000,38,0
8.820019,1782129034845.199463,1782129034840.333496,1782129034839.844971,1782129034840.341797,0.030000,-0.030000,0.000000,0.042426,-0.001200,0.001600,-0.000800,0.200000,1.459090,2671,120.890000,24.840000,38,185
8.830017,1782129034856.199707,1782129034850.309814,1782129034849.845459,1782129034850.314941,0.030000,-0.015000,0.060000,0.068739,-0.001200,0.002000,-0.002800,0.200000,1.498977,2671,120.890000,24.840000,38,204
8.840016,1782129034865.199463,1782129034860.306641,1782129034859.844727,1782129034860.311768,0.030000,0.075000,0.000000,0.080777,-0.004000,0.001600,-0.002000,0.200000,1.540004,2671,120.890000,24.840000,38,120
8.850014,1782129034876.199707,1782129034870.308105,1782129034869.844482,1782129034870.312988,0.030000,0.030000,0.060000,0.073485,-0.001600,0.000000,-0.003600,0.200000,1.582145,2500,120.770000,24.820000,38,133
8.860015,1782129034885.199463,1782129034880.300049,1782129034869.844482,1782129034870.312988,0.030000,0.030000,0.060000,0.073485,-0.001600,0.000000,-0.003600,0.200000,1.625404,2500,120.770000,24.820000,38,62
8.870015,1782129034885.199463,1782129034880.300049,1782129034889.808594,1782129034890.298584,0.030000,0.045000,-0.030000,0.061847,0.000400,0.000800,-0.004400,0.200000,1.669757,2500,120.770000,24.820000,38,62
8.880089,1782129034896.199707,1782129034900.307861,1782129034899.845459,1782129034900.313965,0.000000,-0.060000,0.030000,0.067082,0.001200,0.000400,-0.004800,0.200000,1.715534,2571,120.850000,24.770000,38,113
8.890023,1782129034908.199707,1782129034910.403320,1782129034909.845947,1782129034910.412109,0.000000,0.000000,0.000000,0.000000,-0.001200,0.000400,-0.006400,0.200000,1.761730,2571,120.850000,24.770000,38,166
8.900010,1782129034920.199707,1782129034920.335449,1782129034919.845215,1782129034920.344482,0.000000,0.045000,0.030000,0.054083,-0.002400,0.000800,-0.003200,0.200000,1.809223,2571,120.850000,24.770000,38,116
8.910010,1782129034932.199707,1782129034930.301514,1782129034929.846436,1782129034930.305420,-0.015000,0.030000,0.000000,0.033541,-0.006800,0.000800,-0.003600,0.300000,1.857815,2742,121.090000,24.800000,38,0
8.920011,1782129034940.199707,1782129034940.294922,1782129034939.844238,1782129034940.298340,0.045000,0.075000,0.000000,0.087464,-0.006800,-0.000400,-0.001600,0.300000,1.907434,2742,121.090000,24.800000,38,41
8.930015,1782129034952.199707,1782129034950.298584,1782129034949.846191,1782129034950.301758,0.000000,0.015000,0.030000,0.033541,-0.005200,-0.000800,-0.002000,0.300000,1.958077,2742,121.090000,24.800000,38,120
8.940012,1782129034960.199707,1782129034960.304932,1782129034959.844727,1782129034960.308594,-0.015000,-0.075000,0.030000,0.082158,0.000400,-0.002400,-0.006000,0.300000,2.009676,2742,121.090000,24.800000,38,228
8.950011,1782129034972.199707,1782129034970.298828,1782129034959.844727,1782129034960.308594,-0.015000,-0.075000,0.030000,0.082158,0.000400,-0.002400,-0.006000,0.300000,2.062267,2942,121.130000,24.810000,38,0
8.960010,1782129034985.199463,1782129034980.297119,1782129034979.846680,1782129034980.301758,-0.030000,-0.045000,0.000000,0.054083,0.004800,-0.003200,-0.006800,0.300000,2.115816,2942,121.130000,24.810000,38,163
8.970012,1782129034985.199463,1782129034980.297119,1782129034989.847168,1782129034990.294922,-0.090000,-0.030000,0.030000,0.099499,-0.001200,-0.002000,-0.009600,0.300000,2.170325,2942,121.130000,24.810000,38,163
8.980051,1782129034996.199707,1782129035000.303467,1782129034999.846680,1782129035000.308594,0.000000,0.000000,0.030000,0.030000,-0.002400,0.000400,-0.004400,0.300000,2.225971,3042,121.130000,24.830000,38,73
8.990011,1782129035008.199707,1782129035010.333252,1782129035009.846436,1782129035010.336670,-0.015000,-0.045000,0.030000,0.056125,-0.000800,0.001600,-0.004800,0.300000,2.282091,3042,121.130000,24.830000,38,155
9.000012,1782129035020.199707,1782129035020.369385,1782129035019.845703,1782129035020.374268,0.015000,-0.015000,0.000000,0.021213,0.004000,0.001600,-0.006400,0.300000,2.339334,3157,121.090000,24.830000,39,163
9.010017,1782129035028.199707,1782129035030.349121,1782129035029.847168,1782129035030.353760,0.015000,0.000000,0.000000,0.015000,-0.002800,0.002000,-0.001600,0.300000,2.397477,3157,121.090000,24.830000,39,253
9.020013,1782129035040.199707,1782129035040.351807,1782129035039.853516,1782129035040.363770,0.000000,0.000000,0.000000,0.000000,-0.002800,0.001200,-0.003600,0.300000,2.456431,3257,121.170000,24.800000,38,219
9.030015,1782129035052.199707,1782129035050.312744,1782129035049.849854,1782129035050.318604,0.015000,0.015000,0.000000,0.021213,-0.004000,-0.000400,-0.004400,0.300000,2.516262,3257,121.170000,24.800000,38,142
9.040010,1782129035060.199707,1782129035060.337402,1782129035049.849854,1782129035050.318604,0.015000,0.015000,0.000000,0.021213,-0.004000,-0.000400,-0.004400,0.300000,2.576881,3257,121.170000,24.800000,38,134
9.050011,1782129035072.199707,1782129035070.296631,1782129035069.848389,1782129035070.303223,0.000000,-0.015000,0.000000,0.015000,-0.000400,0.000800,-0.006400,0.300000,2.638338,3257,121.170000,24.800000,38,246
9.060051,1782129035085.199463,1782129035080.297852,1782129035079.847168,1782129035080.302490,0.015000,0.000000,0.000000,0.015000,-0.005200,0.000400,-0.006000,0.300000,2.700830,3257,121.170000,24.800000,38,156
9.070010,1782129035096.199707,1782129035090.333008,1782129035089.844971,1782129035090.336182,0.000000,-0.015000,0.000000,0.015000,0.000400,0.000400,-0.005200,0.300000,2.763586,3557,120.850000,24.830000,38,72
9.080014,1782129035105.199463,1782129035100.296143,1782129035099.845947,1782129035100.292725,0.015000,-0.015000,0.000000,0.021213,0.000000,-0.001200,-0.006000,0.300000,2.827381,3557,120.850000,24.830000,38,244
9.090051,1782129035105.199463,1782129035100.296143,1782129035109.844727,1782129035110.297363,0.000000,-0.030000,0.000000,0.030000,0.002400,0.000800,-0.006000,0.300000,2.892118,3557,120.850000,24.830000,38,244
9.100012,1782129035116.199707,1782129035120.334229,1782129035119.845947,1782129035120.337402,0.030000,0.015000,0.000000,0.033541,0.000800,-0.000400,-0.008000,0.300000,2.957080,3685,120.930000,24.820000,38,250
9.110051,1782129035128.199707,1782129035130.304199,1782129035129.846191,1782129035130.308105,0.030000,0.000000,-0.060000,0.067082,0.000000,0.002000,-0.005200,0.400000,3.023254,3685,120.930000,24.820000,38,141
9.120012,1782129035140.199707,1782129035140.334961,1782129035139.848633,1782129035140.338623,0.030000,-0.045000,-0.030000,0.061847,0.002400,0.001200,-0.005200,0.400000,3.089580,3814,121.130000,24.830000,38,147
9.130012,1782129035148.199707,1782129035150.300293,1782129035139.848633,1782129035140.338623,0.030000,-0.045000,-0.030000,0.061847,0.002400,0.001200,-0.005200,0.400000,3.156824,3814,121.130000,24.830000,38,224
9.140011,1782129035160.199707,1782129035160.309570,1782129035159.845703,1782129035160.317627,0.030000,-0.045000,-0.030000,0.061847,0.002000,0.000800,-0.004800,0.400000,3.224704,3814,121.130000,24.830000,38,62
9.150012,1782129035168.199707,1782129035170.298828,1782129035169.846436,1782129035170.303467,0.000000,-0.015000,0.030000,0.033541,0.002000,0.002800,-0.005200,0.400000,3.293207,3814,121.130000,24.830000,38,128
9.160021,1782129035180.199707,1782129035180.299561,1782129035179.844727,1782129035180.303955,0.015000,0.015000,-0.030000,0.036742,-0.000400,0.000400,-0.002800,0.400000,3.362375,3814,121.130000,24.830000,38,40
9.170053,1782129035192.199707,1782129035190.404053,1782129035189.847168,1782129035190.419189,-0.015000,-0.015000,0.060000,0.063640,-0.005600,0.000400,-0.008400,0.400000,3.432275,4171,120.770000,24.830000,38,0
9.180011,1782129035205.199463,1782129035200.336670,1782129035199.845215,1782129035200.340332,-0.015000,-0.030000,0.060000,0.068739,-0.000800,0.000400,-0.010400,0.400000,3.502213,4171,120.770000,24.830000,38,86
9.190050,1782129035216.199707,1782129035210.293457,1782129035209.845215,1782129035210.297363,0.015000,-0.015000,0.000000,0.021213,0.000800,-0.002400,-0.001200,0.400000,3.573267,4328,120.970000,24.770000,38,55
9.200012,1782129035216.199707,1782129035210.293457,1782129035219.844482,1782129035220.331787,0.060000,-0.060000,0.000000,0.084853,0.003600,-0.002000,-0.009600,0.400000,3.644283,4328,120.970000,24.770000,38,55
9.210050,1782129035228.199707,1782129035230.294189,1782129035229.844482,1782129035230.303467,-0.015000,-0.105000,0.000000,0.106066,0.007600,0.001200,-0.007200,0.400000,3.716349,4328,120.970000,24.770000,38,73
9.220010,1782129035236.199707,1782129035240.331787,1782129035229.844482,1782129035230.303467,-0.015000,-0.105000,0.000000,0.106066,0.007600,0.001200,-0.007200,0.400000,3.788326,4328,120.970000,24.770000,38,60
9.230051,1782129035248.199707,1782129035250.293457,1782129035249.844971,1782129035250.297119,0.000000,-0.105000,0.030000,0.109202,0.006000,-0.000400,-0.008400,0.400000,3.861341,4328,120.970000,24.770000,38,202
9.240012,1782129035260.199707,1782129035260.332520,1782129035259.847412,1782129035260.336182,0.015000,-0.015000,0.000000,0.021213,0.002000,0.000000,-0.008000,0.400000,3.934218,4328,120.970000,24.770000,38,95
9.250051,1782129035268.199707,1782129035270.305908,1782129035269.846924,1782129035270.310791,0.030000,0.015000,0.000000,0.033541,-0.006400,0.002000,-0.005600,0.400000,4.008074,4328,120.970000,24.770000,38,14
9.260010,1782129035280.199707,1782129035280.334473,1782129035279.844238,1782129035280.337891,0.030000,0.000000,0.000000,0.030000,-0.003200,0.003600,-0.005600,0.400000,4.081735,4685,120.690000,24.740000,38,200
9.270011,1782129035292.199707,1782129035290.293457,1782129035289.843994,1782129035290.297119,0.045000,-0.030000,-0.030000,0.061847,0.000800,0.001200,-0.007200,0.400000,4.156082,4800,120.570000,24.640000,38,0
9.280011,1782129035300.199707,1782129035300.294434,1782129035299.843018,1782129035300.297607,0.045000,0.075000,0.030000,0.092466,-0.008000,-0.001600,-0.007200,0.400000,4.230764,4800,120.570000,24.640000,38,12
9.290013,1782129035312.199707,1782129035310.296387,1782129035309.843750,1782129035310.300049,0.015000,0.075000,0.000000,0.076485,-0.010400,-0.001200,0.000800,0.400000,4.305799,4800,120.570000,24.640000,38,61
9.300016,1782129035325.199463,1782129035320.312256,1782129035319.952148,1782129035320.306641,-0.030000,-0.030000,0.030000,0.051962,0.000400,-0.001200,-0.008800,0.400000,4.381153,4800,120.570000,24.640000,38,90
9.310010,1782129035325.199463,1782129035320.312256,1782129035319.952148,1782129035320.306641,-0.030000,-0.030000,0.030000,0.051962,0.000400,-0.001200,-0.008800,0.600000,4.456727,4800,120.570000,24.640000,38,90
9.320011,1782129035336.199707,1782129035340.295166,1782129035339.912842,1782129035340.299805,-0.015000,0.060000,0.030000,0.068739,-0.001600,-0.002800,-0.017200,0.600000,4.532614,5057,120.450000,24.730000,38,152
9.330012,1782129035348.199707,1782129035350.299561,1782129035349.907959,1782129035350.303955,-0.030000,-0.045000,-0.060000,0.080777,0.004000,-0.000400,-0.012000,0.600000,4.608754,5057,120.450000,24.730000,38,80
9.340011,1782129035356.199707,1782129035360.300049,1782129035359.847168,1782129035360.304443,0.030000,-0.015000,-0.030000,0.045000,0.003600,0.003200,-0.008400,0.600000,4.685102,5814,120.650000,24.740000,38,50
9.350011,1782129035368.199707,1782129035370.294189,1782129035369.902832,1782129035370.298096,0.060000,-0.120000,-0.030000,0.137477,0.003600,0.005600,-0.006800,0.600000,4.761660,5814,120.650000,24.740000,38,216
9.360013,1782129035376.199707,1782129035380.301270,1782129035379.911865,1782129035380.306152,0.015000,-0.165000,0.030000,0.168375,0.004800,0.006800,-0.010800,0.600000,4.838420,5814,120.650000,24.740000,38,32
9.370011,1782129035388.199707,1782129035390.304688,1782129035389.847656,1782129035390.310303,0.045000,-0.240000,0.030000,0.246018,0.012800,0.004400,0.000400,0.600000,4.915304,5814,120.650000,24.740000,38,11
9.380010,1782129035400.199707,1782129035400.298584,1782129035399.902832,1782129035400.302734,-0.030000,-0.330000,0.030000,0.332716,0.024000,0.001600,-0.005200,0.600000,4.992341,6271,120.810000,24.750000,38,48
9.390018,1782129035412.199707,1782129035410.296387,1782129035409.845703,1782129035410.300293,-0.015000,-0.405000,0.000000,0.405278,0.030800,0.000400,-0.004800,0.600000,5.069562,6414,120.650000,24.750000,38,0
9.400012,1782129035425.199463,1782129035420.379639,1782129035409.845703,1782129035410.300293,-0.015000,-0.405000,0.000000,0.405278,0.030800,0.000400,-0.004800,0.600000,5.146770,6414,120.650000,24.750000,38,115
9.410011,1782129035436.199707,1782129035430.314697,1782129035429.846680,1782129035430.322021,0.000000,-0.030000,0.030000,0.042426,0.005600,-0.001200,-0.001200,0.600000,5.224094,6542,120.570000,24.770000,38,33
9.420011,1782129035445.199463,1782129035440.306396,1782129035439.843506,1782129035440.301025,0.000000,0.045000,0.060000,0.075000,0.002800,0.000000,-0.005600,0.600000,5.301483,6542,120.570000,24.770000,38,63
9.430011,1782129035445.199463,1782129035440.306396,1782129035449.845215,1782129035450.305420,0.015000,0.105000,0.030000,0.110227,-0.004400,0.001200,-0.008800,0.600000,5.378903,6542,120.570000,24.770000,38,63
9.440017,1782129035456.199707,1782129035460.306885,1782129035459.843994,1782129035460.324463,0.015000,0.090000,0.030000,0.096047,-0.003200,0.001600,-0.010800,0.600000,5.456380,6542,120.570000,24.770000,38,143
9.450013,1782129035465.199463,1782129035470.361816,1782129035469.856689,1782129035470.375977,0.015000,0.060000,-0.030000,0.068739,-0.002000,0.001600,-0.007600,0.600000,5.533773,6542,120.570000,24.770000,38,110
9.460011,1782129035476.199707,1782129035480.303467,1782129035479.852539,1782129035480.308105,0.015000,0.000000,0.030000,0.033541,0.002400,0.002800,-0.010000,0.600000,5.611152,6800,120.810000,24.690000,38,158
9.470012,1782129035488.199707,1782129035490.297852,1782129035489.845215,1782129035490.301514,0.015000,-0.060000,-0.030000,0.068739,0.006800,0.003600,-0.010000,0.600000,5.688510,6800,120.810000,24.690000,38,147
9.480012,1782129035500.199707,1782129035500.304932,1782129035499.844238,1782129035500.309570,0.015000,-0.135000,0.000000,0.135831,0.008400,0.005600,-0.004800,0.600000,5.765777,6900,120.970000,24.720000,38,170
9.490014,1782129035508.199707,1782129035510.295410,1782129035499.844238,1782129035500.309570,0.015000,-0.135000,0.000000,0.135831,0.008400,0.005600,-0.004800,0.600000,5.842973,6900,120.970000,24.720000,38,174
9.500011,1782129035520.199707,1782129035520.302490,1782129035519.843750,1782129035520.306885,0.075000,-0.075000,0.030000,0.110227,0.007200,0.007200,-0.007200,0.600000,5.920011,6900,120.970000,24.720000,38,218
9.510012,1782129035532.199707,1782129035530.303467,1782129035529.844971,1782129035530.307617,0.045000,-0.225000,0.030000,0.231409,0.006400,0.006000,-0.007200,0.900000,5.996953,7214,120.850000,24.720000,38,0
9.520012,1782129035545.199463,1782129035540.297607,1782129035539.846680,1782129035540.301025,0.060000,-0.255000,0.000000,0.261964,0.008800,0.002000,-0.006400,0.900000,6.073725,7214,120.850000,24.720000,38,200
9.530011,1782129035556.199707,1782129035550.302490,1782129035549.845215,1782129035550.306885,-0.030000,-0.225000,-0.060000,0.234787,0.009200,-0.003600,-0.006400,0.900000,6.150317,7214,120.850000,24.720000,38,232
9.540011,1782129035565.199463,1782129035560.304199,1782129035559.847168,1782129035560.300049,-0.030000,-0.075000,0.000000,0.080777,0.004400,-0.006800,-0.005600,0.900000,6.226721,7214,120.850000,24.720000,38,156
9.550146,1782129035576.199707,1782129035570.295654,1782129035569.845947,1782129035570.299072,-0.015000,0.090000,-0.060000,0.109202,-0.005200,-0.005600,-0.006000,0.900000,6.303930,7471,120.570000,24.630000,38,195
9.560069,1782129035585.199463,1782129035580.492920,1782129035579.844727,1782129035580.481445,-0.015000,0.105000,-0.060000,0.121861,-0.004800,-0.000800,-0.005600,0.900000,6.379290,7471,120.570000,24.630000,38,84
9.570014,1782129035585.199463,1782129035580.492920,1782129035589.847412,1782129035590.353271,0.015000,-0.060000,0.000000,0.061847,0.006800,0.005200,-0.012000,0.900000,6.454565,7471,120.570000,24.630000,38,84
9.580014,1782129035596.199707,1782129035600.328369,1782129035589.847412,1782129035590.353271,0.015000,-0.060000,0.000000,0.061847,0.006800,0.005200,-0.012000,0.900000,6.529978,7585,120.850000,24.760000,38,21
9.590012,1782129035608.199707,1782129035610.325684,1782129035609.844971,1782129035610.333252,-0.030000,-0.270000,0.060000,0.278209,0.017600,0.001600,-0.011200,0.900000,6.605080,7585,120.850000,24.760000,38,220
9.600011,1782129035620.199707,1782129035620.298584,1782129035619.843994,1782129035620.302979,0.000000,-0.135000,0.000000,0.135000,0.006400,-0.000800,-0.009200,0.900000,6.679874,7757,120.970000,24.790000,38,205
9.610014,1782129035632.199707,1782129035630.300781,1782129035629.844238,1782129035630.304688,0.030000,0.195000,-0.060000,0.206216,-0.009600,0.000000,-0.005200,0.900000,6.754359,7871,120.970000,24.760000,38,0
9.620013,1782129035640.199707,1782129035640.329590,1782129035639.843750,1782129035640.338135,0.045000,0.180000,-0.060000,0.195000,-0.012800,0.005200,-0.003200,0.900000,6.828452,7871,120.970000,24.760000,38,13
9.630052,1782129035652.199707,1782129035650.309814,1782129035649.843994,1782129035650.315430,0.045000,-0.075000,0.000000,0.087464,-0.000400,0.007200,-0.004800,0.900000,6.902470,7871,120.970000,24.760000,38,217
9.640011,1782129035665.199463,1782129035660.335693,1782129035659.842773,1782129035660.339355,-0.015000,-0.195000,0.120000,0.229456,0.009600,-0.000800,-0.006400,0.900000,6.975496,7871,120.970000,24.760000,38,237
9.650051,1782129035672.199707,1782129035670.293213,1782129035669.843262,1782129035670.297119,-0.075000,-0.045000,0.030000,0.092466,0.002400,-0.009200,-0.008400,0.900000,7.048711,8114,121.330000,24.750000,38,0
9.660010,1782129035685.199463,1782129035680.334717,1782129035679.844482,1782129035680.338135,0.000000,0.135000,-0.060000,0.147733,-0.004000,-0.004800,-0.005600,0.900000,7.120894,8114,121.330000,24.750000,38,36
9.670051,1782129035685.199463,1782129035680.334717,1782129035679.844482,1782129035680.338135,0.000000,0.135000,-0.060000,0.147733,-0.004000,-0.004800,-0.005600,0.900000,7.193220,8114,121.330000,24.750000,38,36
9.680013,1782129035696.199707,1782129035700.336182,1782129035699.846680,1782129035700.340576,0.015000,-0.195000,0.030000,0.197864,0.010800,0.000000,-0.006800,0.900000,7.264502,8185,121.050000,24.690000,38,116
9.690012,1782129035708.199707,1782129035710.302246,1782129035709.843994,1782129035710.306885,-0.015000,-0.015000,0.060000,0.063640,0.002400,-0.006000,-0.005600,0.900000,7.335569,8185,121.050000,24.690000,38,141
9.700052,1782129035720.199707,1782129035720.299072,1782129035719.855957,1782129035720.303223,0.030000,0.120000,-0.030000,0.127279,-0.006000,0.001600,-0.008800,0.900000,7.406404,8185,121.050000,24.690000,38,198
9.710011,1782129035728.199707,1782129035730.343994,1782129035729.844971,1782129035730.347656,0.075000,-0.075000,-0.030000,0.110227,0.000400,0.008800,-0.003600,1.100000,7.476150,8185,121.050000,24.690000,38,119
9.720011,1782129035740.199707,1782129035740.295898,1782129035739.847900,1782129035740.300537,-0.045000,-0.105000,0.000000,0.114237,0.007600,-0.002400,0.004400,1.100000,7.545641,8185,121.050000,24.690000,38,97
9.730013,1782129035752.199707,1782129035750.297607,1782129035749.848389,1782129035750.301025,-0.030000,-0.015000,0.030000,0.045000,0.013200,-0.006400,-0.005600,1.100000,7.614582,8500,121.090000,24.780000,38,0
9.740012,1782129035765.199463,1782129035760.309814,1782129035759.846680,1782129035760.314941,0.030000,-0.045000,-0.090000,0.105000,0.010800,0.008000,0.002400,1.100000,7.682917,8500,121.090000,24.780000,38,180
9.750012,1782129035772.199707,1782129035770.295898,1782129035769.848389,1782129035770.299561,0.075000,-0.165000,0.000000,0.181246,0.002800,0.005200,-0.007200,1.100000,7.750660,8628,120.730000,24.750000,38,0
9.760022,1782129035785.199463,1782129035780.302979,1782129035769.848389,1782129035770.299561,0.075000,-0.165000,0.000000,0.181246,0.002800,0.005200,-0.007200,1.100000,7.817859,8628,120.730000,24.750000,38,230
9.770011,1782129035796.199707,1782129035790.390137,1782129035789.863525,1782129035790.409912,0.090000,-0.060000,-0.120000,0.161555,0.008000,0.014400,-0.011600,1.100000,7.884283,8728,120.690000,24.800000,38,184
9.780013,1782129035796.199707,1782129035790.390137,1782129035799.850586,1782129035800.300293,0.060000,-0.075000,0.030000,0.100623,0.000000,0.005200,-0.003600,1.100000,7.950146,8728,120.690000,24.800000,38,184
9.790012,1782129035805.199463,1782129035810.361084,1782129035809.846924,1782129035810.365967,0.030000,0.225000,0.030000,0.228965,-0.016000,0.000800,0.004800,1.100000,8.015322,8728,120.690000,24.800000,38,183
9.800051,1782129035816.199707,1782129035820.302490,1782129035819.846436,1782129035820.306885,-0.015000,0.030000,-0.030000,0.045000,-0.008000,0.003600,-0.004800,1.100000,8.080069,8771,120.570000,24.770000,38,71
9.810010,1782129035828.199707,1782129035830.340332,1782129035829.848633,1782129035830.343750,-0.075000,-0.075000,0.090000,0.139104,-0.002400,-0.014000,-0.018000,1.100000,8.143607,8771,120.570000,24.770000,38,107
9.820013,1782129035840.199707,1782129035840.292480,1782129035839.847656,1782129035840.296387,-0.045000,0.030000,0.060000,0.080777,0.000400,-0.006400,-0.014000,1.100000,8.206704,8914,120.570000,24.770000,38,1
9.830051,1782129035848.199707,1782129035850.298828,1782129035849.846191,1782129035850.302734,0.030000,-0.135000,-0.060000,0.150748,0.010000,0.000800,-0.013600,1.100000,8.269297,8914,120.570000,24.770000,38,99
9.840012,1782129035860.199707,1782129035860.333740,1782129035859.843506,1782129035860.337158,-0.015000,0.030000,0.090000,0.096047,0.000800,-0.004400,-0.010800,1.100000,8.330658,8914,120.570000,24.770000,38,238
9.850013,1782129035872.199707,1782129035870.301514,1782129035859.843506,1782129035860.337158,-0.015000,0.030000,0.090000,0.096047,0.000800,-0.004400,-0.010800,1.100000,8.391505,9500,120.570000,24.710000,38,0
9.860051,1782129035880.199707,1782129035880.295654,1782129035879.845947,1782129035880.299805,-0.015000,0.075000,0.150000,0.168375,-0.001200,-0.003600,-0.009600,1.100000,8.451797,9500,120.570000,24.710000,38,114
9.870010,1782129035892.199707,1782129035890.333984,1782129035889.843994,1782129035890.336914,0.060000,-0.090000,-0.210000,0.236220,0.003200,0.008400,-0.005200,1.100000,8.510823,9628,120.650000,24.730000,38,0
9.880012,1782129035905.199463,1782129035900.295166,1782129035899.844238,1782129035900.298584,0.000000,0.165000,0.210000,0.267067,-0.011200,-0.002000,-0.001600,1.100000,8.569299,9628,120.650000,24.730000,38,181
9.890017,1782129035916.199707,1782129035910.298828,1782129035909.844727,1782129035910.302979,0.105000,-0.060000,-0.210000,0.242332,-0.008400,0.010400,-0.005600,1.100000,8.626969,9728,120.530000,24.610000,38,176
9.900012,1782129035916.199707,1782129035910.298828,1782129035919.845947,1782129035920.309570,-0.090000,0.045000,0.270000,0.288141,-0.002800,-0.010000,-0.011200,1.100000,8.683740,9728,120.530000,24.610000,38,176
9.910015,1782129035928.199707,1782129035930.296143,1782129035929.847168,1782129035930.304443,0.045000,-0.180000,-0.240000,0.303356,0.013200,0.008000,-0.001600,1.100000,8.739712,9728,120.530000,24.610000,38,55
9.920011,1782129035936.199707,1782129035940.316650,1782129035939.849854,1782129035940.323486,-0.060000,-0.030000,0.180000,0.192094,0.008800,-0.007200,-0.004800,1.100000,8.794780,9928,120.450000,24.740000,38,85
9.930012,1782129035948.199707,1782129035950.298828,1782129035949.846680,1782129035950.303467,0.105000,-0.135000,-0.180000,0.248294,0.002400,0.014400,-0.008800,1.100000,8.848994,9928,120.450000,24.740000,38,26
9.940013,1782129035960.199707,1782129035960.294922,1782129035949.846680,1782129035950.303467,0.105000,-0.135000,-0.180000,0.248294,0.002400,0.014400,-0.008800,1.100000,8.902318,9885,120.240000,24.650000,38,9
9.950010,1782129035972.199707,1782129035970.300537,1782129035969.846436,1782129035970.305176,-0.015000,-0.015000,-0.300000,0.300749,-0.006000,-0.006400,-0.003600,1.100000,8.954720,9885,120.240000,24.650000,38,113
9.960016,1782129035980.199707,1782129035980.292969,1782129035979.843994,1782129035980.296143,0.090000,0.060000,0.300000,0.318904,-0.007600,0.013200,-0.004400,1.100000,9.006244,9885,120.240000,24.650000,38,248
9.970015,1782129035992.199707,1782129035990.332275,1782129035989.844971,1782129035990.342773,-0.015000,0.015000,-0.180000,0.181246,0.001200,-0.010000,-0.005600,1.100000,9.056806,9885,120.240000,24.650000,38,20
9.980010,1782129036005.199463,1782129036000.317383,1782129035999.843506,1782129036000.326172,0.090000,-0.075000,0.150000,0.190329,0.008000,0.013600,-0.004800,1.100000,9.106408,9885,120.240000,24.650000,38,11
9.990011,1782129036012.199707,1782129036010.293945,1782129036009.844727,1782129036010.297119,-0.045000,-0.015000,-0.180000,0.186145,0.004800,-0.010400,-0.007200,1.100000,9.155084,10100,120.650000,24.740000,38,0
10.000024,1782129036025.199463,1782129036020.367676,1782129036019.844727,1782129036020.364258,0.090000,-0.060000,0.120000,0.161555,0.002000,0.014000,-0.002400,1.100000,9.202826,10100,120.650000,24.740000,38,145
10.010012,1782129036025.199463,1782129036020.367676,1782129036029.853516,1782129036030.360840,-0.045000,0.060000,-0.030000,0.080777,-0.002400,-0.006800,-0.004800,1.100000,9.240108,10100,120.650000,24.740000,38,145
10.020013,1782129036036.199707,1782129036040.315430,1782129036039.853760,1782129036040.321045,0.030000,-0.090000,-0.030000,0.099499,0.000800,0.005600,-0.006400,1.100000,9.276334,10100,120.650000,24.740000,38,90
10.030013,1782129036048.199707,1782129036050.322998,1782129036039.853760,1782129036040.321045,0.030000,-0.090000,-0.030000,0.099499,0.000800,0.005600,-0.006400,1.100000,9.311440,10100,120.650000,24.740000,38,7
10.040013,1782129036056.199707,1782129036060.313477,1782129036059.847412,1782129036060.320312,-0.030000,0.045000,-0.210000,0.216852,-0.002000,-0.008400,-0.005200,1.100000,9.345422,10100,120.650000,24.740000,38,14
10.050014,1782129036068.199707,1782129036070.319336,1782129036069.844727,1782129036070.326416,0.060000,-0.135000,0.120000,0.190329,0.002000,0.005600,-0.004400,1.100000,9.378274,10100,120.650000,24.740000,38,110
10.060017,1782129036080.199707,1782129036080.320068,1782129036079.843994,1782129036080.327637,-0.015000,0.075000,-0.030000,0.082158,0.001200,0.002400,-0.002000,1.100000,9.409994,10357,120.450000,24.720000,38,59
10.070016,1782129036088.199707,1782129036090.313721,1782129036089.843262,1782129036090.319580,-0.060000,-0.060000,-0.120000,0.146969,0.000800,-0.007200,-0.004400,1.100000,9.440547,10357,120.450000,24.720000,38,88
10.080013,1782129036100.199707,1782129036100.332520,1782129036099.844482,1782129036100.342529,0.105000,-0.045000,0.240000,0.265801,0.000800,0.012800,-0.006400,1.100000,9.469941,10357,120.450000,24.720000,38,57
10.090013,1782129036112.199707,1782129036110.311768,1782129036109.843994,1782129036110.317627,-0.105000,0.060000,-0.210000,0.242332,-0.003600,-0.011600,-0.004000,1.100000,9.498178,10400,120.650000,24.760000,38,0
10.100014,1782129036125.199463,1782129036120.319336,1782129036119.845215,1782129036120.326660,0.060000,-0.075000,0.240000,0.258505,-0.001200,0.009600,-0.001600,1.100000,9.525245,10400,120.650000,24.760000,38,74
10.110013,1782129036136.199707,1782129036130.326172,1782129036129.843018,1782129036130.333496,-0.060000,0.090000,-0.090000,0.140712,-0.002400,-0.002800,-0.000800,1.300000,9.551125,10442,120.610000,24.690000,38,221
10.120012,1782129036145.199463,1782129036140.302979,1782129036129.843018,1782129036130.333496,-0.060000,0.090000,-0.090000,0.140712,-0.002400,-0.002800,-0.000800,1.300000,9.575820,10442,120.610000,24.690000,38,237
10.130013,1782129036145.199463,1782129036140.302979,1782129036149.844482,1782129036150.318359,0.030000,-0.105000,0.150000,0.185540,-0.002400,0.001600,0.000000,1.300000,9.599326,10442,120.610000,24.690000,38,237
10.140013,1782129036156.199707,1782129036160.301025,1782129036159.843994,1782129036160.305664,0.045000,0.075000,0.000000,0.087464,-0.003600,0.005600,-0.001600,1.300000,9.621632,10442,120.610000,24.690000,38,241
10.150012,1782129036168.199707,1782129036170.318604,1782129036169.845459,1782129036170.325439,-0.105000,0.015000,-0.090000,0.139104,-0.001200,-0.014800,-0.004000,1.300000,9.642729,10442,120.610000,24.690000,38,4
10.160016,1782129036176.199707,1782129036180.318115,1782129036179.844482,1782129036180.325439,0.045000,-0.060000,0.180000,0.195000,0.002000,0.011600,-0.005600,1.300000,9.662623,10442,120.610000,24.690000,38,226
10.170015,1782129036188.199707,1782129036190.310791,1782129036189.843994,1782129036190.316650,-0.045000,0.030000,-0.150000,0.159452,0.002000,-0.006800,-0.006000,1.300000,9.681294,10442,120.610000,24.690000,38,73
10.180011,1782129036200.199707,1782129036200.384521,1782129036199.843994,1782129036200.393311,0.045000,-0.090000,0.060000,0.117154,0.002000,0.000400,-0.003600,1.300000,9.698735,10571,120.650000,24.790000,38,199
10.190012,1782129036212.199707,1782129036210.302734,1782129036209.845459,1782129036210.307861,0.105000,0.015000,0.090000,0.139104,-0.000800,0.014400,-0.000800,1.300000,9.714962,10571,120.650000,24.790000,38,191
10.200013,1782129036220.199707,1782129036220.317627,1782129036219.844238,1782129036220.325195,-0.030000,0.015000,-0.060000,0.068739,-0.002000,-0.011600,-0.003200,1.300000,9.729956,10571,120.650000,24.790000,38,140
10.210013,1782129036232.199707,1782129036230.324463,1782129036219.844238,1782129036220.325195,-0.030000,0.015000,-0.060000,0.068739,-0.002000,-0.011600,-0.003200,1.300000,9.743712,10642,120.850000,24.730000,38,0
10.220013,1782129036245.199463,1782129036240.307617,1782129036239.843994,1782129036240.313965,0.090000,-0.075000,0.210000,0.240468,0.000000,0.014800,-0.002000,1.300000,9.756231,10642,120.850000,24.730000,38,253
10.230013,1782129036256.199707,1782129036250.317627,1782129036249.844482,1782129036250.324463,-0.015000,0.045000,-0.120000,0.129035,0.002800,-0.002800,-0.003200,1.300000,9.767507,10642,120.850000,24.730000,38,212
10.240013,1782129036256.199707,1782129036250.317627,1782129036259.844238,1782129036260.303955,0.015000,-0.135000,0.030000,0.139104,0.002800,-0.005600,-0.002400,1.300000,9.777537,10642,120.850000,24.730000,38,212
10.250019,1782129036268.199707,1782129036270.316895,1782129036269.843018,1782129036270.323730,0.135000,0.030000,0.090000,0.165000,0.000000,0.016000,-0.004000,1.300000,9.786324,10642,120.850000,24.730000,38,29
10.260013,1782129036276.199707,1782129036280.323730,1782129036279.843750,1782129036280.330078,-0.105000,0.075000,-0.150000,0.197864,-0.002000,-0.011200,-0.003600,1.300000,9.793849,10642,120.850000,24.730000,38,164
10.270013,1782129036288.199707,1782129036290.310791,1782129036289.843994,1782129036290.316650,0.060000,-0.090000,0.150000,0.184932,-0.001600,0.003600,-0.002000,1.300000,9.800125,10642,120.850000,24.730000,38,246
10.280012,1782129036300.199707,1782129036300.318604,1782129036299.843018,1782129036300.325928,0.045000,0.030000,-0.030000,0.061847,0.000400,0.007600,-0.001200,1.300000,9.805145,10671,120.570000,24.740000,38,92
10.290012,1782129036308.199707,1782129036310.309570,1782129036309.844971,1782129036310.315674,-0.090000,0.045000,-0.090000,0.135000,-0.000800,-0.015600,-0.001200,1.300000,9.808909,10671,120.570000,24.740000,38,58
10.300015,1782129036320.199707,1782129036320.310791,1782129036309.844971,1782129036310.315674,-0.090000,0.045000,-0.090000,0.135000,-0.000800,-0.015600,-0.001200,1.300000,9.811416,10728,120.530000,24.730000,38,47
10.310011,1782129036332.199707,1782129036330.331543,1782129036329.847412,1782129036330.337402,0.090000,-0.015000,0.150000,0.175570,-0.004400,0.012400,-0.004400,1.200000,9.812661,10700,120.690000,24.770000,38,0
10.320019,1782129036340.199707,1782129036340.299561,1782129036339.843506,1782129036340.303955,-0.060000,0.060000,-0.120000,0.146969,-0.000400,-0.004400,-0.005200,1.200000,9.812647,10700,120.690000,24.770000,38,199
10.330012,1782129036352.199707,1782129036350.325684,1782129036349.845703,1782129036350.332764,-0.030000,-0.075000,0.030000,0.086168,0.001200,-0.012400,-0.006400,1.200000,9.811372,10700,120.690000,24.770000,38,163
10.340013,1782129036365.199463,1782129036360.300293,1782129036359.843750,1782129036360.305420,0.120000,-0.075000,0.120000,0.185540,0.001600,0.015600,-0.004400,1.200000,9.808837,10700,120.690000,24.770000,38,113
10.350012,1782129036365.199463,1782129036360.300293,1782129036369.843262,1782129036370.319092,-0.015000,0.015000,-0.180000,0.181246,0.000800,-0.004400,-0.003600,1.200000,9.805041,10700,120.690000,24.770000,38,113
10.360017,1782129036385.199463,1782129036380.302246,1782129036379.847168,1782129036380.307129,0.000000,-0.045000,0.030000,0.054083,-0.002000,-0.005200,-0.002000,1.200000,9.799984,10828,120.690000,24.750000,38,87
10.370012,1782129036385.199463,1782129036380.302246,1782129036389.847900,1782129036390.312256,0.120000,-0.015000,0.090000,0.150748,-0.000400,0.018000,-0.001600,1.200000,9.793674,10828,120.690000,24.750000,38,87
10.380010,1782129036396.199707,1782129036400.303467,1782129036399.845459,1782129036400.308594,-0.075000,0.030000,-0.090000,0.120934,0.000400,-0.008400,-0.002000,1.200000,9.786104,10828,120.690000,24.750000,38,72
10.390012,1782129036408.199707,1782129036410.302246,1782129036399.845459,1782129036400.308594,-0.075000,0.030000,-0.090000,0.120934,0.000400,-0.008400,-0.002000,1.200000,9.777276,10828,120.690000,24.750000,38,129
10.400012,1782129036420.199707,1782129036420.315674,1782129036419.844971,1782129036420.322754,-0.030000,-0.090000,0.120000,0.152971,-0.002800,-0.005200,-0.001600,1.200000,9.767197,10828,120.690000,24.750000,38,2
10.410012,1782129036428.199707,1782129036430.323486,1782129036429.845215,1782129036430.329590,0.135000,0.000000,0.090000,0.162250,-0.001200,0.015600,-0.001600,1.200000,9.755865,10828,120.690000,24.750000,38,134
10.420019,1782129036440.199707,1782129036440.309814,1782129036439.843750,1782129036440.316650,-0.120000,0.030000,-0.120000,0.172337,0.002000,-0.010400,-0.000400,1.200000,9.743278,10842,120.240000,24.750000,38,42
10.430013,1782129036452.199707,1782129036450.326172,1782129036449.844727,1782129036450.333496,0.030000,-0.060000,0.120000,0.137477,0.000400,-0.002400,-0.001200,1.200000,9.729460,10842,120.240000,24.750000,38,166
10.440012,1782129036465.199463,1782129036460.307129,1782129036459.843506,1782129036460.312500,0.075000,0.015000,0.030000,0.082158,0.000400,0.015200,-0.002800,1.200000,9.714395,10842,120.240000,24.750000,38,81
10.450013,1782129036472.199707,1782129036470.316406,1782129036469.844238,1782129036470.322998,-0.120000,0.015000,-0.150000,0.192678,0.001600,-0.012800,-0.002800,1.200000,9.698087,10828,120.650000,24.740000,38,0
10.460012,1782129036485.199463,1782129036480.317139,1782129036479.843750,1782129036480.324219,0.060000,-0.105000,0.150000,0.192678,-0.000800,0.002400,-0.000800,1.200000,9.680550,10828,120.650000,24.740000,38,130
10.470012,1782129036496.199707,1782129036490.298584,1782129036489.843994,1782129036490.302979,0.105000,0.015000,-0.060000,0.121861,-0.000400,0.012400,-0.001200,1.200000,9.661778,10828,120.650000,24.740000,38,254
10.480016,1782129036496.199707,1782129036490.298584,1782129036489.843994,1782129036490.302979,0.105000,0.015000,-0.060000,0.121861,-0.000400,0.012400,-0.001200,1.200000,9.641775,10828,120.650000,24.740000,38,254
10.490015,1782129036505.199463,1782129036510.313965,1782129036509.844971,1782129036510.320312,-0.090000,0.045000,-0.060000,0.117154,-0.002400,-0.014000,-0.002000,1.200000,9.620562,10828,120.650000,24.740000,38,172
10.500014,1782129036516.199707,1782129036520.320068,1782129036519.844482,1782129036520.327393,0.075000,-0.075000,0.150000,0.183712,-0.001600,0.007200,0.000000,1.200000,9.598132,10828,120.650000,24.740000,38,73
10.510013,1782129036528.199707,1782129036530.326172,1782129036529.843994,1782129036530.332031,0.060000,0.030000,-0.030000,0.073485,0.001200,0.006400,-0.002800,1.200000,9.574496,10828,120.650000,24.740000,38,131
10.520011,1782129036540.199707,1782129036540.307373,1782129036539.845215,1782129036540.312988,-0.075000,-0.045000,-0.060000,0.106066,0.001600,-0.014000,-0.000400,1.200000,9.549656,10757,120.200000,24.730000,38,23
10.530013,1782129036548.199707,1782129036550.306885,1782129036549.846191,1782129036550.312744,0.105000,-0.075000,0.180000,0.221472,-0.001200,0.013200,-0.001600,1.200000,9.523613,10757,120.200000,24.730000,38,58
10.540011,1782129036554.405518,1782129036560.308594,1782129036559.844482,1782129036560.314453,0.015000,0.045000,-0.090000,0.101735,-0.000800,0.000000,-0.002400,1.200000,9.496388,10757,120.200000,24.730000,38,191
10.550012,1782129036566.405518,1782129036570.303223,1782129036569.845703,1782129036570.308105,-0.075000,-0.105000,0.000000,0.129035,-0.000400,-0.009200,-0.003600,1.200000,9.467972,10757,120.200000,24.730000,38,72
10.560019,1782129036574.405518,1782129036580.303711,1782129036579.847412,1782129036580.308105,0.135000,-0.060000,0.120000,0.190329,-0.000400,0.015600,-0.001200,1.200000,9.438363,10757,120.200000,24.730000,38,241
10.570012,1782129036586.405518,1782129036590.405273,1782129036579.847412,1782129036580.308105,0.135000,-0.060000,0.120000,0.190329,-0.000400,0.015600,-0.001200,1.200000,9.407628,10685,120.280000,24.760000,38,0
10.580016,1782129036599.405518,1782129036600.309570,1782129036599.850830,1782129036600.316895,-0.090000,0.060000,-0.090000,0.140712,0.000400,-0.010800,-0.002000,1.200000,9.375703,10685,120.280000,24.760000,38,199
10.590011,1782129036610.405518,1782129036610.304199,1782129036609.844971,1782129036610.309082,0.030000,-0.090000,0.090000,0.130767,0.001200,0.003600,-0.000400,1.200000,9.342650,10600,120.000000,24.760000,39,189
10.600012,1782129036610.405518,1782129036610.304199,1782129036619.843994,1782129036620.300537,0.060000,0.075000,0.000000,0.096047,-0.000800,0.008800,0.002000,1.200000,9.308440,10600,120.000000,24.760000,39,189
10.610011,1782129036622.405518,1782129036630.300781,1782129036629.844727,1782129036630.311279,-0.045000,0.015000,-0.030000,0.056125,-0.000400,-0.013200,-0.001200,1.200000,9.273101,10600,120.000000,24.760000,39,41
10.620013,1782129036630.405518,1782129036640.298340,1782129036639.844727,1782129036640.302246,0.105000,-0.045000,0.210000,0.239061,0.001600,0.012400,-0.001200,1.200000,9.236629,10614,120.120000,24.730000,38,123
10.630011,1782129036642.405518,1782129036650.310303,1782129036649.845703,1782129036650.316406,-0.045000,0.060000,-0.120000,0.141510,0.001600,-0.004000,-0.003200,1.200000,9.199054,10614,120.120000,24.730000,38,121
10.640014,1782129036654.405518,1782129036660.298828,1782129036659.844971,1782129036660.303223,-0.030000,-0.090000,0.030000,0.099499,0.002800,-0.002400,-0.002000,1.200000,9.160361,10614,120.120000,24.730000,38,24
10.650013,1782129036666.405518,1782129036670.312744,1782129036669.844727,1782129036670.319824,0.060000,-0.015000,0.090000,0.109202,0.000800,0.013600,-0.003200,1.200000,9.120586,10528,120.530000,24.710000,38,0
10.660012,1782129036674.405518,1782129036680.305664,1782129036669.844727,1782129036670.319824,0.060000,-0.015000,0.090000,0.109202,0.000800,0.013600,-0.003200,1.200000,9.079728,10528,120.530000,24.710000,38,7
10.670011,1782129036686.405518,1782129036690.303955,1782129036689.843750,1782129036690.309814,-0.060000,-0.060000,-0.090000,0.123693,-0.000800,-0.009600,-0.001200,1.200000,9.037800,10514,120.610000,24.780000,38,0
10.680012,1782129036699.405518,1782129036700.308105,1782129036699.843018,1782129036700.313965,0.105000,-0.045000,0.150000,0.188547,0.001200,0.014800,0.000400,1.200000,8.994806,10514,120.610000,24.780000,38,72
10.690013,1782129036706.405518,1782129036710.304199,1782129036709.843018,1782129036710.309326,-0.075000,0.045000,-0.150000,0.173638,0.003200,-0.008800,-0.002000,1.200000,8.950759,10400,120.570000,24.730000,38,0
10.700014,1782129036719.405518,1782129036720.327148,1782129036719.845459,1782129036720.319092,0.090000,-0.135000,0.090000,0.185540,0.002800,0.007200,0.000800,1.200000,8.905676,10400,120.570000,24.730000,38,243
10.710011,1782129036719.405518,1782129036720.327148,1782129036729.843262,1782129036730.306885,0.030000,0.090000,0.000000,0.094868,-0.001600,0.003600,-0.001600,1.100000,8.859588,10400,120.570000,24.730000,38,243
10.720014,1782129036730.405518,1782129036740.296143,1782129036739.844482,1782129036740.300537,-0.015000,-0.090000,-0.060000,0.109202,-0.002000,-0.006400,-0.000800,1.100000,8.812457,10400,120.570000,24.730000,38,124
10.730011,1782129036742.405518,1782129036750.306152,1782129036749.845703,1782129036750.311035,0.090000,-0.015000,0.210000,0.228965,-0.001200,0.011200,-0.000400,1.100000,8.764358,10400,120.570000,24.730000,38,67
10.740019,1782129036750.405518,1782129036760.298584,1782129036759.843506,1782129036760.302979,-0.045000,0.000000,-0.240000,0.244182,-0.002000,-0.013200,-0.002000,1.100000,8.715219,10285,120.650000,24.730000,38,174
10.750011,1782129036762.405518,1782129036770.313477,1782129036759.843506,1782129036760.302979,-0.045000,0.000000,-0.240000,0.244182,-0.002000,-0.013200,-0.002000,1.100000,8.665189,10285,120.650000,24.730000,38,69
10.760012,1782129036774.405518,1782129036780.296143,1782129036779.844482,1782129036780.300293,0.060000,0.045000,0.240000,0.251446,0.000000,0.009200,-0.000400,1.100000,8.614158,10228,120.650000,24.760000,38,140
10.770013,1782129036782.405518,1782129036790.302246,1782129036789.844482,1782129036790.306641,-0.045000,0.015000,-0.210000,0.215291,-0.001600,-0.012000,-0.002000,1.100000,8.562177,10228,120.650000,24.760000,38,165
10.780012,1782129036794.405518,1782129036800.298584,1782129036799.843506,1782129036800.302246,0.075000,-0.030000,0.240000,0.253229,-0.000800,0.011600,-0.000800,1.100000,8.509282,10114,120.650000,24.740000,38,45
10.790011,1782129036806.405518,1782129036810.294434,1782129036809.844238,1782129036810.297607,-0.060000,0.045000,-0.210000,0.222991,-0.004000,-0.010800,0.000800,1.100000,8.455465,10114,120.650000,24.740000,38,193
10.800011,1782129036819.405518,1782129036820.297607,1782129036819.844727,1782129036820.301270,0.060000,-0.090000,0.210000,0.236220,0.001600,0.010800,0.001200,1.100000,8.400753,10114,120.650000,24.740000,38,232
10.810012,1782129036830.405518,1782129036830.302979,1782129036829.906250,1782129036830.306396,-0.030000,0.060000,-0.060000,0.090000,-0.000800,-0.008800,0.000800,1.100000,8.345143,10042,120.610000,24.730000,38,99
10.820016,1782129036839.405518,1782129036840.310303,1782129036839.850342,1782129036840.305176,0.060000,-0.090000,0.030000,0.112250,0.001200,0.008400,-0.003600,1.100000,8.288650,10042,120.610000,24.730000,38,87
10.830011,1782129036839.405518,1782129036840.310303,1782129036849.846436,1782129036850.311279,-0.045000,0.045000,0.030000,0.070356,-0.001600,-0.005200,-0.000400,1.100000,8.231359,10042,120.610000,24.730000,38,87
10.840011,1782129036850.405518,1782129036860.309814,1782129036849.846436,1782129036850.311279,-0.045000,0.045000,0.030000,0.070356,-0.001600,-0.005200,-0.000400,1.100000,8.173196,10042,120.610000,24.730000,38,194
10.850013,1782129036862.405518,1782129036870.301025,1782129036869.844727,1782129036870.306885,0.015000,-0.045000,0.270000,0.274135,0.002400,0.008800,-0.000400,1.100000,8.114205,10042,120.610000,24.730000,38,84
10.860011,1782129036874.405518,1782129036880.302490,1782129036879.843750,1782129036880.307617,-0.015000,-0.045000,-0.210000,0.215291,0.006400,-0.006800,-0.008000,1.100000,8.054437,9828,120.450000,24.760000,38,229
10.870011,1782129036882.405518,1782129036890.298096,1782129036889.843750,1782129036890.302490,0.060000,-0.015000,0.270000,0.276993,0.005200,0.012000,-0.004800,1.100000,7.993863,9828,120.450000,24.760000,38,15
10.880017,1782129036894.405518,1782129036900.301514,1782129036899.843750,1782129036900.306396,0.015000,-0.045000,-0.240000,0.244643,-0.001200,-0.003200,-0.000800,1.100000,7.932491,9771,120.160000,24.760000,38,151
10.890011,1782129036906.405518,1782129036910.307861,1782129036909.843994,1782129036910.312988,0.060000,0.165000,0.270000,0.322064,-0.010800,0.009200,0.008000,1.100000,7.870433,9700,120.360000,24.730000,38,0
10.900015,1782129036914.405518,1782129036920.303711,1782129036919.843506,1782129036920.309082,-0.060000,-0.090000,-0.210000,0.236220,-0.000400,-0.008000,0.000800,1.100000,7.807583,9700,120.360000,24.730000,38,142
10.910012,1782129036926.405518,1782129036930.320801,1782129036929.843018,1782129036930.325928,-0.015000,0.075000,0.300000,0.309597,-0.000400,-0.000400,-0.005600,1.000000,7.744066,9600,120.400000,24.790000,38,0
10.920012,1782129036939.405518,1782129036940.306641,1782129036939.844971,1782129036940.312012,0.000000,-0.165000,-0.240000,0.291247,0.007200,-0.001600,-0.002800,1.000000,7.679826,9600,120.400000,24.790000,38,142
10.930011,1782129036950.405518,1782129036950.315186,1782129036939.844971,1782129036940.312012,0.000000,-0.165000,-0.240000,0.291247,0.007200,-0.001600,-0.002800,1.000000,7.614916,9471,120.360000,24.750000,38,47
10.940012,1782129036950.405518,1782129036950.315186,1782129036959.843262,1782129036960.303955,-0.045000,-0.105000,-0.090000,0.145430,0.001200,-0.008000,0.000000,1.000000,7.549331,9471,120.360000,24.750000,38,47
10.950012,1782129036959.405518,1782129036970.361084,1782129036969.844971,1782129036970.367432,-0.015000,0.075000,0.150000,0.168375,-0.000800,-0.001600,-0.004000,1.000000,7.483111,9471,120.360000,24.750000,38,186
10.960016,1782129036970.405518,1782129036980.307861,1782129036979.847900,1782129036980.313477,0.045000,-0.135000,-0.180000,0.229456,0.008400,0.005600,0.002000,1.000000,7.416243,9357,120.160000,24.700000,38,62
10.970012,1782129036982.405518,1782129036990.310059,1782129036989.851562,1782129036990.314453,-0.015000,0.135000,0.180000,0.225499,-0.002400,-0.004000,0.000000,1.000000,7.348822,9357,120.160000,24.700000,38,175
10.980017,1782129036990.405518,1782129037000.306885,1782129036999.848389,1782129037000.312500,0.120000,-0.045000,-0.240000,0.272075,-0.001600,0.014400,0.002400,1.000000,7.280764,9357,120.160000,24.700000,38,170
10.990012,1782129037002.405518,1782129037010.316406,1782129037009.844482,1782129037010.322998,-0.030000,-0.045000,0.180000,0.187949,-0.003200,-0.004400,0.004000,1.000000,7.212208,9357,120.160000,24.700000,38,189
11.000012,1782129037014.405518,1782129037020.375000,1782129037019.846680,1782129037020.380615,0.000000,0.090000,-0.120000,0.150000,-0.002400,0.002000,0.001600,1.000000,7.143068,9114,120.450000,24.750000,38,156
11.010018,1782129037026.405518,1782129037030.318604,1782129037029.847168,1782129037030.324219,-0.030000,-0.150000,0.030000,0.155885,0.008400,0.002000,0.000000,1.000000,7.073370,9014,120.490000,24.820000,38,0
11.020014,1782129037034.405518,1782129037040.328369,1782129037029.847168,1782129037030.324219,-0.030000,-0.150000,0.030000,0.155885,0.008400,0.002000,0.000000,1.000000,7.003234,9014,120.490000,24.820000,38,40
11.030016,1782129037046.405518,1782129037050.327393,1782129037049.852783,1782129037050.338135,0.060000,-0.030000,0.000000,0.067082,-0.000400,0.006000,-0.000800,1.000000,6.932582,8957,120.610000,24.820000,38,0
11.040012,1782129037059.405518,1782129037060.328369,1782129037059.852539,1782129037060.335205,-0.045000,-0.045000,0.060000,0.087464,0.000400,-0.008000,-0.001200,1.000000,6.861502,8957,120.610000,24.820000,38,74
11.050011,1782129037059.405518,1782129037060.328369,1782129037069.848389,1782129037070.307861,-0.015000,0.090000,-0.030000,0.096047,-0.005200,-0.001200,0.000800,1.000000,6.789964,8957,120.610000,24.820000,38,74
11.060013,1782129037070.405518,1782129037080.303467,1782129037079.847412,1782129037080.308838,0.000000,-0.105000,0.030000,0.109202,0.002400,0.005600,0.001600,1.000000,6.717993,8857,120.690000,24.770000,38,33
11.070013,1782129037079.405518,1782129037090.304443,1782129037089.844727,1782129037090.309570,0.000000,-0.075000,0.000000,0.075000,0.000800,-0.005600,0.001200,1.000000,6.645627,8857,120.690000,24.770000,38,76
11.080012,1782129037090.405518,1782129037100.320312,1782129037099.848389,1782129037100.327881,0.000000,0.090000,0.060000,0.108167,0.000800,0.000800,0.008400,1.000000,6.572899,8757,120.730000,24.760000,38,97
11.090013,1782129037102.405518,1782129037110.300781,1782129037109.843262,1782129037110.305420,0.030000,-0.210000,-0.090000,0.230434,0.021600,0.006400,0.002800,1.000000,6.499802,8757,120.730000,24.760000,38,188
11.100012,1782129037114.405518,1782129037120.305420,1782129037119.844971,1782129037120.310547,0.015000,-0.210000,0.030000,0.212662,0.014800,-0.002000,0.000800,1.000000,6.426385,8628,120.810000,24.760000,38,227
11.110013,1782129037122.405518,1782129037130.308838,1782129037119.844971,1782129037120.310547,0.015000,-0.210000,0.030000,0.212662,0.014800,-0.002000,0.000800,0.800000,6.352638,8628,120.810000,24.760000,38,7
11.120012,1782129037134.405518,1782129037140.308838,1782129037139.844482,1782129037140.314697,0.045000,-0.165000,-0.030000,0.173638,0.010000,0.005200,0.001200,0.800000,6.278624,8571,120.490000,24.790000,38,103
11.130012,1782129037146.405518,1782129037150.310059,1782129037149.845459,1782129037150.316162,0.015000,-0.060000,0.030000,0.068739,0.000800,0.000800,0.004000,0.800000,6.204337,8571,120.490000,24.790000,38,124
11.140015,1782129037159.405518,1782129037160.300293,1782129037159.852051,1782129037160.304932,0.030000,0.120000,0.030000,0.127279,-0.012800,0.004000,0.002800,0.800000,6.129777,8571,120.490000,24.790000,38,147
11.150018,1782129037170.405518,1782129037170.304443,1782129037169.844971,1782129037170.309082,0.120000,0.015000,-0.090000,0.150748,-0.004800,0.011200,0.000400,0.800000,6.055000,8285,120.650000,24.800000,38,214
11.160023,1782129037179.405518,1782129037180.340576,1782129037179.845459,1782129037180.332764,0.045000,-0.165000,0.030000,0.173638,0.010000,0.004800,-0.000400,0.800000,5.980009,8285,120.650000,24.800000,38,236
11.170016,1782129037190.405518,1782129037190.311768,1782129037189.843750,1782129037190.316406,-0.015000,-0.045000,0.060000,0.076485,0.006800,-0.004800,-0.002000,0.800000,5.904933,8285,120.650000,24.800000,38,163
11.180015,1782129037190.405518,1782129037190.311768,1782129037199.844971,1782129037200.313232,0.000000,0.135000,-0.030000,0.138293,-0.003600,-0.002400,0.000800,0.800000,5.829658,8285,120.650000,24.800000,38,163
11.190085,1782129037202.405518,1782129037210.307861,1782129037209.842773,1782129037210.312744,0.000000,0.000000,-0.060000,0.060000,-0.002000,0.005600,-0.001200,0.800000,5.753717,8285,120.650000,24.800000,38,150
11.200018,1782129037210.405518,1782129037220.412842,1782129037209.842773,1782129037210.312744,0.000000,0.000000,-0.060000,0.060000,-0.002000,0.005600,-0.001200,0.800000,5.678698,8000,120.730000,24.820000,38,232
11.210019,1782129037222.405518,1782129037230.338623,1782129037229.845459,1782129037230.345215,0.000000,-0.150000,0.060000,0.161555,0.004000,-0.000400,0.000800,0.800000,5.603086,32942,458.710000,99.930000,-12,174
11.220071,1782129037234.405518,1782129037240.331787,1782129037239.843018,1782129037240.339355,-0.045000,0.120000,-0.030000,0.131624,-0.008800,-0.003600,0.000800,0.800000,5.527021,7900,120.730000,24.830000,38,143
11.230017,1782129037242.405518,1782129037250.385254,1782129037249.844727,1782129037250.394531,0.015000,0.195000,-0.060000,0.204573,-0.012400,-0.000800,0.001200,0.800000,5.451728,7900,120.730000,24.830000,38,125
11.240019,1782129037254.405518,1782129037260.329346,1782129037259.843506,1782129037260.337402,0.000000,0.030000,0.030000,0.042426,-0.001200,0.003600,-0.000800,0.800000,5.375991,7900,120.730000,24.830000,38,178
11.250018,1782129037266.405518,1782129037270.332031,1782129037269.843750,1782129037270.339844,0.000000,-0.165000,0.090000,0.187949,0.010800,0.003200,0.006400,0.800000,5.300292,7642,120.650000,24.740000,38,0
11.260017,1782129037279.405518,1782129037280.315674,1782129037279.843262,1782129037280.321533,0.030000,-0.195000,0.060000,0.206216,0.010400,0.000400,0.004400,0.800000,5.224620,7642,120.650000,24.740000,38,138
11.270016,1782129037286.405518,1782129037290.304688,1782129037289.843994,1782129037290.309570,0.030000,-0.060000,0.000000,0.067082,0.001200,-0.003600,-0.002000,0.800000,5.149003,7642,120.650000,24.740000,38,88
11.280072,1782129037299.405518,1782129037300.319336,1782129037299.844482,1782129037300.326172,-0.015000,0.105000,-0.060000,0.121861,-0.008400,-0.004000,0.000000,0.800000,5.073034,7642,120.650000,24.740000,38,207
11.290088,1782129037299.405518,1782129037300.319336,1782129037299.844482,1782129037300.326172,-0.015000,0.105000,-0.060000,0.121861,-0.008400,-0.004000,0.000000,0.800000,4.997471,7642,120.650000,24.740000,38,207
11.300113,1782129037310.405518,1782129037320.417480,1782129037319.843262,1782129037320.427734,0.000000,0.210000,-0.030000,0.212132,-0.009600,-0.001600,0.001200,0.800000,4.921966,7642,120.650000,24.740000,38,3
11.310017,1782129037322.405518,1782129037330.420410,1782129037329.844971,1782129037330.433350,-0.015000,0.120000,0.030000,0.124599,-0.006000,0.002400,0.014400,0.800000,4.847517,7642,120.650000,24.740000,38,236
11.320012,1782129037330.405518,1782129037340.306152,1782129037339.843018,1782129037340.310791,0.030000,0.015000,0.120000,0.124599,-0.000800,0.004000,0.006400,0.800000,4.772559,7214,120.770000,24.740000,38,138
11.330012,1782129037342.405518,1782129037350.304199,1782129037349.842529,1782129037350.308838,0.015000,-0.075000,0.060000,0.097211,0.002800,0.005200,0.002800,0.800000,4.697761,7214,120.770000,24.740000,38,139
11.340011,1782129037354.405518,1782129037360.361572,1782129037359.843262,1782129037360.366943,0.030000,-0.120000,0.060000,0.137477,0.005600,0.005200,0.008000,0.800000,4.623189,7214,120.770000,24.740000,38,252
11.350014,1782129037366.405518,1782129037370.305420,1782129037369.843994,1782129037370.310791,0.030000,-0.195000,0.030000,0.199562,0.013600,0.002400,0.003600,0.800000,4.548832,6571,120.530000,24.790000,38,0
11.360012,1782129037374.405518,1782129037380.306641,1782129037379.843994,1782129037380.311768,0.015000,-0.255000,0.000000,0.255441,0.019600,0.000800,0.003200,0.800000,4.474782,6571,120.530000,24.790000,38,158
11.370013,1782129037386.405518,1782129037390.298828,1782129037389.843018,1782129037390.302734,-0.030000,-0.330000,0.000000,0.331361,0.020400,0.001600,-0.000800,0.800000,4.400992,6428,120.730000,24.800000,38,0
11.380010,1782129037399.405518,1782129037400.302002,1782129037389.843018,1782129037390.302734,-0.030000,-0.330000,0.000000,0.331361,0.020400,0.001600,-0.000800,0.800000,4.327546,6428,120.730000,24.800000,38,43
11.390022,1782129037410.405518,1782129037410.296631,1782129037409.842529,1782129037410.302246,-0.015000,0.120000,0.030000,0.124599,-0.006400,-0.002800,0.003600,0.800000,4.254335,6428,120.730000,24.800000,38,239
11.400017,1782129037419.405518,1782129037420.343262,1782129037419.843994,1782129037420.333252,-0.030000,0.180000,0.060000,0.192094,-0.010000,-0.003600,0.000800,0.800000,4.181602,6428,120.730000,24.800000,38,161
11.410016,1782129037419.405518,1782129037420.343262,1782129037429.845215,1782129037430.320068,0.000000,0.210000,0.000000,0.210000,-0.012400,-0.001600,-0.002000,0.800000,4.109224,6428,120.730000,24.800000,38,161
11.420015,1782129037430.405518,1782129037440.302490,1782129037439.808838,1782129037440.307129,0.015000,0.255000,-0.030000,0.257196,-0.018400,0.000800,0.005200,0.800000,4.037247,6157,120.360000,24.790000,38,215
11.430020,1782129037442.405518,1782129037450.309814,1782129037449.845703,1782129037450.315186,0.015000,0.330000,0.000000,0.330341,-0.020800,0.001600,0.006800,0.800000,3.965665,6157,120.360000,24.790000,38,237
11.440018,1782129037450.405518,1782129037460.305420,1782129037459.843994,1782129037460.309082,0.075000,0.315000,0.000000,0.323805,-0.022400,0.002000,0.002400,0.800000,3.894582,6157,120.360000,24.790000,38,252
11.450021,1782129037462.405518,1782129037470.345459,1782129037469.856201,1782129037470.354004,-0.015000,0.285000,-0.030000,0.286967,-0.024400,0.001600,0.000000,0.800000,3.823936,6157,120.360000,24.790000,38,197
11.460015,1782129037474.405518,1782129037480.332520,1782129037479.845703,1782129037480.339355,0.030000,0.165000,-0.060000,0.178115,-0.016400,0.001200,0.002000,0.800000,3.753848,6157,120.360000,24.790000,38,117
11.470016,1782129037486.405518,1782129037490.300293,1782129037479.845703,1782129037480.339355,0.030000,0.165000,-0.060000,0.178115,-0.016400,0.001200,0.002000,0.800000,3.684240,5728,120.360000,24.790000,39,0
11.480015,1782129037494.405518,1782129037500.324707,1782129037499.846924,1782129037500.332275,-0.045000,-0.105000,0.030000,0.118110,0.000000,-0.001200,0.000800,0.800000,3.615187,5728,120.360000,24.790000,39,219
11.490099,1782129037506.405518,1782129037510.306885,1782129037509.845703,1782129037510.311768,-0.075000,0.015000,0.060000,0.097211,-0.004400,-0.004000,0.001200,0.800000,3.546113,5585,120.610000,24.800000,38,0
11.500024,1782129037519.405518,1782129037520.413574,1782129037519.844727,1782129037520.422363,-0.030000,0.075000,0.060000,0.100623,-0.002800,-0.003200,0.007600,0.800000,3.478716,5585,120.610000,24.800000,38,184
11.510018,1782129037530.405518,1782129037530.331543,1782129037529.970947,1782129037530.337158,-0.045000,-0.045000,0.090000,0.110227,0.004800,-0.001200,0.006400,0.400000,3.411460,5428,120.890000,24.730000,38,35
11.520015,1782129037530.405518,1782129037530.331543,1782129037539.901611,1782129037540.309082,-0.015000,-0.090000,-0.030000,0.096047,0.004800,0.000400,-0.001200,0.400000,3.344811,5428,120.890000,24.730000,38,35
11.530064,1782129037539.405518,1782129037550.310791,1782129037549.908936,1782129037550.316162,0.030000,-0.090000,0.000000,0.094868,0.000000,0.001600,-0.002000,0.400000,3.278472,5428,120.890000,24.730000,38,15
11.540018,1782129037550.405518,1782129037560.378906,1782129037559.916504,1782129037560.388672,-0.030000,0.015000,0.030000,0.045000,-0.004800,0.000800,0.001600,0.400000,3.213434,5271,120.770000,24.740000,38,119
11.550022,1782129037562.405518,1782129037570.329834,1782129037569.904053,1782129037570.337402,0.015000,0.045000,0.030000,0.056125,-0.005200,0.001200,0.004000,0.400000,3.148766,5271,120.770000,24.740000,38,194
11.560019,1782129037574.405518,1782129037580.336182,1782129037569.904053,1782129037570.337402,0.015000,0.045000,0.030000,0.056125,-0.005200,0.001200,0.004000,0.400000,3.084863,5100,120.400000,24.780000,38,246
11.570014,1782129037582.405518,1782129037590.310791,1782129037589.928223,1782129037590.318359,-0.015000,0.000000,0.060000,0.061847,-0.000400,-0.001200,0.007600,0.400000,3.021704,5100,120.400000,24.780000,38,240
11.580015,1782129037594.405518,1782129037600.324707,1782129037599.848389,1782129037600.333008,-0.030000,-0.015000,0.000000,0.033541,0.003600,-0.001200,-0.002400,0.400000,2.959271,4971,120.280000,24.750000,39,17
11.590073,1782129037606.405518,1782129037610.314453,1782129037609.847900,1782129037610.320312,-0.015000,-0.045000,0.000000,0.047434,0.000800,0.000400,0.001600,0.400000,2.897269,4814,120.280000,24.710000,38,0
11.600018,1782129037614.405518,1782129037620.388184,1782129037619.847168,1782129037620.397217,0.015000,-0.015000,0.090000,0.092466,-0.007200,0.000800,0.001200,0.400000,2.836763,4814,120.280000,24.710000,38,199
11.610089,1782129037626.405518,1782129037630.338135,1782129037629.847168,1782129037630.345215,0.000000,0.060000,0.030000,0.067082,-0.007600,-0.000400,0.003200,0.400000,2.776311,4714,120.160000,24.740000,38,0
11.620023,1782129037639.405518,1782129037640.402832,1782129037639.897461,1782129037640.412842,0.000000,-0.015000,0.000000,0.015000,0.002800,0.000400,0.000800,0.400000,2.717523,4714,120.160000,24.740000,38,59
11.630017,1782129037650.405518,1782129037650.348145,1782129037649.845703,1782129037650.358154,-0.015000,-0.075000,0.000000,0.076485,0.008800,0.000400,0.000400,0.400000,2.659233,4714,120.160000,24.740000,38,154
11.640016,1782129037650.405518,1782129037650.348145,1782129037659.908203,1782129037660.328857,0.015000,-0.015000,0.030000,0.036742,-0.001200,0.000400,-0.002000,0.400000,2.601799,4714,120.160000,24.740000,38,154
11.650017,1782129037659.405518,1782129037670.303711,1782129037659.908203,1782129037660.328857,0.015000,-0.015000,0.030000,0.036742,-0.001200,0.000400,-0.002000,0.400000,2.545243,4714,120.160000,24.740000,38,191
11.660015,1782129037670.405518,1782129037680.302734,1782129037679.847412,1782129037680.307617,0.015000,0.045000,0.030000,0.056125,-0.003200,-0.000400,-0.000800,0.400000,2.489630,4457,120.200000,24.810000,38,37
11.670027,1782129037682.405518,1782129037690.297363,1782129037689.846924,1782129037690.300781,-0.015000,0.030000,0.090000,0.096047,-0.007600,0.003200,0.000400,0.400000,2.434876,4457,120.200000,24.810000,38,103
11.680011,1782129037690.405518,1782129037700.339355,1782129037699.846436,1782129037700.348633,-0.015000,0.000000,0.060000,0.061847,-0.004400,0.001600,0.004000,0.400000,2.381229,4328,120.360000,24.800000,38,1
11.690014,1782129037702.405518,1782129037710.302490,1782129037709.845703,1782129037710.306641,-0.015000,0.000000,0.000000,0.015000,-0.003200,-0.000400,0.002000,0.400000,2.328456,4328,120.360000,24.800000,38,136
11.700012,1782129037714.405518,1782129037720.303223,1782129037719.845459,1782129037720.307373,0.030000,0.000000,0.030000,0.042426,0.002400,0.000000,0.004000,0.400000,2.276699,4328,120.360000,24.800000,38,169
11.710013,1782129037726.405518,1782129037730.304199,1782129037729.846191,1782129037730.307617,0.000000,-0.015000,0.000000,0.015000,0.003600,-0.001600,0.000800,0.400000,2.225935,4100,120.610000,24.840000,38,0
11.720011,1782129037734.405518,1782129037740.307617,1782129037739.846680,1782129037740.313232,-0.015000,0.000000,0.000000,0.015000,-0.002400,0.000000,-0.002800,0.400000,2.176212,4100,120.610000,24.840000,38,150
11.730012,1782129037746.405518,1782129037750.296143,1782129037749.846191,1782129037750.300537,0.015000,-0.015000,0.000000,0.021213,-0.000400,0.000800,-0.001200,0.400000,2.127520,3957,120.850000,24.830000,38,0
11.740017,1782129037746.405518,1782129037750.296143,1782129037749.846191,1782129037750.300537,0.015000,-0.015000,0.000000,0.021213,-0.000400,0.000800,-0.001200,0.400000,2.079871,3957,120.850000,24.830000,38,0
11.750012,1782129037759.405518,1782129037770.305420,1782129037769.846191,1782129037770.311035,0.045000,-0.030000,0.030000,0.061847,-0.000800,-0.001200,-0.003200,0.400000,2.033341,3957,120.850000,24.830000,38,114
11.760016,1782129037770.405518,1782129037780.304932,1782129037779.845215,1782129037780.309814,0.000000,-0.045000,0.000000,0.045000,0.000800,0.000400,-0.002400,0.400000,1.987864,3828,121.010000,24.840000,38,91
11.770012,1782129037782.405518,1782129037790.310059,1782129037789.845215,1782129037790.315430,-0.015000,-0.030000,-0.030000,0.045000,0.005200,0.001200,0.001600,0.400000,1.943532,3828,121.010000,24.840000,38,114
11.780012,1782129037790.405518,1782129037800.305664,1782129037799.847168,1782129037800.311279,0.060000,0.060000,-0.030000,0.090000,-0.001200,0.002800,0.004800,0.400000,1.900303,3728,121.290000,24.810000,38,28
11.790012,1782129037802.405518,1782129037810.307129,1782129037809.848389,1782129037810.312988,0.060000,0.045000,0.030000,0.080777,-0.004000,0.002800,0.002400,0.400000,1.858218,3728,121.290000,24.810000,38,111
11.800014,1782129037814.405518,1782129037820.306396,1782129037819.847168,1782129037820.311279,0.015000,0.030000,0.000000,0.033541,-0.006000,0.000400,-0.001200,0.400000,1.817274,3600,120.930000,24.820000,38,67
11.810011,1782129037822.405518,1782129037830.332275,1782129037829.846680,1782129037830.339600,-0.015000,-0.030000,0.000000,0.033541,0.002000,-0.000400,-0.000400,0.400000,1.777516,3600,120.930000,24.820000,38,251
11.820013,1782129037834.405518,1782129037840.301270,1782129037839.846680,1782129037840.306396,0.000000,-0.030000,0.030000,0.042426,0.004000,-0.002000,-0.004800,0.400000,1.738923,3485,120.730000,24.770000,38,63
11.830012,1782129037846.405518,1782129037850.301270,1782129037839.846680,1782129037840.306396,0.000000,-0.030000,0.030000,0.042426,0.004000,-0.002000,-0.004800,0.400000,1.701534,3485,120.730000,24.770000,38,98
11.840012,1782129037859.405518,1782129037860.301270,1782129037859.847168,1782129037860.307129,-0.030000,-0.045000,0.060000,0.080777,0.002000,-0.002000,-0.004000,0.400000,1.665352,3485,120.730000,24.770000,38,117
11.850012,1782129037870.405518,1782129037870.303955,1782129037869.846191,1782129037870.308838,-0.030000,-0.060000,0.000000,0.067082,0.006000,-0.002800,-0.003200,0.400000,1.630388,3400,120.970000,24.810000,38,231
11.860017,1782129037870.405518,1782129037870.303955,1782129037879.906738,1782129037880.296875,0.015000,-0.060000,-0.030000,0.068739,0.006400,0.000800,-0.002800,0.400000,1.596639,3400,120.970000,24.810000,38,231
11.870011,1782129037879.405518,1782129037890.317627,1782129037889.850098,1782129037890.323975,0.000000,-0.015000,0.030000,0.033541,-0.000400,0.002800,-0.002000,0.400000,1.564175,3400,120.970000,24.810000,38,152
11.880015,1782129037890.405518,1782129037900.297363,1782129037899.846680,1782129037900.302002,0.060000,-0.015000,0.000000,0.061847,-0.002400,0.005200,0.000400,0.400000,1.532933,3342,121.170000,24.810000,39,198
11.890012,1782129037902.405518,1782129037910.297852,1782129037909.848389,1782129037910.301025,0.015000,0.000000,0.030000,0.033541,-0.002800,0.003200,-0.002400,0.400000,1.502979,3342,121.170000,24.810000,39,10
11.900018,1782129037910.405518,1782129037920.296387,1782129037919.846924,1782129037920.299561,0.015000,0.015000,0.030000,0.036742,-0.002000,0.002000,0.002400,0.400000,1.474278,3242,121.130000,24.800000,38,88
11.910012,1782129037922.405518,1782129037930.308350,1782129037929.848633,1782129037930.311279,-0.015000,0.030000,0.000000,0.033541,-0.002000,-0.000800,0.002400,0.300000,1.446898,3242,121.130000,24.800000,38,187
11.920011,1782129037934.405518,1782129037940.296143,1782129037929.848633,1782129037930.311279,-0.015000,0.030000,0.000000,0.033541,-0.002000,-0.000800,0.002400,0.300000,1.420803,3157,120.450000,24.750000,39,117
11.930012,1782129037946.405518,1782129037950.293945,1782129037949.847900,1782129037950.297119,0.060000,-0.045000,0.030000,0.080777,0.003600,0.000400,0.000800,0.300000,1.396011,3071,120.320000,24.690000,38,0
11.940011,1782129037954.405518,1782129037960.293701,1782129037959.847656,1782129037960.296875,0.015000,0.000000,0.030000,0.033541,-0.002000,0.000000,-0.003600,0.300000,1.372538,3071,120.320000,24.690000,38,62
11.950011,1782129037966.405518,1782129037970.295166,1782129037969.935791,1782129037970.298340,0.030000,-0.030000,0.030000,0.051962,-0.000800,-0.000400,0.002000,0.300000,1.350390,3000,120.320000,24.800000,38,0
11.960014,1782129037979.405518,1782129037980.295654,1782129037979.845947,1782129037980.299072,-0.015000,-0.015000,0.000000,0.021213,0.001200,-0.000400,-0.000400,0.300000,1.329566,3000,120.320000,24.800000,38,12
11.970011,1782129037979.405518,1782129037980.295654,1782129037989.845947,1782129037990.295898,0.030000,-0.030000,0.000000,0.042426,0.003200,-0.001200,0.001200,0.300000,1.310098,3000,120.320000,24.800000,38,12
11.980012,1782129037999.405518,1782129038000.295410,1782129037999.846680,1782129038000.298340,0.030000,-0.060000,0.000000,0.067082,-0.001200,0.000400,-0.002800,0.300000,1.291968,2942,120.690000,24.830000,38,206
11.990011,1782129037999.405518,1782129038000.295410,1782129038009.844238,1782129038010.296631,-0.015000,-0.030000,0.030000,0.045000,-0.001600,0.000800,-0.004000,0.300000,1.275196,2942,120.690000,24.830000,38,206
12.000013,1782129038010.405518,1782129038020.366699,1782129038019.843262,1782129038020.371582,0.015000,0.000000,0.000000,0.015000,0.001200,0.002000,-0.000400,0.300000,1.259779,2885,120.570000,24.830000,38,13
12.010024,1782129038022.405518,1782129038030.308838,1782129038019.843262,1782129038020.371582,0.015000,0.000000,0.000000,0.015000,0.001200,0.002000,-0.000400,0.300000,1.245717,2885,120.570000,24.830000,38,137
12.020025,1782129038030.405518,1782129038040.342773,1782129038039.846436,1782129038040.350098,0.030000,0.030000,-0.030000,0.051962,-0.004400,0.000400,0.001600,0.300000,1.233042,2828,120.650000,24.830000,39,33
12.030073,1782129038042.405518,1782129038050.366211,1782129038049.850342,1782129038050.376221,0.015000,-0.015000,0.000000,0.021213,-0.002800,0.000000,0.000800,0.300000,1.221694,2828,120.650000,24.830000,39,190
12.040012,1782129038054.405518,1782129038060.382324,1782129038059.843018,1782129038060.390869,-0.015000,-0.030000,0.000000,0.033541,0.002000,-0.000800,0.000400,0.300000,1.211839,2828,120.650000,24.830000,39,170
12.050014,1782129038066.405518,1782129038070.307129,1782129038069.843262,1782129038070.312988,-0.075000,-0.075000,0.030000,0.110227,0.006000,-0.001600,-0.003200,0.300000,1.203303,2728,120.570000,24.780000,39,0
12.060017,1782129038074.405518,1782129038080.317383,1782129038079.882568,1782129038080.325439,0.000000,-0.105000,0.030000,0.109202,0.009600,0.000800,-0.006000,0.300000,1.196154,2728,120.570000,24.780000,39,31
12.070019,1782129038090.405518,1782129038090.330078,1782129038089.844971,1782129038090.337402,0.045000,-0.060000,-0.030000,0.080777,0.005600,0.004000,-0.006000,0.300000,1.190396,2685,120.320000,24.740000,39,209
12.080014,1782129038099.405518,1782129038100.331543,1782129038099.843994,1782129038100.339111,0.075000,-0.045000,-0.060000,0.106066,0.002400,0.006000,-0.002800,0.300000,1.186034,2685,120.320000,24.740000,39,175
12.090014,1782129038110.405518,1782129038110.305664,1782129038109.844971,1782129038110.310791,0.060000,-0.015000,-0.030000,0.068739,-0.003200,0.007200,0.000000,0.300000,1.183064,2657,120.570000,24.810000,38,48
12.100015,1782129038110.405518,1782129038110.305664,1782129038109.844971,1782129038110.310791,0.060000,-0.015000,-0.030000,0.068739,-0.003200,0.007200,0.000000,0.300000,1.181489,2657,120.570000,24.810000,38,48
12.110017,1782129038119.405518,1782129038130.327148,1782129038129.846436,1782129038130.340820,0.030000,0.015000,-0.030000,0.045000,-0.001200,0.007200,-0.002000,0.300000,1.181311,2657,120.570000,24.810000,38,217
12.120017,1782129038130.405518,1782129038140.313965,1782129038139.843994,1782129038140.320068,0.060000,0.015000,-0.030000,0.068739,-0.004800,0.006000,0.001600,0.300000,1.182530,2657,120.570000,24.810000,38,156
12.130016,1782129038142.405518,1782129038150.386963,1782129038149.844238,1782129038150.394531,0.015000,-0.015000,0.000000,0.021213,-0.004800,0.003200,0.000800,0.300000,1.185145,2657,120.570000,24.810000,38,55
12.140018,1782129038154.405518,1782129038160.314697,1782129038159.843018,1782129038160.321045,0.015000,0.030000,0.000000,0.033541,-0.001600,-0.002000,-0.000800,0.300000,1.189156,2657,120.570000,24.810000,38,108
12.150082,1782129038162.405518,1782129038170.330811,1782129038169.844482,1782129038170.338135,-0.015000,-0.075000,0.060000,0.097211,0.005200,-0.004000,-0.006400,0.300000,1.194601,2657,120.570000,24.810000,38,145
12.160015,1782129038174.405518,1782129038180.410645,1782129038179.843750,1782129038180.420410,-0.015000,-0.045000,-0.030000,0.056125,0.004800,-0.003200,-0.004400,0.300000,1.201357,2628,120.610000,24.790000,38,172
12.170019,1782129038186.405518,1782129038190.332031,1782129038189.815186,1782129038190.341309,0.030000,-0.030000,0.030000,0.051962,0.002000,0.000000,-0.003600,0.300000,1.209548,2628,120.610000,24.790000,38,108
12.180092,1782129038194.405518,1782129038200.338135,1782129038199.846436,1782129038200.345947,0.045000,0.015000,0.030000,0.056125,-0.004400,0.002800,0.000400,0.300000,1.219198,2628,120.610000,24.790000,38,240
12.190030,1782129038206.405518,1782129038210.418701,1782129038199.846436,1782129038200.345947,0.045000,0.015000,0.030000,0.056125,-0.004400,0.002800,0.000400,0.300000,1.230096,2657,120.530000,24.780000,38,0
12.200021,1782129038219.405518,1782129038220.343262,1782129038219.843994,1782129038220.350830,0.045000,0.030000,-0.030000,0.061847,-0.005600,0.002800,-0.000800,0.300000,1.242424,2657,120.530000,24.780000,38,3
12.210023,1782129038230.405518,1782129038230.324951,1782129038229.843262,1782129038230.330566,0.045000,0.045000,0.060000,0.087464,-0.006000,0.001200,0.000800,0.300000,1.256143,2671,120.690000,24.830000,38,181
12.220018,1782129038230.405518,1782129038230.324951,1782129038239.844482,1782129038240.335205,-0.015000,0.015000,0.000000,0.021213,0.000000,-0.000800,-0.003200,0.300000,1.271222,2671,120.690000,24.830000,38,181
12.230015,1782129038239.405518,1782129038250.330811,1782129038249.843750,1782129038250.340576,-0.030000,-0.075000,0.030000,0.086168,0.004800,-0.002000,-0.006800,0.300000,1.287668,2671,120.690000,24.830000,38,50
12.240016,1782129038250.405518,1782129038260.307617,1782129038259.843018,1782129038260.313477,-0.060000,-0.105000,-0.030000,0.124599,0.011200,-0.001600,-0.006800,0.300000,1.305479,2671,120.690000,24.830000,38,8
12.250083,1782129038262.405518,1782129038270.313721,1782129038269.844971,1782129038270.319580,0.015000,-0.090000,-0.030000,0.096047,0.010400,0.001200,-0.008000,0.300000,1.324775,2671,120.690000,24.830000,38,254
12.260018,1782129038274.405518,1782129038280.413330,1782129038279.843994,1782129038280.423584,0.045000,-0.120000,0.030000,0.131624,0.008000,0.003600,-0.005200,0.300000,1.345156,2671,120.690000,24.830000,38,176
12.270110,1782129038282.405518,1782129038290.328125,1782129038289.844971,1782129038290.337158,0.045000,-0.015000,0.000000,0.047434,0.003200,0.006000,-0.003600,0.300000,1.367210,2671,120.690000,24.830000,38,152
12.280019,1782129038294.405518,1782129038300.444580,1782129038289.844971,1782129038290.337158,0.045000,-0.015000,0.000000,0.047434,0.003200,0.006000,-0.003600,0.300000,1.390184,2785,120.890000,24.830000,39,148
12.290016,1782129038306.405518,1782129038310.333008,1782129038309.843262,1782129038310.342041,0.030000,0.015000,0.000000,0.033541,-0.003200,0.003600,-0.003600,0.300000,1.414675,2842,120.770000,24.790000,38,0
12.300016,1782129038314.405518,1782129038320.316162,1782129038319.843994,1782129038320.322754,0.030000,0.000000,0.000000,0.030000,-0.003600,0.005200,-0.005200,0.300000,1.440484,2842,120.770000,24.790000,38,148
12.310018,1782129038326.405518,1782129038330.320801,1782129038329.843750,1782129038330.327148,0.060000,0.000000,0.000000,0.060000,-0.004800,0.005600,-0.006400,0.300000,1.467604,2842,120.770000,24.790000,38,10
12.320081,1782129038339.405518,1782129038340.329834,1782129038339.844238,1782129038340.337646,0.030000,-0.030000,0.030000,0.051962,-0.001200,0.003200,-0.006000,0.300000,1.496194,2842,120.770000,24.790000,38,92
12.330121,1782129038339.405518,1782129038340.329834,1782129038349.844238,1782129038350.411621,0.030000,0.000000,-0.030000,0.042426,0.001600,0.002400,-0.005200,0.300000,1.526013,2842,120.770000,24.790000,38,92
12.340092,1782129038350.405518,1782129038360.441895,1782129038359.843018,1782129038360.449463,-0.030000,-0.030000,0.000000,0.042426,0.001600,0.000400,-0.002800,0.300000,1.556893,2842,120.770000,24.790000,38,103
12.350022,1782129038362.405518,1782129038370.420654,1782129038369.843262,1782129038370.430420,0.000000,-0.030000,-0.030000,0.042426,0.002800,0.000000,-0.004000,0.300000,1.588892,2842,120.770000,24.790000,38,132
12.360016,1782129038370.405518,1782129038380.334229,1782129038379.843506,1782129038380.342041,0.030000,0.015000,0.060000,0.068739,-0.001200,-0.001200,-0.003600,0.300000,1.622337,2842,120.770000,24.790000,38,230
12.370015,1782129038382.405518,1782129038390.308350,1782129038379.843506,1782129038380.342041,0.030000,0.015000,0.060000,0.068739,-0.001200,-0.001200,-0.003600,0.300000,1.657031,2842,120.770000,24.790000,38,168
12.380092,1782129038394.405518,1782129038400.312012,1782129038399.843506,1782129038400.318604,0.000000,-0.060000,0.000000,0.060000,-0.000400,0.001600,-0.007200,0.300000,1.693232,3100,120.770000,24.820000,39,56
12.390019,1782129038402.405518,1782129038410.406006,1782129038409.844727,1782129038410.415039,0.045000,-0.015000,0.030000,0.056125,-0.003200,0.000800,-0.005600,0.300000,1.730094,3100,120.770000,24.820000,39,214
12.400015,1782129038414.405518,1782129038420.332520,1782129038419.900391,1782129038420.340576,0.030000,0.000000,0.000000,0.030000,0.001200,0.000400,-0.004400,0.300000,1.768398,3171,121.010000,24.830000,38,153
12.410022,1782129038426.405518,1782129038430.314453,1782129038429.845459,1782129038430.319336,0.045000,-0.015000,0.000000,0.047434,0.000000,0.000000,-0.006000,0.300000,1.807925,3171,121.010000,24.830000,38,93
12.420015,1782129038434.405518,1782129038440.337158,1782129038439.845703,1782129038440.344482,-0.030000,0.000000,0.000000,0.030000,0.002400,-0.000400,-0.006400,0.300000,1.848560,3171,121.010000,24.830000,38,9
12.430021,1782129038446.405518,1782129038450.304443,1782129038449.846680,1782129038450.309082,0.045000,-0.030000,0.030000,0.061847,-0.003200,0.000800,-0.004000,0.300000,1.890392,3171,121.010000,24.830000,38,138
12.440017,1782129038459.405518,1782129038460.344238,1782129038459.905273,1782129038460.335693,-0.015000,-0.060000,0.030000,0.068739,0.001200,0.000400,-0.002400,0.300000,1.933313,3171,121.010000,24.830000,38,62
12.450051,1782129038459.405518,1782129038460.344238,1782129038469.848389,1782129038470.316162,0.015000,-0.060000,0.030000,0.068739,-0.000400,0.000400,-0.008800,0.300000,1.977523,3171,121.010000,24.830000,38,62
12.460012,1782129038470.405518,1782129038480.337646,1782129038469.848389,1782129038470.316162,0.015000,-0.060000,0.030000,0.068739,-0.000400,0.000400,-0.008800,0.300000,2.022500,3457,119.440000,24.050000,38,180
12.470012,1782129038482.405518,1782129038490.307129,1782129038489.805664,1782129038490.313232,0.000000,0.000000,0.000000,0.000000,0.001200,0.000400,-0.004800,0.300000,2.068728,3457,119.440000,24.050000,38,24
12.480012,1782129038494.405518,1782129038500.300781,1782129038499.846924,1782129038500.304199,-0.015000,0.030000,0.000000,0.033541,-0.002000,0.000000,-0.007200,0.300000,2.116019,3542,116.500000,23.800000,38,95
12.490012,1782129038502.405518,1782129038510.306152,1782129038509.844727,1782129038510.311523,0.030000,-0.045000,0.030000,0.061847,0.002800,0.001200,-0.010400,0.300000,2.164355,3542,116.500000,23.800000,38,4
12.500012,1782129038514.405518,1782129038520.298340,1782129038519.844482,1782129038520.302002,-0.015000,-0.030000,0.000000,0.033541,0.000400,0.000400,-0.006000,0.300000,2.213716,3657,116.540000,24.680000,38,13
12.510012,1782129038522.405518,1782129038530.314209,1782129038529.844238,1782129038530.319092,0.015000,-0.015000,0.000000,0.021213,-0.003200,0.002400,-0.005600,0.400000,2.264081,3657,116.540000,24.680000,38,32
12.520012,1782129038534.405518,1782129038540.359131,1782129038539.843506,1782129038540.363525,0.030000,-0.015000,0.000000,0.033541,-0.000800,0.000400,-0.005600,0.400000,2.315429,3657,116.540000,24.680000,38,104
12.530011,1782129038546.405518,1782129038550.308594,1782129038549.842773,1782129038550.314209,0.045000,0.045000,0.000000,0.063640,-0.002000,0.000400,-0.003600,0.400000,2.367738,3914,120.970000,24.760000,39,0
12.540019,1782129038559.405518,1782129038560.296875,1782129038559.843262,1782129038560.300537,0.000000,-0.075000,0.060000,0.096047,0.004000,0.000400,-0.006800,0.400000,2.421036,3914,120.970000,24.760000,39,202
12.550012,1782129038570.405518,1782129038570.312744,1782129038559.843262,1782129038560.300537,0.000000,-0.075000,0.060000,0.096047,0.004000,0.000400,-0.006800,0.400000,2.475176,4042,121.010000,24.790000,38,175
12.560021,1782129038570.405518,1782129038570.312744,1782129038579.847656,1782129038580.303223,0.030000,-0.015000,0.000000,0.033541,-0.000400,0.000000,-0.004400,0.400000,2.530308,4042,121.010000,24.790000,38,175
12.570011,1782129038579.405518,1782129038590.313232,1782129038589.846924,1782129038590.318115,0.045000,0.015000,0.000000,0.047434,-0.001200,0.000400,-0.007600,0.400000,2.586214,4042,121.010000,24.790000,38,71
12.580011,1782129038590.405518,1782129038600.311279,1782129038599.860352,1782129038600.317383,0.030000,-0.045000,-0.030000,0.061847,0.006400,0.000400,-0.011200,0.400000,2.643028,4157,121.210000,24.800000,38,63
12.590013,1782129038602.405518,1782129038610.299072,1782129038609.844482,1782129038610.303467,0.015000,-0.045000,0.000000,0.047434,0.004400,0.000000,-0.011200,0.400000,2.700691,4157,121.210000,24.800000,38,199
12.600012,1782129038610.405518,1782129038620.319824,1782129038619.843994,1782129038620.327393,0.015000,0.060000,-0.030000,0.068739,-0.005600,0.002800,-0.007200,0.400000,2.759140,4157,121.210000,24.800000,38,237
12.610012,1782129038622.405518,1782129038630.305176,1782129038629.843994,1782129038630.310059,0.030000,-0.030000,0.060000,0.073485,-0.002800,0.004000,-0.003600,0.400000,2.818387,4157,121.210000,24.800000,38,40
12.620011,1782129038634.405518,1782129038640.305664,1782129038639.844727,1782129038640.311035,-0.015000,-0.015000,0.030000,0.036742,-0.001600,0.000400,-0.002400,0.400000,2.878391,4428,121.090000,24.780000,39,128
12.630011,1782129038646.405518,1782129038650.298584,1782129038649.843262,1782129038650.302490,0.015000,0.030000,0.060000,0.068739,-0.004000,-0.001200,-0.004400,0.400000,2.939142,4428,121.090000,24.780000,39,133
12.640015,1782129038654.405518,1782129038660.306396,1782129038649.843262,1782129038650.302490,0.015000,0.030000,0.060000,0.068739,-0.004000,-0.001200,-0.004400,0.400000,3.000632,4428,121.090000,24.780000,39,228
12.650012,1782129038666.405518,1782129038670.331055,1782129038669.845703,1782129038670.339844,0.015000,0.045000,0.030000,0.056125,-0.003600,0.000800,-0.006800,0.400000,3.062764,4428,121.090000,24.780000,39,101
12.660014,1782129038679.405518,1782129038680.304443,1782129038679.844238,1782129038680.310547,0.015000,-0.030000,0.030000,0.045000,-0.000800,0.001600,-0.007200,0.400000,3.125592,277957,438.230000,97.370000,-96,96
12.670014,1782129038679.405518,1782129038680.304443,1782129038689.843750,1782129038690.307861,0.015000,-0.105000,0.030000,0.110227,0.006400,-0.000400,-0.012400,0.400000,3.189044,277957,438.230000,97.370000,-96,96
12.680012,1782129038690.405518,1782129038700.306152,1782129038699.846924,1782129038700.311279,0.000000,-0.060000,0.000000,0.060000,0.002800,-0.000800,-0.011200,0.400000,3.253098,4842,120.730000,24.690000,38,151
12.690012,1782129038699.405518,1782129038710.306396,1782129038709.843994,1782129038710.312988,-0.015000,0.105000,0.000000,0.106066,-0.007600,0.001600,0.001200,0.400000,3.317749,4842,120.730000,24.690000,38,155
12.700012,1782129038710.405518,1782129038720.305908,1782129038719.843750,1782129038720.311523,0.030000,0.075000,0.000000,0.080777,-0.009200,0.002400,0.000800,0.400000,3.382957,4957,120.770000,24.730000,39,157
12.710018,1782129038722.405518,1782129038730.304688,1782129038729.843994,1782129038730.315674,-0.015000,-0.075000,0.030000,0.082158,0.000000,-0.001200,-0.005200,0.600000,3.448740,4957,120.770000,24.730000,39,139
12.720014,1782129038734.405518,1782129038740.306885,1782129038739.843018,1782129038740.311279,0.000000,-0.075000,0.030000,0.080777,0.004800,-0.004400,-0.007200,0.600000,3.514958,5100,120.650000,24.720000,38,196
12.730011,1782129038742.405518,1782129038750.301025,1782129038739.843018,1782129038740.311279,0.000000,-0.075000,0.030000,0.080777,0.004800,-0.004400,-0.007200,0.600000,3.581669,5100,120.650000,24.720000,38,105
12.740012,1782129038754.405518,1782129038760.300293,1782129038759.843750,1782129038760.305664,-0.030000,-0.060000,0.030000,0.073485,0.003200,-0.002000,-0.006400,0.600000,3.648846,5257,120.730000,24.800000,38,11
12.750012,1782129038766.405518,1782129038770.298584,1782129038769.843750,1782129038770.302734,-0.045000,-0.090000,0.060000,0.117154,0.007200,-0.003200,-0.008400,0.600000,3.716443,5257,120.730000,24.800000,38,236
12.760012,1782129038774.405518,1782129038780.305176,1782129038779.844727,1782129038780.311035,-0.060000,-0.030000,0.030000,0.073485,0.004000,-0.002800,-0.012400,0.600000,3.784434,5257,120.730000,24.800000,38,128
12.770016,1782129038790.405518,1782129038790.316162,1782129038789.844727,1782129038790.323486,0.015000,0.075000,0.000000,0.076485,-0.004000,0.000400,-0.004800,0.600000,3.852817,5571,120.360000,24.640000,39,153
12.780099,1782129038790.405518,1782129038790.316162,1782129038799.845947,1782129038800.333008,0.015000,0.120000,-0.030000,0.124599,-0.008000,0.004400,0.001200,0.600000,3.922079,5571,120.360000,24.640000,39,153
12.790020,1782129038810.405518,1782129038810.439697,1782129038809.845215,1782129038810.451172,0.015000,0.060000,0.000000,0.061847,-0.004400,0.004400,-0.002400,0.600000,3.990540,5728,120.320000,24.750000,38,135
12.800022,1782129038810.405518,1782129038810.439697,1782129038819.844238,1782129038820.344971,0.030000,-0.090000,-0.030000,0.099499,0.002400,0.003600,-0.006000,0.600000,4.059831,5728,120.320000,24.750000,38,135
12.810084,1782129038819.405518,1782129038830.335938,1782129038829.845215,1782129038830.349121,0.000000,-0.195000,0.060000,0.204022,0.014800,0.001200,-0.010000,0.600000,4.129787,5728,120.320000,24.750000,38,47
12.820017,1782129038830.405518,1782129038840.397217,1782129038829.845215,1782129038830.349121,0.000000,-0.195000,0.060000,0.204022,0.014800,0.001200,-0.010000,0.600000,4.199069,5857,120.360000,24.760000,38,216
12.830015,1782129038842.405518,1782129038850.329102,1782129038849.845459,1782129038850.337402,-0.030000,-0.030000,-0.060000,0.073485,0.010400,0.001200,0.012800,0.600000,4.268998,5857,120.360000,24.760000,38,79
12.840031,1782129038854.405518,1782129038860.307373,1782129038859.844238,1782129038860.312988,0.045000,-0.015000,-0.030000,0.056125,0.003600,0.005600,0.004000,0.600000,4.339206,5857,120.360000,24.760000,38,223
12.850017,1782129038862.405518,1782129038870.344727,1782129038869.844238,1782129038870.352539,0.045000,0.090000,0.000000,0.100623,-0.011600,0.004800,0.000400,0.600000,4.409338,5857,120.360000,24.760000,38,90
12.860015,1782129038874.405518,1782129038880.307129,1782129038879.844482,1782129038880.312012,0.045000,0.135000,0.060000,0.154434,-0.013600,0.003200,-0.002000,0.600000,4.479661,4328,117.590000,24.880000,38,142
12.870014,1782129038886.405518,1782129038890.309570,1782129038889.844482,1782129038890.313721,-0.015000,0.000000,0.000000,0.015000,-0.000800,-0.001600,-0.002000,0.600000,4.550056,4285,117.910000,24.800000,38,0
12.880016,1782129038899.405518,1782129038900.309326,1782129038899.843994,1782129038900.314941,-0.045000,-0.045000,0.030000,0.070356,0.002000,-0.006800,0.001200,0.600000,4.620509,4285,117.910000,24.800000,38,241
12.890017,1782129038906.405518,1782129038910.315186,1782129038909.844482,1782129038910.321533,-0.030000,-0.045000,0.000000,0.054083,0.002800,-0.004800,-0.006400,0.600000,4.690975,4357,120.120000,24.680000,38,0
12.900017,1782129038919.405518,1782129038920.331299,1782129038919.843750,1782129038920.338623,-0.030000,-0.135000,0.000000,0.138293,0.009600,-0.001200,-0.010000,0.600000,4.761408,4357,120.570000,24.730000,38,103
12.910021,1782129038930.405518,1782129038930.383057,1782129038919.843750,1782129038920.338623,-0.030000,-0.135000,0.000000,0.138293,0.009600,-0.001200,-0.010000,0.800000,4.831816,4428,120.890000,24.760000,38,192
12.920015,1782129038930.405518,1782129038930.383057,1782129038939.846680,1782129038940.333984,0.000000,-0.060000,0.060000,0.084853,0.007600,-0.003200,-0.009600,0.800000,4.902079,4428,120.890000,24.760000,38,192
12.930021,1782129038939.405518,1782129038950.317627,1782129038949.847412,1782129038950.326416,-0.015000,0.030000,0.000000,0.033541,-0.002000,-0.000800,-0.007200,0.800000,4.972311,4428,120.890000,24.760000,38,151
12.940013,1782129038950.405518,1782129038960.333252,1782129038959.846436,1782129038960.341064,0.045000,0.045000,0.000000,0.063640,-0.006800,0.004400,-0.006000,0.800000,5.042307,4528,121.090000,24.740000,38,105
12.950085,1782129038962.405518,1782129038970.324463,1782129038969.847168,1782129038970.332520,0.015000,0.000000,0.030000,0.033541,-0.002800,0.004800,-0.003200,0.800000,5.112689,4528,121.090000,24.740000,38,112
12.960014,1782129038974.405518,1782129038980.411621,1782129038979.847168,1782129038980.421143,-0.015000,0.000000,0.000000,0.015000,-0.001200,0.000400,-0.003600,0.800000,5.181866,4528,121.090000,24.740000,38,11
12.970013,1782129038986.405518,1782129038990.325195,1782129038989.846680,1782129038990.332764,0.030000,0.030000,0.060000,0.073485,-0.004400,0.000000,-0.004400,0.800000,5.251303,4742,120.610000,24.640000,38,0
12.980013,1782129038994.405518,1782129039000.306152,1782129038999.848389,1782129039000.311035,0.000000,-0.030000,0.000000,0.030000,0.002400,0.000800,-0.006400,0.800000,5.320480,4742,120.610000,24.640000,38,136
12.990018,1782129039006.405518,1782129039010.306152,1782129039009.846191,1782129039010.311279,0.030000,-0.060000,0.030000,0.073485,0.006000,0.000000,-0.005600,0.800000,5.389398,4800,120.450000,24.770000,38,0
13.000020,1782129039014.405518,1782129039020.366943,1782129039009.846191,1782129039010.311279,0.030000,-0.060000,0.030000,0.073485,0.006000,0.000000,-0.005600,0.800000,5.457970,4800,120.450000,24.770000,38,177
13.010018,1782129039026.405518,1782129039030.341309,1782129039029.846436,1782129039030.348633,0.015000,-0.120000,0.000000,0.120934,0.006400,0.000000,-0.004800,0.800000,5.526166,4885,120.570000,24.770000,39,0
13.020018,1782129039039.405518,1782129039040.346436,1782129039039.831299,1782129039040.355713,-0.015000,-0.075000,-0.030000,0.082158,0.006000,-0.000800,-0.009200,0.800000,5.593984,4885,120.570000,24.770000,39,205
13.030019,1782129039050.405518,1782129039050.321289,1782129039049.848633,1782129039050.327881,0.015000,0.090000,0.030000,0.096047,-0.007200,0.002400,-0.004000,0.800000,5.661396,4885,120.570000,24.770000,39,129
13.040014,1782129039050.405518,1782129039050.321289,1782129039059.857178,1782129039060.359863,0.060000,0.075000,0.000000,0.096047,-0.008000,0.004400,-0.004800,0.800000,5.728323,4885,120.570000,24.770000,39,129
13.050011,1782129039066.399902,1782129039070.315430,1782129039069.847412,1782129039070.322510,0.045000,-0.060000,0.000000,0.075000,0.003200,0.002400,-0.003600,0.800000,5.794791,4885,120.570000,24.770000,39,134
13.060015,1782129039074.399902,1782129039080.297607,1782129039079.847168,1782129039080.302490,0.000000,-0.060000,0.030000,0.067082,0.005600,-0.002000,-0.004400,0.800000,5.860801,5042,120.890000,24.700000,38,34
13.070012,1782129039086.399902,1782129039090.323975,1782129039089.844727,1782129039090.331787,0.015000,0.015000,0.030000,0.036742,-0.000800,-0.002800,-0.005600,0.800000,5.926230,5042,120.890000,24.700000,38,131
13.080014,1782129039098.399902,1782129039100.299561,1782129039099.846924,1782129039100.303467,-0.015000,0.015000,0.030000,0.036742,-0.004000,0.000400,-0.007600,0.800000,5.991132,5157,120.890000,24.660000,38,76
13.090011,1782129039110.399902,1782129039110.327148,1782129039099.846924,1782129039100.303467,-0.015000,0.015000,0.030000,0.036742,-0.004000,0.000400,-0.007600,0.800000,6.055406,5157,120.890000,24.660000,38,83
13.100015,1782129039118.399902,1782129039120.301514,1782129039119.846436,1782129039120.308350,-0.030000,-0.030000,0.000000,0.042426,0.000800,-0.002400,-0.009600,0.800000,6.119104,5157,120.890000,24.660000,38,69
13.110014,1782129039130.399902,1782129039130.322266,1782129039129.848389,1782129039130.329102,0.015000,0.060000,0.000000,0.061847,-0.005200,0.000000,-0.005600,0.600000,6.182117,5342,120.850000,24.740000,38,0
13.120013,1782129039138.399902,1782129039140.301270,1782129039139.844482,1782129039140.305664,-0.015000,0.030000,0.000000,0.033541,-0.000800,0.003600,-0.004400,0.600000,6.244455,5342,120.850000,24.740000,38,155
13.130011,1782129039150.399902,1782129039150.301514,1782129039149.843262,1782129039150.305908,0.030000,-0.090000,-0.060000,0.112250,0.005600,0.004400,-0.004800,0.600000,6.306085,5342,120.850000,24.740000,38,182
13.140017,1782129039150.399902,1782129039150.301514,1782129039159.843994,1782129039160.293701,0.000000,-0.105000,-0.030000,0.109202,0.004800,0.002800,-0.004000,0.600000,6.367026,5342,120.850000,24.740000,38,182
13.150011,1782129039163.399902,1782129039170.315430,1782129039169.845215,1782129039170.320801,0.030000,-0.045000,0.030000,0.061847,0.003600,0.000400,-0.004800,0.600000,6.427130,5342,120.850000,24.740000,38,42
13.160010,1782129039174.399902,1782129039180.297119,1782129039179.844482,1782129039180.301025,0.015000,0.015000,0.030000,0.036742,0.000400,-0.001600,-0.006000,0.600000,6.486477,5514,120.400000,24.810000,39,118
13.170012,1782129039186.399902,1782129039190.294434,1782129039189.844482,1782129039190.298096,0.000000,0.045000,0.030000,0.054083,-0.004800,-0.002400,-0.007200,0.600000,6.545023,5514,120.400000,24.810000,39,233
13.180011,1782129039198.399902,1782129039200.301758,1782129039189.844482,1782129039190.298096,0.000000,0.045000,0.030000,0.054083,-0.004800,-0.002400,-0.007200,0.600000,6.602706,5514,120.400000,24.810000,39,139
13.190011,1782129039206.399902,1782129039210.294922,1782129039209.843262,1782129039210.298096,0.000000,-0.150000,0.000000,0.150000,0.012400,0.000800,-0.004400,0.600000,6.659528,5514,120.400000,24.810000,39,154
13.200010,1782129039218.399902,1782129039220.293945,1782129039219.844482,1782129039220.297119,-0.015000,-0.075000,0.030000,0.082158,0.003600,0.000800,-0.004400,0.600000,6.715448,5514,120.400000,24.810000,39,92
13.210010,1782129039226.399902,1782129039230.299072,1782129039229.843750,1782129039230.302246,0.015000,0.045000,0.030000,0.056125,-0.007200,-0.000400,-0.001600,0.600000,6.770452,5514,120.400000,24.810000,39,141
13.220051,1782129039238.399902,1782129039240.293213,1782129039239.844727,1782129039240.296387,0.045000,0.210000,0.000000,0.214767,-0.015600,-0.001600,-0.000400,0.600000,6.824722,5514,120.400000,24.810000,39,205
13.230011,1782129039250.399902,1782129039250.333496,1782129039249.843994,1782129039250.337646,-0.015000,0.165000,0.060000,0.176210,-0.018000,-0.003600,-0.000800,0.600000,6.877592,5514,120.400000,24.810000,39,44
13.240011,1782129039263.399902,1782129039260.299561,1782129039259.844971,1782129039260.303467,-0.030000,0.090000,0.030000,0.099499,-0.010800,-0.003600,-0.006000,0.600000,6.929679,5514,120.400000,24.810000,39,101
13.250011,1782129039274.399902,1782129039270.294678,1782129039269.844482,1782129039270.297852,-0.015000,0.000000,-0.030000,0.033541,-0.000400,-0.002400,-0.005200,0.600000,6.980740,5514,120.400000,24.810000,39,13
13.260014,1782129039274.399902,1782129039270.294678,1782129039279.843506,1782129039280.294434,0.060000,-0.150000,0.030000,0.164317,0.010000,0.002400,-0.004400,0.600000,7.030774,5514,120.400000,24.810000,39,13
13.270013,1782129039283.399902,1782129039290.306396,1782129039279.843506,1782129039280.294434,0.060000,-0.150000,0.030000,0.164317,0.010000,0.002400,-0.004400,0.600000,7.079718,5514,120.400000,24.810000,39,213
13.280011,1782129039294.399902,1782129039300.297363,1782129039299.843750,1782129039300.301025,-0.030000,-0.030000,0.030000,0.051962,0.001600,-0.006800,-0.004800,0.600000,7.127569,5957,121.010000,24.790000,38,75
13.290011,1782129039306.399902,1782129039310.295898,1782129039309.843750,1782129039310.300293,0.000000,0.105000,0.030000,0.109202,-0.006400,-0.004400,-0.006400,0.600000,7.174312,5957,121.010000,24.790000,38,52
13.300011,1782129039314.399902,1782129039320.352295,1782129039319.843018,1782129039320.355469,-0.015000,0.180000,0.000000,0.180624,-0.013600,-0.001600,0.002000,0.600000,7.219918,5985,120.690000,24.760000,39,98
13.310011,1782129039326.399902,1782129039330.299805,1782129039329.843018,1782129039330.303223,0.015000,0.210000,0.030000,0.212662,-0.015600,0.000000,-0.002800,0.700000,7.264372,5985,120.690000,24.760000,39,75
13.320011,1782129039338.399902,1782129039340.299561,1782129039339.843262,1782129039340.303711,0.030000,0.195000,-0.030000,0.199562,-0.011600,0.000000,0.029200,0.700000,7.307642,5985,120.690000,24.760000,39,206
13.330011,1782129039350.399902,1782129039350.293213,1782129039349.842773,1782129039350.296143,-0.045000,0.060000,0.000000,0.075000,-0.001600,0.000400,0.010800,0.700000,7.349718,5571,119.480000,24.950000,39,0
13.340010,1782129039358.399902,1782129039360.294434,1782129039359.843262,1782129039360.297119,0.000000,-0.090000,-0.060000,0.108167,0.007200,0.004400,-0.002000,0.700000,7.390567,5571,119.480000,24.950000,39,34
13.350013,1782129039370.399902,1782129039370.294434,1782129039369.842773,1782129039370.299072,0.060000,-0.075000,-0.060000,0.113248,0.006400,0.004800,-0.004400,0.700000,7.430193,5271,119.320000,24.800000,38,0
13.360012,1782129039383.399902,1782129039380.304932,1782129039369.842773,1782129039370.299072,0.060000,-0.075000,-0.060000,0.113248,0.006400,0.004800,-0.004400,0.700000,7.468548,5271,119.320000,24.800000,38,177
13.370012,1782129039383.399902,1782129039380.304932,1782129039389.843994,1782129039390.304443,-0.030000,-0.105000,-0.030000,0.113248,0.006800,0.003600,-0.003200,0.700000,7.505634,5271,119.320000,24.800000,38,177
13.380013,1782129039394.399902,1782129039400.316895,1782129039399.845947,1782129039400.322754,0.045000,-0.120000,0.000000,0.128160,0.008400,0.004800,-0.003200,0.700000,7.541426,5242,119.400000,24.760000,38,35
13.390012,1782129039406.399902,1782129039410.308594,1782129039409.843262,1782129039410.314209,0.060000,-0.060000,0.000000,0.084853,0.002000,0.003200,-0.002800,0.700000,7.575903,5242,119.400000,24.760000,38,253
13.400051,1782129039414.399902,1782129039420.300781,1782129039419.844727,1782129039420.304932,0.015000,0.045000,0.030000,0.056125,-0.006800,0.002400,-0.002800,0.700000,7.609183,5271,120.970000,24.740000,38,169
13.410012,1782129039426.399902,1782129039430.335205,1782129039429.844482,1782129039430.344482,0.045000,0.075000,0.030000,0.092466,-0.007600,0.000800,-0.004000,0.700000,7.640866,5271,120.970000,24.740000,38,115
13.420015,1782129039438.399902,1782129039440.299805,1782129039439.843750,1782129039440.303711,-0.015000,-0.045000,0.030000,0.056125,0.001600,0.000800,-0.002400,0.700000,7.671328,5328,121.010000,24.780000,38,170
13.430010,1782129039446.399902,1782129039450.327393,1782129039449.845947,1782129039450.335449,0.015000,-0.135000,-0.030000,0.139104,0.012000,-0.001600,-0.003200,0.700000,7.700393,5328,121.010000,24.780000,38,78
13.440012,1782129039458.399902,1782129039460.297607,1782129039459.866455,1782129039460.301758,-0.045000,-0.165000,0.000000,0.171026,0.014000,-0.002800,-0.004400,0.700000,7.728091,5328,121.010000,24.780000,38,178
13.450010,1782129039470.399902,1782129039470.306641,1782129039459.866455,1782129039460.301758,-0.045000,-0.165000,0.000000,0.171026,0.014000,-0.002800,-0.004400,0.700000,7.754377,5328,121.010000,24.780000,38,154
13.460012,1782129039478.399902,1782129039480.292725,1782129039479.846680,1782129039480.296875,0.000000,-0.105000,-0.030000,0.109202,0.010800,0.000400,-0.006000,0.700000,7.779261,5328,121.010000,24.780000,38,107
13.470020,1782129039494.399902,1782129039490.296387,1782129039489.925781,1782129039490.300781,0.015000,-0.135000,-0.030000,0.139104,0.012000,0.002400,-0.005200,0.700000,7.802734,5400,120.450000,24.750000,38,74
13.480017,1782129039494.399902,1782129039490.296387,1782129039499.902344,1782129039500.337402,0.060000,-0.075000,0.030000,0.100623,0.004800,0.002400,-0.003200,0.700000,7.824744,5400,120.450000,24.750000,38,74
13.490013,1782129039503.399902,1782129039510.334717,1782129039509.928955,1782129039510.342285,0.045000,0.030000,0.000000,0.054083,-0.004400,0.001600,-0.001600,0.700000,7.845305,5400,120.450000,24.750000,38,174
13.500018,1782129039514.399902,1782129039520.327148,1782129039519.851074,1782129039520.334961,0.030000,0.060000,0.030000,0.073485,-0.008000,0.000800,-0.002800,0.700000,7.864426,5414,120.570000,24.770000,39,163
13.510011,1782129039523.399902,1782129039530.331299,1782129039529.908936,1782129039530.345459,0.045000,0.030000,-0.030000,0.061847,-0.003600,0.001200,-0.003600,0.300000,7.882060,5414,120.570000,24.770000,39,252
13.520017,1782129039534.399902,1782129039540.302979,1782129039539.907715,1782129039540.308594,0.000000,-0.090000,-0.030000,0.094868,0.005600,0.000400,-0.004800,0.300000,7.898240,5428,120.400000,24.750000,38,130
13.530013,1782129039546.399902,1782129039550.311279,1782129039549.927490,1782129039550.315674,-0.015000,-0.165000,0.030000,0.168375,0.010400,-0.000400,-0.008400,0.300000,7.912922,5428,120.400000,24.750000,38,200
13.540011,1782129039558.399902,1782129039560.298584,1782129039549.927490,1782129039550.315674,-0.015000,-0.165000,0.030000,0.168375,0.010400,-0.000400,-0.008400,0.300000,7.926116,5485,120.690000,24.770000,39,90
13.550128,1782129039566.399902,1782129039570.295166,1782129039569.909912,1782129039570.299316,0.015000,0.030000,0.000000,0.033541,-0.004000,0.001200,-0.006000,0.300000,7.937945,5485,120.690000,24.770000,39,32
13.560015,1782129039578.399902,1782129039580.454346,1782129039579.847412,1782129039580.464111,0.060000,-0.030000,-0.030000,0.073485,0.003600,0.004400,-0.006800,0.300000,7.948020,5485,120.690000,24.770000,39,137
13.570016,1782129039590.399902,1782129039590.328613,1782129039589.947998,1782129039590.336426,0.030000,-0.090000,-0.060000,0.112250,0.010000,0.004800,-0.004800,0.300000,7.956711,5528,120.890000,24.780000,39,0
13.580018,1782129039603.399902,1782129039600.313232,1782129039599.846436,1782129039600.319336,0.045000,-0.075000,0.030000,0.092466,0.005200,0.002800,-0.001600,0.300000,7.963891,5528,120.890000,24.780000,39,182
13.590018,1782129039614.399902,1782129039610.329346,1782129039609.846436,1782129039610.336670,0.030000,0.015000,0.060000,0.068739,-0.003600,0.000400,-0.001600,0.300000,7.969554,5557,120.690000,24.780000,38,110
13.600012,1782129039623.399902,1782129039620.328613,1782129039619.846924,1782129039620.336182,0.015000,0.090000,0.030000,0.096047,-0.008400,-0.001600,-0.000800,0.300000,7.973698,5557,120.690000,24.780000,38,90
13.610011,1782129039634.399902,1782129039630.303955,1782129039629.846436,1782129039630.308105,-0.015000,0.105000,0.030000,0.110227,-0.007600,-0.002400,-0.004000,0.300000,7.976325,5557,120.690000,24.780000,38,6
13.620052,1782129039634.399902,1782129039630.303955,1782129039639.913330,1782129039640.293213,0.000000,0.030000,0.030000,0.042426,-0.003200,-0.001200,-0.002800,0.300000,7.977432,5557,120.690000,24.780000,38,6
13.630010,1782129039643.399902,1782129039650.335205,1782129039639.913330,1782129039640.293213,0.000000,0.030000,0.030000,0.042426,-0.003200,-0.001200,-0.002800,0.300000,7.977015,5557,120.690000,24.780000,38,128
13.640011,1782129039654.399902,1782129039660.292969,1782129039659.847168,1782129039660.296631,-0.015000,0.000000,0.030000,0.033541,0.000000,-0.003200,-0.002000,0.300000,7.975080,5557,120.770000,24.760000,39,176
13.650010,1782129039666.399902,1782129039670.293945,1782129039669.847168,1782129039670.297119,0.015000,0.060000,0.060000,0.086168,-0.004400,-0.002400,-0.002400,0.300000,7.971624,5557,120.770000,24.760000,39,202
13.660011,1782129039678.399902,1782129039680.293213,1782129039679.845703,1782129039680.296875,0.015000,0.045000,0.000000,0.047434,-0.006000,0.000400,-0.000800,0.300000,7.966650,5557,120.850000,24.760000,38,6
13.670013,1782129039686.399902,1782129039690.293945,1782129039689.847168,1782129039690.296631,0.030000,0.015000,-0.030000,0.045000,-0.004000,0.002800,-0.001600,0.300000,7.960160,5557,120.850000,24.760000,38,78
13.680012,1782129039698.399902,1782129039700.302734,1782129039699.847656,1782129039700.307129,0.000000,-0.060000,-0.030000,0.067082,0.002800,0.004000,-0.000400,0.300000,7.952162,5557,120.850000,24.760000,38,175
13.690012,1782129039710.399902,1782129039710.363281,1782129039709.845947,1782129039710.367676,-0.015000,-0.105000,-0.030000,0.110227,0.007600,0.001200,-0.002400,0.300000,7.942655,5557,121.050000,24.770000,39,0
13.700011,1782129039718.399902,1782129039720.294922,1782129039719.847412,1782129039720.298096,0.000000,-0.030000,0.030000,0.042426,0.004800,-0.001200,-0.000800,0.300000,7.931647,5557,121.050000,24.770000,39,106
13.710011,1782129039730.399902,1782129039730.300049,1782129039729.845459,1782129039730.304199,0.015000,0.045000,0.000000,0.047434,-0.003200,-0.001600,-0.002800,0.600000,7.919143,5557,121.050000,24.770000,39,59
13.720015,1782129039743.399902,1782129039740.293213,1782129039729.845459,1782129039730.304199,0.015000,0.045000,0.000000,0.047434,-0.003200,-0.001600,-0.002800,0.600000,7.905143,5557,121.050000,24.770000,39,246
13.730051,1782129039754.399902,1782129039750.299561,1782129039749.921631,1782129039750.303711,0.075000,-0.090000,0.060000,0.131624,0.006400,0.002400,-0.002000,0.600000,7.889609,5557,121.050000,24.770000,39,176
13.740012,1782129039754.399902,1782129039750.299561,1782129039759.844238,1782129039760.334473,0.015000,-0.105000,0.030000,0.110227,0.007600,0.000000,-0.004000,0.600000,7.872722,5557,121.050000,24.770000,39,176
13.750012,1782129039766.399902,1782129039770.308594,1782129039769.844238,1782129039770.313965,0.000000,-0.045000,0.000000,0.045000,0.003200,-0.002000,-0.001200,0.600000,7.854309,5557,121.050000,24.770000,39,112
13.760017,1782129039774.399902,1782129039780.298828,1782129039779.844238,1782129039780.302734,0.015000,0.060000,-0.030000,0.068739,-0.004800,-0.000400,-0.002400,0.600000,7.834432,5557,119.760000,24.640000,38,191
13.770011,1782129039786.399902,1782129039790.309082,1782129039789.845215,1782129039790.314697,0.015000,0.045000,-0.030000,0.056125,-0.007600,0.000400,-0.001200,0.600000,7.813133,5557,119.760000,24.640000,38,199
13.780011,1782129039798.399902,1782129039800.296387,1782129039799.845947,1782129039800.300293,0.045000,0.015000,-0.060000,0.076485,-0.003200,0.002000,-0.004400,0.600000,7.790390,5557,119.760000,24.640000,38,97
13.790011,1782129039810.399902,1782129039810.292725,1782129039809.844238,1782129039810.296387,0.030000,-0.105000,0.000000,0.109202,0.004400,0.002400,-0.003600,0.600000,7.766226,5514,119.920000,24.750000,39,0
13.800052,1782129039818.399902,1782129039820.293701,1782129039819.844238,1782129039820.297363,0.015000,-0.135000,0.060000,0.148492,0.007200,0.001600,-0.000800,0.600000,7.740549,5514,119.920000,24.750000,39,75
13.810020,1782129039830.399902,1782129039830.342041,1782129039819.844238,1782129039820.297363,0.015000,-0.135000,0.060000,0.148492,0.007200,0.001600,-0.000800,0.600000,7.713666,5471,120.850000,24.790000,38,0
13.820013,1782129039838.399902,1782129039840.367676,1782129039839.846436,1782129039840.381836,0.030000,0.015000,0.000000,0.033541,-0.001200,0.002000,-0.059200,0.600000,7.685346,5471,120.850000,24.790000,38,159
13.830015,1782129039850.399902,1782129039850.308838,1782129039849.844482,1782129039850.314697,0.015000,-0.075000,-0.030000,0.082158,0.002400,0.001600,-0.037600,0.600000,7.655633,5471,120.850000,24.790000,38,239
13.840015,1782129039850.399902,1782129039850.308838,1782129039859.844238,1782129039860.300537,0.015000,-0.075000,0.030000,0.082158,-0.001200,0.000800,-0.022000,0.600000,7.624582,5471,120.850000,24.790000,38,239
13.850013,1782129039863.399902,1782129039870.304199,1782129039869.844482,1782129039870.308594,0.000000,0.060000,0.000000,0.060000,-0.008400,-0.001600,-0.011600,0.600000,7.592206,5471,120.850000,24.790000,38,57
13.860012,1782129039874.399902,1782129039880.303711,1782129039879.843994,1782129039880.308350,-0.015000,0.255000,-0.090000,0.270832,-0.013200,-0.003600,-0.005200,0.600000,7.558517,7414,120.160000,24.710000,38,209
13.870012,1782129039886.399902,1782129039890.298584,1782129039889.843262,1782129039890.303223,0.000000,0.240000,0.000000,0.240000,-0.011200,-0.002800,-0.006000,0.600000,7.523530,7414,120.160000,24.710000,38,232
13.880012,1782129039898.399902,1782129039900.301025,1782129039899.843750,1782129039900.305664,0.015000,0.075000,0.060000,0.097211,-0.004000,0.002400,0.000000,0.600000,7.487270,7614,120.040000,24.760000,39,191
13.890012,1782129039906.399902,1782129039910.298340,1782129039909.844971,1782129039910.302490,0.060000,-0.090000,0.060000,0.123693,0.004800,0.005600,-0.005600,0.600000,7.449753,7614,120.040000,24.760000,39,200
13.900011,1782129039918.399902,1782129039920.302490,1782129039909.844971,1782129039910.302490,0.060000,-0.090000,0.060000,0.123693,0.004800,0.005600,-0.005600,0.600000,7.411007,7614,120.040000,24.760000,39,164
13.910012,1782129039930.399902,1782129039930.306885,1782129039929.844971,1782129039930.311035,-0.015000,-0.150000,0.060000,0.162250,0.006800,-0.002000,-0.002800,0.600000,7.371038,7628,121.050000,24.760000,38,0
13.920018,1782129039938.399902,1782129039940.302246,1782129039939.845215,1782129039940.307129,-0.015000,0.045000,0.000000,0.047434,-0.004800,-0.004000,-0.004800,0.600000,7.329860,7628,121.050000,24.760000,38,95
13.930014,1782129039950.399902,1782129039950.305420,1782129039949.845459,1782129039950.309570,0.000000,0.180000,-0.090000,0.201246,-0.009600,-0.002400,-0.000400,0.600000,7.287559,7614,121.170000,24.740000,39,0
13.940011,1782129039963.399902,1782129039960.302002,1782129039959.844238,1782129039960.306396,0.015000,0.090000,0.000000,0.091241,-0.002800,0.001600,0.001200,0.600000,7.244105,7614,121.170000,24.740000,39,17
13.950012,1782129039974.399902,1782129039970.300293,1782129039969.843018,1782129039970.304932,0.015000,-0.030000,0.090000,0.096047,0.006800,0.004800,0.002800,0.600000,7.199516,7500,121.010000,24.810000,38,35
13.960011,1782129039974.399902,1782129039970.300293,1782129039979.843262,1782129039980.306152,0.015000,-0.225000,0.060000,0.233345,0.012000,0.004400,-0.000800,0.600000,7.153840,7500,121.010000,24.810000,38,35
13.970013,1782129039983.399902,1782129039990.305176,1782129039989.846191,1782129039990.309814,0.000000,-0.255000,0.030000,0.256759,0.009200,0.000800,-0.002400,0.600000,7.107083,7500,121.010000,24.810000,38,129
13.980011,1782129039994.399902,1782129040000.308594,1782129039999.844971,1782129040000.314209,-0.030000,-0.090000,-0.090000,0.130767,0.004400,-0.002400,-0.002000,0.600000,7.059301,7485,120.890000,24.810000,39,111
13.990017,1782129040006.399902,1782129040010.294922,1782129039999.844971,1782129040000.314209,-0.030000,-0.090000,-0.090000,0.130767,0.004400,-0.002400,-0.002000,0.600000,7.010459,7485,120.890000,24.810000,39,124
14.000011,1782129040018.399902,1782129040020.394775,1782129040019.844238,1782129040020.401855,0.000000,0.180000,-0.090000,0.201246,-0.008800,-0.005200,-0.003200,0.600000,6.960692,7485,120.890000,24.810000,39,173
14.010015,1782129040026.399902,1782129040030.304688,1782129040029.843262,1782129040030.309082,0.015000,0.195000,-0.030000,0.197864,-0.009200,-0.002400,0.000400,0.600000,6.909913,7485,120.890000,24.810000,39,105
14.020016,1782129040038.399902,1782129040040.318604,1782129040039.863525,1782129040040.324707,-0.015000,0.150000,0.060000,0.162250,-0.008800,0.001600,-0.001200,0.600000,6.858216,7485,120.890000,24.810000,39,11
14.030015,1782129040050.399902,1782129040050.309082,1782129040049.846680,1782129040050.313477,0.045000,0.045000,0.060000,0.087464,-0.005200,0.005200,0.002000,0.600000,6.805627,7485,120.890000,24.810000,39,132
14.040013,1782129040058.399902,1782129040060.310547,1782129040059.849121,1782129040060.315674,0.045000,-0.060000,0.060000,0.096047,0.002800,0.005200,0.000400,0.600000,6.752168,7485,120.890000,24.810000,39,91
14.050011,1782129040070.399902,1782129040070.309814,1782129040069.844482,1782129040070.315186,0.015000,-0.210000,0.030000,0.212662,0.010000,0.003200,0.000400,0.600000,6.697869,7485,120.890000,24.810000,39,117
14.060015,1782129040083.399902,1782129040080.296631,1782129040079.843506,1782129040080.300781,0.030000,-0.240000,0.030000,0.243721,0.009600,0.001600,0.000800,0.600000,6.642724,7485,120.890000,24.810000,39,169
14.070013,1782129040083.399902,1782129040080.296631,1782129040089.842529,1782129040090.301270,0.015000,-0.180000,0.000000,0.180624,0.005600,0.000400,0.000800,0.600000,6.586833,7485,120.890000,24.810000,39,169
14.080011,1782129040094.399902,1782129040100.371826,1782129040089.842529,1782129040090.301270,0.015000,-0.180000,0.000000,0.180624,0.005600,0.000400,0.000800,0.600000,6.530192,7485,120.890000,24.810000,39,230
14.090012,1782129040106.399902,1782129040110.297852,1782129040109.844727,1782129040110.302979,-0.030000,-0.180000,-0.030000,0.184932,0.008000,-0.000400,0.001600,0.600000,6.472823,7485,120.890000,24.810000,39,39
14.100013,1782129040118.399902,1782129040120.305664,1782129040119.845215,1782129040120.311035,0.015000,-0.075000,-0.030000,0.082158,0.003200,-0.002000,-0.002000,0.600000,6.414768,7028,121.050000,24.790000,39,96
14.110012,1782129040126.399902,1782129040130.322510,1782129040129.852539,1782129040130.327637,0.000000,0.105000,0.030000,0.109202,-0.014800,-0.001200,0.012400,0.700000,6.356074,7028,121.050000,24.790000,39,234
14.120013,1782129040138.399902,1782129040140.308594,1782129040139.844238,1782129040140.314209,-0.015000,0.195000,0.030000,0.197864,-0.020400,-0.003200,0.010000,0.700000,6.296756,6942,121.210000,24.790000,39,248
14.130012,1782129040146.399902,1782129040150.309326,1782129040149.845459,1782129040150.313965,0.000000,0.225000,0.030000,0.226991,-0.015200,-0.006000,-0.000400,0.700000,6.236868,6942,121.210000,24.790000,39,177
14.140012,1782129040158.399902,1782129040160.308105,1782129040159.844238,1782129040160.313477,-0.045000,0.270000,0.000000,0.273724,-0.018000,-0.006400,-0.002800,0.700000,6.176428,6828,121.010000,24.800000,38,2
14.150012,1782129040170.399902,1782129040170.295166,1782129040169.845459,1782129040170.298584,-0.015000,0.360000,0.060000,0.365274,-0.022400,-0.004800,0.003200,0.700000,6.115475,6828,121.010000,24.800000,38,54
14.160012,1782129040183.399902,1782129040180.306396,1782129040179.843506,1782129040180.311279,-0.015000,0.360000,0.030000,0.361559,-0.021200,-0.002800,-0.002800,0.700000,6.054053,6828,121.010000,24.800000,38,114
14.170011,1782129040194.399902,1782129040190.299561,1782129040179.843506,1782129040180.311279,-0.015000,0.360000,0.030000,0.361559,-0.021200,-0.002800,-0.002800,0.700000,5.992192,6671,120.570000,24.770000,39,240
14.180012,1782129040194.399902,1782129040190.299561,1782129040199.842285,1782129040200.300537,-0.030000,0.375000,0.060000,0.380953,-0.026000,-0.008000,-0.002000,0.700000,5.929917,6671,120.570000,24.770000,39,240
14.190011,1782129040203.399902,1782129040210.302979,1782129040209.842285,1782129040210.307861,-0.015000,0.420000,0.060000,0.424529,-0.030400,-0.005600,0.001600,0.700000,5.867285,6671,120.570000,24.770000,39,225
14.200017,1782129040214.399902,1782129040220.301270,1782129040219.842773,1782129040220.305908,-0.015000,0.405000,0.060000,0.409695,-0.030400,-0.003600,0.000000,0.700000,5.804286,6571,120.930000,24.790000,38,250
14.210053,1782129040223.399902,1782129040230.340820,1782129040229.846924,1782129040230.356934,-0.015000,0.375000,0.030000,0.376497,-0.026800,-0.001600,0.000800,0.700000,5.740798,6571,120.930000,24.790000,38,148
14.220013,1782129040234.399902,1782129040240.337158,1782129040239.843506,1782129040240.340820,0.030000,0.405000,0.030000,0.407216,-0.025200,0.000800,0.000800,0.700000,5.677542,6571,120.930000,24.790000,38,40
14.230052,1782129040246.399902,1782129040250.311768,1782129040249.842529,1782129040250.317627,0.030000,0.420000,0.030000,0.422137,-0.029200,0.002000,0.001600,0.700000,5.613564,6571,120.930000,24.790000,38,79
14.240011,1782129040258.399902,1782129040260.337891,1782129040259.843018,1782129040260.342285,0.030000,0.390000,0.060000,0.395727,-0.027600,0.001600,0.000800,0.700000,5.549913,6571,120.930000,24.790000,38,15
14.250011,1782129040266.399902,1782129040270.304688,1782129040269.842773,1782129040270.310547,0.015000,0.345000,0.060000,0.350500,-0.021200,-0.001200,-0.001600,0.700000,5.485863,6571,120.930000,24.790000,38,111
14.260012,1782129040278.399902,1782129040280.296143,1782129040269.842773,1782129040270.310547,0.015000,0.345000,0.060000,0.350500,-0.021200,-0.001200,-0.001600,0.700000,5.421702,6314,120.650000,24.760000,38,248
14.270012,1782129040290.399902,1782129040290.305420,1782129040289.845947,1782129040290.311035,0.000000,-0.255000,0.090000,0.270416,0.016000,0.002400,0.000000,0.700000,5.357482,6314,120.650000,24.760000,38,189
14.280035,1782129040303.399902,1782129040300.298096,1782129040299.843750,1782129040300.302246,0.030000,-0.300000,-0.060000,0.307409,0.023600,0.003600,-0.005200,0.700000,5.293091,6314,120.650000,24.760000,38,202
14.290025,1782129040314.399902,1782129040310.362305,1782129040309.850342,1782129040310.372070,0.045000,-0.375000,0.030000,0.378880,0.026000,0.005600,-0.002400,0.700000,5.228925,6085,120.770000,24.760000,38,154
14.300048,1782129040314.399902,1782129040310.362305,1782129040319.865234,1782129040320.380371,0.045000,-0.315000,-0.030000,0.319609,0.021200,0.006000,0.004400,0.700000,5.164595,6085,120.770000,24.760000,38,154
14.310019,1782129040323.399902,1782129040330.415771,1782129040329.954590,1782129040330.434570,0.060000,-0.300000,0.030000,0.307409,0.016000,0.003200,0.001600,0.600000,5.100686,6085,120.770000,24.760000,38,49
14.320015,1782129040334.399902,1782129040340.344971,1782129040339.863037,1782129040340.353271,0.030000,-0.150000,0.060000,0.164317,0.008800,-0.001600,0.157600,0.600000,5.036748,6085,120.770000,24.760000,38,250
14.330252,1782129040346.399902,1782129040350.340820,1782129040349.871582,1782129040350.349121,-0.060000,-0.315000,0.000000,0.320663,0.032400,-0.005600,0.069600,0.600000,4.971444,6085,120.770000,24.760000,38,227
14.340017,1782129040354.399902,1782129040360.633545,1782129040349.871582,1782129040350.349121,-0.060000,-0.315000,0.000000,0.320663,0.032400,-0.005600,0.069600,0.600000,4.909356,6085,120.770000,24.760000,38,126
14.350022,1782129040366.399902,1782129040370.326416,1782129040369.914307,1782129040370.331787,-0.015000,-0.045000,-0.060000,0.076485,0.009200,-0.003200,0.011200,0.600000,4.845981,6085,120.770000,24.760000,38,59
14.360144,1782129040378.399902,1782129040380.330566,1782129040380.006104,1782129040380.335693,0.030000,0.000000,-0.030000,0.042426,0.006800,0.000400,0.002000,0.600000,4.782147,2428,117.710000,24.990000,39,123
14.370127,1782129040390.399902,1782129040390.485107,1782129040389.928467,1782129040390.491211,0.090000,0.105000,-0.030000,0.141510,-0.006000,0.006400,0.000000,0.600000,4.719524,2428,117.710000,24.990000,39,77
14.380104,1782129040403.399902,1782129040400.468994,1782129040400.011719,1782129040400.477539,0.075000,0.105000,0.030000,0.132476,-0.015200,0.008400,0.002400,0.600000,4.657295,2428,117.710000,24.990000,39,167
14.390090,1782129040410.399902,1782129040410.489990,1782129040409.916016,1782129040410.499512,0.045000,0.105000,0.000000,0.114237,-0.013200,0.004800,0.001200,0.600000,4.595404,2428,117.710000,24.990000,39,47
14.400031,1782129040410.399902,1782129040410.489990,1782129040419.925781,1782129040420.445557,0.015000,0.060000,-0.030000,0.068739,-0.006800,-0.000400,0.001200,0.600000,4.534231,2428,117.710000,24.990000,39,47
14.410111,1782129040434.399902,1782129040430.381592,1782129040429.984131,1782129040430.399170,0.000000,0.015000,0.030000,0.033541,-0.000800,-0.002400,-0.002400,0.600000,4.472680,2428,117.710000,24.990000,39,57
14.420011,1782129040443.399902,1782129040440.427246,1782129040439.863037,1782129040440.435303,-0.045000,0.000000,0.000000,0.045000,0.000400,-0.002800,-0.004400,0.600000,4.412733,2428,117.710000,24.990000,39,220
14.430020,1782129040443.399902,1782129040440.427246,1782129040449.856689,1782129040450.322510,-0.015000,0.015000,0.030000,0.036742,-0.001600,-0.002000,-0.006000,0.600000,4.352681,2428,117.710000,24.990000,39,220
14.440011,1782129040454.399902,1782129040460.334961,1782129040449.856689,1782129040450.322510,-0.015000,0.015000,0.030000,0.036742,-0.001600,-0.002000,-0.006000,0.600000,4.293319,2428,117.710000,24.990000,39,240
14.450017,1782129040466.399902,1782129040470.350098,1782129040469.854492,1782129040470.361572,0.015000,-0.045000,0.030000,0.056125,0.000000,-0.000800,-0.003200,0.600000,4.234495,2428,117.710000,24.990000,39,202
14.460027,1782129040474.399902,1782129040480.324463,1782129040479.852539,1782129040480.330078,-0.030000,0.000000,-0.030000,0.042426,-0.002800,-0.001600,-0.002800,0.600000,4.176309,2428,117.710000,24.990000,39,210
14.470103,1782129040486.399902,1782129040490.418457,1782129040489.854980,1782129040490.427734,0.045000,-0.015000,0.030000,0.056125,-0.002000,0.000400,-0.000400,0.600000,4.118449,2428,117.710000,24.990000,39,6
14.480025,1782129040498.399902,1782129040500.434326,1782129040499.848389,1782129040500.446289,0.045000,0.015000,0.030000,0.056125,-0.000800,0.002400,0.000000,0.600000,4.062201,1642,121.010000,24.770000,38,36
14.490100,1782129040510.399902,1782129040510.384766,1782129040509.852539,1782129040510.400146,0.000000,0.000000,-0.030000,0.030000,-0.000800,0.001200,-0.001200,0.600000,4.005860,1614,121.170000,24.780000,39,0
14.500023,1782129040523.399902,1782129040520.422363,1782129040519.849609,1782129040520.431885,-0.030000,-0.015000,0.030000,0.045000,-0.002400,-0.000400,-0.002800,0.600000,3.951170,1614,121.170000,24.780000,39,22
14.510087,1782129040530.399902,1782129040530.364014,1782129040529.853760,1782129040530.371338,0.015000,-0.030000,0.000000,0.033541,-0.002000,0.001200,-0.002400,-0.600000,3.896549,1600,121.050000,24.800000,39,0
14.520021,1782129040538.399902,1782129040540.419922,1782129040539.849365,1782129040540.429932,0.060000,0.000000,0.030000,0.067082,0.000400,0.001600,-0.003600,-0.600000,3.843500,1600,121.050000,24.800000,39,28
14.530159,1782129040554.399902,1782129040550.359619,1782129040539.849365,1782129040540.429932,0.060000,0.000000,0.030000,0.067082,0.000400,0.001600,-0.003600,-0.600000,3.790284,1600,121.050000,24.800000,39,102
14.540028,1782129040554.399902,1782129040550.359619,1782129040559.853760,1782129040560.475342,0.060000,-0.060000,0.000000,0.084853,0.001600,0.001600,-0.002400,-0.600000,3.739414,1600,121.050000,24.800000,39,102
14.550025,1782129040563.399902,1782129040570.370850,1782129040569.976318,1782129040570.380371,0.030000,-0.030000,0.000000,0.042426,0.003200,0.002400,-0.002000,-0.600000,3.688849,1600,121.050000,24.800000,39,35
14.560026,1782129040574.399902,1782129040580.372070,1782129040580.003662,1782129040580.383545,0.015000,-0.015000,0.000000,0.021213,-0.000800,0.000400,-0.001200,-0.600000,3.639267,1600,121.050000,24.800000,39,26
14.570017,1782129040586.399902,1782129040590.357178,1782129040589.954590,1782129040590.365723,0.000000,0.000000,0.060000,0.060000,-0.003200,0.000400,-0.003200,-0.600000,3.590775,1600,121.050000,24.800000,39,191
14.580023,1782129040598.399902,1782129040600.344238,1782129040599.966309,1782129040600.354736,0.030000,-0.030000,0.030000,0.051962,0.001600,0.001200,-0.001200,-0.600000,3.543279,1542,121.210000,24.780000,39,202
14.590022,1782129040606.399902,1782129040610.376465,1782129040609.961914,1782129040610.386719,-0.015000,-0.060000,0.000000,0.061847,0.001600,0.000400,-0.004000,-0.600000,3.496920,1542,121.210000,24.780000,39,119
14.600019,1782129040618.399902,1782129040620.353516,1782129040619.998535,1782129040620.362061,0.015000,-0.045000,0.030000,0.056125,0.000000,-0.000800,-0.002800,-0.600000,3.451693,1542,120.970000,24.820000,38,231
14.610019,1782129040630.399902,1782129040630.373535,1782129040629.958252,1782129040630.384033,0.015000,-0.045000,-0.030000,0.056125,0.003200,0.000000,-0.002000,-0.600000,3.407615,1514,120.770000,24.770000,39,0
14.620019,1782129040638.399902,1782129040640.349854,1782129040629.958252,1782129040630.384033,0.015000,-0.045000,-0.030000,0.056125,0.003200,0.000000,-0.002000,-0.600000,3.364723,1514,120.770000,24.770000,39,46
14.630021,1782129040650.399902,1782129040650.341064,1782129040649.955322,1782129040650.351318,-0.030000,-0.045000,0.000000,0.054083,0.006800,-0.001200,-0.002000,-0.600000,3.323033,1514,120.770000,24.770000,39,88
14.640021,1782129040663.399902,1782129040660.380859,1782129040659.982422,1782129040660.393066,0.015000,0.015000,0.000000,0.021213,0.000800,0.001200,0.000000,-0.600000,3.282597,1514,120.770000,24.770000,39,127
14.650027,1782129040674.399902,1782129040670.355957,1782129040669.996582,1782129040670.364502,0.045000,0.015000,0.000000,0.047434,-0.008400,0.002000,-0.004000,-0.600000,3.243408,1514,120.770000,24.770000,39,40
14.660032,1782129040674.399902,1782129040670.355957,1782129040679.974365,1782129040680.378662,0.000000,-0.015000,0.030000,0.033541,-0.007600,0.001600,-0.004400,-0.600000,3.205512,1514,120.770000,24.770000,39,40
14.670101,1782129040683.399902,1782129040690.364990,1782129040689.979248,1782129040690.373291,0.030000,-0.030000,0.000000,0.042426,0.002800,0.000800,-0.001200,-0.600000,3.168708,1514,120.770000,24.770000,39,200
14.680023,1782129040694.399902,1782129040700.442139,1782129040699.955566,1782129040700.450195,0.015000,-0.015000,-0.030000,0.036742,0.010400,0.000400,0.001200,-0.600000,3.133772,1471,120.400000,24.820000,39,213
14.690036,1782129040706.399902,1782129040710.370117,1782129040710.008789,1782129040710.380371,-0.030000,-0.060000,0.030000,0.073485,0.006400,-0.001600,-0.002000,-0.600000,3.099873,1471,120.400000,24.820000,39,109
14.700034,1782129040718.399902,1782129040720.404541,1782129040720.012451,1782129040720.419189,-0.045000,-0.030000,0.060000,0.080777,-0.002000,-0.001200,-0.002400,-0.600000,3.067416,1442,120.200000,24.820000,38,158
14.710033,1782129040730.399902,1782129040730.423096,1782129040720.012451,1782129040720.419189,-0.045000,-0.030000,0.060000,0.080777,-0.002000,-0.001200,-0.002400,0.200000,3.036362,1442,120.570000,24.790000,38,0
14.720118,1782129040738.399902,1782129040740.380127,1782129040739.932129,1782129040740.368652,0.015000,0.000000,0.000000,0.015000,-0.003200,0.000800,-0.002800,0.200000,3.006488,1442,120.570000,24.790000,38,62
14.730147,1782129040750.399902,1782129040750.436523,1782129040749.972656,1782129040750.445557,-0.015000,-0.015000,-0.030000,0.036742,-0.003200,-0.000800,-0.002800,0.200000,2.978236,1442,120.570000,24.790000,38,166
14.740085,1782129040758.399902,1782129040760.459473,1782129040759.946533,1782129040760.467285,0.045000,-0.015000,0.030000,0.056125,-0.002000,0.001600,-0.000800,0.200000,2.951696,1442,120.570000,24.790000,38,57
14.750241,1782129040770.399902,1782129040770.398438,1782129040769.946289,1782129040770.407959,0.015000,-0.030000,0.000000,0.033541,-0.002000,0.001200,-0.001600,0.200000,2.926089,1442,120.570000,24.790000,38,168
14.760146,1782129040783.399902,1782129040780.566162,1782129040779.847656,1782129040780.573975,0.000000,0.045000,0.030000,0.054083,-0.004800,0.000000,-0.002800,0.200000,2.902604,1442,120.570000,24.790000,38,229
14.770120,1782129040783.399902,1782129040780.566162,1782129040789.843018,1782129040790.472900,0.030000,0.000000,0.000000,0.030000,-0.007600,0.001200,-0.003600,0.200000,2.880456,1442,120.570000,24.790000,38,229
14.780190,1782129040794.399902,1782129040800.446045,1782129040799.844238,1782129040800.455811,0.030000,0.030000,0.030000,0.051962,-0.007200,0.002400,-0.003600,0.200000,2.859637,1414,120.730000,24.780000,38,64
14.790025,1782129040806.399902,1782129040810.504639,1782129040809.845459,1782129040810.514404,-0.015000,0.000000,0.000000,0.015000,-0.002800,0.000400,-0.001200,0.200000,2.840814,1414,120.730000,24.780000,38,200
14.800075,1782129040818.399902,1782129040820.361572,1782129040819.854492,1782129040820.369385,0.015000,-0.015000,0.000000,0.021213,-0.002000,0.000400,-0.000800,0.200000,2.823135,1400,120.320000,24.530000,38,161
14.810015,1782129040826.399902,1782129040830.401367,1782129040819.854492,1782129040820.369385,0.015000,-0.015000,0.000000,0.021213,-0.002000,0.000400,-0.000800,0.200000,2.807205,1400,120.320000,24.530000,38,64
14.820013,1782129040838.399902,1782129040840.327393,1782129040839.844971,1782129040840.334961,-0.030000,-0.030000,0.030000,0.051962,0.007200,-0.000400,-0.008000,0.200000,2.792751,1400,120.320000,24.530000,38,188
14.830084,1782129040846.399902,1782129040850.338379,1782129040849.845947,1782129040850.351318,0.000000,-0.030000,0.030000,0.042426,0.003200,0.000800,-0.006800,0.200000,2.779796,1400,120.320000,24.530000,38,138
14.840018,1782129040858.399902,1782129040860.403809,1782129040859.844238,1782129040860.414795,0.015000,0.045000,-0.030000,0.056125,-0.003600,0.002800,-0.008800,0.200000,2.768600,1400,120.320000,24.530000,38,213
14.850012,1782129040870.399902,1782129040870.332275,1782129040869.844727,1782129040870.339844,0.075000,-0.015000,0.030000,0.082158,-0.004800,0.002000,-0.004800,0.200000,2.758930,1642,118.880000,24.550000,39,0
14.860137,1782129040883.399902,1782129040880.375732,1782129040879.843994,1782129040880.383545,0.000000,0.015000,0.000000,0.015000,0.000000,-0.001600,0.000000,0.200000,2.750769,1642,118.880000,24.550000,39,194
14.870112,1782129040894.399902,1782129040890.464111,1782129040889.845459,1782129040890.473877,-0.045000,0.000000,0.000000,0.045000,0.002800,-0.001200,-0.000400,0.200000,2.744345,1642,118.880000,24.550000,39,65
14.880095,1782129040894.399902,1782129040890.464111,1782129040899.843262,1782129040900.437988,0.015000,-0.015000,-0.030000,0.036742,0.000000,0.000400,-0.002000,0.200000,2.739524,1642,118.880000,24.550000,39,65
14.890099,1782129040903.399902,1782129040910.421143,1782129040909.842285,1782129040910.430664,-0.015000,-0.015000,0.000000,0.021213,-0.001600,-0.001200,-0.001200,0.200000,2.736309,1642,118.880000,24.550000,39,156
14.900091,1782129040914.399902,1782129040920.425293,1782129040909.842285,1782129040910.430664,-0.015000,-0.015000,0.000000,0.021213,-0.001600,-0.001200,-0.001200,0.200000,2.734715,1728,119.600000,24.800000,39,63
14.910028,1782129040926.399902,1782129040930.426514,1782129040929.844238,1782129040930.434326,0.030000,-0.045000,0.000000,0.054083,-0.002000,0.001600,-0.003200,0.200000,2.734732,1728,119.600000,24.800000,39,253
14.920017,1782129040934.399902,1782129040940.390137,1782129040939.856201,1782129040940.402588,0.015000,-0.015000,-0.030000,0.036742,-0.002400,-0.001200,-0.002000,0.200000,2.736359,1742,120.490000,24.820000,38,128
14.930025,1782129040946.399902,1782129040950.322510,1782129040949.846436,1782129040950.330811,0.015000,-0.030000,0.030000,0.045000,-0.000400,-0.001600,-0.003200,0.200000,2.739606,1742,120.490000,24.820000,38,187
14.940019,1782129040958.399902,1782129040960.328369,1782129040959.844482,1782129040960.335205,0.030000,-0.015000,-0.030000,0.045000,0.000400,0.001600,-0.003600,0.200000,2.744458,1742,120.490000,24.820000,38,132
14.950019,1782129040966.399902,1782129040970.315430,1782129040969.844238,1782129040970.322021,0.000000,-0.015000,0.000000,0.015000,0.001600,0.001600,-0.002800,0.200000,2.750921,1742,120.490000,24.820000,38,153
14.960018,1782129040978.399902,1782129040980.316895,1782129040979.843750,1782129040980.323242,-0.015000,-0.030000,0.000000,0.033541,0.000800,-0.000800,-0.002000,0.200000,2.758985,1742,120.490000,24.820000,38,186
14.970022,1782129040990.399902,1782129040990.307129,1782129040989.845703,1782129040990.311279,0.045000,-0.045000,0.030000,0.070356,-0.000800,0.000800,-0.002000,0.200000,2.768648,1742,120.490000,24.820000,38,67
14.980026,1782129041003.399902,1782129041000.318848,1782129040999.842529,1782129041000.324463,0.060000,0.015000,0.030000,0.068739,-0.002000,0.003200,-0.002800,0.200000,2.779899,1742,120.490000,24.820000,38,247
14.990020,1782129041003.399902,1782129041000.318848,1782129040999.842529,1782129041000.324463,0.060000,0.015000,0.030000,0.068739,-0.002000,0.003200,-0.002800,0.200000,2.792716,1742,120.490000,24.820000,38,247
15.000020,1782129041014.399902,1782129041020.402100,1782129041019.845947,1782129041020.409912,0.000000,0.015000,0.030000,0.033541,-0.001200,0.000800,-0.002400,0.200000,2.807106,1742,120.490000,24.820000,38,159
15.010027,1782129041026.399902,1782129041030.319336,1782129041029.868652,1782129041030.331787,0.030000,-0.015000,0.030000,0.045000,0.000400,0.003600,-0.001600,0.200000,2.823065,1742,120.490000,24.820000,38,206
15.020018,1782129041034.399902,1782129041040.355225,1782129041039.943848,1782129041040.364990,-0.015000,0.015000,0.030000,0.036742,0.002000,0.000800,-0.002000,0.200000,2.840536,1742,120.360000,24.730000,38,139
15.030023,1782129041046.399902,1782129041050.319092,1782129041049.848389,1782129041050.325439,-0.015000,0.015000,0.030000,0.036742,0.000800,-0.001600,-0.003600,0.200000,2.859563,1742,120.360000,24.730000,38,120
15.040015,1782129041054.399902,1782129041060.335205,1782129041059.855957,1782129041060.342285,-0.015000,-0.045000,0.000000,0.047434,-0.000400,0.001600,-0.004000,0.200000,2.880078,1742,120.360000,24.730000,38,153
15.050017,1782129041066.399902,1782129041070.306885,1782129041069.843750,1782129041070.312744,0.030000,-0.030000,0.030000,0.051962,-0.001600,0.003200,-0.001600,0.200000,2.902110,1742,120.360000,24.730000,38,236
15.060020,1782129041078.399902,1782129041080.309814,1782129041079.843506,1782129041080.314941,0.015000,-0.015000,0.060000,0.063640,-0.000400,-0.000800,-0.004400,0.200000,2.925625,1742,120.360000,24.730000,38,102
15.070016,1782129041090.399902,1782129041090.332520,1782129041089.815430,1782129041090.340332,-0.030000,-0.030000,-0.030000,0.051962,0.001600,-0.001600,-0.002800,0.200000,2.950583,1757,120.970000,24.800000,38,0
15.080015,1782129041103.399902,1782129041100.305664,1782129041089.815430,1782129041090.340332,-0.030000,-0.030000,-0.030000,0.051962,0.001600,-0.001600,-0.002800,0.200000,2.976991,1757,120.970000,24.800000,38,247
15.090017,1782129041110.399902,1782129041110.299805,1782129041109.809082,1782129041110.304443,-0.015000,-0.045000,0.000000,0.047434,0.001600,-0.000800,-0.002400,0.200000,3.004828,1757,120.970000,24.800000,38,15
15.100016,1782129041110.399902,1782129041110.299805,1782129041119.843506,1782129041120.309814,-0.015000,-0.015000,0.030000,0.036742,0.000000,-0.000800,-0.002000,0.200000,3.034052,1757,120.970000,24.800000,38,15
15.110018,1782129041123.399902,1782129041130.310303,1782129041129.806885,1782129041130.321777,0.015000,0.015000,0.000000,0.021213,-0.001600,0.003600,-0.004400,0.200000,3.064666,1757,120.970000,24.800000,38,95
15.120021,1782129041134.399902,1782129041140.311523,1782129041139.845703,1782129041140.316162,0.060000,0.000000,0.030000,0.067082,-0.001600,0.002000,-0.002800,0.200000,3.096630,1785,121.250000,24.820000,38,227
15.130022,1782129041143.399902,1782129041150.315918,1782129041149.845215,1782129041150.321533,-0.045000,-0.030000,-0.030000,0.061847,0.000000,-0.002000,-0.004400,0.200000,3.129917,1785,121.250000,24.820000,38,1
15.140017,1782129041154.399902,1782129041160.336914,1782129041159.844727,1782129041160.345459,0.060000,-0.060000,0.030000,0.090000,0.000400,0.000000,-0.004000,0.200000,3.164484,1814,121.170000,24.810000,38,31
15.150017,1782129041166.399902,1782129041170.315186,1782129041169.843018,1782129041170.321533,0.015000,-0.030000,0.000000,0.033541,0.000000,0.002800,-0.005200,0.200000,3.200337,1814,121.170000,24.810000,38,87
15.160013,1782129041178.399902,1782129041180.310547,1782129041179.843506,1782129041180.315918,0.015000,0.000000,0.030000,0.033541,-0.000400,0.000000,-0.002000,0.200000,3.237420,1828,121.050000,24.760000,38,114
15.170022,1782129041186.399902,1782129041190.313232,1782129041179.843506,1782129041180.315918,0.015000,0.000000,0.030000,0.033541,-0.000400,0.000000,-0.002000,0.200000,3.275768,1828,121.050000,24.760000,38,104
15.180012,1782129041198.399902,1782129041200.328369,1782129041199.843750,1782129041200.336914,0.045000,-0.045000,0.030000,0.070356,-0.000400,0.002400,-0.002800,0.200000,3.315224,1842,120.850000,24.800000,38,240
15.190013,1782129041210.399902,1782129041210.315430,1782129041209.844482,1782129041210.321777,-0.015000,0.015000,-0.030000,0.036742,-0.001600,-0.001200,-0.004400,0.200000,3.355876,1842,120.850000,24.800000,38,156
15.200017,1782129041223.399902,1782129041220.314697,1782129041219.909912,1782129041220.321289,-0.060000,-0.030000,0.000000,0.067082,-0.000800,-0.002400,-0.003600,0.200000,3.397661,1842,120.850000,24.800000,38,43
15.210020,1782129041234.399902,1782129041230.321533,1782129041229.846436,1782129041230.325195,0.060000,-0.060000,0.000000,0.084853,0.000800,0.002000,-0.004000,0.200000,3.440528,1885,120.850000,24.830000,38,182
15.220024,1782129041243.399902,1782129041240.306885,1782129041239.846436,1782129041240.310791,0.045000,0.045000,0.030000,0.070356,0.000400,0.002800,-0.002000,0.200000,3.484457,1885,120.850000,24.830000,38,21
15.230021,1782129041254.399902,1782129041250.312012,1782129041249.843262,1782129041250.315918,-0.030000,0.000000,0.000000,0.030000,-0.000400,-0.001600,-0.000400,0.200000,3.529368,1900,120.570000,24.690000,38,33
15.240012,1782129041254.399902,1782129041250.312012,1782129041259.843506,1782129041260.312500,0.015000,0.000000,0.000000,0.015000,-0.001600,0.000000,-0.002800,0.200000,3.575232,1900,120.570000,24.690000,38,33
15.250012,1782129041263.399902,1782129041270.369873,1782129041269.843018,1782129041270.375000,0.000000,-0.030000,0.030000,0.042426,-0.001600,0.004000,-0.002400,0.200000,3.622085,1900,120.570000,24.690000,38,249
15.260015,1782129041274.399902,1782129041280.318604,1782129041269.843018,1782129041270.375000,0.000000,-0.030000,0.030000,0.042426,-0.001600,0.004000,-0.002400,0.200000,3.669853,1928,120.730000,24.830000,39,252
15.270018,1782129041286.399902,1782129041290.312988,1782129041289.844971,1782129041290.319824,0.030000,-0.030000,0.000000,0.042426,-0.001600,0.001600,-0.003200,0.200000,3.718493,1928,120.730000,24.830000,39,54
15.280020,1782129041298.399902,1782129041300.332275,1782129041299.848145,1782129041300.340088,0.045000,0.030000,0.000000,0.054083,-0.002000,0.004000,-0.002800,0.200000,3.767958,1928,120.730000,24.830000,39,247
15.290027,1782129041310.399902,1782129041310.383057,1782129041309.849365,1782129041310.393555,0.000000,-0.045000,0.030000,0.054083,0.000000,-0.001600,-0.002800,0.200000,3.818233,1928,120.730000,24.830000,39,99
15.300023,1782129041318.399902,1782129041320.385498,1782129041319.859863,1782129041320.396484,-0.075000,0.000000,-0.030000,0.080777,0.000800,-0.003200,-0.004400,0.200000,3.869203,1928,120.730000,24.830000,39,213
15.310090,1782129041330.399902,1782129041330.361816,1782129041329.852539,1782129041330.370117,0.060000,-0.015000,0.000000,0.061847,0.000400,0.003200,-0.004400,0.200000,3.921246,2000,120.490000,24.840000,39,0
15.320122,1782129041338.399902,1782129041340.404297,1782129041339.852295,1782129041340.413330,0.060000,0.030000,0.030000,0.073485,0.000000,0.002800,-0.002800,0.200000,3.973780,2000,120.490000,24.840000,39,221
15.330068,1782129041350.399902,1782129041350.448975,1782129041349.847412,1782129041350.458740,-0.030000,0.030000,0.030000,0.051962,-0.008800,-0.001600,-0.032800,0.200000,4.026478,2257,120.570000,24.780000,39,0
15.340021,1782129041363.399902,1782129041360.382080,1782129041359.844971,1782129041360.390869,-0.015000,0.075000,-0.030000,0.082158,-0.007600,-0.000400,-0.020000,0.200000,4.079786,2257,120.570000,24.780000,39,149
15.350026,1782129041363.399902,1782129041360.382080,1782129041359.844971,1782129041360.390869,-0.015000,0.075000,-0.030000,0.082158,-0.007600,-0.000400,-0.020000,0.200000,4.133905,2257,120.570000,24.780000,39,149
15.360024,1782129041374.399902,1782129041380.359375,1782129041379.854980,1782129041380.370850,-0.030000,0.015000,0.000000,0.033541,-0.004400,-0.002400,-0.004400,0.200000,4.188472,3328,121.170000,24.800000,38,125
15.370023,1782129041386.399902,1782129041390.369629,1782129041390.000000,1782129041390.378418,-0.045000,0.000000,0.000000,0.045000,-0.001200,-0.002000,-0.008000,0.200000,4.243491,3328,121.170000,24.800000,38,189
15.380017,1782129041398.399902,1782129041400.358398,1782129041400.013672,1782129041400.366699,0.060000,-0.045000,0.060000,0.096047,0.003600,0.002000,-0.008000,0.200000,4.298885,3742,121.210000,24.800000,38,148
15.390023,1782129041406.399902,1782129041410.360596,1782129041409.961670,1782129041410.373291,-0.030000,-0.030000,0.000000,0.042426,0.002400,-0.004000,-0.008000,0.200000,4.354692,3742,121.210000,24.800000,38,160
15.400024,1782129041418.399902,1782129041420.363037,1782129041419.979980,1782129041420.374268,-0.015000,0.060000,0.000000,0.061847,-0.004400,-0.000800,-0.003200,0.200000,4.410784,3857,121.250000,24.820000,39,96
15.410161,1782129041430.399902,1782129041430.392822,1782129041430.020508,1782129041430.401855,0.045000,-0.015000,0.030000,0.056125,-0.002000,0.005200,-0.004400,0.200000,4.467900,3957,120.770000,24.640000,39,0
15.420102,1782129041438.399902,1782129041440.584229,1782129041439.963623,1782129041440.606934,0.015000,0.015000,0.000000,0.021213,-0.001200,0.002000,-0.007200,0.200000,4.524126,3957,120.770000,24.640000,39,34
15.430023,1782129041450.399902,1782129041450.467529,1782129041449.960938,1782129041450.479492,-0.030000,0.030000,0.030000,0.051962,-0.000800,-0.002000,-0.003200,0.200000,4.580399,3957,120.770000,24.640000,39,249
15.440097,1782129041458.399902,1782129041460.358887,1782129041449.960938,1782129041450.479492,-0.030000,0.030000,0.030000,0.051962,-0.000800,-0.002000,-0.003200,0.200000,4.637661,3957,120.770000,24.640000,39,235
15.450021,1782129041470.399902,1782129041470.439453,1782129041469.988281,1782129041470.449463,0.060000,-0.045000,-0.030000,0.080777,0.002000,0.003200,-0.003200,0.200000,4.694140,4100,120.530000,24.820000,38,0
15.460015,1782129041470.399902,1782129041470.439453,1782129041479.973145,1782129041480.364990,-0.090000,-0.030000,0.000000,0.094868,-0.004000,-0.003200,-0.004800,0.200000,4.751039,4100,120.530000,24.820000,38,0
15.470025,1782129041483.399902,1782129041490.327881,1782129041489.972412,1782129041490.335205,0.000000,0.030000,0.030000,0.042426,-0.003200,0.002400,-0.003600,0.200000,4.808007,4100,120.530000,24.820000,38,230
15.480102,1782129041494.399902,1782129041500.359375,1782129041499.954590,1782129041500.368652,0.075000,-0.045000,0.030000,0.092466,-0.000400,0.002400,-0.004400,0.200000,4.865284,4100,120.530000,24.820000,38,241
15.490099,1782129041506.399902,1782129041510.428711,1782129041509.958008,1782129041510.439697,-0.030000,0.045000,-0.030000,0.061847,-0.006800,-0.003200,-0.004400,0.200000,4.921981,4100,120.530000,24.820000,38,214
15.500106,1782129041518.399902,1782129041520.423828,1782129041519.993164,1782129041520.433594,-0.015000,0.015000,0.000000,0.021213,-0.002400,-0.002000,-0.000800,0.200000,4.978567,4100,120.530000,24.820000,38,1
15.510017,1782129041526.399902,1782129041530.438232,1782129041529.948730,1782129041530.446777,0.060000,-0.045000,0.000000,0.075000,0.004000,0.001200,-0.001200,0.900000,5.034395,4100,120.530000,24.820000,38,221
15.520078,1782129041538.399902,1782129041540.345947,1782129041539.960205,1782129041540.355957,0.015000,0.015000,-0.030000,0.036742,-0.000800,0.001200,-0.004400,0.900000,5.090801,4285,121.250000,24.770000,38,186
15.530125,1782129041546.399902,1782129041550.393066,1782129041539.960205,1782129041540.355957,0.015000,0.015000,-0.030000,0.036742,-0.000800,0.001200,-0.004400,0.900000,5.146813,936214,453.130000,350.530000,64,15
15.540019,1782129041558.399902,1782129041560.452881,1782129041559.970947,1782129041560.462402,0.105000,0.030000,-0.030000,0.113248,-0.003200,0.004000,-0.003200,0.900000,5.201614,936214,453.130000,350.530000,64,106
15.550013,1782129041577.011719,1782129041570.327881,1782129041569.942383,1782129041570.335938,-0.015000,-0.030000,0.000000,0.033541,0.001200,0.000800,-0.003600,0.900000,5.256567,4442,120.850000,24.760000,39,0
15.560012,1782129041590.011475,1782129041580.315674,1782129041579.949219,1782129041580.322754,-0.075000,-0.045000,0.000000,0.087464,-0.000400,-0.004800,-0.004000,0.900000,5.311087,4442,120.850000,24.760000,39,33
15.570013,1782129041601.011719,1782129041590.319824,1782129041589.993164,1782129041590.333496,0.030000,0.015000,0.030000,0.045000,-0.001600,0.000400,-0.005200,0.900000,5.365121,4514,120.850000,24.690000,39,42
15.580016,1782129041601.011719,1782129041590.319824,1782129041599.947510,1782129041600.323486,0.060000,-0.045000,0.000000,0.075000,0.005600,0.004400,-0.007200,0.900000,5.418621,4514,120.850000,24.690000,39,42
15.590014,1782129041610.011475,1782129041610.355469,1782129041609.951416,1782129041610.371826,-0.030000,-0.060000,0.030000,0.073485,0.004000,-0.001200,-0.006400,0.900000,5.471494,4514,120.850000,24.690000,39,209
15.600014,1782129041621.011719,1782129041620.325928,1782129041619.952148,1782129041620.333496,-0.045000,-0.015000,0.030000,0.056125,-0.004000,0.000000,-0.002400,0.900000,5.523739,4514,120.850000,24.690000,39,32
15.610012,1782129041633.011719,1782129041630.329102,1782129041629.949951,1782129041630.335205,0.060000,0.015000,0.030000,0.068739,-0.002400,0.006000,-0.002000,0.900000,5.575289,4514,120.850000,24.690000,39,245
15.620013,1782129041645.011719,1782129041640.298096,1782129041629.949951,1782129041630.335205,0.060000,0.015000,0.030000,0.068739,-0.002400,0.006000,-0.002000,0.900000,5.626127,4642,120.570000,24.720000,38,204
15.630018,1782129041653.011719,1782129041650.361572,1782129041649.942139,1782129041650.369141,0.030000,0.015000,-0.030000,0.045000,-0.001600,0.002800,-0.002800,0.900000,5.676207,4642,120.570000,24.720000,38,246
15.640017,1782129041665.011719,1782129041660.305908,1782129041659.989502,1782129041660.309814,0.045000,-0.045000,0.030000,0.070356,0.001600,0.006000,-0.001200,0.900000,5.725442,4685,120.770000,24.750000,39,48
15.650015,1782129041673.011719,1782129041670.347656,1782129041669.952148,1782129041670.355713,0.000000,-0.030000,-0.030000,0.042426,-0.000400,-0.000800,-0.007200,0.900000,5.773811,4685,120.770000,24.750000,39,212
15.660011,1782129041685.011719,1782129041680.343018,1782129041679.970947,1782129041680.351318,-0.060000,-0.015000,0.000000,0.061847,-0.004000,-0.003600,-0.003200,0.900000,5.821267,4771,120.160000,24.750000,39,10
15.670012,1782129041697.011719,1782129041690.297607,1782129041689.938721,1782129041690.301758,0.045000,-0.030000,0.000000,0.054083,0.004000,0.001200,-0.002800,0.900000,5.867801,4814,120.320000,24.740000,39,0
15.680013,1782129041710.011475,1782129041700.313477,1782129041699.942139,1782129041700.319824,0.060000,-0.075000,0.000000,0.096047,0.008000,0.001200,-0.002000,0.900000,5.913355,4814,120.320000,24.740000,39,173
15.690012,1782129041710.011475,1782129041700.313477,1782129041709.942139,1782129041710.299072,-0.030000,-0.045000,0.000000,0.054083,0.003600,-0.003600,-0.007600,0.900000,5.957874,4814,120.320000,24.740000,39,173
15.700012,1782129041721.011719,1782129041720.315918,1782129041719.942383,1782129041720.322510,-0.015000,-0.045000,-0.060000,0.076485,-0.000400,0.000000,-0.002400,0.900000,6.001333,4871,120.570000,24.740000,38,164
15.710012,1782129041733.011719,1782129041730.318848,1782129041719.942383,1782129041720.322510,-0.015000,-0.045000,-0.060000,0.076485,-0.000400,0.000000,-0.002400,0.600000,6.043688,4871,120.570000,24.740000,38,153
15.720012,1782129041741.011719,1782129041740.305664,1782129041739.945312,1782129041740.312500,-0.120000,0.045000,0.030000,0.131624,-0.001600,-0.006400,-0.003200,0.600000,6.084908,4942,120.240000,24.600000,38,169
15.730010,1782129041753.011719,1782129041750.330566,1782129041749.995361,1782129041750.345215,-0.015000,-0.030000,0.030000,0.045000,0.000400,0.000000,-0.006400,0.600000,6.124943,4942,120.240000,24.600000,38,239
15.740012,1782129041761.011719,1782129041760.296143,1782129041759.942139,1782129041760.300049,0.090000,-0.120000,0.000000,0.150000,0.008000,0.007200,-0.011200,0.600000,6.163781,4985,120.280000,24.750000,38,83
15.750014,1782129041773.011719,1782129041770.313721,1782129041769.941895,1782129041770.320068,0.015000,-0.120000,0.000000,0.120934,0.010800,0.005200,-0.007200,0.600000,6.201375,4985,120.280000,24.750000,38,52
15.760012,1782129041785.011719,1782129041780.325195,1782129041779.949219,1782129041780.333496,-0.030000,0.000000,0.000000,0.030000,0.001600,0.002400,-0.001200,0.600000,6.237680,5028,120.040000,24.690000,38,118
15.770014,1782129041797.011719,1782129041790.322998,1782129041789.947266,1782129041790.331055,0.045000,0.060000,0.030000,0.080777,-0.007200,0.006800,-0.001600,0.600000,6.272684,5028,120.040000,24.690000,38,62
15.780013,1782129041810.011475,1782129041800.323730,1782129041799.949951,1782129041800.333740,0.030000,-0.030000,0.030000,0.051962,-0.005200,0.006000,-0.003600,0.600000,6.306342,5028,120.040000,24.690000,38,59
15.790018,1782129041817.011719,1782129041810.324463,1782129041809.948486,1782129041810.332275,-0.045000,-0.075000,0.000000,0.087464,0.002400,-0.003600,-0.003200,0.600000,6.338646,5100,120.450000,24.790000,38,0
15.800015,1782129041817.011719,1782129041810.324463,1782129041809.948486,1782129041810.332275,-0.045000,-0.075000,0.000000,0.087464,0.002400,-0.003600,-0.003200,0.600000,6.369527,5100,120.450000,24.790000,38,0
15.810012,1782129041830.011475,1782129041830.339600,1782129041829.985107,1782129041830.357422,0.060000,-0.045000,-0.030000,0.080777,-0.000800,0.006000,-0.003200,0.600000,6.398985,5100,120.450000,24.790000,38,128
15.820014,1782129041841.011719,1782129041840.322510,1782129041839.946045,1782129041840.330322,-0.060000,-0.060000,0.000000,0.084853,0.006400,-0.002400,-0.024400,0.600000,6.427002,5100,120.450000,24.790000,38,54
15.830014,1782129041850.011475,1782129041850.324463,1782129041849.947754,1782129041850.332275,-0.015000,0.030000,0.060000,0.068739,-0.001600,-0.004400,-0.030400,0.600000,6.453540,5100,120.450000,24.790000,38,14
15.840012,1782129041861.011719,1782129041860.324463,1782129041859.949707,1782129041860.333252,0.060000,0.045000,0.000000,0.075000,-0.007600,-0.000800,-0.021600,0.600000,6.478574,5100,120.450000,24.790000,38,45
15.850014,1782129041873.011719,1782129041870.322021,1782129041869.946533,1782129041870.330078,-0.030000,0.135000,0.030000,0.141510,-0.011200,-0.004000,-0.008000,0.600000,6.502097,5100,120.450000,24.790000,38,65
15.860014,1782129041881.011719,1782129041880.323730,1782129041879.992188,1782129041880.331787,-0.045000,0.210000,-0.030000,0.216852,-0.009200,-0.004800,-0.007600,0.600000,6.524076,6271,120.490000,24.740000,38,22
15.870014,1782129041893.011719,1782129041890.323975,1782129041889.945312,1782129041890.331787,0.075000,0.255000,0.000000,0.265801,-0.012400,0.000800,-0.005200,0.600000,6.544491,6271,120.490000,24.740000,38,32
15.880014,1782129041905.011719,1782129041900.323730,1782129041899.949219,1782129041900.331787,0.090000,0.315000,0.000000,0.327605,-0.019600,0.004000,-0.004400,0.600000,6.563333,6414,120.890000,24.780000,38,194
15.890012,1782129041917.011719,1782129041910.326904,1782129041899.949219,1782129041900.331787,0.090000,0.315000,0.000000,0.327605,-0.019600,0.004000,-0.004400,0.600000,6.580576,6457,121.130000,24.740000,38,0
15.900013,1782129041930.011475,1782129041920.321289,1782129041919.952637,1782129041920.329590,0.060000,-0.045000,0.030000,0.080777,-0.001600,0.003200,-0.001200,0.600000,6.596218,6457,121.130000,24.740000,38,173
15.910013,1782129041941.011719,1782129041930.330078,1782129041929.948486,1782129041930.336426,0.060000,-0.060000,-0.060000,0.103923,0.002400,0.004000,-0.004400,0.600000,6.610239,6485,121.170000,24.750000,39,82
15.920013,1782129041941.011719,1782129041930.330078,1782129041939.945557,1782129041940.323242,-0.045000,-0.060000,0.000000,0.075000,0.002000,0.000000,-0.002400,0.600000,6.622627,6485,121.170000,24.750000,39,82
15.930020,1782129041961.011719,1782129041950.324219,1782129041949.946289,1782129041950.332031,0.000000,-0.165000,0.000000,0.165000,0.004000,0.002400,-0.008000,0.600000,6.633380,6485,121.170000,24.750000,39,11
15.940013,1782129041961.011719,1782129041950.324219,1782129041959.953857,1782129041960.329834,0.090000,-0.150000,0.060000,0.184932,0.006000,0.006000,-0.007200,0.600000,6.642472,6485,121.170000,24.750000,39,11
15.950018,1782129041970.011475,1782129041970.326172,1782129041970.037842,1782129041970.333984,-0.030000,-0.165000,0.030000,0.170367,0.010800,0.001600,-0.001600,0.600000,6.649918,6485,121.170000,24.750000,39,8
15.960012,1782129041981.011719,1782129041980.327148,1782129041980.039795,1782129041980.334473,-0.030000,-0.180000,0.030000,0.184932,0.012800,-0.002400,0.002000,0.600000,6.655696,6571,120.850000,24.770000,38,191
15.970015,1782129041993.011719,1782129041990.321777,1782129041989.945801,1782129041990.329834,-0.015000,-0.180000,0.030000,0.183098,0.007600,0.001600,-0.001200,0.600000,6.659815,6571,120.850000,24.770000,38,119
15.980014,1782129042005.011719,1782129042000.327393,1782129041989.945801,1782129041990.329834,-0.015000,-0.180000,0.030000,0.183098,0.007600,0.001600,-0.001200,0.600000,6.662268,6542,120.850000,24.770000,39,151
15.990016,1782129042017.011719,1782129042010.324707,1782129042009.944092,1782129042010.333252,-0.030000,-0.465000,0.000000,0.465967,0.030400,0.002800,-0.000400,0.600000,6.663056,6542,120.850000,24.770000,39,110
16.000029,1782129042025.011719,1782129042020.379883,1782129042019.956055,1782129042020.387451,0.045000,-0.465000,-0.060000,0.471010,0.027600,0.005600,-0.004400,0.600000,6.662179,6542,120.850000,24.770000,39,48
16.010019,1782129042037.011719,1782129042030.348877,1782129042029.942871,1782129042030.357422,0.030000,-0.525000,-0.030000,0.526711,0.033200,0.002400,-0.005600,0.600000,6.659646,6542,120.970000,24.790000,39,0
16.020016,1782129042050.011475,1782129042040.420898,1782129042040.150879,1782129042040.428955,-0.045000,-0.510000,-0.060000,0.515485,0.039200,-0.002000,-0.005200,0.600000,6.655458,6542,120.970000,24.790000,39,114
16.030016,1782129042057.011719,1782129042050.333252,1782129042049.962891,1782129042050.341309,0.045000,-0.465000,-0.060000,0.471010,0.032800,0.003200,-0.004000,0.600000,6.649621,6557,120.970000,24.780000,38,0
16.040015,1782129042070.011475,1782129042060.346436,1782129042059.961426,1782129042060.355225,0.120000,-0.450000,-0.030000,0.466690,0.024400,0.008400,0.001200,0.600000,6.642147,6557,120.970000,24.780000,38,9
16.050015,1782129042081.011719,1782129042070.326172,1782129042069.948730,1782129042070.334229,-0.030000,-0.390000,0.000000,0.391152,0.024400,0.004000,-0.003600,0.600000,6.633043,6542,120.690000,24.750000,38,43
16.060014,1782129042081.011719,1782129042070.326172,1782129042079.950684,1782129042080.324951,-0.090000,-0.435000,-0.060000,0.448247,0.026400,-0.000400,0.000400,0.600000,6.622324,6542,120.690000,24.750000,38,43
16.070015,1782129042093.011719,1782129042090.326904,1782129042079.950684,1782129042080.324951,-0.090000,-0.435000,-0.060000,0.448247,0.026400,-0.000400,0.000400,0.600000,6.610000,6542,120.690000,24.750000,38,27
16.080013,1782129042101.011719,1782129042100.324951,1782129042099.950928,1782129042100.332520,-0.030000,-0.210000,0.000000,0.212132,0.011600,-0.000400,0.000000,0.600000,6.596092,6571,120.570000,24.740000,39,59
16.090017,1782129042113.011719,1782129042110.323730,1782129042109.945557,1782129042110.332520,-0.045000,-0.195000,0.000000,0.200125,0.014800,-0.002000,-0.001600,0.600000,6.580606,6571,120.570000,24.740000,39,140
16.100013,1782129042125.011719,1782129042120.329346,1782129042120.021729,1782129042120.338135,0.045000,-0.195000,0.000000,0.200125,0.014000,0.002400,-0.001200,0.600000,6.563581,6557,120.490000,24.760000,38,35
16.110020,1782129042137.011719,1782129042130.332275,1782129042129.953125,1782129042130.340576,0.030000,-0.240000,0.030000,0.243721,0.014800,0.003200,-0.005200,0.700000,6.545004,6542,120.650000,24.800000,38,0
16.120016,1782129042145.011719,1782129042140.329346,1782129042140.011230,1782129042140.337158,0.000000,-0.210000,0.000000,0.210000,0.014000,0.000800,-0.002800,0.700000,6.524939,6542,120.650000,24.800000,38,229
16.130018,1782129042157.011719,1782129042150.326172,1782129042149.953125,1782129042150.333984,0.030000,-0.195000,0.000000,0.197294,0.011600,0.004000,0.002800,0.700000,6.503376,6514,120.930000,24.800000,38,0
16.140018,1782129042165.011719,1782129042160.330811,1782129042159.961670,1782129042160.338623,0.060000,-0.210000,0.000000,0.218403,0.013600,0.005600,-0.001200,0.700000,6.480355,6514,120.930000,24.800000,38,222
16.150023,1782129042177.011719,1782129042170.342529,1782129042170.121582,1782129042170.350830,0.015000,-0.240000,0.000000,0.240468,0.017200,0.001600,-0.006000,0.700000,6.455890,6485,120.850000,24.770000,39,0
16.160028,1782129042177.011719,1782129042170.342529,1782129042170.121582,1782129042170.350830,0.015000,-0.240000,0.000000,0.240468,0.017200,0.001600,-0.006000,0.700000,6.430020,6485,120.850000,24.770000,39,0
16.170018,1782129042190.011475,1782129042190.357422,1782129042190.088379,1782129042190.368652,0.015000,0.300000,0.030000,0.301869,-0.019200,0.000000,-0.003200,0.700000,6.402812,6485,120.850000,24.770000,39,5
16.180017,1782129042201.011719,1782129042200.319580,1782129042199.974609,1782129042200.324219,0.000000,0.330000,0.000000,0.330000,-0.018800,-0.003600,-0.001600,0.700000,6.374242,6457,120.730000,24.680000,38,53
16.190015,1782129042213.011719,1782129042210.320801,1782129042209.956055,1782129042210.326660,-0.015000,0.315000,0.030000,0.316781,-0.020400,-0.002800,-0.004800,0.700000,6.344360,6457,120.730000,24.680000,38,154
16.200112,1782129042225.011719,1782129042220.315918,1782129042220.086670,1782129042220.321777,0.060000,0.375000,-0.060000,0.384480,-0.022400,0.002000,0.002000,0.700000,6.312889,6457,120.730000,24.680000,38,155
16.210023,1782129042233.011719,1782129042230.480469,1782129042229.989502,1782129042230.492188,0.045000,0.345000,0.000000,0.347922,-0.022000,0.001200,-0.004400,0.700000,6.280769,6457,120.730000,24.680000,38,51
16.220025,1782129042245.011719,1782129042240.371094,1782129042239.996826,1782129042240.383301,-0.030000,0.360000,-0.060000,0.366197,-0.027200,-0.001600,0.001600,0.700000,6.247156,6414,120.610000,24.790000,39,192
16.230023,1782129042253.011719,1782129042250.404541,1782129042250.085205,1782129042250.419678,0.030000,0.435000,0.000000,0.436033,-0.032800,-0.000400,0.002800,0.700000,6.212395,6414,120.610000,24.790000,39,200
16.240016,1782129042265.011719,1782129042260.361328,1782129042259.964600,1782129042260.371582,0.030000,0.375000,0.000000,0.376198,-0.029200,0.000800,-0.005600,0.700000,6.176527,6414,120.610000,24.790000,39,111
16.250057,1782129042277.011719,1782129042270.356934,1782129042259.964600,1782129042260.371582,0.030000,0.375000,0.000000,0.376198,-0.029200,0.000800,-0.005600,0.700000,6.139395,6414,120.610000,24.790000,39,213
16.260037,1782129042290.011475,1782129042280.456055,1782129042279.969727,1782129042280.474365,0.015000,-0.120000,0.030000,0.124599,0.006400,0.004400,-0.002800,0.700000,6.101453,6414,120.610000,24.790000,39,221
16.270052,1782129042301.011719,1782129042290.421875,1782129042289.963623,1782129042290.439941,0.060000,-0.210000,0.030000,0.220454,0.012800,0.006800,-0.002400,0.700000,6.062381,6257,120.450000,24.750000,38,252
16.280070,1782129042301.011719,1782129042290.421875,1782129042299.975586,1782129042300.439453,-0.015000,-0.285000,0.000000,0.285394,0.016400,0.002400,0.001600,0.700000,6.022341,6257,120.450000,24.750000,38,252
16.290137,1782129042313.011719,1782129042310.420654,1782129042310.036865,1782129042310.433105,-0.045000,-0.300000,0.030000,0.304836,0.019200,0.001600,0.000800,0.700000,5.981195,6257,120.450000,24.750000,38,186
16.300028,1782129042321.011719,1782129042320.473633,1782129042319.960938,1782129042320.484375,0.030000,-0.360000,0.000000,0.361248,0.021600,0.004400,0.000800,0.700000,5.939916,6228,120.240000,24.720000,38,7
16.310023,1782129042333.011719,1782129042330.415283,1782129042330.025879,1782129042330.425781,0.000000,-0.390000,0.060000,0.394588,0.024800,0.002000,-0.001200,0.700000,5.897405,6228,120.240000,24.720000,38,122
16.320021,1782129042345.011719,1782129042340.347168,1782129042339.973877,1782129042340.355469,-0.075000,-0.390000,0.030000,0.398278,0.027600,-0.003200,-0.000800,0.700000,5.854117,6228,120.240000,24.720000,38,110
16.330024,1782129042353.011719,1782129042350.349121,1782129042349.972900,1782129042350.357178,-0.015000,-0.315000,0.060000,0.321014,0.024800,-0.000800,-0.042800,0.700000,5.810098,6228,120.240000,24.720000,38,153
16.340125,1782129042365.011719,1782129042360.358154,1782129042349.972900,1782129042350.357178,-0.015000,-0.315000,0.060000,0.321014,0.024800,-0.000800,-0.042800,0.700000,5.764981,6371,120.490000,24.690000,38,4
16.350020,1782129042377.011719,1782129042370.482666,1782129042369.957275,1782129042370.495361,0.000000,0.045000,0.030000,0.054083,0.004800,-0.001200,-0.011600,0.700000,5.720184,7071,120.770000,24.720000,39,0
16.360023,1782129042385.011719,1782129042380.373535,1782129042379.862793,1782129042380.384033,0.060000,0.060000,-0.060000,0.103923,-0.000800,0.008400,-0.006400,0.700000,5.674345,7071,120.770000,24.720000,39,149
16.370034,1782129042397.011719,1782129042390.333984,1782129042389.855957,1782129042390.340332,0.120000,0.030000,0.000000,0.123693,-0.004800,0.012000,0.002400,0.700000,5.627970,7171,120.810000,24.800000,38,0
16.380018,1782129042397.011719,1782129042390.333984,1782129042399.858398,1782129042400.378662,0.015000,-0.090000,0.060000,0.109202,-0.000800,0.004800,0.001600,0.700000,5.581275,7171,120.810000,24.800000,38,0
16.390090,1782129042410.011475,1782129042410.355225,1782129042409.857422,1782129042410.363770,-0.030000,-0.210000,0.030000,0.214243,0.006400,0.000000,0.001600,0.700000,5.533771,7171,120.810000,24.800000,38,10
16.400039,1782129042421.011719,1782129042420.446045,1782129042419.859619,1782129042420.455811,-0.045000,-0.255000,-0.030000,0.260672,0.014400,-0.002000,0.000000,0.700000,5.486510,7142,120.200000,24.430000,39,71
16.410021,1782129042433.011719,1782129042430.536377,1782129042429.860596,1782129042430.551758,0.015000,-0.195000,-0.060000,0.204573,0.013200,-0.004400,0.000000,0.700000,5.438819,7142,120.200000,24.430000,39,217
16.420026,1782129042441.011719,1782129042440.344238,1782129042439.858398,1782129042440.352295,-0.015000,0.015000,-0.060000,0.063640,0.002000,-0.005600,-0.002400,0.700000,5.390788,7085,120.000000,24.730000,38,159
16.430020,1782129042453.011719,1782129042450.368164,1782129042439.858398,1782129042440.352295,-0.015000,0.015000,-0.060000,0.063640,0.002000,-0.005600,-0.002400,0.700000,5.342641,7085,120.000000,24.730000,38,127
16.440020,1782129042461.011719,1782129042460.346680,1782129042459.856934,1782129042460.356934,-0.045000,-0.045000,0.000000,0.063640,-0.001600,-0.004800,-0.002800,0.700000,5.294357,7085,120.000000,24.730000,38,223
16.450020,1782129042473.011719,1782129042470.382080,1782129042469.855713,1782129042470.394775,-0.030000,0.060000,-0.030000,0.073485,-0.005600,-0.005200,0.002800,0.700000,5.246018,7085,120.000000,24.730000,38,221
16.460021,1782129042485.011719,1782129042480.374023,1782129042479.993408,1782129042480.385254,0.060000,0.225000,0.000000,0.232863,-0.014000,0.000400,0.011200,0.700000,5.197675,6928,120.970000,24.800000,39,148
16.470022,1782129042497.011719,1782129042490.352783,1782129042489.986572,1782129042490.361084,0.000000,0.345000,0.000000,0.345000,-0.023200,0.000000,0.012000,0.700000,5.149393,6828,120.650000,24.710000,38,0
16.480023,1782129042510.011475,1782129042500.367432,1782129042499.989014,1782129042500.376465,-0.045000,0.390000,0.000000,0.392588,-0.027200,-0.006000,0.009200,0.700000,5.101228,6828,120.650000,24.710000,38,169
16.490019,1782129042521.011719,1782129042510.357422,1782129042509.958496,1782129042510.365479,-0.075000,0.345000,0.060000,0.358120,-0.022400,-0.007200,0.002000,0.700000,5.053261,6785,120.570000,24.780000,38,91
16.500033,1782129042521.011719,1782129042510.357422,1782129042519.980469,1782129042520.358154,-0.015000,0.270000,0.030000,0.272075,-0.018000,-0.004000,-0.005200,0.700000,5.005441,6785,120.570000,24.780000,38,91
16.510020,1782129042530.011475,1782129042530.386230,1782129042529.866455,1782129042530.403809,-0.015000,0.255000,0.000000,0.255441,-0.014000,-0.001200,-0.006400,1.300000,4.958033,6785,120.570000,24.780000,38,10
16.520024,1782129042541.011719,1782129042540.343994,1782129042529.866455,1782129042530.403809,-0.015000,0.255000,0.000000,0.255441,-0.014000,-0.001200,-0.006400,1.300000,4.910892,6657,120.690000,24.750000,38,204
16.530018,1782129042553.011719,1782129042550.361572,1782129042549.853271,1782129042550.372803,0.015000,0.405000,0.090000,0.415151,-0.024800,-0.004800,-0.003200,1.300000,4.864193,6657,120.690000,24.750000,38,226
16.540019,1782129042561.011719,1782129042560.335205,1782129042559.845947,1782129042560.343018,-0.015000,0.375000,0.090000,0.385940,-0.024800,-0.002800,-0.005200,1.300000,4.817924,6600,120.890000,24.780000,38,88
16.550093,1782129042573.011719,1782129042570.331543,1782129042569.845459,1782129042570.340576,0.015000,0.435000,0.060000,0.439375,-0.027200,0.000400,0.000800,1.300000,4.771831,6600,120.890000,24.780000,38,44
16.560019,1782129042585.011719,1782129042580.419922,1782129042579.812744,1782129042580.429688,0.045000,0.465000,0.030000,0.468135,-0.028800,0.004000,0.005600,1.300000,4.726976,6500,121.050000,24.770000,39,114
16.570087,1782129042593.011719,1782129042590.331543,1782129042589.843994,1782129042590.339355,0.060000,0.495000,0.030000,0.499525,-0.032800,0.002800,0.006000,1.300000,4.682107,6500,121.050000,24.770000,39,146
16.580081,1782129042605.011719,1782129042600.413330,1782129042599.844238,1782129042600.423096,-0.015000,0.465000,0.120000,0.480469,-0.037600,-0.003600,0.002800,1.300000,4.638245,6400,120.890000,24.770000,38,183
16.590024,1782129042617.011719,1782129042610.394775,1782129042609.844482,1782129042610.403809,-0.045000,0.390000,0.030000,0.393732,-0.034000,-0.005600,-0.003200,1.300000,4.595325,6300,120.970000,24.770000,38,0
16.600018,1782129042630.011475,1782129042620.333740,1782129042619.844727,1782129042620.341797,0.030000,0.405000,0.060000,0.410518,-0.030400,-0.002800,-0.002000,1.300000,4.552958,6300,120.970000,24.770000,38,28
16.610025,1782129042641.011719,1782129042630.336182,1782129042619.844727,1782129042620.341797,0.030000,0.405000,0.060000,0.410518,-0.030400,-0.002800,-0.002000,1.300000,4.511365,6300,120.970000,24.770000,38,110
16.620020,1782129042641.011719,1782129042630.336182,1782129042639.855225,1782129042640.370117,-0.045000,-0.180000,0.060000,0.195000,0.006800,-0.002000,0.001600,1.300000,4.470703,6300,120.970000,24.770000,38,110
16.630093,1782129042661.011719,1782129042650.353516,1782129042649.848145,1782129042650.364258,0.000000,-0.315000,0.030000,0.316425,0.017600,0.000400,0.000000,1.300000,4.430660,6300,120.970000,24.770000,38,78
16.640018,1782129042661.011719,1782129042650.353516,1782129042659.845215,1782129042660.421143,-0.060000,-0.345000,0.060000,0.355282,0.026000,-0.000800,0.001200,1.300000,4.392175,6300,120.970000,24.770000,38,78
16.650086,1782129042670.011475,1782129042670.330811,1782129042669.845703,1782129042670.338379,-0.045000,-0.375000,0.060000,0.382426,0.028000,-0.000400,-0.002400,1.300000,4.354161,6300,120.970000,24.770000,38,197
16.660123,1782129042681.011719,1782129042680.410645,1782129042679.845947,1782129042680.418457,0.060000,-0.300000,0.060000,0.311769,0.023200,0.004400,0.000400,1.300000,4.317341,6071,120.730000,24.760000,38,75
16.670023,1782129042693.011719,1782129042690.437500,1782129042689.844727,1782129042690.446777,0.030000,-0.255000,0.000000,0.256759,0.015600,0.004800,-0.005200,1.300000,4.282123,6071,120.730000,24.760000,38,50
16.680018,1782129042705.011719,1782129042700.371826,1782129042699.856201,1782129042700.381836,-0.060000,-0.150000,0.060000,0.172337,0.009200,-0.001200,-0.002400,1.300000,4.247710,6000,120.850000,24.770000,38,114
16.690018,1782129042717.011719,1782129042710.330566,1782129042709.845703,1782129042710.339111,-0.015000,-0.090000,0.030000,0.096047,0.003200,-0.003200,-0.000800,1.300000,4.214478,6000,120.850000,24.770000,38,5
16.700086,1782129042725.011719,1782129042720.330078,1782129042709.845703,1782129042710.339111,-0.015000,-0.090000,0.030000,0.096047,0.003200,-0.003200,-0.000800,1.300000,4.182261,6000,120.850000,24.770000,38,36
16.710022,1782129042737.011719,1782129042730.407227,1782129042729.847656,1782129042730.415283,0.045000,0.045000,0.000000,0.063640,-0.004400,0.004400,-0.000800,0.600000,4.151734,5885,120.650000,24.810000,39,0
16.720020,1782129042750.011475,1782129042740.361084,1782129042739.856934,1782129042740.371582,0.030000,-0.045000,0.000000,0.054083,0.002800,0.004800,-0.000400,0.600000,4.122319,5885,120.650000,24.810000,39,10
16.730020,1782129042761.011719,1782129042750.353271,1782129042749.970459,1782129042750.363525,0.045000,-0.075000,0.000000,0.087464,0.006400,0.005200,-0.002000,0.600000,4.094242,5828,120.610000,24.800000,38,92
16.740018,1782129042770.011475,1782129042760.377197,1782129042759.964600,1782129042760.389648,-0.045000,-0.090000,0.000000,0.100623,0.008800,-0.000400,0.003600,0.600000,4.067545,5828,120.610000,24.800000,38,78
16.750122,1782129042781.011719,1782129042770.331543,1782129042769.945068,1782129042770.341064,-0.090000,-0.135000,0.000000,0.162250,0.015200,-0.007200,-0.005200,0.600000,4.041994,5785,120.930000,24.790000,38,34
16.760121,1782129042781.011719,1782129042770.331543,1782129042779.952637,1782129042780.434814,-0.015000,-0.060000,0.030000,0.068739,0.006000,-0.004000,0.001200,0.600000,4.018150,5785,120.930000,24.790000,38,34
16.770086,1782129042793.011719,1782129042790.434814,1782129042789.992188,1782129042790.444092,0.075000,0.105000,-0.030000,0.132476,-0.008000,0.001200,-0.004400,0.600000,3.995845,5785,120.930000,24.790000,38,6
16.780112,1782129042801.011719,1782129042800.416260,1782129042799.947998,1782129042800.427490,0.030000,0.165000,-0.030000,0.170367,-0.016400,0.002000,0.004000,0.600000,3.974894,5685,120.650000,24.670000,38,146
16.790020,1782129042813.011719,1782129042810.455078,1782129042799.947998,1782129042800.427490,0.030000,0.165000,-0.030000,0.170367,-0.016400,0.002000,0.004000,0.600000,3.955685,5685,120.650000,24.670000,38,109
16.800024,1782129042825.011719,1782129042820.406982,1782129042819.973877,1782129042820.416992,0.030000,-0.090000,0.000000,0.094868,0.009200,0.003200,-0.002800,0.600000,3.937814,5642,120.570000,24.760000,38,188
16.810017,1782129042837.011719,1782129042830.369385,1782129042819.973877,1782129042820.416992,0.030000,-0.090000,0.000000,0.094868,0.009200,0.003200,-0.002800,0.600000,3.921517,5642,120.570000,24.760000,38,197
16.820013,1782129042845.011719,1782129042840.337891,1782129042839.955322,1782129042840.331543,0.030000,0.105000,0.030000,0.113248,-0.010400,0.001200,-0.000800,0.600000,3.906782,5642,120.570000,24.760000,38,136
16.830011,1782129042857.011719,1782129042850.321533,1782129042849.957031,1782129042850.328125,0.030000,0.135000,0.030000,0.141510,-0.015600,0.002000,-0.008800,0.600000,3.893627,5642,120.570000,24.760000,38,11
16.840022,1782129042870.011475,1782129042860.357178,1782129042859.959717,1782129042860.366455,-0.030000,0.045000,0.060000,0.080777,-0.003200,-0.002400,-0.004400,0.600000,3.882057,5642,120.570000,24.760000,38,175
16.850019,1782129042877.011719,1782129042870.362793,1782129042869.954834,1782129042870.372314,-0.030000,-0.150000,0.030000,0.155885,0.010400,-0.002800,-0.006800,0.600000,3.872111,5828,120.890000,24.780000,39,0
16.860015,1782129042877.011719,1782129042870.362793,1782129042879.953125,1782129042880.351562,0.030000,-0.195000,-0.090000,0.216852,0.017200,0.002800,-0.008400,0.600000,3.863780,5828,120.890000,24.780000,39,0
16.870014,1782129042890.011475,1782129042890.306885,1782129042889.941162,1782129042890.314453,0.045000,-0.195000,0.000000,0.200125,0.014400,0.004400,-0.004000,0.600000,3.857071,5828,120.890000,24.780000,39,121
16.880013,1782129042901.011719,1782129042900.318848,1782129042889.941162,1782129042890.314453,0.045000,-0.195000,0.000000,0.200125,0.014400,0.004400,-0.004000,0.600000,3.851987,5828,120.770000,24.790000,38,158
16.890128,1782129042913.011719,1782129042910.302246,1782129042909.961182,1782129042910.308838,0.075000,0.060000,0.000000,0.096047,-0.006000,0.003200,-0.003200,0.600000,3.848501,5828,120.770000,24.790000,38,131
16.900083,1782129042925.011719,1782129042920.474609,1782129042919.866211,1782129042920.483154,0.060000,0.075000,-0.060000,0.113248,-0.006000,0.004000,0.002000,0.600000,3.846695,5814,120.890000,24.760000,39,139
16.910093,1782129042933.011719,1782129042930.411865,1782129042929.852051,1782129042930.418213,-0.015000,0.060000,-0.030000,0.068739,-0.002400,0.002000,0.003200,0.600000,3.846503,5814,120.890000,24.760000,39,244
16.920089,1782129042945.011719,1782129042940.418457,1782129042939.845947,1782129042940.427979,0.000000,0.000000,0.030000,0.030000,-0.005200,0.003600,0.000800,0.600000,3.847931,5814,120.890000,24.760000,39,60
16.930108,1782129042957.011719,1782129042950.415527,1782129042949.848145,1782129042950.425049,0.090000,-0.075000,0.030000,0.120934,-0.008400,0.003600,-0.005200,0.600000,3.850977,5785,120.730000,24.750000,38,0
16.940095,1782129042965.011719,1782129042960.433350,1782129042959.846436,1782129042960.442871,-0.015000,-0.105000,0.000000,0.106066,-0.002800,0.000800,-0.008400,0.600000,3.855613,5785,120.730000,24.750000,38,180
16.950110,1782129042977.011719,1782129042970.421631,1782129042969.844971,1782129042970.431152,-0.045000,-0.090000,0.000000,0.100623,0.006000,-0.000400,-0.008000,0.600000,3.861853,5771,120.530000,24.780000,39,0
16.960084,1782129042990.011475,1782129042980.436279,1782129042979.847168,1782129042980.445801,-0.015000,-0.060000,0.030000,0.068739,0.008400,0.000800,-0.004000,0.600000,3.869637,5771,120.530000,24.780000,39,108
16.970115,1782129043001.011719,1782129042990.418457,1782129042979.847168,1782129042980.445801,-0.015000,-0.060000,0.030000,0.068739,0.008400,0.000800,-0.004000,0.600000,3.879028,5785,120.610000,24.770000,38,98
16.980098,1782129043001.011719,1782129042990.418457,1782129042999.861816,1782129043000.479004,0.030000,0.000000,0.030000,0.042426,-0.007600,0.003200,-0.005200,0.600000,3.889910,5785,120.610000,24.770000,38,98
16.990015,1782129043013.011719,1782129043010.412109,1782129043009.846191,1782129043010.421875,0.075000,-0.120000,-0.030000,0.144655,0.002800,0.005600,0.000400,0.600000,3.902216,5785,120.610000,24.770000,38,187
17.000018,1782129043021.011719,1782129043020.367676,1782129043019.844482,1782129043020.374268,0.030000,-0.150000,0.000000,0.152971,0.016800,0.000800,-0.002000,0.600000,3.916117,5814,120.770000,24.810000,38,68
17.010114,1782129043033.011719,1782129043030.347168,1782129043029.858887,1782129043030.362061,-0.015000,-0.165000,0.030000,0.168375,0.015200,-0.003200,-0.002400,0.600000,3.931633,5814,120.770000,24.810000,38,218
17.020026,1782129043045.011719,1782129043040.454590,1782129043039.856445,1782129043040.464600,0.015000,-0.060000,0.060000,0.086168,-0.001200,-0.000800,-0.002400,0.600000,3.948294,5828,120.970000,24.800000,38,133
17.030145,1782129043057.011719,1782129043050.393066,1782129043049.853516,1782129043050.406494,0.045000,0.030000,0.000000,0.054083,-0.009200,0.001600,-0.004800,0.600000,3.966729,5857,120.890000,24.790000,39,0
17.040022,1782129043065.011719,1782129043060.485352,1782129043059.854492,1782129043060.497559,0.045000,0.090000,0.000000,0.100623,-0.008800,0.000400,-0.002800,0.600000,3.986082,5857,120.890000,24.790000,39,163
17.050096,1782129043077.011719,1782129043070.358398,1782129043069.851562,1782129043070.367432,-0.045000,0.105000,-0.030000,0.118110,-0.004000,0.000800,-0.005600,0.600000,4.007166,5857,120.890000,24.790000,39,52
17.060109,1782129043085.011719,1782129043080.443848,1782129043069.851562,1782129043070.367432,-0.045000,0.105000,-0.030000,0.118110,-0.004000,0.000800,-0.005600,0.600000,4.029435,5857,120.890000,24.790000,39,247
17.070024,1782129043097.011719,1782129043090.430176,1782129043089.849121,1782129043090.437744,0.015000,-0.210000,0.030000,0.212662,0.015600,0.000800,0.001200,0.600000,4.052737,5857,120.890000,24.790000,39,64
17.080018,1782129043097.011719,1782129043090.430176,1782129043099.854492,1782129043100.370117,0.000000,-0.150000,0.000000,0.150000,0.011200,0.001200,-0.001200,0.600000,4.077441,5857,120.890000,24.790000,39,64
17.090018,1782129043110.011475,1782129043110.319580,1782129043109.852295,1782129043110.326172,0.060000,-0.120000,0.030000,0.137477,0.008000,0.002400,-0.006800,0.600000,4.103342,5857,120.890000,24.790000,39,107
17.100110,1782129043121.011719,1782129043120.345215,1782129043119.860352,1782129043120.364502,0.030000,-0.045000,0.000000,0.054083,0.005200,0.000000,-0.010000,0.600000,4.130632,5942,120.610000,24.780000,39,146
17.110030,1782129043133.011719,1782129043130.489990,1782129043129.861084,1782129043130.501465,0.015000,0.060000,-0.030000,0.068739,-0.002000,-0.002000,-0.005200,0.700000,4.158544,5942,120.610000,24.780000,39,36
17.120018,1782129043145.011719,1782129043140.374756,1782129043139.858887,1782129043140.384033,0.000000,0.150000,0.060000,0.161555,-0.009200,-0.001200,-0.005200,0.700000,4.187682,5985,120.850000,24.750000,38,18
17.130020,1782129043153.011719,1782129043150.345215,1782129043149.856934,1782129043150.365723,0.015000,0.225000,0.000000,0.225499,-0.016800,-0.000400,-0.002000,0.700000,4.217856,5985,120.850000,24.750000,38,26
17.140015,1782129043165.011719,1782129043160.347412,1782129043159.864746,1782129043160.355957,-0.030000,0.165000,-0.030000,0.170367,-0.018000,-0.002800,-0.002000,0.700000,4.248950,5985,120.850000,24.750000,38,186
17.150016,1782129043173.011719,1782129043170.339844,1782129043159.864746,1782129043160.355957,-0.030000,0.165000,-0.030000,0.170367,-0.018000,-0.002800,-0.002000,0.700000,4.280956,5985,120.850000,24.750000,38,99
17.160018,1782129043185.011719,1782129043180.338379,1782129043179.860352,1782129043180.346436,0.060000,-0.210000,0.030000,0.220454,0.012800,0.005200,-0.005200,0.700000,4.313797,5985,120.850000,24.750000,38,247
17.170013,1782129043197.011719,1782129043190.348877,1782129043189.869629,1782129043190.357666,0.000000,-0.270000,0.030000,0.271662,0.013600,-0.000800,-0.004400,0.700000,4.347398,6171,120.970000,24.780000,39,0
17.180013,1782129043210.011475,1782129043200.328125,1782129043199.854248,1782129043200.335693,-0.045000,-0.210000,0.030000,0.216852,0.018000,-0.002800,-0.008400,0.700000,4.381741,6171,120.970000,24.780000,39,200
17.190016,1782129043221.011719,1782129043210.427002,1782129043209.855469,1782129043210.437500,-0.015000,-0.240000,0.030000,0.242332,0.017600,-0.000800,-0.006800,0.700000,4.416761,6171,120.970000,24.780000,39,216
17.200016,1782129043221.011719,1782129043210.427002,1782129043219.861084,1782129043220.321289,0.000000,-0.135000,0.090000,0.162250,0.013600,-0.001600,-0.004400,0.700000,4.452377,6171,120.970000,24.780000,39,216
17.210011,1782129043230.011475,1782129043230.321533,1782129043229.856201,1782129043230.333984,-0.045000,-0.015000,0.030000,0.056125,0.002400,-0.002800,0.001200,0.700000,4.488523,6171,120.970000,24.780000,39,29
17.220014,1782129043241.011719,1782129043240.309570,1782129043239.855957,1782129043240.315918,-0.030000,0.120000,0.000000,0.123693,-0.009600,0.000400,-0.004800,0.700000,4.525183,6271,121.090000,24.790000,38,168
17.230015,1782129043253.011719,1782129043250.335938,1782129043249.860107,1782129043250.352051,0.045000,0.225000,0.000000,0.229456,-0.019600,-0.000400,-0.001200,0.700000,4.562263,6271,121.090000,24.790000,38,148
17.240018,1782129043265.011719,1782129043260.316162,1782129043249.860107,1782129043250.352051,0.045000,0.225000,0.000000,0.229456,-0.019600,-0.000400,-0.001200,0.700000,4.599713,6271,121.090000,24.790000,38,176
17.250019,1782129043273.011719,1782129043270.326660,1782129043269.854492,1782129043270.333496,0.060000,0.330000,-0.030000,0.336749,-0.028000,0.002000,0.000400,0.700000,4.637459,6271,121.090000,24.790000,38,190
17.260017,1782129043285.011719,1782129043280.318115,1782129043279.855957,1782129043280.322510,0.045000,0.270000,-0.030000,0.275363,-0.020800,0.000000,-0.002000,0.700000,4.675431,6428,121.010000,24.780000,39,119
17.270023,1782129043293.011719,1782129043290.342285,1782129043289.854980,1782129043290.351074,-0.015000,0.195000,0.000000,0.195576,-0.015200,-0.003200,-0.003600,0.700000,4.713602,6428,121.010000,24.780000,39,101
17.280017,1782129043305.011719,1782129043300.377197,1782129043299.857178,1782129043300.388672,0.000000,0.150000,0.000000,0.150000,-0.010800,-0.002000,-0.008800,0.700000,4.751842,6428,121.010000,24.780000,39,25
17.290020,1782129043317.011719,1782129043310.340576,1782129043309.851562,1782129043310.349609,0.030000,0.150000,0.030000,0.155885,-0.012400,0.001200,-0.004000,0.700000,4.790157,6571,120.730000,24.760000,39,0
17.300023,1782129043330.011475,1782129043320.375977,1782129043319.858154,1782129043320.392334,-0.015000,0.150000,0.060000,0.162250,-0.012400,0.000800,-0.002400,0.700000,4.828454,6571,120.730000,24.760000,39,209
17.310022,1782129043341.011719,1782129043330.385498,1782129043329.855713,1782129043330.396240,0.000000,0.165000,0.030000,0.167705,-0.013600,-0.000800,-0.006400,0.800000,4.866656,6628,120.530000,24.730000,38,143
17.320022,1782129043341.011719,1782129043330.385498,1782129043339.826904,1782129043340.391357,0.030000,0.165000,0.060000,0.178115,-0.016000,0.000400,-0.002400,0.800000,4.904713,6628,120.530000,24.730000,38,143
17.330019,1782129043350.011475,1782129043350.366211,1782129043339.826904,1782129043340.391357,0.030000,0.165000,0.060000,0.178115,-0.016000,0.000400,-0.002400,0.800000,4.942547,6628,120.530000,24.730000,38,101
17.340022,1782129043361.011719,1782129043360.336182,1782129043359.853516,1782129043360.344482,0.000000,-0.240000,-0.030000,0.241868,0.003600,0.002000,-0.004800,0.800000,4.980133,6700,120.810000,24.750000,39,63
17.350014,1782129043373.011719,1782129043370.374756,1782129043369.860596,1782129043370.384277,0.015000,-0.135000,0.000000,0.135831,0.001600,0.000400,0.002400,0.800000,5.017336,6700,120.810000,24.750000,39,174
17.360020,1782129043381.011719,1782129043380.318604,1782129043379.853760,1782129043380.324707,-0.030000,-0.120000,0.030000,0.127279,0.007200,-0.005600,-0.006400,0.800000,5.054195,6900,120.930000,24.770000,38,139
17.370023,1782129043393.011719,1782129043390.339111,1782129043389.855957,1782129043390.347412,-0.060000,-0.060000,-0.030000,0.090000,0.011200,-0.009600,-0.012000,0.800000,5.090583,6900,120.930000,24.770000,38,42
17.380025,1782129043405.011719,1782129043400.390625,1782129043399.855225,1782129043400.403809,-0.045000,0.060000,-0.030000,0.080777,-0.002000,-0.004000,-0.010400,0.800000,5.126447,6957,121.010000,24.690000,38,44
17.390017,1782129043417.011719,1782129043410.356445,1782129043409.852539,1782129043410.369873,0.030000,0.300000,0.030000,0.302985,-0.020000,0.002800,-0.005200,0.800000,5.161693,6957,121.010000,24.690000,38,82
17.400018,1782129043425.011719,1782129043420.348877,1782129043419.858643,1782129043420.356689,0.045000,0.390000,0.060000,0.397146,-0.030800,0.003200,-0.001600,0.800000,5.196334,6957,121.010000,24.690000,38,151
17.410018,1782129043437.011719,1782129043430.370850,1782129043429.864014,1782129043430.378174,-0.015000,0.375000,0.060000,0.380066,-0.026000,-0.000800,0.000000,0.800000,5.230273,7114,120.650000,24.680000,39,0
17.420020,1782129043450.011475,1782129043440.350830,1782129043429.864014,1782129043430.378174,-0.015000,0.375000,0.060000,0.380066,-0.026000,-0.000800,0.000000,0.800000,5.263465,7114,120.650000,24.680000,39,159
17.430018,1782129043461.011719,1782129043450.361572,1782129043449.862305,1782129043450.375488,0.030000,0.195000,0.030000,0.199562,-0.013600,0.004400,-0.005600,0.800000,5.295838,7114,120.650000,24.680000,39,240
17.440021,1782129043461.011719,1782129043450.361572,1782129043459.855225,1782129043460.336914,0.015000,0.090000,0.090000,0.128160,-0.002000,0.003200,-0.002800,0.800000,5.327369,7114,120.650000,24.680000,39,240
17.450019,1782129043470.011475,1782129043470.383545,1782129043469.855957,1782129043470.398926,0.015000,-0.075000,0.060000,0.097211,0.005600,0.004000,-0.004400,0.800000,5.357972,7114,120.650000,24.680000,39,122
17.460019,1782129043481.011719,1782129043480.331787,1782129043479.861328,1782129043480.338135,0.000000,-0.165000,0.090000,0.187949,0.006800,0.002000,-0.006400,0.800000,5.387618,7114,120.650000,24.680000,39,97
17.470020,1782129043493.011719,1782129043490.365723,1782129043489.861816,1782129043490.375488,0.000000,-0.165000,0.030000,0.167705,0.007600,-0.002400,-0.005200,0.800000,5.416256,7114,120.650000,24.680000,39,152
17.480020,1782129043505.011719,1782129043500.351074,1782129043499.860107,1782129043500.370117,-0.015000,-0.090000,-0.060000,0.109202,0.002000,-0.004400,-0.004400,0.800000,5.443839,7342,121.010000,24.780000,39,179
17.490020,1782129043513.011719,1782129043510.332764,1782129043509.847656,1782129043510.340820,-0.015000,0.090000,-0.030000,0.096047,-0.005600,-0.002800,-0.002400,0.800000,5.470320,7342,121.010000,24.780000,39,207
17.500023,1782129043525.011719,1782129043520.351807,1782129043519.856201,1782129043520.368896,0.000000,0.180000,-0.030000,0.182483,-0.010000,-0.001200,-0.002800,0.800000,5.495667,7371,120.850000,24.720000,39,180
17.510021,1782129043537.011719,1782129043530.350098,1782129043519.856201,1782129043520.368896,0.000000,0.180000,-0.030000,0.182483,-0.010000,-0.001200,-0.002800,1.000000,5.519820,7457,120.610000,24.790000,39,0
17.520020,1782129043545.011719,1782129043540.352783,1782129043539.856201,1782129043540.368896,0.060000,0.045000,0.030000,0.080777,-0.002800,0.004000,-0.003600,1.000000,5.542759,7457,120.610000,24.790000,39,8
17.530014,1782129043557.011719,1782129043550.359131,1782129043549.856445,1782129043550.372070,0.045000,-0.090000,0.060000,0.117154,0.005200,0.005200,-0.004000,1.000000,5.564432,7485,120.810000,24.780000,38,0
17.540013,1782129043557.011719,1782129043550.359131,1782129043559.844727,1782129043560.301514,-0.015000,-0.165000,0.060000,0.176210,0.002800,0.003200,-0.005600,1.000000,5.584830,7485,120.810000,24.780000,38,0
17.550016,1782129043581.011719,1782129043570.319092,1782129043569.848389,1782129043570.326660,0.015000,-0.045000,0.030000,0.056125,-0.004000,0.001600,-0.001600,1.000000,5.603920,7557,121.090000,24.770000,38,108
17.560016,1782129043581.011719,1782129043570.319092,1782129043579.845459,1782129043580.315674,0.015000,0.015000,-0.060000,0.063640,-0.006000,-0.004800,-0.004800,1.000000,5.621660,7557,121.090000,24.770000,38,108
17.570018,1782129043590.011475,1782129043590.324219,1782129043589.849609,1782129043590.331055,-0.045000,0.135000,0.000000,0.142302,-0.004800,-0.006400,-0.006000,1.000000,5.638034,7557,121.090000,24.770000,38,86
17.580015,1782129043601.011719,1782129043600.367188,1782129043599.847412,1782129043600.373047,-0.015000,0.090000,0.000000,0.091241,-0.002800,0.000400,-0.005600,1.000000,5.653008,7557,121.090000,24.770000,38,148
17.590018,1782129043613.011719,1782129043610.321777,1782129043609.846436,1782129043610.330322,0.075000,-0.060000,0.090000,0.131624,0.003200,0.008800,-0.001600,1.000000,5.666581,7557,121.090000,24.770000,38,155
17.600016,1782129043625.011719,1782129043620.311768,1782129043609.846436,1782129043610.330322,0.075000,-0.060000,0.090000,0.131624,0.003200,0.008800,-0.001600,1.000000,5.678720,7628,120.850000,24.770000,38,175
17.610014,1782129043633.011719,1782129043630.330322,1782129043629.843750,1782129043630.336426,0.000000,-0.255000,0.060000,0.261964,0.010000,0.002000,-0.006400,1.000000,5.689420,7628,120.850000,24.770000,38,245
17.620014,1782129043645.011719,1782129043640.310791,1782129043639.845215,1782129043640.317627,0.060000,-0.030000,0.030000,0.073485,-0.004400,-0.000400,-0.002400,1.000000,5.698668,7657,120.850000,24.750000,38,228
17.630011,1782129043657.011719,1782129043650.314941,1782129043649.845947,1782129043650.321533,-0.015000,0.180000,-0.120000,0.216852,-0.013600,-0.002800,0.001200,1.000000,5.706457,7657,120.850000,24.750000,38,182
17.640017,1782129043670.011475,1782129043660.302734,1782129043659.843018,1782129043660.307861,0.015000,0.150000,-0.030000,0.153704,-0.008400,0.000000,-0.004000,1.000000,5.712786,7657,120.850000,24.750000,38,177
17.650014,1782129043677.011719,1782129043670.302979,1782129043669.844727,1782129043670.306641,0.075000,-0.030000,0.000000,0.080777,0.004000,0.006400,-0.001200,1.000000,5.717643,7728,120.690000,24.780000,39,0
17.660011,1782129043690.011475,1782129043680.305908,1782129043679.843262,1782129043680.310547,0.030000,-0.285000,0.120000,0.310685,0.014400,0.005200,-0.007600,1.000000,5.721036,7728,120.690000,24.780000,39,226
17.670016,1782129043701.011719,1782129043690.298584,1782129043689.844971,1782129043690.302246,-0.015000,-0.120000,0.090000,0.150748,0.003600,0.000400,-0.003600,1.000000,5.722969,7728,120.240000,24.610000,39,249
17.680012,1782129043701.011719,1782129043690.298584,1782129043699.845703,1782129043700.300293,0.015000,0.120000,0.030000,0.124599,-0.017200,-0.003200,-0.002000,1.000000,5.723447,7728,120.240000,24.610000,39,249
17.690011,1782129043713.011719,1782129043710.302734,1782129043699.845703,1782129043700.300293,0.015000,0.120000,0.030000,0.124599,-0.017200,-0.003200,-0.002000,1.000000,5.722481,7728,120.240000,24.610000,39,94
17.700018,1782129043721.011719,1782129043720.299072,1782129043719.845459,1782129043720.303467,0.030000,0.165000,0.000000,0.167705,-0.018000,0.004800,-0.002000,1.000000,5.720081,7742,119.960000,24.640000,39,247
17.710019,1782129043733.011719,1782129043730.338379,1782129043729.849365,1782129043730.345215,0.045000,-0.045000,0.060000,0.087464,0.004800,0.007200,-0.000400,0.900000,5.716267,7742,119.960000,24.640000,39,38
17.720019,1782129043745.011719,1782129043740.351807,1782129043739.854004,1782129043740.363525,0.015000,-0.225000,0.120000,0.255441,0.015600,0.001200,-0.000400,0.900000,5.711057,7742,120.120000,24.750000,38,236
17.730016,1782129043757.011719,1782129043750.346191,1782129043749.852051,1782129043750.354004,-0.030000,-0.150000,0.120000,0.194422,0.005600,-0.006000,-0.000800,0.900000,5.704475,7728,120.280000,24.710000,39,0
17.740014,1782129043765.011719,1782129043760.312744,1782129043759.844482,1782129043760.318115,-0.060000,0.105000,0.000000,0.120934,-0.006800,-0.009600,-0.005200,0.900000,5.696544,7728,120.280000,24.710000,39,181
17.750020,1782129043777.011719,1782129043770.316406,1782129043769.844971,1782129043770.322510,0.045000,0.225000,-0.060000,0.237171,-0.013600,-0.001600,-0.004000,0.900000,5.687282,7728,120.200000,24.710000,38,0
17.760014,1782129043785.011719,1782129043780.319336,1782129043779.845215,1782129043780.325439,0.000000,0.015000,0.000000,0.015000,-0.003600,0.005600,-0.002800,0.900000,5.676741,7728,120.200000,24.710000,38,194
17.770019,1782129043801.011719,1782129043790.309082,1782129043789.844971,1782129043790.314697,0.030000,-0.195000,0.000000,0.197294,0.018800,0.005200,-0.001600,0.900000,5.664930,7714,120.930000,24.760000,38,98
17.780014,1782129043801.011719,1782129043790.309082,1782129043789.844971,1782129043790.314697,0.030000,-0.195000,0.000000,0.197294,0.018800,0.005200,-0.001600,0.900000,5.651908,7714,120.930000,24.760000,38,98
17.790025,1782129043810.011475,1782129043810.320068,1782129043809.845459,1782129043810.327881,-0.060000,-0.150000,0.000000,0.161555,0.012000,-0.006000,-0.005600,0.900000,5.637680,7714,120.930000,24.760000,38,71
17.800015,1782129043821.011719,1782129043820.395264,1782129043819.854980,1782129043820.408936,-0.015000,0.075000,-0.090000,0.118110,0.004400,-0.004400,-0.006800,0.900000,5.622339,7714,120.490000,24.790000,38,66
17.810013,1782129043833.011719,1782129043830.311523,1782129043829.850342,1782129043830.315674,0.060000,0.150000,-0.090000,0.184932,-0.006000,0.005600,-0.004400,0.900000,5.605887,7714,120.490000,24.790000,38,77
17.820012,1782129043845.011719,1782129043840.302979,1782129043839.846436,1782129043840.307861,0.120000,0.045000,-0.030000,0.131624,-0.005600,0.013200,0.002800,0.900000,5.588378,7685,120.770000,24.780000,39,43
17.830015,1782129043853.011719,1782129043850.297363,1782129043849.843262,1782129043850.301025,0.075000,-0.225000,0.090000,0.253673,0.005200,0.008800,0.053600,0.900000,5.569857,7685,120.770000,24.780000,39,123
17.840014,1782129043865.011719,1782129043860.301025,1782129043859.842285,1782129043860.304932,-0.015000,-0.225000,0.090000,0.242796,0.006800,0.004000,0.038400,0.900000,5.550385,7685,120.770000,24.780000,39,154
17.850014,1782129043873.011719,1782129043870.297852,1782129043869.842773,1782129043870.301270,0.015000,-0.165000,0.030000,0.168375,0.009200,0.000800,0.026000,0.900000,5.530006,7685,120.770000,24.780000,39,42
17.860013,1782129043885.011719,1782129043880.296875,1782129043879.843018,1782129043880.300293,0.000000,-0.210000,-0.030000,0.212132,0.012000,-0.003600,0.011200,0.900000,5.508781,6128,118.710000,25.080000,38,172
17.870012,1782129043897.011719,1782129043890.300537,1782129043879.843018,1782129043880.300293,0.000000,-0.210000,-0.030000,0.212132,0.012000,-0.003600,0.011200,0.900000,5.486761,5657,117.430000,24.840000,39,0
17.880020,1782129043910.011475,1782129043900.297363,1782129043899.843018,1782129043900.302246,-0.015000,0.090000,0.030000,0.096047,-0.010000,-0.002000,0.004000,0.900000,5.463981,5657,117.430000,24.840000,39,204
17.890015,1782129043921.011719,1782129043910.306641,1782129043909.848389,1782129043910.310547,-0.030000,0.075000,0.060000,0.100623,-0.011200,-0.004400,-0.002400,0.900000,5.440553,5514,118.230000,24.780000,39,127
17.900021,1782129043921.011719,1782129043910.306641,1782129043919.845947,1782129043920.312988,-0.075000,0.015000,0.030000,0.082158,-0.002800,-0.004800,-0.002000,0.900000,5.416481,5514,118.230000,24.780000,39,127
17.910013,1782129043930.011475,1782129043930.348877,1782129043929.858398,1782129043930.354248,-0.075000,-0.120000,0.000000,0.141510,0.012000,-0.002400,-0.004800,0.800000,5.391890,5514,118.230000,24.780000,39,132
17.920009,1782129043941.011719,1782129043940.292725,1782129043939.913818,1782129043940.296143,0.030000,-0.150000,-0.030000,0.155885,0.016800,0.000800,-0.004400,0.800000,5.366791,5514,118.230000,24.780000,39,184
17.930009,1782129043953.011719,1782129043950.291260,1782129043949.928223,1782129043950.294678,0.030000,-0.015000,-0.060000,0.068739,0.003600,0.003200,-0.002000,0.800000,5.341253,5514,118.230000,24.780000,39,32
17.940083,1782129043965.011719,1782129043960.282715,1782129043959.859375,1782129043960.284668,0.015000,0.120000,0.000000,0.120934,-0.010800,0.004800,-0.000800,0.800000,5.315157,5442,120.930000,24.710000,39,150
17.950015,1782129043973.011719,1782129043970.377441,1782129043969.850098,1782129043970.381348,0.060000,0.150000,-0.030000,0.164317,-0.014800,0.006400,-0.002400,0.800000,5.289131,5442,120.930000,24.710000,39,191
17.960010,1782129043985.011719,1782129043980.314209,1782129043969.850098,1782129043970.381348,0.060000,0.150000,-0.030000,0.164317,-0.014800,0.006400,-0.002400,0.800000,5.262702,5414,121.010000,24.760000,39,2
17.970017,1782129043993.011719,1782129043990.349609,1782129043989.854248,1782129043990.355713,0.045000,-0.015000,-0.030000,0.056125,-0.004400,0.002000,0.000000,0.800000,5.236074,5414,121.010000,24.760000,39,176
17.980014,1782129044005.011719,1782129044000.315430,1782129043999.855713,1782129044000.321533,0.015000,0.075000,0.030000,0.082158,-0.007600,0.002400,-0.001600,0.800000,5.209371,5385,120.730000,24.780000,38,239
17.990013,1782129044017.011719,1782129044010.301758,1782129044009.850098,1782129044010.305176,0.030000,0.090000,0.000000,0.094868,-0.005600,0.002000,-0.004800,0.800000,5.182621,5385,120.730000,24.780000,38,72
18.000011,1782129044030.011475,1782129044020.360596,1782129044019.855225,1782129044020.366211,0.000000,-0.030000,0.000000,0.030000,0.001200,0.001600,0.002800,0.800000,5.155904,5385,120.730000,24.780000,38,5
18.010019,1782129044041.011719,1782129044030.357666,1782129044029.853516,1782129044030.351562,0.030000,-0.075000,-0.030000,0.086168,0.006000,0.001200,0.001600,0.800000,5.129253,5300,120.400000,24.790000,38,10
18.020014,1782129044041.011719,1782129044030.357666,1782129044039.853760,1782129044040.340820,0.000000,-0.015000,0.030000,0.033541,0.001600,-0.000400,-0.002000,0.800000,5.102796,5300,120.400000,24.790000,38,10
18.030018,1782129044050.011475,1782129044050.323730,1782129044049.859131,1782129044050.329834,0.015000,0.045000,0.000000,0.047434,-0.008000,-0.003200,-0.000800,0.800000,5.076538,5300,120.400000,24.790000,38,151
18.040019,1782129044061.011719,1782129044060.338135,1782129044059.865479,1782129044060.345703,-0.015000,0.075000,0.030000,0.082158,-0.008800,-0.000800,-0.000400,0.800000,5.050573,5300,120.400000,24.790000,38,232
18.050026,1782129044067.517334,1782129044070.344727,1782129044059.865479,1782129044060.345703,-0.015000,0.075000,0.030000,0.082158,-0.008800,-0.000800,-0.000400,0.800000,5.024940,5300,120.400000,24.790000,38,111
18.060015,1782129044075.517334,1782129044080.368652,1782129044079.858887,1782129044080.379150,-0.045000,0.090000,0.030000,0.105000,-0.004800,-0.003600,-0.000800,0.800000,4.999762,5300,120.400000,24.790000,38,74
18.070013,1782129044087.517334,1782129044090.323975,1782129044089.847900,1782129044090.331055,-0.045000,0.015000,0.030000,0.056125,-0.005600,-0.002400,-0.001600,0.800000,4.975032,5300,120.400000,24.790000,38,243
18.080015,1782129044099.517334,1782129044100.318604,1782129044099.851074,1782129044100.325439,0.015000,-0.030000,-0.030000,0.045000,0.000400,0.000800,-0.001600,0.800000,4.950816,5171,120.610000,24.810000,39,92
18.090016,1782129044111.517334,1782129044110.315918,1782129044109.857910,1782129044110.322266,-0.030000,-0.120000,-0.060000,0.137477,0.007200,0.001200,-0.004800,0.800000,4.927186,5128,120.280000,24.820000,39,0
18.100014,1782129044119.517334,1782129044120.343994,1782129044119.909912,1782129044120.355713,-0.015000,-0.045000,0.000000,0.047434,0.001600,-0.000400,0.001600,0.800000,4.904202,5128,120.280000,24.820000,39,219
18.110012,1782129044131.517334,1782129044130.325928,1782129044129.936279,1782129044130.332031,0.015000,0.060000,-0.030000,0.068739,-0.006800,0.001200,0.000400,0.600000,4.881906,5128,120.280000,24.820000,39,237
18.120017,1782129044144.517334,1782129044140.307617,1782129044139.920410,1782129044140.312988,0.015000,0.045000,0.000000,0.047434,-0.006800,0.002800,-0.003200,0.600000,4.860334,5128,120.280000,24.820000,39,58
18.130013,1782129044155.517334,1782129044150.319580,1782129044149.908203,1782129044150.326416,-0.045000,-0.060000,-0.060000,0.096047,0.002000,0.001200,-0.000800,0.600000,4.839571,5128,120.280000,24.820000,39,172
18.140008,1782129044155.517334,1782129044150.319580,1782129044149.908203,1782129044150.326416,-0.045000,-0.060000,-0.060000,0.096047,0.002000,0.001200,-0.000800,0.600000,4.819642,5128,120.280000,24.820000,39,172
18.150009,1782129044167.517334,1782129044170.283691,1782129044169.847656,1782129044170.287109,0.030000,0.030000,0.030000,0.051962,-0.003200,0.002400,-0.001600,0.600000,4.800578,5128,120.280000,24.820000,39,66
18.160009,1782129044175.517334,1782129044180.289062,1782129044179.935303,1782129044180.291992,0.000000,-0.075000,0.030000,0.080777,0.002400,0.000400,0.000000,0.600000,4.782431,5028,120.890000,24.800000,38,164
18.170009,1782129044187.517334,1782129044190.284180,1782129044189.905273,1782129044190.286377,-0.015000,-0.030000,0.000000,0.033541,0.003200,-0.000800,-0.001200,0.600000,4.765239,5028,120.890000,24.800000,38,33
18.180009,1782129044199.517334,1782129044200.281982,1782129044199.915039,1782129044200.283936,0.015000,0.045000,-0.030000,0.056125,-0.003200,-0.000800,-0.002800,0.600000,4.749035,5000,121.010000,24.800000,39,113
18.190007,1782129044207.517334,1782129044210.281738,1782129044209.846680,1782129044210.283447,0.030000,-0.015000,0.030000,0.045000,-0.003200,0.001200,-0.003200,0.600000,4.733852,5000,121.010000,24.800000,39,24
18.200008,1782129044219.517334,1782129044220.279785,1782129044219.934570,1782129044220.281250,-0.015000,-0.120000,0.000000,0.120934,0.007600,0.001600,-0.006400,0.600000,4.719713,4971,121.050000,24.770000,39,51
18.210009,1782129044231.517334,1782129044230.286621,1782129044229.916260,1782129044230.288086,0.000000,-0.120000,0.000000,0.120000,0.013200,0.002000,-0.010400,0.600000,4.706647,4942,120.930000,24.770000,39,0
18.220009,1782129044239.517334,1782129044240.285645,1782129044239.906250,1782129044240.288086,0.015000,0.015000,0.000000,0.021213,-0.001200,0.003200,-0.002800,0.600000,4.694674,4942,120.930000,24.770000,39,52
18.230083,1782129044251.517334,1782129044250.289062,1782129044239.906250,1782129044240.288086,0.015000,0.015000,0.000000,0.021213,-0.001200,0.003200,-0.002800,0.600000,4.683738,4942,120.930000,24.770000,39,93
18.240009,1782129044251.517334,1782129044250.289062,1782129044259.905762,1782129044260.364746,0.060000,0.015000,-0.030000,0.068739,0.004400,0.005600,0.004800,0.600000,4.674079,4942,120.930000,24.770000,39,93
18.250085,1782129044275.517334,1782129044270.290771,1782129044269.845703,1782129044270.293945,0.075000,0.075000,-0.030000,0.110227,-0.008400,0.004400,0.006000,0.600000,4.665421,4914,120.730000,24.820000,39,114
18.260027,1782129044275.517334,1782129044270.290771,1782129044279.912109,1782129044280.368408,0.000000,0.030000,0.030000,0.042426,-0.006000,0.002000,-0.007200,0.600000,4.658017,4914,120.730000,24.820000,39,114
18.270008,1782129044284.517334,1782129044290.307617,1782129044289.932861,1782129044290.310791,0.000000,-0.090000,0.030000,0.094868,0.004400,-0.001200,-0.002000,0.600000,4.651726,4914,120.730000,24.820000,39,160
18.280103,1782129044295.517334,1782129044300.290527,1782129044299.847656,1782129044300.293701,-0.015000,-0.075000,-0.030000,0.082158,0.006000,-0.003600,-0.005600,0.600000,4.646527,4900,120.450000,24.660000,38,30
18.290030,1782129044307.517334,1782129044310.386230,1782129044309.846924,1782129044310.389404,-0.015000,0.030000,-0.030000,0.045000,-0.000800,-0.002000,-0.002000,0.600000,4.642552,4900,120.450000,24.660000,38,122
18.300015,1782129044319.517334,1782129044320.362793,1782129044319.856201,1782129044320.371338,0.015000,0.015000,0.030000,0.036742,-0.002000,0.001200,-0.000800,0.600000,4.639686,4871,120.690000,24.770000,38,117
18.310013,1782129044327.517334,1782129044330.337158,1782129044329.851807,1782129044330.345947,0.045000,-0.075000,-0.030000,0.092466,0.000800,0.002800,-0.004000,0.500000,4.637942,4871,120.690000,24.770000,38,57
18.320015,1782129044339.517334,1782129044340.307373,1782129044329.851807,1782129044330.345947,0.045000,-0.075000,-0.030000,0.092466,0.000800,0.002800,-0.004000,0.500000,4.637312,4871,120.690000,24.770000,38,29
18.330011,1782129044351.517334,1782129044350.319580,1782129044349.855957,1782129044350.326904,0.000000,-0.030000,0.030000,0.042426,0.004000,0.001200,-0.034800,0.500000,4.637777,4871,120.690000,24.770000,38,212
18.340017,1782129044364.517334,1782129044360.297852,1782129044359.904541,1782129044360.302246,0.000000,-0.075000,-0.030000,0.080777,0.006400,0.001200,-0.026800,0.500000,4.639318,4871,120.690000,24.770000,38,52
18.350012,1782129044375.517334,1782129044370.316162,1782129044369.829346,1782129044370.322266,-0.015000,-0.030000,0.000000,0.033541,0.002400,0.000400,-0.015200,0.500000,4.641907,5771,120.690000,24.610000,38,114
18.360016,1782129044384.517334,1782129044380.366699,1782129044379.843262,1782129044380.372559,0.045000,0.075000,0.000000,0.087464,-0.004800,-0.001600,-0.005600,0.500000,4.645521,5771,120.690000,24.610000,38,77
18.370015,1782129044384.517334,1782129044380.366699,1782129044389.843750,1782129044390.300537,0.015000,0.165000,0.000000,0.165680,-0.009200,-0.000800,-0.006000,0.500000,4.650123,5771,120.690000,24.610000,38,77
18.380015,1782129044395.517334,1782129044400.313232,1782129044399.844482,1782129044400.319336,0.015000,0.195000,-0.030000,0.197864,-0.015200,-0.001600,-0.001600,0.500000,4.655684,6028,120.730000,24.750000,39,254
18.390013,1782129044407.517334,1782129044410.313232,1782129044409.844482,1782129044410.319092,-0.015000,0.240000,0.030000,0.242332,-0.019200,-0.003600,0.001200,0.500000,4.662161,6028,120.730000,24.750000,39,129
18.400014,1782129044415.517334,1782129044420.308350,1782129044419.843506,1782129044420.313965,-0.015000,0.195000,0.060000,0.204573,-0.014800,-0.004400,-0.007200,0.500000,4.669520,6071,120.650000,24.740000,39,192
18.410011,1782129044427.517334,1782129044430.303955,1782129044419.843506,1782129044420.313965,-0.015000,0.195000,0.060000,0.204573,-0.014800,-0.004400,-0.007200,0.500000,4.677712,6071,120.650000,24.740000,39,193
18.420010,1782129044439.517334,1782129044440.286377,1782129044439.845459,1782129044440.289795,-0.030000,-0.270000,0.000000,0.271662,0.020000,0.001200,-0.005600,0.500000,4.686697,6071,120.650000,24.740000,39,97
18.430009,1782129044447.517334,1782129044450.291016,1782129044449.845703,1782129044450.294189,-0.015000,-0.270000,0.030000,0.272075,0.020800,-0.000400,-0.002800,0.500000,4.696424,6071,120.650000,24.740000,39,69
18.440009,1782129044459.517334,1782129044460.284668,1782129044459.845215,1782129044460.286621,0.015000,-0.255000,0.060000,0.262393,0.014400,0.000800,-0.003200,0.500000,4.706845,6071,120.650000,24.740000,39,37
18.450008,1782129044471.517334,1782129044470.283936,1782129044469.843994,1782129044470.285645,-0.015000,-0.120000,0.060000,0.135000,0.004800,-0.001200,-0.003600,0.500000,4.717905,6142,120.690000,24.790000,39,0
18.460008,1782129044479.517334,1782129044480.283203,1782129044479.845215,1782129044480.285156,0.000000,-0.075000,0.030000,0.080777,0.002800,-0.003600,-0.004000,0.500000,4.729551,6142,120.690000,24.790000,39,225
18.470008,1782129044491.517334,1782129044490.281738,1782129044489.843750,1782129044490.282959,0.000000,-0.030000,0.030000,0.042426,0.002400,-0.003600,-0.006000,0.500000,4.741728,6128,120.770000,24.720000,40,0
18.480010,1782129044491.517334,1782129044490.281738,1782129044499.843506,1782129044500.280762,0.030000,0.045000,0.060000,0.080777,-0.000400,-0.002400,-0.000400,0.500000,4.754380,6128,120.770000,24.720000,40,0
18.490011,1782129044504.517334,1782129044510.297852,1782129044509.844482,1782129044510.301270,0.000000,0.150000,0.000000,0.150000,-0.008400,-0.000800,-0.003200,0.500000,4.767445,6128,120.770000,24.720000,40,174
18.500009,1782129044515.517334,1782129044520.305420,1782129044509.844482,1782129044510.301270,0.000000,0.150000,0.000000,0.150000,-0.008400,-0.000800,-0.003200,0.500000,4.780861,6142,120.610000,24.720000,39,28
18.510009,1782129044527.517334,1782129044530.298584,1782129044529.847168,1782129044530.301514,0.000000,-0.030000,-0.030000,0.042426,0.001200,0.002800,-0.000400,1.100000,4.794574,6142,120.610000,24.720000,39,148
18.520008,1782129044535.517334,1782129044540.287842,1782129044539.844971,1782129044540.290771,0.045000,-0.105000,0.000000,0.114237,0.002400,0.003600,-0.004800,1.100000,4.808518,6142,120.530000,24.800000,38,199
18.530009,1782129044547.517334,1782129044550.287598,1782129044549.844727,1782129044550.290283,0.015000,-0.180000,0.030000,0.183098,0.007200,0.005200,-0.006400,1.100000,4.822636,6142,120.530000,24.800000,38,228
18.540008,1782129044559.517334,1782129044560.288086,1782129044559.844727,1782129044560.291016,0.060000,-0.240000,-0.030000,0.249199,0.016400,0.005200,-0.004400,1.100000,4.836864,6142,120.530000,24.800000,38,203
18.550009,1782129044571.517334,1782129044570.285889,1782129044569.845459,1782129044570.289062,-0.030000,-0.255000,0.000000,0.256759,0.020800,0.002800,-0.005200,1.100000,4.851141,6185,120.450000,24.760000,39,0
18.560009,1782129044579.517334,1782129044580.286377,1782129044579.844971,1782129044580.289062,-0.030000,-0.315000,0.090000,0.328976,0.021200,0.000400,-0.001200,1.100000,4.865407,6185,120.450000,24.760000,39,196
18.570010,1782129044591.517334,1782129044590.284424,1782129044589.844727,1782129044590.286865,0.000000,-0.300000,0.060000,0.305941,0.019200,0.000000,-0.003600,1.100000,4.879602,6185,120.450000,24.760000,39,25
18.580009,1782129044604.517334,1782129044600.286621,1782129044599.844971,1782129044600.289307,0.015000,-0.255000,0.090000,0.270832,0.016400,0.000400,-0.004800,1.100000,4.893666,6185,120.450000,24.760000,39,13
18.590008,1782129044615.517334,1782129044610.285645,1782129044599.844971,1782129044600.289307,0.015000,-0.255000,0.090000,0.270832,0.016400,0.000400,-0.004800,1.100000,4.907539,6185,120.450000,24.760000,39,214
18.600008,1782129044615.517334,1782129044610.285645,1782129044619.843994,1782129044620.284424,0.030000,0.285000,0.000000,0.286575,-0.021600,-0.000400,-0.004000,1.100000,4.921169,6185,120.450000,24.760000,39,214
18.610011,1782129044624.517334,1782129044630.285889,1782129044629.844482,1782129044630.292236,0.045000,0.345000,0.000000,0.347922,-0.024000,0.000800,-0.003600,1.100000,4.934504,6185,120.450000,24.760000,39,18
18.620008,1782129044635.517334,1782129044640.285889,1782129044639.844238,1782129044640.288086,0.030000,0.285000,-0.060000,0.292788,-0.022400,0.000000,-0.003200,1.100000,4.947478,6185,120.450000,24.760000,39,150
18.630008,1782129044647.517334,1782129044650.284668,1782129044649.844238,1782129044650.287354,0.045000,0.300000,0.000000,0.303356,-0.020400,0.001600,-0.006800,1.100000,4.960053,6185,120.450000,24.760000,39,23
18.640008,1782129044659.517334,1782129044660.283447,1782129044659.843506,1782129044660.286133,0.045000,0.255000,0.000000,0.258940,-0.021200,0.003600,-0.000400,1.100000,4.972178,6228,120.810000,24.770000,39,52
18.650008,1782129044667.517334,1782129044670.285156,1782129044669.844238,1782129044670.287842,0.015000,0.180000,0.000000,0.180624,-0.017200,0.002400,-0.004800,1.100000,4.983806,6228,120.810000,24.770000,39,228
18.660008,1782129044679.517334,1782129044680.284912,1782129044679.844971,1782129044680.287354,0.000000,0.090000,0.000000,0.090000,-0.012400,0.002000,-0.005600,1.100000,4.994895,6228,120.810000,24.770000,39,39
18.670009,1782129044687.517334,1782129044690.284180,1782129044689.844238,1782129044690.286865,0.045000,-0.030000,0.000000,0.054083,-0.004400,0.002800,-0.001600,1.100000,5.005407,6228,120.810000,24.770000,39,28
18.680009,1782129044699.517334,1782129044700.285400,1782129044689.844238,1782129044690.286865,0.045000,-0.030000,0.000000,0.054083,-0.004400,0.002800,-0.001600,1.100000,5.015303,6300,120.690000,24.770000,39,157
18.690009,1782129044711.517334,1782129044710.286865,1782129044709.843750,1782129044710.289307,0.015000,-0.465000,0.030000,0.466208,0.033600,0.002400,-0.004000,1.100000,5.024551,6300,120.690000,24.770000,39,165
18.700008,1782129044724.517334,1782129044720.287842,1782129044719.843750,1782129044720.285645,0.000000,-0.450000,0.000000,0.450000,0.034000,0.003200,-0.000400,1.100000,5.033123,6300,120.690000,24.770000,39,203
18.710009,1782129044735.517334,1782129044730.288330,1782129044729.843750,1782129044730.286621,-0.015000,-0.390000,-0.030000,0.391440,0.029600,0.003200,-0.003600,0.700000,5.040995,6385,121.090000,24.770000,38,47
18.720009,1782129044735.517334,1782129044730.288330,1782129044739.848145,1782129044740.290527,0.000000,-0.345000,0.030000,0.346302,0.024000,0.001200,-0.004000,0.700000,5.048143,6385,121.090000,24.770000,38,47
18.730009,1782129044744.517334,1782129044750.287598,1782129044749.844482,1782129044750.290771,0.030000,-0.270000,0.000000,0.271662,0.019600,-0.000400,-0.003200,0.700000,5.054552,6385,121.090000,24.770000,38,107
18.740010,1782129044755.517334,1782129044760.287109,1782129044759.845947,1782129044760.290039,0.000000,-0.225000,0.000000,0.225000,0.014800,0.000800,-0.001600,0.700000,5.060207,6385,120.930000,24.730000,39,48
18.750008,1782129044767.517334,1782129044770.345215,1782129044769.843994,1782129044770.347656,-0.030000,-0.165000,0.060000,0.178115,0.010000,-0.001200,-0.003600,0.700000,5.065101,6385,120.930000,24.730000,39,103
18.760008,1782129044779.517334,1782129044780.287842,1782129044779.844238,1782129044780.290771,0.000000,-0.075000,0.030000,0.080777,0.008400,-0.003600,-0.000800,0.700000,5.069228,6414,120.890000,24.750000,38,51
18.770008,1782129044787.517334,1782129044790.283203,1782129044779.844238,1782129044780.290771,0.000000,-0.075000,0.030000,0.080777,0.008400,-0.003600,-0.000800,0.700000,5.072590,6414,120.890000,24.750000,38,52
18.780009,1782129044799.517334,1782129044800.283447,1782129044799.843750,1782129044800.286133,0.045000,0.450000,0.060000,0.456207,-0.030000,-0.002800,0.001600,0.700000,5.075191,6414,120.890000,24.750000,38,19
18.790013,1782129044811.517334,1782129044810.292236,1782129044809.848389,1782129044810.295410,-0.030000,0.465000,0.000000,0.465967,-0.029600,-0.004800,-0.003200,0.700000,5.077040,6414,120.930000,24.780000,39,0
18.800011,1782129044824.517334,1782129044820.318115,1782129044819.949951,1782129044820.324463,0.000000,0.465000,0.030000,0.465967,-0.031600,-0.003600,-0.002000,0.700000,5.078148,6414,120.930000,24.780000,39,245
18.810009,1782129044831.517334,1782129044830.302490,1782129044829.948486,1782129044830.305176,0.015000,0.450000,0.000000,0.450250,-0.032800,-0.002000,-0.002800,0.700000,5.078535,6428,121.010000,24.770000,39,0
18.820009,1782129044844.517334,1782129044840.285400,1782129044839.986572,1782129044840.287842,0.045000,0.405000,0.000000,0.407492,-0.031200,-0.001600,-0.004000,0.700000,5.078223,6428,121.010000,24.770000,39,236
18.830010,1782129044844.517334,1782129044840.285400,1782129044849.947266,1782129044850.287842,0.015000,0.435000,0.030000,0.436291,-0.028400,-0.000800,-0.006800,0.700000,5.077237,6428,121.010000,24.770000,39,236
18.840011,1782129044855.517334,1782129044860.284912,1782129044859.948486,1782129044860.286865,0.045000,0.360000,0.030000,0.364040,-0.024400,-0.000800,-0.015600,0.700000,5.075609,6428,121.010000,24.770000,39,20
18.850009,1782129044867.517334,1782129044870.292725,1782129044869.950195,1782129044870.295898,0.000000,0.300000,-0.030000,0.301496,-0.022000,-0.001200,-0.016800,0.700000,5.073373,6428,121.010000,24.770000,39,68
18.860013,1782129044875.517334,1782129044880.284912,1782129044869.950195,1782129044870.295898,0.000000,0.300000,-0.030000,0.301496,-0.022000,-0.001200,-0.016800,0.700000,5.070565,6842,120.850000,24.690000,39,10
18.870010,1782129044887.517334,1782129044890.294189,1782129044889.948730,1782129044890.297607,0.015000,0.075000,0.000000,0.076485,-0.004400,-0.002000,-0.004400,0.700000,5.067231,6842,120.850000,24.690000,39,158
18.880009,1782129044899.517334,1782129044900.298096,1782129044899.957031,1782129044900.302002,0.030000,0.225000,-0.030000,0.228965,-0.013200,0.000400,-0.001200,0.700000,5.063414,6942,120.930000,24.790000,38,153
18.890010,1782129044907.517334,1782129044910.291992,1782129044909.945557,1782129044910.295166,0.015000,0.285000,0.030000,0.286967,-0.020000,-0.000400,-0.001200,0.700000,5.059162,6942,120.930000,24.790000,38,120
18.900013,1782129044919.517334,1782129044920.294678,1782129044919.947021,1782129044920.298096,0.015000,0.315000,0.030000,0.316781,-0.018400,-0.000400,-0.012000,0.700000,5.054525,6942,120.930000,24.790000,38,166
18.910011,1782129044931.517334,1782129044930.300049,1782129044929.945801,1782129044930.302979,0.000000,0.420000,0.090000,0.429535,-0.032000,0.001600,0.001200,0.700000,5.049563,6942,120.930000,24.790000,38,104
18.920015,1782129044939.517334,1782129044940.294678,1782129044939.945557,1782129044940.298096,-0.045000,0.480000,0.150000,0.504901,-0.036800,-0.002400,0.012000,0.700000,5.044327,6942,120.930000,24.790000,38,133
18.930015,1782129044951.517334,1782129044950.351318,1782129044949.970947,1782129044950.361084,-0.075000,0.180000,0.120000,0.228965,-0.009600,-0.008400,0.001200,0.700000,5.038879,6942,120.930000,24.790000,38,3
18.940016,1782129044951.517334,1782129044950.351318,1782129044959.951172,1782129044960.334717,-0.015000,-0.075000,0.090000,0.118110,0.018000,-0.005200,-0.020800,0.700000,5.033278,6942,120.930000,24.790000,38,3
18.950013,1782129044964.517334,1782129044970.340332,1782129044959.951172,1782129044960.334717,-0.015000,-0.075000,0.090000,0.118110,0.018000,-0.005200,-0.020800,0.700000,5.027589,6942,120.930000,24.790000,38,62
18.960012,1782129044975.517334,1782129044980.311768,1782129044979.963135,1782129044980.318359,-0.030000,0.015000,0.090000,0.096047,0.004800,-0.005200,-0.014400,0.700000,5.021872,6957,120.890000,24.780000,38,171
18.970013,1782129044984.517334,1782129044990.310059,1782129044989.965576,1782129044990.315674,0.015000,-0.060000,0.060000,0.086168,0.008400,0.003600,-0.012400,0.700000,5.016189,6957,120.890000,24.780000,38,247
18.980015,1782129044995.517334,1782129045000.334717,1782129045000.073486,1782129045000.342285,0.075000,-0.090000,0.060000,0.131624,0.007200,0.009200,-0.009200,0.700000,5.010605,6928,121.170000,24.780000,39,77
18.990020,1782129045007.517334,1782129045010.350098,1782129045009.962158,1782129045010.359131,0.075000,-0.105000,-0.030000,0.132476,0.006800,0.011600,0.008800,0.700000,5.005183,6928,121.170000,24.780000,39,14
19.000022,1782129045019.517334,1782129045020.392822,1782129045019.957520,1782129045020.399414,0.075000,-0.255000,0.000000,0.265801,0.014400,0.008000,-0.004800,0.700000,5.000000,6928,121.170000,24.780000,39,86
19.010027,1782129045031.517334,1782129045030.351807,1782129045029.952393,1782129045030.358643,0.015000,-0.315000,-0.030000,0.316781,0.022800,0.002800,0.003200,0.700000,5.000000,6885,117.830000,24.170000,38,0
19.020082,1782129045039.517334,1782129045040.366211,1782129045039.954346,1782129045040.376953,-0.030000,-0.360000,-0.030000,0.362491,0.023600,-0.000800,0.000000,0.700000,5.000000,6885,117.830000,24.170000,38,83
19.030024,1782129045051.517334,1782129045050.414062,1782129045050.074219,1782129045050.421631,0.000000,-0.375000,-0.060000,0.379770,0.022400,-0.001200,-0.002000,0.700000,5.000000,6885,117.830000,24.170000,38,166
19.040022,1782129045064.517334,1782129045060.363281,1782129045050.074219,1782129045050.421631,0.000000,-0.375000,-0.060000,0.379770,0.022400,-0.001200,-0.002000,0.700000,5.000000,6885,117.830000,24.170000,38,250
19.050018,1782129045075.517334,1782129045070.343750,1782129045069.964355,1782129045070.352051,0.030000,-0.390000,-0.060000,0.395727,0.024800,0.001200,-0.010400,0.700000,5.000000,6828,119.040000,24.760000,38,196
19.060011,1782129045075.517334,1782129045070.343750,1782129045080.036377,1782129045080.334473,0.000000,-0.360000,0.000000,0.360000,0.021600,0.002000,-0.000400,0.700000,5.000000,6828,119.040000,24.760000,38,196
19.070014,1782129045084.517334,1782129045090.305664,1782129045089.955322,1782129045090.309814,0.015000,-0.300000,-0.150000,0.335745,0.016400,0.002800,-0.003200,0.700000,5.000000,6828,119.040000,24.760000,38,44
19.080011,1782129045095.517334,1782129045100.322998,1782129045099.961670,1782129045100.328125,0.045000,-0.195000,-0.060000,0.208926,0.007200,0.000800,-0.003200,0.700000,5.000000,6828,119.040000,24.760000,38,239
19.090015,1782129045107.517334,1782129045110.304932,1782129045109.965576,1782129045110.308838,-0.015000,-0.105000,-0.030000,0.110227,0.000400,-0.001600,0.001600,0.700000,5.000000,6828,119.040000,24.760000,38,67
19.100015,1782129045115.517334,1782129045120.398682,1782129045120.187256,1782129045120.410889,0.000000,0.030000,0.000000,0.030000,-0.007600,-0.002400,-0.003600,0.700000,5.000000,6857,120.730000,24.770000,39,49
19.110016,1782129045127.517334,1782129045130.345947,1782129045129.987305,1782129045130.355957,-0.030000,0.150000,0.000000,0.152971,-0.012400,-0.003600,-0.001600,0.700000,5.000000,6857,120.730000,24.770000,39,144
19.120018,1782129045139.517334,1782129045140.336670,1782129045139.986084,1782129045140.345947,-0.045000,0.240000,0.030000,0.246018,-0.016800,-0.005200,-0.004000,0.700000,5.000000,6857,120.850000,24.760000,39,120
19.130015,1782129045151.517334,1782129045150.362549,1782129045139.986084,1782129045140.345947,-0.045000,0.240000,0.030000,0.246018,-0.016800,-0.005200,-0.004000,0.700000,5.000000,6857,120.850000,24.760000,39,207
19.140016,1782129045159.517334,1782129045160.377197,1782129045159.952148,1782129045160.385986,0.015000,0.165000,-0.030000,0.168375,-0.012400,-0.004000,-0.000800,0.700000,5.000000,6857,120.850000,24.760000,39,248
19.150015,1782129045171.517334,1782129045170.340088,1782129045169.953857,1782129045170.350586,-0.045000,0.240000,-0.030000,0.246018,-0.016400,-0.004800,-0.002400,0.700000,5.000000,6871,120.890000,24.790000,38,0
19.160018,1782129045184.517334,1782129045180.333008,1782129045179.963379,1782129045180.343262,0.015000,0.300000,0.000000,0.300375,-0.022000,-0.003600,-0.002800,0.700000,5.000000,6871,120.890000,24.790000,38,149
19.170015,1782129045195.517334,1782129045190.341309,1782129045189.961182,1782129045190.350830,0.015000,0.390000,0.060000,0.394873,-0.024800,-0.002000,-0.002800,0.700000,5.000000,6857,120.890000,24.800000,39,192
19.180018,1782129045195.517334,1782129045190.341309,1782129045199.951416,1782129045200.341309,0.015000,0.360000,0.090000,0.371383,-0.024800,-0.002000,-0.002000,0.700000,5.000000,6857,120.890000,24.800000,39,192
19.190017,1782129045204.517334,1782129045210.336914,1782129045209.948242,1782129045210.345703,-0.015000,0.330000,0.060000,0.335745,-0.022400,-0.001600,-0.003600,0.700000,5.000000,6857,120.890000,24.800000,39,83
19.200012,1782129045215.517334,1782129045220.328857,1782129045219.969971,1782129045220.337158,0.000000,0.300000,0.030000,0.301496,-0.017600,0.000000,-0.002400,0.700000,5.000000,6857,120.890000,24.800000,39,235
19.210016,1782129045227.517334,1782129045230.331543,1782129045229.957764,1782129045230.338135,0.045000,0.225000,0.030000,0.231409,-0.012000,0.002000,-0.001600,0.800000,5.000000,6857,120.890000,24.800000,39,37
19.220018,1782129045239.517334,1782129045240.339844,1782129045229.957764,1782129045230.338135,0.045000,0.225000,0.030000,0.231409,-0.012000,0.002000,-0.001600,0.800000,5.000000,6871,120.890000,24.720000,38,55
19.230013,1782129045247.517334,1782129045250.343506,1782129045249.964355,1782129045250.352051,0.030000,0.285000,0.030000,0.288141,-0.018000,0.000400,-0.003600,0.800000,5.000000,6871,120.890000,24.720000,38,148
19.240020,1782129045259.517334,1782129045260.322754,1782129045259.968018,1782129045260.331299,0.030000,0.195000,0.030000,0.199562,-0.012400,0.001200,-0.003200,0.800000,5.000000,6871,120.890000,24.720000,38,82
19.250018,1782129045271.517334,1782129045270.331543,1782129045269.953613,1782129045270.339600,0.030000,0.075000,0.090000,0.120934,-0.006400,0.002000,-0.002400,0.800000,5.000000,6857,120.970000,24.800000,39,0
19.260015,1782129045284.517334,1782129045280.333008,1782129045279.954102,1782129045280.340820,0.015000,0.015000,0.060000,0.063640,0.002000,0.003200,-0.002000,0.800000,5.000000,6857,120.970000,24.800000,39,90
19.270015,1782129045291.517334,1782129045290.338379,1782129045289.989258,1782129045290.348145,0.045000,-0.105000,0.090000,0.145430,0.008800,0.004800,-0.002000,0.800000,5.000000,6857,120.850000,24.760000,39,0
19.280014,1782129045304.517334,1782129045300.338379,1782129045299.999512,1782129045300.346436,0.015000,-0.210000,0.030000,0.212662,0.014400,0.004400,-0.003200,0.800000,5.000000,6857,120.850000,24.760000,39,241
19.290015,1782129045315.517334,1782129045310.326172,1782129045309.963623,1782129045310.336182,0.015000,-0.330000,0.030000,0.331700,0.020000,0.004400,-0.002000,0.800000,5.000000,6857,120.850000,24.760000,39,102
19.300016,1782129045315.517334,1782129045310.326172,1782129045319.969971,1782129045320.316162,0.030000,-0.390000,0.030000,0.392301,0.022800,0.005200,-0.002800,0.800000,5.000000,6857,120.850000,24.760000,39,102
19.310014,1782129045327.517334,1782129045330.333984,1782129045319.969971,1782129045320.316162,0.030000,-0.390000,0.030000,0.392301,0.022800,0.005200,-0.002800,0.800000,5.000000,6857,120.850000,24.760000,39,5
19.320019,1782129045335.517334,1782129045340.325928,1782129045339.954346,1782129045340.333984,0.000000,-0.345000,-0.030000,0.346302,0.020000,0.004400,-0.003600,0.800000,5.000000,6857,120.850000,24.760000,39,153
19.330023,1782129045347.517334,1782129045350.347168,1782129045350.120850,1782129045350.357422,0.045000,-0.390000,0.000000,0.392588,0.023200,0.005200,-0.006800,0.800000,5.000000,6857,120.850000,24.760000,39,154
19.340017,1782129045359.517334,1782129045360.351074,1782129045359.947510,1782129045360.361084,0.000000,-0.420000,-0.030000,0.421070,0.024400,0.004400,-0.000400,0.800000,5.000000,6857,120.850000,24.760000,39,130
19.350020,1782129045367.517334,1782129045370.334717,1782129045370.067871,1782129045370.342041,0.030000,-0.420000,-0.030000,0.422137,0.023600,0.002400,0.000800,0.800000,5.000000,6857,120.850000,24.760000,39,62
19.360016,1782129045379.517334,1782129045380.345215,1782129045379.986328,1782129045380.354980,0.015000,-0.360000,-0.060000,0.365274,0.019600,0.002000,-0.004400,0.800000,5.000000,6857,120.810000,24.790000,39,232
19.370020,1782129045391.517334,1782129045390.336182,1782129045389.972412,1782129045390.344482,0.000000,-0.285000,-0.120000,0.309233,0.014400,0.001200,-0.004000,0.800000,5.000000,6857,120.690000,24.770000,38,0
19.380015,1782129045399.517334,1782129045400.345703,1782129045399.954102,1782129045400.354248,0.000000,-0.165000,-0.060000,0.175570,0.008400,-0.001600,0.000000,0.800000,5.000000,6857,120.690000,24.770000,38,221
19.390013,1782129045411.517334,1782129045410.320557,1782129045409.970459,1782129045410.326904,-0.060000,-0.090000,-0.090000,0.140712,0.001200,-0.002800,-0.003200,0.800000,5.000000,6857,120.650000,24.750000,38,0
19.400015,1782129045424.517334,1782129045420.307129,1782129045409.970459,1782129045410.326904,-0.060000,-0.090000,-0.090000,0.140712,0.001200,-0.002800,-0.003200,0.800000,5.000000,6857,120.650000,24.750000,38,44
19.410015,1782129045424.517334,1782129045420.307129,1782129045429.947021,1782129045430.335449,0.000000,-0.195000,-0.090000,0.214767,0.009200,-0.001600,-0.004000,0.700000,5.000000,6857,120.650000,24.750000,38,44
19.420108,1782129045435.517334,1782129045440.314697,1782129045439.944580,1782129045440.320801,0.030000,-0.105000,-0.030000,0.113248,0.001600,-0.002800,-0.001600,0.700000,5.000000,6857,120.650000,24.750000,38,18
19.430080,1782129045447.517334,1782129045450.452637,1782129045449.958496,1782129045450.460938,0.000000,0.045000,0.000000,0.045000,-0.004400,-0.002800,-0.002400,0.700000,5.000000,6857,120.650000,24.750000,38,189
19.440020,1782129045455.517334,1782129045460.395020,1782129045459.945801,1782129045460.404297,-0.030000,0.135000,-0.030000,0.141510,-0.010800,-0.002800,-0.003600,0.700000,5.000000,6857,120.650000,24.750000,38,246
19.450020,1782129045467.517334,1782129045470.346191,1782129045470.056152,1782129045470.357178,-0.030000,0.300000,0.000000,0.301496,-0.018000,-0.003600,-0.002000,0.700000,5.000000,6857,120.650000,24.750000,38,127
19.460018,1782129045479.517334,1782129045480.335205,1782129045480.000488,1782129045480.343262,-0.030000,0.300000,-0.030000,0.302985,-0.021600,-0.002400,-0.002400,0.700000,5.000000,6857,120.650000,24.750000,38,159
19.470017,1782129045487.517334,1782129045490.360352,1782129045490.006592,1782129045490.368652,0.015000,0.375000,0.030000,0.376497,-0.025200,-0.001600,-0.002800,0.700000,5.000000,6857,120.650000,24.750000,38,155
19.480188,1782129045499.517334,1782129045500.324219,1782129045499.950195,1782129045500.331543,-0.015000,0.390000,0.030000,0.391440,-0.024000,-0.002400,-0.002000,0.700000,5.000000,6857,121.050000,24.760000,39,78
19.490021,1782129045511.517334,1782129045510.518555,1782129045499.950195,1782129045500.331543,-0.015000,0.390000,0.030000,0.391440,-0.024000,-0.002400,-0.002000,0.700000,5.000000,6857,121.050000,24.790000,39,0
19.500017,1782129045524.517334,1782129045520.351807,1782129045519.997803,1782129045520.360107,-0.030000,0.345000,0.030000,0.347599,-0.024000,-0.002400,-0.002400,0.700000,5.000000,6857,121.050000,24.790000,39,162
19.510014,1782129045531.517334,1782129045530.347656,1782129045529.943115,1782129045530.355957,0.000000,0.360000,0.060000,0.364966,-0.024400,-0.002800,-0.002000,0.700000,5.000000,6857,121.090000,24.780000,39,0
19.520017,1782129045544.517334,1782129045540.328125,1782129045539.946777,1782129045540.335693,0.000000,0.345000,0.090000,0.356546,-0.020800,-0.001200,-0.002000,0.700000,5.000000,6857,121.090000,24.780000,39,199
19.530015,1782129045544.517334,1782129045540.328125,1782129045549.956787,1782129045550.420410,0.030000,0.300000,0.090000,0.314643,-0.018000,0.000400,-0.001600,0.700000,5.000000,6857,121.090000,24.780000,39,199
19.540017,1782129045555.517334,1782129045560.314697,1782129045559.945557,1782129045560.320801,0.030000,0.210000,0.060000,0.220454,-0.012400,0.000800,-0.002000,0.700000,5.000000,6857,121.090000,24.780000,39,54
19.550014,1782129045567.517334,1782129045570.345459,1782129045569.954102,1782129045570.353516,0.000000,0.090000,0.090000,0.127279,-0.005600,0.002000,-0.002800,0.700000,5.000000,6857,121.090000,24.780000,39,177
19.560015,1782129045575.517334,1782129045580.330078,1782129045579.942871,1782129045580.338379,0.030000,0.015000,0.090000,0.096047,0.000800,0.002800,-0.002800,0.700000,5.000000,6857,120.850000,24.710000,38,192
19.570018,1782129045587.517334,1782129045590.310547,1782129045589.946045,1782129045590.315674,0.015000,-0.150000,0.030000,0.153704,0.008800,0.004000,-0.003600,0.700000,5.000000,6857,120.850000,24.710000,38,81
19.580015,1782129045599.517334,1782129045600.333740,1782129045589.946045,1782129045590.315674,0.015000,-0.150000,0.030000,0.153704,0.008800,0.004000,-0.003600,0.700000,5.000000,6857,120.850000,24.710000,38,103
19.590021,1782129045607.517334,1782129045610.326660,1782129045609.945557,1782129045610.334717,0.060000,0.015000,0.000000,0.061847,0.001200,0.003600,-0.003200,0.700000,5.000000,6857,120.850000,24.710000,38,225
19.600107,1782129045619.517334,1782129045620.346680,1782129045619.942871,1782129045620.356201,0.045000,-0.120000,0.060000,0.141510,0.009200,0.004400,-0.003200,0.700000,5.000000,6857,120.730000,24.800000,39,116
19.610101,1782129045631.517334,1782129045630.450928,1782129045629.984375,1782129045630.458252,0.030000,-0.240000,0.060000,0.249199,0.015200,0.003600,-0.002000,0.800000,5.000000,6857,120.490000,24.780000,39,0
19.620027,1782129045639.517334,1782129045640.431641,1782129045639.949951,1782129045640.440918,0.030000,-0.285000,0.000000,0.286575,0.019600,0.004800,-0.001600,0.800000,5.000000,6857,120.490000,24.780000,39,182
19.630012,1782129045655.517334,1782129045650.357178,1782129045650.091797,1782129045650.364990,0.045000,-0.345000,-0.060000,0.353058,0.024400,0.004800,-0.002000,0.800000,5.000000,6857,120.490000,24.780000,39,200
19.640018,1782129045655.517334,1782129045650.357178,1782129045659.992920,1782129045660.321777,0.045000,-0.360000,-0.030000,0.364040,0.024400,0.004000,-0.002800,0.800000,5.000000,6857,120.490000,24.780000,39,200
19.650018,1782129045664.517334,1782129045670.351807,1782129045669.975098,1782129045670.360840,0.015000,-0.405000,-0.030000,0.406387,0.023200,0.002400,-0.002800,0.800000,5.000000,6857,120.490000,24.780000,39,3
19.660019,1782129045675.517334,1782129045680.353271,1782129045680.004639,1782129045680.365967,0.015000,-0.375000,-0.060000,0.380066,0.020800,0.002400,-0.001600,0.800000,5.000000,6857,120.200000,24.720000,39,67
19.670019,1782129045687.517334,1782129045690.355225,1782129045680.004639,1782129045680.365967,0.015000,-0.375000,-0.060000,0.380066,0.020800,0.002400,-0.001600,0.800000,5.000000,6857,120.200000,24.720000,39,1
19.680017,1782129045695.517334,1782129045700.333984,1782129045699.950439,1782129045700.343262,-0.030000,-0.420000,-0.030000,0.422137,0.023200,0.002400,-0.002000,0.800000,5.000000,6857,120.240000,24.790000,39,237
19.690018,1782129045707.517334,1782129045710.336914,1782129045709.952393,1782129045710.346924,0.015000,-0.375000,-0.030000,0.376497,0.020800,0.002400,-0.002400,0.800000,5.000000,6857,120.240000,24.790000,39,142
19.700014,1782129045719.517334,1782129045720.343750,1782129045719.959961,1782129045720.352539,0.015000,-0.300000,-0.030000,0.301869,0.015200,0.001600,-0.002800,0.800000,5.000000,6857,120.650000,24.770000,38,105
19.710021,1782129045731.517334,1782129045730.320557,1782129045729.947998,1782129045730.325928,0.030000,-0.180000,-0.030000,0.184932,0.009200,-0.000800,-0.002000,0.800000,5.000000,6857,120.930000,24.740000,38,0
19.720015,1782129045739.517334,1782129045740.340820,1782129045739.955078,1782129045740.351562,-0.015000,-0.090000,-0.030000,0.096047,0.002400,-0.002000,-0.002000,0.800000,5.000000,6857,120.930000,24.740000,38,175
19.730017,1782129045751.517334,1782129045750.346924,1782129045749.957764,1782129045750.355713,0.015000,0.075000,0.000000,0.076485,-0.006000,-0.002000,-0.003200,0.800000,5.000000,6857,120.930000,24.740000,38,134
19.740026,1782129045764.517334,1782129045760.349121,1782129045759.959961,1782129045760.357666,0.000000,0.135000,0.000000,0.135000,-0.011600,-0.002800,-0.002400,0.800000,5.000000,6857,120.930000,24.740000,38,86
19.750127,1782129045775.517334,1782129045770.353027,1782129045769.958740,1782129045770.364502,0.015000,0.225000,0.000000,0.225499,-0.018000,-0.003600,-0.002800,0.800000,5.000000,6857,120.850000,24.750000,39,209
19.760015,1782129045775.517334,1782129045770.353027,1782129045769.958740,1782129045770.364502,0.015000,0.225000,0.000000,0.225499,-0.018000,-0.003600,-0.002800,0.800000,5.000000,6857,120.850000,24.750000,39,209
19.770021,1782129045784.517334,1782129045790.334717,1782129045790.015381,1782129045790.342529,-0.045000,0.150000,0.030000,0.159452,-0.012000,-0.003600,-0.002800,0.800000,5.000000,6857,120.850000,24.750000,39,22
19.780018,1782129045795.517334,1782129045800.384521,1782129045799.981934,1782129045800.402832,0.015000,0.255000,-0.030000,0.257196,-0.017600,-0.003600,-0.002800,0.800000,5.000000,6857,120.690000,24.750000,38,169
19.790022,1782129045807.517334,1782129045810.330811,1782129045809.948486,1782129045810.338379,0.015000,0.330000,-0.030000,0.331700,-0.022400,-0.003600,-0.002800,0.800000,5.000000,6857,120.690000,24.750000,38,199
19.800020,1782129045815.517334,1782129045820.354736,1782129045820.038086,1782129045820.364258,-0.015000,0.360000,0.030000,0.361559,-0.023600,-0.002400,-0.002000,0.800000,5.000000,6857,120.810000,24.770000,39,100
19.810018,1782129045827.517334,1782129045830.343750,1782129045829.948486,1782129045830.350830,0.045000,0.360000,0.060000,0.367730,-0.024400,-0.002800,-0.001600,0.800000,5.000000,6857,120.810000,24.770000,39,149
19.820018,1782129045839.517334,1782129045840.333252,1782129045839.949951,1782129045840.343994,-0.015000,0.390000,0.060000,0.394873,-0.022400,-0.002000,-0.001200,0.800000,5.000000,6857,120.810000,24.770000,39,15
19.830019,1782129045851.517334,1782129045850.327148,1782129045849.950439,1782129045850.336914,0.030000,0.270000,0.090000,0.286182,-0.018000,0.000000,-0.003600,0.800000,5.000000,6857,120.810000,24.770000,39,150
19.840021,1782129045859.517334,1782129045860.328857,1782129045859.949951,1782129045860.336914,0.000000,0.195000,0.090000,0.214767,-0.012800,0.000800,-0.002400,0.800000,5.000000,6857,120.810000,24.770000,39,74
19.850019,1782129045871.517334,1782129045870.339111,1782129045859.949951,1782129045860.336914,0.000000,0.195000,0.090000,0.214767,-0.012800,0.000800,-0.002400,0.800000,5.000000,6957,119.560000,24.260000,39,0
19.860025,1782129045884.517334,1782129045880.379639,1782129045879.872070,1782129045880.369629,0.000000,0.270000,0.090000,0.284605,-0.022000,0.000800,-0.002800,0.800000,5.000000,6957,119.560000,24.260000,39,234
19.871904,1782129045895.517334,1782129045890.382568,1782129045889.856445,1782129045890.369873,0.015000,0.105000,0.090000,0.139104,-0.007200,0.000000,-0.002800,0.800000,5.000000,7000,118.470000,24.540000,38,29
19.880022,1782129045895.517334,1782129045890.382568,1782129045889.856445,1782129045890.369873,0.015000,0.105000,0.090000,0.139104,-0.007200,0.000000,-0.002800,0.800000,5.000000,7000,118.470000,24.540000,38,29
19.890021,1782129045904.517334,1782129045910.386963,1782129045909.936768,1782129045910.371338,0.045000,-0.225000,0.060000,0.237171,0.016400,0.006800,-0.004400,0.800000,5.000000,7000,118.470000,24.540000,38,146
19.900022,1782129045915.517334,1782129045920.372314,1782129045919.982178,1782129045920.382324,0.060000,-0.255000,0.000000,0.261964,0.017200,0.008400,-0.003600,0.800000,5.000000,7057,118.030000,24.580000,39,87
19.910018,1782129045927.517334,1782129045930.362305,1782129045930.142578,1782129045930.369629,0.090000,-0.285000,0.000000,0.298873,0.014000,0.006400,-0.003200,0.800000,5.000000,7057,118.030000,24.580000,39,241
19.920016,1782129045939.517334,1782129045940.417480,1782129045939.985352,1782129045940.428711,0.045000,-0.225000,-0.060000,0.237171,0.012000,0.004400,-0.000800,0.800000,5.000000,7071,120.320000,24.760000,39,132
19.930101,1782129045947.517334,1782129045950.351807,1782129045949.961426,1782129045950.360596,0.015000,-0.165000,-0.030000,0.168375,0.007600,-0.000800,-0.001200,0.800000,5.000000,7071,120.320000,24.760000,39,71
19.940020,1782129045959.517334,1782129045960.455811,1782129045949.961426,1782129045950.360596,0.015000,-0.165000,-0.030000,0.168375,0.007600,-0.000800,-0.001200,0.800000,5.000000,7071,120.320000,24.760000,39,69
19.950017,1782129045971.517334,1782129045970.357178,1782129045969.958740,1782129045970.368408,0.030000,-0.060000,-0.030000,0.073485,0.002400,-0.000400,-0.002000,0.800000,5.000000,7071,120.320000,24.760000,39,110
19.960022,1782129045984.517334,1782129045980.324951,1782129045979.979248,1782129045980.331543,0.015000,0.000000,-0.060000,0.061847,-0.003200,-0.002800,-0.002800,0.800000,5.000000,7071,120.320000,24.760000,39,51
19.970019,1782129045995.517334,1782129045990.357178,1782129045989.999268,1782129045990.366699,-0.060000,0.165000,-0.060000,0.185540,-0.010000,-0.004800,-0.004800,0.800000,5.000000,7057,121.090000,24.760000,38,74
19.980016,1782129046004.517334,1782129046000.352539,1782129045999.967773,1782129046000.361328,0.015000,0.255000,0.000000,0.255441,-0.014800,-0.004000,-0.003200,0.800000,5.000000,7057,121.090000,24.760000,38,19
19.990018,1782129046015.517334,1782129046010.361572,1782129046009.957275,1782129046010.351074,0.015000,0.255000,0.030000,0.257196,-0.015600,-0.001200,-0.002800,0.800000,5.000000,7057,121.090000,24.760000,38,238
20.000019,1782129046015.517334,1782129046010.361572,1782129046019.957764,1782129046020.407471,0.030000,0.180000,0.030000,0.184932,-0.010800,0.000400,-0.002000,0.800000,5.000000,7057,121.090000,24.760000,38,238
